open_time,open,high,low,close,volume,close_time,quote_asset_volume,number_of_trades,taker_buy_base_asset_volume,taker_buy_quote_asset_volume,ignore
1775828700000,601.57,602.6,601.38,602.6,1340916.17,1775829599999,807404011.93790,3748,874673.47,526667992.28310,0
1775829600000,602.36,604.27,602.36,604.27,1852958.23,1775830499999,1117623009.80770,4901,1572634.78,948647878.73160,0
1775830500000,604.27,606.45,604.13,606.43,1918105.35,1775831399999,1161066564.09580,3066,1916120.45,1159866982.02960,0
1775831400000,606.43,607.56,605.86,605.93,2371761.51,1775832299999,1439392571.15200,4514,1701497.12,1032567795.16990,0
1775832300000,606.23,607.35,605.86,607.35,2075694.9,1775833199999,1259356174.22830,5197,1415827.80,859083700.55970,0
1775833200000,607.35,608.64,607.3,607.77,1853322.52,1775834099999,1126939550.99590,4686,998949.98,607341619.07830,0
1775834100000,607.77,608.75,605.94,605.94,2456627.19,1775834999999,1492844855.42390,4921,814954.18,495498964.21480,0
1775835000000,605.95,606.38,603.68,604.31,2074397.33,1775835899999,1255349682.88490,4050,322144.73,195082926.85080,0
1775835900000,604.31,605.11,603.48,603.58,1059044.02,1775836799999,639752110.19990,2798,409875.36,247696458.19520,0
1775836800000,603.58,605.19,603.48,605.05,1084172.81,1775837699999,655270180.88280,3258,1083942.56,655131037.70890,0
1775837700000,605.05,605.59,604.74,605.59,1329464.73,1775838599999,804561077.07600,4505,664519.69,402218534.09810,0
1775838600000,605.59,606.05,605.33,605.33,1197222.94,1775839499999,725157905.95300,4391,683989.11,414359014.78810,0
1775839500000,605.33,606.46,605.2,606.35,1237994.99,1775840399999,750074124.33960,4335,983858.11,596237801.94830,0
1775840400000,606.35,606.47,605.86,605.95,141418.82,1775841299999,85712543.44660,2531,16674.44,10112377.02240,0
1775841300000,605.95,606.61,605.81,606.39,175157.78,1775842199999,106190801.20080,2044,105097.06,63741785.97590,0
1775842200000,606.39,606.64,605.81,606.36,798988.01,1775843099999,484370911.46900,2726,407194.34,246873203.03130,0
1775843100000,606.36,607.76,606.35,607.69,1630730.01,1775843999999,989755471.72470,4582,1630482.70,989605247.49870,0
1775844000000,607.69,607.86,607.17,607.86,848183.79,1775844899999,515239380.96850,3765,267415.97,162490531.86040,0
1775844900000,607.86,608.47,607.34,608.47,811073.25,1775845799999,493209651.37990,3175,639550.86,388978141.93320,0
1775845800000,608.47,608.72,608.34,608.34,139031.25,1775846699999,84590010.34380,2581,36912.73,22459967.50670,0
1775846700000,608.34,609.7,608.29,609.54,1466604.76,1775847599999,893200554.92090,5129,1411983.47,859973698.91940,0
1775847600000,609.54,610.41,609.48,609.96,1163338.95,1775848499999,709616352.14520,4419,796657.17,485928127.93400,0
1775848500000,609.96,609.97,609.06,609.17,1262472.72,1775849399999,769565574.50820,4233,274339.68,167243087.22100,0
1775849400000,609.16,609.19,608.91,608.91,152154.23,1775850299999,92661780.13000,2478,93.42,56898.69790,0
1775850300000,608.91,609.79,608.91,609.65,316647.46,1775851199999,192987158.80160,2554,316331.32,192794622.48850,0
1775851200000,609.79,610.3,609.52,609.92,1357157.4,1775852099999,827869874.05380,4161,559520.73,341326992.60300,0
1775852100000,609.92,610.21,609.53,610.2,874952.91,1775852999999,533721009.90780,3932,285088.72,173922288.02390,0
1775853000000,610.2,610.6,608.48,608.83,1742393.28,1775853899999,1061897954.08110,4116,162683.22,99294764.41900,0
1775853900000,608.83,610.5,608.48,610.47,1316505.5,1775854799999,802375967.43080,4363,1316126.77,802145075.89820,0
1775854800000,610.47,610.55,608.89,608.89,1275705.3,1775855699999,777646834.80310,4722,133208.38,81194367.18920,0
1775855700000,608.89,608.91,608.89,608.89,1919.75,1775856599999,1168917.28550,2464,42.37,25799.37420,0
1775856600000,608.89,608.91,606.99,607.06,1187065.25,1775857499999,722217355.55940,3432,273421.06,166417102.17160,0
1775857500000,607.06,608.04,606.93,608.03,480995.48,1775858399999,292316029.55540,2444,480890.43,292252244.55430,0
1775858400000,608.03,608.28,607.56,607.86,432187.12,1775859299999,262742389.26670,2160,140854.98,85664647.65350,0
1775859300000,607.86,607.89,607.02,607.34,465469.89,1775860199999,282727234.86740,2488,114.92,69805.48300,0
1775860200000,607.35,607.46,606.5,606.94,610192.35,1775861099999,370285313.56330,2944,101531.41,61619759.71670,0
1775861100000,606.94,607.09,606.82,607.06,145018.86,1775861999999,88008489.92660,2579,14887.17,9035889.44010,0
1775862000000,607.07,607.07,606.11,606.28,630139.67,1775862899999,382206930.14870,3547,163.85,99381.65020,0
1775862900000,606.28,606.76,606.01,606.54,445975.01,1775863799999,270433654.77940,2775,367701.47,222994318.86380,0
1775863800000,606.53,606.76,606.13,606.41,526631.91,1775864699999,319310323.34760,2857,359153.11,217762467.74630,0
1775864700000,606.41,606.44,605.82,605.88,291436.91,1775865599999,176626831.72380,3269,99.57,60350.57760,0
1775865600000,605.88,605.92,605.74,605.85,111578.66,1775866499999,67593122.54590,2553,14229.82,8622075.17280,0
1775866500000,605.85,605.92,605.74,605.74,313.64,1775867399999,190006.55910,2186,89.57,54272.22170,0
1775867400000,605.74,605.92,605.22,605.28,711258.52,1775868299999,430701790.14350,2950,172261.81,104324398.31370,0
1775868300000,605.28,605.28,604.96,605.02,284364.01,1775869199999,172062272.92910,2032,91.70,55488.42230,0
1775869200000,605.02,605.32,604.68,605.11,436056.88,1775870099999,263882671.74730,2025,322452.97,195160143.84100,0
1775870100000,605.12,605.32,603.89,604.1,1256694.12,1775870999999,759627081.41740,3251,262.69,158727.81550,0
1775871000000,604.1,604.74,603.89,604.55,550486.77,1775871899999,332727142.17570,3159,472659.48,285693453.26270,0
1775871900000,604.55,605.69,604.27,605.46,829860.2,1775872799999,502236816.37600,4146,774209.59,468540473.72180,0
1775872800000,605.46,605.69,604.91,605.29,825872.12,1775873699999,499906435.55070,3553,383469.64,232114087.28080,0
1775873700000,605.29,606.43,605.25,606.28,890164.32,1775874599999,539373287.80490,4122,889970.03,539255611.84990,0
1775874600000,606.32,606.78,606.28,606.37,292846.94,1775875499999,177637762.13200,2736,292615.88,177497614.56640,0
1775875500000,606.37,606.78,605.91,606.12,613500.43,1775876399999,371885757.32560,2782,607.02,367955.55290,0
1775876400000,606.12,606.9,606.12,606.84,711956.73,1775877299999,431836481.91100,4189,643220.77,390166190.36030,0
1775877300000,606.83,607.6,606.75,607.5,739183.17,1775878199999,448862768.05840,3139,463470.20,281419709.53310,0
1775878200000,607.55,607.99,607.19,607.91,890328.47,1775879099999,540983723.41230,4157,538326.19,327133870.11000,0
1775879100000,607.91,607.99,606.5,606.93,1299939.04,1775879999999,789120866.79380,3381,80062.19,48621872.25310,0
1775880000000,606.93,607.94,606.5,607.0,1258882.21,1775880899999,764629780.76010,4311,717558.54,435915532.55390,0
1775880900000,607.0,607.0,606.0,606.01,903722.91,1775881799999,548031369.14110,3501,14603.30,8850056.12460,0
1775881800000,606.01,606.54,606.01,606.52,597845.65,1775882699999,362482197.51050,3250,597432.82,362231974.36240,0
1775882700000,606.52,606.54,606.52,606.52,451.9,1775883599999,274091.37080,1954,249.14,151113.37560,0
1775883600000,606.52,606.54,605.53,605.53,732753.67,1775884499999,444066688.74380,2948,658.48,399067.52440,0
1775884500000,605.53,606.54,605.23,606.54,691571.27,1775885399999,418941639.59430,3180,468410.70,283832632.97640,0
1775885400000,606.54,607.23,606.53,607.11,1077073.9,1775886299999,653748870.26120,3760,915304.18,555552356.82920,0
1775886300000,607.11,607.14,605.91,605.96,923671.78,1775887199999,560185914.11350,3921,341929.29,207388481.43640,0
1775887200000,605.97,605.97,605.01,605.12,678395.69,1775888099999,410748155.40890,3915,8410.42,5090360.27840,0
1775888100000,605.12,605.46,604.81,605.3,623947.07,1775888999999,377578748.04100,3913,298465.85,180651317.69660,0
1775889000000,605.3,605.65,605.01,605.65,348840.98,1775889899999,211211649.59060,2680,335108.52,202895858.99560,0
1775889900000,605.65,606.62,605.55,606.16,796309.41,1775890799999,482634120.77350,3437,630678.35,382244350.32510,0
1775890800000,606.17,606.62,605.78,606.36,610283.86,1775891699999,369828641.08920,4053,208806.54,126537089.71040,0
1775891700000,606.35,606.63,606.35,606.53,7694.71,1775892599999,4667761.14840,2304,7565.92,4589647.57360,0
1775892600000,606.53,606.63,606.49,606.63,532.52,1775893499999,323005.49860,2362,227.08,137753.50090,0
1775893500000,606.63,606.63,605.96,606.37,535116.54,1775894399999,324402064.68540,2834,92175.79,55866353.52810,0
1775894400000,606.39,606.63,606.12,606.31,696.75,1775895299999,422548.99700,1990,358.23,217312.86510,0
1775895300000,606.31,606.63,605.48,606.63,1460988.36,1775896199999,885330254.15790,3436,595396.81,360771830.43020,0
1775896200000,606.63,607.49,605.72,606.1,1968217.71,1775897099999,1194060138.01090,4403,1354280.76,821647849.53470,0
1775897100000,606.1,606.28,605.96,606.25,168708.24,1775897999999,102276069.57720,2338,124747.07,75624380.51090,0
1775898000000,606.25,606.26,606.02,606.13,1056954.13,1775898899999,640672432.86980,3798,393219.38,238357562.01200,0
1775898900000,606.12,607.51,606.12,607.2,1151992.92,1775899799999,698976482.03110,3623,1150173.47,697872320.16790,0
1775899800000,607.2,607.51,606.5,606.94,1094187.5,1775900699999,664052830.81330,3250,340137.39,206426817.93130,0
1775900700000,606.94,607.31,606.56,606.96,643748.89,1775901599999,390614679.99500,3174,397212.61,241009513.24360,0
1775901600000,606.96,607.1,606.15,606.23,470902.16,1775902499999,285619265.74310,2861,157.61,95635.64530,0
1775902500000,606.23,606.66,605.91,606.64,723845.59,1775903399999,438799551.14000,4582,446497.85,270715638.25140,0
1775903400000,606.64,606.66,606.09,606.09,426078.13,1775904299999,258301372.86530,2545,46.77,28351.01300,0
1775904300000,606.09,606.23,605.84,605.85,709788.59,1775905199999,430232103.35410,3469,504717.91,305934962.69450,0
1775905200000,605.84,606.19,605.57,605.84,717546.22,1775906099999,434794353.63990,3613,378434.42,229317454.53050,0
1775906100000,605.84,605.93,605.12,605.12,275579.32,1775906999999,166859096.03490,2682,156.23,94657.95450,0
1775907000000,605.12,605.31,604.79,605.01,456852.82,1775907899999,276349618.03270,3500,63758.33,38569953.45810,0
1775907900000,605.01,605.72,604.87,605.72,332210.76,1775908799999,201131069.33840,3103,332020.24,201015711.82570,0
1775908800000,605.56,605.85,605.47,605.85,980.41,1775909699999,593788.92110,2058,595.33,360602.22400,0
1775909700000,605.85,606.24,605.57,605.94,1576391.74,1775910599999,955341417.36150,4427,788861.07,478110954.92960,0
1775910600000,605.94,606.64,605.61,606.64,933425.51,1775911499999,565911386.19120,4261,673240.77,408180596.63590,0
1775911500000,606.64,607.25,606.29,606.83,994493.66,1775912399999,603529556.98350,4369,635400.92,385586764.62670,0
1775912400000,606.83,606.84,604.27,604.82,2114908.76,1775913299999,1280430652.88100,4850,573459.16,346688715.61280,0
1775913300000,604.81,606.22,604.36,604.37,958181.52,1775914199999,579581095.85680,3481,399819.76,241839558.22530,0
1775914200000,604.37,605.24,604.27,605.1,687732.23,1775915099999,416043252.40180,3436,687181.42,415710271.84360,0
1775915100000,605.1,605.31,605.01,605.25,226065.8,1775915999999,136829068.36750,2538,225865.51,136707849.44650,0
1775916000000,605.25,605.87,604.98,605.49,894666.73,1775916899999,541747579.90580,3167,728743.91,441260384.06020,0
1775916900000,605.49,605.75,605.42,605.67,650194.61,1775917799999,393765881.14430,3624,526307.31,318740353.10010,0
1775917800000,605.67,605.78,604.82,604.85,1921936.99,1775918699999,1163496974.84620,5955,778432.32,471236315.96370,0
1775918700000,604.85,605.2,604.84,605.0,260.07,1775919599999,157339.87900,2059,113.25,68524.96620,0
1775919600000,605.0,605.28,604.7,605.26,481780.88,1775920499999,291475671.24770,2980,299256.20,181083646.44140,0
1775920500000,605.28,606.37,605.25,606.14,1505204.85,1775921399999,911881930.81080,4842,1202392.09,728441573.13670,0
1775921400000,606.14,606.34,605.78,606.03,268481.32,1775922299999,162714652.51010,3140,80381.87,48733240.34050,0
1775922300000,606.03,606.42,605.78,606.2,583303.42,1775923199999,353538490.89960,3101,283675.27,171958579.34900,0
1775923200000,606.42,607.11,606.03,607.1,737484.58,1775924099999,447427288.34240,2894,737302.90,447317100.95140,0
1775924100000,607.1,607.29,606.67,606.89,235208.2,1775924999999,142756154.95930,2297,514.18,312153.92000,0
1775925000000,606.89,608.33,606.67,608.11,1258988.4,1775925899999,764882965.22420,3742,801088.23,486699141.25550,0
1775925900000,608.11,608.28,607.89,607.91,16481.57,1775926799999,10020749.64030,1675,969.87,589947.64650,0
1775926800000,607.91,608.28,607.47,607.7,1217611.49,1775927699999,739968247.61500,4702,391046.96,237631005.85520,0
1775927700000,607.7,607.71,606.98,607.61,1408084.44,1775928599999,855210109.58310,5284,519070.15,315267127.84680,0
1775928600000,607.61,608.4,607.6,608.4,460959.55,1775929499999,280289340.26320,3496,444440.37,270241035.74670,0
1775929500000,608.4,608.68,608.23,608.26,805495.6,1775930399999,490072689.46600,4354,368548.55,224255578.03080,0
1775930400000,608.26,608.27,607.69,608.0,490443.28,1775931299999,298162581.34900,3635,1900.40,1155886.79360,0
1775931300000,608.0,608.65,607.69,608.51,702455.51,1775932199999,427349788.77480,2696,597663.76,363598741.59420,0
1775932200000,608.51,611.45,608.51,610.9,2104055.1,1775933099999,1283280832.02620,4045,2013108.02,1227792471.29470,0
1775933100000,610.9,611.45,610.5,611.43,1067877.21,1775933999999,652435451.81290,4338,531396.20,324671411.42250,0
1775934000000,611.43,613.17,611.13,613.08,1916057.85,1775934899999,1173148387.20150,3773,1414421.73,865897105.45700,0
1775934900000,613.08,614.37,612.19,613.45,2447507.26,1775935799999,1501580615.36120,5201,1982116.35,1216099857.99520,0
1775935800000,613.45,614.42,613.43,614.33,1991088.07,1775936699999,1222615969.78900,5631,1475076.90,905769956.59380,0
1775936700000,614.33,614.34,613.09,613.32,1070069.96,1775937599999,656674836.39290,3988,257.72,158116.04620,0
1775937600000,613.32,613.34,611.27,611.98,2119996.19,1775938499999,1297590013.81590,3692,412577.50,252375620.45450,0
1775938500000,611.98,612.38,611.39,611.39,998142.2,1775939399999,610697000.45260,3603,263645.64,161340195.07510,0
1775939400000,611.39,611.41,610.02,610.52,1934244.33,1775940299999,1180915847.15490,4740,415556.28,253628630.04890,0
1775940300000,610.53,611.21,610.45,610.7,1578109.54,1775941199999,963970625.48620,4583,1274446.25,778449915.06180,0
1775941200000,610.7,611.62,610.31,611.61,1040875.95,1775942099999,636000764.28110,5030,766983.75,468780297.59090,0
1775942100000,611.61,611.62,610.48,610.79,1352137.47,1775942999999,825998015.30810,3676,85064.23,51938985.93250,0
1775943000000,610.79,611.49,610.68,610.86,1130289.04,1775943899999,690647028.12210,2523,810958.78,495478759.87810,0
1775943900000,610.86,611.63,610.7,610.95,794996.5,1775944799999,485886522.18750,2739,451141.99,275736354.40240,0
1775944800000,610.95,611.96,610.29,611.83,1770652.04,1775945699999,1082392714.74590,5234,1237171.23,756341069.47690,0
1775945700000,611.83,612.47,611.42,611.67,643159.86,1775946599999,393582625.09470,3906,190699.91,116751805.58190,0
1775946600000,611.68,611.77,610.39,610.94,2030826.15,1775947499999,1240850337.42080,5553,931157.91,568908221.75310,0
1775947500000,610.93,611.39,610.81,611.32,295581.01,1775948399999,180617019.81780,2563,206605.01,126263389.81910,0
1775948400000,611.32,611.39,607.69,607.98,1483752.41,1775949299999,904404493.21660,3697,117.08,71280.78190,0
1775949300000,607.98,608.52,607.5,608.24,873907.16,1775950199999,531342840.74400,2869,672285.87,408827609.54250,0
1775950200000,608.24,608.51,607.98,607.98,949915.13,1775951099999,577678483.05470,3645,409125.53,248808493.06680,0
1775951100000,607.98,608.08,607.31,607.52,1182211.14,1775951999999,718336771.45950,4754,514325.62,312523409.78680,0
1775952000000,607.57,607.63,606.82,607.34,1439174.78,1775952899999,873836199.07090,4916,848175.06,515030695.51640,0
1775952900000,607.34,607.46,606.99,607.27,750503.42,1775953799999,455708938.78280,3146,518872.39,315093634.75270,0
1775953800000,607.27,607.46,606.56,606.74,189042.14,1775954699999,114737042.71760,2594,71.40,43345.01160,0
1775954700000,606.62,607.17,606.45,607.17,536023.62,1775955599999,325319862.61840,2443,453534.32,275291201.28520,0
1775955600000,607.17,607.75,606.81,607.06,1346019.21,1775956499999,817402968.07050,3380,722532.51,438864895.62370,0
1775956500000,607.06,607.11,606.43,606.56,363019.41,1775957399999,220285000.15250,2592,3179.65,1930239.49210,0
1775957400000,606.56,606.56,595.46,595.46,3734553.87,1775958299999,2244967555.40990,6298,97818.07,58314113.02710,0
1775958300000,595.53,596.16,592.67,593.82,2517535.97,1775959199999,1495304892.86050,4149,667220.39,396082085.64030,0
1775959200000,593.81,596.16,592.41,595.88,2692223.68,1775960099999,1598810098.75590,5528,1583215.49,940914580.73500,0
1775960100000,595.88,597.26,595.84,596.49,1715802.75,1775960999999,1023391178.85740,4006,1577759.20,941058035.59780,0
1775961000000,596.49,597.73,596.45,597.73,1046807.64,1775961899999,625237227.99810,3302,1046688.27,625165936.69040,0
1775961900000,597.73,597.98,597.31,597.58,1052398.77,1775962799999,629039144.86670,3828,574003.68,343161818.15700,0
1775962800000,597.58,597.99,596.0,596.48,1869994.69,1775963699999,1116013948.18170,5217,385830.02,230232848.77990,0
1775963700000,596.52,596.74,596.21,596.7,319083.68,1775964599999,190370419.03130,3048,200400.50,119573535.75310,0
1775964600000,596.7,596.73,595.44,595.98,1432119.08,1775965499999,853453416.69560,4222,489838.23,291956330.62970,0
1775965500000,595.98,596.45,595.75,595.75,1225696.31,1775966399999,730709961.42680,3900,698353.38,416366668.48350,0
1775966400000,595.75,595.77,594.93,595.04,1623559.9,1775967299999,966475488.69450,3867,124860.20,74350811.95940,0
1775967300000,595.04,595.64,594.85,595.11,968267.36,1775968199999,576190820.49250,4059,520159.49,309566955.73410,0
1775968200000,595.11,595.16,594.84,594.99,140051.02,1775969099999,83317258.88730,2337,1863.50,1108605.55600,0
1775969100000,594.98,595.25,594.61,594.94,1105330.48,1775969999999,657700480.46960,3383,476233.68,283407471.92230,0
1775970000000,594.9,595.01,594.37,594.45,502126.95,1775970899999,298520007.15900,3026,258.50,153699.85490,0
1775970900000,594.45,595.67,594.35,595.67,759653.82,1775971799999,452050028.21250,3108,715472.82,425790529.68920,0
1775971800000,595.67,596.04,595.21,595.3,729242.46,1775972699999,434453446.37980,3464,343346.12,204592485.57770,0
1775972700000,595.29,596.05,595.21,595.92,481917.93,1775973599999,287013838.60610,3021,382768.74,227951323.57550,0
1775973600000,595.92,596.05,595.45,595.97,292463.29,1775974499999,174214216.59290,2711,74911.58,44622355.83830,0
1775974500000,595.97,596.05,595.89,596.03,307.35,1775975399999,183154.12640,1877,39.61,23609.53910,0
1775975400000,596.03,596.05,595.89,595.89,314.55,1775976299999,187464.95790,1845,97.99,58406.84300,0
1775976300000,595.89,596.05,594.57,594.6,718772.72,1775977199999,427876661.25110,3940,105388.25,62766988.61870,0
1775977200000,594.6,594.66,593.68,593.68,1221224.41,1775978099999,725611540.86280,3920,366838.71,217980152.29440,0
1775978100000,593.68,593.96,593.2,593.93,1250475.01,1775978999999,742336505.88820,3957,788956.38,468397506.97360,0
1775979000000,593.92,594.44,593.59,594.44,918881.7,1775979899999,545834075.65400,3587,618068.59,367220519.89060,0
1775979900000,594.44,594.85,594.32,594.62,814403.24,1775980799999,484285901.18170,3893,566187.73,336671840.72650,0
1775980800000,594.62,594.64,593.85,593.96,1095937.83,1775981699999,651257228.09580,3399,90363.38,53691073.45910,0
1775981700000,593.96,594.78,593.85,594.78,637213.12,1775982599999,378796832.59670,4151,581707.08,345786092.22920,0
1775982600000,594.78,594.78,594.26,594.31,686944.14,1775983499999,408349174.69190,3573,599.51,356398.03470,0
1775983500000,594.3,594.36,593.55,593.71,1146857.81,1775984399999,681036134.84380,4143,418403.86,248405992.62760,0
1775984400000,593.71,593.84,593.17,593.84,552393.65,1775985299999,327843438.76970,2993,170182.00,101007447.07350,0
1775985300000,593.84,594.39,593.83,594.32,463757.2,1775986199999,275498568.34490,2783,384217.15,228237162.63520,0
1775986200000,594.28,594.46,594.1,594.12,162966.03,1775987099999,96837240.26980,2757,50809.37,30199764.99400,0
1775987100000,594.12,594.28,593.55,593.55,451730.81,1775987999999,268265813.67960,3144,1060.31,629427.20130,0
1775988000000,593.55,594.36,593.18,594.36,1416321.15,1775988899999,841096077.78590,4494,1100226.46,653449498.20350,0
1775988900000,594.36,595.71,594.33,595.43,1427952.72,1775989799999,849691306.50370,4678,1155300.39,687307271.31480,0
1775989800000,595.43,595.44,594.4,594.4,785069.59,1775990699999,466964651.24620,3575,60233.19,35828032.50200,0
1775990700000,594.4,594.4,593.2,593.79,1315434.89,1775991599999,780991309.94010,4023,315129.61,187041192.80430,0
1775991600000,593.79,595.15,593.65,595.07,1744501.97,1775992499999,1036787246.88260,4559,1396290.81,830041128.08020,0
1775992500000,595.07,595.15,595.03,595.12,278.36,1775993399999,165639.95520,2033,46.37,27597.02970,0
1775993400000,595.13,595.24,594.56,595.22,920764.82,1775994299999,547728577.68400,4159,655522.23,389954340.37440,0
1775994300000,595.22,595.62,595.22,595.62,576035.28,1775995199999,342947861.64510,2888,433058.96,257827189.26080,0
1775995200000,595.5,595.5,594.64,594.98,803912.3,1775996099999,478331721.55880,3031,296071.92,176131864.93550,0
1775996100000,594.98,595.12,594.63,595.12,713282.98,1775996999999,424315925.19330,3700,524570.95,312051078.13080,0
1775997000000,595.12,595.5,594.42,595.48,1518366.57,1775997899999,903430679.54860,5165,1120387.90,666745622.21790,0
1775997900000,595.48,595.92,593.15,593.79,2278155.68,1775998799999,1354052925.84080,3787,876494.36,520830994.33660,0
1775998800000,593.32,593.79,591.82,592.2,1620004.86,1775999699999,959797785.48490,3542,1146733.09,679405690.24510,0
1775999700000,592.2,593.01,592.15,592.54,597602.81,1776000599999,354135453.12180,2936,542030.31,321204663.21360,0
1776000600000,592.54,592.79,591.92,592.51,1293987.52,1776001499999,766567459.35190,4309,748716.70,443546724.30200,0
1776001500000,592.51,592.52,591.28,591.37,1109776.58,1776002399999,656869936.54220,4141,93102.46,55092930.63840,0
1776002400000,591.37,592.33,591.16,591.81,1662744.99,1776003299999,984254842.99520,4731,1129233.20,668440411.10810,0
1776003300000,591.81,592.58,591.81,592.43,837720.11,1776004199999,496089506.31370,3359,660868.93,391336482.38420,0
1776004200000,592.43,592.43,589.62,589.66,1925842.61,1776005099999,1138244232.12490,4930,122442.20,72376717.28550,0
1776005100000,589.66,590.48,589.27,590.21,1475927.76,1776005999999,870526270.72580,3684,1000925.40,590494963.75610,0
1776006000000,590.21,591.22,590.12,591.22,580306.29,1776006899999,342792691.73410,2726,554054.52,327283508.56680,0
1776006900000,591.22,591.33,590.66,590.78,576526.13,1776007799999,340710336.73490,2624,230131.36,136017809.10260,0
1776007800000,590.78,591.51,590.41,591.51,830937.43,1776008699999,491063167.65510,3808,616192.50,364236894.19990,0
1776008700000,591.51,592.06,591.5,591.77,787328.39,1776009599999,465952394.76530,4294,785181.49,464681625.31990,0
1776009600000,591.78,592.55,591.62,592.54,1837560.73,1776010499999,1088002626.89710,5993,1318866.51,780895961.69570,0
1776010500000,592.53,592.55,591.63,592.01,1197871.68,1776011399999,709266618.08520,3617,521560.70,308765115.88980,0
1776011400000,592.01,592.14,591.33,591.42,202227.71,1776012299999,119652619.24360,2454,366.46,216779.04440,0
1776012300000,591.42,592.14,591.33,592.1,253492.07,1776013199999,149999079.30570,2439,253229.96,149843966.99500,0
1776013200000,592.1,592.54,591.96,591.96,884402.96,1776014099999,523749913.56310,3661,577488.43,342016531.38510,0
1776014100000,591.96,592.15,591.72,591.92,364507.82,1776014999999,215748022.15740,2780,109313.42,64700334.70480,0
1776015000000,591.92,592.65,591.78,592.65,2327270.55,1776015899999,1377987116.92910,5891,1424022.15,843239112.74130,0
1776015900000,592.65,593.46,591.98,592.71,1963572.39,1776016799999,1163763926.20070,4446,930993.62,551910333.11890,0
1776016800000,592.71,593.08,591.74,592.17,699162.18,1776017699999,414163982.21960,2571,926.79,548568.86740,0
1776017700000,592.17,592.24,591.63,592.09,532141.93,1776018599999,314910442.72230,3193,244770.76,144851594.99330,0
1776018600000,592.09,593.13,592.05,592.79,1136247.45,1776019499999,673414476.92040,3829,959975.03,568923854.75510,0
1776019500000,592.78,592.79,592.63,592.69,541690.24,1776020399999,321070373.80870,3444,286180.83,169619663.87190,0
1776020400000,592.68,593.22,592.68,593.02,493835.92,1776021299999,292811081.31080,3247,308765.11,183069836.72100,0
1776021300000,593.02,593.04,592.7,593.04,82956.69,1776022199999,49176083.95560,2531,186.96,110841.46420,0
1776022200000,593.04,593.31,592.7,593.19,397430.77,1776023099999,235755202.08190,2783,228078.65,135291638.85890,0
1776023100000,593.19,593.2,592.7,592.7,159358.25,1776023999999,94515009.93890,2996,1070.02,634552.57090,0
1776024000000,592.97,592.97,592.13,592.62,812782.98,1776024899999,481551841.29060,3887,438809.47,259960229.61050,0
1776024900000,592.62,592.65,592.25,592.44,88868.82,1776025799999,52666899.97890,2601,88591.65,52502668.01580,0
1776025800000,592.44,596.46,592.44,596.19,2549836.57,1776026699999,1515561630.63160,4921,2066951.79,1227796295.02300,0
1776026700000,596.19,596.38,595.29,595.93,1047159.28,1776027599999,623992446.84090,3037,361756.68,215538547.07730,0
1776027600000,595.93,596.7,595.15,595.42,2148242.93,1776028499999,1280110816.69680,5387,770622.13,459322846.19070,0
1776028500000,595.42,595.89,595.42,595.79,598317.76,1776029399999,356401100.75110,3572,598105.46,356274609.36420,0
1776029400000,595.79,595.89,594.79,595.26,1117760.72,1776030299999,665540671.75690,3504,326921.54,194610717.52650,0
1776030300000,595.26,595.37,594.73,595.36,1053014.18,1776031199999,626670805.35570,4016,546301.34,325153875.91770,0
1776031200000,595.36,595.59,592.36,593.75,2416232.53,1776032099999,1435082733.32720,3711,265093.26,157454041.64970,0
1776032100000,593.75,593.75,592.15,592.15,2329209.38,1776032999999,1380715738.56910,4650,742522.69,440117786.74120,0
1776033000000,592.16,593.65,591.87,593.41,1706034.67,1776033899999,1011130378.37500,4008,1362063.98,807438007.74280,0
1776033900000,593.41,594.3,593.11,594.26,955008.98,1776034799999,567131162.90740,4157,819929.59,486953983.18380,0
1776034800000,594.26,594.3,592.37,592.37,1506306.92,1776035699999,893592243.48440,4419,173889.01,103184030.47080,0
1776035700000,592.37,592.64,591.87,592.48,1315284.02,1776036599999,779041130.57220,3817,1126748.10,667388773.31640,0
1776036600000,592.47,592.48,591.24,592.1,909482.87,1776037499999,538255713.64640,3215,201810.50,119433834.30800,0
1776037500000,592.1,592.99,591.83,592.38,1551911.72,1776038399999,919602093.32250,4292,1229868.81,728788446.94400,0
1776038400000,592.28,594.3,591.9,594.26,2255071.0,1776039299999,1336900133.98590,5954,1975817.06,1171542203.19110,0
1776039300000,594.26,595.04,594.26,594.64,985954.58,1776040199999,586309547.84310,2835,850503.82,505748724.26210,0
1776040200000,594.64,595.96,594.64,595.46,1250873.38,1776041099999,744759403.07130,4431,1054725.30,627996532.78090,0
1776041100000,595.46,596.44,595.27,596.34,1324590.39,1776041999999,789282470.18000,4183,698408.32,416173857.41310,0
1776042000000,596.34,596.65,595.58,595.58,1701558.49,1776042899999,1014171031.73140,5062,650792.85,387994602.33660,0
1776042900000,595.58,595.82,595.25,595.77,812413.87,1776043799999,483790215.50690,4027,403324.83,240213695.04190,0
1776043800000,595.77,596.78,595.36,596.66,1399810.19,1776044699999,834620276.88850,4710,963777.18,574730166.15220,0
1776044700000,596.66,596.91,596.6,596.73,333601.88,1776045599999,199081910.97140,2482,176757.89,105491747.77430,0
1776045600000,596.72,597.3,595.93,595.97,1322138.8,1776046499999,788555886.32240,4268,273262.42,163064887.63970,0
1776046500000,595.97,598.08,595.96,597.57,1541922.75,1776047399999,920410436.32610,4216,1438351.13,858639601.83870,0
1776047400000,597.57,598.2,596.57,596.89,2669737.87,1776048299999,1594655223.46410,5255,1049901.49,627172594.03610,0
1776048300000,596.87,597.1,596.32,596.59,578546.82,1776049199999,345260385.98750,3397,143059.61,85411200.11370,0
1776049200000,596.59,596.73,596.03,596.26,557438.1,1776050099999,332389730.58610,2801,115369.31,68837736.54430,0
1776050100000,596.26,596.3,595.13,595.64,1594029.8,1776050999999,949417944.12420,4069,716763.44,426833863.06940,0
1776051000000,595.64,595.88,595.06,595.23,359246.27,1776051899999,213873007.88450,2123,9172.52,5460346.04170,0
1776051900000,595.23,595.36,594.96,595.22,187053.81,1776052799999,111328088.47840,1761,102527.28,61035496.24560,0
1776052800000,595.22,595.36,595.22,595.32,483.62,1776053699999,287890.30930,1599,199.92,119024.36350,0
1776053700000,595.32,596.24,595.11,596.08,1846154.0,1776054599999,1099648978.32970,5257,1576889.12,939344127.24380,0
1776054600000,596.07,597.28,595.93,596.91,1361374.63,1776055499999,812527420.74200,4564,984609.79,587617608.80960,0
1776055500000,596.91,596.93,595.58,595.75,1482243.94,1776056399999,883763695.18310,4242,483601.21,288277019.75480,0
1776056400000,595.74,596.23,595.62,595.64,746591.03,1776057299999,444928136.12240,3143,389010.77,231892805.98870,0
1776057300000,595.64,596.23,595.62,596.21,389406.66,1776058199999,232125521.75610,2938,346890.78,206784851.35290,0
1776058200000,596.21,596.29,595.61,596.29,657148.07,1776059099999,391702969.33690,3145,266824.06,159081753.76720,0
1776059100000,596.29,598.18,596.27,598.18,1219544.73,1776059999999,728473308.29950,3986,1202753.26,718433873.05790,0
1776060000000,598.18,599.62,598.11,598.92,2194655.1,1776060899999,1314508331.40190,4015,1727094.18,1034347883.17570,0
1776060900000,598.92,599.88,598.76,599.87,1203194.71,1776061799999,721304220.01520,3655,1140430.23,683719992.82620,0
1776061800000,599.87,599.88,598.62,598.8,1722904.02,1776062699999,1032131346.56330,4348,67765.58,40571286.16260,0
1776062700000,598.8,598.84,598.61,598.61,161147.63,1776063599999,96491445.21050,3035,96258.19,57640929.36710,0
1776063600000,598.61,598.78,598.06,598.11,357072.85,1776064499999,213692895.61200,2828,54302.48,32506545.17110,0
1776064500000,598.11,598.11,596.48,596.65,1406089.52,1776065399999,840057213.51240,3599,162.52,97018.20570,0
1776065400000,596.65,597.49,596.48,596.93,1151924.2,1776066299999,687817764.26650,3671,798340.64,476713885.21420,0
1776066300000,596.93,598.39,596.8,597.6,1404416.7,1776067199999,839624872.55720,4030,1208619.18,722564793.43940,0
1776067200000,597.59,597.65,596.76,596.76,1220701.78,1776068099999,729074888.36950,3768,573169.87,342359791.07170,0
1776068100000,596.76,596.77,596.18,596.29,1160261.8,1776068999999,692116949.22860,4255,319623.88,190685934.76480,0
1776069000000,596.29,596.32,595.61,596.16,352806.58,1776069899999,210282011.98690,2555,70814.80,42212745.34880,0
1776069900000,596.14,596.75,596.02,596.75,1049028.82,1776070799999,625596049.80710,3995,953746.01,568799135.75350,0
1776070800000,596.75,598.06,596.48,597.46,1587101.5,1776071699999,948195944.51590,3465,1274011.59,761105949.47850,0
1776071700000,597.46,597.67,597.31,597.56,129832.38,1776072599999,77554245.32440,2351,433.86,259212.92400,0
1776072600000,597.55,598.08,597.31,598.08,122629.18,1776073499999,73327884.90460,2674,119632.54,71536112.27310,0
1776073500000,598.08,598.08,597.31,597.59,228846.01,1776074399999,136785351.27200,2803,68634.28,41029705.85040,0
1776074400000,597.59,598.08,597.31,597.97,156670.39,1776075299999,93655512.43810,2818,154947.17,92625773.71850,0
1776075300000,597.98,598.32,597.6,598.0,888890.82,1776076199999,531605733.80920,4046,373999.70,223693097.15600,0
1776076200000,598.0,598.1,597.22,598.02,1024932.91,1776077099999,612656213.86600,4494,374976.65,224188335.04820,0
1776077100000,598.02,598.2,597.65,597.66,537085.52,1776077999999,321122349.11600,3401,223137.84,133459408.48250,0
1776078000000,597.66,598.93,597.63,598.93,1311738.58,1776078899999,784947494.59560,3928,1265031.35,757033495.80160,0
1776078900000,598.93,598.96,598.31,598.31,276741.49,1776079799999,165637231.00900,2526,62564.37,37472256.32350,0
1776079800000,598.31,598.38,597.64,598.01,93061.64,1776080699999,55659872.79870,2326,569.67,340673.82420,0
1776080700000,598.01,598.48,597.54,597.54,1039762.02,1776081599999,621857555.43640,3486,667885.79,399552191.06660,0
1776081600000,597.54,598.45,596.8,598.17,1968307.78,1776082499999,1176140135.54720,3758,1204960.28,720206236.92380,0
1776082500000,598.17,598.45,597.04,597.04,1034593.78,1776083399999,618374055.15830,3372,154.97,92674.39210,0
1776083400000,597.04,597.92,596.72,597.84,1199165.01,1776084299999,716157183.80570,3848,966937.01,577453287.96400,0
1776084300000,597.84,599.37,597.53,598.86,2294135.22,1776085199999,1373893722.13890,4328,1855792.09,1111368698.20110,0
1776085200000,598.86,599.66,598.66,599.1,2166821.54,1776086099999,1298242415.83000,5263,1051661.41,630142884.26970,0
1776086100000,599.1,599.1,597.23,597.28,1357521.52,1776086999999,811643860.28070,4073,275248.28,164520139.84040,0
1776087000000,597.28,597.45,595.95,596.27,2098527.52,1776087899999,1251949273.33090,4687,529216.30,315711725.23410,0
1776087900000,596.27,599.61,596.09,599.61,2574712.77,1776088799999,1539454897.10370,4291,2212407.40,1323432594.86950,0
1776088800000,599.61,600.42,599.03,599.55,2153665.87,1776089699999,1291563428.88720,4194,1768236.11,1060475116.39880,0
1776089700000,599.55,599.92,598.4,599.92,2218434.55,1776090599999,1329534116.92310,4285,1630207.83,977236289.89140,0
1776090600000,599.92,602.02,599.86,601.96,2187359.32,1776091499999,1314218640.48620,4425,2107270.18,1266165037.52900,0
1776091500000,601.96,602.77,601.47,602.77,2356985.57,1776092399999,1419175833.53080,4559,2108111.48,1269406586.79000,0
1776092400000,602.77,603.94,602.33,602.95,1632226.79,1776093299999,984730838.80690,3153,583591.54,352108649.97370,0
1776093300000,602.95,603.22,602.56,602.56,808678.65,1776094199999,487431405.42390,3621,358357.16,216014296.12310,0
1776094200000,602.56,602.57,600.57,601.39,2548319.72,1776095099999,1532573642.28010,4670,911493.64,548020041.58520,0
1776095100000,601.38,603.32,601.2,603.32,2097346.2,1776095999999,1263167128.32700,4509,2097020.71,1262971071.99270,0
1776096000000,603.29,604.85,603.18,604.85,2254129.77,1776096899999,1361395067.24400,3789,1666664.05,1006869861.48600,0
1776096900000,604.85,607.52,604.79,607.51,2880889.51,1776097799999,1746011865.64330,4506,2209439.58,1338826547.28120,0
1776097800000,607.52,608.15,606.95,607.19,1694844.31,1776098699999,1029872005.78550,3161,772620.62,469522319.19850,0
1776098700000,607.29,608.11,606.42,606.61,1586734.03,1776099599999,963777119.34710,4273,395602.59,240432663.47050,0
1776099600000,606.61,606.7,605.82,606.09,1606426.17,1776100499999,973863160.01130,3874,429693.00,260502872.40660,0
1776100500000,606.09,606.7,605.4,606.7,1796478.18,1776101399999,1088414509.58830,4456,998066.59,604736134.93380,0
1776101400000,606.7,608.28,606.65,607.34,1665387.05,1776102299999,1011664392.49980,4581,1051995.06,638996021.50700,0
1776102300000,607.34,607.67,605.24,605.24,1228055.68,1776103199999,744635048.42110,3828,124.89,75723.79320,0
1776103200000,605.24,605.62,605.24,605.36,254336.17,1776104099999,154009339.87300,2913,253630.00,153581827.49550,0
1776104100000,605.35,605.62,603.64,604.08,1776752.52,1776104999999,1074095319.68980,4876,363908.36,220106281.05000,0
1776105000000,604.08,605.38,603.84,605.31,1146813.41,1776105899999,693566863.06670,4402,995663.96,602154148.61050,0
1776105900000,605.31,605.53,604.71,605.35,800568.94,1776106799999,484465270.62650,2754,501710.17,303652784.40760,0
1776106800000,605.35,605.36,604.59,604.59,386623.23,1776107699999,233871580.42800,2620,13.38,8093.95360,0
1776107700000,604.59,606.52,604.59,606.14,2186193.41,1776108599999,1324338936.23530,4323,1866997.69,1130924185.63550,0
1776108600000,606.11,607.68,606.06,607.15,2152231.29,1776109499999,1306669359.25620,4678,1165841.57,707633101.37140,0
1776109500000,607.15,609.44,607.15,609.42,1287890.48,1776110399999,783506729.14580,3905,1215485.99,739480657.76480,0
1776110400000,609.44,609.44,608.45,608.45,1232738.58,1776111299999,750438473.34240,2588,231186.53,140773627.24150,0
1776111300000,608.48,608.49,607.65,607.77,1263189.68,1776112199999,768116600.04680,3393,517.51,314612.38070,0
1776112200000,607.75,608.9,607.64,608.37,1164305.23,1776113099999,708236767.30150,3457,949377.48,577425269.46010,0
1776113100000,608.38,608.42,607.61,607.81,724424.28,1776113999999,440448732.64530,3253,132.83,80764.79080,0
1776114000000,607.81,608.83,607.61,608.68,860362.15,1776114899999,523325977.20510,3988,859822.17,522997842.86180,0
1776114900000,608.68,608.85,607.97,608.2,1037684.52,1776115799999,631182814.00040,3715,278029.28,169083327.09870,0
1776115800000,608.2,609.66,608.2,609.04,1352327.01,1776116699999,823265316.20230,4362,1067973.38,650127948.35120,0
1776116700000,609.04,609.17,608.5,608.5,880788.64,1776117599999,536235600.97790,4057,192739.68,117362778.33610,0
1776117600000,608.51,611.82,608.5,611.82,2894381.64,1776118499999,1765438982.83610,4930,2799546.63,1707667932.33740,0
1776118500000,611.82,614.95,610.8,614.69,1665079.88,1776119399999,1022583391.78700,2635,854544.34,524450442.75460,0
1776119400000,614.69,615.87,614.2,614.92,2422217.4,1776120299999,1489842230.08850,4764,1470513.55,904587247.84880,0
1776120300000,614.92,616.73,614.31,615.94,2149387.1,1776121199999,1322826402.72560,4773,1850387.74,1138992786.49410,0
1776121200000,615.93,617.21,615.28,616.92,1757697.01,1776122099999,1083360442.81100,4367,1510548.50,931196618.83480,0
1776122100000,616.92,617.67,615.91,617.03,2924618.91,1776122999999,1803389854.56810,4895,1355906.03,836450479.57620,0
1776123000000,617.07,617.56,616.05,616.13,1147538.29,1776123899999,707946610.07440,3673,395913.44,244390013.69100,0
1776123900000,616.14,616.25,615.06,615.41,952691.77,1776124799999,586487004.73670,3562,240457.79,148005933.52460,0
1776124800000,615.64,616.33,613.89,614.04,1906636.08,1776125699999,1172401043.93820,4617,342744.63,211089140.12340,0
1776125700000,614.04,614.63,613.22,613.3,1811832.35,1776126599999,1112205636.80890,3792,560127.47,344087379.36200,0
1776126600000,613.3,613.38,613.04,613.3,125444.23,1776127499999,76940848.24950,2221,124852.04,76577675.16060,0
1776127500000,613.31,613.55,612.53,612.54,937857.76,1776128399999,574801781.44270,3132,117570.71,72121724.95660,0
1776128400000,612.54,612.67,611.43,612.63,1544177.15,1776129299999,945193020.40460,4045,595569.09,364563650.10870,0
1776129300000,612.67,613.88,612.55,612.98,1252117.15,1776130199999,767844001.06100,3863,1030245.10,631808646.16400,0
1776130200000,612.96,614.41,612.87,614.25,1052029.21,1776131099999,645470135.99370,3402,1051436.89,645106679.66050,0
1776131100000,614.25,614.63,614.15,614.15,643.21,1776131999999,395155.59880,2200,68.60,42153.07970,0
1776132000000,614.15,614.48,613.66,614.24,1073548.69,1776132899999,659087777.71120,4351,660272.99,405371059.74970,0
1776132900000,614.24,614.48,614.02,614.36,212860.44,1776133799999,130731257.54810,2592,125907.77,77337062.83050,0
1776133800000,614.36,614.36,613.33,614.09,1730425.72,1776134699999,1062094658.04620,5556,854149.73,524313801.39830,0
1776134700000,614.09,615.5,614.07,615.5,618663.97,1776135599999,380301012.90150,3463,618377.39,380124701.86370,0
1776135600000,615.5,615.95,615.02,615.16,1107588.5,1776136499999,681683453.53800,4437,465971.11,286898046.35770,0
1776136500000,615.16,615.78,615.16,615.48,1097901.39,1776137399999,675898815.74410,4516,521439.10,321029975.17030,0
1776137400000,615.48,616.27,615.44,616.25,490856.61,1776138299999,302330773.24060,2961,490188.72,301919516.48190,0
1776138300000,616.26,616.34,616.16,616.34,180375.68,1776139199999,111166030.19840,2465,91199.07,56206309.61860,0
1776139200000,616.34,616.34,615.72,615.88,285710.06,1776140099999,176010045.72330,2702,131.54,81047.05320,0
1776140100000,615.88,616.12,615.72,616.12,1224.84,1776140999999,754267.44900,1985,606.26,373390.42910,0
1776141000000,616.12,616.17,615.39,615.39,342814.84,1776141899999,211025285.93170,3025,119.69,73677.05950,0
1776141900000,615.39,615.48,614.94,615.03,671215.25,1776142799999,412898154.88230,3243,44957.57,27667111.10020,0
1776142800000,615.03,615.04,613.65,613.65,1005359.46,1776143699999,617485137.04220,3728,94.54,58073.41770,0
1776143700000,613.65,614.24,613.08,613.33,1724979.14,1776144599999,1058303816.24890,4772,859135.34,527233960.78480,0
1776144600000,613.2,613.3,612.55,613.03,745519.8,1776145499999,456991787.13630,3728,353584.07,216737037.36500,0
1776145500000,613.03,613.4,613.02,613.29,963906.66,1776146399999,591092598.15850,4046,489700.79,300284993.10560,0
1776146400000,613.3,613.67,613.3,613.56,244110.81,1776147299999,149758584.54110,3112,155161.65,95183298.83450,0
1776147300000,613.57,614.79,613.49,614.72,1008395.13,1776148199999,619595959.22410,4080,1004926.82,617465322.98740,0
1776148200000,614.72,614.79,614.32,614.79,42936.7,1776149099999,26393463.24070,1974,1054.37,648214.64040,0
1776149100000,614.77,615.51,614.62,615.27,269872.39,1776149999999,165976727.60630,2584,263366.99,161974121.25330,0
1776150000000,615.26,615.9,614.74,615.71,1683556.9,1776150899999,1035831675.37830,5039,764118.75,470224554.86800,0
1776150900000,615.71,615.96,614.72,615.36,1030503.49,1776151799999,633988195.46220,4210,539660.99,332017232.48040,0
1776151800000,615.36,615.37,613.76,613.78,1826253.92,1776152699999,1121743453.52300,4562,200394.29,123031748.08660,0
1776152700000,613.78,614.35,613.76,614.0,504538.0,1776153599999,309774233.28620,3495,392206.73,240800639.26590,0
1776153600000,614.0,616.29,614.0,616.29,1715989.24,1776154499999,1055353165.01120,4380,1583447.45,973774545.40330,0
1776154500000,616.29,618.09,616.27,618.07,1568309.4,1776155399999,967918211.12380,5285,1553573.89,958818799.50540,0
1776155400000,618.09,618.77,618.09,618.67,660926.83,1776156299999,408699244.79160,3382,526170.48,325365036.33150,0
1776156300000,618.67,618.77,617.73,617.91,441990.47,1776157199999,273197680.28070,3173,255.41,157907.69150,0
1776157200000,617.92,618.41,617.73,618.4,923384.5,1776158099999,570724407.43680,3136,872654.05,539383757.38300,0
1776158100000,618.4,618.88,618.28,618.78,603318.91,1776158999999,373196248.84100,3187,380615.40,235452553.09250,0
1776159000000,618.78,619.54,618.29,618.29,963926.65,1776159899999,596610441.03810,4192,439675.85,272240565.12800,0
1776159900000,618.29,618.49,618.29,618.34,220076.82,1776160799999,136099999.52230,2342,219842.14,135954896.91740,0
1776160800000,618.34,618.89,618.29,618.89,477370.71,1776161699999,295317515.41200,2913,463151.42,286523611.74630,0
1776161700000,618.89,619.73,618.8,619.15,581609.56,1776162599999,360218027.09500,3263,434077.40,268851276.47420,0
1776162600000,619.15,619.16,617.64,617.97,1273223.56,1776163499999,787327652.76930,5032,30740.52,19000686.01650,0
1776163500000,617.97,618.39,617.64,618.33,963817.5,1776164399999,595808317.65760,4040,664366.45,410700007.36660,0
1776164400000,618.33,618.34,617.16,617.28,2129661.84,1776165299999,1315402736.19750,4377,438606.03,270842604.36350,0
1776165300000,617.28,618.0,616.61,616.61,1712358.88,1776166199999,1056479791.34810,3398,1282115.63,790953808.63680,0
1776166200000,616.61,616.72,615.94,616.67,1151870.41,1776167099999,710083769.97320,3963,461941.09,284802937.09900,0
1776167100000,616.67,617.41,616.52,616.85,1345598.48,1776167999999,830390442.58660,3201,531802.94,328171151.70220,0
1776168000000,616.85,616.95,616.4,616.63,315114.7,1776168899999,194277238.57610,2491,278.11,171526.01710,0
1776168900000,616.63,616.63,616.01,616.01,393521.7,1776169799999,242464055.32730,2468,13547.43,8348796.52840,0
1776169800000,616.36,616.57,615.69,615.95,1289464.8,1776170699999,794448924.87810,3676,428837.53,264311431.99930,0
1776170700000,615.98,616.06,615.76,615.88,9238.91,1776171599999,5689990.36180,1706,294.50,181423.75310,0
1776171600000,615.89,616.52,615.76,616.52,634628.21,1776172499999,391137374.09830,2682,634199.69,390873245.30400,0
1776172500000,616.52,617.28,616.48,617.01,854579.39,1776173399999,527164727.12810,3826,854408.05,527059006.23000,0
1776173400000,617.0,620.39,617.0,620.27,2677308.53,1776174299999,1656671181.74560,5115,2555797.46,1581496542.41540,0
1776174300000,620.27,622.49,620.21,622.49,1770310.26,1776175199999,1099555804.94670,3113,1719791.97,1068198256.50780,0
1776175200000,622.33,622.49,619.41,620.87,2233473.65,1776176099999,1385913508.48520,4039,748159.40,463945622.31890,0
1776176100000,620.87,621.03,620.01,620.93,2376230.46,1776176999999,1474433613.20500,4239,1517394.29,941560025.30280,0
1776177000000,620.93,622.4,619.58,620.17,2036154.15,1776177899999,1264237190.68600,3423,1167263.44,724396846.11860,0
1776177900000,620.17,620.21,618.88,620.13,1893754.37,1776178799999,1173156344.52750,4096,836198.87,518011505.71760,0
1776178800000,620.13,620.93,619.13,620.19,2745134.1,1776179699999,1701699297.98050,3881,2030517.12,1258905602.78740,0
1776179700000,619.9,621.01,619.9,620.38,1322004.72,1776180599999,820568475.77540,2581,1260356.78,782313431.18420,0
1776180600000,620.38,625.09,620.37,624.86,1994327.73,1776181499999,1241283662.00230,3756,1949194.40,1213217867.67690,0
1776181500000,624.85,625.09,623.4,623.91,1712733.91,1776182399999,1069041992.56540,3005,641827.84,400573952.22870,0
1776182400000,623.91,625.29,623.91,624.76,1401742.88,1776183299999,875858685.73220,3439,910466.12,568894615.48340,0
1776183300000,624.76,624.83,622.68,623.37,2582792.75,1776184199999,1610654783.93560,4456,724151.18,451241810.38870,0
1776184200000,623.19,623.63,622.26,622.8,1720366.6,1776185099999,1071541612.14190,4120,557499.08,347332526.45790,0
1776185100000,622.8,622.89,618.7,619.34,2591005.13,1776185999999,1607831632.44660,4094,206.80,128423.34360,0
1776186000000,619.34,620.26,618.77,620.08,2013616.47,1776186899999,1247559701.41400,3608,1384026.71,857566381.43200,0
1776186900000,620.08,620.75,619.71,619.71,946660.48,1776187799999,587109717.12860,2300,460014.32,285412982.79840,0
1776187800000,619.71,620.05,617.09,617.61,1929937.18,1776188699999,1193716613.22280,3086,571945.62,353592331.65230,0
1776188700000,617.62,617.67,616.92,617.51,419970.21,1776189599999,259220832.55100,2512,70166.89,43312730.40910,0
1776189600000,617.51,618.7,617.26,618.22,1339732.64,1776190499999,827923437.63440,3553,1125615.53,695543367.43390,0
1776190500000,618.23,618.24,616.92,617.87,1502574.54,1776191399999,927934572.40020,3597,743646.03,459203197.98930,0
1776191400000,617.87,618.27,615.91,616.56,2545200.09,1776192299999,1570226677.84800,5399,855319.88,527607656.64310,0
1776192300000,616.56,616.75,614.1,614.31,1788786.84,1776193199999,1099983967.22410,3681,462928.48,284761403.04390,0
1776193200000,614.31,615.62,614.23,615.0,1115805.09,1776194099999,686284454.33200,3661,752494.59,462797761.78480,0
1776194100000,615.0,615.62,612.48,614.47,1817783.76,1776194999999,1115707126.43330,3923,119780.68,73501790.70500,0
1776195000000,613.8,614.47,613.45,613.85,1115677.05,1776195899999,684919607.94940,2917,356637.84,218936857.14570,0
1776195900000,613.85,614.48,613.59,614.37,132456.96,1776196799999,81352960.09970,2385,132352.98,81289106.80940,0
1776196800000,614.37,615.04,614.26,615.04,709333.26,1776197699999,436035064.39230,3383,542381.42,333420785.84300,0
1776197700000,615.04,615.04,613.57,614.03,754076.52,1776198599999,463156016.56560,2904,100.18,61563.32190,0
1776198600000,614.03,614.33,613.57,614.33,542235.34,1776199499999,332944221.45140,2758,354222.69,217541318.14630,0
1776199500000,614.33,614.51,613.71,613.85,780097.24,1776200399999,479248966.76450,3092,482398.03,296396792.13140,0
1776200400000,613.85,615.26,613.71,615.09,1149593.53,1776201299999,706456251.36850,3441,1101121.66,676658032.40550,0
1776201300000,615.09,615.26,614.43,615.14,499831.71,1776202199999,307296330.64440,2590,143228.79,88083512.27790,0
1776202200000,615.14,615.28,614.96,615.23,461446.88,1776203099999,283885616.00200,2887,134575.56,82796661.35410,0
1776203100000,615.23,616.44,614.96,616.22,1374116.89,1776203999999,846296512.59870,3682,1293532.87,796634727.00810,0
1776204000000,616.22,617.32,615.37,616.73,2181762.43,1776204899999,1344365031.82100,4088,1507396.34,929103372.59460,0
1776204900000,616.73,616.74,614.95,614.96,1878147.16,1776205799999,1156469533.98940,4129,205.06,126276.10120,0
1776205800000,614.96,615.48,614.44,614.71,1329096.55,1776206699999,817339501.52020,3210,678219.85,417161496.23470,0
1776206700000,614.75,615.11,614.56,614.56,189325.79,1776207599999,116386328.41350,2105,42946.69,26415468.52590,0
1776207600000,614.56,615.0,614.19,614.49,1162593.7,1776208499999,714545348.13550,3531,515187.35,316718763.67230,0
1776208500000,614.49,614.9,614.16,614.24,348303.76,1776209399999,214062454.15970,2646,232632.62,143006354.20230,0
1776209400000,614.24,614.54,613.79,614.38,757757.16,1776210299999,465472810.05520,3456,434671.49,267042193.82570,0
1776210300000,614.38,614.66,613.83,614.16,954456.78,1776211199999,586283168.84830,3663,371262.16,228059348.18160,0
1776211200000,614.16,616.41,614.15,615.86,1819916.5,1776212099999,1119851877.89180,4446,1517846.22,933791346.99210,0
1776212100000,615.86,617.55,614.84,617.04,2541861.93,1776212999999,1565969589.17950,4798,1601593.70,987026170.10880,0
1776213000000,617.04,617.22,616.33,616.43,808626.95,1776213899999,498762280.26780,3510,190086.85,117260458.01850,0
1776213900000,616.43,617.18,616.39,617.07,2020906.45,1776214799999,1246598557.11220,4670,1088496.06,671414454.29840,0
1776214800000,617.14,617.73,616.92,617.73,920876.65,1776215699999,568415612.29710,4254,546652.85,337516498.13420,0
1776215700000,617.73,617.74,616.4,616.9,771943.33,1776216599999,476341373.63300,2962,161818.00,99858101.01370,0
1776216600000,616.9,618.11,616.84,618.11,1205100.94,1776217499999,744154679.88520,3955,1114887.81,688504209.01190,0
1776217500000,618.11,620.07,618.1,619.8,1409588.67,1776218399999,872608299.63650,3917,966314.03,598163847.39700,0
1776218400000,619.9,620.0,619.0,619.45,663538.63,1776219299999,411054511.19420,2934,82201.77,50917924.81950,0
1776219300000,619.45,620.1,617.72,617.76,1837328.02,1776220199999,1137327076.97210,5656,363729.04,225418322.49570,0
1776220200000,617.77,617.93,616.28,616.36,1274100.5,1776221099999,786065849.69880,3714,99.25,61182.18840,0
1776221100000,616.36,616.47,615.79,616.46,697894.39,1776221999999,429964083.21490,2868,223920.87,138008951.90540,0
1776222000000,616.46,616.47,615.7,615.71,449329.64,1776222899999,276736821.57970,2694,73.25,45153.93210,0
1776222900000,615.7,616.85,615.62,616.51,910725.29,1776223799999,561112365.41630,4168,698388.67,430382854.64790,0
1776223800000,616.51,616.85,615.51,615.73,788585.63,1776224699999,485757576.70620,3591,339.54,209267.99470,0
1776224700000,615.73,616.57,615.51,616.51,941289.83,1776225599999,580062958.95700,2873,941183.60,579997532.39860,0
1776225600000,616.51,617.32,616.43,616.57,1023706.7,1776226499999,631473260.56580,2747,654023.77,403470898.09760,0
1776226500000,616.54,616.61,615.15,615.15,789225.18,1776227399999,485971138.29420,3426,5600.53,3453064.23560,0
1776227400000,615.15,615.32,614.81,615.15,229657.14,1776228299999,141242052.65220,2575,245.11,150796.34120,0
1776228300000,615.16,615.54,614.62,615.54,938709.23,1776229199999,577381829.24820,3137,592134.10,364318382.75560,0
1776229200000,615.54,616.47,615.31,615.45,1200639.6,1776230099999,739363399.82670,3159,283336.23,174505040.16810,0
1776230100000,615.45,615.64,614.75,614.89,978676.28,1776230999999,601937826.17960,2945,106352.74,65411200.44820,0
1776231000000,614.89,615.07,613.57,613.57,941920.28,1776231899999,578735248.96920,3614,8836.13,5431859.46940,0
1776231900000,613.57,613.81,613.53,613.74,106525.57,1776232799999,65359206.07710,2040,177.92,109196.96170,0
1776232800000,613.74,614.63,613.28,614.62,2078478.19,1776233699999,1276156591.59280,4062,1444808.15,887446825.63270,0
1776233700000,614.62,614.63,614.14,614.14,298285.96,1776234599999,183219223.29440,2249,1588.21,976156.70930,0
1776234600000,614.12,614.91,614.07,614.91,668950.55,1776235499999,411085819.24240,2667,251613.99,154644026.85910,0
1776235500000,614.91,615.28,614.58,614.58,1052329.49,1776236399999,647120480.97330,3089,346042.11,212864433.24850,0
1776236400000,614.58,614.72,614.41,614.58,191610.44,1776237299999,117744175.76840,1927,419.49,257795.74280,0
1776237300000,614.58,614.62,612.32,612.43,1074713.06,1776238199999,658924314.04680,3029,30034.57,18411307.08240,0
1776238200000,612.43,612.93,611.88,611.88,1117693.29,1776239099999,684400915.74380,3228,396397.30,242863300.30670,0
1776239100000,611.88,612.0,611.33,611.89,1677159.66,1776239999999,1025893968.66700,3742,855929.94,523616745.30200,0
1776240000000,611.87,612.28,610.86,612.28,1443857.66,1776240899999,882919845.01720,4433,840809.44,514260348.48380,0
1776240900000,612.28,612.97,611.51,612.97,1432598.44,1776241799999,877266080.06100,3363,1191361.95,729615368.13810,0
1776241800000,612.97,615.0,612.97,614.79,1104631.76,1776242699999,678321675.47960,3093,1093403.39,671418531.40890,0
1776242700000,614.79,615.1,614.47,614.8,218563.74,1776243599999,134377045.07780,2240,171551.08,105477520.47140,0
1776243600000,614.8,615.12,614.19,614.97,1234874.51,1776244499999,758943934.99350,3262,289256.97,177838202.45650,0
1776244500000,614.97,615.09,614.23,614.48,1011365.77,1776245399999,621612713.95370,3376,365295.82,224565593.36820,0
1776245400000,614.48,616.22,614.23,615.75,1560468.31,1776246299999,960533848.55010,4641,1212953.97,746558196.08390,0
1776246300000,615.75,616.07,615.38,615.9,1187269.2,1776247199999,731174489.15010,3609,863232.99,531635272.90820,0
1776247200000,615.9,618.37,615.8,618.25,2518438.86,1776248099999,1554489910.75530,5536,2182467.01,1346989139.25660,0
1776248100000,618.25,618.29,617.17,617.17,1220389.15,1776248999999,753842010.14840,3387,125323.80,77430440.21710,0
1776249000000,617.17,617.61,616.42,617.61,1535611.31,1776249899999,947382926.28970,3721,965996.10,596112491.95360,0
1776249900000,617.61,618.85,617.54,617.54,1439879.45,1776250799999,890058604.06770,3691,711858.34,440119813.70710,0
1776250800000,617.54,618.95,617.53,618.8,1435076.4,1776251699999,887261327.93110,4366,1385558.94,856680376.17600,0
1776251700000,618.8,618.96,618.05,618.82,891742.67,1776252599999,551516361.90430,4006,482903.78,298691954.69870,0
1776252600000,618.82,619.38,618.74,619.15,917585.95,1776253499999,568122849.47740,3662,739103.37,457638656.86260,0
1776253500000,619.15,620.67,619.0,620.09,1974863.47,1776254399999,1224369596.10430,3987,1218133.03,755060735.23350,0
1776254400000,620.09,620.1,618.41,618.7,1125150.49,1776255299999,696952713.75790,3886,79134.44,49035219.64760,0
1776255300000,618.7,618.74,618.4,618.74,251.41,1776256199999,155523.90410,2097,112.69,69725.49350,0
1776256200000,618.74,619.63,618.21,619.31,1077021.22,1776257099999,666573002.45520,4018,842735.16,521689463.40780,0
1776257100000,619.26,619.63,618.27,618.53,838211.03,1776257999999,518682965.04480,3154,535973.99,331585409.17350,0
1776258000000,618.53,618.91,617.94,618.9,1517145.53,1776258899999,938230765.11040,3774,943275.91,583458028.98380,0
1776258900000,618.9,619.42,618.67,619.38,476405.86,1776259799999,294932836.48820,2436,454086.40,281113599.83970,0
1776259800000,619.38,619.42,617.46,617.46,2411338.62,1776260699999,1490869945.93890,4088,471971.87,291678445.76880,0
1776260700000,617.46,619.48,617.46,619.47,1437182.27,1776261599999,888756520.50610,4465,1205669.66,745668209.51490,0
1776261600000,619.47,619.48,618.61,619.2,1313987.0,1776262499999,813318449.25860,4305,283247.03,175365770.15190,0
1776262500000,619.2,620.72,618.8,620.24,1655624.75,1776263399999,1026272901.78960,3242,1415040.66,877068226.45400,0
1776263400000,620.24,620.72,617.65,617.65,2787629.45,1776264299999,1727543670.16630,4261,986090.90,611239541.12950,0
1776264300000,617.65,619.28,617.62,618.88,1407859.27,1776265199999,870626398.51640,2609,1407541.52,870429917.00670,0
1776265200000,618.88,619.72,618.2,619.72,1946884.14,1776266099999,1205161787.89420,4462,1299005.90,804297421.41030,0
1776266100000,619.72,620.01,618.34,618.51,1294165.8,1776266999999,801023817.77270,3268,79973.40,49532891.50270,0
1776267000000,618.51,618.94,616.9,618.91,2423483.69,1776267899999,1497706506.75890,4109,1566558.72,968305558.45750,0
1776267900000,618.89,619.55,618.84,619.38,742760.56,1776268799999,459891714.00130,2751,505497.84,312967427.02240,0
1776268800000,619.55,620.19,618.93,620.05,798296.43,1776269699999,494817131.10160,3716,534672.77,331396179.16150,0
1776269700000,620.05,621.43,619.87,621.4,1157816.22,1776270599999,718976834.68470,3475,1157379.76,718706004.86130,0
1776270600000,621.4,621.78,620.28,620.46,1461291.26,1776271499999,907465764.41240,3708,387323.81,240740318.70110,0
1776271500000,620.46,621.29,620.28,621.03,988586.21,1776272399999,613862317.79450,3031,805264.93,500046938.85130,0
1776272400000,621.03,622.1,620.71,621.0,2010948.51,1776273299999,1249557298.52340,4455,860541.87,534914662.20510,0
1776273300000,621.0,621.93,620.28,621.79,1284626.5,1776274199999,798135928.18380,2712,1157657.24,719334916.45910,0
1776274200000,621.93,621.93,620.28,620.53,1350262.89,1776275099999,838844246.51020,3549,335774.04,208685954.83960,0
1776275100000,620.28,621.77,620.28,621.77,1679386.6,1776275999999,1043256252.61820,4459,1480891.68,919903234.76970,0
1776276000000,621.77,623.08,621.39,622.52,1867726.94,1776276899999,1162165763.47850,4054,1049069.15,652759377.71470,0
1776276900000,622.52,623.1,622.24,622.3,559149.8,1776277799999,348229619.43280,2410,350656.43,218440729.39340,0
1776277800000,622.3,623.1,622.24,623.09,152140.54,1776278699999,94741013.06580,1679,152039.40,94678013.11670,0
1776278700000,623.09,623.1,622.76,622.84,16511.99,1776279599999,10284986.99230,1343,108.54,67631.23940,0
1776279600000,622.84,623.74,622.75,623.18,1113647.53,1776280499999,694165790.52140,3000,654692.22,408078505.76900,0
1776280500000,623.18,623.26,622.65,623.02,579350.21,1776281399999,360836103.15270,2512,198612.11,123689900.62770,0
1776281400000,623.02,627.72,622.95,627.03,2992293.72,1776282299999,1870773382.34390,4802,2709203.75,1693166075.88150,0
1776282300000,627.03,627.09,626.12,626.12,973136.11,1776283199999,609681110.96920,2773,158321.31,99218475.02560,0
1776283200000,626.12,626.15,623.33,623.63,2398575.18,1776284099999,1498074519.07570,3780,79023.09,49272072.41500,0
1776284100000,623.63,623.63,622.71,623.33,1002178.42,1776284999999,624424869.49480,2649,265263.47,165238854.71230,0
1776285000000,623.34,624.47,622.65,623.04,2017713.62,1776285899999,1257847791.20480,5126,1007838.25,628492487.52340,0
1776285900000,623.03,624.03,622.65,623.85,992778.66,1776286799999,619026629.32170,3109,653321.16,407297944.57600,0
1776286800000,623.85,623.95,623.2,623.2,678699.37,1776287699999,423156709.25850,2518,154.62,96432.14730,0
1776287700000,623.2,623.82,622.69,623.75,1449625.93,1776288599999,903388611.77510,3096,887050.36,552921269.49920,0
1776288600000,623.75,623.83,622.98,623.64,838649.14,1776289499999,522864436.38170,2370,430581.82,268465518.93710,0
1776289500000,623.63,624.27,623.58,623.77,781866.1,1776290399999,487790630.55220,2856,500184.01,312073368.67500,0
1776290400000,623.77,625.99,623.28,625.83,2342431.85,1776291299999,1463082868.43260,3892,1948625.52,1217536691.30130,0
1776291300000,625.83,625.99,624.86,624.86,447570.24,1776292199999,279966239.41610,2011,103.62,64810.51800,0
1776292200000,624.86,626.61,624.61,625.18,2057886.49,1776293099999,1286497435.39070,4635,881275.47,551035586.04890,0
1776293100000,625.18,625.6,624.73,624.73,769992.47,1776293999999,481523254.91530,2676,365861.90,228851552.11230,0
1776294000000,624.73,624.88,623.51,623.51,1132184.02,1776294899999,706583253.39630,3321,265412.43,165650500.24440,0
1776294900000,623.51,623.59,622.92,623.37,840057.87,1776295799999,523576927.67190,2855,484811.79,302198399.37070,0
1776295800000,623.37,623.49,621.89,622.31,1507811.67,1776296699999,938358846.62420,4016,481321.01,299440426.00810,0
1776296700000,622.31,623.49,622.29,623.1,787740.85,1776297599999,490474701.93830,2068,787432.66,490282685.19190,0
1776297600000,623.49,623.49,622.23,622.27,615324.09,1776298499999,383138736.78790,2510,22855.51,14225971.24070,0
1776298500000,622.27,622.43,621.55,621.55,276021.36,1776299399999,171658321.96750,1789,409.51,254604.11070,0
1776299400000,621.55,622.93,621.55,622.87,1267691.08,1776300299999,788989118.94150,3014,1242566.66,773345922.30840,0
1776300300000,622.86,623.56,622.34,623.56,1314251.35,1776301199999,818641972.36000,3659,846745.87,527612050.92780,0
1776301200000,623.56,623.56,621.44,622.18,2366296.26,1776302099999,1472447490.22810,3782,1016566.34,632257538.41590,0
1776302100000,622.18,622.76,621.89,622.13,1370915.6,1776302999999,853135664.06450,3614,851253.66,529821554.61590,0
1776303000000,622.13,622.93,622.11,622.9,664320.81,1776303899999,413616763.92940,2304,664207.71,413546377.67420,0
1776303900000,622.9,623.27,622.07,622.66,1824833.43,1776304799999,1136273335.15620,4219,727445.62,453001008.17510,0
1776304800000,622.66,623.92,622.56,622.94,2198147.75,1776305699999,1370035907.08370,5369,1399705.23,872390293.03730,0
1776305700000,622.94,623.92,622.78,623.8,694471.37,1776306599999,432829399.40870,2465,510609.18,318301858.70860,0
1776306600000,623.8,626.54,623.65,626.37,2887725.64,1776307499999,1805199315.97600,4463,2752982.96,1720936824.51760,0
1776307500000,626.37,626.78,624.03,624.74,2486640.2,1776308399999,1553784160.66070,4503,585915.62,365939493.33210,0
1776308400000,624.74,625.33,624.63,624.78,618510.73,1776309299999,386608907.78840,2422,396747.36,248017105.94790,0
1776309300000,624.7,625.88,624.63,625.5,821102.73,1776310199999,513602441.94460,2736,820729.26,513368905.97300,0
1776310200000,625.5,625.88,624.85,625.14,981871.31,1776311099999,613905693.74010,2754,252686.70,157991596.02870,0
1776311100000,625.14,625.16,624.44,624.62,892451.32,1776311999999,557522264.44760,2636,266759.45,166645064.00050,0
1776312000000,624.62,624.93,624.04,624.22,1759306.4,1776312899999,1098535717.06160,3317,873299.30,545353290.34250,0
1776312900000,624.22,624.47,623.79,624.35,1374080.27,1776313799999,857759890.99650,3063,926582.20,578444854.57910,0
1776313800000,624.35,625.19,623.99,625.02,761156.3,1776314699999,475327077.27830,2739,429249.80,268159806.72620,0
1776314700000,625.02,625.19,622.93,623.67,1224370.85,1776315599999,763938475.54050,2681,67795.98,42309518.26810,0
1776315600000,623.67,623.99,622.97,623.13,1401626.26,1776316499999,874094885.10600,3444,306546.11,191229542.52100,0
1776316500000,623.09,625.14,622.97,624.98,1350920.67,1776317399999,843019266.98500,3773,1318078.69,822546092.66550,0
1776317400000,624.99,625.45,624.7,624.95,1827123.51,1776318299999,1142355257.61960,4328,917008.58,573384847.10360,0
1776318300000,624.95,625.42,624.79,625.32,794765.7,1776319199999,496927734.30670,2785,579807.51,362522103.94350,0
1776319200000,625.32,626.33,625.27,626.24,1179102.44,1776320099999,738194058.18640,2813,910750.41,570149635.28460,0
1776320100000,626.24,626.31,625.23,625.32,659345.79,1776320999999,412515541.86490,2642,21994.51,13753215.61010,0
1776321000000,625.32,625.47,624.74,624.88,261763.54,1776321899999,163644184.32060,2041,117655.07,73583295.64440,0
1776321900000,624.88,625.35,624.74,625.16,100644.96,1776322799999,62911798.11380,2090,100172.38,62616318.86890,0
1776322800000,625.16,625.57,624.7,624.79,536097.58,1776323699999,335266209.78410,2788,370994.11,232058127.18550,0
1776323700000,624.81,624.97,623.38,623.58,1247543.11,1776324599999,778562616.60220,2866,178364.52,111201786.25770,0
1776324600000,623.58,623.68,623.13,623.47,336923.53,1776325499999,210028260.47370,1995,51095.32,31865688.87850,0
1776325500000,623.47,623.57,622.42,622.9,1258753.45,1776326399999,784280420.37130,3476,485086.70,302387408.36450,0
1776326400000,622.9,623.2,621.87,621.87,1311732.87,1776327299999,816518085.68030,2931,315468.86,196440506.02780,0
1776327300000,621.87,622.53,621.28,622.53,857041.63,1776328199999,533055748.22440,3369,536500.18,333790280.53260,0
1776328200000,622.52,622.63,622.26,622.63,157167.95,1776329099999,97850844.86720,2002,156955.98,97718934.59780,0
1776329100000,622.63,623.14,622.62,622.81,973758.27,1776329999999,606486677.72690,2932,925427.60,576386845.04960,0
1776330000000,622.81,623.15,622.23,623.15,1352857.46,1776330899999,842391382.23860,2509,685622.05,426933035.27270,0
1776330900000,623.15,624.07,623.05,623.77,935853.4,1776331799999,583608890.89130,2768,552348.57,344416218.33850,0
1776331800000,623.77,624.07,622.59,622.72,1282214.82,1776332699999,799140464.27560,4076,341559.39,212858755.65080,0
1776332700000,622.72,623.49,622.72,623.28,488722.0,1776333599999,304612634.70310,2477,313275.30,195260443.16220,0
1776333600000,623.28,623.4,619.95,620.51,2708456.57,1776334499999,1683837335.63320,4614,482278.25,299490053.73830,0
1776334500000,620.51,621.09,620.16,620.8,1014555.52,1776335399999,629796360.17720,2168,976656.59,606292554.46970,0
1776335400000,620.8,621.62,620.8,620.92,670196.35,1776336299999,416350175.41630,2048,414183.41,257336739.73920,0
1776336300000,620.92,620.97,620.03,620.11,1752862.81,1776337199999,1087484149.14960,4474,641508.37,397929400.69890,0
1776337200000,620.11,620.27,619.49,619.56,479342.83,1776338099999,297102006.55690,3535,128863.66,79922267.31090,0
1776338100000,619.56,620.19,619.46,620.19,486980.21,1776338999999,301865923.48350,3118,439297.49,272326575.76130,0
1776339000000,620.19,620.83,619.97,620.42,565214.84,1776339899999,350667776.48730,2972,389957.29,241922721.32130,0
1776339900000,620.42,621.24,620.4,621.23,504308.19,1776340799999,313130573.53890,2723,503599.03,312690136.24350,0
1776340800000,621.24,622.06,621.0,621.13,2082609.52,1776341699999,1294535311.05580,4261,798848.24,496597581.15180,0
1776341700000,621.13,621.65,621.13,621.43,507674.58,1776342599999,315526840.69870,2605,272793.14,169552289.81280,0
1776342600000,621.43,622.06,621.13,622.06,731800.61,1776343499999,455010502.45600,3476,550273.43,342145610.46830,0
1776343500000,622.06,622.08,621.58,621.78,491302.72,1776344399999,305458928.05930,2556,81438.76,50638881.39670,0
1776344400000,621.78,623.19,621.75,623.15,1276993.75,1776345299999,794967692.90770,3739,1241787.82,773040406.63010,0
1776345300000,623.14,624.06,623.13,623.9,1187673.52,1776346199999,740707234.56350,3989,972736.76,606638588.83400,0
1776346200000,624.06,624.06,622.01,622.73,2266295.26,1776347099999,1411349399.28580,4492,487006.67,303157754.05630,0
1776347100000,622.73,622.74,618.41,619.3,2185338.93,1776347999999,1356012471.55750,4060,243.29,150873.88380,0
1776348000000,618.41,619.42,616.78,618.12,1941470.99,1776348899999,1199026921.52950,3527,721561.58,445538273.26200,0
1776348900000,618.13,618.47,615.79,617.38,2631325.31,1776349799999,1623297221.56000,5101,559973.59,345294785.27790,0
1776349800000,617.38,619.18,617.37,619.07,1874702.77,1776350699999,1159196294.75630,4029,1521135.21,940569458.17790,0
1776350700000,619.07,620.93,619.06,619.63,2169209.17,1776351599999,1344676291.62540,4714,1630296.66,1010576326.12990,0
1776351600000,619.55,622.32,619.19,622.31,1917070.88,1776352499999,1190172380.50580,3918,1553986.85,965277428.91420,0
1776352500000,622.31,623.36,621.53,622.68,1994743.37,1776353399999,1241774882.26980,3366,1264904.49,787474379.37570,0
1776353400000,622.68,626.24,622.44,624.42,2120453.94,1776354299999,1323741555.28030,4426,1754619.52,1095622414.71820,0
1776354300000,625.0,625.63,624.42,625.23,1942007.33,1776355199999,1213854313.68210,3686,878683.43,549269337.55900,0
1776355200000,625.23,626.6,625.23,625.89,1775786.19,1776356099999,1111710002.74170,4273,1162332.55,727646196.85670,0
1776356100000,625.88,628.18,625.88,627.12,2603338.32,1776356999999,1633058290.98330,5416,1708712.05,1071769644.29140,0
1776357000000,627.12,627.72,625.66,626.15,1793910.41,1776357899999,1124149363.04970,4271,406955.16,255023170.72480,0
1776357900000,625.97,626.79,624.42,626.32,2319564.96,1776358799999,1451523576.38330,4290,1026610.21,642520202.57840,0
1776358800000,625.92,626.32,624.32,624.32,1386541.96,1776359699999,867264189.28330,3387,366577.67,229417061.80400,0
1776359700000,624.32,626.32,624.32,626.32,1803765.83,1776360599999,1128007242.60340,2682,1375971.65,860413328.82290,0
1776360600000,626.32,627.79,625.98,627.68,1760240.3,1776361499999,1103379328.06610,3611,1367211.89,857234054.45470,0
1776361500000,627.68,627.95,627.17,627.62,2268080.85,1776362399999,1423361787.05960,4364,906020.30,568634840.25280,0
1776362400000,627.62,628.47,626.86,627.94,1966020.74,1776363299999,1234112688.49680,4383,768306.11,482292363.77860,0
1776363300000,627.95,630.62,627.77,630.53,2565069.7,1776364199999,1612509498.28250,5411,1726296.99,1085592139.62990,0
1776364200000,630.53,632.15,630.52,632.07,1845517.58,1776365099999,1165322730.34900,3716,1149183.14,725460114.82220,0
1776365100000,632.15,636.46,632.07,636.36,2308682.43,1776365999999,1465003772.11630,3098,2301944.99,1460717156.99800,0
1776366000000,636.36,637.38,635.33,635.75,2632888.45,1776366899999,1675559361.70940,5036,1326448.19,844324120.17980,0
1776366900000,635.75,636.07,634.51,635.28,1638654.39,1776367799999,1040733760.20490,3594,551114.94,350202477.82090,0
1776367800000,635.22,636.92,634.8,636.79,2262835.47,1776368699999,1438301428.83230,4108,1255702.66,798373406.34600,0
1776368700000,636.79,637.27,636.52,636.92,492861.6,1776369599999,313935338.07540,2567,258245.00,164530456.99340,0
1776369600000,636.92,637.43,635.5,637.23,2109504.19,1776370499999,1342906300.10790,4078,671955.95,427819024.35690,0
1776370500000,637.23,637.46,635.06,635.25,1418571.24,1776371399999,902295766.88220,4237,76986.93,49040978.42780,0
1776371400000,635.25,635.32,633.74,634.13,1471010.53,1776372299999,933176455.48280,4233,172762.23,109548252.31790,0
1776372300000,634.13,635.81,633.9,635.09,1321771.6,1776373199999,839239721.85300,3733,1098060.83,697168013.95420,0
1776373200000,635.09,635.59,634.79,634.79,1104328.36,1776374099999,701507520.23010,4041,710906.64,451668568.88230,0
1776374100000,634.79,635.19,633.18,634.01,2349924.62,1776374999999,1491029559.46160,3913,913857.12,580121029.07790,0
1776375000000,634.01,634.54,633.85,633.85,358617.27,1776375899999,227445116.41250,2274,224279.37,142253562.28590,0
1776375900000,634.03,634.04,632.58,633.02,1444874.23,1776376799999,914797648.06410,3821,409933.49,259500217.43000,0
1776376800000,633.02,634.63,632.86,634.06,1994464.13,1776377699999,1264446685.26530,4747,1606656.82,1018503560.51190,0
1776377700000,634.06,634.21,632.54,632.87,1451272.5,1776378599999,918784755.27690,4620,486067.28,307595606.93070,0
1776378600000,632.89,633.49,632.64,633.49,277059.18,1776379499999,175417932.27220,2446,276659.83,175165239.91810,0
1776379500000,633.49,634.32,633.32,633.67,565551.89,1776380399999,358488980.51380,2628,273734.14,173533656.77840,0
1776380400000,633.67,635.4,633.41,634.7,1374999.38,1776381299999,872362086.63740,3977,1218054.51,772920852.76860,0
1776381300000,634.7,635.89,634.05,635.87,1687031.96,1776382199999,1070730016.06270,4255,1175890.48,746536947.41820,0
1776382200000,635.88,636.71,635.86,636.63,1130775.1,1776383099999,719410883.54850,2821,1055363.82,671433526.52880,0
1776383100000,636.63,636.71,635.57,636.14,972744.22,1776383999999,618504802.46620,4272,205169.63,130447638.37370,0
1776384000000,636.14,636.84,635.21,635.27,1974708.18,1776384899999,1256098339.28000,3855,870529.96,554114208.78410,0
1776384900000,635.28,635.86,635.14,635.43,694476.66,1776385799999,441273003.24350,3143,178852.02,113701355.00440,0
1776385800000,635.22,635.9,634.73,634.73,1186527.2,1776386699999,753756541.54080,5020,233483.22,148434533.31390,0
1776386700000,634.73,634.74,633.41,633.92,1911475.7,1776387599999,1212328293.26760,4475,314396.41,199322597.97310,0
1776387600000,633.92,634.72,633.54,633.79,1215885.51,1776388499999,771085975.79880,3892,847111.48,537287344.09180,0
1776388500000,633.79,634.08,632.29,632.29,992114.51,1776389399999,628057811.61540,3399,306956.62,194303998.21140,0
1776389400000,632.29,632.4,631.08,631.74,2157537.23,1776390299999,1363270516.83180,5121,1260607.09,796554741.99280,0
1776390300000,631.74,632.1,629.96,631.69,2164816.49,1776391199999,1365639220.53500,5024,808392.19,510325373.27720,0
1776391200000,631.69,632.16,630.3,630.3,1680738.31,1776392099999,1061378246.81900,4292,483465.72,305404496.48890,0
1776392100000,630.3,630.63,629.04,629.04,1446050.84,1776392999999,910419628.84060,3746,186660.88,117489483.56640,0
1776393000000,629.04,630.55,628.73,630.01,1893636.41,1776393899999,1192304031.54810,5060,1146373.37,722005543.71420,0
1776393900000,630.09,630.59,629.94,630.08,336509.3,1776394799999,212034568.33300,2718,59373.40,37438534.89190,0
1776394800000,630.08,631.51,629.43,631.31,2122531.06,1776395699999,1338095729.27890,5524,1614085.55,1017785163.38750,0
1776395700000,631.3,631.52,630.08,630.08,573873.94,1776396599999,361983061.05010,3737,49240.92,31089049.07570,0
1776396600000,630.08,630.72,629.99,630.71,570877.1,1776397499999,359879443.78050,2886,363225.84,229047986.86590,0
1776397500000,630.71,630.72,629.62,629.64,653474.13,1776398399999,411713665.22080,3927,298.72,188240.37960,0
1776398400000,629.65,629.97,629.26,629.29,685033.34,1776399299999,431244484.30120,3821,271832.41,171164220.47970,0
1776399300000,629.29,630.46,629.29,629.97,1315372.22,1776400199999,828595155.39730,4363,1004357.54,632631804.79380,0
1776400200000,629.97,630.37,629.72,630.01,541232.61,1776401099999,340945328.22910,2978,185483.33,116855166.13580,0
1776401100000,630.01,630.42,629.85,629.98,1344592.86,1776401999999,847290376.10280,4441,678795.13,427765313.55730,0
1776402000000,629.98,630.01,627.52,627.53,1460100.74,1776402899999,917971414.98830,4392,124587.98,78243844.29610,0
1776402900000,627.53,628.22,627.52,628.1,338945.84,1776403799999,212873455.24310,2341,338876.29,212829785.99510,0
1776403800000,628.11,628.26,627.76,628.26,478550.93,1776404699999,300511091.04230,2988,96349.38,60529567.16870,0
1776404700000,628.26,628.82,628.19,628.24,590786.51,1776405599999,371247261.90470,3048,356561.11,224066580.99200,0
1776405600000,628.24,628.87,628.17,628.79,487264.23,1776406499999,306296905.58370,2643,387181.88,243404435.56650,0
1776406500000,628.79,628.87,628.1,628.22,283724.11,1776407399999,178265240.05690,2740,612.79,385042.89760,0
1776407400000,628.22,628.76,628.09,628.68,621294.82,1776408299999,390466058.47340,3334,502600.80,315893510.20930,0
1776408300000,628.68,629.19,628.51,628.54,1141371.1,1776409199999,717810906.32100,3915,710024.11,446590159.63130,0
1776409200000,628.56,629.97,628.51,629.64,1417311.61,1776410099999,891810977.69180,3871,1235061.91,777109403.16660,0
1776410100000,629.64,629.97,628.87,628.9,896106.28,1776410999999,563944605.59010,4141,280624.98,176620062.73130,0
1776411000000,628.89,629.12,628.42,628.42,422330.83,1776411899999,265566227.57930,2569,148804.04,93608605.62080,0
1776411900000,628.42,628.52,627.02,627.65,1650869.45,1776412799999,1036213512.69490,4775,385132.02,241661575.75730,0
1776412800000,627.52,629.19,627.51,628.7,1101150.03,1776413699999,691947945.94080,3546,831621.31,522546994.25410,0
1776413700000,628.69,629.27,628.41,629.08,717962.03,1776414599999,451464428.89100,2869,466260.40,293253267.14460,0
1776414600000,629.08,630.84,629.03,629.72,2554426.39,1776415499999,1609448388.03320,4699,1112646.32,700942521.57710,0
1776415500000,629.72,631.36,629.27,630.99,2362240.7,1776416399999,1488964436.85730,5381,1555726.98,980649429.43400,0
1776416400000,630.99,632.13,630.65,632.11,1583419.26,1776417299999,999522988.62430,4952,900360.41,568557612.03260,0
1776417300000,632.08,635.17,631.43,635.16,3147825.65,1776418199999,1992019744.87730,5630,2645263.15,1674555090.83760,0
1776418200000,635.16,635.17,630.5,631.47,1820567.46,1776419099999,1149962772.34880,3517,1206959.28,761792991.22330,0
1776419100000,631.47,632.73,631.33,632.59,1756119.94,1776419999999,1109997693.85410,3832,1756002.77,1109923668.75710,0
1776420000000,632.66,633.55,632.08,632.2,2264198.07,1776420899999,1432966937.84200,4504,1136882.22,719834559.39800,0
1776420900000,632.21,632.52,630.3,630.3,1639264.9,1776421799999,1035784517.33200,4412,527916.52,333791111.59150,0
1776421800000,630.3,630.72,629.71,629.71,1350438.04,1776422699999,850947327.43410,4403,479105.08,301928476.82210,0
1776422700000,629.71,630.85,629.37,630.84,1715131.79,1776423599999,1080661265.99630,5143,1137164.89,716732402.89870,0
1776423600000,630.84,631.7,630.63,631.7,990682.09,1776424499999,625344741.22040,3242,990519.55,625242150.32570,0
1776424500000,631.7,633.89,631.56,633.55,2244399.91,1776425399999,1420490844.32310,4854,2157067.77,1365217693.24160,0
1776425400000,633.55,634.2,633.06,633.06,701775.02,1776426299999,444710047.42140,2895,382598.14,242574027.36180,0
1776426300000,633.06,633.06,632.72,632.73,219188.14,1776427199999,138701444.80610,2357,338.16,213967.55600,0
1776427200000,632.73,633.57,632.0,633.32,1977420.57,1776428099999,1251477078.03820,4868,1535763.98,972103703.79480,0
1776428100000,633.32,633.9,632.53,633.36,2077653.88,1776428999999,1315796083.59980,4344,1109054.30,702525515.74490,0
1776429000000,633.36,634.41,633.22,633.95,927249.34,1776429899999,587898438.95040,3296,656119.67,416024251.67000,0
1776429900000,633.94,636.75,633.83,636.04,2668122.96,1776430799999,1695370741.45370,5476,2045687.57,1299822216.43510,0
1776430800000,636.04,640.0,635.81,639.83,2344105.1,1776431699999,1494288670.18470,4259,2115175.24,1348616429.62660,0
1776431700000,639.83,641.72,639.39,639.66,1808711.82,1776432599999,1158656646.76910,3354,1455995.38,932744053.09320,0
1776432600000,639.66,642.44,637.94,641.86,2546880.48,1776433499999,1629086051.12290,4004,1281398.57,820545175.00250,0
1776433500000,641.86,643.62,640.53,642.69,1883695.67,1776434399999,1210263836.03160,3915,1366339.93,878054119.75290,0
1776434400000,643.18,644.08,641.31,642.11,2786543.45,1776435299999,1790641062.49040,5036,740616.62,476004367.41750,0
1776435300000,642.14,644.12,642.12,643.71,1651085.06,1776436199999,1061572603.74470,3331,1650317.59,1061079505.96800,0
1776436200000,643.71,645.75,643.7,645.48,2295552.27,1776437099999,1480398006.12900,4845,1679355.91,1082894327.95960,0
1776437100000,645.48,645.75,643.59,644.23,1992911.72,1776437999999,1284404216.01030,4946,589914.65,380209086.19910,0
1776438000000,644.23,644.4,642.05,643.11,1796375.55,1776438899999,1155011093.19880,3837,515354.41,331279239.31970,0
1776438900000,643.11,643.94,642.55,643.05,2157566.72,1776439799999,1388074525.65830,4889,729217.58,469300804.61700,0
1776439800000,643.05,643.35,641.92,641.92,1361952.89,1776440699999,875341995.46430,3931,274487.91,176542111.92930,0
1776440700000,641.92,644.11,641.58,643.68,2202622.29,1776441599999,1415293178.13690,4992,1734228.03,1114593998.57590,0
1776441600000,643.7,645.03,643.55,644.1,1737528.8,1776442499999,1119526409.62860,5254,1399490.86,901712069.15890,0
1776442500000,644.1,645.29,643.69,644.97,1777350.91,1776443399999,1145709550.91300,3766,1089040.49,702121220.38770,0
1776443400000,644.97,645.84,644.92,645.05,1572963.77,1776444299999,1014996861.51720,4542,959941.95,619466460.10010,0
1776444300000,645.05,645.9,645.01,645.9,833342.09,1776445199999,537915923.87090,3045,562453.69,363104661.64220,0
1776445200000,645.9,645.9,642.5,643.32,2058519.79,1776446099999,1326265798.03940,4272,131181.02,84372506.40980,0
1776446100000,643.32,643.58,641.04,641.2,1681496.83,1776446999999,1079767719.62580,3634,470131.44,301700105.70350,0
1776447000000,641.2,643.62,641.05,642.88,1863785.17,1776447899999,1197185507.17230,4730,1535493.89,986092519.23630,0
1776447900000,642.88,643.62,642.16,642.22,1039874.58,1776448799999,668358069.56650,3546,127208.68,81816378.09690,0
1776448800000,642.22,642.37,639.36,639.65,2464575.53,1776449699999,1579032591.17240,5428,368.03,235994.58830,0
1776449700000,639.36,641.17,639.36,640.29,1951274.91,1776450599999,1249462147.19600,4952,1154017.09,738931540.42330,0
1776450600000,640.29,640.79,639.63,640.61,1576314.46,1776451499999,1009260394.80390,4696,825074.92,528443946.42210,0
1776451500000,640.6,640.89,639.39,640.1,1306436.84,1776452399999,836164153.85510,3536,467463.70,299271604.39890,0
1776452400000,640.1,640.89,639.35,640.85,1187890.07,1776453299999,760473154.51580,3197,1010930.71,647301757.97280,0
1776453300000,640.85,642.14,640.85,641.4,1340753.94,1776454199999,860062804.28240,3799,1132999.75,726786757.22030,0
1776454200000,641.4,642.31,641.32,642.1,807623.11,1776455099999,518448662.27930,3374,738872.69,474352265.92770,0
1776455100000,642.1,642.31,641.53,642.31,507015.91,1776455999999,325394726.26900,3054,51776.64,33236485.72520,0
1776456000000,642.13,642.54,641.64,642.37,794567.13,1776456899999,510227477.76630,3657,383744.98,246465513.61290,0
1776456900000,642.37,642.37,641.18,641.18,1343096.68,1776457799999,862007684.13760,3996,118.65,76153.20850,0
1776457800000,641.18,641.19,639.7,640.28,1177248.94,1776458699999,753774111.19180,3556,411762.42,263545753.95810,0
1776458700000,640.28,641.19,640.09,641.19,416367.31,1776459599999,266747211.95720,2569,415199.67,265999048.75060,0
1776459600000,641.19,642.23,640.86,642.17,959939.07,1776460499999,615920946.20650,3602,919340.06,589868776.25450,0
1776460500000,642.17,642.77,642.12,642.49,365609.62,1776461399999,234928562.63000,3169,221371.93,142253621.95950,0
1776461400000,642.5,642.58,641.42,642.36,1608652.04,1776462299999,1032655268.67520,3242,504394.16,323654757.21530,0
1776462300000,642.36,642.81,642.2,642.65,770935.99,1776463199999,495385404.44040,3148,493835.93,317309577.46540,0
1776463200000,642.65,643.62,642.37,642.9,1185309.67,1776464099999,762240444.07510,4740,817419.54,525653581.76520,0
1776464100000,642.9,643.28,642.4,643.17,985509.0,1776464999999,633654669.17130,4101,759716.36,488516455.94730,0
1776465000000,643.17,644.99,642.94,644.57,1446199.22,1776465899999,930956687.67150,4595,807159.47,519549588.04250,0
1776465900000,644.57,644.8,644.25,644.33,551159.27,1776466799999,355179312.94340,3215,121534.60,78319604.97150,0
1776466800000,644.33,645.13,644.23,644.78,920797.93,1776467699999,593564333.00750,4231,726034.01,468026327.55600,0
1776467700000,644.78,644.78,642.84,643.29,1691358.45,1776468599999,1088837263.78940,4359,304912.34,196141932.55520,0
1776468600000,643.29,643.51,642.23,642.24,866491.86,1776469499999,556859030.39320,3711,43240.54,27822373.98070,0
1776469500000,642.24,643.84,642.23,643.8,775248.39,1776470399999,498575217.35720,3608,744923.54,479051813.02620,0
1776470400000,643.8,644.67,643.63,643.91,1512469.71,1776471299999,974183644.91070,4357,922563.77,594244071.15030,0
1776471300000,643.91,644.78,643.82,644.78,953802.93,1776472199999,614599853.05660,3849,746444.79,481037691.91670,0
1776472200000,644.78,644.8,642.77,643.44,1411872.73,1776473099999,909034053.45210,2628,21663.12,13941606.61500,0
1776473100000,643.44,645.71,642.94,644.19,2708085.89,1776473999999,1745288841.61070,5706,1360518.57,876719580.74380,0
1776474000000,644.19,645.99,643.61,645.99,1828784.63,1776474899999,1179177942.16450,4245,1362824.65,879099415.17850,0
1776474900000,645.99,646.78,645.93,646.78,1950045.55,1776475799999,1260262638.82640,4576,1057597.20,683474504.84120,0
1776475800000,646.78,647.19,644.83,644.83,1636014.25,1776476699999,1056731981.08770,4217,448358.29,289981731.85950,0
1776476700000,644.83,645.43,644.01,645.4,1450587.53,1776477599999,935276839.51880,4087,846451.97,545835345.68610,0
1776477600000,645.43,645.62,644.22,645.36,1832015.92,1776478499999,1181353046.89830,3411,1193359.18,769650409.13850,0
1776478500000,645.36,646.29,645.26,646.0,947484.51,1776479399999,611944505.64920,3285,730405.54,471755901.98230,0
1776479400000,646.0,646.0,644.75,645.65,1046089.74,1776480299999,675085829.29590,3725,518599.89,334684641.14960,0
1776480300000,645.65,645.82,644.68,644.68,1620581.19,1776481199999,1045425800.25340,4766,388618.44,250771886.52090,0
1776481200000,644.68,644.7,642.77,642.77,1150255.25,1776482099999,740392433.81980,3656,81201.15,52256418.49580,0
1776482100000,642.77,642.92,641.84,641.86,822259.81,1776482999999,528223507.76070,3974,110262.74,70885752.67500,0
1776483000000,641.86,642.49,641.6,642.32,1030684.57,1776483899999,661765137.43470,3450,795027.59,510489886.14950,0
1776483900000,642.32,643.18,641.27,641.27,2111967.98,1776484799999,1356765899.60410,4253,888214.83,570964521.94110,0
1776484800000,641.43,642.65,640.58,642.58,1257370.93,1776485699999,806869247.06720,4028,1066888.71,684735358.92450,0
1776485700000,642.57,642.87,642.03,642.03,399671.39,1776486599999,256825943.08970,3418,176807.37,113619962.24810,0
1776486600000,642.03,644.02,641.7,643.98,2394249.55,1776487499999,1538702468.03190,5846,1907409.27,1226195395.92050,0
1776487500000,643.98,645.32,643.87,644.64,1130914.57,1776488399999,729054868.22930,3283,1001837.00,645793383.07900,0
1776488400000,644.64,649.13,644.55,649.13,2679981.56,1776489299999,1733922420.82210,5277,2600820.93,1682896698.89160,0
1776489300000,649.13,649.13,647.29,647.4,1813351.31,1776490199999,1175753648.66990,4105,174309.65,113062621.66270,0
1776490200000,647.4,647.7,645.74,646.11,1616537.48,1776491099999,1045480377.47550,4463,102109.80,65964362.02350,0
1776491100000,646.1,646.11,645.53,645.57,98493.24,1776491999999,63603027.42640,2332,5046.89,3258034.39660,0
1776492000000,645.58,646.08,645.52,645.76,574217.03,1776492899999,370895919.58760,2909,572609.18,369857932.10740,0
1776492900000,645.76,646.08,643.85,644.6,1579205.67,1776493799999,1017792685.56640,4270,131180.73,84536454.47250,0
1776493800000,644.6,645.15,644.32,644.51,1137325.43,1776494699999,733257900.30280,4119,335610.89,216450016.52100,0
1776494700000,644.45,644.64,643.99,644.21,424060.03,1776495599999,273168775.35450,3009,171019.48,110172706.87480,0
1776495600000,644.2,644.72,643.72,643.72,1232275.11,1776496499999,793963715.31380,3807,461043.13,297141262.58780,0
1776496500000,643.72,644.53,643.36,644.42,685753.65,1776497399999,441677939.04320,4088,549235.17,353755896.97510,0
1776497400000,644.42,644.54,644.28,644.32,227824.89,1776498299999,146804859.04250,2577,28.92,18637.04940,0
1776498300000,644.32,644.55,643.46,643.75,870538.28,1776499199999,560708025.29160,3821,251517.41,162061995.42510,0
1776499200000,643.82,643.92,642.63,642.63,829435.66,1776500099999,533533751.29230,3966,130209.09,83840544.19530,0
1776500100000,642.63,642.63,638.47,638.47,2066456.26,1776500999999,1323699112.07450,3572,31544.43,20155119.10150,0
1776501000000,638.48,638.68,635.13,635.19,2346847.79,1776501899999,1495218404.07770,3779,169331.19,107938012.62270,0
1776501900000,635.19,637.52,635.13,637.35,2030015.01,1776502799999,1291973949.01660,3681,1943173.24,1236735475.69650,0
1776502800000,637.35,637.52,634.46,635.15,1752532.56,1776503699999,1114811167.33090,4025,208252.57,132399569.29020,0
1776503700000,635.14,635.79,634.23,635.79,1337413.41,1776504599999,849473342.60850,3806,938650.73,596408509.65070,0
1776504600000,635.79,636.61,635.62,636.02,954214.89,1776505499999,606988547.23610,4231,432509.51,275146619.40070,0
1776505500000,636.02,636.41,635.55,636.17,1280403.26,1776506399999,814210793.12160,4089,732271.28,465672413.35000,0
1776506400000,636.17,636.3,632.53,633.09,2289376.64,1776507299999,1451683645.01920,4653,267432.16,169341623.92620,0
1776507300000,633.09,634.28,633.0,634.19,776222.81,1776508199999,491875088.04230,2821,775433.78,491375323.65310,0
1776508200000,634.2,634.76,633.44,634.04,1574875.52,1776509099999,998906636.37400,4581,1022440.76,648645183.00310,0
1776509100000,634.04,634.86,633.83,633.9,775212.77,1776509999999,491752683.56850,3185,433220.67,274892401.90080,0
1776510000000,633.9,634.52,633.15,633.15,1666141.32,1776510899999,1056041574.21220,3799,668739.71,424032861.10480,0
1776510900000,633.15,634.51,633.14,634.05,1424273.6,1776511799999,903244515.51370,4585,956214.40,606401712.97490,0
1776511800000,634.05,634.86,631.99,632.26,1762967.62,1776512699999,1116628057.49570,4502,382126.13,242302035.78720,0
1776512700000,632.27,634.07,631.99,633.83,1362076.45,1776513599999,862034923.18970,3464,1002582.52,634773680.77370,0
1776513600000,633.83,634.97,633.7,634.58,1251972.31,1776514499999,794314984.20730,3910,942062.62,597758220.22430,0
1776514500000,634.58,634.97,633.86,633.86,551087.51,1776515399999,349457258.54360,2422,261.41,165844.18770,0
1776515400000,633.86,633.88,632.37,632.83,1172053.15,1776516299999,742099855.33840,4521,120278.69,76157644.74320,0
1776516300000,632.8,634.41,632.8,634.41,1653815.18,1776517199999,1047861944.81610,4862,1652949.13,1047313121.97870,0
1776517200000,634.41,634.41,634.19,634.19,161158.08,1776518099999,102222554.65310,2083,249.81,158437.97410,0
1776518100000,634.19,634.42,633.42,633.5,1773348.76,1776518999999,1124059447.25090,4419,425788.81,269993667.89940,0
1776519000000,633.51,633.62,631.85,632.39,2058561.55,1776519899999,1302257313.72390,5012,444935.50,281416650.58860,0
1776519900000,632.39,633.97,632.25,633.83,922591.9,1776520799999,584128377.27660,3247,922230.33,583899310.91350,0
1776520800000,633.83,634.34,633.72,634.1,428926.04,1776521699999,272020004.94710,3112,347285.04,220256248.14960,0
1776521700000,634.1,634.29,632.53,633.3,1438766.64,1776522599999,910930211.75970,4062,595094.64,376737392.62430,0
1776522600000,633.3,634.23,633.27,634.13,884952.52,1776523499999,560924591.77630,2671,884801.22,560828672.26130,0
1776523500000,634.12,634.97,633.99,634.45,161970.57,1776524399999,102767386.62590,1736,161878.54,102709006.93740,0
1776524400000,634.45,635.0,633.1,633.4,2115445.46,1776525299999,1341157892.63400,4489,731006.45,463505588.60510,0
1776525300000,633.4,633.82,632.74,633.82,1112525.19,1776526199999,704506068.78460,4239,768947.51,487022707.24530,0
1776526200000,633.82,634.54,633.81,633.94,1075940.9,1776527099999,682311355.49880,4506,935451.95,593237696.85220,0
1776527100000,633.94,634.18,633.47,633.58,931456.13,1776527999999,590409122.15090,3017,301975.43,191465324.65380,0
1776528000000,633.58,634.3,632.95,634.3,1381284.06,1776528899999,875091580.53240,3916,812934.88,515182466.25370,0
1776528900000,634.28,634.3,632.7,634.05,1671583.43,1776529799999,1059018223.12770,3834,457710.95,289945323.70370,0
1776529800000,634.05,634.47,633.82,634.02,1088304.14,1776530699999,690220504.53190,4212,492026.85,312062118.77550,0
1776530700000,634.02,634.38,632.99,633.66,1643912.87,1776531599999,1041515466.19570,5415,639185.34,404900223.30340,0
1776531600000,633.66,633.77,632.45,632.57,1407574.16,1776532499999,891270514.38500,4502,383164.62,242697930.49270,0
1776532500000,632.57,633.89,632.45,633.72,1239526.82,1776533399999,785155625.19320,3604,1030257.64,652546748.58770,0
1776533400000,633.72,634.38,633.72,634.34,440080.79,1776534299999,279075534.14520,2911,439895.95,278958316.77000,0
1776534300000,634.34,634.38,633.75,633.86,627235.45,1776535199999,397654409.49500,2734,154873.61,98162681.30010,0
1776535200000,633.86,634.4,633.07,634.2,1463605.7,1776536099999,927235852.73670,4681,626103.73,396727242.41260,0
1776536100000,634.19,634.4,632.4,632.7,747292.99,1776536999999,473174707.83860,3382,97585.73,61764157.56850,0
1776537000000,632.7,632.89,630.27,630.83,2267674.13,1776537899999,1431393113.22870,5141,280125.89,176668388.35780,0
1776537900000,630.83,631.65,629.51,629.82,2140630.32,1776538799999,1349879205.32160,5079,848051.02,535241046.58360,0
1776538800000,629.82,631.5,629.51,631.1,1085108.47,1776539699999,684286420.22910,3136,848345.55,534864916.60530,0
1776539700000,631.1,631.11,629.67,629.97,1299950.39,1776540599999,819751681.56710,3214,14949.20,9419900.48600,0
1776540600000,629.97,630.1,628.58,629.19,1320424.85,1776541499999,830773781.26590,4227,462025.62,290653636.35550,0
1776541500000,629.19,630.98,629.05,630.82,1750844.21,1776542399999,1103005004.04270,4426,1637713.49,1031718828.70000,0
1776542400000,630.82,630.98,630.22,630.27,1304299.96,1776543299999,822351349.49960,3657,329461.57,207788667.74010,0
1776543300000,630.27,630.51,630.22,630.48,123209.05,1776544199999,77669589.28360,2553,122987.13,77529717.52770,0
1776544200000,630.51,631.4,630.45,631.4,897219.4,1776545099999,566146876.37900,4599,402147.32,253777162.81590,0
1776545100000,631.39,631.76,630.57,630.58,957058.84,1776545999999,603990572.95810,3530,249113.48,157351440.79140,0
1776546000000,630.57,631.41,630.56,630.96,875616.33,1776546899999,552635454.04220,3042,579078.67,365519117.30980,0
1776546900000,630.96,631.56,630.23,631.56,991658.13,1776547799999,625658574.39470,3752,774284.83,488605992.75780,0
1776547800000,631.57,632.0,631.41,631.84,440096.6,1776548699999,277983285.26610,3403,242263.42,153049287.44790,0
1776548700000,631.84,632.16,631.73,632.16,411213.97,1776549599999,259873832.04660,3450,288000.99,182019483.86220,0
1776549600000,632.16,632.16,630.36,630.36,863566.06,1776550499999,545409028.70480,3164,78116.10,49365375.91300,0
1776550500000,630.36,630.69,630.36,630.69,189.55,1776551399999,119506.63610,2050,69.59,43883.02850,0
1776551400000,630.69,631.22,630.36,630.84,556614.86,1776552299999,351258845.09150,3468,556249.92,351028575.65350,0
1776552300000,630.84,631.34,630.75,631.23,1474.91,1776553199999,930815.90370,2052,625.71,394963.09760,0
1776553200000,631.23,631.79,631.0,631.44,409907.94,1776554099999,258874590.24420,3204,274522.46,173376028.80060,0
1776554100000,631.44,631.57,631.14,631.14,420922.97,1776554999999,265715674.41580,3309,26873.84,16963964.36070,0
1776555000000,631.14,631.15,630.27,630.61,850230.67,1776555899999,536308610.32120,3791,169.88,107101.46510,0
1776555900000,630.61,630.91,630.06,630.22,784282.86,1776556799999,494474945.43840,2738,246692.47,155621216.36960,0
1776556800000,630.06,630.61,630.06,630.42,246.91,1776557699999,155645.52500,1471,189.09,119210.15730,0
1776557700000,630.42,630.42,629.4,629.4,450760.59,1776558599999,283877316.21300,2423,620.13,390751.58980,0
1776558600000,629.4,630.08,628.66,628.88,742997.31,1776559499999,467516788.00250,3810,112954.77,71083729.15190,0
1776559500000,628.88,629.88,628.88,629.67,655374.65,1776560399999,412469968.49030,2921,655022.53,412248267.05410,0
1776560400000,629.68,630.58,629.33,629.36,1454871.49,1776561299999,916465316.34540,4137,345076.81,217373923.98710,0
1776561300000,629.36,629.63,628.39,628.39,1351867.45,1776562199999,850523179.50390,4296,461366.56,290359727.74900,0
1776562200000,628.39,628.8,628.09,628.17,538614.2,1776563099999,338389908.93570,2242,44631.56,28040345.99180,0
1776563100000,628.17,628.65,628.15,628.4,296571.66,1776563999999,186340852.69570,2076,296309.77,186176318.32500,0
1776564000000,628.4,628.5,627.74,627.88,441136.94,1776564899999,277061186.86800,2642,84515.53,53078166.89820,0
1776564900000,627.88,627.88,624.71,624.87,1333584.79,1776565799999,835360057.19750,3385,16749.64,10469571.08750,0
1776565800000,624.74,626.4,624.26,626.28,1912913.91,1776566699999,1195327236.43710,3604,1179439.83,737201941.39980,0
1776566700000,626.29,626.54,625.35,625.7,1360450.38,1776567599999,851446441.58990,3452,512094.24,320527900.56310,0
1776567600000,625.7,625.78,622.32,624.1,2350638.26,1776568499999,1467201744.25410,4715,217209.01,135211938.79570,0
1776568500000,623.9,624.36,623.56,624.36,756535.74,1776569399999,472124756.61260,3000,513658.89,320558998.40050,0
1776569400000,624.36,625.53,624.24,625.51,876787.25,1776570299999,547948034.64850,3574,876695.36,547890613.76780,0
1776570300000,625.52,625.59,623.45,623.52,1151767.97,1776571199999,719134019.37110,3632,146326.10,91399762.53720,0
1776571200000,623.51,624.83,623.45,624.66,1110220.06,1776572099999,692910548.82110,3644,1109710.49,692592754.48710,0
1776572100000,624.66,624.84,624.42,624.47,704.61,1776572999999,440131.19680,2264,296.76,185424.96500,0
1776573000000,624.47,624.84,621.36,621.55,1755916.24,1776573899999,1093787406.47880,4043,145053.59,90143977.87000,0
1776573900000,621.55,622.98,621.39,622.45,1941274.31,1776574799999,1207993652.44850,5060,1548110.72,963301235.62000,0
1776574800000,622.45,623.12,622.43,622.96,623829.95,1776575699999,388554597.48130,3207,623475.11,388333657.92000,0
1776575700000,622.96,623.12,622.02,622.78,1566235.86,1776576599999,975248285.29730,4744,624452.19,388827440.82640,0
1776576600000,622.78,623.84,622.73,623.16,1760486.76,1776577499999,1097517079.41200,4675,905429.90,564445108.66020,0
1776577500000,623.16,623.51,622.73,622.96,310677.25,1776578399999,193626598.16830,2780,161147.52,100441204.75330,0
1776578400000,622.95,622.96,621.37,621.37,765892.81,1776579299999,476682547.03480,3230,60857.40,37885429.61250,0
1776579300000,621.37,622.22,620.41,622.12,1672084.03,1776580199999,1039013847.25320,4618,1063287.92,660931793.24300,0
1776580200000,622.12,623.72,622.12,623.5,1620422.68,1776581099999,1009564976.43160,4318,1620281.28,1009476838.41950,0
1776581100000,623.5,623.72,622.98,623.08,438237.17,1776581999999,273074480.11230,3159,65840.85,41022684.30110,0
1776582000000,623.08,623.1,621.83,621.89,686004.62,1776582899999,426959855.13870,3588,10444.84,6508100.97520,0
1776582900000,621.83,622.2,619.15,619.15,1777257.25,1776583799999,1103126322.95740,3510,212559.81,131969322.23880,0
1776583800000,619.15,621.14,618.94,620.97,2150000.99,1776584699999,1332624765.87960,4665,1476985.95,915803610.86360,0
1776584700000,621.03,621.17,620.62,621.12,455606.59,1776585599999,282894113.26760,2436,178619.07,110942039.95830,0
1776585600000,621.12,621.17,619.27,619.6,2155278.91,1776586499999,1335984592.23210,3616,1351075.87,837350736.50240,0
1776586500000,619.57,621.17,619.5,621.15,1133896.26,1776587399999,703261750.66290,3397,1008468.26,625515445.48190,0
1776587400000,621.15,621.54,620.23,621.15,1270026.08,1776588299999,788706676.02340,2733,830545.75,515946737.59960,0
1776588300000,621.15,621.64,621.12,621.47,381560.46,1776589199999,237152979.36250,2272,110051.79,68408436.93310,0
1776589200000,621.48,621.64,621.0,621.44,906452.02,1776590099999,563122548.19700,2279,117.22,72834.98420,0
1776590100000,621.44,621.62,619.65,620.55,2059411.39,1776590999999,1278090616.53100,3988,888300.67,551058843.12950,0
1776591000000,620.55,620.91,619.91,619.92,565537.78,1776591899999,350996247.99990,2711,298803.19,185489580.88870,0
1776591900000,619.91,620.16,619.39,620.16,1576794.11,1776592799999,977138033.61520,3210,919226.18,569711426.11070,0
1776592800000,620.16,620.24,619.59,619.82,487859.35,1776593699999,302360628.45900,2404,53585.34,33233678.96440,0
1776593700000,619.82,620.28,619.57,620.2,604971.61,1776594599999,375113135.99000,2240,566450.82,351246590.39870,0
1776594600000,620.2,620.54,619.55,620.19,1041710.59,1776595499999,645777745.16530,3205,255865.10,158654712.25200,0
1776595500000,620.19,620.97,620.16,620.57,449840.24,1776596399999,279166896.16500,2592,421686.55,261705077.57620,0
1776596400000,620.57,622.72,620.42,622.46,1771610.52,1776597299999,1101409872.85930,3711,1560186.89,970185044.71330,0
1776597300000,622.46,623.34,621.73,621.73,1241163.58,1776598199999,772909294.90610,2952,792291.42,493578255.12660,0
1776598200000,621.73,622.58,621.71,622.58,904712.53,1776599099999,562966989.33620,2487,902023.05,561294729.68430,0
1776599100000,622.58,622.89,622.34,622.59,640761.53,1776599999999,399009060.16920,2497,548336.39,341461318.14030,0
1776600000000,622.59,623.36,622.45,623.36,1371272.08,1776600899999,854234635.27280,3562,1004268.63,625623322.24580,0
1776600900000,623.36,623.38,622.68,622.73,685378.78,1776601799999,426998302.48600,2434,142941.29,89051241.82210,0
1776601800000,622.73,622.88,622.45,622.53,36559.96,1776602699999,22765128.64560,1564,189.46,117988.81360,0
1776602700000,622.53,624.1,622.45,623.45,1115991.43,1776603599999,695799074.03270,4148,910200.45,567472617.79910,0
1776603600000,623.45,624.64,623.45,624.28,997702.2,1776604499999,622763840.06660,3013,718257.40,448342437.16120,0
1776604500000,624.28,626.3,624.11,625.44,1954371.0,1776605399999,1221848725.20380,3542,1626726.61,1016926587.65500,0
1776605400000,625.44,625.93,625.26,625.88,984639.63,1776606299999,616029196.47250,3067,646710.85,404641364.18260,0
1776606300000,625.88,625.93,625.08,625.21,686080.71,1776607199999,429000620.93350,3775,268006.17,167596099.30920,0
1776607200000,625.21,625.81,624.02,624.69,2319036.44,1776608099999,1448712999.74570,5473,828443.31,517598360.91770,0
1776608100000,624.69,626.85,624.51,626.72,2252573.02,1776608999999,1409321448.73340,4204,2252052.46,1408996003.16650,0
1776609000000,626.73,627.25,626.0,627.25,1336355.33,1776609899999,837443682.58220,3940,708865.98,444339832.41220,0
1776609900000,627.25,628.19,627.16,627.18,1833631.23,1776610799999,1150968432.87040,4378,1254590.21,787570486.68310,0
1776610800000,627.19,627.64,626.32,626.88,1792555.71,1776611699999,1123609880.23620,3611,724112.25,453924243.35150,0
1776611700000,626.88,626.99,626.17,626.17,890856.28,1776612599999,558127329.58680,2792,477688.79,299284940.88410,0
1776612600000,626.18,626.36,623.82,624.62,2188468.07,1776613499999,1368393920.04710,3424,98825.82,61830566.26240,0
1776613500000,624.62,626.08,624.61,626.08,1115791.76,1776614399999,697765544.96490,2961,1051053.05,657307834.43960,0
1776614400000,626.08,626.74,625.81,626.15,1397131.08,1776615299999,875087639.65700,3767,791165.62,495543601.35770,0
1776615300000,626.15,626.55,625.3,625.4,1502185.23,1776616199999,940184919.39550,3701,394032.53,246748954.81220,0
1776616200000,625.4,626.04,624.72,624.73,1020297.92,1776617099999,638023957.85560,3187,266009.34,166461493.00280,0
1776617100000,624.73,625.58,623.51,623.74,2749612.62,1776617999999,1716833539.61440,4348,1195309.92,746578007.69180,0
1776618000000,623.71,624.2,622.72,623.79,959460.59,1776618899999,598090142.73900,2819,570609.92,355739573.47000,0
1776618900000,623.79,625.11,623.77,624.25,2183344.7,1776619799999,1363600030.52580,4245,1295030.87,808686573.58650,0
1776619800000,624.25,624.95,623.19,623.54,2071584.16,1776620699999,1292769629.89450,3940,731562.92,456624086.46360,0
1776620700000,623.54,623.86,620.97,620.97,2227976.37,1776621599999,1386756450.21460,4435,424216.50,264343920.86080,0
1776621600000,620.97,621.36,620.29,620.97,1815595.76,1776622499999,1127048377.17800,3155,936599.60,581467598.25450,0
1776622500000,621.0,621.89,620.71,621.76,924516.92,1776623399999,574433100.73400,2341,568927.97,353542954.14470,0
1776623400000,621.89,621.89,621.03,621.43,1068927.33,1776624299999,664292593.67180,3191,464969.12,288951553.20260,0
1776624300000,621.39,622.38,621.02,622.38,736542.29,1776625199999,458064456.84480,3331,657463.45,408937862.33070,0
1776625200000,622.38,623.33,622.37,623.06,1362040.65,1776626099999,848367007.02850,4100,929966.19,579204153.95420,0
1776626100000,623.07,623.34,622.4,622.94,848803.11,1776626999999,528656127.33870,3071,394093.45,245484574.72820,0
1776627000000,622.94,623.64,622.93,622.96,650734.99,1776627899999,405590170.61860,2922,389130.69,242528825.83450,0
1776627900000,622.96,623.22,622.62,623.21,563045.21,1776628799999,350736854.54800,2590,256882.26,160059492.00170,0
1776628800000,623.18,623.21,621.63,621.9,906787.36,1776629699999,564174568.38390,4074,1929.69,1199853.89750,0
1776629700000,621.9,621.93,621.24,621.8,629619.99,1776630599999,391413449.69690,3172,272588.51,169477188.16750,0
1776630600000,621.8,622.67,621.01,621.01,2027201.56,1776631499999,1261142031.62700,5039,975852.38,607193784.77310,0
1776631500000,621.01,621.56,620.48,621.21,1309861.27,1776632399999,813520887.62430,4513,533091.05,331119408.56280,0
1776632400000,621.21,621.98,621.19,621.98,318152.84,1776633299999,197744912.46270,2724,313421.27,194805650.97540,0
1776633300000,621.98,622.72,621.73,622.7,227260.0,1776634199999,141411098.14730,2697,227183.29,141363369.64300,0
1776634200000,622.7,623.21,622.28,623.21,417907.97,1776635099999,260280501.02320,3167,144766.04,90167806.34940,0
1776635100000,622.95,623.21,620.43,620.79,2203035.12,1776635999999,1369424611.53340,5329,270150.13,167735903.64450,0
1776636000000,620.79,620.98,616.84,616.84,2792818.88,1776636899999,1727375442.84190,4421,369921.13,228546519.66720,0
1776636900000,616.84,617.03,615.55,616.5,1629401.2,1776637799999,1003791975.24440,2973,720044.83,443651132.11300,0
1776637800000,616.6,618.06,616.06,617.72,1556614.61,1776638699999,960279350.10740,3253,1399058.54,863007755.75320,0
1776638700000,617.73,617.8,617.35,617.57,495383.2,1776639599999,305990451.96030,2763,371260.21,229333062.25240,0
1776639600000,617.66,617.66,615.61,616.51,1475942.25,1776640499999,910246196.53540,3291,126759.64,78105335.65200,0
1776640500000,616.51,617.02,615.61,617.02,1488726.76,1776641399999,917760826.34560,4122,990785.27,610850261.31810,0
1776641400000,617.02,618.03,616.91,617.45,2145928.31,1776642299999,1325153011.93680,5230,1415625.05,874189866.35060,0
1776642300000,617.45,617.47,616.24,616.27,1165416.12,1776643199999,719021024.64110,3785,300097.84,185194804.20600,0
1776643200000,616.48,619.71,616.24,618.96,3146764.01,1776644099999,1944834858.39450,4739,2545747.39,1573536330.39750,0
1776644100000,619.03,620.87,618.96,620.84,1515778.45,1776644999999,939888250.63950,3328,1419264.92,880022491.04230,0
1776645000000,620.82,621.01,620.34,620.55,384711.82,1776645899999,238749654.45150,2758,58011.03,36019063.91930,0
1776645900000,620.55,621.01,620.22,620.22,678216.08,1776646799999,420795651.87350,3518,117901.23,73175318.90130,0
1776646800000,620.22,621.04,620.19,621.04,412542.77,1776647699999,256052367.22910,3280,221740.02,137647887.66900,0
1776647700000,621.04,621.04,620.44,620.76,407551.49,1776648599999,252950704.78400,2449,169.16,105022.71200,0
1776648600000,620.76,622.71,620.44,622.53,2442088.53,1776649499999,1519070230.21720,5944,1787419.29,1111758091.38140,0
1776649500000,622.69,622.75,622.29,622.29,464039.08,1776650399999,288826203.02130,2543,25849.51,16097442.48730,0
1776650400000,622.29,622.34,620.62,620.8,2433554.05,1776651299999,1512604925.98130,5563,772918.17,480355729.07120,0
1776651300000,620.8,621.37,620.61,621.02,823288.3,1776652199999,511256669.95770,4295,405635.34,251920767.94290,0
1776652200000,621.03,621.56,621.03,621.56,296404.1,1776653099999,184185164.68400,3020,296172.19,184041078.45880,0
1776653100000,621.56,622.05,621.43,621.56,1317332.89,1776653999999,818975191.75070,4297,486758.58,302633055.44360,0
1776654000000,621.56,622.0,621.49,622.0,724728.45,1776654899999,450577516.19800,3615,441906.09,274777084.90750,0
1776654900000,622.0,622.29,621.43,621.63,1083449.42,1776655799999,673719361.76530,4237,330661.76,205643433.08950,0
1776655800000,621.63,621.72,621.43,621.67,7441.86,1776656699999,4624624.46240,1814,128.07,79608.57270,0
1776656700000,621.67,622.25,621.43,622.11,379584.22,1776657599999,236126849.52580,2052,318895.96,198369315.74330,0
1776657600000,622.11,622.12,621.42,621.49,497741.88,1776658499999,309510847.99530,3235,8253.81,5133009.44720,0
1776658500000,621.49,621.52,620.73,621.34,1256814.74,1776659399999,780714348.59700,3832,430219.36,267201977.67100,0
1776659400000,621.34,621.36,620.94,620.99,43756.97,1776660299999,27188477.55850,1590,43498.33,27027848.53080,0
1776660300000,620.99,622.07,620.94,621.48,637705.59,1776661199999,396435310.86860,2827,480793.13,298871482.02540,0
1776661200000,621.48,621.68,618.91,619.05,1689403.35,1776662099999,1047975805.51690,5509,209.53,129907.98950,0
1776662100000,619.05,619.08,618.02,618.27,845722.33,1776662999999,523199945.49460,3115,185108.81,114448578.82180,0
1776663000000,618.27,618.49,617.79,618.12,705300.69,1776663899999,435936095.84560,3158,228802.05,141453815.73550,0
1776663900000,618.12,619.08,617.37,619.08,1268478.78,1776664799999,783923563.30990,3962,710456.34,439205974.97370,0
1776664800000,619.08,619.97,618.56,619.73,1395655.16,1776665699999,864566238.56670,3304,1277289.61,791221554.04950,0
1776665700000,619.73,620.67,619.4,620.59,1429170.35,1776666599999,886161929.23820,4092,1159661.30,719157036.80480,0
1776666600000,620.67,623.97,620.59,623.5,2017309.86,1776667499999,1255989444.55930,4759,1838885.24,1144751711.52730,0
1776667500000,623.5,624.78,623.37,624.6,1917284.19,1776668399999,1196733992.27210,4567,1791723.42,1118390203.09300,0
1776668400000,624.78,624.79,623.92,624.69,871178.4,1776669299999,544000747.47840,3221,610781.46,381421700.14080,0
1776669300000,624.69,629.25,623.95,627.56,2698429.51,1776670199999,1691450659.56230,5456,1722362.45,1079077004.23160,0
1776670200000,627.58,627.91,624.65,624.84,1652237.59,1776671099999,1033556433.88560,4190,2506.28,1569324.48800,0
1776671100000,624.65,625.35,623.89,624.81,1828954.52,1776671999999,1142257138.16040,4940,852319.89,532317406.45240,0
1776672000000,624.81,625.7,624.72,625.24,1224202.37,1776672899999,765306855.50190,4196,834774.45,521847228.44660,0
1776672900000,625.24,625.71,624.14,624.58,1793085.51,1776673799999,1120335212.92110,4894,889101.42,555431083.32920,0
1776673800000,624.58,625.02,623.25,623.82,1847840.75,1776674699999,1153274903.53650,5799,373508.62,233192679.44710,0
1776674700000,623.67,623.91,623.06,623.91,1007394.07,1776675599999,627970754.34280,3515,389208.06,242681700.08430,0
1776675600000,623.91,625.63,623.88,625.17,2377549.33,1776676499999,1485372156.67340,4119,1404241.68,877086590.81640,0
1776676500000,625.17,626.33,624.78,625.82,1180944.69,1776677399999,739128960.67970,3690,796991.34,498833553.13170,0
1776677400000,625.82,626.87,625.66,626.82,756373.15,1776678299999,473659403.57030,3625,549794.40,344333029.10380,0
1776678300000,626.82,627.04,626.37,627.04,696592.53,1776679199999,436550541.10150,3747,362596.21,227305717.48350,0
1776679200000,627.04,628.24,626.95,628.17,1479083.78,1776680099999,928225009.63780,3565,1478674.21,927967868.61250,0
1776680100000,628.17,628.41,627.35,627.79,1191006.14,1776680999999,747595841.75590,4848,396648.19,249001444.82990,0
1776681000000,627.79,627.8,626.99,627.22,246865.47,1776681899999,154874999.58480,2405,250.19,156919.15280,0
1776681900000,627.22,627.66,626.47,626.49,1934470.51,1776682799999,1213403172.21060,4304,643841.29,403890152.36510,0
1776682800000,626.49,626.55,625.99,626.55,1483275.88,1776683699999,929142664.01440,3619,952694.03,596823225.49980,0
1776683700000,626.55,627.05,625.8,625.8,1715522.86,1776684599999,1074802339.95120,5011,756891.50,474264436.67020,0
1776684600000,625.8,626.32,625.62,625.97,727881.21,1776685499999,455685490.79680,3545,534985.32,334942767.89530,0
1776685500000,625.97,626.16,625.62,625.82,29994.87,1776686399999,18773575.23890,2470,259.01,162173.81000,0
1776686400000,625.82,626.99,625.62,626.57,1455183.53,1776687299999,911790828.24970,4940,1010449.35,633074073.00440,0
1776687300000,626.57,627.6,626.34,626.44,1461354.09,1776688199999,916181410.03420,4759,685011.69,429582543.61520,0
1776688200000,626.44,626.81,624.87,625.05,1688589.51,1776689099999,1056900445.29590,4450,613882.45,384357807.89810,0
1776689100000,625.05,625.98,624.87,625.39,1202949.53,1776689999999,752522278.75870,3946,854326.85,534498324.72100,0
1776690000000,625.39,626.3,625.14,625.98,1281531.06,1776690899999,801866832.64060,4141,866788.03,542328750.92400,0
1776690900000,625.97,626.01,624.57,625.28,1174560.89,1776691799999,734449904.06890,3126,281415.04,175886398.49790,0
1776691800000,625.28,626.16,623.98,625.93,3056925.88,1776692699999,1911257008.26820,5542,2272473.28,1421008056.43390,0
1776692700000,625.93,626.81,624.98,626.08,2452110.94,1776693599999,1534652235.58440,5671,1621754.93,1015052711.24090,0
1776693600000,626.08,626.2,624.94,625.25,1783816.81,1776694499999,1115951040.95710,4371,878336.19,549527552.31890,0
1776694500000,625.25,627.99,625.07,626.71,2558624.28,1776695399999,1603651285.30740,5248,1875005.82,1174991567.90060,0
1776695400000,626.62,627.43,625.23,625.85,2021493.24,1776696299999,1266238840.80250,4182,884323.34,553763507.92150,0
1776696300000,625.85,626.01,623.78,623.86,1945634.13,1776697199999,1215708155.05300,4113,741827.07,463536802.95900,0
1776697200000,623.86,623.87,622.09,623.31,2202460.06,1776698099999,1371657163.28210,3876,461076.02,287193058.07980,0
1776698100000,623.31,627.55,623.14,627.35,2540289.08,1776698999999,1589235752.02440,5412,2525808.91,1580170543.92210,0
1776699000000,627.55,627.93,627.01,627.53,287673.4,1776699899999,180507353.48180,2310,195845.45,122917733.65780,0
1776699900000,627.58,628.62,627.37,628.62,1047420.57,1776700799999,657880955.36170,3725,859821.94,540176957.83320,0
1776700800000,628.62,629.75,628.32,628.53,1285250.26,1776701699999,808645408.42090,3471,860090.99,541242840.57160,0
1776701700000,628.53,628.88,628.05,628.13,1453475.98,1776702599999,913447947.71230,4854,456039.39,286639201.38790,0
1776702600000,628.13,628.54,627.33,628.54,1242254.79,1776703499999,779966336.72080,4029,428784.78,269348184.85810,0
1776703500000,628.48,628.85,627.33,627.38,1274587.08,1776704399999,800402214.05530,3708,128107.69,80535078.27060,0
1776704400000,627.38,629.1,627.33,629.07,1302383.08,1776705299999,818356086.02550,4166,1281720.89,805375622.03900,0
1776705300000,629.07,630.2,628.88,629.41,1845441.94,1776706199999,1161848967.68150,4939,1255203.15,790247001.53170,0
1776706200000,629.41,629.5,628.62,629.35,740415.08,1776707099999,465832113.62880,3306,300983.76,189388478.26180,0
1776707100000,629.35,630.23,629.13,629.9,1628107.02,1776707999999,1025122592.44740,5322,1133039.65,713491915.81100,0
1776708000000,629.9,631.72,629.88,631.72,1951607.59,1776708899999,1231431287.95170,5168,1545077.94,974864002.92100,0
1776708900000,631.72,631.81,630.8,630.88,1482119.3,1776709799999,935744781.23230,5010,377841.46,238608375.19120,0
1776709800000,630.8,631.01,629.71,630.65,1797859.21,1776710699999,1133199779.33000,5365,708155.38,446389108.05650,0
1776710700000,630.65,631.78,630.3,631.33,1437808.2,1776711599999,907343053.08920,3907,904590.39,570908910.05900,0
1776711600000,631.33,632.07,630.93,631.61,1236300.52,1776712499999,780811167.58090,4344,683714.78,431857233.96930,0
1776712500000,631.51,631.64,630.45,630.82,1042305.57,1776713399999,657716859.16700,3781,5415.31,3414864.65520,0
1776713400000,630.82,631.26,630.45,631.1,594610.04,1776714299999,375264036.44650,3832,332477.80,209819692.92600,0
1776714300000,631.1,631.17,631.1,631.1,703.8,1776715199999,444186.01840,1908,256.20,161704.85380,0
1776715200000,631.1,631.17,630.04,631.12,1592677.53,1776716099999,1004440102.75630,4411,913841.78,576363615.18880,0
1776716100000,631.12,632.26,631.12,631.19,762540.55,1776716999999,481671952.32010,3613,443806.80,280335003.86240,0
1776717000000,631.2,631.23,630.34,630.59,924910.51,1776717899999,583406856.44580,4194,62648.09,39513572.16560,0
1776717900000,630.59,631.41,630.43,631.09,1186995.65,1776718799999,748945616.03940,3981,1037298.96,654482451.82580,0
1776718800000,631.09,632.44,630.42,630.8,1251046.36,1776719699999,790360086.98090,3922,451262.15,285189998.58850,0
1776719700000,630.8,630.88,630.0,630.39,1217496.0,1776720599999,767431399.83580,4644,420684.49,265183959.82260,0
1776720600000,630.39,630.7,629.71,630.27,751113.56,1776721499999,473440548.72070,3395,558652.95,352156159.26600,0
1776721500000,630.27,630.83,630.27,630.82,305681.46,1776722399999,192791290.00120,2716,99843.47,62973650.89610,0
1776722400000,630.82,631.61,630.82,631.02,888769.13,1776723299999,561037123.60110,4013,647180.25,408542391.36220,0
1776723300000,631.02,631.11,629.76,629.92,763514.27,1776724199999,481282729.08890,2849,112.43,70854.10270,0
1776724200000,629.92,630.46,629.4,629.63,895824.87,1776725099999,564445131.52150,3066,398110.09,250926554.52270,0
1776725100000,629.63,629.68,629.07,629.33,597248.1,1776725999999,375838107.12140,3001,239842.40,150942716.75280,0
1776726000000,629.33,629.33,628.57,628.6,199909.81,1776726899999,125766742.42970,1884,386.20,242790.49510,0
1776726900000,628.61,628.84,628.57,628.64,98088.17,1776727799999,61674355.17870,1610,97869.44,61536866.16780,0
1776727800000,628.64,629.17,628.57,629.02,391656.81,1776728699999,246363566.68420,2960,284519.97,178964257.65540,0
1776728700000,629.02,629.59,628.86,629.57,322491.17,1776729599999,202904045.31970,2406,303512.28,190966920.45910,0
1776729600000,629.33,630.74,629.33,630.69,1342073.94,1776730499999,845985609.99560,3596,1183063.04,745768191.61930,0
1776730500000,630.69,631.03,630.52,630.95,846746.62,1776731399999,534087600.20990,3414,592069.20,373479431.57890,0
1776731400000,630.95,631.41,630.94,631.13,822281.5,1776732299999,518994835.65680,2538,720735.26,454901134.25930,0
1776732300000,631.13,632.01,631.07,631.86,602774.53,1776733199999,380710423.41260,2753,503112.24,317759158.06520,0
1776733200000,631.85,632.63,631.52,632.22,1188158.3,1776734099999,751072977.29260,3154,911631.62,576285140.24900,0
1776734100000,632.22,632.22,630.78,631.84,1846460.67,1776734999999,1165899454.69240,4554,630479.58,398128392.21450,0
1776735000000,631.84,632.57,631.25,631.44,1384949.97,1776735899999,874867391.64230,4136,628007.98,396787015.85540,0
1776735900000,631.44,631.59,630.73,630.86,734748.84,1776736799999,463837133.99790,3537,144224.51,91080096.37510,0
1776736800000,630.86,630.9,629.67,629.8,1075248.84,1776737699999,677651927.67920,4192,105808.11,66692796.77590,0
1776737700000,629.8,629.98,629.66,629.76,217643.9,1776738599999,137079375.54550,2509,169655.84,106862720.47460,0
1776738600000,629.76,629.98,629.52,629.55,270919.47,1776739499999,170582588.93820,2271,169.19,106585.95650,0
1776739500000,629.56,629.98,628.77,629.08,889988.45,1776740399999,560014842.77010,3820,334144.86,210219083.99550,0
1776740400000,629.08,629.31,628.71,629.02,378664.57,1776741299999,238242029.57550,2653,263486.82,165795779.81300,0
1776741300000,629.02,629.91,628.55,629.72,1070081.3,1776742199999,673294497.30230,3704,511220.74,321770874.17170,0
1776742200000,629.72,630.16,629.26,629.68,1238558.18,1776743099999,780050328.45470,4031,259354.85,163398353.64950,0
1776743100000,629.68,630.59,629.52,630.34,521231.96,1776743999999,328515749.75490,3248,520801.33,328244389.23830,0
1776744000000,630.34,630.62,629.92,629.92,426771.16,1776744899999,268953359.66960,2434,41292.26,26038654.60860,0
1776744900000,629.92,630.2,629.21,630.19,1191200.63,1776745799999,750166023.52270,3790,637676.98,401623233.55370,0
1776745800000,630.19,630.62,630.1,630.51,155450.62,1776746699999,97989804.20670,2452,154972.19,97688238.92110,0
1776746700000,630.51,631.38,630.37,631.38,365935.24,1776747599999,230808705.85340,2003,358935.03,226394105.85380,0
1776747600000,631.38,631.6,630.97,631.6,73522.01,1776748499999,46433805.85580,1219,73386.71,46348384.24940,0
1776748500000,631.6,631.61,631.56,631.61,28336.5,1776749399999,17897547.68910,1691,28118.59,17759923.01720,0
1776749400000,631.61,631.62,631.6,631.62,206.29,1776750299999,130295.14900,1924,145.42,91849.65700,0
1776750300000,631.57,631.62,631.16,631.62,627.06,1776751199999,396036.00780,241,504.17,318443.85330,0
1776751200000,631.62,631.62,630.53,630.55,1783.22,1776752099999,1124462.95490,953,54.62,34482.27930,0
1776752100000,630.72,631.62,630.48,631.08,564.79,1776752999999,356316.30810,555,155.95,98492.45610,0
1776753000000,631.08,631.62,631.08,631.43,2477.4,1776753899999,1564682.65820,222,1993.62,1259210.19340,0
1776753900000,631.43,631.62,631.35,631.62,1037.33,1776754799999,654968.61640,70,105.33,66528.53240,0
1776754800000,631.49,631.62,631.35,631.35,437.05,1776755699999,275999.66300,66,252.34,159382.97650,0
1776755700000,631.56,631.62,631.35,631.62,162.34,1776756599999,102522.36740,111,107.43,67854.83820,0
1776756600000,631.49,631.62,631.35,631.35,229.28,1776757499999,144791.91800,91,133.57,84365.38290,0
1776757500000,631.35,633.61,631.35,633.47,677809.77,1776758399999,428855005.28350,1406,677594.48,428718696.58280,0
1776758400000,633.61,633.61,632.63,632.69,1011845.45,1776759299999,640496386.45060,3319,217005.79,137428004.43970,0
1776759300000,632.69,634.9,632.63,634.78,1409983.76,1776760199999,893422454.23640,3830,1409259.01,892962779.43610,0
1776760200000,634.78,635.8,634.7,635.78,1341350.6,1776761099999,852330986.67870,3093,1245806.41,791586435.85540,0
1776761100000,635.78,636.05,635.3,635.35,1159424.47,1776761999999,736860476.67940,2524,475.42,302324.15630,0
1776762000000,635.34,636.3,635.29,636.09,548634.96,1776762899999,348827482.18160,2646,531901.95,338197028.08210,0
1776762900000,636.09,636.87,635.9,635.9,1105711.89,1776763799999,703639484.75300,3283,395356.63,251704934.31100,0
1776763800000,635.9,636.89,635.57,636.67,1552784.7,1776764699999,988086413.20080,4626,1018582.05,648214165.54290,0
1776764700000,636.67,636.98,636.36,636.8,398964.04,1776765599999,254027918.77530,2155,218697.99,139288289.08350,0
1776765600000,636.8,638.19,636.78,637.59,1664419.53,1776766499999,1061274431.98600,4010,1407862.79,897672812.46990,0
1776766500000,637.55,638.19,637.2,638.12,897705.53,1776767399999,572454065.43110,2865,689351.19,439612481.61180,0
1776767400000,638.12,639.07,637.91,639.0,1192662.1,1776768299999,761682265.29380,3616,1162636.32,742495699.07400,0
1776768300000,639.0,640.7,638.99,639.59,1311264.25,1776769199999,839237471.55980,4193,1232296.21,788657737.83550,0
1776769200000,639.59,640.7,635.18,635.18,725733.81,1776770099999,462250046.20610,2143,566.59,362952.59480,0
1776770100000,635.18,640.7,634.68,636.42,208246.93,1776770999999,132257777.58160,1019,1973.61,1255897.82150,0
1776771000000,635.62,640.7,634.53,636.5,110212.7,1776771899999,69989123.78030,1095,6031.42,3864205.14570,0
1776771900000,636.6,640.7,633.96,634.89,54138.71,1776772799999,34328167.99590,1132,264.86,169193.10380,0
1776772800000,634.72,640.7,633.75,633.75,625946.15,1776773699999,397011423.24110,3227,177813.35,112822793.95180,0
1776773700000,633.75,634.19,633.56,634.0,111215.12,1776774599999,70521453.61520,2601,110895.98,70319180.68140,0
1776774600000,634.0,634.19,632.63,632.63,759659.96,1776775499999,481344264.66460,3098,406216.65,257436296.60340,0
1776775500000,632.63,634.08,631.07,632.28,182453.03,1776776399999,115327776.54500,987,146761.54,92786888.81340,0
1776776400000,632.28,632.3,631.33,631.83,1688384.35,1776777299999,1066557289.05540,4327,520577.85,328863748.63040,0
1776777300000,631.83,631.92,631.81,631.92,16164.14,1776778199999,10214261.73320,1880,16118.13,10185188.78260,0
1776778200000,631.92,632.23,631.5,631.54,71258.14,1776779099999,45018671.22310,1847,34081.06,21536932.82320,0
1776779100000,631.54,632.62,631.54,632.62,129843.32,1776779999999,82106611.85380,760,129287.17,81755263.64150,0
1776780000000,632.62,632.71,631.41,631.96,1492235.53,1776780899999,942930145.12960,3560,396824.12,250678161.29440,0
1776780900000,631.71,633.56,631.52,633.42,1281012.05,1776781799999,810827878.68800,4176,1140386.11,721803577.53440,0
1776781800000,633.43,633.56,633.41,633.41,28013.01,1776782699999,17746145.52570,965,27943.79,17702300.68720,0
1776782700000,633.41,633.57,631.23,631.23,108863.78,1776783599999,68814895.57420,2217,13561.97,8592368.64090,0
1776783600000,631.23,633.57,631.19,632.28,640850.42,1776784499999,404927448.81820,3002,577050.21,364656591.03160,0
1776784500000,632.31,633.12,631.34,631.71,2098930.5,1776785399999,1327159950.12220,4101,1041258.53,658603482.81200,0
1776785400000,631.71,631.81,630.14,631.37,2085863.96,1776786299999,1315824741.86600,4457,1026345.13,647487698.51480,0
1776786300000,631.37,632.25,631.25,632.12,1115138.87,1776787199999,704419154.97750,3927,990848.29,625942183.20100,0
1776787200000,632.12,632.89,631.98,632.81,1154138.88,1776788099999,729982003.64530,3344,683224.85,432178075.60620,0
1776788100000,632.81,632.99,631.81,632.15,1804239.62,1776788999999,1141002487.68310,4853,609384.05,385512505.17830,0
1776789000000,632.15,633.97,632.08,632.91,2167592.62,1776789899999,1372619678.33100,5767,1390456.42,880386382.46960,0
1776789900000,632.91,633.6,631.95,632.18,1546480.71,1776790799999,978630592.78780,4415,359450.81,227637137.73880,0
1776790800000,632.16,632.3,630.09,630.41,2072769.61,1776791699999,1307826053.86010,4756,7636.59,4822379.98200,0
1776791700000,630.41,630.47,628.01,628.79,1555898.59,1776792599999,978236596.80870,3319,876179.90,550832674.97400,0
1776792600000,628.79,631.39,628.55,631.32,1559060.16,1776793499999,981797750.88140,4366,1260553.98,794092205.66000,0
1776793500000,631.33,631.5,629.9,630.03,1412341.79,1776794399999,890770477.48260,4185,244644.48,154437300.71350,0
1776794400000,630.03,630.52,629.72,630.05,1313072.57,1776795299999,827487076.10950,4111,1004733.37,633245475.63840,0
1776795300000,630.05,630.39,629.11,629.44,734837.22,1776796199999,462799450.20910,3058,204507.89,128881416.93740,0
1776796200000,629.43,630.39,629.43,630.08,828838.22,1776797099999,522048083.66220,3777,594809.48,374632677.98180,0
1776797100000,630.08,630.52,628.55,630.52,2246565.35,1776797999999,1414105931.61110,4874,837275.40,527093067.66830,0
1776798000000,630.52,631.6,630.38,630.44,1601756.67,1776798899999,1010701484.17050,4000,825123.15,520649699.20350,0
1776798900000,630.44,631.7,630.32,631.05,1262289.05,1776799799999,796613969.14790,3882,894268.83,564365492.37530,0
1776799800000,631.05,631.05,625.4,625.45,2114410.72,1776800699999,1331185785.45070,4194,3379.80,2116967.92090,0
1776800700000,625.46,626.8,625.39,626.79,1101396.95,1776801599999,689871867.63610,3191,1054926.51,660767710.81670,0
1776801600000,626.8,630.54,626.03,629.77,2219757.58,1776802499999,1394373862.11650,4566,1213611.04,762550925.93870,0
1776802500000,629.77,630.74,629.56,630.02,1171869.48,1776803399999,738524506.88210,4858,699811.24,441121524.21110,0
1776803400000,630.02,631.02,630.02,630.18,1625569.47,1776804299999,1024925301.03660,4040,744122.79,469198164.94810,0
1776804300000,630.18,630.34,629.55,630.25,385247.12,1776805199999,242708916.99450,3950,250068.07,157574590.35590,0
1776805200000,630.25,630.34,629.5,629.55,345979.39,1776806099999,217880567.31020,2770,95.37,60063.01450,0
1776806100000,629.56,629.84,629.16,629.17,236706.38,1776806999999,148990281.04650,2515,23309.76,14676084.00510,0
1776807000000,629.17,629.68,629.16,629.24,321490.97,1776807899999,202318465.05440,2963,152823.56,96173735.23380,0
1776807900000,629.24,629.69,629.13,629.55,617335.65,1776808799999,388566643.38880,3629,550633.93,346600404.92250,0
1776808800000,629.56,630.03,629.1,629.99,1114541.24,1776809699999,701585872.45020,3871,606485.99,381824078.97230,0
1776809700000,629.98,630.03,628.32,628.48,1205296.22,1776810599999,758039184.88250,3771,37090.48,23356503.91470,0
1776810600000,628.48,629.31,628.1,629.31,1203415.72,1776811499999,756583232.51520,3172,810745.51,509909903.92980,0
1776811500000,629.3,629.31,628.55,629.2,866819.21,1776812399999,545195203.08170,2971,494391.52,311005104.01850,0
1776812400000,629.2,630.81,629.18,630.4,1625737.21,1776813299999,1024548387.03700,4399,1534005.81,966728256.61530,0
1776813300000,630.4,630.83,630.23,630.34,76656.28,1776814199999,48342321.67790,2493,76475.94,48228595.78050,0
1776814200000,630.34,631.35,630.12,631.35,617848.85,1776815099999,389634823.10740,3125,496531.33,313174500.51500,0
1776815100000,631.35,632.61,631.19,631.97,1219082.18,1776815999999,770362859.21800,3499,828569.87,523507639.93300,0
1776816000000,631.97,633.12,631.86,633.01,713792.63,1776816899999,451583312.38980,3923,563044.64,356209243.45720,0
1776816900000,633.01,633.32,632.54,633.0,807752.27,1776817799999,511203693.06710,3743,333232.68,210913401.53000,0
1776817800000,633.0,633.32,632.61,632.72,618730.56,1776818699999,391536540.86490,3637,206324.13,130557776.40620,0
1776818700000,632.72,633.2,632.46,633.2,649199.21,1776819599999,410791076.67770,3970,298172.68,188707822.24130,0
1776819600000,633.2,633.35,632.34,633.19,486948.47,1776820499999,308129814.49910,3493,240808.84,152404234.89530,0
1776820500000,633.35,633.35,631.87,631.87,170243.57,1776821399999,107616331.37950,966,6484.72,4097810.38930,0
1776821400000,631.87,632.53,631.87,632.3,455607.49,1776822299999,288117569.24260,2738,455490.73,288043767.83650,0
1776822300000,632.3,633.07,632.2,632.92,935891.39,1776823199999,592096822.54070,4065,588412.30,372285011.90120,0
1776823200000,632.92,635.33,632.92,635.3,1324814.66,1776824099999,839954570.66170,3847,1213613.24,769535283.04580,0
1776824100000,635.3,637.69,635.29,637.69,2803569.7,1776824999999,1784605185.59910,4930,2769253.28,1762791655.67420,0
1776825000000,637.69,639.48,637.09,639.48,1873474.87,1776825899999,1195672108.85510,3867,1540819.97,983496444.14510,0
1776825900000,639.48,641.22,638.58,641.03,1810605.95,1776826799999,1158565248.61020,4362,1443115.84,923607587.60970,0
1776826800000,641.03,641.37,639.8,641.08,2000147.19,1776827699999,1281285435.51760,4925,1214631.80,778143801.46880,0
1776827700000,641.08,641.37,639.75,640.68,1379032.13,1776828599999,883327902.32190,4113,645355.45,413406923.97340,0
1776828600000,640.68,640.68,639.8,640.15,371640.59,1776829499999,237894346.36860,2865,81367.03,52084845.57200,0
1776829500000,640.15,640.75,639.81,640.1,840739.91,1776830399999,538338176.00590,3752,491532.20,314755859.59420,0
1776830400000,640.1,640.75,639.85,639.85,666746.71,1776831299999,426820625.55660,4357,255840.86,163794921.37240,0
1776831300000,639.85,639.96,639.47,639.48,433547.46,1776832199999,277328808.18050,2972,161.86,103525.25810,0
1776832200000,639.48,640.94,639.46,640.43,1005584.91,1776833099999,643868570.17970,3773,964259.68,617432038.77010,0
1776833100000,640.43,640.49,639.77,639.94,672300.35,1776833999999,430339057.36560,3231,385.97,247082.56730,0
1776834000000,639.94,640.82,639.77,640.49,664968.82,1776834899999,425921612.50810,3432,664818.86,425825560.22320,0
1776834900000,640.49,643.85,640.38,643.31,2526311.83,1776835799999,1622857403.79680,4257,1412697.14,907030605.51610,0
1776835800000,643.31,644.44,642.99,644.23,1462368.63,1776836699999,941234445.84850,4204,1029522.39,662754333.33090,0
1776836700000,644.24,645.17,642.46,643.22,2853739.23,1776837599999,1837522987.72840,5388,753523.83,485543633.53140,0
1776837600000,643.22,643.23,642.14,642.14,512647.48,1776838499999,329388519.27280,3341,20400.37,13113554.80400,0
1776838500000,642.14,643.58,642.14,642.8,1014305.36,1776839399999,652157033.40110,3501,721630.38,463977192.04570,0
1776839400000,642.8,642.92,642.17,642.26,337499.91,1776840299999,216848674.12990,2653,78.76,50612.32040,0
1776840300000,642.26,642.72,642.1,642.72,131915.28,1776841199999,84728988.24900,2783,46899.61,30136383.95940,0
1776841200000,642.71,643.0,642.37,643.0,657876.15,1776842099999,422791527.31550,3872,391224.53,251458849.10660,0
1776842100000,643.0,643.0,641.98,642.21,365807.31,1776842999999,234996809.59150,2643,146.25,93966.84290,0
1776843000000,642.07,643.0,641.98,643.0,675409.63,1776843899999,433935699.57710,3978,480541.94,308748245.40800,0
1776843900000,643.0,643.08,642.4,642.54,699578.17,1776844799999,449594976.16800,3418,307745.53,197806684.50700,0
1776844800000,642.54,643.19,642.24,643.19,919261.04,1776845699999,590902081.44270,4111,671121.80,431482167.38760,0
1776845700000,643.19,643.24,642.12,642.12,780800.3,1776846599999,501923074.23830,3360,29663.73,19079930.83440,0
1776846600000,642.12,642.46,641.55,641.86,659579.7,1776847499999,423373866.94550,3233,106.89,68606.64010,0
1776847500000,641.86,642.74,641.55,642.58,848005.4,1776848399999,544680953.49870,4164,672781.00,432177148.62480,0
1776848400000,642.58,644.0,642.39,643.84,909224.34,1776849299999,584889534.71290,4122,885043.60,569321084.91830,0
1776849300000,643.84,643.91,643.37,643.56,907181.67,1776850199999,583831839.82810,3494,215552.68,138703583.23490,0
1776850200000,643.56,643.69,642.95,643.3,586197.44,1776851099999,377147592.71310,3705,160823.32,103498093.60440,0
1776851100000,643.3,643.3,642.15,642.5,1655083.17,1776851999999,1063684719.47460,5267,241276.66,155000375.75490,0
1776852000000,642.5,642.7,641.92,642.39,986426.59,1776852899999,633617390.04110,3549,617656.80,396739941.98730,0
1776852900000,642.39,642.9,642.35,642.9,455424.33,1776853799999,292630620.43670,3055,455319.17,292563051.31160,0
1776853800000,642.9,643.51,642.7,643.19,591729.37,1776854699999,380613107.70820,3013,434177.63,279268455.60060,0
1776854700000,643.19,643.3,642.2,642.27,707056.47,1776855599999,454402090.75040,3288,94045.66,60495406.15450,0
1776855600000,642.28,642.59,641.68,641.99,470299.92,1776856499999,302035063.93240,3295,214813.29,138013221.74260,0
1776856500000,641.99,642.37,641.68,642.37,395226.72,1776857399999,253832223.50520,2617,395087.23,253742653.95780,0
1776857400000,642.37,642.49,641.81,642.46,353925.44,1776858299999,227322029.73180,2490,243753.62,156583036.11810,0
1776858300000,642.46,643.3,642.44,643.12,580044.61,1776859199999,372790164.13170,2835,579704.16,372571313.49250,0
1776859200000,643.3,644.11,642.59,644.07,1549474.35,1776860099999,996844308.92200,4511,983975.88,633223402.22580,0
1776860100000,644.03,644.15,642.86,643.24,747368.91,1776860999999,480753457.64360,3217,197115.45,126801294.13730,0
1776861000000,643.24,643.29,642.88,642.89,232978.05,1776861899999,149827135.53150,2534,158290.34,101803624.94250,0
1776861900000,642.89,644.06,642.88,643.81,1932722.37,1776862799999,1243938448.33020,4906,1297725.51,835223702.59910,0
1776862800000,643.81,645.18,643.74,644.67,1962787.87,1776863699999,1264792217.05690,5308,1520662.63,979934459.18000,0
1776863700000,644.67,645.2,644.51,645.03,464789.24,1776864599999,299690834.76600,2903,237930.71,153459988.44640,0
1776864600000,645.08,650.66,644.48,650.66,3831566.49,1776865499999,2478709939.48480,5155,3091917.23,2001746416.06640,0
1776865500000,650.66,651.2,650.23,651.05,519625.34,1776866399999,338209220.49200,1814,519029.98,337821720.49590,0
1776866400000,651.2,653.07,650.96,652.33,2537780.05,1776867299999,1654619810.24300,4920,1363172.96,888778868.08170,0
1776867300000,652.33,652.98,651.05,651.05,2108056.55,1776868199999,1374053473.68940,4258,877194.03,571841876.77220,0
1776868200000,651.05,651.06,648.59,649.25,2544371.17,1776869099999,1653071567.14910,3794,846249.45,549401370.97770,0
1776869100000,649.23,651.22,649.23,650.93,1661051.68,1776869999999,1080360509.05290,3589,1507345.57,980308508.83640,0
1776870000000,650.93,650.95,649.46,649.46,1365078.12,1776870899999,887262289.88890,3606,81236.26,52828542.87420,0
1776870900000,649.46,649.93,648.59,649.49,1221195.81,1776871799999,793041290.97260,3538,725829.51,471403229.79220,0
1776871800000,649.49,650.36,648.77,650.07,2737991.02,1776872699999,1778768687.31380,5049,1134861.88,737365463.17550,0
1776872700000,650.07,650.69,649.5,649.5,1255204.6,1776873599999,816122519.49190,3707,573655.54,373097293.38990,0
1776873600000,649.5,651.3,649.5,650.02,1613900.25,1776874499999,1049753551.28400,3459,1283393.10,834700831.61310,0
1776874500000,650.02,650.22,647.77,647.98,1329795.84,1776875399999,862841995.51110,4790,5796.28,3763214.43210,0
1776875400000,647.98,647.99,646.92,647.07,1243462.86,1776876299999,804992793.78850,3612,163434.58,105804690.85420,0
1776876300000,647.07,647.16,644.36,644.93,2761540.45,1776877199999,1783190317.59310,5757,398642.81,257043781.47150,0
1776877200000,644.94,646.26,644.93,645.62,1054372.05,1776878099999,680659093.81450,2736,825671.85,533024822.31040,0
1776878100000,645.62,645.81,644.13,644.92,1140990.28,1776878999999,735937928.21760,3515,436103.03,281348239.18290,0
1776879000000,644.92,645.79,644.8,645.46,1068922.24,1776879899999,689841009.46260,4067,899048.37,580212021.30710,0
1776879900000,645.46,645.57,644.56,645.24,1194491.48,1776880799999,770659070.04550,3260,389635.37,251436208.66710,0
1776880800000,645.25,646.41,645.2,646.32,1087401.36,1776881699999,702315959.36000,3912,808723.92,522365143.11530,0
1776881700000,646.32,646.43,645.72,646.4,527564.33,1776882599999,340762155.92580,2562,310473.41,200549591.83280,0
1776882600000,646.4,646.43,645.67,646.04,866035.5,1776883499999,559366449.22700,3317,459055.99,296493813.60100,0
1776883500000,646.04,647.23,645.4,645.42,2558968.04,1776884399999,1654441367.67410,5338,1139960.06,737342879.45810,0
1776884400000,645.42,645.42,644.66,645.39,1381724.27,1776885299999,891236498.62390,3581,598512.15,386094766.60460,0
1776885300000,645.39,646.71,645.37,646.53,907480.66,1776886199999,586375844.93800,3463,835714.84,540009494.54570,0
1776886200000,646.53,646.77,644.66,644.66,1335610.5,1776887099999,862773003.63060,3446,56374.33,36458339.15330,0
1776887100000,644.8,644.8,644.3,644.78,1428550.69,1776887999999,920779699.36750,3676,460926.50,297031375.02320,0
1776888000000,644.78,644.81,641.54,642.17,2371434.42,1776888899999,1524104934.47320,4730,711924.29,457172103.52940,0
1776888900000,642.17,642.17,641.3,642.01,1267584.63,1776889799999,813420032.69570,4442,652754.62,418951552.16960,0
1776889800000,642.01,642.01,641.85,641.85,87841.45,1776890699999,56386065.73840,2701,393.88,252866.63780,0
1776890700000,641.85,642.01,641.35,641.4,204863.4,1776891599999,131444286.03950,3177,280.79,180226.74200,0
1776891600000,641.4,642.91,641.35,642.91,1286781.53,1776892499999,826210400.20950,4712,1279465.95,821510587.04050,0
1776892500000,642.91,642.95,642.31,642.93,536376.52,1776893399999,344752143.52460,4133,375154.52,241137125.95420,0
1776893400000,642.93,643.62,640.83,642.02,2417637.9,1776894299999,1552378806.91410,5912,1364429.45,876443076.00910,0
1776894300000,642.02,642.41,641.75,641.95,90204.59,1776895199999,57920669.62870,2286,75272.29,48333748.61700,0
1776895200000,641.95,642.42,641.66,642.36,912889.67,1776896099999,586089726.29500,3733,562148.73,360916581.13180,0
1776896100000,642.36,642.45,640.79,640.79,968890.71,1776896999999,621638622.65710,4169,27564.65,17694328.51500,0
1776897000000,640.79,641.14,640.16,640.16,667439.16,1776897899999,427493419.16430,3685,177.67,113802.94080,0
1776897900000,640.16,640.46,639.83,640.0,320097.18,1776898799999,204884447.93140,2513,239.89,153549.07370,0
1776898800000,640.0,640.3,639.51,640.3,835730.39,1776899699999,534734167.81620,2681,308048.49,197180645.90870,0
1776899700000,640.3,640.9,638.3,638.64,1881812.21,1776900599999,1203483428.16570,4247,596793.25,381990215.98670,0
1776900600000,638.64,638.78,637.75,638.02,544079.91,1776901499999,347186766.78690,2999,94028.55,60053199.10520,0
1776901500000,638.02,638.62,637.75,637.83,751404.6,1776902399999,479534203.05660,3157,291886.23,186302876.94210,0
1776902400000,637.84,638.8,636.66,636.66,2013573.53,1776903299999,1284424204.36140,5297,574881.98,366990905.25400,0
1776903300000,636.69,638.4,635.74,638.4,2308391.46,1776904199999,1470914974.14200,3682,1434124.67,913946976.15570,0
1776904200000,638.4,639.41,637.66,638.82,1550201.09,1776905099999,990070501.94970,3400,1187389.67,758390469.73290,0
1776905100000,638.82,639.38,638.66,638.77,620965.76,1776905999999,396833444.57840,2489,413832.28,264529761.59300,0
1776906000000,638.77,639.15,638.4,638.41,474381.83,1776906899999,302974719.83770,2412,242817.90,155117627.23460,0
1776906900000,638.41,638.49,637.32,637.65,1480008.57,1776907799999,943997801.28920,4294,706019.19,450361096.56470,0
1776907800000,637.58,638.44,637.14,638.43,1181058.58,1776908699999,753294500.45010,3250,923472.65,589101669.20120,0
1776908700000,638.43,638.79,637.96,638.04,1027969.68,1776909599999,656244696.09130,3408,426489.37,272326936.49920,0
1776909600000,638.04,638.27,637.67,637.67,487918.53,1776910499999,311189707.51150,3228,9093.42,5803647.55700,0
1776910500000,637.67,637.9,636.38,636.52,2463429.48,1776911399999,1569286878.67010,4169,607698.91,387035742.79190,0
1776911400000,636.52,636.54,634.28,634.53,1871708.52,1776912299999,1189585488.57520,4245,181647.73,115584622.72010,0
1776912300000,634.53,635.42,634.27,635.08,593898.96,1776913199999,377054725.99150,2860,545614.29,346425348.22820,0
1776913200000,635.08,636.1,634.97,635.43,753542.04,1776914099999,478966687.88200,3358,394895.11,251025896.15680,0
1776914100000,635.43,635.96,634.5,634.93,1331450.97,1776914999999,845609880.02110,4952,160911.41,102221853.74820,0
1776915000000,634.93,635.01,633.63,634.42,1060928.09,1776915899999,673155595.49780,4119,394152.58,250150671.62500,0
1776915900000,634.42,635.55,634.32,635.55,1168410.59,1776916799999,741859092.29760,3885,1064060.63,675634482.04140,0
1776916800000,635.55,635.93,635.05,635.75,370933.17,1776917699999,235769615.40560,2810,305079.76,193900993.66060,0
1776917700000,635.74,636.04,635.41,635.84,583418.15,1776918599999,370883583.86120,3731,271427.13,172566136.81810,0
1776918600000,635.84,636.57,635.83,636.44,268138.73,1776919499999,170626324.83020,3232,267647.77,170313860.59340,0
1776919500000,636.44,636.58,636.05,636.12,166211.11,1776920399999,105725150.47810,2337,240.32,152878.49790,0
1776920400000,636.12,636.91,636.05,636.75,1132416.84,1776921299999,720873014.97360,3858,662046.23,421399197.77420,0
1776921300000,636.76,636.97,636.31,636.72,980461.09,1776922199999,624192375.25060,4238,469445.03,298889448.42330,0
1776922200000,636.74,636.9,635.7,636.34,1244621.89,1776923099999,791754217.80860,4121,464201.22,295379247.79240,0
1776923100000,636.34,637.25,636.34,637.08,373401.33,1776923999999,237835278.35560,3069,373304.01,237773299.88910,0
1776924000000,637.08,637.91,637.03,637.66,352350.64,1776924899999,224630128.41310,3386,352065.22,224448127.08510,0
1776924900000,637.62,638.13,637.53,637.84,323468.36,1776925799999,206374501.85390,3285,323259.21,206241115.82130,0
1776925800000,637.84,638.37,637.45,637.52,608243.98,1776926699999,387898623.47200,3756,142390.21,90838730.52120,0
1776926700000,637.45,637.62,636.78,637.17,937707.42,1776927599999,597511597.04740,4870,489516.16,311985486.69780,0
1776927600000,637.17,637.62,636.83,636.83,454214.35,1776928499999,289339411.85980,3410,41823.52,26640382.85550,0
1776928500000,636.83,637.25,636.47,637.12,661463.64,1776929399999,421298946.15630,3356,463034.62,294971319.17360,0
1776929400000,637.12,637.3,636.45,636.79,507372.96,1776930299999,323075590.16480,3581,224656.13,143072649.28310,0
1776930300000,636.79,636.97,635.7,635.86,955243.1,1776931199999,607889346.91950,3864,203460.95,129506342.32720,0
1776931200000,635.7,636.37,635.05,636.21,1700912.92,1776932099999,1081535680.95580,4070,1195402.95,760100094.41930,0
1776932100000,636.21,636.31,635.51,635.79,676192.43,1776932999999,429975431.71760,4009,106280.81,67596749.80020,0
1776933000000,635.79,635.8,634.42,634.42,1172529.82,1776933899999,744756582.53090,3565,280253.47,177925528.82080,0
1776933900000,634.42,635.74,634.42,635.56,715309.72,1776934799999,454425971.69850,4051,714950.88,454198095.93850,0
1776934800000,635.74,635.74,633.0,633.71,1328852.71,1776935699999,842689990.91730,4976,250398.93,158652297.19960,0
1776935700000,633.71,634.66,633.67,634.01,961132.35,1776936599999,609528264.22270,3063,735594.63,466452532.19300,0
1776936600000,634.01,634.39,633.78,633.92,224797.37,1776937499999,142570687.96280,2252,224703.56,142511221.39910,0
1776937500000,633.92,634.39,632.66,633.17,979365.51,1776938399999,620128164.90680,4005,289787.22,183435058.52100,0
1776938400000,633.17,633.57,631.19,631.41,1610322.15,1776939299999,1018492372.97390,4265,437594.41,276940019.92800,0
1776939300000,631.41,631.93,631.19,631.8,354274.87,1776940199999,223835575.78420,2809,352954.54,223001437.32600,0
1776940200000,631.8,632.12,631.73,632.04,387179.55,1776941099999,244708368.66100,3306,386833.07,244489396.55700,0
1776941100000,632.04,632.65,631.72,631.91,746890.73,1776941999999,472151193.09470,3844,456807.17,288853630.91570,0
1776942000000,632.06,632.15,631.72,631.81,10787.76,1776942899999,6817674.02710,2171,86.76,54844.79600,0
1776942900000,631.81,632.99,631.74,632.77,1474992.78,1776943799999,933055560.15860,5397,1318030.67,833719323.05160,0
1776943800000,632.77,633.27,632.47,633.25,909847.74,1776944699999,575816839.61220,3829,719414.03,455347948.81050,0
1776944700000,633.25,633.99,633.24,633.71,837126.74,1776945599999,530512234.91360,3832,804881.11,510072237.82310,0
1776945600000,633.71,634.95,633.55,634.82,984755.55,1776946499999,624790691.58900,3470,933000.57,591999904.67790,0
1776946500000,634.82,634.95,634.22,634.22,705093.11,1776947399999,447416074.17320,3039,140434.57,89136256.80560,0
1776947400000,634.22,634.44,634.05,634.07,720935.94,1776948299999,457216141.47340,3503,311681.45,197681346.60200,0
1776948300000,634.07,634.88,632.7,634.88,1902184.57,1776949199999,1205577201.03770,4452,1353786.10,858153190.36330,0
1776949200000,634.88,635.84,634.88,634.96,1009313.02,1776950099999,641236914.86570,4212,820654.11,521388724.92840,0
1776950100000,635.03,635.84,634.8,635.04,969279.0,1776950999999,615662525.11790,3449,393852.52,250222622.15580,0
1776951000000,635.03,635.57,634.81,635.22,981629.76,1776951899999,623518949.09130,3432,427123.72,271383282.93840,0
1776951900000,635.21,636.23,634.8,636.23,1368299.88,1776952799999,869428720.20550,3823,997681.05,634094107.72550,0
1776952800000,636.23,636.97,635.9,636.19,800845.9,1776953699999,509688147.05060,2491,544829.44,346747638.53700,0
1776953700000,636.19,636.7,635.69,635.94,1743617.66,1776954599999,1109199466.40630,3789,489967.19,311752651.86880,0
1776954600000,635.94,636.73,635.9,636.43,808712.42,1776955499999,514547945.35290,3048,510883.23,325072259.63430,0
1776955500000,636.45,637.18,636.28,637.17,1021000.51,1776956399999,650058402.69240,3552,769086.09,489723235.36520,0
1776956400000,637.17,637.3,636.13,636.51,1509548.86,1776957299999,960945868.25430,3843,356245.10,226796142.79450,0
1776957300000,636.51,639.62,636.39,638.43,2371872.09,1776958199999,1513789931.86350,4164,1702717.05,1086317360.57070,0
1776958200000,638.43,640.23,638.25,639.53,1489046.88,1776959099999,951912163.58870,3322,1229073.41,785687767.87780,0
1776959100000,639.53,640.17,639.35,639.92,1003530.68,1776959999999,641967807.66610,4166,680690.32,435499320.52180,0
1776960000000,639.96,640.5,639.66,640.49,888812.55,1776960899999,569026390.09950,3464,407085.36,260645292.18540,0
1776960900000,640.32,640.49,639.4,640.48,946668.73,1776961799999,606053030.95260,3921,328213.30,210139775.65340,0
1776961800000,640.48,640.49,639.4,640.05,1926002.82,1776962699999,1232804468.22020,3830,443022.37,283542234.07200,0
1776962700000,640.04,640.05,638.71,638.71,2612689.87,1776963599999,1671569006.80790,4289,689467.73,441060804.53400,0
1776963600000,638.83,640.05,637.29,639.1,2389657.14,1776964499999,1526136522.40500,3439,1163358.67,742253022.15130,0
1776964500000,639.1,639.11,636.99,637.34,2087166.84,1776965399999,1331056520.11720,3140,1201249.74,765890749.64670,0
1776965400000,637.06,637.37,635.66,636.97,2503375.52,1776966299999,1593841949.09340,4019,578646.78,368312715.37990,0
1776966300000,636.97,637.34,633.91,634.06,2472254.11,1776967199999,1571571982.41690,3377,539776.67,342770927.22920,0
1776967200000,634.07,635.5,633.91,633.92,1386778.93,1776968099999,879431594.95540,4180,823527.10,522288922.25140,0
1776968100000,633.93,635.5,633.91,634.73,2620105.22,1776968999999,1662359016.05890,4391,1844455.55,1169941587.35130,0
1776969000000,634.72,635.51,634.68,634.72,2293423.9,1776969899999,1456162041.05060,4528,1716682.00,1089791800.47760,0
1776969900000,634.72,636.55,634.71,635.43,2228210.13,1776970799999,1415920448.21980,4076,1881431.43,1195355048.65760,0
1776970800000,635.44,636.55,635.34,635.44,1654599.58,1776971699999,1051748662.15520,3577,1386970.59,881547162.72380,0
1776971700000,635.34,636.74,635.34,636.21,1862987.04,1776972599999,1184915064.51030,4124,1263525.50,803559756.69110,0
1776972600000,636.21,636.21,635.23,635.23,2040898.03,1776973499999,1297450837.71400,4582,522018.24,331763368.17820,0
1776973500000,635.23,636.56,635.23,635.8,2047809.63,1776974399999,1302503406.66620,4322,1487179.23,945826099.84020,0
1776974400000,635.79,637.75,635.79,637.49,2409596.06,1776975299999,1533619377.80340,3527,1756725.15,1117925295.37010,0
1776975300000,637.64,637.75,636.04,636.06,2200957.6,1776976199999,1401898463.41220,4161,753224.53,479412210.30730,0
1776976200000,636.06,638.19,636.04,638.19,2575890.12,1776977099999,1641712504.72750,3496,1959526.26,1248949760.90630,0
1776977100000,638.19,638.47,638.11,638.12,364580.46,1776977999999,232686937.54070,2798,139938.10,89317846.78730,0
1776978000000,638.12,638.15,637.8,637.9,476557.7,1776978899999,304027414.39330,2886,21585.07,13774367.74110,0
1776978900000,637.8,638.09,637.26,638.0,409209.48,1776979799999,260910297.79950,2938,131893.48,84108060.84730,0
1776979800000,637.95,639.02,637.91,638.81,1309890.41,1776980699999,836331000.39300,3770,920646.76,587772951.65230,0
1776980700000,638.8,639.14,638.47,638.47,352365.16,1776981599999,225049691.12450,3028,81655.42,52181975.11340,0
1776981600000,638.47,639.24,638.24,639.19,291949.41,1776982499999,186567591.95770,2596,277933.75,177619027.69860,0
1776982500000,639.19,639.82,638.76,639.35,3428204.37,1776983399999,2191122861.71470,4354,2237905.77,1430300974.32670,0
1776983400000,639.36,639.76,639.32,639.52,589349.46,1776984299999,376909371.02720,3045,467789.38,299187485.61030,0
1776984300000,639.73,639.82,638.8,638.88,1013331.77,1776985199999,647723003.66630,4207,269022.06,171997938.06890,0
1776985200000,638.88,638.98,638.16,638.37,2185264.41,1776986099999,1395551040.16970,4485,764122.49,487831033.17290,0
1776986100000,638.41,638.92,638.16,638.31,610598.91,1776986999999,389874823.95400,2565,433295.77,276644600.56030,0
1776987000000,638.31,638.91,638.16,638.5,1055437.71,1776987899999,674099261.82170,2655,383473.59,244874184.02850,0
1776987900000,638.53,638.94,638.48,638.81,772458.77,1776988799999,493361708.50890,3245,544716.81,347903948.67740,0
1776988800000,638.84,639.4,638.36,639.06,1819620.27,1776989699999,1162601462.84990,4268,1300612.45,830976651.90790,0
1776989700000,639.05,640.09,638.72,639.73,1488980.63,1776990599999,952136742.64700,4463,1255352.49,802815303.02450,0
1776990600000,639.73,640.44,639.6,640.17,2390648.52,1776991499999,1529970646.43380,5153,1375554.39,880214771.55440,0
1776991500000,639.93,640.48,639.82,640.24,220411.24,1776992399999,141123519.41410,2760,180766.32,115755479.51150,0
1776992400000,640.24,640.48,638.9,640.42,3040037.47,1776993299999,1944563393.22120,4426,1451228.18,927976707.85680,0
1776993300000,640.42,640.42,638.23,639.06,1416913.82,1776994199999,904998834.37500,3201,655465.28,418672601.91380,0
1776994200000,638.78,639.06,638.03,638.05,2089880.06,1776995099999,1334479764.01820,3767,465091.50,296968592.60850,0
1776995100000,638.05,639.85,638.04,639.78,2742804.88,1776995999999,1752757517.08850,4445,1487006.63,949987058.92650,0
1776996000000,639.85,639.93,638.06,638.46,1936714.49,1776996899999,1237941161.20520,3124,601076.07,383857273.77850,0
1776996900000,638.41,639.8,637.99,639.15,2539073.2,1776997799999,1621538708.45800,4145,1841943.64,1176299655.56770,0
1776997800000,639.15,639.19,637.88,638.35,1703591.09,1776998699999,1087386613.05900,4144,1005012.51,641463366.51910,0
1776998700000,637.88,638.7,636.79,638.34,2798130.77,1776999599999,1785272903.74150,4743,1474868.34,940919703.25410,0
1776999600000,638.7,638.7,636.71,636.91,939034.03,1777000499999,598465663.28830,2974,249360.04,158809618.00530,0
1777000500000,636.71,636.98,635.47,635.47,2316730.53,1777001399999,1474643111.72470,3965,774206.70,492764208.05930,0
1777001400000,635.47,635.55,634.23,634.36,2459275.77,1777002299999,1561206547.63040,3634,1022901.08,649145973.87580,0
1777002300000,634.36,635.33,634.23,635.18,3113767.79,1777003199999,1976821546.32910,3474,1036895.96,657976485.45330,0
1777003200000,635.09,635.18,634.35,634.89,1080011.63,1777004099999,685587293.86590,3748,255580.69,162239597.33370,0
1777004100000,634.9,634.9,633.35,634.34,2575177.35,1777004999999,1633497971.03780,4603,1101605.29,698653983.88520,0
1777005000000,634.35,634.77,633.07,633.23,1331314.54,1777005899999,843575780.82430,3155,663602.71,420416950.12670,0
1777005900000,633.21,634.55,633.21,634.23,1699981.56,1777006799999,1077476218.85950,3650,1513160.43,959047148.63470,0
1777006800000,634.23,634.55,632.67,632.71,2267154.37,1777007699999,1435737039.08680,4867,574382.89,363470111.28940,0
1777007700000,632.71,633.16,632.34,632.44,3155435.66,1777008599999,1996866610.67930,5677,1528583.59,967159657.08450,0
1777008600000,632.5,633.16,632.44,633.16,392264.13,1777009499999,248295159.11070,2815,104483.14,66135789.57050,0
1777009500000,633.16,633.98,633.04,633.53,2317494.49,1777010399999,1467966198.63530,3429,1910285.30,1209925641.17080,0
1777010400000,633.06,634.51,633.06,633.73,1571757.49,1777011299999,996234134.13970,3144,995169.77,630713450.13220,0
1777011300000,633.72,634.94,633.56,634.68,2821880.92,1777012199999,1789671319.36230,4566,2324082.69,1473716374.38400,0
1777012200000,634.71,634.71,634.41,634.42,567326.34,1777013099999,360001729.51950,3481,505336.89,320661847.09750,0
1777013100000,634.41,635.49,634.41,635.48,2367934.7,1777013999999,1503109064.49070,5388,1682099.90,1067488608.20190,0
1777014000000,635.49,635.56,634.6,635.12,1641924.78,1777014899999,1042836969.43110,3157,632168.84,401372085.19500,0
1777014900000,635.12,636.78,635.03,636.78,1777534.36,1777015799999,1129627925.30520,3004,1528087.50,971167996.80380,0
1777015800000,636.73,636.78,635.65,636.67,583329.76,1777016699999,371211479.58750,2787,147919.45,94122722.13900,0
1777016700000,636.66,636.69,635.65,635.71,2965663.08,1777017599999,1886529201.18650,4028,1608772.39,1022807135.14200,0
1777017600000,635.71,636.69,635.23,635.69,1317801.15,1777018499999,837864198.73190,3970,624541.07,397026159.82580,0
1777018500000,635.7,636.7,635.23,636.69,2743502.76,1777019399999,1745048422.41510,4111,1624550.20,1032954514.69610,0
1777019400000,636.7,637.85,635.69,637.38,2310133.12,1777020299999,1470725393.93770,3646,1431731.26,911271283.10030,0
1777020300000,637.37,638.07,637.25,637.31,2032398.73,1777021199999,1295834937.31140,4225,1212771.26,773237485.94060,0
1777021200000,637.37,638.08,636.16,637.8,2316367.46,1777022099999,1477188170.03090,4168,724758.46,462040922.13660,0
1777022100000,637.8,638.07,634.58,634.6,2796255.81,1777022999999,1778545951.60470,4329,1166917.76,742012829.12320,0
1777023000000,634.58,634.68,634.55,634.63,69573.93,1777023899999,44150135.46820,1793,123.23,78203.69460,0
1777023900000,634.63,634.65,633.95,633.99,1561816.1,1777024799999,990784496.33860,2774,543801.59,344878302.39760,0
1777024800000,633.99,633.99,633.95,633.95,1264.52,1777025699999,801686.57440,1836,1103.01,699297.30990,0
1777025700000,633.99,635.77,633.95,635.13,3022429.87,1777026599999,1918659083.00590,4687,2112043.58,1340656555.94360,0
1777026600000,635.32,635.77,634.55,635.31,1636465.4,1777027499999,1039268906.20200,2526,626187.00,397587380.33500,0
1777027500000,635.3,635.77,634.91,635.36,2033885.0,1777028399999,1291957694.58370,3920,895496.52,568777052.98440,0
1777028400000,635.07,637.55,635.07,635.19,2356730.76,1777029299999,1498103316.44660,4203,1749698.26,1111973782.72080,0
1777029300000,635.21,637.55,635.19,637.44,266980.5,1777030199999,169911644.42130,1725,182343.08,115963023.79790,0
1777030200000,637.55,638.7,637.16,638.7,2014534.78,1777031099999,1284753119.03650,3520,1696262.68,1081731243.72620,0
1777031100000,638.52,638.76,638.35,638.63,352471.01,1777031999999,225088796.43490,2605,181715.91,116054909.03290,0
1777032000000,638.71,638.9,638.34,638.87,188445.64,1777032899999,120372981.17070,2476,187517.57,119780234.96010,0
1777032900000,638.87,639.06,638.53,638.72,556975.25,1777033799999,355745938.09830,3967,161410.73,103115829.98490,0
1777033800000,638.72,639.06,637.16,637.39,3175965.99,1777034699999,2027634291.07240,3924,1171041.15,747365084.85960,0
1777034700000,637.39,638.23,637.09,637.74,1907332.77,1777035599999,1215980369.44190,2867,1455609.14,928016726.05720,0
1777035600000,637.54,639.76,637.17,639.76,1839060.24,1777036499999,1174636592.05410,2427,1039713.80,663586643.33300,0
1777036500000,639.76,640.23,637.74,639.43,2949193.31,1777037399999,1885867411.79340,3162,1664039.62,1063893142.91190,0
1777037400000,639.43,639.65,639.02,639.57,1052912.3,1777038299999,673305074.20330,2924,443800.69,283835726.28490,0
