open_time,open,high,low,close,volume,close_time,quote_asset_volume,number_of_trades,taker_buy_base_asset_volume,taker_buy_quote_asset_volume,ignore
1775828700000,5242.0,5245.5,5240.8,5244.5,187.333,1775829599999,982275.9660,2040,134.683,706257.4686,0
1775829600000,5244.5,5262.5,5244.5,5258.8,905.828,1775830499999,4759357.3256,2503,888.404,4667849.5203,0
1775830500000,5258.8,5262.5,5250.1,5256.4,9.272,1775831399999,48711.5571,1722,0.009,47.3625,0
1775831400000,5256.4,5260.0,5254.0,5255.5,9.005,1775832299999,47347.5436,1660,0,0,0
1775832300000,5255.5,5258.1,5244.5,5247.0,9.791,1775833199999,51405.7897,1881,0,0,0
1775833200000,5247.0,5247.6,5242.5,5246.2,9.594,1775834099999,50318.5027,1839,0,0,0
1775834100000,5246.2,5250.9,5242.8,5244.4,9.927,1775834999999,52081.3244,1810,0.042,220.2860,0
1775835000000,5244.4,5253.8,5242.1,5253.8,9.706,1775835899999,50923.4830,2020,0.543,2849.3390,0
1775835900000,5253.8,5254.3,5246.5,5251.0,8.518,1775836799999,44727.3160,1712,0.244,1281.2341,0
1775836800000,5249.8,5253.7,5247.6,5253.6,9.52,1775837699999,49992.7592,1985,0.884,4643.4046,0
1775837700000,5253.6,5254.2,5243.5,5250.5,9.697,1775838599999,50894.7546,1866,0.043,225.9151,0
1775838600000,5250.5,5255.1,5247.4,5254.8,9.797,1775839499999,51458.5576,2021,0.779,4093.5995,0
1775839500000,5254.8,5262.5,5251.0,5257.2,10.392,1775840399999,54610.8782,2052,0.837,4399.9882,0
1775840400000,5257.2,5259.9,5243.5,5252.0,9.718,1775841299999,51056.0068,1994,0.954,5011.4084,0
1775841300000,5252.0,5259.1,5250.3,5258.3,6.429,1775842199999,33792.3413,1496,1.970,10356.4429,0
1775842200000,5258.3,5258.6,5253.6,5258.3,6.0,1775843099999,31537.7425,1317,0.973,5114.8085,0
1775843100000,5258.3,5260.0,5254.9,5257.8,9.618,1775843999999,50570.9035,1983,0.694,3649.9887,0
1775844000000,5257.8,5257.9,5254.3,5256.7,9.722,1775844899999,51102.3356,1838,0,0,0
1775844900000,5256.7,5262.7,4988.5,5249.2,2375.149,1775845799999,12451936.8585,2256,22.954,120796.9420,0
1775845800000,5249.2,5250.6,5248.1,5248.5,195.926,1775846699999,1028427.2797,2319,129.520,679877.7488,0
1775846700000,5248.5,5250.0,5248.0,5248.9,9.815,1775847599999,51514.4614,1976,5.773,30300.2996,0
1775847600000,5248.9,5251.8,5243.5,5243.5,9.419,1775848499999,49424.1092,1946,1.559,8184.0424,0
1775848500000,5243.5,5251.8,5236.6,5236.6,13.084,1775849399999,68599.9436,2021,2.649,13912.0140,0
1775849400000,5236.6,5251.8,5234.1,5238.8,10.148,1775850299999,53147.8629,1885,0.047,246.8346,0
1775850300000,5238.8,5251.8,5235.7,5243.3,10.356,1775851199999,54263.8444,1850,0.002,10.5036,0
1775851200000,5242.9,5251.8,5234.1,5244.5,11.191,1775852099999,58685.7632,1828,1.953,10255.8741,0
1775852100000,5244.5,5251.8,5234.1,5247.1,14.28,1775852999999,74823.5262,1790,0.002,10.5036,0
1775853000000,5247.1,5254.8,5245.3,5254.7,10.183,1775853899999,53469.5225,2005,3.643,19134.6316,0
1775853900000,5254.7,5258.0,5252.1,5255.3,10.062,1775854799999,52884.0126,2350,4.586,24106.1906,0
1775854800000,5255.3,5259.0,5254.8,5256.4,23.85,1775855699999,125375.9296,2211,4.250,22345.8975,0
1775855700000,5256.4,5258.8,5256.4,5258.8,146.941,1775856599999,772602.3929,2025,141.445,743704.5463,0
1775856600000,5258.8,5259.0,5252.1,5254.8,415.695,1775857499999,2184682.5701,2024,3.202,16828.8341,0
1775857500000,5254.8,5259.5,5252.1,5255.5,7.51,1775858399999,39478.6766,1458,3.173,16681.7372,0
1775858400000,5255.5,5259.5,5252.1,5254.7,6.181,1775859299999,32491.0611,1132,0.002,10.5190,0
1775859300000,5254.7,5258.3,5250.1,5250.2,9.826,1775860199999,51611.2934,1990,0,0,0
1775860200000,5250.2,5259.6,5247.3,5254.2,10.001,1775861099999,52518.6282,1952,0.004,21.0384,0
1775861100000,5254.2,5259.6,5252.0,5253.5,10.315,1775861999999,54194.5884,1916,0.046,241.9416,0
1775862000000,5253.5,5253.7,5248.4,5252.8,10.079,1775862899999,52932.0611,2260,1.109,5825.2783,0
1775862900000,5252.8,5253.7,5248.9,5250.2,9.86,1775863799999,51767.6703,1893,0.002,10.5074,0
1775863800000,5250.2,5259.6,5249.4,5252.1,9.268,1775864699999,48685.0070,1788,0.002,10.5192,0
1775864700000,5252.1,5259.6,4990.0,4990.0,3705.756,1775865599999,18636756.9900,2235,3149.575,15716380.3284,0
1775865600000,4990.0,5280.0,4990.0,5251.6,9039.971,1775866499999,46910780.3422,3133,3732.837,18945627.4330,0
1775866500000,5251.6,5256.5,5251.4,5256.5,673.961,1775867399999,3540232.3076,2521,670.553,3522333.5191,0
1775867400000,5256.5,5260.0,5256.2,5259.9,124.661,1775868299999,655437.9604,1735,93.051,489196.4500,0
1775868300000,5259.9,5260.0,5258.4,5259.3,201.196,1775869199999,1058084.4160,1515,94.935,499255.6991,0
1775869200000,5259.3,5260.0,5257.3,5258.6,7.086,1775870099999,37266.2259,1521,2.911,15310.7424,0
1775870100000,5258.6,5266.5,5257.4,5266.5,9.393,1775870999999,49414.9875,1940,7.454,39216.4527,0
1775871000000,5266.5,5269.8,5257.2,5267.6,10.808,1775871899999,56934.8159,2153,8.525,44911.1613,0
1775871900000,5267.6,5269.7,5257.2,5265.5,10.132,1775872799999,53369.9797,1921,1.665,8772.8755,0
1775872800000,5265.5,5269.7,5257.2,5265.8,10.213,1775873699999,53790.6241,1905,0.052,273.9426,0
1775873700000,5265.8,5268.0,5256.5,5256.5,9.831,1775874599999,51740.3894,1902,0,0,0
1775874600000,5256.5,5269.7,5254.9,5254.9,10.203,1775875499999,53632.2063,1981,0.567,2987.9135,0
1775875500000,5254.9,5255.2,5250.0,5250.0,10.904,1775876399999,57275.6953,2173,0,0,0
1775876400000,5250.0,5269.7,5250.0,5252.4,10.084,1775877299999,52958.4098,2040,0.002,10.5394,0
1775877300000,5252.4,5252.4,5248.8,5251.1,9.979,1775878199999,52392.6466,2153,0.110,577.5061,0
1775878200000,5250.1,5269.7,5248.8,5252.6,9.647,1775879099999,50662.6020,1832,0.020,105.0614,0
1775879100000,5252.6,5269.7,5252.4,5264.7,8.976,1775879999999,47196.4703,1718,0.061,321.1821,0
1775880000000,5264.7,5269.7,5248.8,5263.8,9.543,1775880899999,50230.2177,1754,0.001,5.2697,0
1775880900000,5263.8,5263.8,5248.8,5261.3,10.538,1775881799999,55443.3738,1916,0,0,0
1775881800000,5261.3,5269.7,5248.8,5262.5,10.7,1775882699999,56313.7914,1932,0.004,21.0788,0
1775882700000,5262.5,5264.7,5260.5,5263.8,10.203,1775883599999,53698.2948,1993,0.371,1952.6454,0
1775883600000,5264.0,5271.8,5261.8,5271.7,92.11,1775884499999,485423.1031,2212,84.035,442905.3269,0
1775884500000,5271.7,5272.7,5269.6,5271.4,187.198,1775885399999,986849.5302,2083,80.464,424172.3300,0
1775885400000,5271.6,5271.6,5267.5,5269.2,271.521,1775886299999,1430941.6429,2133,1.922,10127.5913,0
1775886300000,5269.2,5269.8,5266.1,5267.7,10.091,1775887199999,53153.9532,2003,0.002,10.5396,0
1775887200000,5267.7,5274.2,5266.1,5272.8,9.405,1775888099999,49578.9699,1747,1.857,9789.8741,0
1775888100000,5272.8,5274.3,5266.1,5273.6,10.117,1775888999999,53333.7029,1852,0.002,10.5486,0
1775889000000,5273.6,5274.0,5269.7,5272.9,9.708,1775889899999,51182.2179,1754,0,0,0
1775889900000,5272.9,5274.3,5266.1,5266.1,10.156,1775890799999,53531.0498,1882,0.002,10.5486,0
1775890800000,5266.1,5270.2,5264.8,5264.8,10.201,1775891699999,53727.3536,2095,0.112,590.0303,0
1775891700000,5264.8,5274.3,5264.8,5265.1,11.048,1775892599999,58183.1968,2083,0.496,2615.4804,0
1775892600000,5265.1,5274.3,5264.6,5266.9,10.5,1775893499999,55294.8303,2345,0.099,521.4153,0
1775893500000,5266.9,5268.2,5264.1,5264.5,10.021,1775894399999,52771.2646,2105,0.218,1147.8192,0
1775894400000,5264.7,5274.3,5259.8,5260.6,10.012,1775895299999,52699.2839,2235,0.406,2138.2305,0
1775895300000,5260.6,5274.3,5258.6,5259.0,9.22,1775896199999,48503.0792,1734,0.002,10.5486,0
1775896200000,5259.0,5274.3,5255.9,5259.0,9.266,1775897099999,48723.7356,1863,0.004,21.0972,0
1775897100000,5259.0,5274.3,4996.8,5257.5,3025.032,1775897999999,15885764.9123,2221,1.003,5288.2965,0
1775898000000,5257.5,5260.6,5255.3,5257.9,9.692,1775898899999,50953.6806,1878,0.003,15.7812,0
1775898900000,5257.9,5274.3,5251.4,5253.3,9.015,1775899799999,47359.7025,1815,0.002,10.5349,0
1775899800000,5253.3,5274.3,5252.4,5256.8,9.8,1775900699999,51502.6081,1819,0.001,5.2743,0
1775900700000,5256.8,5274.3,5252.4,5259.9,10.903,1775901599999,57316.4975,1952,0.270,1420.0394,0
1775901600000,5259.9,5262.8,5255.4,5260.2,10.007,1775902499999,52625.4455,1982,0.354,1861.8478,0
1775902500000,5260.2,5264.9,5257.2,5264.4,10.319,1775903399999,54299.7420,2083,0.921,4847.6266,0
1775903400000,5264.4,5265.5,5259.9,5259.9,10.139,1775904299999,53357.5826,2080,0.075,394.8929,0
1775904300000,5259.9,5265.5,5259.7,5263.2,10.025,1775905199999,52753.1777,1917,0.001,5.2655,0
1775905200000,5263.2,5274.3,5261.5,5265.7,10.358,1775906099999,54525.5020,1977,0.001,5.2743,0
1775906100000,5265.7,5274.3,5264.5,5267.9,10.275,1775906999999,54110.0168,2034,0.002,10.5486,0
1775907000000,5267.9,5269.7,5266.1,5266.2,10.524,1775907899999,55447.1887,2160,0,0,0
1775907900000,5266.2,5274.3,5261.3,5262.6,10.414,1775908799999,54821.2334,1976,0.001,5.2743,0
1775908800000,5263.0,5274.3,5262.5,5268.5,9.674,1775909699999,50951.1601,1922,0.081,426.5737,0
1775909700000,5268.5,5274.3,5268.3,5272.5,9.767,1775910599999,51492.4156,1782,0.009,47.4687,0
1775910600000,5272.7,5274.4,5269.9,5271.9,24.536,1775911499999,129355.2990,2098,15.374,81052.0403,0
1775911500000,5271.9,5274.0,5270.7,5272.9,242.664,1775912399999,1279547.1801,2440,195.226,1029457.8960,0
1775912400000,5273.0,5273.5,5265.5,5266.7,325.296,1775913299999,1714737.7300,2348,34.102,179727.6846,0
1775913300000,5266.7,5271.3,5266.1,5266.8,10.141,1775914199999,53423.0886,1828,0.004,21.0852,0
1775914200000,5266.8,5271.3,5262.9,5265.3,20.809,1775915099999,109599.7312,1989,4.818,25396.8564,0
1775915100000,5265.3,5265.6,5256.5,5256.5,9.825,1775915999999,51679.8300,2124,0,0,0
1775916000000,5256.5,5271.3,5251.0,5251.0,10.223,1775916899999,53705.3171,1919,0.236,1244.0123,0
1775916900000,5251.0,5271.3,5250.1,5253.1,10.339,1775917799999,54304.4981,1894,0.002,10.5426,0
1775917800000,5252.5,5271.3,5250.1,5253.3,11.135,1775918699999,58493.0878,1886,0.002,10.5426,0
1775918700000,5253.3,5271.3,5250.1,5257.2,9.779,1775919599999,51385.5826,1781,0.002,10.5426,0
1775919600000,5257.2,5258.1,5250.1,5252.6,9.267,1775920499999,48696.6605,1701,0,0,0
1775920500000,5252.6,5271.3,5247.8,5248.8,9.481,1775921399999,49778.7845,1923,0.459,2410.5485,0
1775921400000,5248.8,5252.3,5247.7,5249.7,10.799,1775922299999,56682.3583,1889,0.013,68.2557,0
1775922300000,5249.7,5252.9,5249.4,5250.9,9.769,1775923199999,51295.1632,1895,0.133,698.6333,0
1775923200000,5251.5,5271.3,5247.7,5247.7,9.512,1775924099999,49959.2419,1794,0.853,4494.1370,0
1775924100000,5247.7,5271.3,5247.7,5253.0,7.463,1775924999999,39185.6108,1396,0.004,21.0665,0
1775925000000,5253.0,5253.8,5243.8,5244.7,6.955,1775925899999,36511.2100,1369,0,0,0
1775925900000,5244.7,5251.2,5243.7,5245.1,7.805,1775926799999,40953.9202,1480,0.032,167.9934,0
1775926800000,5245.1,5249.7,5245.1,5246.2,10.433,1775927699999,54734.5657,2012,0.004,20.9988,0
1775927700000,5246.2,5251.2,5246.2,5248.5,10.2,1775928599999,53534.3791,2024,0.579,3039.6355,0
1775928600000,5248.5,5249.8,5247.2,5248.3,9.91,1775929499999,52007.7190,1874,0.002,10.4996,0
1775929500000,5248.3,5252.5,5248.3,5252.4,10.136,1775930399999,53227.8171,2049,0.547,2872.2388,0
1775930400000,5252.4,5252.6,5247.2,5250.7,8.94,1775931299999,46950.7910,1911,0.478,2510.7319,0
1775931300000,5250.6,5253.2,5250.4,5252.6,7.381,1775932199999,38767.9442,1556,0.489,2568.6710,0
1775932200000,5252.6,5271.3,5227.4,5227.4,8.023,1775933099999,42010.2644,1387,0.489,2560.1570,0
1775933100000,5227.4,5227.4,5220.0,5222.7,704.819,1775933999999,3681025.8336,2611,5.471,28569.3011,0
1775934000000,5222.7,5222.7,5206.1,5207.4,982.575,1775934899999,5124961.1888,2590,2.803,14611.0035,0
1775934900000,5207.4,5210.4,5201.1,5201.5,11.944,1775935799999,62174.7138,1935,0.020,104.1396,0
1775935800000,5201.5,5210.4,5192.4,5196.4,10.129,1775936699999,52646.6433,2003,0.588,3055.4056,0
1775936700000,5196.4,5210.4,5192.4,5200.6,9.828,1775937599999,51104.1132,1888,0.483,2510.6112,0
1775937600000,5200.5,5210.4,5192.4,5203.8,7.005,1775938499999,36444.0374,1311,0.408,2125.2975,0
1775938500000,5203.8,5210.4,5192.4,5205.1,6.418,1775939399999,33394.2028,1424,0.421,2191.5916,0
1775939400000,5205.1,5216.7,5205.1,5216.6,9.597,1775940299999,50043.1386,1919,5.894,30737.9175,0
1775940300000,5216.6,5216.6,5192.4,5208.8,15.658,1775941199999,81581.8274,2022,6.060,31575.0031,0
1775941200000,5208.8,5213.6,5208.6,5211.4,602.663,1775942099999,3140188.1113,2329,443.670,2311752.4640,0
1775942100000,5211.4,5213.1,5210.3,5212.5,455.591,1775942999999,2374293.1195,2194,403.316,2101904.9926,0
1775943000000,5212.5,5216.6,5212.4,5216.6,41.292,1775943899999,215271.2520,1376,26.025,135687.7673,0
1775943900000,5216.6,5217.9,5212.5,5217.7,7.192,1775944799999,37508.4674,1338,4.019,20962.7047,0
1775944800000,5217.7,5217.7,5210.9,5212.2,193.23,1775945699999,1007250.2275,2273,4.886,25476.5607,0
1775945700000,5212.2,5212.2,5204.0,5206.1,356.51,1775946599999,1856805.7835,2552,117.854,613670.6517,0
1775946600000,5206.1,5216.8,5205.3,5213.9,1467.864,1775947499999,7647263.4238,2583,1342.387,6993215.8053,0
1775947500000,5213.9,5217.4,5212.1,5216.4,140.714,1775948399999,733906.7967,2038,101.375,528707.0015,0
1775948400000,5216.4,5224.5,5215.2,5224.4,873.306,1775949299999,4556202.5012,2304,781.775,4078753.5730,0
1775949300000,5224.4,5225.7,5223.4,5223.8,282.052,1775950199999,1473633.3771,2154,203.944,1065568.0381,0
1775950200000,5223.8,5224.3,5221.3,5223.7,492.467,1775951099999,2572288.6614,2230,4.220,22041.6542,0
1775951100000,5223.7,5224.7,5221.9,5223.8,267.257,1775951999999,1396020.3721,2485,20.288,105986.7155,0
1775952000000,5223.8,5224.7,5216.7,5224.4,9.902,1775952899999,51708.7608,1894,0.586,3061.5538,0
1775952900000,5224.4,5227.0,5221.1,5224.6,545.298,1775953799999,2848230.2215,2414,4.249,22200.3763,0
1775953800000,5224.6,5231.5,5224.6,5227.6,9.576,1775954699999,50061.8720,1910,7.685,40178.6174,0
1775954700000,5227.6,5228.7,5225.3,5225.9,8.406,1775955599999,43940.8288,1549,0.853,4459.6986,0
1775955600000,5225.9,5228.7,5221.1,5223.5,6.873,1775956499999,35903.9767,1463,1.171,6118.1930,0
1775956500000,5223.5,5226.3,5221.1,5226.3,8.528,1775957399999,44557.2887,1578,4.335,22649.0649,0
1775957400000,5226.3,5241.7,5221.1,5241.4,10.203,1775958299999,53357.1601,1779,5.856,30629.7145,0
1775958300000,5241.4,5253.6,5221.1,5253.6,76.169,1775959199999,399650.1669,1874,71.341,374325.9506,0
1775959200000,5253.6,5258.5,5221.1,5253.2,728.232,1775960099999,3826350.9150,2251,64.725,340279.4353,0
1775960100000,5253.2,5254.5,5248.6,5251.9,9.711,1775960999999,50988.4756,1856,0.035,183.9075,0
1775961000000,5251.9,5253.8,5250.2,5252.6,9.288,1775961899999,48779.3123,1905,0.774,4065.2728,0
1775961900000,5252.6,5254.5,4985.6,5249.1,4847.713,1775962799999,25405753.4168,2607,2.783,14608.6482,0
1775962800000,5249.1,5252.1,5247.6,5248.8,9.759,1775963699999,51228.8106,1994,3.527,18516.6132,0
1775963700000,5248.8,5250.0,5242.6,5243.7,10.178,1775964599999,53390.9860,2033,0.059,309.7075,0
1775964600000,5243.7,5252.1,5241.2,5246.2,9.907,1775965499999,51956.7862,1942,0.149,781.9628,0
1775965500000,5246.2,5246.9,5241.3,5244.1,9.192,1775966399999,48211.3102,1754,0,0,0
1775966400000,5244.1,5252.1,5242.7,5244.1,9.588,1775967299999,50292.0745,1858,0.018,94.5246,0
1775967300000,5244.1,5252.1,5243.4,5244.1,10.175,1775968199999,53365.3787,1895,0.001,5.2521,0
1775968200000,5244.1,5252.1,5243.1,5244.5,10.183,1775969099999,53429.6879,1979,0.049,257.1962,0
1775969100000,5244.5,5246.1,5239.4,5241.7,10.568,1775969999999,55408.4267,2017,0,0,0
1775970000000,5241.7,5247.8,5239.7,5245.6,10.548,1775970899999,55317.4876,1956,0,0,0
1775970900000,5245.6,5250.5,5245.6,5250.2,8.934,1775971799999,46892.5511,1995,1.365,7166.4023,0
1775971800000,5250.2,5253.1,5249.9,5252.5,9.601,1775972699999,50420.3079,2121,4.649,24416.6646,0
1775972700000,5252.5,5256.8,5244.5,5255.1,9.769,1775973599999,51326.8060,2014,5.241,27539.1352,0
1775973600000,5255.1,5255.2,5244.5,5251.7,10.407,1775974499999,54653.7057,2068,4.948,25986.2797,0
1775974500000,5251.7,5255.2,5248.5,5249.0,9.788,1775975399999,51412.3727,2340,4.287,22520.3447,0
1775975400000,5249.0,5252.7,5247.8,5251.7,9.053,1775976299999,47533.7827,1895,4.706,24710.8228,0
1775976300000,5251.7,5252.9,5250.1,5250.1,41.854,1775977199999,219824.2997,2165,33.462,175756.7110,0
1775977200000,5250.1,5252.3,5249.9,5252.3,91.572,1775978099999,480799.5607,2103,83.886,440443.7969,0
1775978100000,5252.3,5256.9,5251.0,5256.9,104.061,1775978999999,546837.9966,2317,95.906,503990.6871,0
1775979000000,5256.8,5262.2,5256.6,5261.8,206.185,1775979899999,1084474.9591,2190,146.240,769181.6203,0
1775979900000,5261.8,5261.9,5258.4,5259.1,10.442,1775980799999,54928.6769,1935,0,0,0
1775980800000,5260.8,5262.5,5259.1,5261.6,9.989,1775981699999,52555.1523,1839,0.326,1715.5123,0
1775981700000,5261.6,5261.7,5258.0,5258.5,10.199,1775982599999,53643.6476,2036,0,0,0
1775982600000,5258.0,5263.5,5257.7,5261.8,383.341,1775983499999,2017436.8191,2304,53.649,282343.6946,0
1775983500000,5261.8,5261.9,5258.9,5260.7,166.654,1775984399999,876622.5694,2295,5.131,26992.4810,0
1775984400000,5260.7,5260.8,5257.0,5257.0,112.915,1775985299999,593844.1851,1948,70.597,371311.5892,0
1775985300000,5257.0,5258.8,5255.7,5257.5,9.506,1775986199999,49972.9310,1960,0,0,0
1775986200000,5257.5,5258.2,5254.6,5257.2,10.16,1775987099999,53408.4052,1889,0,0,0
1775987100000,5257.2,5257.2,5250.4,5250.4,10.644,1775987999999,55913.4379,2044,0,0,0
1775988000000,5250.4,5260.8,5248.5,5248.8,12.148,1775988899999,63767.2786,2006,0.189,994.2912,0
1775988900000,5248.8,5260.8,5242.8,5242.8,11.895,1775989799999,62429.7421,2484,1.555,8180.5440,0
1775989800000,5242.7,5246.3,5241.8,5241.8,8.685,1775990699999,45534.5802,1657,0,0,0
1775990700000,5241.8,5258.2,5241.3,5254.4,9.36,1775991599999,49116.1882,1828,0.062,325.8898,0
1775991600000,5254.4,5258.7,5253.4,5253.4,9.602,1775992499999,50462.8706,1903,0.004,21.0256,0
1775992500000,5253.5,5260.8,5248.5,5250.3,14.821,1775993399999,77870.9250,1943,4.558,23978.7264,0
1775993400000,5250.3,5251.9,5245.6,5245.6,10.385,1775994299999,54501.0018,2077,0,0,0
1775994300000,5245.6,5246.1,5244.0,5244.0,9.312,1775995199999,48842.6792,1810,0,0,0
1775995200000,5244.0,5260.8,5240.5,5241.8,11.024,1775996099999,57813.8741,1711,1.086,5713.2288,0
1775996100000,5241.8,5260.8,5172.8,5242.7,2650.501,1775996999999,13886497.1319,2218,0.535,2814.2100,0
1775997000000,5242.7,5260.9,5240.0,5240.0,415.875,1775997899999,2179913.5117,2243,0.099,520.8212,0
1775997900000,5240.0,5242.7,5236.8,5238.9,9.818,1775998799999,51438.9086,1961,0,0,0
1775998800000,5238.9,5239.3,5229.6,5236.7,819.051,1775999699999,4285609.6193,1953,0,0,0
1775999700000,5236.7,5260.9,5232.1,5233.6,10.04,1776000599999,52552.8271,1953,0.038,199.9142,0
1776000600000,5233.6,5237.2,5233.6,5234.1,9.582,1776001499999,50165.1827,1879,0,0,0
1776001500000,5234.1,5240.4,5234.0,5238.1,14.074,1776002399999,73698.3109,1784,0,0,0
1776002400000,5238.1,5260.9,5237.4,5241.9,9.283,1776003299999,48645.2757,1709,0.019,99.9571,0
1776003300000,5241.9,5243.7,5239.6,5240.6,9.627,1776004199999,50455.7688,1779,0,0,0
1776004200000,5240.6,5246.6,5234.0,5246.4,9.731,1776005099999,51030.8262,1805,0,0,0
1776005100000,5246.4,5246.4,5237.6,5237.8,9.414,1776005999999,49345.9841,1717,0,0,0
1776006000000,5237.8,5242.7,5237.7,5242.4,6.334,1776006899999,33187.0478,1196,0,0,0
1776006900000,5242.0,5243.6,5241.3,5242.4,6.562,1776007799999,34401.1323,1197,0,0,0
1776007800000,5242.4,5243.7,5234.0,5242.7,9.01,1776008699999,47222.1132,1523,0,0,0
1776008700000,5242.7,5243.4,5239.0,5240.0,9.518,1776009599999,49887.3799,1777,0,0,0
1776009600000,5240.6,5260.9,5234.0,5238.9,10.539,1776010499999,55251.2087,1772,0.952,5008.3768,0
1776010500000,5238.9,5240.9,5238.8,5239.9,9.674,1776011399999,50690.4622,2070,0.974,5104.1242,0
1776011400000,5239.9,5241.3,5239.0,5239.0,9.923,1776012299999,51997.6460,1995,0.124,649.9192,0
1776012300000,5239.0,5240.5,5236.5,5237.7,9.472,1776013199999,49618.2280,1994,0,0,0
1776013200000,5237.7,5238.0,5234.0,5237.4,9.767,1776014099999,51144.5229,1778,0,0,0
1776014100000,5237.4,5237.4,5233.5,5236.1,10.248,1776014999999,53652.9832,2183,2.152,11266.5009,0
1776015000000,5236.1,5260.9,5230.2,5232.3,152.948,1776015899999,800206.7080,2406,84.952,444461.8542,0
1776015900000,5232.3,5233.6,5226.8,5228.1,123.801,1776016799999,647792.4373,2213,108.643,568502.0726,0
1776016800000,5228.1,5230.1,4966.4,5228.8,2722.256,1776017699999,14213610.3390,2167,0,0,0
1776017700000,5226.4,5229.6,5226.0,5228.5,14.79,1776018599999,77312.6695,1897,0,0,0
1776018600000,5228.5,5232.6,5226.4,5229.9,10.746,1776019499999,56184.5976,2056,0.130,680.1246,0
1776019500000,5229.9,5233.1,5229.9,5232.0,16.179,1776020399999,84648.8558,2010,6.506,34043.4567,0
1776020400000,5232.0,5233.6,5229.9,5230.8,97.514,1776021299999,510300.8650,1991,87.695,458931.9369,0
1776021300000,5230.8,5233.0,5230.7,5231.8,10.13,1776022199999,52997.5645,1928,0.054,282.5744,0
1776022200000,5231.8,5231.8,5229.9,5230.9,14.017,1776023099999,73316.7602,2079,0.376,1966.9304,0
1776023100000,5230.9,5233.7,5229.9,5231.9,22.759,1776023999999,119075.9854,2094,10.868,56869.3754,0
1776024000000,5231.7,5234.5,5229.9,5234.3,10.342,1776024899999,54115.8502,2478,4.714,24667.6414,0
1776024900000,5234.3,5234.5,5232.8,5233.2,10.665,1776025799999,55818.0414,2179,2.920,15283.8634,0
1776025800000,5233.2,5234.3,5222.0,5222.0,9.815,1776026699999,51335.6345,2026,0,0,0
1776026700000,5222.0,5225.8,5221.3,5221.9,8.903,1776027599999,46504.3187,1718,0,0,0
1776027600000,5221.9,5234.4,5221.4,5224.9,9.999,1776028499999,52246.7184,2064,0.019,99.4536,0
1776028500000,5224.9,5227.9,5224.5,5227.1,10.123,1776029399999,52904.0062,2208,0.683,3570.0509,0
1776029400000,5227.1,5229.8,5225.0,5227.0,537.754,1776030299999,2811137.5629,2235,396.833,2074532.3710,0
1776030300000,5227.0,5227.7,5224.5,5227.3,10.063,1776031199999,52589.7700,2113,0,0,0
1776031200000,5227.3,5231.6,5226.5,5228.1,321.073,1776032099999,1678941.4063,1937,180.028,941587.6574,0
1776032100000,5228.1,5230.6,5227.0,5228.6,9.664,1776032999999,50527.6412,2263,2.984,15604.5608,0
1776033000000,5228.6,5231.2,5224.0,5226.2,249.845,1776033899999,1305575.0003,2271,105.709,552410.4856,0
1776033900000,5226.2,5228.9,5224.0,5227.9,298.294,1776034799999,1559185.5660,2230,59.408,310521.4940,0
1776034800000,5227.9,5228.5,5226.2,5226.9,55.33,1776035699999,289222.3414,2351,22.851,119451.1896,0
1776035700000,5226.9,5226.9,5224.4,5225.5,156.999,1776036599999,820487.0519,2237,3.579,18702.1951,0
1776036600000,5225.3,5225.7,5224.5,5225.2,9.675,1776037499999,50551.7029,1809,0.025,130.6425,0
1776037500000,5225.2,5229.9,5224.4,5229.9,10.377,1776038399999,54245.4887,2128,3.231,16891.5053,0
1776038400000,5228.9,5231.3,5224.4,5230.6,10.253,1776039299999,53611.3313,1793,2.327,12172.1560,0
1776039300000,5230.6,5231.5,5228.1,5228.9,9.201,1776040199999,48121.9047,1847,5.440,28453.3391,0
1776040200000,5228.9,5236.3,5226.6,5235.2,10.0,1776041099999,52316.1773,1862,5.786,30272.8514,0
1776041100000,5235.2,5235.2,5229.8,5231.5,9.67,1776041999999,50605.3531,2100,3.358,17575.1317,0
1776042000000,5231.5,5231.5,5226.6,5228.6,10.014,1776042899999,52357.7720,2199,4.720,24678.9093,0
1776042900000,5228.6,5229.1,5226.6,5226.9,10.013,1776043799999,52348.0521,1868,0.507,2651.0094,0
1776043800000,5226.9,5228.3,5224.8,5224.8,9.828,1776044699999,51358.5384,2436,0,0,0
1776044700000,5224.8,5224.9,5224.5,5224.5,9.676,1776045599999,50554.4617,2838,0,0,0
1776045600000,5224.5,5229.0,5223.5,5228.2,9.173,1776046499999,47936.5641,2340,0.951,4970.8584,0
1776046500000,5228.2,5230.9,5227.9,5230.3,109.743,1776047399999,573924.2135,2094,92.551,484023.0493,0
1776047400000,5230.3,5236.9,5229.8,5236.7,192.35,1776048299999,1006749.6359,2437,189.929,994081.0001,0
1776048300000,5236.7,5240.6,5235.4,5240.0,294.421,1776049199999,1542237.0511,2300,234.989,1230981.9258,0
1776049200000,5240.0,5242.6,5239.8,5242.5,75.879,1776050099999,397612.6646,1983,5.823,30522.7629,0
1776050100000,5242.5,5243.8,5238.5,5238.5,206.291,1776050999999,1080828.9753,1988,5.349,28046.5622,0
1776051000000,5238.5,5238.5,5234.2,5234.2,756.086,1776051899999,3959499.8301,2092,36.721,192328.2315,0
1776051900000,5234.2,5235.4,5233.3,5235.4,169.647,1776052799999,887949.6509,1565,106.102,555364.8107,0
1776052800000,5235.4,5237.7,5234.8,5236.4,278.89,1776053699999,1460321.2493,1749,237.519,1243666.3179,0
1776053700000,5236.4,5237.7,5236.3,5237.6,214.556,1776054599999,1123646.7363,2090,168.118,880435.6483,0
1776054600000,5237.6,5240.6,5237.1,5237.3,721.269,1776055499999,3778522.1301,2385,237.564,1244454.1087,0
1776055500000,5237.3,5242.2,5235.9,5240.5,58.09,1776056399999,304235.3214,2408,6.667,34923.1787,0
1776056400000,5240.5,5240.5,5236.6,5238.4,36.489,1776057299999,191131.3967,1916,27.216,142559.5544,0
1776057300000,5238.4,5240.6,5236.0,5236.5,833.428,1776058199999,4366032.8877,2540,82.048,429864.0841,0
1776058200000,5236.5,5236.7,5233.0,5233.1,561.948,1776059099999,2941705.1688,2349,33.861,177280.5652,0
1776059100000,5233.1,5233.5,5227.4,5229.8,219.268,1776059999999,1147408.9681,2552,65.631,343450.7719,0
1776060000000,5229.8,5229.8,5224.0,5226.0,9.424,1776060899999,49253.7830,1746,0,0,0
1776060900000,5226.0,5226.5,5221.9,5221.9,10.038,1776061799999,52431.5092,2083,0.179,934.7921,0
1776061800000,5221.9,5228.1,5221.8,5225.9,10.0,1776062699999,52240.7655,2221,0.731,3819.5514,0
1776062700000,5225.5,5226.3,5222.0,5223.0,9.861,1776063599999,51508.8921,2084,0,0,0
1776063600000,5223.0,5233.5,5222.0,5224.1,9.472,1776064499999,49477.8562,1844,0.016,83.7360,0
1776064500000,5223.7,5227.8,5223.2,5225.9,8.667,1776065399999,45294.6360,1650,0,0,0
1776065400000,5225.9,5228.9,5224.7,5226.7,10.132,1776066299999,52956.1243,1994,0.011,57.5179,0
1776066300000,5226.7,5233.5,5225.0,5233.0,10.226,1776067199999,53459.5226,2142,0.383,2002.3879,0
1776067200000,5233.5,5234.3,5069.3,5231.2,985.098,1776068099999,5143234.0929,2236,1.640,8582.2607,0
1776068100000,5231.2,5234.4,5229.7,5230.3,453.129,1776068999999,2370741.0241,2142,14.774,77279.4316,0
1776069000000,5230.3,5232.9,5227.0,5227.0,567.184,1776069899999,2966562.8607,2084,137.896,721411.1576,0
1776069900000,5227.0,5227.5,5225.0,5225.4,489.572,1776070799999,2558423.9155,2302,323.802,1692042.0689,0
1776070800000,5225.4,5225.4,5219.7,5219.7,9.627,1776071699999,50267.3096,1966,0.013,67.8925,0
1776071700000,5219.7,5226.5,5215.8,5218.4,10.453,1776072599999,54547.9367,1909,0.200,1045.2880,0
1776072600000,5218.4,5223.4,5218.4,5222.6,8.437,1776073499999,44046.9524,1608,0.238,1243.1692,0
1776073500000,5222.6,5226.5,5222.2,5226.3,10.417,1776074399999,54417.2054,2164,1.228,6416.3161,0
1776074400000,5226.3,5231.1,5226.3,5228.2,530.32,1776075299999,2772580.8685,2485,363.263,1898948.3351,0
1776075300000,5228.2,5232.0,5228.2,5230.1,561.658,1776076199999,2937592.0335,2274,384.207,2009465.0914,0
1776076200000,5230.1,5230.1,5229.3,5230.1,11.021,1776077099999,57640.9137,1970,10.998,57520.6398,0
1776077100000,5230.1,5230.1,5229.2,5230.1,10.466,1776077999999,54737.4676,1897,9.408,49204.7808,0
1776078000000,5230.1,5230.1,5229.1,5230.1,9.454,1776078899999,49445.2799,1699,9.327,48781.1427,0
1776078900000,5230.1,5230.1,5229.1,5230.1,10.414,1776079799999,54466.0704,1901,10.223,53467.3123,0
1776079800000,5230.1,5230.1,5228.9,5230.1,13.612,1776080699999,71188.3228,1887,10.257,53645.1357,0
1776080700000,5230.1,5230.1,5230.1,5230.1,9.509,1776081599999,49733.0209,1724,9.509,49733.0209,0
1776081600000,5230.1,5230.1,5228.9,5230.1,9.646,1776082499999,50449.5110,1733,9.618,50303.1018,0
1776082500000,5230.1,5230.1,5230.1,5230.1,9.718,1776083399999,50826.1118,1752,9.718,50826.1118,0
1776083400000,5230.1,5230.1,5230.1,5230.1,10.938,1776084299999,57206.8338,1963,10.938,57206.8338,0
1776084300000,5230.1,5230.1,5230.1,5230.1,9.807,1776085199999,51291.5907,1809,9.807,51291.5907,0
1776085200000,5230.1,5230.1,5230.1,5230.1,9.91,1776086099999,51830.2910,1765,9.910,51830.2910,0
1776086100000,5230.1,5230.1,5230.1,5230.1,9.781,1776086999999,51155.6081,1783,9.781,51155.6081,0
1776087000000,5230.1,5230.1,5230.1,5230.1,8.71,1776087899999,45554.1710,1577,8.710,45554.1710,0
1776087900000,5230.1,5230.1,5227.4,5228.3,9.398,1776088799999,49151.2726,1742,8.202,42897.2802,0
1776088800000,5228.3,5230.1,5227.3,5230.1,9.898,1776089699999,51766.6102,1815,9.154,47876.3354,0
1776089700000,5230.1,5230.1,5227.2,5230.1,10.148,1776090599999,53074.9856,1891,10.124,52949.5324,0
1776090600000,5230.1,5230.1,5230.1,5230.1,9.599,1776091499999,50203.7299,1764,9.599,50203.7299,0
1776091500000,5230.1,5252.9,5230.1,5252.3,8274.175,1776092399999,43275594.2258,1795,8273.806,43273656.3451,0
1776092400000,5252.3,5254.4,5249.5,5250.0,9.383,1776093299999,49281.1453,2113,2.063,10836.5595,0
1776093300000,5250.0,5250.5,5227.2,5248.0,15.799,1776094199999,82798.6008,1976,8.234,43214.5647,0
1776094200000,5248.0,5273.4,5248.0,5273.4,3409.345,1776095099999,17896493.7779,1959,3406.540,17881709.4090,0
1776095100000,5273.4,5275.0,5266.4,5271.0,669.192,1776095999999,3527903.0740,2369,85.701,452016.3967,0
1776096000000,5269.7,5274.1,5266.2,5267.5,9.44,1776096899999,49761.2790,1834,4.129,21769.8767,0
1776096900000,5267.5,5269.5,5264.8,5264.8,9.974,1776097799999,52531.3545,1877,0,0,0
1776097800000,5264.8,5272.7,5258.7,5260.0,10.205,1776098699999,53698.2359,1972,0.067,353.2709,0
1776098700000,5260.1,5263.8,5250.0,5252.9,10.175,1776099599999,53488.4501,2018,0,0,0
1776099600000,5252.9,5272.7,5252.9,5265.4,16.407,1776100499999,86353.8561,1770,3.760,19823.1067,0
1776100500000,5265.4,5265.4,5258.2,5258.2,9.723,1776101399999,51171.1006,1940,0.134,705.4601,0
1776101400000,5258.2,5272.7,5252.1,5257.3,10.212,1776102299999,53671.5853,1896,0.063,332.1573,0
1776102300000,5257.3,5264.2,5255.4,5258.9,10.385,1776103199999,54609.0492,1977,0,0,0
1776103200000,5258.9,5262.1,5257.1,5259.3,9.863,1776104099999,51873.7703,1906,0.237,1246.8688,0
1776104100000,5259.3,5271.3,5258.8,5268.5,9.314,1776104999999,49031.7130,2344,1.743,9178.0181,0
1776105000000,5268.5,5271.3,5252.1,5265.9,29.656,1776105899999,155912.1530,2037,0.505,2661.4535,0
1776105900000,5265.3,5272.7,5252.0,5265.9,32.122,1776106799999,168900.0675,1352,4.739,24987.3183,0
1776106800000,5265.9,5265.9,5261.3,5264.1,5.887,1776107699999,30984.9393,1084,0,0,0
1776107700000,5264.1,5287.1,5262.1,5287.1,10.19,1776108599999,53727.7888,1734,4.769,25174.5804,0
1776108600000,5287.1,5290.3,5252.0,5282.4,13.807,1776109499999,72969.4570,1728,5.274,27892.7274,0
1776109500000,5282.4,5290.3,5278.3,5280.8,7.782,1776110399999,41117.6411,1501,1.493,7894.2283,0
1776110400000,5280.8,5287.2,5252.0,5283.2,6.328,1776111299999,33437.3547,1309,3.697,19535.8194,0
1776111300000,5284.1,5287.9,5280.1,5280.1,7.461,1776112199999,39419.6082,1668,1.391,7351.8083,0
1776112200000,5280.1,5286.4,5279.2,5286.4,196.882,1776113099999,1040531.7953,1980,158.061,835385.2301,0
1776113100000,5286.4,5290.5,5286.4,5290.5,281.599,1776113999999,1489239.7276,2124,227.914,1205345.4330,0
1776114000000,5290.5,5292.5,5287.4,5288.5,148.691,1776114899999,786694.1359,2179,125.459,663800.3313,0
1776114900000,5288.5,5288.8,5275.6,5275.6,10.027,1776115799999,52960.1631,2042,0,0,0
1776115800000,5275.6,5281.5,5272.5,5273.3,9.671,1776116699999,51022.3722,1841,0.003,15.8199,0
1776116700000,5273.4,5276.4,5267.1,5268.7,9.232,1776117599999,48665.5011,2303,2.160,11391.4144,0
1776117600000,5273.3,5292.5,5256.9,5257.0,11.018,1776118499999,58030.8589,1903,0.748,3944.5972,0
1776118500000,5257.0,5292.5,5234.3,5235.6,1441.392,1776119399999,7556453.8459,2098,12.354,64782.4235,0
1776119400000,5235.6,5239.9,5219.7,5223.0,13.44,1776120299999,70268.2625,1854,3.883,20346.5317,0
1776120300000,5221.7,5239.9,5218.7,5231.9,8.813,1776121199999,46059.2373,1718,0.057,298.6743,0
1776121200000,5231.9,5239.0,5230.2,5232.0,8.769,1776122099999,45897.5776,1774,0.021,110.0042,0
1776122100000,5232.0,5239.9,4972.2,5201.4,2928.72,1776122999999,15303026.1547,2023,1.168,6113.2800,0
1776123000000,5201.4,5208.0,5201.4,5206.9,10.992,1776123899999,57235.4592,1899,7.543,39283.6809,0
1776123900000,5206.9,5208.0,5202.4,5202.6,10.307,1776124799999,53654.7282,1971,2.535,13198.3165,0
1776124800000,5201.4,5204.3,5198.0,5202.8,10.634,1776125699999,55310.2158,1862,2.625,13656.0745,0
1776125700000,5202.8,5207.8,5200.4,5206.7,9.328,1776126599999,48548.2239,1982,5.224,27189.9661,0
1776126600000,5206.7,5211.1,5206.4,5211.1,181.287,1776127499999,944188.6293,2059,178.740,930925.7645,0
1776127500000,5211.1,5212.1,4948.0,5212.1,5430.608,1776128399999,28236412.3483,2533,115.270,600708.9230,0
1776128400000,5212.1,5215.0,5209.3,5215.0,9.889,1776129299999,51548.8879,1986,4.280,22312.7503,0
1776129300000,5214.6,5219.9,5213.6,5219.9,178.227,1776130199999,929772.1117,2179,175.850,917373.6626,0
1776130200000,5219.9,5221.4,5210.1,5210.1,429.538,1776131099999,2241285.6532,2253,70.165,366203.9827,0
1776131100000,5210.1,5215.1,5210.1,5214.2,10.675,1776131999999,55649.3024,2071,0.001,5.2151,0
1776132000000,5214.2,5216.1,5212.4,5212.5,41.062,1776132899999,214150.1902,2022,32.223,168062.3155,0
1776132900000,5212.5,5215.0,5212.1,5213.4,10.357,1776133799999,53997.3739,2007,0,0,0
1776133800000,5213.4,5215.5,5213.0,5214.3,9.449,1776134699999,49264.5701,2028,0,0,0
1776134700000,5214.3,5214.3,5211.0,5211.2,11.081,1776135599999,57761.6710,2389,0,0,0
1776135600000,5211.2,5214.0,5210.7,5214.0,9.899,1776136499999,51595.1453,1913,0,0,0
1776136500000,5214.0,5214.4,5213.3,5214.1,9.606,1776137399999,50081.2250,1789,0,0,0
1776137400000,5214.1,5215.0,5213.3,5213.7,9.402,1776138299999,49021.3635,1734,0,0,0
1776138300000,5213.7,5217.2,5213.3,5217.2,9.585,1776139199999,49984.1095,1784,1.297,6765.6019,0
1776139200000,5217.2,5220.3,5210.7,5219.4,9.898,1776140099999,51656.9178,1997,7.840,40917.1364,0
1776140100000,5219.4,5224.4,5219.4,5224.4,10.143,1776140999999,52962.2448,2035,6.869,35866.9436,0
1776141000000,5224.4,5225.6,5220.4,5221.1,10.194,1776141899999,53239.0042,1911,1.813,9471.1293,0
1776141900000,5221.1,5225.3,5221.0,5221.8,9.465,1776142799999,49438.9047,2203,1.269,6626.8534,0
1776142800000,5221.8,5223.2,5219.4,5223.2,146.443,1776143699999,764590.6394,1816,110.242,575606.7605,0
1776143700000,5223.2,5225.5,5216.5,5217.0,773.625,1776144599999,4039737.3170,2401,160.543,838619.7349,0
1776144600000,5217.0,5222.2,5216.7,5222.2,499.185,1776145499999,2604720.0705,2479,69.470,362506.9482,0
1776145500000,5222.2,5225.0,5220.4,5224.2,9.313,1776146399999,48642.2619,2013,2.717,14191.0065,0
1776146400000,5224.2,5225.0,5220.4,5222.0,10.113,1776147299999,52816.9350,1965,0.005,26.1250,0
1776147300000,5222.0,5225.0,5217.5,5221.0,19.765,1776148199999,103204.0567,1922,4.965,25941.7173,0
1776148200000,5221.0,5225.0,5217.5,5220.5,10.054,1776149099999,52488.6041,1709,0.031,161.9750,0
1776149100000,5220.5,5225.0,5217.0,5218.2,10.225,1776149999999,53362.6119,2017,0.547,2855.4798,0
1776150000000,5218.2,5226.3,5216.4,5226.2,67.411,1776150899999,352204.7657,1873,58.302,304649.1710,0
1776150900000,5226.2,5226.5,5221.2,5221.3,388.875,1776151799999,2031031.2727,2307,43.904,229312.6658,0
1776151800000,5221.3,5224.4,5221.3,5223.2,290.978,1776152699999,1519680.7865,2345,239.769,1252225.9309,0
1776152700000,5223.2,5224.1,5218.0,5218.1,82.649,1776153599999,431673.7177,2283,72.646,379458.8529,0
1776153600000,5218.5,5224.1,5218.0,5219.6,9.298,1776154499999,48525.3598,1919,0.291,1518.8747,0
1776154500000,5219.6,5224.1,5215.0,5216.7,11.197,1776155399999,58427.9655,2079,0.497,2596.3777,0
1776155400000,5216.7,5220.6,5211.0,5211.0,9.224,1776156299999,48110.4479,1871,0,0,0
1776156300000,5211.0,5216.0,5208.2,5212.5,9.745,1776157199999,50789.5939,1973,0.020,104.3152,0
1776157200000,5212.5,5212.6,5206.6,5208.1,9.925,1776158099999,51702.8177,1965,0,0,0
1776158100000,5208.1,5224.1,5206.9,5207.7,8.633,1776158999999,44966.7158,1659,0.010,52.2086,0
1776159000000,5207.7,5224.1,5200.2,5200.2,9.815,1776159899999,51087.4181,1972,0.015,78.3615,0
1776159900000,5200.2,5224.1,5196.0,5196.0,12.609,1776160799999,65540.8234,2135,0.354,1840.6109,0
1776160800000,5196.0,5224.1,5196.0,5202.2,11.966,1776161699999,62196.3884,1926,0.407,2115.9983,0
1776161700000,5202.2,5224.1,5200.4,5206.5,9.796,1776162599999,50987.6438,1977,0.072,375.1945,0
1776162600000,5206.5,5224.1,5199.7,5204.8,319.953,1776163499999,1663944.1333,2048,0.927,4840.4526,0
1776163500000,5204.8,5224.1,5202.1,5203.4,9.082,1776164399999,47264.6815,1872,0.232,1207.7214,0
1776164400000,5203.4,5208.4,5201.8,5206.0,754.067,1776165299999,3924929.1517,2427,475.604,2475974.5122,0
1776165300000,5206.2,5213.8,5201.9,5213.8,1486.309,1776166199999,7739039.4129,2459,228.053,1188283.3348,0
1776166200000,5213.8,5214.4,5203.5,5206.6,9.909,1776167099999,51631.0034,2008,3.907,20363.3990,0
1776167100000,5206.6,5210.2,5202.4,5207.5,8.893,1776167999999,46287.4570,1896,0.128,666.5164,0
1776168000000,5207.5,5210.2,5204.6,5206.3,9.179,1776168899999,47796.6143,2036,0.147,765.6701,0
1776168900000,5206.3,5208.5,5205.3,5206.8,219.698,1776169799999,1143886.3954,2052,42.629,221954.5574,0
1776169800000,5206.8,5208.4,5204.7,5208.2,761.532,1776170699999,3964492.0127,1883,4.117,21439.2302,0
1776170700000,5208.2,5212.1,5207.8,5210.6,8.376,1776171599999,43637.3518,1710,7.291,37984.8181,0
1776171600000,5210.6,5214.4,5209.1,5209.1,9.135,1776172499999,47612.9735,1803,4.949,25795.3498,0
1776172500000,5209.1,5214.3,5208.5,5210.2,9.259,1776173399999,48249.6581,1860,1.916,9986.2501,0
1776173400000,5210.2,5214.8,5207.8,5211.8,8.753,1776174299999,45614.7812,1659,4.793,24980.3846,0
1776174300000,5211.8,5211.8,5209.0,5209.0,8.944,1776175199999,46593.2892,1627,8.943,46588.0798,0
1776175200000,5209.0,5248.7,5209.0,5247.4,1365.612,1776176099999,7148638.2968,2513,1264.199,6618170.1546,0
1776176100000,5247.4,5257.7,5246.8,5256.9,63.835,1776176999999,335002.3830,1723,4.331,22747.7321,0
1776177000000,5256.9,5258.5,5244.0,5257.8,10.161,1776177899999,53341.5998,1490,0.724,3804.8229,0
1776177900000,5257.8,5258.5,5244.0,5257.7,11.22,1776178799999,58963.9977,1448,4.131,21717.0199,0
1776178800000,5257.7,5260.0,5244.0,5255.0,11.852,1776179699999,62301.7557,1670,2.529,13301.8981,0
1776179700000,5255.0,5264.8,5255.0,5264.8,10.388,1776180599999,54649.2368,1742,6.112,32158.5476,0
1776180600000,5264.8,5265.8,5244.0,5260.5,26.039,1776181499999,136962.0437,1582,14.396,75734.7670,0
1776181500000,5260.5,5268.8,5258.5,5267.1,349.774,1776182399999,1841719.4856,1568,271.278,1428288.3296,0
1776182400000,5267.1,5282.2,5266.9,5282.2,548.814,1776183299999,2894197.8926,1723,530.591,2798206.3089,0
1776183300000,5282.2,5282.4,5279.3,5280.8,363.752,1776184199999,1921026.1819,1686,87.028,459612.9501,0
1776184200000,5280.8,5285.3,5278.1,5281.4,376.503,1776185099999,1987711.9763,1857,54.399,287231.0640,0
1776185100000,5281.4,5285.3,5270.0,5270.0,1434.816,1776185999999,7563659.4559,1323,709.879,3741307.5548,0
1776186000000,5270.0,5274.5,5267.8,5267.8,1161.983,1776186899999,6124038.7334,1783,781.640,4119327.9002,0
1776186900000,5267.8,5267.8,5256.2,5257.0,356.895,1776187799999,1879891.4646,1280,101.703,535699.3312,0
1776187800000,5257.0,5259.1,5254.8,5257.6,57.871,1776188699999,304178.3167,1300,8.657,45518.1620,0
1776188700000,5257.6,5268.1,5254.8,5263.0,7.022,1776189599999,36959.8342,1422,4.062,21379.7798,0
1776189600000,5263.0,5264.0,5254.5,5259.4,131.916,1776190499999,693233.4624,1740,3.775,19865.1164,0
1776190500000,5259.4,5264.0,5254.5,5264.0,19.955,1776191399999,104968.1007,1593,13.891,73096.0572,0
1776191400000,5264.0,5264.0,5254.5,5263.1,8.265,1776192299999,43493.4863,1522,2.996,15768.2148,0
1776192300000,5263.1,5263.1,5254.5,5263.1,6.893,1776193199999,36277.7947,1219,6.479,34099.6249,0
1776193200000,5263.1,5263.1,5254.5,5263.1,232.754,1776194099999,1225007.4914,1715,232.744,1224954.9464,0
1776194100000,5263.1,5263.1,5254.5,5263.1,529.385,1776194999999,2786206.0645,1676,529.370,2786127.2470,0
1776195000000,5263.1,5263.1,5254.5,5263.1,271.564,1776195899999,1429268.1186,1616,271.521,1429042.1751,0
1776195900000,5263.1,5279.1,5254.5,5277.8,100.25,1776196799999,527688.1453,1820,97.928,515433.3622,0
1776196800000,5277.8,5278.8,5277.8,5278.8,9.687,1776197699999,51135.4168,1787,8.486,44795.8968,0
1776197700000,5278.8,5278.8,5278.8,5278.8,9.749,1776198599999,51463.0212,1767,9.749,51463.0212,0
1776198600000,5278.8,5278.8,5277.8,5278.4,147.021,1776199499999,776093.1580,1765,144.569,763150.8372,0
1776199500000,5278.4,5280.9,5277.8,5277.8,1251.803,1776200399999,6608114.1029,2143,871.293,4599423.9182,0
1776200400000,5277.8,5277.8,5267.5,5271.8,731.164,1776201299999,3854790.0394,2386,100.881,531638.8755,0
1776201300000,5271.8,5271.8,5265.2,5266.3,254.62,1776202199999,1341818.6142,1903,8.410,44303.9165,0
1776202200000,5266.3,5266.5,5256.4,5260.7,696.015,1776203099999,3662625.7548,2399,97.206,511267.4125,0
1776203100000,5260.7,5268.8,5258.5,5268.8,441.433,1776203999999,2324322.4089,2139,389.742,2052455.6899,0
1776204000000,5268.8,5269.4,5262.5,5262.7,23.64,1776204899999,124526.7749,1775,15.033,79208.3224,0
1776204900000,5262.7,5263.6,5258.2,5258.7,8.611,1776205799999,45304.7092,1658,0,0,0
1776205800000,5258.7,5269.6,5258.2,5269.1,8.6,1776206699999,45268.2157,1627,0.132,695.5806,0
1776206700000,5267.9,5272.4,5267.9,5269.0,8.785,1776207599999,46300.1755,1667,3.263,17199.2428,0
1776207600000,5269.0,5270.7,5258.2,5268.4,8.949,1776208499999,47147.7343,2117,3.819,20121.3922,0
1776208500000,5268.4,5268.4,5266.8,5268.1,9.403,1776209399999,49531.1500,2043,6.016,31689.6844,0
1776209400000,5268.1,5268.6,5265.2,5265.2,636.687,1776210299999,3352993.9157,2277,8.363,44051.0708,0
1776210300000,5265.2,5267.4,5262.4,5265.6,166.003,1776211199999,874165.7215,2310,122.954,647522.7748,0
1776211200000,5265.6,5276.8,5265.5,5274.5,269.541,1776212099999,1421080.2344,1971,250.005,1318058.9758,0
1776212100000,5274.5,5278.7,5274.2,5274.4,327.703,1776212999999,1728976.8335,1996,255.890,1350118.9545,0
1776213000000,5274.4,5279.2,5274.2,5279.0,335.229,1776213899999,1769112.2051,2097,296.432,1564307.6987,0
1776213900000,5279.0,5279.1,5276.0,5278.3,596.68,1776214799999,3148948.3931,2517,6.033,31839.9503,0
1776214800000,5278.3,5279.2,5276.0,5279.1,9.214,1776215699999,48631.3204,2127,5.963,31472.9163,0
1776215700000,5279.1,5280.0,5276.0,5280.0,9.442,1776216599999,49844.0713,1956,5.546,29277.5654,0
1776216600000,5280.0,5283.1,5274.5,5274.5,86.331,1776217499999,455461.0657,1950,3.478,18367.0709,0
1776217500000,5274.5,5275.5,5269.7,5271.9,789.421,1776218399999,4161641.0225,2366,217.177,1144910.4410,0
1776218400000,5275.5,5275.5,5267.4,5267.4,9.358,1776219299999,49310.4533,2114,0.118,622.0647,0
1776219300000,5268.0,5275.5,5266.6,5267.2,10.114,1776220199999,53281.5587,1865,0.080,421.8504,0
1776220200000,5275.5,5275.5,5266.6,5272.9,9.652,1776221099999,50875.8683,1846,0.276,1455.4292,0
1776221100000,5272.9,5274.7,5266.6,5271.9,9.386,1776221999999,49489.9842,2088,3.808,20081.4302,0
1776222000000,5271.9,5274.7,5266.6,5269.7,9.57,1776222899999,50442.8206,1976,0.230,1212.7627,0
1776222900000,5274.7,5274.7,5265.9,5267.5,8.936,1776223799999,47072.5767,1798,0.073,384.8626,0
1776223800000,5267.5,5274.7,5265.4,5267.5,9.54,1776224699999,50247.2852,1937,0.144,758.8535,0
1776224700000,5274.7,5274.7,5265.7,5267.0,9.2,1776225599999,48458.5215,1807,2.494,13136.2361,0
1776225600000,5267.0,5267.0,5263.5,5265.4,291.616,1776226499999,1535256.2811,2013,129.375,681070.7393,0
1776226500000,5265.4,5267.0,5263.9,5266.7,10.245,1776227399999,53949.0602,2059,6.722,35400.1966,0
1776227400000,5266.7,5267.0,5263.9,5267.0,9.362,1776228299999,49308.7913,1863,8.504,44790.2156,0
1776228300000,5267.0,5267.0,5263.3,5263.3,36.831,1776229199999,193882.9580,1967,4.582,24130.8122,0
1776229200000,5263.5,5263.5,5258.8,5260.2,639.136,1776230099999,3362448.9205,2737,142.082,747415.7655,0
1776230100000,5260.2,5264.3,5258.8,5259.1,8.795,1776230999999,46277.5274,1795,4.960,26100.1195,0
1776231000000,5259.2,5261.2,5256.8,5261.2,345.453,1776231899999,1816735.7475,2187,198.179,1042322.7259,0
1776231900000,5261.2,5263.2,5259.4,5262.3,12.163,1776232799999,63995.9517,1856,8.275,43540.2702,0
1776232800000,5262.3,5265.0,5259.4,5263.9,8.211,1776233699999,43219.5862,1881,4.589,24156.2441,0
1776233700000,5264.0,5265.7,5259.4,5264.3,7.955,1776234599999,41874.1377,1667,3.658,19256.7694,0
1776234600000,5264.3,5267.0,5259.4,5265.9,7.797,1776235499999,41055.5542,1597,4.833,25449.7780,0
1776235500000,5266.0,5266.2,5259.4,5263.3,7.61,1776236399999,40052.9404,1649,2.978,15674.5023,0
1776236400000,5263.3,5263.3,5259.4,5260.6,10.559,1776237299999,55551.0163,1529,4.921,25890.8956,0
1776237300000,5260.7,5260.7,5256.2,5257.3,183.167,1776238199999,963061.2862,1784,17.799,93569.5085,0
1776238200000,5257.8,5258.2,5250.3,5253.7,558.721,1776239099999,2935471.8502,1869,193.522,1016601.5218,0
1776239100000,5253.7,5262.9,5251.7,5260.7,264.853,1776239999999,1392620.5446,1681,259.671,1365383.7509,0
1776240000000,5260.7,5262.9,5258.4,5258.4,8.395,1776240899999,44160.2804,1360,1.507,7931.1397,0
1776240900000,5262.9,5262.9,5258.4,5258.8,6.474,1776241799999,34053.4176,1301,0.058,305.2482,0
1776241800000,5258.8,5262.9,5258.0,5260.1,7.372,1776242699999,38771.2602,1720,0.421,2214.4837,0
1776242700000,5260.1,5262.9,5258.0,5261.2,8.325,1776243599999,43791.6785,1743,0.237,1246.8123,0
1776243600000,5261.2,5263.7,5258.0,5260.1,7.137,1776244499999,37552.5712,1557,0.701,3689.1293,0
1776244500000,5260.1,5264.1,5258.0,5264.1,7.171,1776245399999,37732.6513,1435,0.935,4921.5486,0
1776245400000,5264.1,5266.5,5258.0,5265.2,9.878,1776246299999,52008.7064,1997,7.781,40968.2110,0
1776246300000,5265.2,5265.2,5258.0,5265.2,9.528,1776247199999,50166.3216,1851,9.458,49798.2616,0
1776247200000,5265.2,5265.2,5258.0,5265.2,10.324,1776248099999,54357.4496,1908,10.197,53689.2444,0
1776248100000,5265.2,5265.2,5258.0,5265.2,10.068,1776248999999,53009.4246,1889,9.652,50819.7104,0
1776249000000,5265.2,5265.2,5258.0,5260.4,9.92,1776249899999,52203.8131,1786,2.908,15308.0677,0
1776249900000,5260.4,5263.9,5256.6,5257.2,9.075,1776250799999,47734.8496,1866,0.800,4210.7649,0
1776250800000,5263.9,5263.9,5251.5,5251.7,9.805,1776251699999,51535.6944,2000,0.060,315.8340,0
1776251700000,5263.9,5263.9,5250.4,5250.9,10.362,1776252599999,54419.6398,2113,0.089,468.2363,0
1776252600000,5263.9,5263.9,5246.9,5246.9,11.741,1776253499999,61619.9715,2394,0.171,898.6072,0
1776253500000,5263.9,5263.9,5241.5,5244.5,10.541,1776254399999,55283.1195,2091,1.588,8326.0363,0
1776254400000,5263.9,5263.9,5243.0,5246.9,9.501,1776255299999,49840.4895,1904,0.088,462.9747,0
1776255300000,5263.9,5263.9,5245.5,5246.0,10.625,1776256199999,55760.6515,2052,1.164,6122.9913,0
1776256200000,5246.4,5263.9,5244.4,5245.7,16.322,1776257099999,85700.3242,2299,5.843,30733.8605,0
1776257100000,5245.7,5263.9,5244.5,5246.5,9.678,1776257999999,50766.3869,2257,0.833,4370.7466,0
1776258000000,5246.5,5263.9,5246.0,5251.4,8.626,1776258899999,45283.8318,1944,0.605,3177.0230,0
1776258900000,5263.9,5263.9,5250.6,5251.9,7.746,1776259799999,40679.8303,1608,0.190,998.4950,0
1776259800000,5263.9,5263.9,5241.9,5242.0,38.642,1776260699999,202639.8230,1932,0.247,1298.0770,0
1776260700000,5263.9,5263.9,5238.8,5242.5,55.356,1776261599999,290071.8753,2273,2.639,13833.1821,0
1776261600000,5242.5,5242.6,5236.7,5238.3,10.249,1776262499999,53689.8410,2243,0.153,801.8501,0
1776262500000,5238.3,5242.6,4974.4,5237.0,2650.485,1776263399999,13859403.4169,2491,1.036,5426.8900,0
1776263400000,5237.0,5242.6,5230.8,5230.8,7.939,1776264299999,41561.9501,1933,0.711,3724.1874,0
1776264300000,5242.6,5242.6,5225.9,5226.0,6.841,1776265199999,35761.3516,1426,0.195,1020.3590,0
1776265200000,5242.6,5242.6,5214.0,5214.0,174.141,1776266099999,908360.2283,1723,0.739,3855.5081,0
1776266100000,5216.5,5216.5,4953.2,5216.2,2943.553,1776266999999,15323484.0543,1623,0.070,365.1517,0
1776267000000,5216.2,5217.7,5209.6,5210.8,123.325,1776267899999,642846.8516,1784,44.061,229814.1332,0
1776267900000,5213.2,5213.2,5209.3,5209.4,8.121,1776268799999,42312.9584,1520,0.102,531.6236,0
1776268800000,5209.4,5213.2,5204.3,5204.7,8.934,1776269699999,46536.6918,1567,0.069,359.6525,0
1776269700000,5213.2,5213.2,5200.5,5200.8,6.978,1776270599999,36309.3047,1536,0.087,453.2751,0
1776270600000,5213.2,5213.2,5198.5,5198.5,7.235,1776271499999,37622.1798,1491,0.065,338.8580,0
1776271500000,5213.2,5213.2,5193.0,5193.0,305.207,1776272399999,1585739.3076,1914,39.864,207116.6711,0
1776272400000,5193.0,5195.0,5190.5,5192.6,552.434,1776273299999,2868729.5196,1920,210.144,1091138.4734,0
1776273300000,5192.6,5195.0,5190.8,5190.8,108.357,1776274199999,562789.4963,1347,105.684,548909.5304,0
1776274200000,5195.0,5195.2,5190.2,5195.2,24.846,1776275099999,129056.1555,1795,17.518,91007.5928,0
1776275100000,5195.3,5197.4,5193.8,5194.5,80.818,1776275999999,419933.1196,1677,75.264,391076.9153,0
1776276000000,5197.4,5197.9,5192.5,5194.5,31.43,1776276899999,163287.4525,1461,0.927,4816.4489,0
1776276900000,5194.5,5199.9,5194.5,5199.2,1055.872,1776277799999,5489205.5639,1801,627.405,3261500.6034,0
1776277800000,5199.3,5199.9,5184.1,5197.0,3800.829,1776278699999,19731050.5471,2233,2404.582,12482391.6602,0
1776278700000,5197.0,5197.4,5193.0,5194.8,170.689,1776279599999,887079.9921,1436,164.096,852829.0729,0
1776279600000,5194.8,5205.9,5194.7,5204.5,1439.743,1776280499999,7491506.6858,1944,1171.760,6096531.8585,0
1776280500000,5205.2,5208.0,5204.5,5207.8,218.393,1776281399999,1137098.5771,1755,211.159,1099440.9565,0
1776281400000,5208.0,5210.5,5202.7,5206.6,183.185,1776282299999,953340.2223,1777,4.981,25937.5160,0
1776282300000,5206.6,5208.9,5202.5,5202.8,13.974,1776283199999,72723.4365,1533,6.355,33076.2063,0
1776283200000,5205.0,5210.4,5202.5,5206.6,1424.864,1776284099999,7420474.8149,1473,1183.274,6161718.0610,0
1776284100000,5206.6,5217.1,5206.6,5217.1,2390.134,1776284999999,12461480.1066,1815,1185.859,6182111.2926,0
1776285000000,5217.1,5220.2,5216.5,5220.2,681.124,1776285899999,3554470.5305,1857,452.974,2363901.8448,0
1776285900000,5220.2,5224.2,5219.6,5222.3,80.177,1776286799999,418681.7282,1663,75.154,392452.6760,0
1776286800000,5224.2,5230.7,5222.3,5230.7,332.871,1776287699999,1740283.1846,1689,314.030,1641784.4897,0
1776287700000,5230.7,5233.6,5227.6,5227.6,679.209,1776288599999,3552766.8289,1572,103.108,539404.0335,0
1776288600000,5229.0,5229.0,5220.6,5224.6,395.775,1776289499999,2067241.1459,1476,24.067,125770.1871,0
1776289500000,5224.9,5226.1,5218.0,5218.7,4.895,1776290399999,25554.1374,1061,0.261,1363.8496,0
1776290400000,5218.7,5224.5,5209.8,5213.0,6.806,1776291299999,35488.0368,1421,0.101,527.0161,0
1776291300000,5213.5,5215.7,5209.8,5215.7,7.463,1776292199999,38912.5550,1457,6.246,32566.4066,0
1776292200000,5215.7,5222.7,5211.6,5219.6,7.776,1776293099999,40576.5589,1637,3.162,16499.1361,0
1776293100000,5222.7,5222.8,5209.8,5222.8,7.926,1776293999999,41369.7116,1510,0.765,3995.3461,0
1776294000000,5222.8,5222.9,5209.8,5222.9,7.442,1776294899999,38855.5580,1479,0.384,2005.3107,0
1776294900000,5222.9,5227.2,5209.8,5223.9,8.709,1776295799999,45508.2548,1800,2.857,14930.3468,0
1776295800000,5227.2,5228.4,5209.8,5226.0,7.826,1776296699999,40903.4143,1653,2.069,10815.9754,0
1776296700000,5226.0,5226.8,5209.8,5223.4,6.877,1776297599999,35925.2851,1423,0.619,3235.1807,0
1776297600000,5226.8,5229.7,5222.8,5226.9,7.467,1776298499999,39029.2937,1376,5.056,26428.1379,0
1776298500000,5226.9,5227.0,5222.8,5224.5,5.486,1776299399999,28667.3540,1179,2.648,13838.5741,0
1776299400000,5224.5,5229.1,5209.8,5226.3,7.319,1776300299999,38256.4990,1481,4.330,22633.1571,0
1776300300000,5226.3,5228.0,5224.0,5224.1,7.802,1776301199999,40776.2446,1548,3.590,18764.0315,0
1776301200000,5224.1,5226.8,5209.8,5224.7,7.689,1776302099999,40176.2568,1453,3.069,16034.9725,0
1776302100000,5224.7,5226.8,5209.8,5223.6,8.198,1776302999999,42820.2302,1565,0.049,256.0102,0
1776303000000,5223.9,5223.9,5220.0,5221.3,7.235,1776303899999,37778.9529,1336,0,0,0
1776303900000,5221.3,5226.8,5209.8,5220.0,6.295,1776304799999,32863.9627,1187,0.005,26.1340,0
1776304800000,5220.0,5226.8,5209.8,5219.2,6.808,1776305699999,35520.4781,1244,0.005,26.1340,0
1776305700000,5219.2,5228.9,5219.2,5226.0,5.983,1776306599999,31263.4733,1132,1.124,5876.1177,0
1776306600000,5226.0,5231.2,5209.8,5227.8,7.394,1776307499999,38652.7488,1573,4.156,21725.6497,0
1776307500000,5227.9,5227.9,5209.8,5224.6,7.551,1776308399999,39458.4959,1683,3.731,19496.8323,0
1776308400000,5224.6,5227.6,5209.8,5225.8,6.228,1776309299999,32544.7308,1289,3.318,17339.4303,0
1776309300000,5225.8,5225.8,5209.8,5222.2,6.753,1776310199999,35265.9380,1388,2.335,12193.0909,0
1776310200000,5222.2,5225.2,5209.8,5223.4,7.437,1776311099999,38848.2041,1493,3.680,19222.4194,0
1776311100000,5223.2,5224.6,5209.8,5222.9,7.495,1776311999999,39144.5630,1559,2.420,12640.1858,0
1776312000000,5222.9,5224.6,5209.8,5220.3,7.376,1776312899999,38516.6631,1294,0.671,3505.6989,0
1776312900000,5224.6,5224.6,5209.8,5221.1,6.527,1776313799999,34069.3346,1298,0.097,506.5354,0
1776313800000,5224.6,5224.6,5209.8,5222.2,4.387,1776314699999,22906.9346,909,0.030,156.7220,0
1776314700000,5224.6,5227.0,5209.8,5226.6,5.659,1776315599999,29569.7921,1086,3.489,18234.5703,0
1776315600000,5226.6,5233.0,5209.8,5231.4,73.83,1776316499999,386244.2225,1666,72.195,377696.3725,0
1776316500000,5231.4,5234.9,5209.8,5233.6,30.156,1776317399999,157841.6055,1557,26.273,137520.0937,0
1776317400000,5233.6,5234.9,5230.4,5230.4,12.703,1776318299999,66468.6058,1751,0.134,701.1519,0
1776318300000,5230.4,5234.9,5230.4,5231.6,8.105,1776319199999,42402.4878,1604,0.055,287.8745,0
1776319200000,5233.4,5234.9,5227.4,5228.0,7.191,1776320099999,37601.5266,1475,0.082,428.8772,0
1776320100000,5228.2,5234.9,5226.5,5230.8,8.253,1776320999999,43146.7641,1380,0.005,26.1745,0
1776321000000,5234.9,5234.9,5226.2,5226.2,6.707,1776321899999,35070.6664,1492,0.015,78.5235,0
1776321900000,5226.2,5234.9,5223.0,5224.0,139.658,1776322799999,729614.7487,1853,0.078,407.8369,0
1776322800000,5234.9,5234.9,5218.9,5219.3,8.422,1776323699999,43970.2768,1804,0.030,157.0470,0
1776323700000,5234.9,5234.9,5218.0,5220.6,7.316,1776324599999,38181.7812,1509,0.025,130.8725,0
1776324600000,5234.9,5234.9,5219.8,5220.8,6.885,1776325499999,35947.1529,1345,0.030,157.0470,0
1776325500000,5234.9,5234.9,5216.0,5220.9,6.714,1776326399999,35043.4153,1326,0.035,183.2215,0
1776326400000,5222.5,5234.9,5220.9,5223.0,6.894,1776327299999,36008.6449,1385,0.050,261.7450,0
1776327300000,5223.0,5225.3,5223.0,5225.2,6.939,1776328199999,36252.3073,1277,0,0,0
1776328200000,5225.2,5225.3,5224.1,5224.9,7.542,1776329099999,39404.4906,1426,0,0,0
1776329100000,5224.7,5228.1,5224.2,5227.3,5.726,1776329999999,29918.5915,1100,0,0,0
1776330000000,5227.3,5234.9,5224.2,5224.2,4.298,1776330899999,22457.3601,721,0.004,20.9396,0
1776330900000,5224.2,5224.2,5224.1,5224.1,5.849,1776331799999,30555.7864,1046,0,0,0
1776331800000,5224.1,5234.9,5224.1,5224.2,6.91,1776332699999,36098.5654,1246,0.003,15.7047,0
1776332700000,5224.2,5234.9,5216.1,5216.7,6.949,1776333599999,36270.8860,1586,0.128,667.8228,0
1776333600000,5216.8,5220.9,5213.8,5216.5,6.812,1776334499999,35540.8767,1343,0.325,1695.9521,0
1776334500000,5216.5,5218.8,5212.1,5212.4,149.023,1776335399999,776903.3846,1474,52.847,275491.3057,0
1776335400000,5212.4,5213.0,5209.2,5209.4,23.999,1776336299999,125081.5717,1424,17.991,93776.6209,0
1776336300000,5209.4,5213.0,5206.6,5206.6,7.506,1776337199999,39091.1857,1435,0.002,10.4260,0
1776337200000,5207.3,5213.0,5206.6,5211.5,18.346,1776338099999,95603.6387,1761,0.057,297.1410,0
1776338100000,5211.5,5212.7,5211.4,5211.6,10.138,1776338999999,52836.6375,1906,0,0,0
1776339000000,5211.6,5216.2,5211.6,5216.2,227.471,1776339899999,1186110.5764,2281,222.588,1160657.5206,0
1776339900000,5216.2,5219.6,4956.6,5217.9,5712.853,1776340799999,29754094.3722,2587,184.838,964336.0915,0
1776340800000,5216.8,5216.9,5211.4,5212.2,212.442,1776341699999,1108051.4311,2350,42.337,220823.0525,0
1776341700000,5216.4,5216.4,5211.4,5214.2,8.719,1776342599999,45457.9430,1761,0.077,401.6015,0
1776342600000,5216.4,5217.0,5213.9,5214.7,236.901,1776343499999,1235621.4152,1843,18.671,97400.8571,0
1776343500000,5214.9,5215.0,5214.1,5214.2,209.03,1776344399999,1089975.7961,1922,27.779,144851.8834,0
1776344400000,5214.2,5214.2,5211.0,5211.3,449.188,1776345299999,2341425.5580,1934,30.112,156963.8823,0
1776345300000,5211.3,5211.4,5207.1,5208.9,253.857,1776346199999,1322765.8978,1779,101.700,529928.6537,0
1776346200000,5211.3,5211.3,5197.9,5197.9,82.504,1776347099999,429006.3574,1768,0.125,651.1802,0
1776347100000,5211.3,5211.3,5195.5,5196.0,13.15,1776347999999,68340.7757,1824,3.514,18259.3488,0
1776348000000,5196.0,5209.0,5195.5,5209.0,11.941,1776348899999,62074.4880,1967,8.882,46171.0924,0
1776348900000,5209.0,5226.9,5195.5,5225.4,209.093,1776349799999,1091601.9840,2017,203.778,1063871.0756,0
1776349800000,5225.4,5227.2,5195.5,5225.7,34.025,1776350699999,177825.7558,2093,25.972,135752.3557,0
1776350700000,5225.7,5227.2,5195.5,5213.4,9.829,1776351599999,51272.8843,2095,0.202,1054.1022,0
1776351600000,5227.2,5227.2,5195.5,5201.9,7.701,1776352499999,40098.6031,1500,2.499,13001.4056,0
1776352500000,5201.9,5202.3,5195.5,5201.2,6.991,1776353399999,36358.1895,1475,3.734,19420.3670,0
1776353400000,5201.2,5202.3,5192.2,5192.2,10.703,1776354299999,55634.2067,1842,1.253,6518.2682,0
1776354300000,5202.3,5202.3,5191.0,5195.4,9.403,1776355199999,48831.5643,1950,0.165,857.6170,0
1776355200000,5195.4,5202.3,5190.0,5192.1,9.956,1776356099999,51692.0841,1837,0.144,748.3528,0
1776356100000,5202.3,5202.3,5186.2,5186.6,9.541,1776356999999,49510.7335,1912,0.131,680.5710,0
1776357000000,5186.6,5202.3,5184.5,5191.4,9.285,1776357899999,48180.0438,1883,0.050,260.0993,0
1776357900000,5202.3,5202.3,5190.0,5193.0,8.161,1776358799999,42386.2397,1714,0.070,364.1610,0
1776358800000,5202.3,5202.3,5187.4,5189.8,7.14,1776359699999,37061.2681,1528,0.113,587.3465,0
1776359700000,5189.8,5202.3,5184.0,5184.0,6.775,1776360599999,35171.5546,1079,1.817,9452.3831,0
1776360600000,5202.3,5202.3,5182.3,5182.9,6.28,1776361499999,32560.2157,1303,0.070,364.1610,0
1776361500000,5202.3,5202.8,5178.0,5179.9,15.465,1776362399999,80106.4734,1515,0.050,260.1175,0
1776362400000,5180.0,5202.8,5175.4,5180.8,10.782,1776363299999,55841.5133,1957,2.495,12923.1133,0
1776363300000,5182.4,5182.4,4922.1,5177.4,5660.492,1776364199999,29133820.5240,2230,1.042,5400.0608,0
1776364200000,5177.4,5182.4,5170.0,5170.7,8.927,1776365099999,46183.6805,1837,0.112,579.9467,0
1776365100000,5170.7,5182.4,5164.1,5178.9,9.296,1776365999999,48066.7683,1973,0.119,616.2801,0
1776366000000,5178.9,5182.4,5173.0,5173.5,9.828,1776366899999,50857.5512,2050,0.065,336.7006,0
1776366900000,5182.4,5182.4,5168.6,5170.9,10.964,1776367799999,56699.6181,2063,0.059,305.7081,0
1776367800000,5170.9,5182.4,5161.7,5161.8,10.306,1776368699999,53270.7617,2021,1.082,5606.7509,0
1776368700000,5161.8,5169.1,5160.9,5166.9,8.028,1776369599999,41461.1718,1828,0.343,1771.6301,0
1776369600000,5166.9,5172.1,5164.4,5171.4,8.582,1776370499999,44357.4151,1941,1.046,5408.0896,0
1776370500000,5171.9,5173.2,5168.8,5172.5,9.682,1776371399999,50065.2669,2043,0.254,1313.7398,0
1776371400000,5172.5,5182.4,5172.5,5181.4,9.869,1776372299999,51092.9242,2219,0.623,3226.1760,0
1776372300000,5181.4,5182.9,5178.6,5180.2,21.134,1776373199999,109513.1588,2110,11.121,57634.1144,0
1776373200000,5180.2,5182.9,5171.1,5172.8,39.773,1776374099999,205959.1515,2018,14.923,77344.4167,0
1776374100000,5172.8,5178.8,5167.3,5177.7,8.289,1776374999999,42886.8477,1663,0,0,0
1776375000000,5177.7,5182.9,5175.9,5179.6,8.669,1776375899999,44882.7420,1918,0.001,5.1829,0
1776375900000,5178.8,5182.6,5176.2,5176.8,9.033,1776376799999,46785.5158,1682,0,0,0
1776376800000,5176.8,5178.4,5168.8,5174.2,9.693,1776377699999,50133.0240,1966,0,0,0
1776377700000,5174.2,5175.0,5169.5,5169.8,9.888,1776378599999,51152.7463,1882,0,0,0
1776378600000,5169.8,5172.0,5167.3,5167.7,9.654,1776379499999,49916.2776,2338,1.713,8858.9928,0
1776379500000,5167.7,5182.9,5160.8,5162.2,38.553,1776380399999,199014.0700,2215,0.202,1043.5488,0
1776380400000,5162.2,5182.9,5160.8,5169.7,9.922,1776381299999,51267.7173,2042,0.436,2257.1503,0
1776381300000,5182.9,5182.9,5139.8,5168.2,1194.387,1776382199999,6159394.0949,2018,0.630,3256.9409,0
1776382200000,5182.9,5182.9,5162.0,5164.2,8.504,1776383099999,43916.1151,1783,0.206,1064.9880,0
1776383100000,5182.9,5182.9,5161.8,5173.1,10.206,1776383999999,52749.7320,2095,0.278,1437.3512,0
1776384000000,5173.4,5182.9,5161.8,5173.3,9.319,1776384899999,48185.4792,1859,0.176,910.8835,0
1776384900000,5182.9,5182.9,5145.2,5176.8,1466.407,1776385799999,7567287.6864,2211,0.114,590.3513,0
1776385800000,5182.9,5182.9,5172.3,5175.3,10.183,1776386699999,52708.3228,1988,0.058,300.5242,0
1776386700000,5175.3,5182.9,5174.2,5177.0,10.181,1776387599999,52701.8789,1960,0.119,616.2407,0
1776387600000,5177.0,5182.9,5172.8,5176.2,9.604,1776388499999,49702.7156,1908,0.142,735.6364,0
1776388500000,5176.2,5183.8,5174.4,5183.8,9.545,1776389399999,49431.2281,1944,0.482,2498.3133,0
1776389400000,5183.8,5187.1,5174.4,5185.9,9.808,1776390299999,50832.0310,2614,3.604,18679.4367,0
1776390300000,5185.9,5187.9,5174.4,5186.0,9.543,1776391199999,49488.0123,2123,4.225,21912.1364,0
1776391200000,5186.0,5188.1,5174.4,5187.4,10.049,1776392099999,52114.3277,2287,3.906,20256.9729,0
1776392100000,5188.1,5192.7,5174.4,5192.6,9.182,1776392999999,47647.5640,2115,5.154,26748.2817,0
1776393000000,5192.6,5194.2,5174.4,5192.9,9.735,1776393899999,50555.4847,1954,2.825,14671.8417,0
1776393900000,5194.2,5194.2,5174.4,5194.0,9.896,1776394799999,51391.7151,1920,0.116,602.4932,0
1776394800000,5194.0,5195.0,5174.4,5194.2,9.839,1776395699999,51102.2759,2182,4.518,23466.2580,0
1776395700000,5194.2,5198.9,5174.4,5198.0,232.003,1776396599999,1205791.4635,2422,116.302,604327.3664,0
1776396600000,5197.9,5198.4,5195.6,5196.3,429.029,1776397499999,2229616.3340,2207,233.171,1211823.2906,0
1776397500000,5196.3,5198.5,5192.0,5195.9,38.6,1776398399999,200600.4043,2144,23.592,122643.0093,0
1776398400000,5195.9,5198.5,5192.9,5195.2,9.579,1776399299999,49762.4440,2092,0.678,3522.5498,0
1776399300000,5195.2,5198.5,5193.7,5197.9,10.117,1776400199999,52564.2969,2030,0.205,1065.1925,0
1776400200000,5198.5,5199.6,5196.4,5196.5,68.078,1776401099999,353914.7963,2283,60.804,316107.4238,0
1776401100000,5199.6,5202.1,5195.7,5201.2,10.379,1776401999999,53959.1488,2222,3.027,15741.1673,0
1776402000000,5201.4,5208.5,5195.7,5206.2,9.395,1776402899999,48904.8584,2042,4.153,21616.1630,0
1776402900000,5206.2,5208.6,5195.7,5208.6,16.825,1776403799999,87548.4219,2084,5.597,29145.7279,0
1776403800000,5208.6,5211.0,5195.2,5211.0,277.16,1776404699999,1442158.6100,2207,124.439,648356.2949,0
1776404700000,5211.0,5215.2,5210.1,5215.2,168.025,1776405599999,875918.1538,2088,156.754,817171.2890,0
1776405600000,5215.2,5215.5,5213.4,5214.3,325.278,1776406499999,1696031.1395,2191,101.452,529054.7399,0
1776406500000,5214.3,5215.5,5212.7,5213.4,10.011,1776407399999,52199.7730,1895,0.090,469.3950,0
1776407400000,5213.4,5215.5,5208.4,5208.9,9.357,1776408299999,48765.4814,2038,0.127,662.1794,0
1776408300000,5215.5,5215.5,5207.2,5208.3,9.39,1776409199999,48908.6298,1760,0.020,104.3100,0
1776409200000,5208.3,5215.5,5200.7,5202.2,9.609,1776410099999,50005.5265,1952,0.065,339.0075,0
1776410100000,5215.5,5215.5,5200.7,5203.7,12.572,1776410999999,65420.5181,2001,0.275,1431.8884,0
1776411000000,5215.5,5215.5,5200.7,5202.8,8.559,1776411899999,44528.0566,1754,0.236,1228.6259,0
1776411900000,5202.8,5215.5,5200.7,5207.3,9.117,1776412799999,47463.4047,1764,0.138,718.9979,0
1776412800000,5207.9,5215.5,5200.7,5205.5,12.25,1776413699999,63809.7935,2044,3.376,17602.7466,0
1776413700000,5215.5,5215.5,5200.7,5203.1,9.374,1776414599999,48776.0902,1965,0.203,1057.0619,0
1776414600000,5215.5,5215.5,5200.1,5206.3,14.434,1776415499999,75159.9976,2121,4.990,26023.5201,0
1776415500000,5215.5,5219.9,5200.1,5218.0,184.639,1776416399999,963136.1542,2068,176.001,918106.7795,0
1776416400000,5218.0,5224.2,5218.0,5224.2,665.653,1776417299999,3476429.9485,2132,223.753,1168391.9296,0
1776417300000,5224.2,5226.4,5222.0,5223.1,15.294,1776418199999,79891.0011,1947,4.256,22237.3685,0
1776418200000,5223.1,5224.3,5215.4,5215.9,9.843,1776419099999,51363.6329,2116,0.055,287.3365,0
1776419100000,5224.3,5224.3,5213.3,5214.3,10.04,1776419999999,52377.8067,2121,0.113,590.3154,0
1776420000000,5224.3,5224.3,5212.5,5217.2,9.809,1776420899999,51152.9828,1860,0.054,282.0595,0
1776420900000,5224.3,5224.3,5212.5,5214.1,8.471,1776421799999,44191.7917,1882,0.501,2614.0286,0
1776421800000,5224.3,5224.3,5212.5,5219.2,9.644,1776422699999,50306.1252,1848,0.125,652.5856,0
1776422700000,5224.3,5224.3,5212.5,5216.1,9.92,1776423599999,51749.0844,1906,0.104,542.9532,0
1776423600000,5224.3,5224.3,5212.5,5213.0,9.564,1776424499999,49875.9649,1967,0.212,1106.3149,0
1776424500000,5224.3,5224.3,5205.5,5207.9,9.832,1776425399999,51210.0736,2056,0.127,662.3639,0
1776425400000,5224.3,5224.3,5204.8,5205.4,9.32,1776426299999,48523.9374,1954,0.035,182.8505,0
1776426300000,5224.3,5224.3,5204.1,5206.1,8.737,1776427199999,45486.4198,1840,0.079,412.1212,0
1776427200000,5206.1,5224.3,5204.5,5208.7,10.052,1776428099999,52351.9407,1901,0.140,730.7188,0
1776428100000,5208.7,5224.3,5208.4,5213.4,9.78,1776428999999,50976.6947,1961,0.111,579.3445,0
1776429000000,5224.3,5224.3,5210.9,5213.7,10.152,1776429899999,52923.3173,2132,0.123,641.9165,0
1776429900000,5224.3,5224.3,5208.9,5213.4,9.248,1776430799999,48210.6336,1997,0.197,1027.5551,0
1776430800000,5224.3,5224.3,5201.7,5201.8,53.953,1776431699999,281022.1606,1717,3.914,20447.9102,0
1776431700000,5224.3,5224.3,5177.1,5187.7,1376.934,1776432599999,7147081.9869,2615,4.156,21549.2197,0
1776432600000,5187.7,5190.1,5174.4,5177.9,9.267,1776433499999,48016.3962,1833,0.411,2132.9234,0
1776433500000,5177.9,5190.1,5177.9,5186.4,259.636,1776434399999,1346237.7743,2116,249.022,1291221.5468,0
1776434400000,5188.6,5188.6,5178.0,5179.4,9.745,1776435299999,50511.2286,1990,0.148,767.7065,0
1776435300000,5179.4,5202.8,5179.2,5199.3,535.51,1776436199999,2781744.9495,2230,527.193,2738603.6095,0
1776436200000,5202.8,5202.9,5192.6,5202.9,9.288,1776437099999,48284.7154,1934,0.907,4718.7751,0
1776437100000,5202.9,5205.9,5192.6,5205.9,9.907,1776437999999,51535.7463,2020,6.126,31871.9068,0
1776438000000,5205.9,5212.1,5192.6,5210.7,9.271,1776438899999,48283.4465,1892,2.288,11918.4460,0
1776438900000,5210.7,5213.4,5192.6,5207.9,10.607,1776439799999,55252.6641,2195,2.817,14682.6459,0
1776439800000,5207.9,5213.4,5192.6,5206.6,9.27,1776440699999,48269.1657,1825,0.156,812.7668,0
1776440700000,5213.4,5213.8,5192.6,5213.0,56.034,1776441599999,292111.7093,1934,48.462,252657.5910,0
1776441600000,5213.3,5214.2,5192.6,5214.2,12.189,1776442499999,63531.3340,2007,5.929,30907.2125,0
1776442500000,5214.2,5221.1,5192.6,5215.5,297.166,1776443399999,1550061.7359,2254,196.301,1023941.8668,0
1776443400000,5215.5,5216.3,5207.8,5208.8,392.999,1776444299999,2047875.6639,2792,101.590,529266.4571,0
1776444300000,5208.8,5208.8,5197.5,5197.5,10.851,1776445199999,56426.8349,1785,0.431,2240.2773,0
1776445200000,5197.6,5197.9,5191.8,5196.1,412.68,1776446099999,2144131.6568,2545,45.948,238744.1857,0
1776446100000,5196.1,5202.4,5192.7,5200.0,190.584,1776446999999,989966.5350,2022,27.225,141448.4510,0
1776447000000,5200.0,5203.0,5192.7,5199.4,8.852,1776447899999,46032.5937,1779,2.492,12959.7876,0
1776447900000,5199.4,5202.2,5192.7,5199.2,125.366,1776448799999,651671.1967,1911,1.756,9132.4646,0
1776448800000,5199.2,5212.8,5197.4,5212.5,9.174,1776449699999,47751.8190,1851,6.174,32132.4078,0
1776449700000,5212.5,5214.4,5197.4,5212.8,9.501,1776450599999,49514.4869,1951,5.651,29452.8184,0
1776450600000,5212.8,5213.4,5197.4,5207.3,8.913,1776451499999,46438.8748,1848,1.537,8009.6591,0
1776451500000,5207.4,5208.8,5197.4,5207.6,8.629,1776452399999,44933.2257,1733,2.124,11059.9723,0
1776452400000,5207.6,5208.8,5197.4,5206.6,13.168,1776453299999,68568.4756,1674,4.956,25814.5348,0
1776453300000,5208.8,5208.8,5197.4,5205.4,9.723,1776454199999,50615.8976,1944,0.209,1088.1532,0
1776454200000,5208.8,5208.8,5197.4,5199.3,9.904,1776455099999,51515.2158,1995,0.164,853.5758,0
1776455100000,5208.8,5209.0,5197.4,5209.0,10.109,1776455999999,52595.1638,2095,0.503,2618.7147,0
1776456000000,5209.0,5212.9,5197.4,5211.7,10.813,1776456899999,56345.8878,2038,6.610,34449.9553,0
1776456900000,5211.7,5213.8,5197.4,5212.1,15.697,1776457799999,81731.3115,1970,5.525,28799.2672,0
1776457800000,5212.3,5218.3,5197.4,5216.5,103.389,1776458699999,539243.7228,1654,97.723,509691.9908,0
1776458700000,5218.3,5218.3,5197.4,5214.2,9.906,1776459599999,51650.2536,1943,0.100,521.6653,0
1776459600000,5214.2,5218.4,5197.4,5210.6,9.745,1776460499999,50765.7712,1890,0.106,552.3986,0
1776460500000,5210.6,5213.4,5207.3,5212.6,9.802,1776461399999,51068.4933,1793,0,0,0
1776461400000,5212.6,5218.8,5197.4,5214.6,9.234,1776462299999,48152.1866,2170,1.029,5367.4510,0
1776462300000,5214.6,5218.8,5211.8,5214.4,9.327,1776463199999,48629.3153,2714,2.010,10481.5368,0
1776463200000,5214.4,5218.8,5197.4,5215.4,9.588,1776464099999,50000.5571,2277,1.032,5382.5214,0
1776464100000,5218.8,5218.8,5197.4,5206.6,10.444,1776464999999,54437.5526,1905,0.030,156.5562,0
1776465000000,5218.8,5218.8,5197.4,5201.0,9.964,1776465899999,51827.8264,1901,0.096,499.8890,0
1776465900000,5201.0,5218.8,5197.4,5200.6,10.236,1776466799999,53228.9600,1911,0.045,234.8285,0
1776466800000,5200.6,5218.8,5197.4,5204.2,9.996,1776467699999,51997.8981,2118,0.596,3101.4821,0
1776467700000,5218.8,5218.8,5197.4,5203.8,9.551,1776468599999,49703.1828,2068,0.345,1796.5556,0
1776468600000,5203.8,5218.8,5197.4,5203.0,9.87,1776469499999,51361.3779,2044,0.147,765.5853,0
1776469500000,5218.8,5218.8,5197.4,5208.8,10.376,1776470399999,54024.6497,2000,0.181,942.9343,0
1776470400000,5218.8,5218.8,5197.4,5212.7,9.375,1776471299999,48864.1416,1841,0.160,834.3313,0
1776471300000,5212.7,5218.8,5197.4,5210.5,9.459,1776472199999,49304.5839,1801,0.078,406.7672,0
1776472200000,5210.5,5219.7,5197.4,5215.8,34.554,1776473099999,180307.4964,1884,26.999,140912.6708,0
1776473100000,5219.7,5219.7,5210.9,5214.3,8.515,1776473999999,44387.3029,1880,0.065,339.2805,0
1776474000000,5219.7,5219.7,5197.4,5206.1,9.873,1776474899999,51428.4741,1987,0.170,886.1928,0
1776474900000,5206.1,5219.7,5197.4,5213.2,10.221,1776475799999,53255.2439,2112,0.285,1485.7196,0
1776475800000,5219.7,5219.7,5197.4,5214.2,9.692,1776476699999,50540.3403,1963,0.191,996.3408,0
1776476700000,5214.4,5219.7,5197.4,5213.7,9.956,1776477599999,51916.1048,2016,0.689,3593.9257,0
1776477600000,5219.7,5219.7,5197.4,5219.3,9.813,1776478499999,51174.2001,1978,0.199,1038.0210,0
1776478500000,5219.7,5222.3,5216.4,5216.4,604.478,1776479399999,3155007.8778,2656,107.715,562316.6646,0
1776479400000,5216.5,5217.9,5215.1,5217.7,29.672,1776480299999,154780.5188,2166,5.410,28222.0196,0
1776480300000,5217.7,5220.6,5215.9,5219.2,10.019,1776481199999,52287.7058,2104,2.745,14324.7921,0
1776481200000,5219.6,5227.0,5215.9,5227.0,9.253,1776482099999,48345.4775,1912,8.056,42091.4729,0
1776482100000,5227.0,5228.7,5215.9,5228.6,9.932,1776482999999,51923.6167,2401,7.909,41348.1866,0
1776483000000,5228.7,5229.6,5215.9,5226.9,10.091,1776483899999,52756.4695,2139,5.450,28494.3440,0
1776483900000,5226.9,5235.4,5223.2,5231.7,196.287,1776484799999,1025834.8708,2222,5.145,26905.1728,0
1776484800000,5231.9,5236.3,5231.5,5232.3,211.486,1776485699999,1106581.1978,2238,135.804,710567.1527,0
1776485700000,5232.3,5232.6,5227.2,5232.6,342.493,1776486599999,1791424.5973,2865,5.257,27491.4472,0
1776486600000,5232.6,5235.0,5227.2,5232.8,9.507,1776487499999,49756.4638,2011,5.053,26449.9183,0
1776487500000,5232.8,5235.0,5227.0,5233.4,7.98,1776488399999,41757.0354,1570,1.614,8447.6388,0
1776488400000,5235.0,5235.6,5225.2,5225.2,188.798,1776489299999,986730.4056,2032,3.337,17448.6276,0
1776489300000,5225.2,5227.8,5225.2,5227.3,8.389,1776490199999,43842.3052,1967,4.726,24698.8156,0
1776490200000,5227.4,5232.0,5225.1,5231.0,10.087,1776491099999,52745.0533,2061,4.482,23439.9559,0
1776491100000,5231.0,5232.0,5225.1,5229.2,9.433,1776491999999,49335.4922,1918,0.181,946.7034,0
1776492000000,5229.5,5232.8,5225.1,5232.4,9.095,1776492899999,47572.3871,1877,1.288,6739.3693,0
1776492900000,5232.4,5235.7,5225.1,5233.2,9.963,1776493799999,52147.4090,2183,2.625,13740.5940,0
1776493800000,5233.2,5233.2,5225.1,5228.1,9.718,1776494699999,50826.8574,2375,5.919,30957.1938,0
1776494700000,5228.1,5228.7,5225.1,5227.2,10.078,1776495599999,52684.5315,1949,2.579,13483.3263,0
1776495600000,5228.7,5229.7,5225.1,5225.3,9.551,1776496499999,49920.1570,2055,3.586,18744.8970,0
1776496500000,5225.3,5226.5,5224.4,5225.7,85.388,1776497399999,446253.3293,2191,77.142,403165.8052,0
1776497400000,5226.4,5226.4,5217.7,5219.8,9.849,1776498299999,51433.4345,2038,0.333,1740.2337,0
1776498300000,5219.8,5226.4,5213.3,5217.9,10.451,1776499199999,54513.3866,1989,0.288,1505.2032,0
1776499200000,5217.4,5226.4,5217.4,5220.1,10.288,1776500099999,53708.7448,2102,0.082,428.3694,0
1776500100000,5220.1,5242.9,5220.0,5240.5,670.447,1776500999999,3509069.1075,2474,664.801,3479507.6274,0
1776501000000,5242.9,5258.3,5239.8,5255.4,815.389,1776501899999,4281113.3676,2415,649.413,3409089.6900,0
1776501900000,5255.6,5258.4,5255.2,5256.8,78.834,1776502799999,414448.1517,1902,68.720,361288.4778,0
1776502800000,5256.8,5258.7,5252.4,5254.0,10.177,1776503699999,53493.2864,2028,3.150,16562.8988,0
1776503700000,5254.0,5258.7,5253.2,5254.6,9.8,1776504599999,51507.4554,1968,0.103,541.6416,0
1776504600000,5254.6,5257.4,5252.7,5257.4,9.858,1776505499999,51800.7034,1878,0,0,0
1776505500000,5257.4,5260.6,5255.0,5255.5,81.708,1776506399999,429702.9283,2256,73.002,383930.0431,0
1776506400000,5255.5,5265.2,5255.4,5263.3,418.579,1776507299999,2202820.3245,2205,226.950,1194280.0703,0
1776507300000,5263.3,5263.4,5260.1,5262.4,264.36,1776508199999,1391140.4838,1925,135.965,715469.6649,0
1776508200000,5263.4,5264.3,5256.3,5261.2,9.344,1776509099999,49134.8398,1916,0.296,1558.0613,0
1776509100000,5264.3,5264.3,5256.6,5256.6,10.13,1776509999999,53264.7348,2332,0.105,552.5175,0
1776510000000,5264.3,5264.3,5251.8,5256.1,9.012,1776510899999,47355.6429,2007,0.192,1009.6092,0
1776510900000,5264.3,5264.3,5251.8,5257.4,10.1,1776511799999,53099.0084,1914,0.098,515.6634,0
1776511800000,5264.3,5264.3,5251.8,5260.6,9.487,1776512699999,49887.8061,1860,0.135,710.3551,0
1776512700000,5261.4,5264.3,5251.8,5263.1,9.416,1776513599999,49526.4397,1855,0.144,757.5840,0
1776513600000,5264.3,5268.6,5251.8,5266.9,9.11,1776514499999,47979.6813,1808,2.989,15743.8595,0
1776514500000,5266.9,5268.7,5251.8,5267.0,9.37,1776515399999,49355.7934,1992,3.254,17141.4483,0
1776515400000,5267.1,5270.0,5251.8,5268.3,9.813,1776516299999,51702.6199,2078,5.405,28477.9109,0
1776516300000,5268.7,5270.0,5251.8,5266.4,10.069,1776517199999,53046.5611,2085,3.378,17799.2947,0
1776517200000,5269.0,5269.0,5251.8,5268.2,9.712,1776518099999,51143.9312,1988,0.232,1221.9909,0
1776518100000,5268.2,5269.6,5251.8,5266.7,9.69,1776518999999,51039.0133,2118,4.835,25466.9117,0
1776519000000,5267.9,5268.5,5251.8,5266.6,9.364,1776519899999,49324.5232,1836,4.641,24447.6461,0
1776519900000,5266.6,5266.7,5251.8,5265.9,9.834,1776520799999,51770.0084,1917,1.318,6940.9588,0
1776520800000,5266.7,5269.4,5251.8,5269.2,10.331,1776521699999,54419.4822,2370,6.075,32002.7030,0
1776521700000,5269.2,5269.6,5251.8,5268.3,9.388,1776522599999,49464.5024,1921,4.974,26208.8901,0
1776522600000,5268.6,5270.4,5251.8,5269.5,8.224,1776523499999,43331.2638,1742,4.256,22425.5268,0
1776523500000,5270.4,5270.4,5251.8,5264.4,5.999,1776524399999,31590.1691,1194,0.040,210.6060,0
1776524400000,5264.3,5268.8,5262.3,5262.9,7.231,1776525299999,38078.5533,1408,0,0,0
1776525300000,5262.9,5264.5,5260.0,5261.0,9.41,1776526199999,49519.2691,1900,0,0,0
1776526200000,5261.0,5270.4,5251.8,5255.1,10.113,1776527099999,53143.3274,2385,0.047,247.7088,0
1776527100000,5254.9,5270.4,5251.8,5255.6,9.425,1776527999999,49533.0927,1851,0.192,1009.1469,0
1776528000000,5256.3,5270.4,5251.8,5257.3,8.09,1776528899999,42531.0154,1585,0.072,378.6274,0
1776528900000,5257.3,5257.4,5243.9,5249.0,9.257,1776529799999,48589.8117,1758,0,0,0
1776529800000,5249.0,5251.8,5249.0,5250.1,9.934,1776530699999,52155.4528,1809,0,0,0
1776530700000,5250.1,5250.3,5247.0,5247.7,9.811,1776531599999,51493.6623,1861,0,0,0
1776531600000,5247.7,5254.4,5247.5,5251.6,9.615,1776532499999,50483.9942,1773,0,0,0
1776532500000,5251.6,5251.9,5249.0,5249.8,9.496,1776533399999,49857.1076,1750,0,0,0
1776533400000,5249.8,5249.8,5243.4,5247.1,7.977,1776534299999,41848.6406,1569,0,0,0
1776534300000,5247.1,5247.1,5243.0,5245.3,9.278,1776535199999,48661.5072,1826,0,0,0
1776535200000,5245.3,5270.4,5240.2,5245.0,9.967,1776536099999,52257.6941,1927,0.017,89.5968,0
1776536100000,5245.0,5270.4,5241.5,5249.0,117.407,1776536999999,615450.6553,1781,0.048,252.9792,0
1776537000000,5249.0,5257.7,5248.5,5254.6,8.985,1776537899999,47209.3123,1648,0,0,0
1776537900000,5254.0,5270.4,5253.5,5264.6,10.021,1776538799999,52699.9897,1936,0.216,1137.1419,0
1776538800000,5265.0,5270.4,5253.5,5258.1,9.531,1776539699999,50106.2600,1717,0.005,26.3304,0
1776539700000,5258.1,5270.4,5241.5,5259.6,8.892,1776540599999,46767.6396,1699,0.150,789.0967,0
1776540600000,5259.6,5263.2,5258.4,5262.9,8.724,1776541499999,45903.3473,1606,0,0,0
1776541500000,5262.9,5270.4,5241.5,5261.4,9.732,1776542399999,51200.7659,1867,0.069,363.0919,0
1776542400000,5261.4,5270.4,5261.3,5264.9,10.281,1776543299999,54123.7785,1852,0.059,310.9536,0
1776543300000,5264.9,5265.0,5264.2,5265.0,10.406,1776544199999,54785.3569,1910,0,0,0
1776544200000,5265.0,5269.6,5263.0,5263.0,9.927,1776545099999,52284.6490,1958,0,0,0
1776545100000,5263.0,5263.8,5259.1,5259.4,9.238,1776545999999,48604.8785,1970,0,0,0
1776546000000,5259.4,5261.9,5258.0,5258.0,9.532,1776546899999,50140.0205,1986,0,0,0
1776546900000,5258.0,5258.5,5255.4,5255.4,10.169,1776547799999,53460.3926,1994,0,0,0
1776547800000,5255.4,5258.2,5250.2,5250.8,10.377,1776548699999,54515.8510,2311,0,0,0
1776548700000,5250.8,5270.4,5250.5,5253.1,10.166,1776549599999,53405.4434,2001,0.048,252.9792,0
1776549600000,5253.1,5255.8,5251.1,5253.6,165.84,1776550499999,871396.6013,2142,88.241,463655.8837,0
1776550500000,5253.6,5254.2,5250.5,5252.5,401.598,1776551399999,2109468.5309,2279,108.363,569275.4961,0
1776551400000,5252.5,5255.7,5251.1,5255.6,508.98,1776552299999,2673641.9313,2512,252.835,1328252.1382,0
1776552300000,5255.6,5255.6,5252.2,5255.0,482.791,1776553199999,2536640.0108,2587,40.372,212080.0595,0
1776553200000,5255.1,5255.8,5252.2,5255.8,10.071,1776554099999,52919.5632,2324,6.435,33815.1851,0
1776554100000,5255.8,5258.4,5252.2,5258.0,9.743,1776554999999,51217.8332,1949,6.891,36224.1134,0
1776555000000,5258.4,5258.4,5252.2,5257.5,8.09,1776555899999,42528.7509,2052,5.566,29260.7713,0
1776555900000,5257.5,5260.2,5252.2,5259.4,6.744,1776556799999,35460.3856,1402,5.910,31075.7260,0
1776556800000,5259.8,5264.7,5252.2,5263.1,7.122,1776557699999,37475.5354,1449,5.546,29182.9103,0
1776557700000,5263.1,5265.8,5252.2,5259.4,7.995,1776558599999,42063.2050,1552,5.347,28132.9182,0
1776558600000,5259.4,5265.7,5252.2,5263.7,7.646,1776559499999,40238.0554,1604,5.310,27946.6451,0
1776559500000,5263.7,5263.8,5252.2,5262.3,7.295,1776560399999,38385.6709,1541,4.513,23748.0447,0
1776560400000,5262.3,5262.3,5252.2,5258.0,7.154,1776561299999,37624.3149,1452,2.934,15431.8157,0
1776561300000,5258.0,5258.3,5252.2,5257.3,8.017,1776562199999,42145.7269,1780,3.430,18032.3796,0
1776562200000,5257.3,5260.4,5252.2,5259.4,7.593,1776563099999,39927.9407,1692,3.478,18289.3519,0
1776563100000,5259.4,5261.0,5252.2,5261.0,8.123,1776563999999,42721.5469,1774,4.856,25541.1583,0
1776564000000,5261.0,5264.6,4950.0,5264.0,3008.061,1776564899999,15789206.2149,1947,52.743,277584.0442,0
1776564900000,5264.6,5271.9,5261.7,5271.9,7.967,1776565799999,41964.6590,1616,4.293,22617.0598,0
1776565800000,5271.9,5271.9,5261.7,5265.2,8.002,1776566699999,42163.1030,1663,3.883,20460.9043,0
1776566700000,5265.2,5269.1,5261.7,5265.6,7.63,1776567599999,40183.5147,1553,3.902,20551.5402,0
1776567600000,5265.6,5270.6,5261.7,5265.8,7.853,1776568499999,41366.0768,1741,3.447,18156.1501,0
1776568500000,5265.9,5270.6,5261.7,5263.4,8.05,1776569399999,42382.9802,1755,0.248,1306.1293,0
1776569400000,5264.5,5270.6,5261.7,5263.8,7.369,1776570299999,38799.0268,1547,0.222,1169.2077,0
1776570300000,5270.6,5270.6,5261.7,5268.3,9.732,1776571199999,51249.7310,1834,0.179,942.9787,0
1776571200000,5270.6,5272.0,5261.7,5268.7,9.973,1776572099999,52558.5985,1940,0.969,5107.8785,0
1776572100000,5272.0,5272.0,5261.7,5268.4,10.105,1776572999999,53244.4663,2134,0.408,2150.0063,0
1776573000000,5272.0,5287.0,5261.7,5286.3,9.933,1776573899999,52423.8521,2011,7.043,37175.7213,0
1776573900000,5286.3,5289.4,5283.1,5288.8,9.789,1776574799999,51758.0360,2092,7.287,38529.2161,0
1776574800000,5288.8,5289.5,5261.7,5284.3,14.22,1776575699999,75163.8841,2142,4.891,25859.2361,0
1776575700000,5284.7,5287.1,5280.8,5282.7,25.849,1776576599999,136575.9291,2375,6.506,34382.9802,0
1776576600000,5282.7,5282.7,5261.7,5278.0,10.042,1776577499999,53019.2327,2221,4.905,25899.0072,0
1776577500000,5278.3,5278.3,5261.7,5274.7,10.219,1776578399999,53905.5546,2329,3.121,16462.6369,0
1776578400000,5274.7,5282.1,5261.7,5282.1,9.643,1776579299999,50867.9399,2034,3.843,20277.3319,0
1776579300000,5282.1,5283.9,5261.7,5273.6,9.701,1776580199999,51179.1521,1959,0.500,2640.1769,0
1776580200000,5273.6,5283.9,5261.7,5268.1,11.983,1776581099999,63158.1595,1976,0.055,290.6042,0
1776581100000,5283.9,5283.9,5267.9,5271.4,10.15,1776581999999,53504.5472,1998,0.447,2360.5515,0
1776582000000,5271.5,5283.9,5267.9,5275.7,9.599,1776582899999,50621.1404,1989,0.246,1298.1344,0
1776582900000,5283.9,5289.9,5267.9,5289.8,102.438,1776583799999,541687.3485,1891,90.347,477787.0275,0
1776583800000,5289.8,5290.5,5284.0,5284.0,348.53,1776584699999,1842483.3955,2224,46.052,243540.6105,0
1776584700000,5284.5,5285.0,5280.1,5285.0,432.306,1776585599999,2283614.1055,2236,237.576,1254924.8396,0
1776585600000,5285.0,5288.0,5283.5,5286.3,378.328,1776586499999,1999607.1160,1854,370.531,1958393.0738,0
1776586500000,5288.0,5288.0,5276.7,5277.4,7.999,1776587399999,42247.4222,1684,0.097,512.8222,0
1776587400000,5277.4,5288.0,5274.8,5276.1,6.433,1776588299999,33944.5646,1353,0.094,496.5183,0
1776588300000,5276.1,5288.0,5274.7,5279.1,7.382,1776589199999,38952.2719,1486,0.034,179.7801,0
1776589200000,5279.1,5288.0,5275.5,5275.6,7.896,1776590099999,41668.5800,1504,0.044,232.4858,0
1776590100000,5288.0,5288.0,5275.1,5276.0,7.729,1776590999999,40781.4198,1536,0.030,158.6400,0
1776591000000,5288.0,5288.0,5275.6,5280.5,9.098,1776591899999,48036.3283,1603,1.005,5314.3092,0
1776591900000,5288.0,5288.0,5277.2,5278.9,7.023,1776592799999,37073.9385,1432,0.050,264.4000,0
1776592800000,5278.9,5288.0,5275.9,5277.7,8.752,1776593699999,46188.0911,1642,0.082,433.1741,0
1776593700000,5277.7,5285.4,5277.7,5285.4,8.671,1776594599999,45793.5187,1664,0.123,649.6391,0
1776594600000,5285.4,5289.1,5283.3,5287.4,7.518,1776595499999,39748.3419,1433,0.876,4632.9440,0
1776595500000,5287.4,5291.1,5283.2,5291.1,85.955,1776596399999,454681.1727,1640,79.981,423099.6445,0
1776596400000,5291.1,5291.6,5284.6,5284.8,12.246,1776597299999,64778.8026,1425,5.780,30585.3759,0
1776597300000,5291.6,5291.6,5284.6,5286.0,6.85,1776598199999,36210.8676,1370,0.147,777.4475,0
1776598200000,5286.0,5291.6,5283.7,5287.5,8.537,1776599099999,45127.7886,1797,0.249,1316.6022,0
1776599100000,5291.6,5291.6,5283.7,5286.4,7.874,1776599999999,41627.1827,1615,0.416,2199.4872,0
1776600000000,5286.4,5291.6,5281.4,5286.0,7.215,1776600899999,38133.6437,1526,0.154,814.2496,0
1776600900000,5291.6,5291.6,5281.4,5284.0,7.008,1776601799999,37034.7325,1359,0.076,402.1012,0
1776601800000,5291.6,5291.6,5281.4,5287.7,7.508,1776602699999,39680.6670,1471,0.116,613.6135,0
1776602700000,5291.6,5291.6,5276.3,5276.3,8.007,1776603599999,42302.0899,1636,0.112,592.3838,0
1776603600000,5291.6,5291.6,5274.1,5274.1,11.34,1776604499999,59900.9714,1331,4.861,25721.6034,0
1776604500000,5274.1,5291.6,5272.7,5276.3,6.625,1776605399999,34949.8110,1275,0.068,359.5931,0
1776605400000,5276.3,5291.6,5272.7,5276.7,7.516,1776606299999,39663.4315,1495,0.096,507.4140,0
1776606300000,5291.6,5291.6,5272.1,5277.7,8.491,1776607199999,44796.6569,1773,0.420,2216.8971,0
1776607200000,5278.3,5280.9,5274.6,5278.7,9.777,1776608099999,51616.5841,1930,4.483,23667.9617,0
1776608100000,5279.0,5279.8,5272.4,5272.4,54.326,1776608999999,286521.7003,1987,3.298,17407.4507,0
1776609000000,5272.5,5276.7,5271.0,5272.5,220.118,1776609899999,1160554.0614,1696,86.907,458292.9744,0
1776609900000,5272.5,5277.1,5271.0,5277.1,7.899,1776610799999,41660.1877,1663,0.759,4004.5904,0
1776610800000,5277.1,5282.2,5271.0,5282.2,8.065,1776611699999,42578.2740,1570,3.554,18764.7706,0
1776611700000,5282.2,5285.3,5271.0,5283.9,7.038,1776612599999,37187.3265,1498,3.839,20284.8931,0
1776612600000,5283.9,5287.5,5271.0,5286.7,24.125,1776613499999,127526.2931,1667,21.072,111393.8938,0
1776613500000,5286.8,5292.5,5271.0,5289.0,13.072,1776614399999,69108.9516,1430,8.322,44027.3934,0
1776614400000,5289.1,5289.4,5271.0,5283.4,8.176,1776615299999,43216.3921,1666,2.523,13336.4822,0
1776615300000,5283.5,5287.9,5270.9,5271.0,49.291,1776616199999,259927.1350,1933,5.425,28661.8092,0
1776616200000,5271.0,5271.0,5270.9,5271.0,7.108,1776617099999,37466.2610,1380,7.038,37097.2980,0
1776617100000,5271.0,5271.0,5270.9,5271.0,7.12,1776617999999,37529.5125,1373,7.045,37134.1950,0
1776618000000,5271.0,5271.0,5270.9,5271.0,7.114,1776618899999,37497.8822,1349,6.996,36875.9160,0
1776618900000,5271.0,5290.4,5270.9,5290.4,8.067,1776619799999,42527.1707,1579,7.992,42131.8532,0
1776619800000,5290.4,5295.2,5270.9,5290.9,9.002,1776620699999,47631.9533,1962,6.928,36656.8562,0
1776620700000,5290.9,5290.9,5270.9,5290.5,7.197,1776621599999,38058.9120,1360,1.877,9929.2118,0
1776621600000,5290.5,5291.7,5270.9,5288.9,46.2,1776622499999,244450.6110,1411,43.232,228754.6351,0
1776622500000,5288.9,5289.1,5270.9,5283.8,4.515,1776623399999,23866.2088,983,1.850,9779.0563,0
1776623400000,5283.8,5287.3,5270.9,5285.1,7.108,1776624299999,37569.0736,1395,3.240,17126.9030,0
1776624300000,5285.1,5287.5,5270.9,5285.7,8.821,1776625199999,46626.0085,1840,1.803,9531.9337,0
1776625200000,5287.5,5288.0,5270.9,5287.8,14.648,1776626099999,77429.5858,1952,5.306,28055.3964,0
1776626100000,5287.8,5288.3,5270.9,5287.4,9.223,1776626999999,48754.7672,2100,6.317,33395.7170,0
1776627000000,5287.4,5290.0,5270.9,5289.9,8.458,1776627899999,44731.0536,1730,4.986,26369.7865,0
1776627900000,5289.9,5290.0,5270.9,5287.2,6.669,1776628799999,35266.3860,1412,2.595,13723.1652,0
1776628800000,5288.2,5288.2,5270.9,5286.0,9.824,1776629699999,51933.4517,2064,3.847,20338.2830,0
1776629700000,5286.0,5288.8,5270.9,5287.2,9.994,1776630599999,52836.0143,2111,1.731,9152.6453,0
1776630600000,5287.2,5292.2,5270.9,5288.5,73.513,1776631499999,388999.6779,2089,67.005,354590.2304,0
1776631500000,5292.2,5296.0,5270.9,5296.0,206.232,1776632399999,1091686.8005,1988,200.908,1063517.8384,0
1776632400000,5296.0,5298.0,5290.2,5290.6,248.695,1776633299999,1316581.0380,2235,42.159,223302.0832,0
1776633300000,5290.7,5294.5,5290.6,5293.1,169.331,1776634199999,896067.9084,2159,163.457,864976.6031,0
1776634200000,5293.1,5294.5,5289.1,5289.1,10.066,1776635099999,53264.7542,2054,0.124,656.2828,0
1776635100000,5294.5,5294.5,5287.4,5290.4,10.219,1776635999999,54055.1058,2040,0.240,1270.2810,0
1776636000000,5294.5,5294.5,5282.2,5291.0,9.909,1776636899999,52404.2224,1928,0.343,1815.6024,0
1776636900000,5294.5,5295.8,5282.2,5288.9,9.761,1776637799999,51668.5610,2045,4.177,22113.2777,0
1776637800000,5289.0,5289.5,5282.2,5283.0,8.847,1776638699999,46769.8630,1863,1.928,10193.7950,0
1776638700000,5283.1,5283.2,5281.0,5282.7,142.807,1776639599999,754376.8026,2178,118.247,624646.4392,0
1776639600000,5283.2,5290.3,5282.7,5290.3,580.703,1776640499999,3069609.6715,1819,579.255,3061953.5828,0
1776640500000,5290.3,5290.5,5284.0,5284.1,698.883,1776641399999,3694556.9333,2491,3.310,17497.8982,0
1776641400000,5284.1,5284.2,5277.2,5278.7,137.228,1776642299999,724987.2368,2425,25.208,133179.3907,0
1776642300000,5283.2,5284.0,5278.6,5280.4,121.372,1776643199999,641120.3035,2193,48.394,255686.4458,0
1776643200000,5280.5,5285.6,4950.0,5284.7,9547.467,1776644099999,50351810.0100,2827,262.583,1387674.6073,0
1776644100000,5284.7,5285.2,5280.9,5280.9,569.856,1776644999999,3010697.3999,2343,11.804,62382.7150,0
1776645000000,5280.9,5283.0,5277.5,5278.7,318.486,1776645899999,1681307.7835,2607,4.242,22400.8222,0
1776645900000,5278.7,5280.0,5277.0,5279.7,11.639,1776646799999,61436.2740,2148,4.875,25735.7075,0
1776646800000,5279.7,5279.7,5274.5,5274.5,9.901,1776647699999,52248.3483,2117,0.111,585.9480,0
1776647700000,5274.5,5279.7,5274.5,5276.1,9.837,1776648599999,51902.7518,2047,0.049,258.6348,0
1776648600000,5276.1,5283.1,5273.6,5283.1,9.82,1776649499999,51833.7874,2152,4.098,21640.7701,0
1776649500000,5283.1,5286.5,5273.6,5285.6,9.88,1776650399999,52212.2919,1973,6.114,32311.4778,0
1776650400000,5285.6,5290.8,5273.6,5290.8,10.55,1776651299999,55785.4198,2180,7.292,38556.3564,0
1776651300000,5290.8,5292.3,5273.6,5292.3,10.233,1776652199999,54135.3144,2084,2.179,11531.0809,0
1776652200000,5292.3,5292.3,5273.6,5292.2,9.966,1776653099999,52739.3377,2040,4.509,23862.4941,0
1776653100000,5292.2,5292.3,5273.6,5285.3,10.404,1776653999999,55018.0618,2069,4.567,24151.3330,0
1776654000000,5285.4,5285.5,5273.6,5280.7,9.92,1776654899999,52404.7703,2171,4.087,21592.4453,0
1776654900000,5280.7,5285.7,5273.6,5285.7,10.442,1776655799999,55159.3068,2120,5.482,28960.0183,0
1776655800000,5285.7,5286.4,5273.6,5286.4,8.983,1776656699999,47473.2601,1873,6.872,36319.1714,0
1776656700000,5286.4,5288.8,5273.6,5284.9,7.286,1776657599999,38513.4313,1615,4.463,23593.3544,0
1776657600000,5284.9,5286.1,5273.6,5282.4,13.787,1776658499999,72807.5877,2030,2.184,11542.2421,0
1776658500000,5282.4,5286.4,5273.6,5286.2,7.181,1776659399999,37943.7528,1534,4.041,21353.1539,0
1776659400000,5286.2,5286.2,5273.6,5284.8,7.066,1776660299999,37344.8201,1436,1.258,6649.7712,0
1776660300000,5284.8,5286.2,5273.6,5284.2,9.837,1776661199999,51979.2915,1989,0.240,1268.2676,0
1776661200000,5286.2,5290.7,5273.6,5288.9,9.413,1776662099999,49754.9772,1827,1.778,9402.5601,0
1776662100000,5290.7,5291.6,5273.6,5290.2,8.625,1776662999999,45630.2745,1784,2.187,11571.5676,0
1776663000000,5290.3,5291.5,5273.6,5291.5,8.729,1776663899999,46178.2956,1844,1.947,10301.3369,0
1776663900000,5291.5,5292.6,5273.6,5291.5,10.179,1776664799999,53858.6053,2175,5.532,29272.7338,0
1776664800000,5291.5,5291.5,5273.6,5289.4,10.039,1776665699999,53095.1102,2203,5.761,30469.4600,0
1776665700000,5289.4,5289.8,5273.6,5284.7,9.052,1776666599999,47858.2511,2028,3.064,16200.7181,0
1776666600000,5284.8,5288.6,5273.6,5286.1,8.88,1776667499999,46921.1676,1991,5.027,26565.5322,0
1776667500000,5286.1,5288.0,5273.6,5286.5,10.103,1776668399999,53409.1567,1896,1.533,8105.6451,0
1776668400000,5286.5,5288.0,5273.6,5283.4,9.895,1776669299999,52294.5571,1876,0.057,301.3040,0
1776669300000,5283.4,5288.0,5263.7,5266.3,17.358,1776670199999,91501.3941,1781,0.025,132.2000,0
1776670200000,5266.3,5288.0,5263.7,5278.2,14.511,1776671099999,76482.0645,1918,0.185,976.9682,0
1776671100000,5288.0,5288.0,5263.7,5272.1,9.815,1776671999999,51787.7247,1725,0.217,1145.9788,0
1776672000000,5270.7,5288.0,5263.7,5270.5,11.669,1776672899999,61517.9604,1975,5.197,27408.8781,0
1776672900000,5270.5,5270.5,5263.7,5270.5,10.566,1776673799999,55683.0493,1949,7.463,39333.4947,0
1776673800000,5270.5,5280.3,5263.7,5280.3,10.786,1776674699999,56856.5443,2139,10.711,56461.7668,0
1776674700000,5280.3,5280.6,5263.7,5276.5,9.698,1776675599999,51176.0888,2181,5.228,27586.6255,0
1776675600000,5276.5,5280.1,5263.7,5278.8,9.254,1776676499999,48836.8811,2068,3.008,15875.2902,0
1776676500000,5278.8,5280.9,5263.7,5276.7,9.03,1776677399999,47660.5361,1829,3.076,16237.4811,0
1776677400000,5276.7,5276.7,5263.7,5274.2,9.997,1776678299999,52726.3977,2012,3.118,16446.4863,0
1776678300000,5275.5,5275.5,5263.7,5271.3,9.621,1776679199999,50722.6261,1876,0.151,796.3007,0
1776679200000,5272.0,5276.5,5263.7,5276.0,11.04,1776680099999,58211.0453,1991,2.042,10773.8315,0
1776680100000,5276.1,5276.1,5263.7,5273.5,9.687,1776680999999,51076.6083,2103,4.004,21111.9344,0
1776681000000,5273.5,5278.2,5263.7,5276.6,9.136,1776681899999,48203.3814,1850,4.512,23807.6656,0
1776681900000,5276.6,5278.2,5271.8,5277.6,10.023,1776682799999,52869.7921,2154,4.407,23245.6185,0
1776682800000,5277.6,5283.2,5277.5,5279.2,9.842,1776683699999,51972.7527,1862,3.299,17421.1559,0
1776683700000,5279.2,5283.2,5279.1,5283.2,9.843,1776684599999,51984.4858,1833,0.244,1289.1008,0
1776684600000,5283.2,5286.6,5282.4,5283.6,9.895,1776685499999,52287.1206,1916,3.573,18880.6415,0
1776685500000,5283.6,5287.1,5280.8,5287.1,16.336,1776686399999,86335.9671,1958,7.516,39737.7107,0
1776686400000,5287.1,5292.5,5286.7,5292.5,299.345,1776687299999,1583292.0267,2180,224.921,1189677.5584,0
1776687300000,5292.5,5295.8,5292.4,5295.8,324.557,1776688199999,1718174.6884,2313,148.941,788459.5283,0
1776688200000,5295.8,5296.7,5287.6,5287.6,330.078,1776689099999,1747666.1694,2355,200.292,1060554.4926,0
1776689100000,5287.6,5295.3,5281.9,5282.7,10.179,1776689999999,53801.4717,2144,0.070,370.4185,0
1776690000000,5282.7,5295.3,5273.7,5274.0,9.983,1776690899999,52699.5806,1989,0.060,317.7180,0
1776690900000,5295.3,5295.3,5270.7,5270.7,18.529,1776691799999,97689.4841,1586,0.120,634.1487,0
1776691800000,5295.3,5295.3,5270.0,5274.7,373.548,1776692699999,1970029.7683,2438,321.211,1694146.4098,0
1776692700000,5278.3,5278.3,5266.2,5269.6,11.221,1776693599999,59152.6299,2158,0.126,664.8374,0
1776693600000,5278.3,5284.0,5266.2,5282.0,11.017,1776694499999,58147.3123,1975,5.099,26925.9874,0
1776694500000,5282.0,5299.3,5266.2,5299.3,98.071,1776695399999,518881.2923,2053,95.155,503471.8994,0
1776695400000,5299.3,5304.8,5266.2,5302.8,246.262,1776696299999,1305782.3769,2108,242.450,1285578.6421,0
1776696300000,5304.8,5309.7,5300.6,5306.6,173.832,1776697199999,922522.3363,1960,165.888,880384.9000,0
1776697200000,5306.9,5310.7,5304.6,5310.6,9.6,1776698099999,50945.0772,1909,0.651,3456.0698,0
1776698100000,5310.7,5310.9,5293.5,5294.7,1221.692,1776698999999,6475048.0101,2572,2.591,13732.1681,0
1776699000000,5294.7,5300.4,5293.5,5299.6,10.727,1776699899999,56826.3616,1971,6.446,34149.0968,0
1776699900000,5299.8,5303.6,5293.5,5301.1,10.287,1776700799999,54521.6317,1910,2.847,15092.9026,0
1776700800000,5301.1,5301.9,5293.5,5296.5,9.186,1776701699999,48684.1915,1871,4.517,23940.5978,0
1776701700000,5296.5,5300.6,5293.5,5300.6,9.859,1776702599999,52231.1254,2093,6.364,33718.7843,0
1776702600000,5300.6,5305.8,5293.5,5303.5,9.954,1776703499999,52794.4569,2065,3.689,19566.9376,0
1776703500000,5303.6,5307.3,5293.5,5303.3,9.903,1776704399999,52528.2828,2142,3.174,16836.9873,0
1776704400000,5304.0,5307.3,5293.5,5298.2,9.634,1776705299999,51085.0138,1995,0.212,1124.4846,0
1776705300000,5307.3,5307.3,5293.5,5303.7,9.765,1776706199999,51766.8135,2003,0.255,1352.4819,0
1776706200000,5303.7,5309.9,5293.5,5308.4,9.78,1776707099999,51907.3000,1950,3.815,20252.2221,0
1776707100000,5308.5,5309.0,5293.5,5308.7,10.078,1776707999999,53494.8395,2114,1.049,5568.7760,0
1776708000000,5308.9,5314.3,5293.5,5313.7,9.432,1776708899999,50093.7124,2043,4.810,25547.0998,0
1776708900000,5314.1,5314.7,5293.5,5308.1,9.812,1776709799999,52098.6484,2084,4.741,25176.2437,0
1776709800000,5309.3,5309.3,5293.5,5302.9,8.998,1776710699999,47744.4860,2013,0.404,2144.1430,0
1776710700000,5302.9,5309.3,5293.5,5307.8,9.735,1776711599999,51656.3769,1997,0.225,1194.1818,0
1776711600000,5309.3,5313.1,5293.5,5309.7,10.15,1776712499999,53896.8462,2195,4.953,26306.0867,0
1776712500000,5311.0,5311.8,5293.5,5309.5,9.924,1776713399999,52699.8156,2133,4.480,23790.2272,0
1776713400000,5309.5,5314.3,5293.5,5314.2,10.087,1776714299999,53567.3049,2058,2.452,13026.3430,0
1776714300000,5314.2,5314.2,5293.5,5312.3,9.591,1776715199999,50951.7589,2075,5.120,27200.2656,0
1776715200000,5312.3,5319.9,5293.5,5319.9,192.697,1776716099999,1024434.5940,2029,187.739,998078.7015,0
1776716100000,5319.9,5320.4,5313.4,5316.9,515.081,1776716999999,2738441.5155,2376,19.375,103060.6743,0
1776717000000,5316.9,5317.2,5311.7,5313.1,67.355,1776717899999,357852.0188,2367,3.436,18259.0008,0
1776717900000,5313.1,5315.0,5301.9,5303.1,9.818,1776718799999,52116.1676,1971,0.659,3501.9186,0
1776718800000,5303.1,5305.9,5292.3,5299.8,9.547,1776719699999,50596.1098,2004,0.260,1378.5049,0
1776719700000,5299.8,5302.3,5298.2,5299.5,9.63,1776720599999,51045.4569,1927,0.041,217.3907,0
1776720600000,5299.5,5299.5,5292.1,5295.8,9.679,1776721499999,51244.5216,2206,0,0,0
1776721500000,5295.8,5296.8,5291.8,5291.8,132.298,1776722399999,700341.6674,2155,23.021,121872.4316,0
1776722400000,5291.8,5297.2,5291.7,5295.9,187.081,1776723299999,990405.7988,1966,74.115,392433.0045,0
1776723300000,5295.9,5299.8,5292.2,5293.8,55.06,1776724199999,291438.0110,1888,3.675,19470.6050,0
1776724200000,5293.8,5298.2,5292.2,5298.2,8.154,1776725099999,43186.1795,1754,4.262,22574.7668,0
1776725100000,5298.2,5311.0,5292.2,5311.0,8.663,1776725999999,45964.0117,1886,5.834,30948.6101,0
1776726000000,5311.0,5317.2,5292.2,5316.0,102.228,1776726899999,543383.2109,1653,94.896,504404.2725,0
1776726900000,5317.2,5317.2,5292.2,5315.0,7.385,1776727799999,39251.8861,1458,0.043,228.6339,0
1776727800000,5315.0,5317.8,5315.0,5317.1,100.668,1776728699999,535258.9913,1982,47.443,252268.5594,0
1776728700000,5316.7,5320.6,5316.2,5320.0,9.796,1776729599999,52108.1337,1830,2.653,14111.6104,0
1776729600000,5320.6,5320.6,5308.1,5313.5,9.294,1776730499999,49381.1642,1752,1.071,5698.2749,0
1776730500000,5320.6,5320.6,5312.6,5312.6,8.385,1776731399999,44558.0769,1933,0.677,3598.4381,0
1776731400000,5313.9,5320.6,5311.0,5313.6,7.032,1776732299999,37357.3218,1607,0.759,4032.7133,0
1776732300000,5313.6,5320.6,5304.3,5314.4,1416.498,1776733199999,7521006.6269,1780,0.112,595.3686,0
1776733200000,5320.6,5320.6,5312.1,5313.4,8.08,1776734099999,42953.3178,1681,0.273,1451.8090,0
1776734100000,5320.6,5320.6,5310.2,5312.6,7.175,1776734999999,38109.8972,1482,0.070,372.4420,0
1776735000000,5320.6,5320.6,5311.5,5313.5,8.294,1776735899999,44070.7838,1708,0.352,1870.9438,0
1776735900000,5320.6,5320.6,5313.5,5317.4,9.268,1776736799999,49260.1484,1829,0.149,792.0686,0
1776736800000,5317.4,5320.6,5314.2,5314.2,9.178,1776737699999,48801.8013,1813,0.175,930.7150,0
1776737700000,5320.6,5320.6,5313.9,5313.9,9.608,1776738599999,51065.2173,2004,0.208,1105.8737,0
1776738600000,5320.6,5320.6,5308.8,5309.9,9.761,1776739499999,51849.9675,2107,0.105,558.3417,0
1776739500000,5309.9,5320.6,5309.1,5309.8,10.263,1776740399999,54506.0061,2074,0.055,292.5749,0
1776740400000,5309.8,5311.5,5309.1,5311.4,63.679,1776741299999,338171.0367,2221,44.828,238076.2036,0
1776741300000,5311.4,5315.1,5311.1,5313.1,9.323,1776742199999,49535.0562,2030,6.692,35557.2695,0
1776742200000,5313.1,5313.1,5307.1,5309.1,394.465,1776743099999,2094067.8017,2346,153.551,815091.0575,0
1776743100000,5309.1,5313.1,5308.8,5313.1,297.212,1776743999999,1578396.6993,2453,295.267,1568068.7531,0
1776744000000,5313.1,5314.1,5301.4,5305.5,507.649,1776744899999,2694576.3736,2738,78.733,417555.9973,0
1776744900000,5305.5,5309.4,5304.6,5304.6,257.865,1776745799999,1368411.9347,2306,91.608,486161.3605,0
1776745800000,5304.6,5307.3,5303.7,5306.5,155.702,1776746699999,826068.5909,2323,54.750,290515.9436,0
1776746700000,5307.3,5307.3,5301.8,5303.4,10.173,1776747599999,53955.4293,2068,0.104,551.8352,0
1776747600000,5303.4,5307.3,5300.7,5302.8,9.441,1776748499999,50064.6267,1918,0.077,408.6063,0
1776748500000,5307.3,5307.3,5302.7,5302.7,9.898,1776749399999,52500.0732,2321,0.155,822.2463,0
1776749400000,5307.3,5307.3,5300.7,5301.9,10.378,1776750299999,55021.3720,2204,0.201,1065.9253,0
1776750300000,5307.3,5307.5,5301.8,5303.1,9.42,1776751199999,49951.6531,1796,0.066,350.1528,0
1776751200000,5303.1,5307.5,5302.1,5307.5,8.301,1776752099999,44023.8112,1757,0.127,673.7872,0
1776752100000,5307.5,5309.4,5302.1,5309.2,147.83,1776752999999,784858.9557,1605,147.703,784185.1122,0
1776753000000,5309.2,5309.2,5301.9,5304.0,7.896,1776753899999,41886.5421,1547,3.617,19186.4361,0
1776753900000,5304.0,5306.7,5301.9,5306.7,10.436,1776754799999,55373.9936,2274,7.716,40941.8712,0
1776754800000,5306.7,5308.0,5301.9,5306.6,10.331,1776755699999,54824.8706,2200,4.211,22348.4178,0
1776755700000,5306.6,5309.2,5301.9,5309.2,9.998,1776756599999,53079.2853,2033,7.898,41930.8633,0
1776756600000,5309.2,5309.2,5301.9,5309.2,10.724,1776757499999,56935.4228,2000,10.664,56617.3088,0
1776757500000,5309.2,5309.2,5301.9,5309.2,10.309,1776758399999,54732.4698,1849,10.299,54679.4508,0
1776758400000,5309.2,5309.2,5301.9,5309.2,10.186,1776759299999,54079.1053,1886,10.130,53782.1960,0
1776759300000,5309.2,5309.2,5301.9,5309.2,9.086,1776760199999,48238.8437,1738,9.011,47841.2012,0
1776760200000,5309.2,5309.2,5301.9,5309.2,7.792,1776761099999,41368.7754,1469,7.722,40997.6424,0
1776761100000,5309.2,5327.6,5301.9,5326.4,141.717,1776761999999,753402.3480,1458,139.711,742719.2221,0
1776762000000,5326.4,5327.6,5301.9,5322.1,74.806,1776762899999,398151.6409,2021,10.910,58076.7881,0
1776762900000,5322.1,5322.2,5304.7,5304.7,670.125,1776763799999,3562456.6554,2325,0.204,1085.3374,0
1776763800000,5304.7,5304.8,5300.0,5300.0,344.279,1776764699999,1825583.6882,1967,36.416,193038.5075,0
1776764700000,5300.0,5302.8,5300.0,5300.5,227.052,1776765599999,1203813.3154,1742,153.521,813943.4309,0
1776765600000,5300.5,5302.0,5297.7,5302.0,7.005,1776766499999,37132.4066,1386,1.755,9304.6994,0
1776766500000,5302.0,5302.0,5297.7,5302.0,7.828,1776767399999,41503.6268,1485,7.382,39139.3560,0
1776767400000,5302.0,5302.0,5297.7,5302.0,8.541,1776768299999,45284.2957,1571,8.416,44621.6320,0
1776768300000,5302.0,5302.0,5297.7,5302.0,7.289,1776769199999,38646.1705,1356,7.264,38513.7280,0
1776769200000,5302.0,5302.0,5297.7,5302.0,7.654,1776770099999,40581.2844,1422,7.602,40305.8040,0
1776770100000,5302.0,5327.8,5297.7,5327.8,376.295,1776770999999,2002005.1506,1517,375.746,1999085.3281,0
1776771000000,5327.8,5332.1,5297.7,5327.4,57.342,1776771899999,305571.2430,1553,37.169,198073.6093,0
1776771900000,5332.1,5332.1,5326.3,5329.6,9.965,1776772799999,53097.8619,1935,0.125,666.1127,0
1776772800000,5329.6,5332.1,5324.3,5324.5,10.809,1776773699999,57582.3496,1848,1.003,5348.0963,0
1776773700000,5324.5,5327.5,5324.2,5326.8,10.567,1776774599999,56283.7438,2021,0.037,197.1101,0
1776774600000,5326.8,5331.2,5321.8,5321.8,9.558,1776775499999,50913.6481,2016,0.737,3927.3261,0
1776775500000,5321.8,5332.1,5315.6,5318.0,10.118,1776776399999,53838.5972,1901,0.948,5054.8218,0
1776776400000,5318.0,5322.3,5316.5,5320.4,10.635,1776777299999,56567.0125,1896,0.093,494.7657,0
1776777300000,5320.4,5321.8,5316.5,5319.3,9.921,1776778199999,52781.3238,2026,1.673,8902.3367,0
1776778200000,5319.3,5319.3,5310.8,5313.9,10.631,1776779099999,56489.8863,2045,0,0,0
1776779100000,5313.9,5321.8,5300.9,5301.1,9.003,1776779999999,47762.7239,1794,0.003,15.9654,0
1776780000000,5301.1,5332.1,5298.5,5298.8,10.723,1776780899999,56849.2601,1829,0.891,4750.8496,0
1776780900000,5298.9,5332.1,5298.5,5298.5,9.751,1776781799999,51692.0924,2022,0.038,202.6198,0
1776781800000,5298.5,5302.9,5295.6,5302.4,9.234,1776782699999,48925.0921,1709,0,0,0
1776782700000,5302.4,5308.4,5293.0,5293.0,9.021,1776783599999,47822.1831,2000,0.338,1793.4870,0
1776783600000,5293.0,5299.2,5291.1,5291.1,9.861,1776784499999,52213.6379,1992,0,0,0
1776784500000,5291.2,5332.1,5290.7,5294.6,13.363,1776785399999,70777.9125,2011,1.414,7539.5183,0
1776785400000,5294.6,5296.0,5291.2,5291.4,10.242,1776786299999,54212.0345,2147,0,0,0
1776786300000,5291.4,5291.8,5286.8,5290.0,10.298,1776787199999,54469.2659,2012,0,0,0
1776787200000,5332.1,5332.1,5287.2,5291.0,12.02,1776788099999,63598.6717,1787,2.307,12214.9322,0
1776788100000,5291.0,5293.4,5287.8,5292.3,10.25,1776788999999,54226.6522,2282,6.468,34218.7107,0
1776789000000,5292.3,5294.0,5288.4,5288.7,9.77,1776789899999,51699.8484,1878,2.857,15121.6453,0
1776789900000,5288.7,5297.6,5288.7,5296.7,10.944,1776790799999,57938.5558,2036,5.510,29177.3808,0
1776790800000,5296.7,5299.5,5296.0,5299.5,10.003,1776791699999,52995.9729,2006,5.388,28547.3207,0
1776791700000,5299.5,5303.2,5296.1,5303.2,9.092,1776792599999,48183.1555,1820,5.348,28343.8416,0
1776792600000,5303.2,5307.0,5287.2,5303.1,18.298,1776793499999,96997.3758,2003,10.998,58350.1944,0
1776793500000,5303.1,5307.0,5301.2,5303.0,58.825,1776794399999,311906.7669,1975,2.918,15477.4102,0
1776794400000,5303.0,5308.0,5301.2,5305.2,10.44,1776795299999,55393.9626,2070,2.371,12582.3404,0
1776795300000,5305.2,5305.3,5295.4,5296.3,364.354,1776796199999,1930486.1237,2635,1.335,7075.0139,0
1776796200000,5296.3,5296.7,5290.6,5290.6,320.589,1776797099999,1697087.0055,2616,1.691,8949.8292,0
1776797100000,5290.6,5291.1,5284.2,5284.2,499.402,1776797999999,2641082.9472,2346,37.839,200201.2436,0
1776798000000,5284.2,5287.1,5279.3,5281.2,246.752,1776798899999,1303351.1558,2189,12.110,63959.0080,0
1776798900000,5281.2,5282.3,5279.3,5282.3,468.931,1776799799999,2476467.3504,2041,407.313,2151107.2545,0
1776799800000,5282.3,5291.2,5282.3,5287.9,350.131,1776800699999,1851176.6416,2112,297.346,1571988.3243,0
1776800700000,5287.9,5289.4,5286.6,5289.4,8.629,1776801599999,45631.3127,1713,0.199,1052.5441,0
1776801600000,5288.3,5295.2,5284.5,5286.8,577.928,1776802499999,3056129.8473,2209,15.075,79759.3407,0
1776802500000,5286.8,5292.4,5282.0,5292.4,9.618,1776803399999,50857.7296,1917,4.293,22705.7158,0
1776803400000,5292.4,5293.5,5289.8,5292.1,10.051,1776804299999,53189.4643,2066,4.813,25471.5432,0
1776804300000,5292.1,5295.0,5290.1,5290.8,10.594,1776805199999,56061.2215,2198,5.406,28606.3683,0
1776805200000,5290.8,5297.2,5282.0,5291.0,10.582,1776806099999,56021.0894,2096,6.622,35055.6160,0
1776806100000,5291.0,5292.5,5288.9,5292.5,10.257,1776806999999,54268.4508,2442,5.793,30651.4843,0
1776807000000,5292.5,5294.7,5282.0,5291.7,10.251,1776807899999,54249.6844,2273,6.258,33119.6624,0
1776807900000,5291.7,5293.2,5290.0,5292.8,10.801,1776808799999,57152.4544,2162,4.422,23398.5347,0
1776808800000,5292.8,5297.4,5282.0,5288.8,10.683,1776809699999,56542.2474,2079,4.711,24943.9811,0
1776809700000,5288.8,5293.5,5288.8,5292.5,10.356,1776810599999,54793.9337,1924,0.411,2175.5978,0
1776810600000,5292.5,5295.7,5282.0,5294.3,10.395,1776811499999,55033.8366,2267,5.830,30865.1435,0
1776811500000,5294.3,5297.8,5294.3,5297.8,10.477,1776812399999,55492.8579,2216,8.197,43414.2412,0
1776812400000,5297.8,5300.0,5297.3,5299.6,10.522,1776813299999,55749.8437,2116,3.781,20034.4343,0
1776813300000,5299.6,5301.5,5298.8,5301.5,10.252,1776814199999,54337.4174,2248,8.650,45848.4355,0
1776814200000,5301.5,5306.6,5300.2,5306.5,9.972,1776815099999,52873.0794,2032,5.567,29521.5385,0
1776815100000,5306.5,5315.6,5306.5,5312.8,30.0,1776815999999,159397.7542,2126,6.487,34456.3201,0
1776816000000,5312.8,5318.7,5310.9,5315.5,361.646,1776816899999,1922285.0233,2135,355.520,1889730.7520,0
1776816900000,5315.5,5316.5,5310.6,5310.6,10.399,1776817799999,55242.4950,2044,0,0,0
1776817800000,5310.6,5316.2,5309.6,5314.4,9.921,1776818699999,52719.6785,1815,0,0,0
1776818700000,5314.4,5318.7,5313.4,5318.3,9.69,1776819599999,51515.2425,1808,0.051,271.2537,0
1776819600000,5318.3,5321.4,5309.6,5321.3,10.025,1776820499999,53314.4259,2070,5.996,31890.3088,0
1776820500000,5321.3,5326.7,5317.4,5326.2,215.374,1776821399999,1146282.9921,2076,212.052,1128604.7796,0
1776821400000,5326.2,5326.6,5323.4,5325.2,150.03,1776822299999,798934.1945,2358,44.144,235118.9451,0
1776822300000,5325.2,5325.7,4950.0,5321.8,3829.585,1776823199999,20358254.8694,2727,4.078,21708.6218,0
1776823200000,5321.8,5322.1,5313.2,5314.2,9.839,1776824099999,52323.6848,2105,0.978,5204.2425,0
1776824100000,5314.2,5324.2,5314.2,5316.9,9.675,1776824999999,51462.2353,2029,1.201,6392.0197,0
1776825000000,5324.2,5324.2,5298.6,5298.7,9.912,1776825899999,52626.7711,2046,0.136,723.5976,0
1776825900000,5298.7,5324.2,5298.5,5308.6,530.501,1776826799999,2814032.0645,2341,491.136,2605269.2196,0
1776826800000,5308.6,5309.5,5303.3,5307.6,47.532,1776827699999,252331.2263,2145,37.906,201245.7615,0
1776827700000,5309.5,5315.3,5304.8,5315.3,229.684,1776828599999,1220031.3749,2347,217.504,1155325.3020,0
1776828600000,5315.3,5328.0,5314.9,5328.0,615.874,1776829499999,3277384.5127,2404,555.924,2958208.1361,0
1776829500000,5328.0,5328.0,5325.3,5326.3,541.41,1776830399999,2883870.7583,2225,19.495,103848.9065,0
1776830400000,5326.2,5330.4,5325.0,5330.3,270.431,1776831299999,1440719.3692,2268,169.003,900457.9499,0
1776831300000,5330.4,5333.1,5330.1,5332.9,43.834,1776832199999,233662.0534,2190,6.228,33208.0522,0
1776832200000,5332.9,5339.1,5330.1,5334.5,26.035,1776833099999,138902.5715,2200,6.038,32218.2119,0
1776833100000,5334.5,5338.0,5334.0,5334.1,285.239,1776833999999,1521881.0651,2343,143.614,766295.1043,0
1776834000000,5334.2,5334.6,5326.1,5330.3,894.404,1776834899999,4767486.8569,2843,480.032,2558195.8981,0
1776834900000,5331.2,5334.9,5318.7,5334.0,21.819,1776835799999,116294.9324,1918,14.011,74704.0231,0
1776835800000,5334.9,5334.9,5310.8,5311.5,30.393,1776836699999,161506.8886,2044,0.550,2923.9511,0
1776836700000,5334.9,5334.9,5292.3,5301.6,30.486,1776837599999,161681.1207,2101,0.115,610.6465,0
1776837600000,5301.6,5306.3,5292.3,5299.9,10.237,1776838499999,54254.8111,2050,0.344,1824.6709,0
1776838500000,5300.2,5306.3,5292.3,5298.4,10.148,1776839399999,53790.8170,2099,0.271,1437.0023,0
1776839400000,5306.3,5306.3,5292.3,5299.8,9.615,1776840299999,50945.4298,1843,0.070,371.4410,0
1776840300000,5306.3,5306.3,5292.3,5303.3,10.45,1776841199999,55398.6033,2280,0.374,1983.0571,0
1776841200000,5303.3,5306.3,5292.3,5303.4,12.22,1776842099999,64759.8764,2100,0.228,1209.0153,0
1776842100000,5306.3,5334.9,5292.3,5304.9,12.877,1776842999999,68336.4305,2110,4.738,25172.5980,0
1776843000000,5305.0,5305.4,5292.3,5304.3,10.609,1776843899999,56252.5900,2161,0.280,1484.9418,0
1776843900000,5305.4,5315.5,5292.3,5314.7,10.049,1776844799999,53371.4061,2139,6.880,36543.2519,0
1776844800000,5292.3,5321.0,5292.3,5321.0,63.445,1776845699999,337230.6769,1967,56.721,301498.4364,0
1776845700000,5321.0,5327.0,5321.0,5327.0,10.188,1776846599999,54240.2720,2083,8.769,46687.6315,0
1776846600000,5327.0,5331.6,5292.3,5330.4,11.092,1776847499999,59109.3158,2096,6.683,35616.6051,0
1776847500000,5330.4,5330.7,5326.5,5326.5,345.106,1776848399999,1838952.1897,2296,8.444,44994.1624,0
1776848400000,5326.5,5327.0,5318.1,5318.1,570.025,1776849299999,3033900.4150,2819,50.695,269706.5950,0
1776849300000,5318.1,5320.9,5316.6,5318.4,64.735,1776850199999,344369.0604,2386,58.277,310025.2917,0
1776850200000,5320.9,5320.9,5314.4,5314.4,11.69,1776851099999,62143.7785,2191,0.046,244.7308,0
1776851100000,5320.9,5320.9,5314.1,5315.8,10.215,1776851999999,54298.8460,2023,0.035,186.2315,0
1776852000000,5315.8,5320.9,5314.6,5316.0,9.771,1776852899999,51937.2467,2162,0.230,1222.6578,0
1776852900000,5320.9,5320.9,5314.2,5316.2,10.408,1776853799999,55325.2545,2012,0.198,1052.5586,0
1776853800000,5316.2,5320.9,5315.5,5320.0,9.501,1776854699999,50523.0358,1859,0.058,308.4120,0
1776854700000,5320.9,5322.9,5318.9,5322.9,199.703,1776855599999,1062678.8091,2059,191.916,1021254.0766,0
1776855600000,5322.9,5330.3,5322.9,5327.1,322.96,1776856499999,1720671.4561,2157,319.140,1700316.9351,0
1776856500000,5330.3,5336.8,5325.2,5336.8,9.928,1776857399999,52916.8279,1968,2.784,14848.4569,0
1776857400000,5336.8,5338.9,5325.2,5332.9,8.616,1776858299999,45972.8334,1878,5.024,26806.4393,0
1776858300000,5332.9,5335.4,5325.2,5330.8,8.053,1776859199999,42937.2213,1788,2.623,13990.8780,0
1776859200000,5330.6,5334.2,5325.2,5331.1,9.795,1776860099999,52200.1136,1931,0.262,1396.9350,0
1776860100000,5331.2,5334.3,5324.3,5325.0,10.205,1776860999999,54376.6827,2137,2.563,13658.5483,0
1776861000000,5327.8,5327.8,5320.0,5320.0,12.039,1776861899999,64060.8182,2044,0.064,340.9052,0
1776861900000,5327.8,5327.8,5311.4,5311.4,9.96,1776862799999,52931.8594,2200,0.257,1366.2073,0
1776862800000,5311.4,5327.8,5310.1,5312.3,10.004,1776863699999,53132.9189,2047,0.196,1041.8289,0
1776863700000,5312.3,5327.8,5308.0,5308.2,9.069,1776864599999,48166.5154,1814,0.070,372.9305,0
1776864600000,5327.8,5327.8,5304.6,5304.6,9.755,1776865499999,51794.4053,1956,1.080,5737.0005,0
1776865500000,5311.2,5311.5,5303.5,5311.0,15.058,1776866399999,79941.3166,2032,3.475,18455.7661,0
1776866400000,5311.0,5311.0,5310.7,5311.0,9.445,1776867299999,50162.3815,1758,9.400,49923.4000,0
1776867300000,5311.0,5335.4,5310.7,5333.7,637.957,1776868199999,3398616.2915,2097,576.524,3070946.2562,0
1776868200000,5333.8,5356.4,5333.8,5356.4,584.914,1776869099999,3126000.0560,1835,582.468,3112937.0805,0
1776869100000,5356.4,5362.1,5352.2,5362.1,14.086,1776869999999,75459.8851,1526,9.118,48848.4664,0
1776870000000,5362.1,5373.7,5352.2,5372.3,51.273,1776870899999,275458.5692,1624,45.207,242890.0635,0
1776870900000,5372.7,5381.1,5352.2,5381.1,78.877,1776871799999,424050.0089,1928,68.761,369784.8287,0
1776871800000,5381.1,5384.4,5352.2,5372.1,15.051,1776872699999,80998.1053,1664,8.645,46544.0926,0
1776872700000,5384.4,5384.5,5369.6,5383.9,6.434,1776873599999,34588.8094,1238,0.179,963.3162,0
1776873600000,5384.0,5386.6,5369.6,5380.9,7.393,1776874499999,39786.4447,1466,2.415,12999.0356,0
1776874500000,5385.1,5385.7,5369.6,5381.2,10.096,1776875399999,54342.3942,2082,0.914,4922.0201,0
1776875400000,5385.7,5387.2,5369.6,5382.4,10.275,1776876299999,55313.1882,2019,1.191,6415.2191,0
1776876300000,5387.2,5387.2,5369.6,5379.8,9.978,1776877199999,53684.0415,2084,0.286,1539.1414,0
1776877200000,5379.8,5387.2,5369.6,5379.8,8.969,1776878099999,48251.6440,1854,0.206,1108.6790,0
1776878100000,5379.9,5387.2,5369.6,5378.2,7.299,1776878999999,39263.0964,1440,0.110,592.2732,0
1776879000000,5378.2,5387.2,5369.6,5373.3,7.229,1776879899999,38856.1848,1483,0.248,1334.2171,0
1776879900000,5387.2,5387.2,5369.6,5373.2,8.036,1776880799999,43175.4236,1624,0.173,931.0037,0
1776880800000,5373.2,5387.2,5366.2,5366.2,7.726,1776881699999,41484.6430,1736,0.036,193.9392,0
1776881700000,5387.2,5387.2,5366.1,5366.3,349.05,1776882599999,1873512.6405,2024,44.016,236290.0245,0
1776882600000,5366.3,5369.8,5365.3,5367.9,283.029,1776883499999,1519136.4645,2434,264.573,1420087.4688,0
1776883500000,5369.8,5375.4,5367.8,5375.3,13.718,1776884399999,73671.6045,2170,8.414,45192.2055,0
1776884400000,5375.3,5376.6,5368.5,5375.2,10.334,1776885299999,55534.2325,2084,0.819,4402.4970,0
1776885300000,5376.6,5378.7,5368.5,5376.0,9.711,1776886199999,52191.0929,2203,4.963,26675.0731,0
1776886200000,5376.0,5380.0,5368.5,5379.9,9.535,1776887099999,51285.6745,2020,4.850,26087.6032,0
1776887100000,5379.9,5379.9,5368.5,5378.1,9.312,1776887999999,50092.3475,1854,4.375,23536.5591,0
1776888000000,5378.7,5380.0,5368.5,5375.9,9.128,1776888899999,49087.4265,1835,3.834,20619.2924,0
1776888900000,5375.9,5376.1,5365.7,5365.7,313.349,1776889799999,1681997.2008,2408,3.646,19593.2211,0
1776889800000,5365.7,5366.0,5353.5,5354.4,474.388,1776890699999,2542617.5674,2611,1.975,10585.8502,0
1776890700000,5354.4,5356.0,5352.8,5355.1,198.413,1776891599999,1062372.7838,2196,124.639,667427.6808,0
1776891600000,5355.1,5358.2,5353.0,5357.0,270.921,1776892499999,1451159.9621,2293,197.552,1058147.9166,0
1776892500000,5357.0,5360.4,5349.8,5351.0,123.369,1776893399999,660999.6098,2295,113.344,607318.4037,0
1776893400000,5360.4,5360.4,5349.8,5354.6,11.417,1776894299999,61135.9752,1929,0.992,5317.3409,0
1776894300000,5354.6,5360.4,5352.7,5357.8,10.684,1776895199999,57232.5216,1962,0.190,1018.4760,0
1776895200000,5357.8,5360.9,5356.2,5359.6,21.561,1776896099999,115566.3907,2090,11.714,62797.2585,0
1776896100000,5359.7,5360.2,5356.1,5357.1,10.294,1776896999999,55156.6248,1968,0,0,0
1776897000000,5357.2,5361.0,5357.2,5359.3,133.046,1776897899999,713107.2817,1896,0.603,3232.6681,0
1776897900000,5359.3,5369.9,5359.0,5369.6,19.405,1776898799999,104037.7978,1819,6.748,36201.6523,0
1776898800000,5369.6,5373.5,5359.0,5373.5,7.616,1776899699999,40915.0951,1550,6.012,32298.3657,0
1776899700000,5373.5,5380.0,5358.6,5380.0,302.877,1776900599999,1623176.6192,1695,6.619,35580.8822,0
1776900600000,5380.0,5380.0,5373.5,5380.0,10.335,1776901499999,55600.3185,1951,8.764,47150.2236,0
1776901500000,5380.0,5391.9,5373.5,5391.9,10.649,1776902399999,57357.1317,2250,8.675,46724.7696,0
1776902400000,5391.9,5400.0,5373.5,5395.5,240.104,1776903299999,1295909.8564,1983,132.391,714517.5934,0
1776903300000,5395.9,5405.6,5395.3,5405.6,269.446,1776904199999,1455343.0920,1726,253.260,1367971.1538,0
1776904200000,5405.6,5408.8,5403.0,5403.0,98.111,1776905099999,530444.5751,1752,91.365,493982.7060,0
1776905100000,5408.8,5408.8,5399.4,5399.4,8.179,1776905999999,44176.9363,1774,0.275,1486.2462,0
1776906000000,5399.4,5408.8,5397.4,5402.8,8.62,1776906899999,46569.7583,1686,0.084,454.2037,0
1776906900000,5408.8,5408.8,5402.0,5404.2,145.438,1776907799999,785851.5985,1854,141.087,762343.0509,0
1776907800000,5404.2,5404.3,5402.3,5402.3,112.28,1776908699999,606683.4267,1677,2.069,11181.4669,0
1776908700000,5402.4,5402.4,5400.7,5400.7,57.995,1776909599999,313254.8798,1700,4.006,21637.0883,0
1776909600000,5400.7,5402.8,5400.7,5402.5,189.866,1776910499999,1025590.5868,2550,159.798,863147.9428,0
1776910500000,5402.6,5402.7,5400.5,5402.7,585.065,1776911399999,3160395.1407,2493,252.993,1366573.1789,0
1776911400000,5402.7,5402.8,5397.0,5399.1,1003.284,1776912299999,5418747.9892,2217,5.306,28657.5749,0
1776912300000,5399.1,5399.4,5396.2,5397.2,331.493,1776913199999,1789319.5302,2032,4.543,24524.1531,0
1776913200000,5397.2,5404.0,5397.2,5403.5,382.293,1776914099999,2065095.4653,2551,167.005,901888.5233,0
1776914100000,5403.9,5405.0,5401.5,5402.0,378.638,1776914999999,2045794.8980,2424,87.108,470669.7319,0
1776915000000,5402.1,5403.8,5402.0,5402.4,283.309,1776915899999,1530656.6524,2255,275.893,1490592.8045,0
1776915900000,5403.8,5404.8,5402.0,5403.0,9.728,1776916799999,52559.9489,1961,1.605,8673.9098,0
1776916800000,5403.0,5406.0,5402.9,5406.0,11.074,1776917699999,59856.7977,2403,5.516,29816.0756,0
1776917700000,5406.0,5410.8,5402.9,5410.8,10.81,1776918599999,58462.5971,2238,3.928,21245.8045,0
1776918600000,5410.8,5416.2,5402.9,5415.7,10.119,1776919499999,54769.9546,2272,8.476,45880.3521,0
1776919500000,5415.7,5419.0,5402.9,5417.3,11.573,1776920399999,62689.5061,2274,6.403,34684.1291,0
1776920400000,5417.3,5417.3,5402.9,5415.7,10.247,1776921299999,55491.2721,1951,1.037,5616.4836,0
1776921300000,5416.9,5417.1,5402.9,5416.8,9.745,1776922199999,52779.7233,2102,1.038,5622.6397,0
1776922200000,5417.0,5420.5,5402.9,5418.5,10.077,1776923099999,54601.5743,2023,6.560,35544.9584,0
1776923100000,5418.5,5421.9,5402.9,5421.9,10.093,1776923999999,54695.2683,2167,5.282,28626.9566,0
1776924000000,5421.9,5426.3,5402.9,5426.3,31.364,1776924899999,170127.1588,2223,26.264,142479.6935,0
1776924900000,5426.3,5426.8,5402.9,5419.5,80.364,1776925799999,435961.9602,2153,68.694,372685.6514,0
1776925800000,5419.6,5422.0,5402.9,5418.4,10.04,1776926699999,54415.7085,2621,3.405,18455.5006,0
1776926700000,5418.4,5420.3,5416.9,5417.8,10.204,1776927599999,55288.1871,2237,2.432,13179.1905,0
1776927600000,5417.8,5421.0,5417.8,5419.7,10.128,1776928499999,54893.4903,1983,4.988,27037.0531,0
1776928500000,5419.7,5427.5,5419.7,5427.2,17.643,1776929399999,95688.9861,2177,6.961,37751.9182,0
1776929400000,5427.3,5427.6,5419.3,5419.3,10.292,1776930299999,55818.9374,1989,0.111,602.4589,0
1776930300000,5419.3,5427.6,5417.9,5424.7,9.914,1776931199999,53756.1254,1842,0.009,48.8484,0
1776931200000,5424.7,5433.4,5417.9,5427.7,8.885,1776932099999,48224.8710,1857,1.689,9171.4829,0
1776932100000,5427.7,5433.5,5422.4,5422.4,8.617,1776932999999,46764.2579,1597,0.110,597.6816,0
1776933000000,5422.4,5422.4,5414.0,5416.0,7.356,1776933899999,39845.9740,1490,0,0,0
1776933900000,5416.0,5433.5,5415.6,5416.1,8.185,1776934799999,44330.5588,1830,0.001,5.4335,0
1776934800000,5416.1,5433.5,5415.6,5425.6,9.103,1776935699999,49333.5961,1729,0.275,1491.6249,0
1776935700000,5425.6,5433.5,5410.1,5415.1,9.353,1776936599999,50648.7858,1761,0.018,97.8030,0
1776936600000,5415.1,5433.5,5410.1,5425.7,9.685,1776937499999,52521.5343,2010,0.537,2912.6801,0
1776937500000,5433.5,5433.5,5410.1,5428.9,9.464,1776938399999,51372.8536,1883,1.611,8740.1186,0
1776938400000,5429.6,5431.2,5410.1,5417.1,9.969,1776939299999,54075.3947,1916,0.130,705.9955,0
1776939300000,5431.2,5431.2,5410.1,5425.7,10.304,1776940199999,55870.0380,1995,0.138,748.9163,0
1776940200000,5431.2,5431.2,5410.1,5428.6,10.227,1776941099999,55508.3151,2090,0.274,1487.2782,0
1776941100000,5431.2,5431.2,5410.1,5430.1,10.531,1776941999999,57175.8175,2053,4.811,26122.0152,0
1776942000000,5430.1,5430.8,5410.1,5426.3,10.497,1776942899999,56993.8109,2220,4.126,22404.6895,0
1776942900000,5426.4,5426.8,5410.0,5421.9,23.71,1776943799999,128548.6237,1979,12.295,66721.6394,0
1776943800000,5422.6,5422.8,5410.0,5419.5,10.535,1776944699999,57101.6082,2089,5.156,27949.5856,0
1776944700000,5419.5,5422.3,5410.0,5422.3,11.038,1776945599999,59818.3884,2059,5.923,32104.9155,0
1776945600000,5422.3,5423.9,5410.0,5417.2,10.19,1776946499999,55247.7529,2171,4.716,25572.6460,0
1776946500000,5417.2,5421.2,5410.0,5421.2,13.884,1776947399999,75183.7575,2088,5.677,30754.8264,0
1776947400000,5421.2,5424.3,5410.0,5422.2,14.661,1776948299999,79497.0163,2120,11.675,63309.4196,0
1776948300000,5424.3,5424.3,5410.0,5421.7,10.071,1776949199999,54601.6415,1992,0.232,1257.9457,0
1776949200000,5421.7,5424.3,5410.0,5416.5,10.073,1776950099999,54585.9112,1929,0.070,379.7010,0
1776950100000,5424.3,5424.3,5410.0,5416.0,10.264,1776950999999,55609.6289,2046,0.189,1024.4976,0
1776951000000,5424.3,5424.3,5410.0,5414.8,9.997,1776951899999,54132.1921,1840,0.192,1040.3246,0
1776951900000,5424.3,5424.3,5410.0,5412.0,9.053,1776952799999,49022.4852,1535,1.269,6882.8789,0
1776952800000,5412.0,5424.3,5407.3,5407.3,7.522,1776953699999,40696.9464,1439,0.055,298.3365,0
1776953700000,5407.3,5424.3,5404.6,5411.4,7.553,1776954599999,40840.2056,1593,0.050,271.2150,0
1776954600000,5424.3,5424.3,5407.7,5408.1,7.915,1776955499999,42823.2229,1730,0.050,271.2150,0
1776955500000,5408.1,5424.3,5406.8,5416.0,8.143,1776956399999,44060.6926,1672,0.103,558.0404,0
1776956400000,5416.0,5424.3,5415.5,5421.6,7.632,1776957299999,41363.6395,1511,0.051,276.5691,0
1776957300000,5421.6,5436.6,5421.3,5436.6,539.389,1776958199999,2928721.0701,1913,535.621,2908277.3561,0
1776958200000,5436.6,5440.4,5436.6,5440.4,124.691,1776959099999,678186.1541,1417,82.427,448314.4845,0
1776959100000,5440.4,5444.4,5433.8,5443.5,823.523,1776959999999,4477954.1214,2583,495.196,2692811.4834,0
1776960000000,5444.4,5446.8,5442.0,5446.1,494.882,1776960899999,2694654.7730,2264,398.646,2170743.7370,0
1776960900000,5446.0,5446.8,5444.9,5446.7,359.238,1776961799999,1956402.3802,2050,353.619,1925805.0323,0
1776961800000,5446.7,5446.7,5440.8,5442.3,1001.716,1776962699999,5453222.7082,2363,302.416,1646364.3921,0
1776962700000,5442.3,5445.2,5437.9,5437.9,1469.758,1776963599999,7999020.8215,2284,1027.992,5595737.5673,0
1776963600000,5441.6,5445.2,5069.4,5069.4,9719.467,1776964499999,50201317.4994,3223,716.947,3898583.9917,0
1776964500000,5069.4,5439.5,5066.9,5430.1,40694.297,1776965399999,206584933.4218,5491,12710.079,64551641.7008,0
1776965400000,5432.0,5432.6,5064.8,5068.2,54019.754,1776966299999,273911481.6562,5630,17520.230,88790557.3632,0
1776966300000,5068.2,5077.7,5067.0,5073.8,126991.893,1776967199999,644206863.0308,8632,62204.774,315577091.6518,0
1776967200000,5073.8,5077.7,5073.5,5073.9,152031.956,1776968099999,771630071.0734,9653,62806.539,318780933.6909,0
1776968100000,5073.9,5075.7,5070.1,5075.7,127141.528,1776968999999,645015062.1509,8418,63974.801,324576032.9766,0
1776969000000,5075.7,5079.9,5075.5,5078.6,153757.938,1776969899999,780854908.2652,10077,79036.778,401384811.5308,0
1776969900000,5078.6,5079.0,5074.3,5076.4,159801.893,1776970799999,811226162.0473,10136,57807.811,293456440.5993,0
1776970800000,5076.4,5442.5,5073.5,5441.5,143154.507,1776971699999,727009252.4127,9199,50552.524,256911943.5327,0
1776971700000,5441.5,5442.5,5441.5,5441.5,11.449,1776972599999,62300.9577,1839,1.202,6541.8436,0
1776972600000,5441.5,5442.5,5432.9,5433.0,82.065,1776973499999,446110.7133,2104,2.025,11008.8455,0
1776973500000,5433.0,5433.0,5426.4,5432.1,11.439,1776974399999,62118.5267,2335,2.844,15449.3276,0
1776974400000,5430.0,5433.0,5422.5,5423.5,18.9,1776975299999,102583.1622,2313,6.922,37603.8925,0
1776975300000,5423.5,5429.7,5420.7,5422.5,10.009,1776976199999,54275.0662,2521,2.881,15627.0823,0
1776976200000,5422.5,5425.0,5418.8,5418.8,79.371,1776977099999,430437.7145,2138,45.356,245996.9267,0
1776977100000,5418.8,5424.2,5411.9,5411.9,10.141,1776977999999,54900.1340,2160,0.128,694.0952,0
1776978000000,5411.9,5424.2,5400.0,5400.0,2548.959,1776978899999,13769963.6036,2575,1754.108,9472190.6609,0
1776978900000,5400.0,5400.0,5400.0,5400.0,10.641,1776979799999,57461.4000,1900,10.641,57461.4000,0
1776979800000,5400.0,5400.0,5400.0,5400.0,10.384,1776980699999,56073.6000,1882,10.384,56073.6000,0
1776980700000,5400.0,5400.0,5399.8,5400.0,10.507,1776981599999,56737.7681,1888,10.250,55350.0000,0
1776981600000,5400.0,5400.0,5400.0,5400.0,10.291,1776982499999,55571.4000,1869,10.291,55571.4000,0
1776982500000,5400.0,5400.0,5399.8,5400.0,10.24,1776983399999,55295.9974,1875,10.227,55225.8000,0
1776983400000,5400.0,5400.0,5399.8,5400.0,11.261,1776984299999,60809.2918,1850,10.720,57888.0000,0
1776984300000,5400.0,5400.0,5399.8,5400.0,10.42,1776985199999,56267.9928,1904,10.384,56073.6000,0
1776985200000,5400.0,5400.0,5399.8,5400.0,12.349,1776986099999,66684.2298,1896,10.498,56689.2000,0
1776986100000,5400.0,5400.0,5400.0,5400.0,9.626,1776986999999,51980.4000,1764,9.626,51980.4000,0
1776987000000,5400.0,5400.0,5400.0,5400.0,11.62,1776987899999,62748.0000,1691,11.620,62748.0000,0
1776987900000,5400.0,5400.0,5400.0,5400.0,12.286,1776988799999,66344.4000,1893,12.286,66344.4000,0
1776988800000,5399.8,5400.0,5399.8,5400.0,10.336,1776989699999,55814.3838,1836,10.255,55377.0000,0
1776989700000,5400.0,5400.0,5399.8,5400.0,10.194,1776990599999,55047.5954,1854,10.171,54923.4000,0
1776990600000,5400.0,5427.4,5399.8,5424.4,12484.829,1776991499999,67420110.7376,2251,12480.646,67397436.2024,0
1776991500000,5424.5,5427.4,5399.8,5426.1,29.1,1776992399999,157857.3596,2308,24.601,133457.0464,0
1776992400000,5426.1,5428.8,5424.2,5427.8,9.95,1776993299999,53993.3664,2354,5.273,28618.2355,0
1776993300000,5424.2,5430.8,5424.2,5427.8,10.269,1776994199999,55745.5965,2484,5.107,27725.9486,0
1776994200000,5427.8,5431.3,5399.8,5431.3,10.512,1776995099999,57078.9554,2341,7.355,39943.9113,0
1776995100000,5431.3,5432.9,5430.8,5431.4,10.226,1776995999999,55543.6218,2264,5.298,28777.6695,0
1776996000000,5432.9,5435.8,5431.3,5435.8,9.426,1776996899999,51215.1629,1955,5.765,31325.5501,0
1776996900000,5433.3,5439.9,5399.8,5433.4,57.734,1776997799999,313972.1661,2088,51.697,281178.9400,0
1776997800000,5433.4,5443.2,5433.3,5441.6,10.501,1776998699999,57117.2806,2172,4.805,26137.9596,0
1776998700000,5440.6,5443.8,5439.7,5440.6,92.895,1776999599999,505383.3132,2254,16.195,88123.9822,0
1776999600000,5440.4,5441.9,5439.7,5441.8,497.354,1777000499999,2706136.7777,2116,319.307,1737531.1813,0
1777000500000,5441.9,5442.0,5434.0,5434.0,76.122,1777001399999,414220.1040,2379,68.180,371030.2377,0
1777001400000,5434.0,5437.7,4913.7,5437.5,2222.465,1777002299999,12068208.8219,2447,125.664,683188.6952,0
1777002300000,5434.9,5437.6,5434.5,5436.1,12.987,1777003199999,70591.1757,2063,6.837,37165.5519,0
1777003200000,5436.2,5436.2,5433.8,5433.8,389.576,1777004099999,2117280.4720,2126,243.442,1323188.7936,0
1777004100000,5435.1,5436.1,5432.3,5435.5,963.796,1777004999999,5237634.4432,2366,814.616,4427132.5034,0
1777005000000,5434.1,5439.3,5432.3,5437.6,799.673,1777005899999,4347741.0015,2439,726.455,3949572.7951,0
1777005900000,5437.6,5439.3,5436.7,5436.8,262.634,1777006799999,1427993.3339,2116,120.916,657444.1241,0
1777006800000,5436.8,5441.9,5436.7,5441.2,650.153,1777007699999,3536163.2510,2205,232.409,1264089.4943,0
1777007700000,5441.7,5441.7,5435.1,5441.2,1006.345,1777008599999,5471615.2804,2434,67.468,367075.2470,0
1777008600000,5441.2,5441.7,5437.9,5438.0,135.962,1777009499999,739488.7298,2544,13.655,74280.8028,0
1777009500000,5438.0,5439.9,5436.5,5439.4,587.054,1777010399999,3192144.4690,2349,7.609,41382.1653,0
1777010400000,5437.2,5442.8,5067.1,5067.6,66242.465,1777011299999,336057986.4877,6322,20274.680,102755834.7624,0
1777011300000,5067.6,5067.6,5060.9,5061.3,133048.206,1777012199999,673769414.6836,9397,32395.943,164051932.6215,0
1777012200000,5061.3,5064.7,5060.2,5064.5,161174.333,1777013099999,816073393.4042,9679,96222.969,487210402.7532,0
1777013100000,5064.5,5064.5,5062.9,5063.2,152265.871,1777013999999,771032184.2626,9342,69125.113,350029148.6077,0
1777014000000,5063.2,5063.2,5054.0,5054.4,156232.249,1777014899999,790209915.9797,10663,29383.917,148602124.2241,0
1777014900000,5054.4,5054.4,5049.9,5050.0,148240.73,1777015799999,748871143.2363,9187,17252.796,87183326.6395,0
1777015800000,5050.0,5050.2,5045.6,5049.3,162840.645,1777016699999,822043781.9663,9191,7542.751,38078540.8910,0
1777016700000,5049.3,5052.4,5049.1,5049.4,150557.814,1777017599999,760447003.5874,8498,5179.491,26158872.5409,0
1777017600000,5049.4,5071.5,5049.4,5070.4,158280.22,1777018499999,802099193.8189,7709,17903.919,90727933.7450,0
1777018500000,5070.4,5071.0,5067.6,5068.4,111368.702,1777019399999,564531613.8552,7187,4176.369,21171413.6359,0
1777019400000,5068.4,5069.3,5067.1,5068.6,160713.523,1777020299999,814535893.5305,8746,11649.631,59045376.0733,0
1777020300000,5068.6,5070.2,5067.0,5068.5,170844.657,1777021199999,865900918.2197,9355,17194.504,87156658.8405,0
1777021200000,5068.5,5068.5,5063.5,5064.2,162510.657,1777022099999,823237537.1293,9597,12394.876,62790009.2113,0
1777022100000,5064.2,5071.3,5063.8,5064.7,148327.703,1777022999999,751279205.9328,8627,13062.630,66163163.0613,0
1777023000000,5064.6,5064.6,5060.3,5062.9,154841.252,1777023899999,783887411.0484,8375,11733.745,59402103.8562,0
1777023900000,5062.9,5065.4,5062.5,5063.0,129139.191,1777024799999,653970059.8661,6921,12095.548,61252443.4496,0
1777024800000,5063.0,5063.6,5061.4,5063.6,159140.274,1777025699999,805656794.1144,9025,12026.530,60884843.1290,0
1777025700000,5063.5,5064.6,5061.2,5062.2,136982.195,1777026599999,693495013.7040,8454,7478.108,37858973.6594,0
1777026600000,5062.2,5062.9,5058.4,5059.8,173778.571,1777027499999,879374478.0536,10164,10623.696,53761469.7490,0
1777027500000,5059.9,5060.0,5055.0,5058.3,162792.122,1777028399999,823326819.4255,9328,11037.277,55822163.3033,0
1777028400000,5058.3,5065.2,5057.8,5064.9,135113.289,1777029299999,684047435.7790,8225,48397.979,245090161.0549,0
1777029300000,5065.0,5065.2,5062.6,5063.1,161133.805,1777030199999,815951600.5239,10134,55152.703,279283923.6475,0
1777030200000,5063.1,5066.2,5060.9,5062.0,163766.659,1777031099999,829227636.2788,10254,67006.243,339292754.4306,0
1777031100000,5062.0,5062.2,5059.2,5061.4,159203.829,1777031999999,805703084.4790,9532,62135.721,314461887.7004,0
1777032000000,5061.4,5061.4,5054.0,5054.8,148046.202,1777032899999,748779635.6348,9752,35812.803,181114696.8549,0
1777032900000,5054.9,5062.0,5054.6,5061.3,153938.908,1777033799999,778804691.1763,8396,86054.915,435359422.8040,0
1777033800000,5061.2,5064.4,5061.2,5064.2,156049.487,1777034699999,790065786.7104,9333,80022.075,405146627.4861,0
1777034700000,5064.2,5064.7,5062.3,5064.7,161011.847,1777035599999,815275012.8358,9963,68780.131,348272299.2831,0
1777035600000,5064.7,5066.0,5059.9,5061.3,163397.659,1777036499999,827370188.2553,10511,48361.996,244905808.0497,0
1777036500000,5061.3,5061.5,5058.1,5058.3,166430.587,1777037399999,842130867.3709,10152,54546.498,276011385.7419,0
1777037400000,5058.3,5061.2,5058.2,5061.1,125541.485,1777038299999,635194149.1640,7047,58276.656,294864596.4563,0
