open_time,open,high,low,close,volume,close_time,quote_asset_volume,number_of_trades,taker_buy_base_asset_volume,taker_buy_quote_asset_volume,ignore
1775828700000,5242.0,5244.6,5241.5,5243.5,72.526,1775828879999,380323.3314,398,71.559,375253.8694,0
1775828880000,5243.5,5244.1,5241.6,5244.1,79.274,1775829059999,415619.2895,427,40.882,214353.8967,0
1775829060000,5244.1,5244.1,5240.8,5240.8,1.965,1775829239999,10299.6817,400,0.022,115.3702,0
1775829240000,5240.8,5243.1,5240.8,5241.6,1.94,1775829419999,10169.5530,375,0,0,0
1775829420000,5241.6,5245.5,5241.6,5244.5,31.628,1775829599999,165864.1104,440,22.220,116534.3323,0
1775829600000,5244.5,5251.8,5244.5,5251.8,274.11,1775829779999,1438447.9233,563,273.769,1436659.1648,0
1775829780000,5251.8,5255.5,5249.9,5253.8,188.307,1775829959999,989196.4631,525,174.284,915564.5581,0
1775829960000,5253.8,5257.5,5253.8,5256.1,160.049,1775830139999,841260.6165,480,158.683,834081.1829,0
1775830140000,5256.1,5259.9,5255.8,5259.6,139.615,1775830319999,734201.2301,459,138.661,729185.4715,0
1775830320000,5259.9,5262.5,5258.7,5258.8,143.747,1775830499999,756251.0926,476,143.007,752359.1430,0
1775830500000,5258.8,5258.8,5252.0,5252.0,1.921,1775830679999,10094.6230,372,0,0,0
1775830680000,5252.0,5252.5,5250.1,5252.1,2.008,1775830859999,10544.7559,364,0,0,0
1775830860000,5252.1,5255.3,5250.1,5254.4,1.945,1775831039999,10218.8010,355,0,0,0
1775831040000,5254.4,5255.7,5252.7,5255.1,1.619,1775831219999,8506.2154,302,0,0,0
1775831220000,5255.1,5262.5,5252.8,5256.4,1.779,1775831399999,9347.1618,329,0.009,47.3625,0
1775831400000,5256.4,5259.0,5254.0,5256.7,1.66,1775831579999,8727.0575,304,0,0,0
1775831580000,5256.7,5259.0,5256.3,5259.0,1.372,1775831759999,7213.4228,257,0,0,0
1775831760000,5259.0,5260.0,5258.0,5259.1,1.899,1775831939999,9986.6260,353,0,0,0
1775831940000,5259.1,5260.0,5257.8,5260.0,2.078,1775832119999,10928.1671,373,0,0,0
1775832120000,5260.0,5260.0,5254.8,5255.5,1.996,1775832299999,10492.2702,373,0,0,0
1775832300000,5255.5,5257.8,5254.6,5257.8,2.032,1775832479999,10678.9640,362,0,0,0
1775832480000,5257.8,5258.1,5249.8,5249.8,1.904,1775832659999,10002.8515,385,0,0,0
1775832660000,5249.8,5252.1,5246.9,5249.4,1.942,1775832839999,10194.9406,375,0,0,0
1775832840000,5249.4,5250.0,5245.3,5245.3,1.955,1775833019999,10258.1426,372,0,0,0
1775833020000,5245.3,5247.6,5244.5,5247.0,1.958,1775833199999,10270.8910,387,0,0,0
1775833200000,5247.0,5247.6,5245.0,5245.4,1.843,1775833379999,9668.0149,393,0,0,0
1775833380000,5245.2,5245.4,5244.0,5244.0,1.971,1775833559999,10337.3752,384,0,0,0
1775833560000,5244.0,5244.7,5242.5,5243.7,1.913,1775833739999,10031.3938,358,0,0,0
1775833740000,5243.7,5246.6,5243.7,5244.4,2.001,1775833919999,10494.9949,359,0,0,0
1775833920000,5244.4,5246.5,5243.7,5246.2,1.866,1775834099999,9786.7239,345,0,0,0
1775834100000,5246.2,5248.0,5245.3,5246.5,1.99,1775834279999,10440.5497,357,0,0,0
1775834280000,5246.5,5247.1,5244.1,5247.1,1.932,1775834459999,10134.7920,358,0,0,0
1775834460000,5247.1,5249.0,5245.3,5247.0,2.03,1775834639999,10650.8822,372,0,0,0
1775834640000,5247.0,5250.9,5245.4,5246.6,1.852,1775834819999,9719.8969,340,0,0,0
1775834820000,5246.6,5246.9,5242.8,5244.4,2.123,1775834999999,11135.2036,383,0.042,220.2860,0
1775835000000,5244.4,5246.0,5242.4,5242.4,1.964,1775835179999,10298.6713,363,0,0,0
1775835180000,5242.4,5245.7,5242.1,5245.7,1.946,1775835359999,10205.1213,374,0,0,0
1775835360000,5245.7,5247.2,5244.2,5246.6,1.994,1775835539999,10460.0753,436,0.437,2292.8325,0
1775835540000,5246.6,5250.7,5245.6,5250.7,1.883,1775835719999,9881.8067,419,0.068,356.9395,0
1775835720000,5250.7,5253.8,5250.6,5253.8,1.919,1775835899999,10077.8084,428,0.038,199.5670,0
1775835900000,5253.8,5254.3,5252.6,5253.1,1.86,1775836079999,9772.0180,336,0,0,0
1775836080000,5253.1,5253.7,5251.1,5251.1,1.779,1775836259999,9343.2811,342,0,0,0
1775836260000,5251.1,5251.1,5246.5,5246.6,1.801,1775836439999,9453.4774,393,0,0,0
1775836440000,5246.6,5250.5,5246.6,5249.7,1.559,1775836619999,8183.4554,281,0,0,0
1775836620000,5249.7,5251.0,5249.3,5251.0,1.519,1775836799999,7975.0841,360,0.244,1281.2341,0
1775836800000,5249.8,5250.5,5247.6,5250.3,1.728,1775836979999,9070.8571,339,0,0,0
1775836980000,5250.3,5251.0,5249.1,5249.9,1.876,1775837159999,9849.6791,380,0.129,677.3790,0
1775837160000,5249.9,5253.5,5249.7,5253.5,1.93,1775837339999,10136.3906,458,0.431,2263.8768,0
1775837340000,5253.5,5253.7,5250.3,5252.5,1.93,1775837519999,10137.5174,443,0.324,1702.1488,0
1775837520000,5252.5,5253.6,5250.4,5253.6,2.056,1775837699999,10798.3150,365,0,0,0
1775837700000,5253.6,5254.2,5251.1,5252.5,2.026,1775837879999,10642.7086,374,0.043,225.9151,0
1775837880000,5251.7,5251.7,5246.7,5247.1,1.968,1775838059999,10329.1737,404,0,0,0
1775838060000,5247.1,5247.8,5243.5,5244.8,1.812,1775838239999,9506.2552,353,0,0,0
1775838240000,5244.8,5247.1,5244.8,5245.7,1.954,1775838419999,10250.2016,369,0,0,0
1775838420000,5245.7,5250.5,5245.6,5250.5,1.937,1775838599999,10166.4155,366,0,0,0
1775838600000,5250.5,5253.5,5250.0,5250.0,1.976,1775838779999,10378.0050,366,0,0,0
1775838780000,5250.0,5252.1,5247.4,5251.2,1.922,1775838959999,10091.6018,360,0,0,0
1775838960000,5251.2,5252.1,5250.9,5252.1,1.92,1775839139999,10083.3279,363,0,0,0
1775839140000,5252.1,5255.1,5252.0,5255.1,1.98,1775839319999,10402.3074,446,0.284,1492.3250,0
1775839320000,5255.1,5255.1,5252.8,5254.8,1.999,1775839499999,10503.3155,486,0.495,2601.2745,0
1775839500000,5254.8,5255.2,5251.0,5251.3,2.1,1775839679999,11031.7044,461,0.387,2033.7620,0
1775839680000,5251.1,5255.5,5251.1,5255.5,2.061,1775839859999,10825.3832,377,0.014,73.5758,0
1775839860000,5255.3,5259.3,5254.9,5255.3,2.036,1775840039999,10703.6311,472,0.398,2092.6882,0
1775840040000,5255.3,5256.0,5254.9,5255.9,2.084,1775840219999,10952.7772,379,0,0,0
1775840220000,5255.7,5262.5,5254.9,5257.2,2.111,1775840399999,11097.3823,363,0.038,199.9622,0
1775840400000,5257.2,5259.9,5254.9,5258.2,2.041,1775840579999,10730.6097,374,0,0,0
1775840580000,5257.6,5257.7,5251.3,5251.3,2.057,1775840759999,10806.2536,435,0.139,730.1299,0
1775840760000,5251.3,5253.1,5243.5,5253.1,1.973,1775840939999,10361.4902,471,0.447,2347.8135,0
1775840940000,5253.1,5254.9,5251.2,5254.9,1.86,1775841119999,9770.2623,380,0.290,1523.5672,0
1775841120000,5254.9,5255.1,5250.1,5252.0,1.787,1775841299999,9387.3910,334,0.078,409.8978,0
1775841300000,5252.0,5255.8,5250.3,5255.6,1.137,1775841479999,5972.9449,240,0.184,966.9722,0
1775841480000,5255.6,5256.8,5255.1,5255.1,1.359,1775841659999,7143.3378,330,0.599,3148.7133,0
1775841660000,5255.1,5257.4,5253.7,5257.4,1.3,1775841839999,6832.4752,317,0.443,2328.9094,0
1775841840000,5257.4,5258.0,5256.9,5257.5,1.313,1775842019999,6902.9995,315,0.408,2145.0984,0
1775842020000,5257.5,5259.1,5257.3,5258.3,1.32,1775842199999,6940.5839,294,0.336,1766.7496,0
1775842200000,5258.3,5258.6,5254.7,5255.8,1.45,1775842379999,7622.2449,293,0.070,367.9018,0
1775842380000,5255.8,5256.1,5253.6,5254.8,1.229,1775842559999,6457.9026,280,0.080,420.4871,0
1775842560000,5254.8,5257.0,5254.4,5257.0,1.187,1775842739999,6238.9695,325,0.559,2938.5121,0
1775842740000,5257.0,5258.5,5255.5,5257.3,1.368,1775842919999,7191.1681,286,0.264,1387.9075,0
1775842920000,5257.3,5258.4,5256.9,5258.3,0.766,1775843099999,4027.4574,133,0,0,0
1775843100000,5258.3,5258.9,5257.0,5257.0,1.628,1775843279999,8560.5004,430,0.233,1225.2989,0
1775843280000,5257.0,5257.4,5254.9,5257.1,1.926,1775843459999,10123.2520,372,0,0,0
1775843460000,5257.1,5260.0,5257.1,5259.3,2.061,1775843639999,10839.1398,445,0.461,2424.6898,0
1775843640000,5259.3,5259.7,5255.7,5259.6,2.051,1775843819999,10784.0882,386,0,0,0
1775843820000,5259.6,5259.6,5257.8,5257.8,1.952,1775843999999,10263.9231,350,0,0,0
1775844000000,5257.8,5257.9,5254.9,5256.2,1.879,1775844179999,9877.4467,350,0,0,0
1775844180000,5256.2,5256.2,5254.3,5254.5,1.887,1775844359999,9917.5648,384,0,0,0
1775844360000,5254.3,5257.2,5254.3,5256.4,1.953,1775844539999,10265.4274,375,0,0,0
1775844540000,5256.4,5257.8,5255.5,5256.3,2.052,1775844719999,10786.1307,373,0,0,0
1775844720000,5256.3,5257.0,5255.6,5256.7,1.951,1775844899999,10255.7660,356,0,0,0
1775844900000,5256.7,5258.2,5254.5,5257.3,1.73,1775845079999,9093.9893,339,0,0,0
1775845080000,5257.3,5257.3,5251.9,5252.9,1.902,1775845259999,9992.7931,448,0,0,0
1775845260000,5252.9,5253.5,5251.3,5251.9,2.087,1775845439999,10962.1203,380,0,0,0
1775845440000,5251.9,5251.9,5250.4,5251.6,2.045,1775845619999,10738.3818,379,0,0,0
1775845620000,5251.6,5262.7,4988.5,5249.2,2367.385,1775845799999,12411149.5740,710,22.954,120796.9420,0
1775845800000,5249.2,5249.4,5248.6,5249.3,115.045,1775845979999,603874.2027,556,91.299,479240.8468,0
1775845980000,5249.3,5249.3,5248.1,5248.1,2.206,1775846159999,11578.6128,423,0,0,0
1775846160000,5248.1,5249.5,5248.1,5248.4,73.895,1775846339999,387885.3522,418,36.385,190999.4250,0
1775846340000,5248.4,5249.0,5248.1,5249.0,2.728,1775846519999,14317.4524,523,0.634,3327.4194,0
1775846520000,5249.0,5250.6,5248.1,5248.5,2.052,1775846699999,10771.6596,399,1.202,6310.0576,0
1775846700000,5248.5,5248.6,5248.0,5248.5,2.147,1775846879999,11268.2775,434,1.374,7211.4971,0
1775846880000,5248.5,5248.5,5248.0,5248.1,2.026,1775847059999,10632.7215,409,0.762,3999.1442,0
1775847060000,5248.1,5250.0,5248.1,5248.7,1.84,1775847239999,9658.5254,383,1.378,7233.3919,0
1775847240000,5248.7,5248.7,5248.0,5248.7,1.834,1775847419999,9625.3080,356,1.825,9578.0760,0
1775847420000,5248.7,5249.6,5248.0,5248.9,1.968,1775847599999,10329.6290,394,0.434,2278.1904,0
1775847600000,5248.9,5249.6,5248.4,5249.6,1.987,1775847779999,10429.9311,374,1.028,5396.2501,0
1775847780000,5249.6,5251.8,5249.6,5251.1,1.718,1775847959999,9020.7004,342,0.518,2719.5280,0
1775847960000,5250.5,5251.1,5246.0,5246.0,1.839,1775848139999,9650.8963,478,0.013,68.2643,0
1775848140000,5246.0,5246.0,5243.7,5245.5,1.978,1775848319999,10374.5632,376,0,0,0
1775848320000,5245.5,5245.5,5243.5,5243.5,1.897,1775848499999,9948.0182,376,0,0,0
1775848500000,5243.5,5243.9,5240.8,5240.8,2.136,1775848679999,11197.5202,421,0,0,0
1775848680000,5240.8,5251.8,5240.8,5242.7,4.637,1775848859999,24331.5248,365,2.649,13912.0140,0
1775848860000,5242.7,5242.9,5240.6,5241.8,2.0,1775849039999,10483.0551,388,0,0,0
1775849040000,5241.8,5242.5,5238.9,5238.9,2.104,1775849219999,11026.5712,412,0,0,0
1775849220000,5238.9,5239.5,5236.6,5236.6,2.207,1775849399999,11561.2723,435,0,0,0
1775849400000,5236.6,5237.2,5234.1,5236.7,1.989,1775849579999,10414.5087,397,0,0,0
1775849580000,5237.4,5239.5,5236.2,5238.4,1.946,1775849759999,10193.2048,366,0,0,0
1775849760000,5238.4,5238.6,5237.5,5238.5,2.075,1775849939999,10868.8249,374,0,0,0
1775849940000,5238.1,5251.8,5235.7,5236.0,2.059,1775850119999,10785.2813,377,0.047,246.8346,0
1775850120000,5236.0,5238.8,5235.0,5238.8,2.079,1775850299999,10886.0432,371,0,0,0
1775850300000,5238.8,5239.7,5235.7,5237.7,2.181,1775850479999,11423.3001,368,0,0,0
1775850480000,5238.1,5242.1,5238.0,5240.5,1.983,1775850659999,10391.1878,372,0,0,0
1775850660000,5240.5,5241.8,5237.5,5240.7,2.072,1775850839999,10856.1185,377,0,0,0
1775850840000,5240.7,5241.3,5239.3,5240.8,2.083,1775851019999,10915.4131,377,0,0,0
1775851020000,5240.8,5251.8,5240.5,5243.3,2.037,1775851199999,10677.8249,356,0.002,10.5036,0
1775851200000,5242.9,5251.8,5234.1,5242.4,1.739,1775851379999,9116.5039,387,0.060,314.7066,0
1775851380000,5242.4,5251.8,5241.6,5245.7,3.888,1775851559999,20402.1819,388,1.893,9941.1675,0
1775851560000,5245.7,5245.7,5240.5,5240.5,1.98,1775851739999,10380.3291,379,0,0,0
1775851740000,5240.5,5244.3,5240.5,5240.7,1.985,1775851919999,10405.3825,378,0,0,0
1775851920000,5240.7,5244.5,5240.5,5244.5,1.599,1775852099999,8381.3658,296,0,0,0
1775852100000,5244.5,5245.7,5234.1,5244.0,6.399,1775852279999,33506.9475,284,0,0,0
1775852280000,5244.0,5244.0,5241.7,5242.4,1.854,1775852459999,9720.5580,372,0,0,0
1775852460000,5242.4,5243.5,5240.7,5241.8,2.002,1775852639999,10493.3065,384,0,0,0
1775852640000,5241.8,5243.2,5241.1,5242.7,2.012,1775852819999,10547.4505,375,0,0,0
1775852820000,5242.7,5251.8,5241.8,5247.1,2.013,1775852999999,10555.2637,375,0.002,10.5036,0
1775853000000,5247.1,5251.8,5245.3,5246.4,1.997,1775853179999,10482.8752,384,0.176,924.3168,0
1775853180000,5246.4,5252.2,5245.8,5252.2,2.045,1775853359999,10732.9318,372,0.182,955.8763,0
1775853360000,5252.2,5252.6,5248.3,5250.4,1.966,1775853539999,10323.0242,381,0.607,3187.6512,0
1775853540000,5250.4,5253.9,5250.4,5253.9,2.126,1775853719999,11164.9671,462,1.762,9253.8215,0
1775853720000,5253.9,5254.8,5253.4,5254.7,2.049,1775853899999,10765.7242,406,0.916,4812.9658,0
1775853900000,5254.7,5258.0,5254.7,5258.0,2.072,1775854079999,10892.1608,420,1.975,10382.2878,0
1775854080000,5257.8,5257.8,5255.3,5256.3,2.022,1775854259999,10627.9384,414,0.545,2864.6585,0
1775854260000,5256.3,5256.6,5255.7,5256.4,2.005,1775854439999,10538.9715,438,0.492,2586.1441,0
1775854440000,5256.4,5256.6,5253.0,5253.0,1.982,1775854619999,10417.8802,469,1.285,6754.6104,0
1775854620000,5253.0,5255.3,5252.1,5255.3,1.981,1775854799999,10407.0617,609,0.289,1518.4898,0
1775854800000,5255.3,5255.3,5254.8,5255.1,2.039,1775854979999,10715.2238,432,0.149,783.0397,0
1775854980000,5255.1,5255.3,5255.0,5255.3,2.076,1775855159999,10909.5848,383,0.002,10.5106,0
1775855160000,5255.3,5258.1,5255.3,5258.1,2.079,1775855339999,10929.3774,511,1.611,8469.4829,0
1775855340000,5258.1,5259.0,5258.1,5258.2,2.213,1775855519999,11637.3376,425,1.967,10343.7973,0
1775855520000,5258.3,5258.3,5255.8,5256.4,15.443,1775855699999,81184.4060,460,0.521,2739.0670,0
1775855700000,5256.4,5258.3,5256.4,5258.3,68.927,1775855879999,362363.3533,461,68.326,359204.2149,0
1775855880000,5258.3,5258.5,5258.1,5258.1,11.903,1775856059999,62590.1117,347,11.042,58062.7046,0
1775856060000,5258.1,5258.7,5258.1,5258.3,34.222,1775856239999,179956.2157,441,33.453,175912.5836,0
1775856240000,5258.3,5258.7,5257.4,5257.4,1.92,1775856419999,10095.3230,385,0.042,220.8654,0
1775856420000,5257.4,5258.8,5257.4,5258.8,29.969,1775856599999,157597.3892,391,28.582,150304.1778,0
1775856600000,5258.8,5259.0,5257.4,5257.7,14.588,1775856779999,76696.6192,402,0.384,2019.3623,0
1775856780000,5257.8,5258.9,5256.7,5256.7,97.905,1775856959999,514697.5799,483,0.798,4195.7744,0
1775856960000,5256.7,5256.7,5253.4,5254.5,245.66,1775857139999,1291024.9660,463,0.273,1434.7170,0
1775857140000,5254.5,5254.6,5252.1,5253.5,56.004,1775857319999,294183.3506,370,0.801,4208.6529,0
1775857320000,5253.5,5254.8,5252.3,5254.8,1.538,1775857499999,8080.0544,306,0.946,4970.3275,0
1775857500000,5254.8,5257.9,5254.8,5257.4,1.616,1775857679999,8493.6979,331,1.369,7195.1672,0
1775857680000,5257.4,5258.8,5256.6,5258.8,1.644,1775857859999,8644.3310,320,1.184,6225.7951,0
1775857860000,5258.8,5259.5,5256.4,5256.6,1.354,1775858039999,7119.7512,265,0.620,3260.7749,0
1775858040000,5256.6,5257.2,5252.1,5255.8,1.604,1775858219999,8430.1099,304,0,0,0
1775858220000,5255.8,5257.0,5255.0,5255.5,1.292,1775858399999,6790.7866,238,0,0,0
1775858400000,5255.5,5257.9,5254.0,5254.8,1.57,1775858579999,8252.9977,285,0,0,0
1775858580000,5254.7,5257.9,5253.1,5257.4,1.09,1775858759999,5728.1729,201,0,0,0
1775858760000,5257.4,5259.5,5256.7,5257.8,1.447,1775858939999,7607.9489,265,0.002,10.5190,0
1775858940000,5257.8,5258.7,5255.7,5256.0,1.326,1775859119999,6971.3654,244,0,0,0
1775859120000,5256.0,5256.2,5252.1,5254.7,0.748,1775859299999,3930.5762,137,0,0,0
1775859300000,5254.7,5258.3,5253.6,5253.6,1.455,1775859479999,7647.3360,272,0,0,0
1775859480000,5253.6,5253.9,5251.4,5251.4,2.002,1775859659999,10515.8491,367,0,0,0
1775859660000,5251.4,5253.2,5251.4,5252.2,2.117,1775859839999,11119.3466,436,0,0,0
1775859840000,5252.2,5253.0,5252.0,5252.0,2.157,1775860019999,11328.7699,433,0,0,0
1775860020000,5252.0,5252.0,5250.1,5250.2,2.095,1775860199999,10999.9918,482,0,0,0
1775860200000,5250.2,5250.3,5250.0,5250.0,2.026,1775860379999,10636.6592,388,0,0,0
1775860380000,5250.0,5250.0,5247.3,5247.8,2.113,1775860559999,11089.5203,469,0,0,0
1775860560000,5247.8,5259.6,5247.8,5256.5,1.945,1775860739999,10212.6635,367,0.002,10.5192,0
1775860740000,5256.5,5259.6,5251.2,5253.0,2.037,1775860919999,10704.3067,383,0.002,10.5192,0
1775860920000,5253.0,5254.2,5251.2,5254.2,1.88,1775861099999,9875.4785,345,0,0,0
1775861100000,5254.2,5254.2,5252.0,5253.7,1.956,1775861279999,10275.4587,363,0,0,0
1775861280000,5253.7,5254.2,5253.0,5253.0,2.189,1775861459999,11500.5327,403,0,0,0
1775861460000,5253.0,5259.6,5252.7,5254.5,1.978,1775861639999,10392.4933,377,0.028,147.2688,0
1775861640000,5254.5,5259.6,5253.5,5254.8,2.1,1775861819999,11034.0320,382,0.018,94.6728,0
1775861820000,5254.8,5255.0,5253.5,5253.5,2.092,1775861999999,10992.0717,391,0,0,0
1775862000000,5253.5,5253.5,5249.0,5249.0,1.991,1775862179999,10453.1589,396,0,0,0
1775862180000,5249.0,5252.4,5248.4,5252.0,2.108,1775862359999,11069.4396,443,0.197,1034.7228,0
1775862360000,5252.0,5252.7,5252.0,5252.7,2.003,1775862539999,10520.1555,540,0.255,1339.4335,0
1775862540000,5252.7,5252.9,5252.6,5252.6,2.0,1775862719999,10505.3550,482,0.570,2994.0821,0
1775862720000,5252.6,5253.7,5250.7,5252.8,1.977,1775862899999,10383.9521,399,0.087,457.0399,0
1775862900000,5252.8,5253.0,5250.5,5251.1,2.059,1775863079999,10813.8343,398,0,0,0
1775863080000,5251.1,5251.5,5249.8,5249.8,2.036,1775863259999,10689.7560,386,0,0,0
1775863260000,5249.8,5250.0,5249.0,5249.6,1.954,1775863439999,10257.5387,387,0,0,0
1775863440000,5249.6,5249.7,5248.9,5249.6,1.881,1775863619999,9873.7399,356,0,0,0
1775863620000,5249.6,5253.7,5248.9,5250.2,1.93,1775863799999,10132.8014,366,0.002,10.5074,0
1775863800000,5250.2,5250.9,5249.4,5250.9,1.877,1775863979999,9854.4663,342,0,0,0
1775863980000,5250.9,5259.6,5250.9,5254.0,1.714,1775864159999,9004.1742,307,0.002,10.5192,0
1775864160000,5254.0,5255.0,5254.0,5254.9,1.667,1775864339999,8759.7525,312,0,0,0
1775864340000,5254.9,5254.9,5253.2,5253.2,1.941,1775864519999,10199.3716,388,0,0,0
1775864520000,5253.2,5253.2,5251.9,5252.1,2.069,1775864699999,10867.2424,439,0,0,0
1775864700000,5252.1,5252.3,5252.0,5252.0,2.091,1775864879999,10982.1097,370,0,0,0
1775864880000,5252.0,5259.6,5251.8,5252.0,2.079,1775865059999,10920.0600,472,0.002,10.5192,0
1775865060000,5252.0,5252.0,5250.1,5250.4,2.181,1775865239999,11451.3118,411,0,0,0
1775865240000,5250.4,5251.3,5250.4,5251.1,1.963,1775865419999,10307.7003,368,0,0,0
1775865420000,5251.1,5259.6,4990.0,4990.0,3697.442,1775865599999,18593095.8082,614,3149.573,15716369.8092,0
1775865600000,4990.0,5260.0,4990.0,5260.0,4680.647,1775865779999,23928766.1924,787,2756.178,13806064.3499,0
1775865780000,5260.0,5280.0,5252.8,5252.8,4142.501,1775865959999,21843278.0017,1008,938.417,4938757.7593,0
1775865960000,5252.8,5254.8,5252.7,5254.6,2.921,1775866139999,15344.9009,366,1.867,9808.5024,0
1775866140000,5254.6,5254.8,5250.6,5250.6,176.642,1775866319999,927748.5698,490,0.208,1092.9837,0
1775866320000,5250.6,5251.6,5250.5,5251.6,37.26,1775866499999,195642.6774,482,36.167,189903.8377,0
1775866500000,5251.6,5251.9,5251.4,5251.7,208.261,1775866679999,1093719.8770,488,206.823,1086168.1439,0
1775866680000,5251.7,5252.2,5251.6,5252.2,2.172,1775866859999,11407.1546,382,0.618,3245.7948,0
1775866860000,5252.2,5254.0,5252.2,5254.0,324.612,1775867039999,1705091.3197,659,324.471,1704350.6326,0
1775867040000,5254.0,5254.9,5254.0,5254.9,65.497,1775867219999,344135.5724,489,65.319,343200.2892,0
1775867220000,5254.9,5256.5,5254.9,5256.5,73.419,1775867399999,385878.3839,503,73.322,385368.6586,0
1775867400000,5256.5,5259.0,5256.2,5258.8,86.277,1775867579999,453567.9763,474,86.031,452274.3662,0
1775867580000,5258.8,5258.9,5256.6,5256.6,1.507,1775867759999,7923.8850,298,0,0,0
1775867760000,5256.6,5260.0,5256.6,5260.0,5.808,1775867939999,30546.3669,362,5.414,28474.7235,0
1775867940000,5260.0,5260.0,5259.6,5260.0,1.42,1775868119999,7469.0401,253,0.700,3681.9964,0
1775868120000,5260.0,5260.0,5259.1,5259.9,29.649,1775868299999,155930.6921,348,0.906,4765.3639,0
1775868300000,5259.9,5260.0,5259.5,5259.9,1.308,1775868479999,6879.7491,261,0.531,2792.9984,0
1775868480000,5259.9,5259.9,5259.3,5259.9,1.587,1775868659999,8347.1794,325,0.748,3934.3711,0
1775868660000,5259.9,5259.9,5258.5,5258.5,93.555,1775868839999,492013.1596,373,0.539,2835.0517,0
1775868840000,5258.5,5258.6,5258.4,5258.5,11.178,1775869019999,58779.5304,294,0.349,1835.2514,0
1775869020000,5258.5,5259.3,5258.4,5259.3,93.568,1775869199999,492064.7975,262,92.768,487858.0265,0
1775869200000,5259.3,5259.6,5257.3,5259.6,1.593,1775869379999,8376.5964,369,0.400,2103.8275,0
1775869380000,5259.6,5259.8,5259.6,5259.8,1.24,1775869559999,6521.9459,261,0.650,3418.7819,0
1775869560000,5259.8,5259.9,5259.5,5259.9,0.801,1775869739999,4213.1371,173,0.695,3655.6088,0
1775869740000,5259.9,5260.0,5257.3,5258.3,1.414,1775869919999,7436.5850,270,0.426,2240.7182,0
1775869920000,5258.3,5260.0,5258.3,5258.6,2.038,1775870099999,10717.9615,448,0.740,3891.8060,0
1775870100000,5258.6,5260.0,5257.4,5260.0,1.727,1775870279999,9082.6882,420,1.127,5927.3964,0
1775870280000,5260.0,5260.0,5259.9,5260.0,1.783,1775870459999,9378.5738,325,1.721,9052.4600,0
1775870460000,5260.0,5260.0,5259.7,5260.0,1.859,1775870639999,9778.1826,384,0.667,3508.4200,0
1775870640000,5260.0,5260.0,5259.9,5260.0,1.88,1775870819999,9888.7962,359,1.842,9688.9200,0
1775870820000,5260.0,5266.5,5260.0,5266.5,2.144,1775870999999,11286.7467,452,2.097,11039.2563,0
1775871000000,5266.5,5268.0,5264.0,5267.0,2.111,1775871179999,11117.8929,440,1.328,6994.5598,0
1775871180000,5267.0,5268.1,5266.9,5268.1,2.348,1775871359999,12368.9089,410,2.334,12295.1723,0
1775871360000,5268.1,5269.7,5268.1,5269.7,2.068,1775871539999,10895.6417,492,1.978,10421.4857,0
1775871540000,5269.7,5269.8,5257.2,5268.0,2.284,1775871719999,12032.3544,427,1.710,9010.0208,0
1775871720000,5268.0,5268.5,5267.3,5267.6,1.997,1775871899999,10520.0180,384,1.175,6189.9227,0
1775871900000,5267.6,5269.0,5267.5,5269.0,2.04,1775872079999,10747.0029,421,0.876,4615.4369,0
1775872080000,5269.0,5269.7,5268.1,5268.6,2.008,1775872259999,10579.7232,404,0.789,4157.4386,0
1775872260000,5268.6,5269.5,5266.6,5267.6,2.062,1775872439999,10862.6215,362,0,0,0
1775872440000,5267.6,5267.6,5266.0,5266.0,2.053,1775872619999,10812.9736,367,0,0,0
1775872620000,5266.0,5266.5,5257.2,5265.5,1.969,1775872799999,10367.6585,367,0,0,0
1775872800000,5265.5,5269.7,5265.5,5267.9,2.038,1775872979999,10734.5695,363,0.002,10.5394,0
1775872980000,5268.0,5269.7,5266.3,5267.8,2.07,1775873159999,10903.3974,370,0.002,10.5394,0
1775873160000,5267.9,5268.5,5257.2,5267.8,2.161,1775873339999,11382.4941,367,0,0,0
1775873340000,5267.8,5268.6,5263.6,5267.7,1.931,1775873519999,10169.8283,381,0.048,252.8638,0
1775873520000,5267.7,5268.0,5264.1,5265.8,2.013,1775873699999,10600.3348,424,0,0,0
1775873700000,5265.8,5268.0,5265.5,5265.5,2.101,1775873879999,11065.6495,379,0,0,0
1775873880000,5265.5,5265.6,5263.0,5263.7,2.031,1775874059999,10692.0478,449,0,0,0
1775874060000,5263.7,5264.7,5262.1,5262.1,1.931,1775874239999,10164.3447,367,0,0,0
1775874240000,5262.1,5263.5,5259.7,5259.7,1.97,1775874419999,10365.5933,354,0,0,0
1775874420000,5259.7,5259.7,5256.5,5256.5,1.798,1775874599999,9452.7541,353,0,0,0
1775874600000,5256.5,5260.3,5256.5,5256.5,1.473,1775874779999,7743.9407,316,0,0,0
1775874780000,5256.5,5256.8,5254.9,5255.0,1.901,1775874959999,9990.8494,506,0,0,0
1775874960000,5255.0,5256.6,5254.9,5255.4,2.147,1775875139999,11283.3812,394,0,0,0
1775875140000,5255.4,5269.7,5254.9,5255.6,2.684,1775875319999,14113.9937,409,0.567,2987.9135,0
1775875320000,5255.6,5256.6,5254.9,5254.9,1.998,1775875499999,10500.0413,356,0,0,0
1775875500000,5254.9,5255.2,5253.0,5253.0,1.878,1775875679999,9868.0877,413,0,0,0
1775875680000,5253.0,5254.6,5253.0,5253.6,1.995,1775875859999,10481.1486,394,0,0,0
1775875860000,5253.6,5254.8,5252.5,5252.7,2.669,1775876039999,14020.0867,433,0,0,0
1775876040000,5252.7,5253.2,5251.7,5251.7,2.254,1775876219999,11838.3510,488,0,0,0
1775876220000,5251.7,5251.7,5250.0,5250.0,2.108,1775876399999,11068.0213,445,0,0,0
1775876400000,5250.0,5269.7,5250.0,5251.2,1.993,1775876579999,10466.8134,432,0.002,10.5394,0
1775876580000,5251.2,5253.1,5250.9,5250.9,2.062,1775876759999,10828.5989,418,0,0,0
1775876760000,5250.9,5253.6,5250.7,5252.4,2.102,1775876939999,11039.4123,408,0,0,0
1775876940000,5252.4,5253.0,5250.8,5252.0,2.065,1775877119999,10844.8926,410,0,0,0
1775877120000,5251.5,5252.5,5250.8,5252.4,1.862,1775877299999,9778.6926,372,0,0,0
1775877300000,5252.4,5252.4,5249.4,5249.8,2.082,1775877479999,10932.7509,490,0,0,0
1775877480000,5249.8,5252.0,5249.4,5250.8,1.966,1775877659999,10322.8517,434,0,0,0
1775877660000,5250.8,5252.3,5249.4,5249.5,2.165,1775877839999,11367.3716,462,0.003,15.7497,0
1775877840000,5249.5,5250.1,5249.4,5249.4,1.936,1775878019999,10163.3169,397,0.089,467.2429,0
1775878020000,5249.3,5251.5,5248.8,5251.1,1.83,1775878199999,9606.3555,370,0.018,94.5135,0
1775878200000,5250.1,5250.8,5249.7,5250.2,1.842,1775878379999,9670.9389,379,0,0,0
1775878380000,5250.2,5250.7,5248.8,5250.7,1.786,1775878559999,9376.5820,353,0,0,0
1775878560000,5250.7,5269.7,5250.7,5253.1,1.99,1775878739999,10452.1446,366,0.020,105.0614,0
1775878740000,5253.1,5253.5,5250.6,5253.0,2.036,1775878919999,10694.5136,375,0,0,0
1775878920000,5253.0,5253.0,5248.8,5252.6,1.993,1775879099999,10468.4229,359,0,0,0
1775879100000,5252.6,5256.8,5252.4,5256.8,1.98,1775879279999,10404.1826,359,0,0,0
1775879280000,5256.8,5269.7,5255.9,5256.9,1.749,1775879459999,9193.4989,319,0.002,10.5394,0
1775879460000,5256.9,5257.5,5256.3,5257.3,1.628,1775879639999,8558.7248,334,0.021,110.4063,0
1775879640000,5257.3,5269.7,5256.2,5262.3,1.813,1775879819999,9535.2183,381,0.038,200.2364,0
1775879820000,5262.3,5264.7,5260.9,5264.7,1.806,1775879999999,9504.8457,325,0,0,0
1775880000000,5264.7,5269.7,5256.2,5264.9,1.71,1775880179999,9001.3639,327,0.001,5.2697,0
1775880180000,5264.9,5265.0,5260.9,5261.0,1.898,1775880359999,9990.5376,339,0,0,0
1775880360000,5261.0,5263.8,5248.8,5263.8,1.839,1775880539999,9677.3893,358,0,0,0
1775880540000,5263.8,5264.5,5262.0,5263.8,2.105,1775880719999,11079.9431,371,0,0,0
1775880720000,5263.8,5264.9,5263.6,5263.8,1.991,1775880899999,10480.9838,359,0,0,0
1775880900000,5263.8,5263.8,5261.1,5261.5,2.014,1775881079999,10597.9135,377,0,0,0
1775881080000,5261.5,5262.7,5248.8,5260.6,2.146,1775881259999,11289.9243,397,0,0,0
1775881260000,5260.6,5262.5,5260.4,5261.6,2.073,1775881439999,10907.3803,371,0,0,0
1775881440000,5261.6,5262.2,5258.2,5260.1,2.089,1775881619999,10989.8256,374,0,0,0
1775881620000,5260.1,5262.8,5258.9,5261.3,2.216,1775881799999,11658.3301,397,0,0,0
1775881800000,5261.3,5269.7,5259.5,5264.3,2.038,1775881979999,10725.8513,386,0.004,21.0788,0
1775881980000,5264.6,5264.7,5261.9,5263.4,2.074,1775882159999,10916.8090,382,0,0,0
1775882160000,5264.1,5264.9,5261.7,5262.5,2.308,1775882339999,12148.4361,400,0,0,0
1775882340000,5262.5,5262.9,5248.8,5262.3,2.133,1775882519999,11223.4816,383,0,0,0
1775882520000,5262.3,5264.1,5261.2,5262.5,2.147,1775882699999,11299.2134,381,0,0,0
1775882700000,5262.5,5263.4,5261.8,5261.9,2.094,1775882879999,11019.6478,387,0,0,0
1775882880000,5261.9,5264.6,5261.2,5264.4,2.187,1775883059999,11508.9438,475,0.299,1573.5970,0
1775883060000,5264.5,5264.7,5260.8,5263.8,1.999,1775883239999,10522.2075,396,0.064,336.9358,0
1775883240000,5263.8,5264.2,5261.6,5263.7,1.861,1775883419999,9794.6148,360,0,0,0
1775883420000,5263.7,5264.3,5260.5,5263.8,2.062,1775883599999,10852.8809,375,0.008,42.1126,0
1775883600000,5264.0,5264.6,5261.8,5263.1,2.101,1775883779999,11057.8597,398,0.022,115.8155,0
1775883780000,5263.1,5265.7,5263.1,5265.6,1.879,1775883959999,9892.7677,506,0.358,1884.9589,0
1775883960000,5265.6,5266.6,5263.0,5266.2,2.109,1775884139999,11105.2568,457,0.451,2374.9454,0
1775884140000,5266.2,5267.9,5265.4,5266.4,1.984,1775884319999,10448.8443,431,0.277,1459.0109,0
1775884320000,5266.4,5271.8,5266.3,5271.7,84.037,1775884499999,442918.3746,420,82.927,437070.5962,0
1775884500000,5271.7,5272.6,5270.5,5271.1,33.115,1775884679999,174585.2942,410,31.884,168096.0718,0
1775884680000,5271.1,5272.6,5269.6,5270.8,2.192,1775884859999,11554.2838,364,0.189,996.5214,0
1775884860000,5270.8,5272.7,5270.8,5270.8,78.731,1775885039999,415079.1898,395,0.470,2478.1578,0
1775885040000,5270.8,5272.0,5270.3,5271.9,53.357,1775885219999,281240.0195,439,29.272,154294.1804,0
1775885220000,5271.9,5272.1,5270.9,5271.4,19.803,1775885399999,104390.7429,475,18.649,98307.3986,0
1775885400000,5271.6,5271.6,5269.1,5269.1,191.564,1775885579999,1009670.0040,489,0,0,0
1775885580000,5269.1,5269.4,5267.7,5269.0,73.682,1775885759999,388209.9025,466,1.084,5711.7402,0
1775885760000,5269.0,5269.7,5268.8,5268.8,2.086,1775885939999,10991.7352,418,0.819,4315.7249,0
1775885940000,5268.8,5269.8,5267.7,5268.0,2.071,1775886119999,10911.9204,386,0.019,100.1262,0
1775886120000,5268.0,5269.2,5267.5,5269.2,2.118,1775886299999,11158.0808,374,0,0,0
1775886300000,5269.2,5269.8,5267.2,5267.5,1.998,1775886479999,10525.9636,419,0.002,10.5396,0
1775886480000,5267.5,5269.4,5267.2,5267.2,2.031,1775886659999,10699.1226,424,0,0,0
1775886660000,5267.4,5267.4,5266.4,5267.0,2.102,1775886839999,11070.6540,410,0,0,0
1775886840000,5267.0,5267.7,5266.1,5266.5,2.031,1775887019999,10696.6587,393,0,0,0
1775887020000,5266.6,5269.2,5266.6,5267.7,1.929,1775887199999,10161.5543,357,0,0,0
1775887200000,5267.7,5272.1,5267.7,5271.2,1.846,1775887379999,9728.7239,362,0.947,4991.1154,0
1775887380000,5271.3,5273.4,5270.4,5273.2,1.838,1775887559999,9689.3418,341,0.432,2277.9203,0
1775887560000,5273.2,5273.4,5269.3,5270.3,1.798,1775887739999,9478.1489,320,0.019,100.1946,0
1775887740000,5270.3,5273.5,5266.1,5272.3,2.033,1775887919999,10716.9935,363,0.123,648.6322,0
1775887920000,5272.3,5274.2,5270.4,5272.8,1.89,1775888099999,9965.7618,361,0.336,1772.0116,0
1775888100000,5272.8,5272.8,5266.1,5270.4,2.014,1775888279999,10616.3537,360,0,0,0
1775888280000,5270.4,5272.0,5269.6,5272.0,1.956,1775888459999,10309.5678,367,0,0,0
1775888460000,5272.0,5272.2,5270.9,5272.2,2.042,1775888639999,10764.8394,373,0,0,0
1775888640000,5272.2,5273.0,5270.7,5271.4,2.056,1775888819999,10838.9637,369,0,0,0
1775888820000,5271.4,5274.3,5266.1,5273.6,2.049,1775888999999,10803.9783,383,0.002,10.5486,0
1775889000000,5273.6,5273.6,5271.1,5273.6,2.02,1775889179999,10651.0560,360,0,0,0
1775889180000,5273.6,5274.0,5269.7,5272.1,1.794,1775889359999,9458.3666,325,0,0,0
1775889360000,5272.1,5272.5,5270.1,5271.2,1.871,1775889539999,9862.4833,344,0,0,0
1775889540000,5271.2,5273.5,5270.9,5273.5,2.08,1775889719999,10965.3511,368,0,0,0
1775889720000,5273.5,5273.9,5270.8,5272.9,1.943,1775889899999,10244.9609,357,0,0,0
1775889900000,5272.9,5274.0,5270.5,5270.5,1.838,1775890079999,9688.7892,357,0,0,0
1775890080000,5270.8,5271.8,5266.1,5271.8,1.981,1775890259999,10441.1860,367,0,0,0
1775890260000,5271.8,5271.8,5269.7,5270.9,2.147,1775890439999,11316.1737,390,0,0,0
1775890440000,5270.9,5271.0,5270.5,5271.0,2.101,1775890619999,11074.0336,381,0,0,0
1775890620000,5271.0,5274.3,5266.1,5266.1,2.089,1775890799999,11010.8673,387,0.002,10.5486,0
1775890800000,5266.1,5270.2,5265.9,5266.7,1.971,1775890979999,10380.7985,378,0,0,0
1775890980000,5266.7,5269.3,5266.1,5267.6,2.125,1775891159999,11194.4682,376,0,0,0
1775891160000,5267.6,5267.6,5265.8,5265.8,1.848,1775891339999,9732.1382,393,0,0,0
1775891340000,5265.8,5267.7,5265.3,5267.7,2.134,1775891519999,11238.0165,446,0.037,194.8967,0
1775891520000,5267.7,5268.8,5264.8,5264.8,2.123,1775891699999,11181.9322,502,0.075,395.1336,0
1775891700000,5264.8,5268.6,5264.8,5267.4,2.003,1775891879999,10549.6410,393,0,0,0
1775891880000,5267.4,5268.0,5265.6,5265.7,2.163,1775892059999,11392.5047,386,0,0,0
1775892060000,5265.7,5265.7,5265.0,5265.7,2.192,1775892239999,11541.6227,415,0,0,0
1775892240000,5265.7,5274.3,5264.9,5265.9,2.551,1775892419999,13437.1473,429,0.496,2615.4804,0
1775892420000,5265.6,5265.7,5264.8,5265.1,2.139,1775892599999,11262.2811,460,0,0,0
1775892600000,5265.1,5265.4,5264.8,5264.8,2.14,1775892779999,11266.8726,523,0,0,0
1775892780000,5264.9,5264.9,5264.6,5264.6,2.172,1775892959999,11434.9789,554,0,0,0
1775892960000,5264.6,5274.3,5264.6,5266.9,2.101,1775893139999,11064.1887,499,0.099,521.4153,0
1775893140000,5266.9,5269.0,5266.9,5268.1,1.972,1775893319999,10387.7282,378,0,0,0
1775893320000,5268.1,5268.6,5266.7,5266.9,2.115,1775893499999,11141.0619,391,0,0,0
1775893500000,5266.9,5268.2,5265.8,5267.5,2.159,1775893679999,11371.6215,404,0,0,0
1775893680000,5267.5,5267.9,5265.8,5266.2,2.095,1775893859999,11034.2200,433,0,0,0
1775893860000,5266.2,5267.9,5264.9,5264.9,1.99,1775894039999,10479.4289,417,0,0,0
1775894040000,5264.9,5265.8,5264.9,5264.9,1.924,1775894219999,10130.3920,404,0.147,774.0255,0
1775894220000,5264.9,5265.1,5264.1,5264.5,1.853,1775894399999,9755.6022,447,0.071,373.7937,0
1775894400000,5264.7,5267.3,5264.7,5266.8,1.87,1775894579999,9848.6000,460,0.404,2127.6889,0
1775894580000,5266.8,5274.3,5265.6,5265.6,2.131,1775894759999,11222.8560,409,0.002,10.5416,0
1775894760000,5265.1,5265.1,5261.4,5261.7,1.993,1775894939999,10488.8474,413,0,0,0
1775894940000,5261.7,5263.6,5261.0,5261.0,2.01,1775895119999,10575.8514,470,0,0,0
1775895120000,5261.0,5262.4,5259.8,5260.6,2.008,1775895299999,10563.1291,483,0,0,0
1775895300000,5260.6,5261.1,5259.3,5260.9,1.901,1775895479999,9999.7782,371,0,0,0
1775895480000,5260.5,5274.3,5259.8,5261.6,1.965,1775895659999,10337.9240,357,0.002,10.5486,0
1775895660000,5261.9,5263.4,5260.9,5261.7,1.969,1775895839999,10360.7233,338,0,0,0
1775895840000,5261.7,5261.7,5258.9,5258.9,1.793,1775896019999,9431.7659,345,0,0,0
1775896020000,5258.9,5261.5,5258.6,5259.0,1.592,1775896199999,8372.8878,323,0,0,0
1775896200000,5259.0,5260.1,5257.2,5257.2,1.675,1775896379999,8807.2994,313,0,0,0
1775896380000,5257.2,5258.6,5255.9,5257.3,1.811,1775896559999,9520.4016,376,0,0,0
1775896560000,5257.3,5259.2,5256.9,5257.3,1.984,1775896739999,10431.5563,399,0,0,0
1775896740000,5257.0,5274.3,5256.9,5260.1,1.897,1775896919999,9976.2221,374,0.002,10.5486,0
1775896920000,5260.1,5274.3,5258.0,5259.0,1.899,1775897099999,9988.2562,401,0.002,10.5486,0
1775897100000,5259.0,5261.2,5258.0,5260.2,1.936,1775897279999,10182.2550,362,0,0,0
1775897280000,5260.2,5274.3,4996.8,5257.9,3016.16,1775897459999,15839102.3814,618,0.442,2331.2406,0
1775897460000,5258.1,5274.3,5257.4,5258.4,3.044,1775897639999,16013.1471,489,0.523,2757.1763,0
1775897640000,5258.4,5259.1,5257.7,5258.5,1.947,1775897819999,10238.3357,353,0,0,0
1775897820000,5258.5,5260.0,5257.5,5257.5,1.945,1775897999999,10228.7931,399,0.038,199.8796,0
1775898000000,5257.5,5260.6,5257.3,5259.6,1.885,1775898179999,9912.8670,354,0.003,15.7812,0
1775898180000,5258.9,5259.2,5256.8,5257.6,1.988,1775898359999,10451.9989,409,0,0,0
1775898360000,5257.6,5258.3,5256.8,5256.9,2.013,1775898539999,10583.1237,367,0,0,0
1775898540000,5256.9,5257.3,5255.4,5255.8,1.909,1775898719999,10033.8575,408,0,0,0
1775898720000,5255.5,5257.9,5255.3,5257.9,1.897,1775898899999,9971.8335,340,0,0,0
1775898900000,5257.9,5260.6,5252.1,5252.1,1.698,1775899079999,8922.8986,322,0.001,5.2606,0
1775899080000,5252.1,5253.3,5252.1,5252.8,1.647,1775899259999,8650.8831,305,0,0,0
1775899260000,5252.8,5255.1,5251.4,5255.1,1.913,1775899439999,10047.2533,402,0,0,0
1775899440000,5255.1,5274.3,5253.7,5254.0,1.85,1775899619999,9720.6710,392,0.001,5.2743,0
1775899620000,5254.0,5254.7,5252.1,5253.3,1.907,1775899799999,10017.9965,394,0,0,0
1775899800000,5253.3,5254.0,5252.9,5253.8,1.844,1775899979999,9687.1461,339,0,0,0
1775899980000,5253.8,5256.5,5252.4,5256.2,1.943,1775900159999,10209.1777,366,0,0,0
1775900160000,5256.2,5274.3,5254.1,5255.6,1.987,1775900339999,10441.8995,360,0.001,5.2743,0
1775900340000,5255.6,5257.0,5255.6,5257.0,2.05,1775900519999,10775.4008,380,0,0,0
1775900520000,5257.0,5258.7,5256.2,5256.8,1.976,1775900699999,10388.9840,374,0,0,0
1775900700000,5256.8,5257.6,5252.4,5256.5,3.033,1775900879999,15938.6991,393,0,0,0
1775900880000,5256.5,5258.8,5256.4,5257.0,1.84,1775901059999,9674.0212,355,0,0,0
1775901060000,5257.0,5274.3,5254.9,5257.7,1.791,1775901239999,9413.9368,354,0.004,21.0441,0
1775901240000,5257.7,5258.5,5256.6,5257.4,2.165,1775901419999,11383.0376,407,0.070,368.0947,0
1775901420000,5257.4,5260.5,5257.3,5259.9,2.074,1775901599999,10906.8028,443,0.196,1030.9006,0
1775901600000,5259.9,5260.1,5255.4,5256.5,1.996,1775901779999,10496.2977,374,0,0,0
1775901780000,5256.5,5260.0,5256.0,5257.9,2.029,1775901959999,10667.5556,383,0,0,0
1775901960000,5257.8,5259.3,5257.2,5259.3,1.935,1775902139999,10174.0278,447,0.218,1146.3182,0
1775902140000,5259.3,5261.7,5258.7,5261.2,2.084,1775902319999,10960.0869,397,0.097,510.2977,0
1775902320000,5260.5,5262.8,5259.3,5260.2,1.963,1775902499999,10327.4775,381,0.039,205.2319,0
1775902500000,5260.2,5262.0,5260.2,5261.9,2.051,1775902679999,10790.6851,378,0,0,0
1775902680000,5261.9,5261.9,5260.5,5260.6,2.106,1775902859999,11079.5119,391,0,0,0
1775902860000,5260.6,5262.7,5257.2,5262.7,1.984,1775903039999,10438.6967,381,0,0,0
1775903040000,5262.2,5263.8,5262.2,5263.8,2.088,1775903219999,10989.0120,496,0.760,4000.1092,0
1775903220000,5263.8,5264.9,5263.0,5264.4,2.09,1775903399999,11001.8363,437,0.161,847.5174,0
1775903400000,5264.4,5265.5,5264.3,5264.3,2.053,1775903579999,10808.8293,461,0.075,394.8929,0
1775903580000,5264.3,5264.9,5262.5,5262.7,2.125,1775903759999,11184.3591,405,0,0,0
1775903760000,5262.7,5263.0,5261.6,5261.6,2.06,1775903939999,10840.3443,407,0,0,0
1775903940000,5261.6,5262.2,5261.5,5261.5,1.946,1775904119999,10239.2100,389,0,0,0
1775904120000,5261.5,5261.5,5259.9,5259.9,1.955,1775904299999,10284.8399,418,0,0,0
1775904300000,5259.9,5263.2,5259.7,5262.8,2.008,1775904479999,10564.1763,417,0,0,0
1775904480000,5262.8,5265.5,5261.9,5262.2,2.023,1775904659999,10645.7544,393,0.001,5.2655,0
1775904660000,5262.2,5263.0,5261.3,5262.9,1.997,1775904839999,10509.2584,364,0,0,0
1775904840000,5262.9,5263.3,5262.9,5263.2,1.895,1775905019999,9973.8222,356,0,0,0
1775905020000,5263.2,5263.3,5260.6,5263.2,2.102,1775905199999,11060.1664,387,0,0,0
1775905200000,5263.2,5265.2,5261.8,5262.6,2.054,1775905379999,10809.3187,377,0,0,0
1775905380000,5262.6,5274.3,5261.5,5264.2,2.05,1775905559999,10789.7504,458,0.001,5.2743,0
1775905560000,5264.2,5265.4,5263.6,5264.3,2.168,1775905739999,11414.2981,404,0,0,0
1775905740000,5264.3,5265.0,5264.3,5264.8,1.956,1775905919999,10297.3924,380,0,0,0
1775905920000,5264.8,5265.7,5264.5,5265.7,2.13,1775906099999,11214.7424,358,0,0,0
1775906100000,5265.7,5274.3,5265.4,5266.4,2.018,1775906279999,10626.9406,460,0.001,5.2743,0
1775906280000,5266.4,5266.5,5264.5,5266.3,2.039,1775906459999,10736.3823,383,0,0,0
1775906460000,5266.3,5266.5,5265.7,5265.8,2.115,1775906639999,11138.0345,424,0,0,0
1775906640000,5265.8,5274.3,5265.4,5266.5,2.05,1775906819999,10795.6046,390,0.001,5.2743,0
1775906820000,5266.5,5268.1,5265.9,5267.9,2.053,1775906999999,10813.0548,377,0,0,0
1775907000000,5267.9,5269.7,5267.9,5269.7,2.049,1775907179999,10796.4202,454,0,0,0
1775907180000,5269.7,5269.7,5269.6,5269.7,2.115,1775907359999,11145.3914,386,0,0,0
1775907360000,5269.7,5269.7,5269.2,5269.2,2.14,1775907539999,11276.5065,387,0,0,0
1775907540000,5269.2,5269.2,5267.0,5267.0,2.112,1775907719999,11126.9340,487,0,0,0
1775907720000,5267.0,5267.0,5266.1,5266.2,2.108,1775907899999,11101.9366,446,0,0,0
1775907900000,5266.2,5266.5,5266.0,5266.0,2.011,1775908079999,10590.7412,373,0,0,0
1775908080000,5266.0,5266.4,5265.6,5265.6,2.023,1775908259999,10653.2066,386,0,0,0
1775908260000,5265.6,5274.3,5262.3,5262.4,2.124,1775908439999,11180.8125,435,0.001,5.2743,0
1775908440000,5262.3,5263.1,5261.8,5261.8,2.124,1775908619999,11177.7037,395,0,0,0
1775908620000,5261.8,5262.6,5261.3,5262.6,2.132,1775908799999,11218.7694,387,0,0,0
1775908800000,5263.0,5274.3,5262.5,5264.2,2.032,1775908979999,10697.1929,383,0.020,105.3207,0
1775908980000,5265.6,5268.1,5264.5,5268.1,1.969,1775909159999,10370.0841,433,0.059,310.7044,0
1775909160000,5268.1,5274.3,5267.1,5267.8,1.911,1775909339999,10066.7819,382,0.002,10.5486,0
1775909340000,5267.8,5268.1,5267.0,5267.0,1.919,1775909519999,10108.5030,372,0,0,0
1775909520000,5267.0,5268.5,5267.0,5268.5,1.843,1775909699999,9708.5982,352,0,0,0
1775909700000,5268.5,5272.5,5268.3,5272.3,1.938,1775909879999,10213.6069,350,0,0,0
1775909880000,5272.3,5274.3,5271.8,5272.6,2.27,1775910059999,11968.3657,379,0.002,10.5486,0
1775910060000,5272.6,5272.9,5271.8,5272.7,1.811,1775910239999,9548.7779,336,0,0,0
1775910240000,5272.7,5272.9,5271.4,5271.4,1.848,1775910419999,9743.4997,363,0,0,0
1775910420000,5271.4,5274.3,5271.3,5272.5,1.9,1775910599999,10018.1654,354,0.007,36.9201,0
1775910600000,5272.7,5274.2,5272.5,5272.8,1.908,1775910779999,10061.1114,340,0,0,0
1775910780000,5272.8,5272.9,5270.2,5270.5,2.165,1775910959999,11412.5849,394,0,0,0
1775910960000,5270.5,5273.3,5270.2,5271.6,2.001,1775911139999,10548.4879,417,0.144,759.3430,0
1775911140000,5272.2,5273.6,5270.3,5273.6,2.166,1775911319999,11419.8173,445,0.160,843.7412,0
1775911320000,5273.6,5274.4,5269.9,5271.9,16.296,1775911499999,85913.2975,502,15.070,79448.9561,0
1775911500000,5271.9,5272.3,5270.7,5272.3,12.018,1775911679999,63357.1797,441,10.518,55450.5689,0
1775911680000,5272.3,5273.4,5271.1,5273.4,46.682,1775911859999,246140.0913,489,45.564,240246.5484,0
1775911860000,5273.4,5273.6,5271.8,5272.9,44.073,1775912039999,232350.6142,472,1.201,6332.9850,0
1775912040000,5272.9,5273.6,5271.7,5273.6,87.01,1775912219999,458821.3784,510,86.043,453723.0414,0
1775912220000,5273.6,5274.0,5272.9,5272.9,52.881,1775912399999,278877.9165,528,51.900,273704.7523,0
1775912400000,5273.0,5273.5,5271.6,5271.6,156.782,1775912579999,826607.6210,480,2.597,13691.5913,0
1775912580000,5271.7,5271.7,5269.0,5269.5,138.736,1775912759999,731199.2200,630,7.258,38249.3165,0
1775912760000,5269.4,5271.3,5269.1,5269.7,25.463,1775912939999,134194.5998,437,24.014,126558.5639,0
1775912940000,5269.7,5271.3,5265.5,5268.9,2.196,1775913119999,11571.3462,368,0.233,1228.2129,0
1775913120000,5268.9,5270.9,5266.1,5266.7,2.119,1775913299999,11164.9430,433,0,0,0
1775913300000,5266.7,5269.1,5266.5,5266.6,2.138,1775913479999,11261.3901,375,0,0,0
1775913480000,5268.6,5269.8,5267.8,5267.9,1.961,1775913659999,10332.1635,359,0,0,0
1775913660000,5267.9,5268.2,5267.2,5267.6,2.193,1775913839999,11551.9151,391,0,0,0
1775913840000,5267.6,5271.3,5267.5,5269.0,1.999,1775914019999,10530.8611,359,0.002,10.5426,0
1775914020000,5269.0,5271.3,5266.1,5266.8,1.85,1775914199999,9746.7588,344,0.002,10.5426,0
1775914200000,5266.8,5271.3,5266.1,5267.3,12.928,1775914379999,68109.1135,390,4.766,25122.9038,0
1775914380000,5267.3,5268.4,5264.8,5264.8,1.933,1775914559999,10179.5893,453,0.050,263.4158,0
1775914560000,5264.8,5264.9,5263.8,5264.1,1.875,1775914739999,9870.5293,358,0,0,0
1775914740000,5264.1,5264.2,5263.8,5263.8,2.086,1775914919999,10980.6632,405,0,0,0
1775914920000,5263.7,5268.4,5262.9,5265.3,1.987,1775915099999,10459.8359,383,0.002,10.5368,0
1775915100000,5265.3,5265.6,5262.6,5262.8,2.105,1775915279999,11080.5879,454,0,0,0
1775915280000,5262.7,5263.1,5261.3,5261.3,1.883,1775915459999,9909.1021,478,0,0,0
1775915460000,5261.3,5261.5,5258.1,5258.1,1.895,1775915639999,9966.5039,397,0,0,0
1775915640000,5258.1,5258.1,5257.2,5257.2,1.863,1775915819999,9795.0267,390,0,0,0
1775915820000,5257.2,5257.2,5256.5,5256.5,2.079,1775915999999,10928.6094,405,0,0,0
1775916000000,5256.5,5256.5,5253.3,5254.6,2.073,1775916179999,10893.5288,419,0,0,0
1775916180000,5254.2,5256.0,5253.6,5253.8,1.833,1775916359999,9631.3724,373,0,0,0
1775916360000,5253.8,5254.8,5252.0,5252.0,2.004,1775916539999,10527.2320,372,0,0,0
1775916540000,5252.0,5271.3,5251.0,5251.0,2.3,1775916719999,12082.7024,377,0.236,1244.0123,0
1775916720000,5251.0,5252.0,5251.0,5251.0,2.013,1775916899999,10570.4815,378,0,0,0
1775916900000,5251.0,5253.8,5250.1,5252.4,2.138,1775917079999,11227.4723,401,0,0,0
1775917080000,5252.7,5271.3,5252.2,5253.3,2.033,1775917259999,10678.9043,380,0.002,10.5426,0
1775917260000,5253.3,5253.8,5252.0,5253.2,2.088,1775917439999,10968.1868,363,0,0,0
1775917440000,5253.2,5254.0,5251.3,5251.3,1.994,1775917619999,10474.1902,373,0,0,0
1775917620000,5251.3,5253.7,5250.4,5253.1,2.086,1775917799999,10955.7445,377,0,0,0
1775917800000,5252.5,5271.3,5250.1,5253.6,3.211,1775917979999,16866.1748,414,0.002,10.5426,0
1775917980000,5253.6,5255.0,5252.7,5252.7,2.013,1775918159999,10576.0669,374,0,0,0
1775918160000,5252.7,5253.8,5250.1,5252.2,2.007,1775918339999,10539.8978,371,0,0,0
1775918340000,5252.2,5254.4,5252.2,5253.8,1.906,1775918519999,10012.4159,353,0,0,0
1775918520000,5253.8,5255.0,5253.3,5253.3,1.998,1775918699999,10498.5324,374,0,0,0
1775918700000,5253.3,5255.0,5252.7,5253.1,2.023,1775918879999,10628.7728,368,0,0,0
1775918880000,5253.1,5253.5,5252.4,5252.7,1.906,1775919059999,10012.3229,330,0,0,0
1775919060000,5252.7,5271.3,5251.7,5256.2,2.0,1775919239999,10508.9718,374,0.002,10.5426,0
1775919240000,5256.2,5257.0,5255.5,5256.1,2.027,1775919419999,10653.9705,366,0,0,0
1775919420000,5256.1,5257.2,5250.1,5257.2,1.823,1775919599999,9581.5446,343,0,0,0
1775919600000,5257.2,5258.1,5256.3,5257.4,1.747,1775919779999,9184.7435,330,0,0,0
1775919780000,5257.4,5257.4,5253.5,5253.5,1.693,1775919959999,8897.7700,315,0,0,0
1775919960000,5253.5,5254.8,5250.1,5253.2,1.95,1775920139999,10244.0273,346,0,0,0
1775920140000,5253.2,5256.2,5253.1,5254.9,1.939,1775920319999,10186.9487,358,0,0,0
1775920320000,5254.8,5256.6,5252.6,5252.6,1.938,1775920499999,10183.1710,352,0,0,0
1775920500000,5252.6,5253.6,5247.8,5248.2,1.821,1775920679999,9562.9667,366,0,0,0
1775920680000,5248.2,5251.7,5247.8,5251.7,2.007,1775920859999,10535.6010,358,0,0,0
1775920860000,5251.7,5271.3,5249.4,5249.6,1.96,1775921039999,10290.9543,365,0.002,10.5426,0
1775921040000,5249.6,5252.3,5248.9,5251.2,1.923,1775921219999,10097.0738,428,0.457,2400.0059,0
1775921220000,5251.2,5251.3,5247.8,5248.8,1.77,1775921399999,9292.1887,406,0,0,0
1775921400000,5248.8,5250.2,5247.8,5249.9,2.681,1775921579999,14072.3555,352,0,0,0
1775921580000,5249.9,5250.1,5247.7,5247.8,1.803,1775921759999,9463.2309,452,0.009,47.2509,0
1775921760000,5247.8,5248.4,5247.7,5248.3,1.892,1775921939999,9929.1964,352,0,0,0
1775921940000,5248.3,5249.6,5247.8,5249.4,1.998,1775922119999,10486.0239,357,0,0,0
1775922120000,5249.4,5252.3,5249.4,5249.7,2.425,1775922299999,12731.5516,376,0.004,21.0048,0
1775922300000,5249.7,5249.7,5249.4,5249.4,1.956,1775922479999,10267.9720,360,0,0,0
1775922480000,5249.4,5250.3,5249.4,5249.4,2.042,1775922659999,10719.6402,369,0,0,0
1775922660000,5249.4,5252.9,5249.4,5252.6,2.013,1775922839999,10569.9119,418,0.058,304.6658,0
1775922840000,5252.6,5252.9,5252.5,5252.7,1.933,1775923019999,10153.3678,387,0.075,393.9675,0
1775923020000,5252.7,5252.7,5250.9,5250.9,1.825,1775923199999,9584.2713,361,0,0,0
1775923200000,5251.5,5271.3,5250.4,5250.4,2.442,1775923379999,12839.2425,331,0.733,3863.8261,0
1775923380000,5250.4,5251.5,5250.1,5250.6,1.831,1775923559999,9613.4834,365,0.006,31.5090,0
1775923560000,5250.6,5271.3,5250.6,5250.8,1.873,1775923739999,9835.5695,436,0.109,572.5423,0
1775923740000,5251.3,5252.6,5250.3,5251.0,1.688,1775923919999,8863.4929,320,0.005,26.2596,0
1775923920000,5251.0,5251.0,5247.7,5247.7,1.678,1775924099999,8807.4536,342,0,0,0
1775924100000,5247.7,5250.1,5247.7,5248.8,1.543,1775924279999,8098.7826,336,0,0,0
1775924280000,5248.8,5249.8,5248.8,5249.8,1.619,1775924459999,8498.7952,278,0,0,0
1775924460000,5249.8,5271.3,5249.8,5251.5,1.14,1775924639999,5986.6053,208,0.004,21.0665,0
1775924640000,5251.5,5252.7,5251.3,5252.7,1.662,1775924819999,8727.9450,311,0,0,0
1775924820000,5252.7,5253.1,5251.3,5253.0,1.499,1775924999999,7873.4827,263,0,0,0
1775925000000,5253.0,5253.8,5252.2,5252.2,1.248,1775925179999,6555.7477,223,0,0,0
1775925180000,5252.2,5252.9,5251.0,5251.0,1.556,1775925359999,8172.4386,316,0,0,0
1775925360000,5251.0,5252.0,5249.1,5249.2,1.339,1775925539999,7030.4563,303,0,0,0
1775925540000,5249.1,5250.3,5246.4,5246.4,1.282,1775925719999,6728.2151,251,0,0,0
1775925720000,5246.4,5246.5,5243.8,5244.7,1.53,1775925899999,8024.3523,276,0,0,0
1775925900000,5244.7,5247.9,5243.7,5247.3,1.148,1775926079999,6020.9592,209,0,0,0
1775926080000,5247.3,5251.2,5247.3,5249.5,0.651,1775926259999,3416.5196,127,0.027,141.7449,0
1775926260000,5249.7,5249.7,5247.4,5247.4,1.861,1775926439999,9766.9823,359,0.005,26.2485,0
1775926440000,5247.4,5248.2,5247.3,5247.7,2.044,1775926619999,10726.8034,376,0,0,0
1775926620000,5247.7,5247.8,5245.1,5245.1,2.101,1775926799999,11022.6557,409,0,0,0
1775926800000,5245.1,5246.1,5245.1,5245.7,1.962,1775926979999,10291.5337,401,0,0,0
1775926980000,5245.7,5246.1,5245.1,5246.0,2.169,1775927159999,11377.6459,439,0,0,0
1775927160000,5246.0,5249.7,5246.0,5247.4,2.072,1775927339999,10871.3820,376,0.004,20.9988,0
1775927340000,5247.4,5247.9,5247.2,5247.2,2.176,1775927519999,11418.5503,389,0,0,0
1775927520000,5247.2,5247.2,5245.8,5246.2,2.054,1775927699999,10775.4538,407,0,0,0
1775927700000,5246.2,5249.0,5246.2,5248.1,1.906,1775927879999,10001.6710,364,0,0,0
1775927880000,5248.0,5251.2,5247.7,5248.2,2.044,1775928059999,10726.7259,365,0.002,10.5009,0
1775928060000,5248.3,5249.8,5248.2,5249.8,1.939,1775928239999,10177.8821,445,0.422,2215.4156,0
1775928240000,5249.8,5249.8,5248.8,5248.9,2.139,1775928419999,11228.1324,409,0.155,813.7190,0
1775928420000,5248.9,5248.9,5248.5,5248.5,2.172,1775928599999,11399.9677,441,0,0,0
1775928600000,5248.5,5249.3,5247.9,5247.9,2.157,1775928779999,11321.2549,395,0,0,0
1775928780000,5247.9,5247.9,5247.4,5247.8,2.009,1775928959999,10542.2724,396,0,0,0
1775928960000,5247.8,5247.8,5247.2,5247.4,2.03,1775929139999,10652.6142,373,0,0,0
1775929140000,5247.4,5249.8,5247.4,5248.3,1.9,1775929319999,9971.2310,365,0.002,10.4996,0
1775929320000,5248.3,5248.3,5248.2,5248.3,1.814,1775929499999,9520.3465,345,0,0,0
1775929500000,5248.3,5252.4,5248.3,5252.4,1.819,1775929679999,9551.2156,521,0.506,2656.8893,0
1775929680000,5252.4,5252.4,5250.9,5251.3,2.104,1775929859999,11049.4738,398,0.028,147.0672,0
1775929860000,5251.3,5251.8,5250.8,5251.4,2.079,1775930039999,10917.5876,378,0,0,0
1775930040000,5251.4,5251.6,5250.9,5251.6,2.037,1775930219999,10696.8551,371,0,0,0
1775930220000,5251.6,5252.5,5251.2,5252.4,2.097,1775930399999,11012.6850,381,0.013,68.2823,0
1775930400000,5252.4,5252.6,5252.4,5252.6,1.894,1775930579999,9948.2618,459,0.221,1160.8137,0
1775930580000,5252.6,5252.6,5247.2,5252.5,1.865,1775930759999,9795.4994,420,0.130,682.8380,0
1775930760000,5252.5,5252.6,5250.9,5251.4,2.018,1775930939999,10598.2525,427,0.127,667.0802,0
1775930940000,5251.4,5251.7,5250.5,5250.6,1.519,1775931119999,7976.5276,289,0,0,0
1775931120000,5250.6,5251.1,5247.2,5250.7,1.644,1775931299999,8632.2497,316,0,0,0
1775931300000,5250.6,5253.2,5250.4,5252.7,1.384,1775931479999,7268.2413,278,0.074,388.7020,0
1775931480000,5252.7,5252.9,5251.8,5251.8,1.612,1775931659999,8467.2100,397,0.126,661.8650,0
1775931660000,5251.8,5252.8,5251.8,5252.3,1.374,1775931839999,7216.6080,262,0,0,0
1775931840000,5252.3,5253.1,5252.3,5252.8,1.436,1775932019999,7542.7891,338,0.267,1402.5357,0
1775932020000,5252.8,5253.2,5252.3,5252.6,1.575,1775932199999,8273.0958,281,0.022,115.5683,0
1775932200000,5252.6,5252.6,5247.1,5247.1,1.192,1775932379999,6258.9861,262,0,0,0
1775932380000,5247.1,5247.1,5240.6,5240.6,1.438,1775932559999,7540.6377,279,0,0,0
1775932560000,5240.6,5271.3,5231.8,5231.8,1.597,1775932739999,8360.0058,197,0.014,73.4370,0
1775932740000,5231.8,5235.2,5227.8,5228.4,1.721,1775932919999,9002.0265,246,0.475,2486.7200,0
1775932920000,5228.5,5229.2,5227.4,5227.4,2.075,1775933099999,10848.6083,403,0,0,0
1775933100000,5227.4,5227.4,5223.6,5225.3,174.355,1775933279999,910924.9013,514,0.352,1839.0127,0
1775933280000,5225.3,5226.0,5220.5,5220.9,508.539,1775933459999,2655638.5069,646,0.530,2768.5703,0
1775933460000,5220.9,5221.5,5220.0,5220.1,17.576,1775933639999,91752.7509,527,1.066,5565.3078,0
1775933640000,5220.1,5221.8,5220.0,5221.8,2.09,1775933819999,10911.2223,488,1.892,9877.6505,0
1775933820000,5221.8,5223.6,5220.0,5222.7,2.259,1775933999999,11798.4522,436,1.631,8518.7598,0
1775934000000,5222.7,5222.7,5216.2,5216.2,540.605,1775934179999,2821229.5976,670,0.353,1841.6599,0
1775934180000,5216.2,5217.1,5213.1,5213.1,209.41,1775934359999,1091875.9973,590,0.944,4923.6014,0
1775934360000,5213.1,5213.1,5207.9,5208.9,228.434,1775934539999,1190367.1337,503,0.466,2427.8056,0
1775934540000,5208.9,5210.4,5207.6,5207.6,2.057,1775934719999,10715.4168,433,1.040,5417.9366,0
1775934720000,5208.1,5208.1,5206.1,5207.4,2.069,1775934899999,10773.0434,394,0,0,0
1775934900000,5207.4,5207.4,5201.6,5201.6,2.046,1775935079999,10647.1584,388,0,0,0
1775935080000,5202.1,5210.4,5201.6,5208.1,1.967,1775935259999,10237.5910,363,0.006,31.2624,0
1775935260000,5208.1,5208.6,5206.4,5208.0,3.792,1775935439999,19748.1908,377,0,0,0
1775935440000,5208.0,5208.0,5203.3,5203.8,2.014,1775935619999,10485.9273,412,0,0,0
1775935620000,5203.8,5210.4,5201.1,5201.5,2.125,1775935799999,11055.8463,395,0.014,72.8772,0
1775935800000,5201.5,5201.9,5192.4,5196.7,1.905,1775935979999,9898.5933,392,0,0,0
1775935980000,5196.4,5202.3,5194.3,5202.2,2.002,1775936159999,10411.1078,366,0,0,0
1775936160000,5202.2,5210.4,5192.4,5196.8,2.127,1775936339999,11058.9454,389,0.008,41.6832,0
1775936340000,5196.3,5196.3,5195.7,5196.2,2.059,1775936519999,10698.7852,381,0,0,0
1775936520000,5196.2,5196.4,5192.4,5196.4,2.036,1775936699999,10579.2116,475,0.580,3013.7224,0
1775936700000,5196.4,5199.5,5196.0,5198.9,1.942,1775936879999,10094.2009,440,0.469,2437.7419,0
1775936880000,5198.9,5210.4,5192.4,5198.9,1.992,1775937059999,10356.4498,380,0.008,41.6069,0
1775937060000,5198.9,5202.1,5198.9,5201.1,2.013,1775937239999,10467.9922,371,0,0,0
1775937240000,5201.1,5201.5,5201.1,5201.2,2.142,1775937419999,11141.2854,375,0,0,0
1775937420000,5201.2,5210.4,5192.4,5200.6,1.739,1775937599999,9044.1849,322,0.006,31.2624,0
1775937600000,5200.5,5210.4,5192.4,5202.5,1.348,1775937779999,7008.0406,254,0.030,156.3120,0
1775937780000,5202.5,5203.9,5192.4,5202.4,1.775,1775937959999,9233.0561,367,0.080,416.3120,0
1775937960000,5202.9,5210.4,5192.4,5203.7,1.514,1775938139999,7879.2836,250,0.249,1297.3639,0
1775938140000,5203.7,5210.4,5202.7,5203.4,1.124,1775938319999,5849.4194,210,0.049,255.3096,0
1775938320000,5203.4,5205.5,5203.4,5203.8,1.244,1775938499999,6474.2377,230,0,0,0
1775938500000,5203.8,5203.8,5199.7,5200.4,1.224,1775938679999,6366.8484,223,0,0,0
1775938680000,5200.4,5210.4,5192.4,5204.2,1.605,1775938859999,8347.8185,300,0.006,31.2624,0
1775938860000,5204.2,5204.2,5202.3,5203.3,1.076,1775939039999,5598.8785,263,0.004,20.8152,0
1775939040000,5203.3,5206.8,5203.3,5206.4,1.586,1775939219999,8255.0949,464,0.407,2118.6868,0
1775939220000,5206.4,5206.8,5192.4,5205.1,0.927,1775939399999,4825.5625,174,0.004,20.8272,0
1775939400000,5205.1,5212.9,5205.1,5212.9,1.607,1775939579999,8371.5377,307,0.723,3767.6218,0
1775939580000,5212.9,5214.8,5212.6,5214.8,1.993,1775939759999,10391.7143,382,1.335,6960.8605,0
1775939760000,5214.8,5216.7,5214.5,5215.2,1.962,1775939939999,10233.2451,381,0.795,4146.8519,0
1775939940000,5215.2,5216.4,5215.2,5215.2,2.008,1775940119999,10473.6656,371,1.253,6535.9916,0
1775940120000,5215.2,5216.6,5214.7,5216.6,2.027,1775940299999,10572.9759,478,1.788,9326.5917,0
1775940300000,5216.6,5216.6,5214.2,5214.9,2.151,1775940479999,11219.3332,465,0.449,2342.1474,0
1775940480000,5215.0,5215.0,5192.4,5207.7,1.958,1775940659999,10201.9230,358,0.091,474.3598,0
1775940660000,5207.7,5210.6,5207.7,5210.6,2.101,1775940839999,10944.5042,386,1.357,7069.4518,0
1775940840000,5210.6,5210.6,5208.1,5209.5,2.017,1775941019999,10507.4431,400,0.492,2563.6152,0
1775941020000,5209.5,5210.2,5208.0,5208.8,7.431,1775941199999,38708.6239,413,3.671,19125.4289,0
1775941200000,5208.8,5213.2,5208.8,5213.2,356.06,1775941379999,1855250.5592,595,355.974,1854802.4820,0
1775941380000,5213.2,5213.6,5208.6,5209.6,154.462,1775941559999,804827.0411,487,0.283,1474.7055,0
1775941560000,5209.7,5211.0,5208.6,5210.3,76.008,1775941739999,396036.5603,476,74.788,389680.7108,0
1775941740000,5210.3,5211.6,5209.7,5211.0,14.191,1775941919999,73954.3596,386,12.621,65773.7189,0
1775941920000,5211.0,5211.7,5210.1,5211.4,1.942,1775942099999,10119.5911,385,0.004,20.8468,0
1775942100000,5211.4,5211.7,5210.5,5210.5,46.674,1775942279999,243196.1578,487,0.526,2741.3542,0
1775942280000,5210.5,5211.6,5210.3,5211.4,28.071,1775942459999,146277.1475,399,26.624,138737.4966,0
1775942460000,5211.4,5212.6,5210.5,5212.6,348.051,1775942639999,1813866.0773,514,347.843,1812782.2770,0
1775942640000,5212.6,5213.1,5212.3,5212.4,29.189,1775942819999,152157.9729,452,28.260,147315.4395,0
1775942820000,5212.4,5213.1,5211.3,5212.5,3.606,1775942999999,18795.7640,342,0.063,328.4253,0
1775943000000,5212.5,5213.8,5212.4,5213.8,24.078,1775943179999,125531.1238,325,22.981,119812.7208,0
1775943180000,5213.8,5214.0,5212.5,5213.5,13.361,1775943359999,69644.9949,242,0.485,2528.6816,0
1775943360000,5213.5,5215.6,5213.5,5215.0,1.244,1775943539999,6487.4880,264,0.792,4130.2681,0
1775943540000,5215.0,5215.6,5215.0,5215.6,1.387,1775943719999,7233.7045,282,1.272,6633.9599,0
1775943720000,5215.6,5216.6,5214.9,5216.6,1.222,1775943899999,6373.9408,263,0.495,2582.1369,0
1775943900000,5216.6,5217.9,5212.5,5214.7,1.783,1775944079999,9299.5116,287,0.866,4518.1350,0
1775944080000,5214.7,5215.9,5212.5,5214.8,1.34,1775944259999,6988.5423,241,0.630,3285.8165,0
1775944260000,5214.8,5215.1,5212.5,5214.3,1.383,1775944439999,7211.9993,260,0.866,4516.0634,0
1775944440000,5214.3,5215.6,5214.2,5215.6,1.315,1775944619999,6857.2159,280,0.539,2810.9742,0
1775944620000,5215.6,5217.7,5215.3,5217.7,1.371,1775944799999,7151.1983,270,1.118,5831.7156,0
1775944800000,5217.7,5217.7,5214.2,5215.6,1.822,1775944979999,9503.0741,354,1.028,5362.0041,0
1775944980000,5215.6,5215.7,5214.7,5214.7,2.023,1775945159999,10551.0800,542,1.629,8496.2631,0
1775945160000,5214.8,5214.8,5212.0,5212.0,105.303,1775945339999,549013.6149,483,0.126,656.8404,0
1775945340000,5212.0,5212.6,5210.9,5211.0,81.861,1775945519999,426606.7193,486,0.857,4466.9101,0
1775945520000,5211.0,5212.4,5211.0,5212.2,2.221,1775945699999,11575.7392,408,1.246,6494.5430,0
1775945700000,5212.2,5212.2,5205.9,5205.9,226.586,1775945879999,1180301.3296,710,0.296,1541.2311,0
1775945880000,5205.9,5207.6,5205.9,5205.9,41.524,1775946059999,216218.3251,513,39.925,207893.3788,0
1775946060000,5205.9,5206.2,5204.5,5204.5,2.207,1775946239999,11488.0471,462,0,0,0
1775946240000,5204.4,5208.3,5204.0,5207.7,41.977,1775946419999,218607.7082,424,40.726,212096.2036,0
1775946420000,5207.4,5208.3,5205.6,5206.1,44.216,1775946599999,230190.3735,443,36.907,192139.8382,0
1775946600000,5206.1,5207.1,5205.3,5205.3,138.479,1775946779999,721001.0832,551,137.517,715993.1884,0
1775946780000,5205.3,5207.5,5205.3,5205.9,33.26,1775946959999,173176.4527,443,6.537,34040.7414,0
1775946960000,5205.9,5216.8,5205.3,5216.8,1179.877,1775947139999,6146835.3855,702,1169.404,6092317.1137,0
1775947140000,5216.8,5216.8,5214.0,5214.2,86.518,1775947319999,451215.3925,459,2.296,11977.1438,0
1775947320000,5214.2,5215.8,5213.5,5213.9,29.73,1775947499999,155035.1099,428,26.633,138887.6180,0
1775947500000,5213.9,5214.7,5212.8,5212.8,16.431,1775947679999,85681.2419,396,15.001,78225.7126,0
1775947680000,5212.8,5214.0,5212.1,5214.0,1.913,1775947859999,9971.9121,360,0.054,281.5128,0
1775947860000,5214.0,5214.7,5213.1,5214.7,1.882,1775948039999,9812.5675,357,0.062,323.3114,0
1775948040000,5214.7,5217.3,5214.7,5217.2,86.244,1775948219999,449802.7089,452,85.588,446380.8683,0
1775948220000,5217.2,5217.4,5216.3,5216.4,34.244,1775948399999,178638.3663,473,0.670,3495.5964,0
1775948400000,5216.4,5216.7,5215.2,5215.2,88.23,1775948579999,460206.4997,433,0.377,1966.5059,0
1775948580000,5215.2,5218.2,5215.2,5218.2,560.514,1775948759999,2923615.8080,538,560.008,2920976.6206,0
1775948760000,5218.2,5222.6,5218.2,5222.2,173.466,1775948939999,905462.6981,554,173.211,904131.0371,0
1775948940000,5222.2,5224.5,5222.2,5223.1,49.181,1775949119999,256913.1726,420,48.165,251606.2664,0
1775949120000,5223.1,5224.5,5223.1,5224.4,1.915,1775949299999,10004.3228,359,0.014,73.1430,0
1775949300000,5224.4,5225.0,5223.4,5225.0,75.285,1775949479999,393342.6896,539,73.732,385230.5555,0
1775949480000,5225.0,5225.6,5225.0,5225.6,33.727,1775949659999,176229.7687,399,33.396,174500.1944,0
1775949660000,5225.6,5225.7,5224.5,5224.5,29.903,1775949839999,156240.1945,411,4.390,22940.4050,0
1775949840000,5224.5,5225.7,5223.4,5224.5,136.865,1775950019999,715055.9083,385,91.964,480483.0788,0
1775950020000,5224.5,5224.7,5223.8,5223.8,6.272,1775950199999,32764.8160,420,0.462,2413.8044,0
1775950200000,5223.8,5224.3,5222.6,5223.6,358.013,1775950379999,1870122.8974,504,0.328,1713.5347,0
1775950380000,5223.6,5223.7,5222.3,5222.3,92.246,1775950559999,481761.2133,431,0.528,2758.1136,0
1775950560000,5222.3,5223.1,5221.3,5223.0,38.059,1775950739999,198734.6377,467,0.554,2893.1715,0
1775950740000,5223.0,5223.1,5222.2,5222.2,2.065,1775950919999,10785.4056,378,1.122,5860.3182,0
1775950920000,5222.2,5223.7,5222.2,5223.7,2.084,1775951099999,10884.5074,450,1.688,8816.5162,0
1775951100000,5223.7,5224.3,5221.9,5224.2,2.15,1775951279999,11230.1840,578,1.307,6827.3109,0
1775951280000,5224.2,5224.5,5223.8,5223.8,2.1,1775951459999,10970.5221,420,0.778,4064.5070,0
1775951460000,5224.1,5224.7,5223.5,5224.7,17.441,1775951639999,91113.4924,458,16.660,87033.6844,0
1775951640000,5224.7,5224.7,5223.9,5224.6,2.028,1775951819999,10595.1196,444,1.227,6410.5405,0
1775951820000,5224.6,5224.6,5222.9,5223.8,243.538,1775951999999,1272111.0540,585,0.316,1650.6727,0
1775952000000,5223.8,5224.7,5218.6,5218.6,1.961,1775952179999,10240.8700,398,0.582,3040.6550,0
1775952180000,5218.6,5223.7,5216.7,5220.3,2.043,1775952359999,10663.2244,387,0,0,0
1775952360000,5220.3,5222.7,5220.3,5222.6,2.036,1775952539999,10630.8653,378,0,0,0
1775952540000,5222.6,5224.7,5222.6,5223.2,1.944,1775952719999,10154.1243,372,0.002,10.4494,0
1775952720000,5223.2,5224.7,5223.2,5224.4,1.918,1775952899999,10019.6768,359,0.002,10.4494,0
1775952900000,5224.4,5224.7,5222.4,5222.4,454.847,1775953079999,2375920.8966,712,0.041,214.2127,0
1775953080000,5222.4,5222.4,5221.1,5221.5,49.635,1775953259999,259175.8116,467,0.437,2281.9942,0
1775953260000,5221.5,5225.2,5221.1,5225.2,36.523,1775953439999,190698.8572,400,1.759,9188.5808,0
1775953440000,5225.2,5226.9,5225.2,5226.9,2.192,1775953619999,11455.7941,412,1.291,6747.0904,0
1775953620000,5226.9,5227.0,5221.1,5224.6,2.101,1775953799999,10978.8620,423,0.721,3768.4982,0
1775953800000,5224.6,5227.2,5224.6,5227.2,2.061,1775953979999,10771.1617,393,1.663,8691.5769,0
1775953980000,5227.2,5227.2,5226.2,5226.6,1.913,1775954159999,9999.2224,389,1.292,6753.5424,0
1775954160000,5226.6,5227.3,5225.3,5227.3,1.795,1775954339999,9382.0564,385,1.400,7317.6986,0
1775954340000,5227.3,5231.5,5227.3,5231.5,1.959,1775954519999,10245.0541,405,1.959,10245.0541,0
1775954520000,5231.5,5231.5,5227.4,5227.6,1.848,1775954699999,9664.3774,338,1.371,7170.7454,0
1775954700000,5227.6,5228.7,5225.3,5228.3,2.081,1775954879999,10880.0064,377,0.853,4459.6986,0
1775954880000,5228.3,5228.3,5227.1,5227.3,1.8,1775955059999,9410.6359,333,0,0,0
1775955060000,5227.3,5227.3,5226.6,5226.6,1.475,1775955239999,7709.8538,277,0,0,0
1775955240000,5226.6,5227.2,5225.7,5226.5,1.608,1775955419999,8404.4933,303,0,0,0
1775955420000,5226.5,5226.6,5225.3,5225.9,1.442,1775955599999,7535.8394,259,0,0,0
1775955600000,5225.9,5225.9,5222.5,5222.6,1.18,1775955779999,6163.6120,248,0,0,0
1775955780000,5222.6,5224.0,5222.6,5223.7,1.45,1775955959999,7573.2667,406,0.268,1399.8331,0
1775955960000,5223.7,5228.7,5221.1,5223.8,1.499,1775956139999,7832.8993,287,0.237,1238.9558,0
1775956140000,5223.8,5224.9,5223.1,5224.6,1.139,1775956319999,5950.2174,234,0.666,3479.4041,0
1775956320000,5224.6,5224.7,5223.4,5223.5,1.605,1775956499999,8383.9813,288,0,0,0
1775956500000,5223.5,5225.0,5223.5,5223.8,1.269,1775956679999,6629.6187,215,0.442,2309.4355,0
1775956680000,5223.8,5225.3,5223.4,5224.2,0.902,1775956859999,4712.3722,168,0.442,2309.3483,0
1775956860000,5224.2,5224.2,5224.0,5224.1,2.021,1775957039999,10557.8608,366,1.542,8055.5622,0
1775957040000,5224.1,5226.3,5221.1,5225.5,2.105,1775957219999,10998.6325,435,1.613,8427.7341,0
1775957220000,5225.5,5226.3,5221.1,5226.3,2.231,1775957399999,11658.8045,394,0.296,1546.9848,0
1775957400000,5226.3,5227.8,5221.1,5227.6,2.284,1775957579999,11938.3949,462,2.136,11164.8388,0
1775957580000,5227.6,5230.1,5221.1,5224.6,1.718,1775957759999,8980.9296,306,0.884,4622.1126,0
1775957760000,5225.3,5230.6,5221.1,5229.9,1.758,1775957939999,9190.6545,326,0.301,1574.3324,0
1775957940000,5229.9,5235.2,5221.1,5235.2,2.758,1775958119999,14420.9317,367,1.656,8665.8597,0
1775958120000,5235.2,5241.7,5221.1,5241.4,1.685,1775958299999,8826.2494,318,0.879,4602.5710,0
1775958300000,5241.4,5242.9,5234.1,5241.7,1.78,1775958479999,9329.3769,353,0.485,2542.5387,0
1775958480000,5241.7,5244.3,5221.1,5244.3,14.935,1775958659999,78303.9679,336,14.001,73407.4824,0
1775958660000,5244.3,5250.0,5221.1,5249.3,34.251,1775958839999,179663.8209,412,33.706,176804.2691,0
1775958840000,5249.3,5250.9,5245.3,5250.9,2.002,1775959019999,10507.8221,368,0.523,2745.9519,0
1775959020000,5250.9,5253.6,5221.1,5253.6,23.201,1775959199999,121845.1791,405,22.626,118825.7085,0
1775959200000,5253.6,5256.9,5221.1,5256.9,16.687,1775959379999,87716.1268,390,16.090,84579.2488,0
1775959380000,5256.9,5258.5,5256.6,5256.9,48.482,1775959559999,254900.1099,401,47.070,247477.4581,0
1775959560000,5256.6,5256.6,5254.0,5254.0,277.172,1775959739999,1456692.2340,519,0.559,2937.6741,0
1775959740000,5253.7,5254.9,5251.3,5253.5,383.861,1775959919999,2016377.9498,567,0.648,3404.1157,0
1775959920000,5253.5,5254.5,5251.2,5253.2,2.03,1775960099999,10664.4945,374,0.358,1880.9386,0
1775960100000,5253.2,5253.6,5250.1,5250.3,1.797,1775960279999,9437.1144,370,0,0,0
1775960280000,5250.3,5254.5,5248.6,5249.8,1.986,1775960459999,10426.0334,375,0.033,173.3985,0
1775960460000,5249.8,5250.8,5248.7,5249.3,1.866,1775960639999,9796.1320,344,0,0,0
1775960640000,5249.5,5251.5,5249.0,5250.3,1.952,1775960819999,10248.2655,369,0,0,0
1775960820000,5250.3,5254.5,5249.9,5251.9,2.11,1775960999999,11080.9303,398,0.002,10.5090,0
1775961000000,5251.9,5253.5,5250.2,5253.0,2.044,1775961179999,10734.8077,371,0,0,0
1775961180000,5253.3,5253.4,5250.4,5251.1,2.163,1775961359999,11359.6617,374,0,0,0
1775961360000,5251.1,5252.6,5250.7,5251.9,1.766,1775961539999,9274.4911,384,0.040,210.0780,0
1775961540000,5251.9,5251.9,5250.3,5251.6,1.495,1775961719999,7850.3447,366,0.197,1034.5217,0
1775961720000,5251.6,5253.8,5251.4,5252.6,1.82,1775961899999,9560.0071,410,0.537,2820.6731,0
1775961900000,5252.6,5252.8,5251.4,5251.9,2.077,1775962079999,10908.4497,370,0,0,0
1775962080000,5251.9,5254.5,4987.5,5250.6,1827.554,1775962259999,9581584.9214,617,0.103,541.2079,0
1775962260000,5250.6,5253.4,5249.3,5251.0,2.031,1775962439999,10665.5802,387,0,0,0
1775962440000,5251.0,5251.0,5248.7,5248.7,46.008,1775962619999,241505.6181,545,0.351,1842.9192,0
1775962620000,5248.7,5249.1,4985.6,5249.1,2970.043,1775962799999,15561088.8474,688,2.329,12224.5211,0
1775962800000,5249.1,5249.2,5247.6,5249.2,2.142,1775962979999,11242.9019,472,1.266,6645.2683,0
1775962980000,5249.2,5251.5,5247.6,5251.5,1.993,1775963159999,10463.0757,435,1.723,9045.9282,0
1775963160000,5251.5,5252.1,5247.6,5249.2,1.876,1775963339999,9850.0620,378,0.525,2757.1594,0
1775963340000,5248.8,5252.1,5248.0,5250.1,1.708,1775963519999,8965.2558,334,0.013,68.2573,0
1775963520000,5250.1,5251.9,5247.6,5248.8,2.04,1775963699999,10707.5152,375,0,0,0
1775963700000,5248.8,5250.0,5247.6,5249.1,1.932,1775963879999,10140.1646,389,0.029,152.2399,0
1775963880000,5249.1,5250.0,5246.6,5247.0,2.045,1775964059999,10731.4148,451,0.030,157.4676,0
1775964060000,5247.0,5247.0,5242.6,5242.6,2.09,1775964239999,10960.7310,410,0,0,0
1775964240000,5242.6,5245.3,5242.6,5244.0,2.078,1775964419999,10897.6821,373,0,0,0
1775964420000,5244.0,5244.3,5243.7,5243.7,2.033,1775964599999,10660.9935,410,0,0,0
1775964600000,5243.7,5252.1,5242.1,5242.1,2.012,1775964779999,10550.1985,411,0.045,236.3325,0
1775964780000,5242.1,5245.9,5241.2,5241.5,1.92,1775964959999,10065.1478,371,0,0,0
1775964960000,5241.5,5246.2,5241.5,5244.0,1.949,1775965139999,10221.1753,379,0.051,267.5082,0
1775965140000,5244.0,5247.7,5244.0,5245.6,1.96,1775965319999,10282.2489,392,0.053,278.1221,0
1775965320000,5245.7,5247.2,5244.3,5246.2,2.066,1775965499999,10838.0157,389,0,0,0
1775965500000,5246.2,5246.9,5245.2,5245.7,1.956,1775965679999,10260.9860,376,0,0,0
1775965680000,5245.7,5246.9,5245.7,5246.0,1.881,1775965859999,9868.6226,343,0,0,0
1775965860000,5246.0,5246.7,5243.0,5245.0,1.919,1775966039999,10065.9594,357,0,0,0
1775966040000,5245.0,5245.6,5241.3,5242.1,1.799,1775966219999,9433.3384,379,0,0,0
1775966220000,5242.1,5245.7,5242.0,5244.1,1.637,1775966399999,8582.4038,299,0,0,0
1775966400000,5244.1,5252.1,5243.5,5246.6,1.641,1775966579999,8607.3600,333,0.018,94.5246,0
1775966580000,5246.6,5248.6,5245.6,5246.6,1.696,1775966759999,8898.2548,327,0,0,0
1775966760000,5246.6,5247.4,5245.3,5247.0,2.017,1775966939999,10581.3438,374,0,0,0
1775966940000,5247.0,5247.0,5242.9,5242.9,2.157,1775967119999,11313.0672,437,0,0,0
1775967120000,5242.9,5245.6,5242.7,5244.1,2.077,1775967299999,10892.0487,387,0,0,0
1775967300000,5244.1,5252.1,5243.9,5244.1,2.049,1775967479999,10746.9155,380,0.001,5.2521,0
1775967480000,5244.1,5246.1,5243.4,5244.9,2.049,1775967659999,10746.9246,390,0,0,0
1775967660000,5244.9,5245.6,5243.5,5244.4,2.101,1775967839999,11018.1296,382,0,0,0
1775967840000,5244.4,5246.0,5243.8,5245.0,2.007,1775968019999,10527.1197,379,0,0,0
1775968020000,5245.0,5247.0,5243.4,5244.1,1.969,1775968199999,10326.2893,364,0,0,0
1775968200000,5244.1,5252.1,5243.1,5245.9,1.892,1775968379999,9923.8596,355,0.001,5.2521,0
1775968380000,5245.9,5248.9,5245.2,5248.7,2.003,1775968559999,10509.1131,347,0,0,0
1775968560000,5248.7,5248.9,5247.8,5247.9,2.162,1775968739999,11346.8831,388,0,0,0
1775968740000,5247.9,5249.4,5246.8,5248.8,1.992,1775968919999,10454.5411,390,0.048,251.9441,0
1775968920000,5248.8,5248.8,5244.5,5244.5,2.134,1775969099999,11195.2910,499,0,0,0
1775969100000,5244.5,5244.8,5242.5,5243.7,2.04,1775969279999,10697.4876,396,0,0,0
1775969280000,5243.7,5246.0,5243.1,5244.7,2.154,1775969459999,11297.5369,390,0,0,0
1775969460000,5244.7,5246.1,5242.2,5242.6,2.069,1775969639999,10850.0404,391,0,0,0
1775969640000,5242.6,5243.2,5240.0,5240.0,2.234,1775969819999,11710.2391,425,0,0,0
1775969820000,5240.0,5241.7,5239.4,5241.7,2.071,1775969999999,10853.1227,415,0,0,0
1775970000000,5241.7,5244.7,5239.7,5244.5,2.074,1775970179999,10871.1880,376,0,0,0
1775970180000,5243.8,5245.7,5242.5,5244.5,2.168,1775970359999,11368.6520,395,0,0,0
1775970360000,5244.6,5246.6,5243.3,5246.6,2.143,1775970539999,11238.5972,405,0,0,0
1775970540000,5246.6,5247.2,5244.5,5244.7,2.156,1775970719999,11310.0799,422,0,0,0
1775970720000,5244.9,5247.8,5244.9,5245.6,2.007,1775970899999,10528.9705,358,0,0,0
1775970900000,5245.6,5248.7,5245.6,5247.5,1.682,1775971079999,8825.4762,305,0,0,0
1775971080000,5247.5,5247.6,5245.6,5247.6,1.543,1775971259999,8095.6845,286,0,0,0
1775971260000,5247.6,5250.0,5247.6,5250.0,1.705,1775971439999,8950.1445,413,0.413,2168.2004,0
1775971440000,5250.0,5250.0,5249.3,5250.0,1.982,1775971619999,10405.1101,474,0.443,2325.7500,0
1775971620000,5250.0,5250.5,5249.5,5250.2,2.022,1775971799999,10616.1358,517,0.509,2672.4519,0
1775971800000,5250.2,5250.5,5249.9,5250.5,1.921,1775971979999,10085.8615,503,0.572,3003.2860,0
1775971980000,5250.5,5252.1,5250.0,5251.9,1.898,1775972159999,9966.3693,398,0.250,1312.8192,0
1775972160000,5251.9,5252.2,5251.5,5252.2,1.968,1775972339999,10335.9829,419,1.475,7746.8480,0
1775972340000,5252.2,5252.6,5251.3,5251.6,1.879,1775972519999,9868.7603,379,0.971,5099.9885,0
1775972520000,5251.6,5253.1,5251.0,5252.5,1.935,1775972699999,10163.3339,422,1.381,7253.7229,0
1775972700000,5252.5,5253.5,5252.1,5252.6,1.896,1775972879999,9958.9512,359,0.391,2054.1041,0
1775972880000,5252.6,5255.4,5250.3,5255.4,1.825,1775973059999,9589.4511,374,1.618,8501.9739,0
1775973060000,5255.4,5256.8,5244.5,5255.7,1.959,1775973239999,10296.2035,423,1.111,5839.3014,0
1775973240000,5255.7,5255.8,5244.5,5254.2,1.93,1775973419999,10139.0309,411,0.653,3430.6130,0
1775973420000,5254.2,5255.1,5244.5,5255.1,2.159,1775973599999,11343.1693,447,1.468,7713.1428,0
1775973600000,5255.1,5255.2,5244.5,5253.0,2.117,1775973779999,11123.6916,431,1.095,5754.0342,0
1775973780000,5253.0,5253.3,5244.5,5248.7,2.021,1775973959999,10612.6494,434,0.401,2105.7690,0
1775973960000,5248.8,5252.1,5244.5,5251.0,2.14,1775974139999,11236.8881,404,1.206,6332.7905,0
1775974140000,5251.0,5251.0,5244.5,5251.0,2.021,1775974319999,10611.1171,414,1.452,7623.9137,0
1775974320000,5251.0,5251.9,5244.5,5251.7,2.108,1775974499999,11069.3595,385,0.794,4169.7723,0
1775974500000,5251.7,5255.2,5251.5,5255.2,2.133,1775974679999,11204.8509,406,1.663,8736.6457,0
1775974680000,5255.2,5255.2,5253.4,5253.4,2.033,1775974859999,10681.9171,421,0.485,2548.2861,0
1775974860000,5253.4,5253.7,5253.4,5253.4,1.788,1775975039999,9393.5043,587,1.302,6840.3156,0
1775975040000,5253.4,5253.6,5251.9,5251.9,1.893,1775975219999,9943.5649,536,0.378,1985.7782,0
1775975220000,5251.9,5251.9,5248.5,5249.0,1.941,1775975399999,10188.5355,390,0.459,2409.3191,0
1775975400000,5249.0,5250.3,5247.8,5249.5,1.811,1775975579999,9506.2596,416,0.592,3107.6484,0
1775975580000,5249.5,5249.9,5248.9,5249.5,1.868,1775975759999,9806.1336,349,0.589,3092.0700,0
1775975760000,5249.5,5251.3,5249.4,5251.3,1.841,1775975939999,9666.0656,378,1.562,8201.2182,0
1775975940000,5251.3,5252.7,5251.3,5252.2,1.71,1775976119999,8980.9801,332,1.464,7689.0203,0
1775976120000,5251.7,5252.6,5251.7,5251.7,1.823,1775976299999,9574.3438,420,0.499,2620.8659,0
1775976300000,5251.7,5252.7,5251.7,5252.4,20.176,1775976479999,105969.4783,486,18.744,98448.6706,0
1775976480000,5252.4,5252.4,5251.5,5251.5,2.046,1775976659999,10745.2125,399,0,0,0
1775976660000,5251.5,5251.5,5250.1,5250.6,1.995,1775976839999,10474.9487,389,0,0,0
1775976840000,5250.6,5252.9,5250.4,5250.8,15.555,1775977019999,81703.3633,480,14.130,74220.6656,0
1775977020000,5250.8,5251.2,5250.1,5250.1,2.082,1775977199999,10931.2969,411,0.588,3087.3748,0
1775977200000,5250.1,5250.8,5250.1,5250.1,83.573,1775977379999,438798.3442,495,81.689,428906.9605,0
1775977380000,5250.1,5250.9,5249.9,5250.9,2.096,1775977559999,11005.1278,433,0.759,3985.3652,0
1775977560000,5250.9,5252.2,5250.4,5251.1,2.078,1775977739999,10911.6792,404,0.940,4936.2749,0
1775977740000,5251.2,5251.9,5250.1,5250.1,2.007,1775977919999,10538.1849,376,0,0,0
1775977920000,5250.1,5252.3,5250.1,5252.3,1.818,1775978099999,9546.2246,395,0.498,2615.1963,0
1775978100000,5252.3,5252.8,5251.0,5252.8,1.836,1775978279999,9643.0017,346,1.067,5604.3329,0
1775978280000,5252.8,5254.0,5252.8,5253.8,2.119,1775978459999,11132.1308,473,1.179,6193.8988,0
1775978460000,5253.8,5254.8,5253.5,5254.8,42.161,1775978639999,221533.0664,497,41.851,219904.3818,0
1775978640000,5254.8,5255.0,5254.1,5254.7,7.1,1775978819999,37307.1625,466,1.112,5843.2041,0
1775978820000,5254.1,5256.9,5254.1,5256.9,50.845,1775978999999,267222.6352,535,50.697,266444.8695,0
1775979000000,5256.8,5258.5,5256.6,5258.5,28.123,1775979179999,147865.9118,409,27.611,145174.3090,0
1775979180000,5258.5,5260.0,5258.3,5259.8,24.093,1775979359999,126696.6293,432,23.269,122362.7766,0
1775979360000,5259.8,5261.1,5259.4,5261.1,58.214,1775979539999,306213.9255,440,57.503,302473.8849,0
1775979540000,5261.1,5261.1,5259.1,5260.1,57.609,1775979719999,303006.8207,454,0.387,2035.6444,0
1775979720000,5260.1,5262.2,5259.6,5261.8,38.146,1775979899999,200691.6718,455,37.470,197135.0054,0
1775979900000,5261.8,5261.9,5260.8,5261.9,1.999,1775980079999,10517.3647,371,0,0,0
1775980080000,5261.7,5261.7,5260.1,5260.2,2.005,1775980259999,10547.7004,389,0,0,0
1775980260000,5260.4,5260.7,5259.1,5259.9,2.116,1775980439999,11129.6944,381,0,0,0
1775980440000,5259.9,5260.7,5258.4,5259.2,2.162,1775980619999,11371.6824,393,0,0,0
1775980620000,5259.6,5261.5,5259.1,5259.1,2.16,1775980799999,11362.2350,401,0,0,0
1775980800000,5260.8,5262.2,5259.1,5262.2,1.965,1775980979999,10338.0737,340,0.131,689.3482,0
1775980980000,5262.2,5262.2,5260.5,5261.1,1.821,1775981159999,9580.3644,344,0.008,42.0976,0
1775981160000,5261.1,5262.5,5260.6,5261.1,1.942,1775981339999,10218.1212,363,0.142,747.2540,0
1775981340000,5261.1,5262.5,5260.6,5261.5,2.191,1775981519999,11527.5652,408,0.045,236.8125,0
1775981520000,5261.5,5262.2,5260.4,5261.6,2.07,1775981699999,10891.0278,384,0,0,0
1775981700000,5261.6,5261.7,5259.8,5261.4,2.135,1775981879999,11231.7007,464,0,0,0
1775981880000,5261.4,5261.5,5259.5,5259.5,2.04,1775982059999,10730.7530,434,0,0,0
1775982060000,5259.5,5259.7,5258.3,5259.7,1.979,1775982239999,10408.0647,358,0,0,0
1775982240000,5259.7,5259.8,5258.3,5258.3,1.886,1775982419999,9919.4525,370,0,0,0
1775982420000,5258.3,5259.5,5258.0,5258.5,2.159,1775982599999,11353.6767,410,0,0,0
1775982600000,5258.0,5259.7,5257.7,5259.1,2.046,1775982779999,10758.6702,413,0,0,0
1775982780000,5259.1,5259.9,5258.3,5259.7,2.143,1775982959999,11270.7941,419,0,0,0
1775982960000,5259.7,5262.9,5259.7,5262.4,37.004,1775983139999,194738.1812,444,35.128,184868.8929,0
1775983140000,5262.4,5263.5,5262.2,5263.5,34.776,1775983319999,183012.1640,433,17.833,93853.5137,0
1775983320000,5263.5,5263.5,5261.8,5261.8,307.372,1775983499999,1617657.0096,595,0.688,3621.2880,0
1775983500000,5261.8,5261.8,5259.1,5260.2,135.092,1775983679999,710624.1450,571,0.519,2729.7502,0
1775983680000,5260.3,5260.3,5259.7,5260.3,1.952,1775983859999,10267.7622,360,1.094,5754.5983,0
1775983860000,5260.3,5261.3,5259.1,5261.1,2.15,1775984039999,11310.1509,452,1.131,5949.9883,0
1775984040000,5261.1,5261.9,5258.9,5260.4,25.15,1775984219999,132268.2336,483,1.259,6623.9912,0
1775984220000,5260.4,5261.1,5260.4,5260.7,2.31,1775984399999,12152.2777,429,1.128,5934.1530,0
1775984400000,5260.7,5260.7,5258.7,5258.7,23.76,1775984579999,124953.1619,401,14.043,73852.8421,0
1775984580000,5258.7,5260.5,5257.3,5260.5,65.321,1775984759999,343525.2749,465,44.048,231668.5316,0
1775984760000,5260.5,5260.8,5257.3,5258.2,20.253,1775984939999,106536.9023,413,12.506,65790.2155,0
1775984940000,5258.2,5259.9,5257.1,5259.9,1.913,1775985119999,10058.4608,347,0,0,0
1775985120000,5259.9,5259.9,5257.0,5257.0,1.668,1775985299999,8770.3852,322,0,0,0
1775985300000,5257.0,5258.3,5257.0,5257.7,1.777,1775985479999,9342.4147,332,0,0,0
1775985480000,5257.8,5257.8,5256.8,5256.8,1.879,1775985659999,9877.8545,480,0,0,0
1775985660000,5256.8,5257.0,5255.9,5256.1,1.851,1775985839999,9729.7626,347,0,0,0
1775985840000,5256.1,5256.3,5255.7,5256.3,2.037,1775986019999,10706.5430,380,0,0,0
1775986020000,5256.3,5258.8,5256.3,5257.5,1.962,1775986199999,10316.3562,421,0,0,0
1775986200000,5257.5,5257.5,5254.6,5255.0,2.008,1775986379999,10553.1584,410,0,0,0
1775986380000,5255.0,5257.7,5254.8,5257.7,1.881,1775986559999,9888.0781,351,0,0,0
1775986560000,5257.7,5257.7,5256.5,5256.5,1.961,1775986739999,10309.1764,357,0,0,0
1775986740000,5256.5,5258.2,5256.2,5257.1,2.179,1775986919999,11455.2609,383,0,0,0
1775986920000,5257.0,5257.7,5254.6,5257.2,2.131,1775987099999,11202.7314,388,0,0,0
1775987100000,5257.2,5257.2,5254.6,5254.6,2.117,1775987279999,11127.4396,392,0,0,0
1775987280000,5254.6,5255.0,5253.8,5254.6,2.045,1775987459999,10745.6984,382,0,0,0
1775987460000,5254.6,5254.6,5250.6,5252.1,2.133,1775987639999,11202.4644,427,0,0,0
1775987640000,5252.1,5253.0,5250.8,5251.2,2.175,1775987819999,11422.5962,418,0,0,0
1775987820000,5251.5,5251.5,5250.4,5250.4,2.174,1775987999999,11415.2393,425,0,0,0
1775988000000,5250.4,5260.8,5248.5,5248.5,2.25,1775988179999,11814.9121,388,0.189,994.2912,0
1775988180000,5248.5,5249.0,5248.5,5248.8,2.018,1775988359999,10591.6870,380,0,0,0
1775988360000,5248.8,5249.8,5248.5,5249.1,2.226,1775988539999,11684.2926,448,0,0,0
1775988540000,5249.1,5249.2,5248.5,5248.5,2.106,1775988719999,11054.1702,375,0,0,0
1775988720000,5248.5,5249.2,5248.5,5248.8,3.548,1775988899999,18622.2167,415,0,0,0
1775988900000,5248.8,5248.8,5248.5,5248.5,2.058,1775989079999,10801.9027,502,0,0,0
1775989080000,5248.5,5248.6,5248.5,5248.5,1.949,1775989259999,10229.4050,580,0,0,0
1775989260000,5248.5,5248.5,5245.3,5245.3,2.187,1775989439999,11474.1431,479,0,0,0
1775989440000,5245.3,5245.4,5245.3,5245.3,2.111,1775989619999,11072.8353,509,0,0,0
1775989620000,5245.3,5260.8,5242.8,5242.8,3.59,1775989799999,18851.4560,414,1.555,8180.5440,0
1775989800000,5242.7,5244.9,5242.4,5242.6,1.898,1775989979999,9951.0138,363,0,0,0
1775989980000,5242.5,5246.3,5242.4,5243.5,1.786,1775990159999,9364.3602,326,0,0,0
1775990160000,5243.5,5244.4,5242.5,5242.9,1.507,1775990339999,7901.5493,300,0,0,0
1775990340000,5242.5,5243.9,5242.2,5243.7,1.762,1775990519999,9237.6768,331,0,0,0
1775990520000,5242.7,5243.3,5241.8,5241.8,1.732,1775990699999,9079.9801,337,0,0,0
1775990700000,5241.8,5243.1,5241.3,5242.1,1.913,1775990879999,10028.3592,358,0,0,0
1775990880000,5242.1,5243.3,5241.6,5241.6,1.933,1775991059999,10133.1701,368,0,0,0
1775991060000,5241.6,5249.0,5241.4,5249.0,1.833,1775991239999,9611.0713,370,0,0,0
1775991240000,5249.0,5258.2,5247.5,5256.9,1.732,1775991419999,9100.3564,336,0,0,0
1775991420000,5256.9,5258.2,5254.4,5254.4,1.949,1775991599999,10243.2312,396,0.062,325.8898,0
1775991600000,5254.4,5256.8,5254.3,5254.3,1.906,1775991779999,10015.7004,394,0.004,21.0256,0
1775991780000,5254.3,5258.7,5254.3,5256.1,1.908,1775991959999,10029.3418,386,0,0,0
1775991960000,5256.1,5256.2,5254.3,5254.8,1.951,1775992139999,10252.8519,361,0,0,0
1775992140000,5254.8,5256.8,5254.3,5256.8,1.85,1775992319999,9723.7255,366,0,0,0
1775992320000,5256.9,5256.9,5253.4,5253.4,1.987,1775992499999,10441.2510,396,0,0,0
1775992500000,5253.5,5253.5,5250.0,5250.0,2.106,1775992679999,11061.7807,383,0,0,0
1775992680000,5250.0,5260.8,5248.5,5249.5,6.533,1775992859999,34346.1566,393,4.558,23978.7264,0
1775992860000,5249.5,5252.4,5249.5,5252.1,1.93,1775993039999,10134.3145,364,0,0,0
1775993040000,5252.1,5252.7,5251.8,5251.8,2.127,1775993219999,11171.4830,410,0,0,0
1775993220000,5251.8,5251.8,5249.6,5250.3,2.125,1775993399999,11157.1902,393,0,0,0
1775993400000,5250.3,5251.9,5249.9,5251.8,2.467,1775993579999,12953.0617,381,0,0,0
1775993580000,5251.8,5251.9,5247.9,5247.9,2.021,1775993759999,10608.3623,435,0,0,0
1775993760000,5247.9,5247.9,5246.4,5246.4,2.165,1775993939999,11360.5091,467,0,0,0
1775993940000,5246.4,5247.1,5246.4,5246.4,1.818,1775994119999,9538.3368,344,0,0,0
1775994120000,5246.4,5246.6,5245.6,5245.6,1.914,1775994299999,10040.7319,450,0,0,0
1775994300000,5245.6,5245.6,5245.4,5245.4,1.827,1775994479999,9583.4630,362,0,0,0
1775994480000,5245.4,5246.1,5245.4,5245.4,1.844,1775994659999,9672.7517,334,0,0,0
1775994660000,5245.4,5245.6,5245.0,5245.1,1.871,1775994839999,9813.7142,403,0,0,0
1775994840000,5245.2,5245.3,5244.9,5244.9,1.899,1775995019999,9960.5899,332,0,0,0
1775995020000,5244.9,5245.1,5244.0,5244.0,1.871,1775995199999,9812.1604,379,0,0,0
1775995200000,5244.0,5246.1,5242.3,5242.6,2.714,1775995379999,14230.2453,341,0,0,0
1775995380000,5242.6,5260.8,5242.3,5244.3,2.722,1775995559999,14290.2756,303,1.048,5513.3184,0
1775995560000,5244.3,5260.8,5242.3,5242.4,1.827,1775995739999,9579.7222,337,0.038,199.9104,0
1775995740000,5242.4,5243.0,5240.8,5241.6,1.905,1775995919999,9985.6427,368,0,0,0
1775995920000,5241.6,5242.3,5240.5,5241.8,1.856,1775996099999,9727.9883,362,0,0,0
1775996100000,5241.8,5243.3,5241.7,5242.2,1.868,1775996279999,9792.6042,338,0,0,0
1775996280000,5242.5,5244.7,5242.4,5244.5,1.805,1775996459999,9465.1388,365,0,0,0
1775996460000,5244.5,5245.0,5243.6,5244.8,1.96,1775996639999,10279.3908,388,0,0,0
1775996640000,5244.8,5260.8,5172.8,5244.2,2642.657,1775996819999,13845367.0655,617,0.535,2814.2100,0
1775996820000,5244.2,5244.2,5242.1,5242.7,2.211,1775996999999,11592.9326,510,0,0,0
1775997000000,5242.7,5245.2,5241.7,5244.3,2.2,1775997179999,11534.0482,443,0,0,0
1775997180000,5244.3,5246.3,5242.9,5243.7,2.009,1775997359999,10536.0763,469,0,0,0
1775997360000,5243.7,5244.7,5242.2,5242.2,2.015,1775997539999,10564.8485,385,0,0,0
1775997540000,5242.2,5260.9,5241.4,5241.8,407.669,1775997719999,2136888.0699,555,0.099,520.8212,0
1775997720000,5241.8,5244.9,5240.0,5240.0,1.982,1775997899999,10390.4688,391,0,0,0
1775997900000,5240.0,5241.6,5239.4,5240.1,2.047,1775998079999,10726.7472,424,0,0,0
1775998080000,5240.1,5242.7,5238.5,5238.7,1.982,1775998259999,10384.6611,417,0,0,0
1775998260000,5238.7,5242.4,5236.8,5237.7,1.991,1775998439999,10430.5432,392,0,0,0
1775998440000,5237.7,5239.9,5236.9,5238.5,2.048,1775998619999,10728.6112,367,0,0,0
1775998620000,5238.5,5239.5,5238.5,5238.9,1.75,1775998799999,9168.3459,361,0,0,0
1775998800000,5238.9,5239.3,5236.5,5236.5,1.583,1775998979999,8292.3822,348,0,0,0
1775998980000,5236.5,5236.5,5229.6,5233.5,811.639,1775999159999,4246796.7158,510,0,0,0
1775999160000,5233.5,5236.4,5233.4,5236.4,1.885,1775999339999,9868.1222,357,0,0,0
1775999340000,5236.4,5239.0,5235.2,5235.2,1.927,1775999519999,10091.3592,373,0,0,0
1775999520000,5235.2,5236.9,5234.8,5236.7,2.017,1775999699999,10561.0399,365,0,0,0
1775999700000,5236.7,5236.7,5234.7,5234.7,2.054,1775999879999,10754.0655,436,0,0,0
1775999880000,5234.7,5235.6,5233.3,5234.1,2.103,1776000059999,11008.2997,408,0,0,0
1776000060000,5234.1,5234.5,5233.4,5234.5,2.11,1776000239999,11043.5129,366,0,0,0
1776000240000,5234.7,5260.9,5232.1,5233.0,1.841,1776000419999,9636.4603,356,0.038,199.9142,0
1776000420000,5233.0,5233.9,5232.3,5233.6,1.932,1776000599999,10110.4887,387,0,0,0
1776000600000,5233.6,5237.1,5233.6,5236.3,2.074,1776000779999,10858.4747,433,0,0,0
1776000780000,5236.3,5236.3,5235.0,5235.0,1.945,1776000959999,10182.2281,358,0,0,0
1776000960000,5235.0,5236.9,5234.0,5235.8,1.933,1776001139999,10119.6287,409,0,0,0
1776001140000,5235.8,5237.2,5235.0,5235.8,1.785,1776001319999,9346.3566,338,0,0,0
1776001320000,5235.8,5235.9,5234.1,5234.1,1.845,1776001499999,9658.4946,341,0,0,0
1776001500000,5234.1,5236.6,5234.1,5236.4,1.952,1776001679999,10218.8992,355,0,0,0
1776001680000,5236.4,5237.8,5234.4,5237.3,2.075,1776001859999,10864.0838,366,0,0,0
1776001860000,5237.3,5240.0,5234.0,5239.4,6.096,1776002039999,31914.6623,360,0,0,0
1776002040000,5239.4,5240.4,5239.4,5239.7,1.957,1776002219999,10254.3174,346,0,0,0
1776002220000,5239.7,5240.3,5238.1,5238.1,1.994,1776002399999,10446.3482,357,0,0,0
1776002400000,5238.1,5260.9,5238.1,5238.6,1.995,1776002579999,10454.4231,363,0.019,99.9571,0
1776002580000,5238.6,5240.2,5237.4,5240.2,1.839,1776002759999,9635.0877,341,0,0,0
1776002760000,5240.2,5241.2,5239.7,5239.8,1.713,1776002939999,8976.3002,330,0,0,0
1776002940000,5239.8,5241.4,5239.5,5241.3,1.764,1776003119999,9243.3214,323,0,0,0
1776003120000,5241.3,5242.2,5240.5,5241.9,1.972,1776003299999,10336.1433,352,0,0,0
1776003300000,5241.9,5243.7,5241.7,5241.7,2.029,1776003479999,10637.9053,368,0,0,0
1776003480000,5241.7,5242.7,5240.6,5240.7,1.815,1776003659999,9512.7853,342,0,0,0
1776003660000,5240.7,5241.6,5239.6,5239.7,1.766,1776003839999,9253.4942,340,0,0,0
1776003840000,5239.7,5241.2,5239.7,5240.5,1.999,1776004019999,10476.0912,370,0,0,0
1776004020000,5240.2,5240.7,5240.2,5240.6,2.018,1776004199999,10575.4928,359,0,0,0
1776004200000,5240.6,5244.6,5240.6,5244.6,1.977,1776004379999,10364.3509,375,0,0,0
1776004380000,5244.6,5246.6,5234.0,5244.7,2.096,1776004559999,10993.7702,376,0,0,0
1776004560000,5244.7,5246.1,5243.6,5243.6,1.947,1776004739999,10211.0733,371,0,0,0
1776004740000,5243.7,5244.7,5242.3,5243.6,1.848,1776004919999,9690.3884,334,0,0,0
1776004920000,5243.6,5246.5,5243.1,5246.4,1.863,1776005099999,9771.2434,349,0,0,0
1776005100000,5246.4,5246.4,5242.0,5242.0,1.947,1776005279999,10212.5694,347,0,0,0
1776005280000,5241.6,5245.5,5241.2,5244.8,1.903,1776005459999,9977.2837,351,0,0,0
1776005460000,5244.8,5244.8,5239.9,5242.9,1.981,1776005639999,10383.7303,355,0,0,0
1776005640000,5242.9,5243.0,5237.6,5238.5,1.705,1776005819999,8935.7796,327,0,0,0
1776005820000,5238.4,5238.5,5237.7,5237.8,1.878,1776005999999,9836.6211,337,0,0,0
1776006000000,5237.8,5240.4,5237.7,5240.3,1.321,1776006179999,6921.6288,259,0,0,0
1776006180000,5240.3,5240.6,5240.3,5240.3,0.991,1776006359999,5193.3544,195,0,0,0
1776006360000,5240.4,5240.4,5238.5,5238.5,1.439,1776006539999,7539.8012,265,0,0,0
1776006540000,5238.5,5239.0,5237.8,5238.0,1.404,1776006719999,7354.5774,265,0,0,0
1776006720000,5237.8,5242.7,5237.7,5242.4,1.179,1776006899999,6177.6860,212,0,0,0
1776006900000,5242.0,5243.3,5241.5,5243.3,1.562,1776007079999,8188.8324,290,0,0,0
1776007080000,5243.3,5243.6,5243.3,5243.5,1.027,1776007259999,5385.0045,182,0,0,0
1776007260000,5243.5,5243.6,5241.9,5242.8,1.126,1776007439999,5903.8003,213,0,0,0
1776007440000,5242.8,5242.8,5241.5,5241.9,1.427,1776007619999,7480.2435,251,0,0,0
1776007620000,5241.9,5242.4,5241.3,5242.4,1.42,1776007799999,7443.2516,261,0,0,0
1776007800000,5242.4,5242.7,5239.2,5242.7,0.604,1776007979999,3165.6507,115,0,0,0
1776007980000,5242.7,5242.7,5240.6,5242.5,1.677,1776008159999,8791.3773,315,0,0,0
1776008160000,5242.5,5242.5,5234.0,5241.5,2.857,1776008339999,14967.6820,371,0,0,0
1776008340000,5241.5,5243.7,5240.5,5240.5,1.937,1776008519999,10154.4146,369,0,0,0
1776008520000,5240.5,5242.7,5240.5,5242.7,1.935,1776008699999,10142.9886,353,0,0,0
1776008700000,5242.7,5243.4,5242.1,5242.3,1.946,1776008879999,10202.0154,348,0,0,0
1776008880000,5242.3,5242.9,5242.1,5242.9,1.878,1776009059999,9845.4030,359,0,0,0
1776009060000,5242.9,5242.9,5239.5,5240.6,1.878,1776009239999,9843.0749,352,0,0,0
1776009240000,5240.6,5241.7,5239.0,5241.1,1.821,1776009419999,9542.9110,349,0,0,0
1776009420000,5241.1,5241.1,5240.0,5240.0,1.995,1776009599999,10453.9756,369,0,0,0
1776009600000,5240.6,5260.9,5234.0,5240.8,2.761,1776009779999,14491.1356,328,0.952,5008.3768,0
1776009780000,5240.8,5241.8,5239.0,5241.4,1.972,1776009959999,10334.7011,368,0,0,0
1776009960000,5241.4,5241.4,5240.5,5240.5,1.902,1776010139999,9968.6649,368,0,0,0
1776010140000,5240.5,5240.6,5239.8,5239.8,2.055,1776010319999,10768.8704,365,0,0,0
1776010320000,5239.8,5239.9,5238.9,5238.9,1.849,1776010499999,9687.8367,343,0,0,0
1776010500000,5238.9,5239.8,5238.8,5239.8,1.958,1776010679999,10258.1991,371,0,0,0
1776010680000,5239.8,5240.2,5239.7,5240.2,2.055,1776010859999,10768.3401,463,0.267,1399.1334,0
1776010860000,5240.2,5240.3,5239.8,5239.9,1.855,1776011039999,9720.1586,454,0.241,1262.9108,0
1776011040000,5239.9,5240.3,5239.9,5239.9,1.886,1776011219999,9882.6792,382,0.216,1131.9048,0
1776011220000,5240.0,5240.9,5239.9,5239.9,1.92,1776011399999,10061.0852,400,0.250,1310.1752,0
1776011400000,5239.9,5240.5,5239.9,5239.9,1.849,1776011579999,9688.6789,357,0,0,0
1776011580000,5239.9,5240.0,5239.9,5240.0,2.062,1776011759999,10804.8520,358,0,0,0
1776011760000,5240.0,5241.3,5240.0,5240.8,1.995,1776011939999,10454.4874,405,0.124,649.9192,0
1776011940000,5240.8,5240.8,5240.1,5240.5,1.983,1776012119999,10391.8493,380,0,0,0
1776012120000,5240.5,5240.6,5239.0,5239.0,2.034,1776012299999,10657.7784,495,0,0,0
1776012300000,5239.0,5240.5,5239.0,5240.3,1.834,1776012479999,9610.0814,351,0,0,0
1776012480000,5240.3,5240.5,5238.3,5238.3,2.126,1776012659999,11140.9850,368,0,0,0
1776012660000,5238.3,5238.3,5236.6,5237.4,1.739,1776012839999,9107.4180,447,0,0,0
1776012840000,5237.4,5237.4,5236.5,5237.0,1.795,1776013019999,9399.9802,454,0,0,0
1776013020000,5237.0,5237.9,5237.0,5237.7,1.978,1776013199999,10359.7634,374,0,0,0
1776013200000,5237.7,5238.0,5237.3,5237.4,1.919,1776013379999,10050.7704,349,0,0,0
1776013380000,5237.4,5237.5,5234.0,5235.7,1.912,1776013559999,10011.8418,343,0,0,0
1776013560000,5235.7,5236.2,5234.0,5235.7,2.078,1776013739999,10879.8324,364,0,0,0
1776013740000,5235.7,5236.2,5235.6,5236.1,1.913,1776013919999,10016.1732,363,0,0,0
1776013920000,5236.1,5237.4,5236.1,5237.4,1.945,1776014099999,10185.9051,359,0,0,0
1776014100000,5237.4,5237.4,5236.1,5236.1,1.999,1776014279999,10468.6386,359,0,0,0
1776014280000,5236.1,5236.1,5233.6,5233.6,2.14,1776014459999,11201.7458,399,0,0,0
1776014460000,5233.6,5235.0,5233.5,5234.3,1.965,1776014639999,10286.0596,504,0.846,4428.6479,0
1776014640000,5234.3,5236.3,5234.0,5236.3,2.03,1776014819999,10627.6200,535,1.241,6497.4925,0
1776014820000,5236.3,5236.8,5235.5,5236.1,2.114,1776014999999,11068.9192,386,0.065,340.3605,0
1776015000000,5236.1,5236.1,5230.7,5230.7,2.116,1776015179999,11074.1720,460,0,0,0
1776015180000,5230.6,5233.5,5230.2,5233.4,2.079,1776015359999,10876.1955,430,0,0,0
1776015360000,5233.4,5260.9,5231.7,5231.7,17.184,1776015539999,89909.7708,455,0.523,2737.7737,0
1776015540000,5231.7,5232.8,5231.7,5231.7,35.39,1776015719999,185152.9438,473,19.468,101853.6236,0
1776015720000,5231.7,5232.3,5231.5,5232.3,96.179,1776015899999,503193.6259,588,64.961,339870.4569,0
1776015900000,5232.3,5233.6,5232.3,5233.3,71.184,1776016079999,372498.6699,579,71.090,372006.7397,0
1776016080000,5233.3,5233.6,5232.3,5232.6,46.914,1776016259999,245476.0572,453,37.427,195836.0253,0
1776016260000,5232.6,5232.6,5228.1,5228.1,1.79,1776016439999,9361.8452,343,0.126,659.3076,0
1776016440000,5228.1,5228.5,5227.6,5228.1,2.02,1776016619999,10560.7457,377,0,0,0
1776016620000,5228.1,5228.1,5226.8,5228.1,1.893,1776016799999,9895.1193,461,0,0,0
1776016800000,5228.1,5228.4,4966.4,5227.4,2714.485,1776016979999,14172988.3795,608,0,0,0
1776016980000,5227.4,5227.4,5226.7,5226.7,2.034,1776017159999,10631.6896,478,0,0,0
1776017160000,5226.7,5227.2,5225.3,5226.4,2.04,1776017339999,10661.0221,388,0,0,0
1776017340000,5226.4,5230.1,5226.4,5229.5,1.851,1776017519999,9679.2087,342,0,0,0
1776017520000,5229.3,5229.3,5226.4,5228.8,1.846,1776017699999,9650.0391,351,0,0,0
1776017700000,5226.4,5229.0,5226.4,5227.0,6.58,1776017879999,34393.1230,349,0,0,0
1776017880000,5227.0,5227.6,5226.0,5227.2,1.908,1776018059999,9972.5921,364,0,0,0
1776018060000,5227.2,5228.4,5227.2,5227.3,2.144,1776018239999,11207.8732,391,0,0,0
1776018240000,5227.3,5229.6,5227.1,5228.1,1.973,1776018419999,10315.3564,408,0,0,0
1776018420000,5228.1,5228.9,5228.1,5228.5,2.185,1776018599999,11423.7248,385,0,0,0
1776018600000,5228.5,5228.9,5228.1,5228.1,2.149,1776018779999,11236.1134,447,0,0,0
1776018780000,5228.1,5232.6,5228.1,5229.3,2.228,1776018959999,11650.0044,389,0.126,659.2074,0
1776018960000,5229.1,5229.1,5227.8,5227.8,2.117,1776019139999,11068.5084,455,0,0,0
1776019140000,5227.7,5227.7,5226.4,5227.6,2.148,1776019319999,11228.0937,393,0,0,0
1776019320000,5227.6,5230.0,5227.6,5229.9,2.104,1776019499999,11001.8777,372,0.004,20.9172,0
1776019500000,5229.9,5230.9,5229.9,5230.0,2.037,1776019679999,10653.7453,397,0,0,0
1776019680000,5229.9,5232.6,5229.9,5232.6,8.098,1776019859999,42371.2657,386,6.064,31730.4864,0
1776019860000,5232.6,5233.0,5231.5,5231.5,1.978,1776020039999,10350.2970,380,0.353,1847.2246,0
1776020040000,5231.5,5233.1,5231.4,5232.8,2.043,1776020219999,10689.1428,439,0.089,465.7457,0
1776020220000,5232.8,5232.8,5231.4,5232.0,2.023,1776020399999,10584.4050,408,0,0,0
1776020400000,5232.0,5233.6,5231.9,5232.4,89.534,1776020579999,468555.2705,428,87.662,458759.2677,0
1776020580000,5232.4,5232.4,5232.1,5232.2,1.985,1776020759999,10386.0126,395,0.033,172.6692,0
1776020760000,5232.2,5232.3,5230.5,5230.5,2.066,1776020939999,10808.1007,441,0,0,0
1776020940000,5230.5,5231.5,5229.9,5230.9,1.902,1776021119999,9948.7010,366,0,0,0
1776021120000,5230.9,5231.3,5230.2,5230.8,2.027,1776021299999,10602.7802,361,0,0,0
1776021300000,5230.8,5232.7,5230.7,5231.5,2.157,1776021479999,11283.8761,389,0.014,73.2551,0
1776021480000,5231.5,5233.0,5231.5,5233.0,1.853,1776021659999,9694.4396,392,0.035,183.1543,0
1776021660000,5233.0,5233.0,5230.9,5230.9,1.917,1776021839999,10030.2935,384,0.005,26.1650,0
1776021840000,5230.9,5232.7,5230.7,5232.2,2.052,1776022019999,10734.9711,382,0,0,0
1776022020000,5232.2,5232.7,5231.4,5231.8,2.151,1776022199999,11253.9842,381,0,0,0
1776022200000,5231.8,5231.8,5231.1,5231.2,1.92,1776022379999,10044.2625,342,0,0,0
1776022380000,5231.2,5231.2,5230.1,5230.1,1.992,1776022559999,10419.3260,528,0.004,20.9244,0
1776022560000,5230.1,5231.2,5229.9,5231.2,6.295,1776022739999,32923.3106,411,0.026,136.0108,0
1776022740000,5231.2,5231.2,5230.4,5230.9,1.771,1776022919999,9263.8824,422,0.346,1809.9952,0
1776022920000,5230.9,5231.1,5230.9,5230.9,2.039,1776023099999,10665.9787,376,0,0,0
1776023100000,5230.9,5232.1,5230.5,5232.0,2.001,1776023279999,10467.8744,437,0.282,1475.2294,0
1776023280000,5232.0,5233.0,5231.4,5233.0,1.98,1776023459999,10359.2656,426,0.200,1046.5535,0
1776023460000,5233.0,5233.7,5232.9,5233.7,2.14,1776023639999,11199.2170,437,0.470,2459.7110,0
1776023640000,5233.7,5233.7,5229.9,5232.4,14.481,1776023819999,75764.6607,376,8.771,45897.2868,0
1776023820000,5232.4,5232.4,5231.2,5231.9,2.157,1776023999999,11284.9677,418,1.145,5990.5947,0
1776024000000,5231.7,5231.9,5229.9,5231.7,1.991,1776024179999,10416.2312,415,0.614,3212.2912,0
1776024180000,5231.7,5231.9,5231.6,5231.8,2.21,1776024359999,11562.1240,431,0.674,3526.2432,0
1776024360000,5231.8,5233.4,5231.8,5233.4,2.055,1776024539999,10752.9489,481,1.456,7618.5276,0
1776024540000,5233.4,5233.7,5232.8,5233.7,2.025,1776024719999,10597.0058,572,0.852,4458.8947,0
1776024720000,5233.7,5234.5,5233.5,5234.3,2.061,1776024899999,10787.5403,579,1.118,5851.6847,0
1776024900000,5234.3,5234.5,5233.3,5233.3,1.959,1776025079999,10253.7172,458,1.177,6161.0036,0
1776025080000,5233.3,5234.4,5233.3,5234.2,2.144,1776025259999,11221.7428,387,1.712,8960.5934,0
1776025260000,5234.2,5234.2,5233.0,5233.9,2.157,1776025439999,11289.1602,484,0,0,0
1776025440000,5233.9,5234.1,5233.2,5233.9,2.192,1776025619999,11472.2216,444,0,0,0
1776025620000,5233.9,5234.4,5232.8,5233.2,2.213,1776025799999,11581.1996,406,0.031,162.2664,0
1776025800000,5233.2,5234.3,5233.2,5234.0,1.956,1776025979999,10236.9840,351,0,0,0
1776025980000,5234.0,5234.0,5232.4,5232.4,1.891,1776026159999,9895.9494,413,0,0,0
1776026160000,5232.4,5232.4,5228.4,5228.6,2.154,1776026339999,11265.7931,447,0,0,0
1776026340000,5228.6,5229.0,5228.4,5228.8,1.979,1776026519999,10347.3018,437,0,0,0
1776026520000,5228.8,5228.8,5222.0,5222.0,1.835,1776026699999,9589.6062,378,0,0,0
1776026700000,5222.0,5224.4,5221.3,5222.7,1.79,1776026879999,9348.3713,353,0,0,0
1776026880000,5222.7,5224.4,5222.7,5224.4,1.929,1776027059999,10076.0023,375,0,0,0
1776027060000,5224.4,5224.5,5223.2,5223.2,1.809,1776027239999,9449.7317,348,0,0,0
1776027240000,5223.2,5225.8,5223.2,5225.4,1.472,1776027419999,7691.0429,282,0,0,0
1776027420000,5225.4,5225.5,5221.8,5221.9,1.903,1776027599999,9939.1705,360,0,0,0
1776027600000,5221.9,5222.9,5221.4,5222.9,1.995,1776027779999,10418.1757,425,0,0,0
1776027780000,5222.9,5227.8,5222.9,5227.7,1.968,1776027959999,10284.0081,372,0,0,0
1776027960000,5227.7,5234.4,5225.5,5225.5,2.012,1776028139999,10517.0797,381,0.019,99.4536,0
1776028140000,5225.5,5225.8,5224.9,5225.6,1.954,1776028319999,10210.5076,473,0,0,0
1776028320000,5225.6,5226.2,5224.9,5224.9,2.07,1776028499999,10816.9473,413,0,0,0
1776028500000,5224.9,5225.9,5224.6,5224.6,2.055,1776028679999,10737.7334,378,0,0,0
1776028680000,5224.6,5226.6,5224.5,5226.6,1.85,1776028859999,9667.1880,367,0,0,0
1776028860000,5226.6,5227.3,5226.1,5226.2,2.099,1776029039999,10970.7000,476,0.175,914.6900,0
1776029040000,5226.2,5227.2,5225.4,5226.7,1.986,1776029219999,10379.8242,460,0.131,684.7589,0
1776029220000,5226.6,5227.9,5225.7,5227.1,2.133,1776029399999,11148.5606,527,0.377,1970.6020,0
1776029400000,5227.1,5228.1,5226.4,5226.4,146.208,1776029579999,764247.2528,456,12.391,64773.7223,0
1776029580000,5226.4,5229.8,5226.4,5229.7,385.383,1776029759999,2014677.1262,564,384.427,2009680.2017,0
1776029760000,5229.7,5229.8,5226.4,5226.4,2.065,1776029939999,10796.9842,422,0.015,78.4470,0
1776029940000,5226.4,5226.5,5225.1,5225.1,2.03,1776030119999,10609.1005,399,0,0,0
1776030120000,5225.1,5227.0,5225.0,5227.0,2.068,1776030299999,10807.0992,394,0,0,0
1776030300000,5227.0,5227.2,5225.0,5225.1,1.957,1776030479999,10226.7610,399,0,0,0
1776030480000,5225.1,5226.9,5224.5,5224.5,2.105,1776030659999,10999.2088,406,0,0,0
1776030660000,5224.5,5227.0,5224.5,5225.4,1.945,1776030839999,10164.9514,377,0,0,0
1776030840000,5225.4,5227.7,5225.3,5226.7,2.016,1776031019999,10536.4868,425,0,0,0
1776031020000,5226.7,5227.3,5225.5,5227.3,2.04,1776031199999,10662.3620,506,0,0,0
1776031200000,5227.3,5231.6,5227.3,5228.1,169.874,1776031379999,888501.5946,404,168.783,882796.2077,0
1776031380000,5228.1,5231.2,5226.5,5230.0,1.77,1776031559999,9255.2774,333,0,0,0
1776031560000,5230.0,5230.0,5227.1,5227.1,2.365,1776031739999,12365.6784,370,0,0,0
1776031740000,5227.1,5229.2,5226.5,5228.8,14.957,1776031919999,78198.1389,431,10.987,57442.6566,0
1776031920000,5228.8,5228.8,5226.8,5228.1,132.107,1776032099999,690620.7170,399,0.258,1348.7931,0
1776032100000,5228.1,5229.7,5227.7,5228.4,1.945,1776032279999,10169.9835,385,1.428,7466.8550,0
1776032280000,5229.2,5230.1,5228.6,5229.2,1.95,1776032459999,10197.3888,462,0.795,4157.6853,0
1776032460000,5229.2,5230.6,5227.0,5227.0,1.918,1776032639999,10029.1818,479,0.761,3980.0205,0
1776032640000,5227.0,5228.1,5227.0,5228.0,1.912,1776032819999,9994.4831,491,0,0,0
1776032820000,5228.0,5228.6,5227.0,5228.6,1.939,1776032999999,10136.6040,446,0,0,0
1776033000000,5228.6,5231.1,5226.8,5231.1,1.994,1776033179999,10427.0571,385,0.670,3504.7173,0
1776033180000,5231.1,5231.2,5227.4,5227.4,1.871,1776033359999,9785.6974,468,0.438,2291.1662,0
1776033360000,5227.4,5228.6,5225.9,5225.9,32.765,1776033539999,171248.2426,472,0.812,4245.2786,0
1776033540000,5225.9,5226.3,5224.0,5224.0,117.733,1776033719999,615155.3529,520,9.321,48709.5186,0
1776033720000,5224.0,5226.3,5224.0,5226.2,95.482,1776033899999,498958.6503,426,94.468,493659.8049,0
1776033900000,5226.2,5226.4,5224.0,5226.4,1.985,1776034079999,10372.7327,372,0.348,1818.7839,0
1776034080000,5226.4,5228.6,5226.4,5228.5,55.312,1776034259999,289108.7761,471,55.202,288533.6411,0
1776034260000,5228.5,5228.5,5226.2,5227.4,236.735,1776034439999,1237422.2799,566,1.203,6288.1570,0
1776034440000,5227.4,5228.4,5227.4,5228.3,2.112,1776034619999,11041.5532,389,1.156,6043.9249,0
1776034620000,5228.3,5228.9,5227.5,5227.9,2.15,1776034799999,11240.2241,432,1.499,7836.9871,0
1776034800000,5227.9,5228.5,5227.0,5228.2,1.96,1776034979999,10246.4806,505,1.214,6346.7100,0
1776034980000,5228.2,5228.5,5227.5,5228.5,2.015,1776035159999,10534.9316,392,0.315,1646.9508,0
1776035160000,5228.5,5228.5,5227.9,5227.9,2.012,1776035339999,10519.1681,550,0.507,2650.8159,0
1776035340000,5227.9,5227.9,5226.2,5226.8,2.133,1776035519999,11148.9863,474,0.184,961.8132,0
1776035520000,5226.8,5228.1,5226.4,5226.9,47.21,1776035699999,246772.7748,430,20.631,107844.8997,0
1776035700000,5226.9,5226.9,5225.5,5225.5,133.19,1776035879999,696085.1825,527,0.394,2059.3986,0
1776035880000,5225.5,5225.5,5224.4,5224.4,15.973,1776036059999,83459.3389,621,0,0,0
1776036060000,5224.4,5224.9,5224.4,5224.6,4.146,1776036239999,21660.6818,390,0.539,2816.1477,0
1776036240000,5224.6,5225.7,5224.6,5225.3,1.954,1776036419999,10210.3546,378,1.473,7696.9793,0
1776036420000,5225.3,5225.7,5224.8,5225.5,1.736,1776036599999,9071.4941,321,1.173,6129.6695,0
1776036600000,5225.3,5225.7,5224.7,5224.8,1.792,1776036779999,9363.0563,328,0.025,130.6425,0
1776036780000,5224.8,5224.8,5224.5,5224.6,1.882,1776036959999,9832.9452,382,0,0,0
1776036960000,5224.6,5225.3,5224.6,5224.9,1.947,1776037139999,10173.0289,357,0,0,0
1776037140000,5224.9,5225.3,5224.8,5225.1,1.964,1776037319999,10262.0238,370,0,0,0
1776037320000,5225.1,5225.3,5225.1,5225.2,2.09,1776037499999,10920.6487,372,0,0,0
1776037500000,5225.2,5226.9,5225.0,5226.9,2.117,1776037679999,11062.9590,427,0.833,4353.4620,0
1776037680000,5226.9,5227.5,5225.9,5226.0,2.079,1776037859999,10866.6031,412,0.592,3094.4923,0
1776037860000,5226.0,5227.5,5224.4,5227.4,2.037,1776038039999,10647.3921,371,0,0,0
1776038040000,5227.4,5229.3,5227.4,5229.2,2.098,1776038219999,10969.3782,422,1.219,6373.7772,0
1776038220000,5229.2,5229.9,5228.9,5229.9,2.046,1776038399999,10699.1563,496,0.587,3069.7738,0
1776038400000,5228.9,5231.3,5224.4,5228.1,2.354,1776038579999,12307.5319,342,0.476,2489.8056,0
1776038580000,5228.1,5228.1,5224.5,5225.7,2.004,1776038759999,10472.8007,358,0,0,0
1776038760000,5225.7,5231.3,5224.4,5231.3,2.023,1776038939999,10577.6955,360,0.244,1276.4372,0
1776038940000,5231.3,5231.3,5229.0,5230.3,1.93,1776039119999,10095.2290,363,0.637,3331.9618,0
1776039120000,5230.3,5231.2,5230.3,5230.6,1.942,1776039299999,10158.0742,370,0.970,5073.9514,0
1776039300000,5230.6,5231.5,5230.6,5231.4,2.039,1776039479999,10666.4490,405,1.855,9703.8714,0
1776039480000,5231.4,5231.5,5229.1,5230.1,1.923,1776039659999,10056.4610,366,0.909,4753.9106,0
1776039660000,5230.1,5231.3,5229.8,5230.0,1.801,1776039839999,9420.3085,350,0.923,4827.7684,0
1776039840000,5230.0,5230.5,5229.2,5229.6,1.775,1776040019999,9283.1679,404,0.979,5120.4315,0
1776040020000,5229.6,5229.9,5228.1,5228.9,1.663,1776040199999,8695.5183,322,0.774,4047.3572,0
1776040200000,5228.9,5229.8,5226.6,5226.8,1.801,1776040379999,9416.2146,340,0.797,4167.5281,0
1776040380000,5226.8,5230.2,5226.8,5230.2,2.025,1776040559999,10588.3033,363,0.723,3781.3071,0
1776040560000,5230.2,5232.7,5230.2,5232.7,2.021,1776040739999,10573.3611,384,1.604,8391.7470,0
1776040740000,5232.7,5234.8,5232.5,5234.8,2.117,1776040919999,11079.0311,384,2.108,11031.9386,0
1776040920000,5234.8,5236.3,5234.8,5235.2,2.036,1776041099999,10659.2672,391,0.554,2900.3306,0
1776041100000,5235.2,5235.2,5234.7,5234.7,2.22,1776041279999,11621.7751,376,1.079,5648.6787,0
1776041280000,5234.7,5234.9,5233.9,5234.8,1.822,1776041459999,9537.3370,350,0.205,1073.1018,0
1776041460000,5234.8,5235.0,5232.1,5232.1,1.838,1776041639999,9620.0582,435,0.648,3392.2189,0
1776041640000,5232.1,5232.8,5231.0,5231.0,1.782,1776041819999,9323.7987,406,0.990,5180.4537,0
1776041820000,5231.0,5231.5,5229.8,5231.5,2.008,1776041999999,10502.3841,533,0.436,2280.6786,0
1776042000000,5231.5,5231.5,5227.3,5227.3,1.967,1776042179999,10285.1828,585,0.093,486.5295,0
1776042180000,5227.3,5228.9,5227.3,5228.9,2.088,1776042359999,10915.9151,443,1.681,8788.4040,0
1776042360000,5228.9,5229.2,5228.9,5229.0,2.088,1776042539999,10918.3059,365,1.206,6306.3267,0
1776042540000,5229.0,5229.1,5228.1,5228.2,1.924,1776042719999,10060.5987,357,1.085,5673.5735,0
1776042720000,5228.2,5228.6,5226.6,5228.6,1.947,1776042899999,10177.7695,449,0.655,3424.0756,0
1776042900000,5228.6,5229.1,5228.0,5228.0,1.954,1776043079999,10216.0911,392,0.502,2624.8639,0
1776043080000,5228.0,5228.0,5228.0,5228.0,1.958,1776043259999,10236.4240,361,0,0,0
1776043260000,5228.0,5228.1,5228.0,5228.0,1.826,1776043439999,9546.3663,368,0,0,0
1776043440000,5228.0,5228.2,5227.7,5228.0,2.108,1776043619999,11020.3901,371,0,0,0
1776043620000,5228.0,5229.1,5226.6,5226.9,2.167,1776043799999,11328.7806,376,0.005,26.1455,0
1776043800000,5226.9,5228.3,5226.5,5228.1,1.861,1776043979999,9728.1150,352,0,0,0
1776043980000,5228.1,5228.2,5225.0,5225.0,1.943,1776044159999,10153.8751,542,0,0,0
1776044160000,5225.0,5225.0,5224.8,5224.9,1.928,1776044339999,10073.5607,642,0,0,0
1776044340000,5224.9,5226.7,5224.9,5225.5,2.021,1776044519999,10560.9814,360,0,0,0
1776044520000,5225.5,5225.9,5224.8,5224.8,2.075,1776044699999,10842.0062,540,0,0,0
1776044700000,5224.8,5224.9,5224.8,5224.8,1.983,1776044879999,10360.7804,663,0,0,0
1776044880000,5224.8,5224.8,5224.8,5224.8,1.792,1776045059999,9362.8416,598,0,0,0
1776045060000,5224.8,5224.8,5224.7,5224.8,1.843,1776045239999,9629.3024,450,0,0,0
1776045240000,5224.8,5224.9,5224.5,5224.6,2.072,1776045419999,10825.6434,502,0,0,0
1776045420000,5224.6,5224.7,5224.5,5224.5,1.986,1776045599999,10375.8939,625,0,0,0
1776045600000,5224.5,5224.9,5223.5,5223.5,1.859,1776045779999,9712.1960,515,0.101,527.7137,0
1776045780000,5223.5,5224.6,5223.5,5224.5,1.98,1776045959999,10343.8806,356,0,0,0
1776045960000,5224.5,5227.3,5224.1,5227.3,1.778,1776046139999,9291.2283,491,0.317,1656.8884,0
1776046140000,5227.3,5227.3,5226.1,5226.1,1.763,1776046319999,9215.4928,525,0.420,2195.4660,0
1776046320000,5226.1,5229.0,5226.1,5228.2,1.793,1776046499999,9373.7664,453,0.113,590.7903,0
1776046500000,5228.2,5229.9,5227.9,5229.8,25.971,1776046679999,135809.9367,358,24.809,129734.2962,0
1776046680000,5229.8,5230.1,5228.3,5230.1,33.925,1776046859999,177403.7242,354,21.241,111077.9299,0
1776046860000,5230.1,5230.5,5230.1,5230.5,38.107,1776047039999,199305.4720,445,37.949,198479.1162,0
1776047040000,5230.5,5230.9,5228.9,5230.2,9.63,1776047219999,50369.1735,489,8.410,43988.9192,0
1776047220000,5230.2,5230.9,5229.8,5230.3,2.11,1776047399999,11035.9071,448,0.142,742.7878,0
1776047400000,5230.3,5231.2,5229.8,5231.2,2.102,1776047579999,10994.8464,467,1.026,5367.0227,0
1776047580000,5231.2,5233.2,5231.2,5233.2,39.619,1776047759999,207284.5973,533,39.619,207284.5973,0
1776047760000,5233.2,5234.5,5233.2,5233.7,32.83,1776047939999,171823.4609,463,32.503,170112.0642,0
1776047940000,5233.7,5235.6,5233.7,5235.6,95.445,1776048119999,499599.7675,565,94.989,497212.9717,0
1776048120000,5235.6,5236.9,5235.6,5236.7,22.354,1776048299999,117046.9638,409,21.792,114104.3442,0
1776048300000,5236.7,5236.7,5235.7,5235.7,29.214,1776048479999,152961.0666,428,0,0,0
1776048480000,5235.7,5236.8,5235.4,5236.4,26.104,1776048659999,136686.2907,443,12.704,66518.6909,0
1776048660000,5236.4,5237.7,5236.4,5237.7,66.542,1776048839999,348482.7907,519,66.512,348325.6967,0
1776048840000,5237.7,5240.6,5237.7,5240.2,155.732,1776049019999,815922.6074,535,155.074,812474.5069,0
1776049020000,5240.2,5240.6,5240.0,5240.0,16.829,1776049199999,88184.2957,375,0.699,3663.0313,0
1776049200000,5240.0,5240.4,5239.8,5240.0,68.088,1776049379999,356772.9352,485,0.934,4894.3109,0
1776049380000,5240.0,5241.9,5240.0,5241.9,1.881,1776049559999,9857.6875,395,1.161,6084.7167,0
1776049560000,5241.9,5242.6,5241.4,5242.6,2.211,1776049739999,11590.4273,415,1.467,7690.6394,0
1776049740000,5242.6,5242.6,5241.7,5242.6,1.9,1776049919999,9960.7446,352,0.837,4388.0538,0
1776049920000,5242.6,5242.6,5242.1,5242.5,1.799,1776050099999,9430.8700,336,1.424,7465.0421,0
1776050100000,5242.5,5243.0,5242.5,5243.0,1.646,1776050279999,8629.5406,420,1.646,8629.5406,0
1776050280000,5243.0,5243.7,5243.0,5243.7,1.626,1776050459999,8525.9921,321,1.096,5746.9581,0
1776050460000,5243.7,5243.7,5243.1,5243.7,1.649,1776050639999,8646.8093,286,1.275,6685.7155,0
1776050640000,5243.7,5243.8,5240.5,5240.7,1.828,1776050819999,9584.2524,495,1.332,6984.3480,0
1776050820000,5240.7,5240.8,5238.5,5238.5,199.542,1776050999999,1045442.3809,466,0,0,0
1776051000000,5238.5,5238.5,5237.0,5237.4,49.987,1776051179999,261839.1401,358,0.205,1073.6823,0
1776051180000,5237.4,5237.7,5237.4,5237.6,36.154,1776051359999,189360.2424,301,35.748,187233.8050,0
1776051360000,5237.6,5237.6,5235.2,5235.2,598.683,1776051539999,3135268.6318,685,0,0,0
1776051540000,5235.2,5235.7,5234.4,5235.7,52.56,1776051719999,275140.1457,452,0.688,3601.8820,0
1776051720000,5235.7,5235.9,5234.2,5234.2,18.702,1776051899999,97891.6701,296,0.080,418.8622,0
1776051900000,5234.2,5234.2,5233.3,5234.0,62.303,1776052079999,326083.7390,376,0.541,2831.4271,0
1776052080000,5234.0,5234.2,5233.9,5234.1,36.631,1776052259999,191728.4759,253,36.398,190508.9417,0
1776052260000,5234.1,5234.5,5234.0,5234.3,50.526,1776052439999,264463.5082,296,50.193,262720.5532,0
1776052440000,5234.3,5234.3,5234.0,5234.2,1.305,1776052619999,6830.6591,354,0.154,806.0640,0
1776052620000,5234.2,5235.4,5234.0,5235.4,18.882,1776052799999,98843.2687,286,18.816,98497.8247,0
1776052800000,5235.4,5235.5,5234.8,5234.8,2.786,1776052979999,14585.4285,196,2.069,10832.0272,0
1776052980000,5234.8,5235.9,5234.8,5235.9,71.855,1776053159999,376177.9783,222,71.757,375664.9679,0
1776053160000,5235.9,5237.5,5235.8,5237.5,159.949,1776053339999,837559.5046,356,159.660,836046.3584,0
1776053340000,5237.5,5237.7,5237.5,5237.7,4.95,1776053519999,25925.8084,512,3.681,19279.2940,0
1776053520000,5237.7,5237.7,5236.4,5236.4,39.35,1776053699999,206072.5295,463,0.352,1843.6704,0
1776053700000,5236.4,5237.0,5236.3,5237.0,71.9,1776053879999,376523.4575,425,68.180,357044.1047,0
1776053880000,5237.0,5237.7,5237.0,5237.7,97.362,1776054059999,509899.6145,421,97.211,509108.7369,0
1776054060000,5237.7,5237.7,5237.0,5237.0,13.063,1776054239999,68413.7822,395,0.972,5090.9274,0
1776054240000,5237.0,5237.7,5237.0,5237.7,2.064,1776054419999,10810.1798,378,1.155,6049.3275,0
1776054420000,5237.7,5237.7,5237.3,5237.6,30.167,1776054599999,157999.7023,471,0.600,3142.5518,0
1776054600000,5237.6,5240.5,5237.6,5240.5,201.054,1776054779999,1053152.8588,698,200.578,1050659.7612,0
1776054780000,5240.5,5240.6,5239.3,5239.7,1.768,1776054959999,9264.6582,314,1.381,7236.9444,0
1776054960000,5239.7,5239.8,5239.3,5239.8,16.094,1776055139999,84323.5741,320,15.422,80802.6318,0
1776055140000,5239.8,5239.8,5238.5,5238.5,408.477,1776055319999,2140045.5629,527,20.139,105524.3322,0
1776055320000,5238.5,5238.5,5237.1,5237.3,93.876,1776055499999,491735.4761,526,0.044,230.4391,0
1776055500000,5237.3,5237.4,5235.9,5237.0,49.777,1776055679999,260686.1826,563,1.077,5639.9613,0
1776055680000,5237.0,5237.0,5236.4,5236.8,2.146,1776055859999,11238.4325,440,1.835,9609.8936,0
1776055860000,5236.8,5241.7,5236.1,5241.7,1.962,1776056039999,10277.5206,459,1.747,9151.6620,0
1776056040000,5241.7,5242.2,5238.1,5238.8,2.123,1776056219999,11124.2118,574,0.190,995.6969,0
1776056220000,5238.8,5240.5,5238.6,5240.5,2.082,1776056399999,10908.9739,372,1.818,9525.9649,0
1776056400000,5240.5,5240.5,5237.6,5237.9,2.017,1776056579999,10567.9058,360,0.811,4249.3344,0
1776056580000,5237.9,5238.4,5236.9,5237.3,2.034,1776056759999,10653.7552,410,0.658,3446.5375,0
1776056760000,5237.3,5238.3,5236.7,5237.2,2.02,1776056939999,10579.8928,417,0.590,3090.3176,0
1776056940000,5237.5,5238.4,5236.6,5238.4,28.425,1776057119999,148889.7117,373,23.164,121333.2337,0
1776057120000,5238.4,5238.4,5238.4,5238.4,1.993,1776057299999,10440.1312,356,1.993,10440.1312,0
1776057300000,5238.4,5239.3,5238.4,5239.3,70.494,1776057479999,369322.3301,672,70.494,369322.3301,0
1776057480000,5239.3,5240.6,5239.3,5240.6,10.555,1776057659999,55308.3225,365,10.468,54852.3990,0
1776057660000,5240.6,5240.6,5237.3,5237.3,652.694,1776057839999,3419381.6529,558,0.610,3196.6668,0
1776057840000,5237.3,5237.3,5236.5,5236.5,63.773,1776058019999,333977.8040,531,0.096,502.7554,0
1776058020000,5236.5,5236.7,5236.0,5236.5,35.912,1776058199999,188042.7782,414,0.380,1989.9328,0
1776058200000,5236.5,5236.7,5235.9,5236.0,2.129,1776058379999,11147.6726,418,0.787,4120.8048,0
1776058380000,5236.0,5236.0,5235.6,5235.9,94.633,1776058559999,495469.9850,533,0.222,1162.3920,0
1776058560000,5235.9,5235.9,5235.4,5235.6,140.372,1776058739999,734925.1047,384,0.522,2732.9806,0
1776058740000,5235.6,5235.7,5235.0,5235.0,54.924,1776058919999,287549.9408,455,31.305,163900.4603,0
1776058920000,5235.0,5235.0,5233.0,5233.1,269.89,1776059099999,1412612.4657,559,1.025,5363.9275,0
1776059100000,5233.1,5233.1,5232.5,5233.1,124.916,1776059279999,653685.0341,599,0.844,4416.7179,0
1776059280000,5233.1,5233.1,5232.3,5233.1,69.405,1776059459999,363185.1981,656,44.247,231546.0184,0
1776059460000,5233.1,5233.5,5231.2,5231.2,21.317,1776059639999,111553.7600,532,20.492,107236.9380,0
1776059640000,5231.2,5231.2,5227.4,5228.8,2.035,1776059819999,10642.4323,393,0,0,0
1776059820000,5228.8,5231.2,5228.8,5229.8,1.595,1776059999999,8342.5436,372,0.048,251.0976,0
1776060000000,5229.8,5229.8,5227.3,5227.4,1.683,1776060179999,8799.3719,284,0,0,0
1776060180000,5227.4,5227.4,5224.0,5224.7,1.834,1776060359999,9584.9648,364,0,0,0
1776060360000,5224.7,5227.1,5224.2,5226.9,1.983,1776060539999,10361.7517,359,0,0,0
1776060540000,5226.9,5227.0,5226.0,5226.0,1.945,1776060719999,10165.2161,373,0,0,0
1776060720000,5226.0,5226.7,5226.0,5226.0,1.979,1776060899999,10342.4785,366,0,0,0
1776060900000,5226.0,5226.5,5226.0,5226.5,1.949,1776061079999,10185.6947,366,0,0,0
1776061080000,5226.5,5226.5,5222.4,5222.4,1.918,1776061259999,10020.0673,382,0.013,67.8977,0
1776061260000,5222.4,5222.4,5222.0,5222.0,2.114,1776061439999,11039.8187,432,0,0,0
1776061440000,5222.0,5222.4,5222.0,5222.1,1.95,1776061619999,10183.0930,437,0.166,866.8944,0
1776061620000,5222.1,5222.2,5221.9,5221.9,2.107,1776061799999,11002.8355,466,0,0,0
1776061800000,5221.9,5223.2,5221.8,5222.2,1.968,1776061979999,10277.5177,473,0.033,172.3426,0
1776061980000,5222.2,5224.0,5222.1,5222.5,2.021,1776062159999,10554.9382,419,0.133,694.7593,0
1776062160000,5222.5,5226.1,5222.5,5226.1,1.855,1776062339999,9690.9999,468,0.477,2492.5527,0
1776062340000,5226.1,5228.1,5223.8,5224.9,2.076,1776062519999,10847.4606,406,0.088,459.8968,0
1776062520000,5224.9,5226.9,5224.9,5225.9,2.08,1776062699999,10869.8491,455,0,0,0
1776062700000,5225.5,5226.3,5223.0,5225.3,2.102,1776062879999,10981.9049,438,0,0,0
1776062880000,5225.3,5225.3,5223.4,5223.4,2.008,1776063059999,10490.9466,497,0,0,0
1776063060000,5223.4,5223.4,5223.0,5223.0,1.878,1776063239999,9808.8899,349,0,0,0
1776063240000,5223.0,5223.4,5222.0,5223.4,1.928,1776063419999,10068.8342,407,0,0,0
1776063420000,5222.8,5223.3,5222.1,5223.0,1.945,1776063599999,10158.3165,393,0,0,0
1776063600000,5223.0,5223.0,5222.0,5222.8,1.861,1776063779999,9719.2678,350,0,0,0
1776063780000,5222.8,5233.5,5222.5,5223.9,1.922,1776063959999,10038.2235,341,0.016,83.7360,0
1776063960000,5223.9,5224.2,5222.8,5222.8,1.942,1776064139999,10144.0067,392,0,0,0
1776064140000,5222.8,5225.4,5222.8,5224.9,1.82,1776064319999,9508.6790,378,0,0,0
1776064320000,5225.1,5225.2,5223.7,5224.1,1.927,1776064499999,10067.6792,383,0,0,0
1776064500000,5223.7,5225.6,5223.2,5225.5,1.716,1776064679999,8964.8627,330,0,0,0
1776064680000,5225.5,5226.9,5225.5,5226.3,1.403,1776064859999,7332.6260,263,0,0,0
1776064860000,5226.3,5227.1,5225.6,5225.6,1.783,1776065039999,9318.9235,358,0,0,0
1776065040000,5226.2,5227.8,5226.1,5226.1,1.766,1776065219999,9230.5638,325,0,0,0
1776065220000,5226.1,5227.7,5225.9,5225.9,1.999,1776065399999,10447.6600,374,0,0,0
1776065400000,5225.9,5226.1,5224.7,5226.1,2.071,1776065579999,10822.2007,401,0,0,0
1776065580000,5226.1,5226.1,5224.9,5225.9,1.996,1776065759999,10430.1772,369,0,0,0
1776065760000,5225.9,5227.1,5225.9,5226.1,1.953,1776065939999,10207.3939,365,0,0,0
1776065940000,5226.2,5228.9,5225.5,5228.3,1.993,1776066119999,10417.9910,364,0.011,57.5179,0
1776066120000,5228.3,5228.8,5226.7,5226.7,2.119,1776066299999,11078.3615,495,0,0,0
1776066300000,5226.7,5228.4,5226.7,5228.4,1.979,1776066479999,10344.8466,462,0.286,1495.1727,0
1776066480000,5228.4,5228.6,5225.0,5225.1,2.115,1776066659999,11053.4265,549,0.081,423.5126,0
1776066660000,5225.1,5227.9,5225.1,5227.2,2.033,1776066839999,10625.8560,375,0,0,0
1776066840000,5227.2,5233.5,5227.1,5229.2,2.057,1776067019999,10754.2228,383,0.016,83.7026,0
1776067020000,5229.2,5233.0,5228.9,5233.0,2.042,1776067199999,10681.1707,373,0,0,0
1776067200000,5233.5,5234.3,5230.4,5231.2,1.785,1776067379999,9341.5136,450,1.313,6871.7758,0
1776067380000,5231.2,5231.2,5069.3,5229.5,976.895,1776067559999,5100327.4747,638,0,0,0
1776067560000,5229.5,5232.0,5229.1,5230.7,2.06,1776067739999,10775.3425,372,0,0,0
1776067740000,5230.7,5230.7,5228.8,5228.8,2.508,1776067919999,13114.4576,363,0,0,0
1776067920000,5228.8,5231.2,5228.6,5231.2,1.85,1776068099999,9675.3045,413,0.327,1710.4849,0
1776068100000,5231.2,5233.3,5231.2,5233.2,1.976,1776068279999,10338.8963,524,1.062,5556.4029,0
1776068280000,5233.2,5234.4,5231.0,5231.1,269.741,1776068459999,1411509.6109,492,0.450,2354.9326,0
1776068460000,5231.1,5232.6,5230.9,5231.9,4.36,1776068639999,22808.2266,390,0.723,3782.6041,0
1776068640000,5231.9,5233.0,5231.7,5233.0,1.784,1776068819999,9334.9200,341,0.994,5201.0989,0
1776068820000,5233.0,5233.1,5229.7,5230.3,175.268,1776068999999,916749.3703,395,11.545,60384.3931,0
1776069000000,5230.3,5232.9,5230.3,5232.9,74.382,1776069179999,389171.0916,365,74.382,389171.0916,0
1776069180000,5232.9,5232.9,5230.3,5230.3,79.536,1776069359999,416101.1244,381,0.380,1988.5020,0
1776069360000,5230.3,5230.5,5229.9,5230.4,2.017,1776069539999,10549.4343,377,0.518,2709.2954,0
1776069540000,5230.4,5231.7,5229.9,5229.9,141.702,1776069719999,741156.5776,415,62.322,326004.5658,0
1776069720000,5229.9,5230.3,5227.0,5227.0,269.547,1776069899999,1409584.6328,546,0.294,1537.7028,0
1776069900000,5227.0,5227.5,5226.1,5226.1,100.477,1776070079999,525187.7362,440,0.220,1149.8045,0
1776070080000,5226.1,5226.1,5225.0,5225.0,48.101,1776070259999,251353.1085,415,0,0,0
1776070260000,5225.0,5225.7,5225.0,5225.7,218.045,1776070439999,1139357.5012,501,217.379,1135877.6512,0
1776070440000,5225.7,5226.0,5225.5,5225.5,54.891,1776070619999,286851.2900,483,39.306,205407.3374,0
1776070620000,5225.5,5226.5,5225.4,5225.4,68.058,1776070799999,355674.2796,463,66.897,349607.2758,0
1776070800000,5225.4,5225.4,5220.8,5222.3,1.867,1776070979999,9751.3791,377,0,0,0
1776070980000,5222.3,5223.1,5221.4,5221.9,1.96,1776071159999,10235.5414,410,0.013,67.8925,0
1776071160000,5221.9,5221.9,5220.8,5220.8,1.873,1776071339999,9779.5888,377,0,0,0
1776071340000,5220.8,5221.1,5220.5,5220.6,2.021,1776071519999,10550.8753,368,0,0,0
1776071520000,5220.6,5220.7,5219.7,5219.7,1.906,1776071699999,9949.9250,434,0,0,0
1776071700000,5219.7,5219.7,5216.8,5216.8,2.009,1776071879999,10485.6936,393,0,0,0
1776071880000,5216.8,5226.5,5215.8,5215.8,2.345,1776072059999,12233.9094,392,0.191,998.2495,0
1776072060000,5215.8,5219.7,5215.8,5219.4,2.083,1776072239999,10869.7178,373,0,0,0
1776072240000,5219.4,5226.5,5218.8,5218.8,2.05,1776072419999,10699.1255,387,0.009,47.0385,0
1776072420000,5218.8,5218.8,5218.4,5218.4,1.966,1776072599999,10259.4904,364,0,0,0
1776072600000,5218.4,5219.3,5218.4,5219.3,1.729,1776072779999,9022.7052,311,0,0,0
1776072780000,5219.3,5222.2,5219.0,5222.2,1.519,1776072959999,7927.9706,282,0,0,0
1776072960000,5222.2,5223.4,5221.3,5221.3,1.706,1776073139999,8908.7877,367,0.238,1243.1692,0
1776073140000,5221.3,5221.3,5221.3,5221.3,1.666,1776073319999,8698.6858,310,0,0,0
1776073320000,5221.3,5222.6,5221.3,5222.6,1.817,1776073499999,9488.8031,338,0,0,0
1776073500000,5222.6,5222.6,5222.5,5222.5,1.907,1776073679999,9959.3142,340,0,0,0
1776073680000,5222.5,5222.5,5222.2,5222.2,2.056,1776073859999,10737.0863,376,0,0,0
1776073860000,5222.2,5225.0,5222.2,5224.9,2.075,1776074039999,10839.6076,493,0.561,2930.9875,0
1776074040000,5224.9,5225.2,5224.9,5225.2,2.152,1776074219999,11244.0251,461,0.221,1154.7306,0
1776074220000,5225.2,5226.5,5225.2,5226.3,2.227,1776074399999,11637.1722,494,0.446,2330.5980,0
1776074400000,5226.3,5226.5,5226.3,5226.4,2.184,1776074579999,11414.3989,449,0.451,2357.1515,0
1776074580000,5226.4,5226.5,5226.3,5226.5,72.923,1776074759999,381130.7381,465,71.684,374655.3339,0
1776074760000,5226.5,5229.3,5226.5,5229.3,276.171,1776074939999,1443700.2870,543,276.156,1443621.8610,0
1776074940000,5229.3,5230.6,5229.3,5230.6,4.256,1776075119999,22257.3398,442,3.792,19830.3878,0
1776075120000,5230.6,5231.1,5228.2,5228.2,174.786,1776075299999,914078.1047,586,11.180,58483.6009,0
1776075300000,5228.2,5232.0,5228.2,5231.3,186.008,1776075479999,972832.8944,504,167.730,877268.7337,0
1776075480000,5231.3,5231.5,5229.6,5231.5,2.18,1776075659999,11402.6724,403,0,0,0
1776075660000,5231.5,5231.5,5230.1,5230.1,369.047,1776075839999,1930223.7344,587,212.054,1109063.6254,0
1776075840000,5230.1,5230.1,5230.1,5230.1,2.175,1776076019999,11375.4675,393,2.175,11375.4675,0
1776076020000,5230.1,5230.1,5230.1,5230.1,2.248,1776076199999,11757.2648,387,2.248,11757.2648,0
1776076200000,5230.1,5230.1,5230.1,5230.1,2.227,1776076379999,11647.4327,395,2.227,11647.4327,0
1776076380000,5230.1,5230.1,5229.3,5230.1,2.227,1776076559999,11647.4143,391,2.204,11527.1404,0
1776076560000,5230.1,5230.1,5230.1,5230.1,2.167,1776076739999,11333.6267,392,2.167,11333.6267,0
1776076740000,5230.1,5230.1,5230.1,5230.1,2.241,1776076919999,11720.6541,391,2.241,11720.6541,0
1776076920000,5230.1,5230.1,5230.1,5230.1,2.159,1776077099999,11291.7859,401,2.159,11291.7859,0
1776077100000,5230.1,5230.1,5229.2,5229.2,2.147,1776077279999,11228.3566,391,1.190,6223.8190,0
1776077280000,5229.2,5230.1,5229.2,5230.1,2.262,1776077459999,11830.3953,418,2.161,11302.2461,0
1776077460000,5230.1,5230.1,5230.1,5230.1,2.246,1776077639999,11746.8046,401,2.246,11746.8046,0
1776077640000,5230.1,5230.1,5230.1,5230.1,2.033,1776077819999,10632.7933,361,2.033,10632.7933,0
1776077820000,5230.1,5230.1,5230.1,5230.1,1.778,1776077999999,9299.1178,326,1.778,9299.1178,0
1776078000000,5230.1,5230.1,5229.1,5230.1,1.782,1776078179999,9319.9527,317,1.655,8655.8155,0
1776078180000,5230.1,5230.1,5230.1,5230.1,1.845,1776078359999,9649.5345,339,1.845,9649.5345,0
1776078360000,5230.1,5230.1,5230.1,5230.1,1.964,1776078539999,10271.9164,339,1.964,10271.9164,0
1776078540000,5230.1,5230.1,5230.1,5230.1,1.887,1776078719999,9869.1987,343,1.887,9869.1987,0
1776078720000,5230.1,5230.1,5230.1,5230.1,1.976,1776078899999,10334.6776,361,1.976,10334.6776,0
1776078900000,5230.1,5230.1,5230.1,5230.1,1.99,1776079079999,10407.8990,356,1.990,10407.8990,0
1776079080000,5230.1,5230.1,5229.1,5230.1,2.24,1776079259999,11715.2330,413,2.049,10716.4749,0
1776079260000,5230.1,5230.1,5230.1,5230.1,2.131,1776079439999,11145.3431,392,2.131,11145.3431,0
1776079440000,5230.1,5230.1,5230.1,5230.1,2.03,1776079619999,10617.1030,368,2.030,10617.1030,0
1776079620000,5230.1,5230.1,5230.1,5230.1,2.023,1776079799999,10580.4923,372,2.023,10580.4923,0
1776079800000,5230.1,5230.1,5230.1,5230.1,1.948,1776079979999,10188.2348,356,1.948,10188.2348,0
1776079980000,5230.1,5230.1,5228.9,5230.1,5.861,1776080159999,30649.8177,467,2.506,13106.6306,0
1776080160000,5230.1,5230.1,5230.1,5230.1,1.906,1776080339999,9968.5706,353,1.906,9968.5706,0
1776080340000,5230.1,5230.1,5230.1,5230.1,1.874,1776080519999,9801.2074,344,1.874,9801.2074,0
1776080520000,5230.1,5230.1,5230.1,5230.1,2.023,1776080699999,10580.4923,367,2.023,10580.4923,0
1776080700000,5230.1,5230.1,5230.1,5230.1,1.919,1776080879999,10036.5619,347,1.919,10036.5619,0
1776080880000,5230.1,5230.1,5230.1,5230.1,2.046,1776081059999,10700.7846,361,2.046,10700.7846,0
1776081060000,5230.1,5230.1,5230.1,5230.1,1.847,1776081239999,9659.9947,338,1.847,9659.9947,0
1776081240000,5230.1,5230.1,5230.1,5230.1,1.841,1776081419999,9628.6141,336,1.841,9628.6141,0
1776081420000,5230.1,5230.1,5230.1,5230.1,1.856,1776081599999,9707.0656,342,1.856,9707.0656,0
1776081600000,5230.1,5230.1,5228.9,5230.1,1.809,1776081779999,9461.2173,322,1.781,9314.8081,0
1776081780000,5230.1,5230.1,5230.1,5230.1,1.837,1776081959999,9607.6937,343,1.837,9607.6937,0
1776081960000,5230.1,5230.1,5230.1,5230.1,1.943,1776082139999,10162.0843,349,1.943,10162.0843,0
1776082140000,5230.1,5230.1,5230.1,5230.1,1.866,1776082319999,9759.3666,335,1.866,9759.3666,0
1776082320000,5230.1,5230.1,5230.1,5230.1,2.191,1776082499999,11459.1491,384,2.191,11459.1491,0
1776082500000,5230.1,5230.1,5230.1,5230.1,2.071,1776082679999,10831.5371,364,2.071,10831.5371,0
1776082680000,5230.1,5230.1,5230.1,5230.1,1.891,1776082859999,9890.1191,337,1.891,9890.1191,0
1776082860000,5230.1,5230.1,5230.1,5230.1,1.902,1776083039999,9947.6502,344,1.902,9947.6502,0
1776083040000,5230.1,5230.1,5230.1,5230.1,1.755,1776083219999,9178.8255,330,1.755,9178.8255,0
1776083220000,5230.1,5230.1,5230.1,5230.1,2.099,1776083399999,10977.9799,377,2.099,10977.9799,0
1776083400000,5230.1,5230.1,5230.1,5230.1,2.122,1776083579999,11098.2722,384,2.122,11098.2722,0
1776083580000,5230.1,5230.1,5230.1,5230.1,2.193,1776083759999,11469.6093,395,2.193,11469.6093,0
1776083760000,5230.1,5230.1,5230.1,5230.1,2.2,1776083939999,11506.2200,401,2.200,11506.2200,0
1776083940000,5230.1,5230.1,5230.1,5230.1,2.348,1776084119999,12280.2748,397,2.348,12280.2748,0
1776084120000,5230.1,5230.1,5230.1,5230.1,2.075,1776084299999,10852.4575,386,2.075,10852.4575,0
1776084300000,5230.1,5230.1,5230.1,5230.1,2.01,1776084479999,10512.5010,376,2.010,10512.5010,0
1776084480000,5230.1,5230.1,5230.1,5230.1,2.026,1776084659999,10596.1826,374,2.026,10596.1826,0
1776084660000,5230.1,5230.1,5230.1,5230.1,1.859,1776084839999,9722.7559,346,1.859,9722.7559,0
1776084840000,5230.1,5230.1,5230.1,5230.1,1.829,1776085019999,9565.8529,334,1.829,9565.8529,0
1776085020000,5230.1,5230.1,5230.1,5230.1,2.083,1776085199999,10894.2983,379,2.083,10894.2983,0
1776085200000,5230.1,5230.1,5230.1,5230.1,1.971,1776085379999,10308.5271,358,1.971,10308.5271,0
1776085380000,5230.1,5230.1,5230.1,5230.1,1.963,1776085559999,10266.6863,348,1.963,10266.6863,0
1776085560000,5230.1,5230.1,5230.1,5230.1,1.921,1776085739999,10047.0221,355,1.921,10047.0221,0
1776085740000,5230.1,5230.1,5230.1,5230.1,1.945,1776085919999,10172.5445,340,1.945,10172.5445,0
1776085920000,5230.1,5230.1,5230.1,5230.1,2.11,1776086099999,11035.5110,364,2.110,11035.5110,0
1776086100000,5230.1,5230.1,5230.1,5230.1,1.83,1776086279999,9571.0830,332,1.830,9571.0830,0
1776086280000,5230.1,5230.1,5230.1,5230.1,2.032,1776086459999,10627.5632,379,2.032,10627.5632,0
1776086460000,5230.1,5230.1,5230.1,5230.1,1.916,1776086639999,10020.8716,366,1.916,10020.8716,0
1776086640000,5230.1,5230.1,5230.1,5230.1,1.998,1776086819999,10449.7398,369,1.998,10449.7398,0
1776086820000,5230.1,5230.1,5230.1,5230.1,2.005,1776086999999,10486.3505,337,2.005,10486.3505,0
1776087000000,5230.1,5230.1,5230.1,5230.1,1.821,1776087179999,9524.0121,314,1.821,9524.0121,0
1776087180000,5230.1,5230.1,5230.1,5230.1,1.746,1776087359999,9131.7546,311,1.746,9131.7546,0
1776087360000,5230.1,5230.1,5230.1,5230.1,1.692,1776087539999,8849.3292,317,1.692,8849.3292,0
1776087540000,5230.1,5230.1,5230.1,5230.1,1.726,1776087719999,9027.1526,315,1.726,9027.1526,0
1776087720000,5230.1,5230.1,5230.1,5230.1,1.725,1776087899999,9021.9225,320,1.725,9021.9225,0
1776087900000,5230.1,5230.1,5230.1,5230.1,2.0,1776088079999,10460.2000,362,2.000,10460.2000,0
1776088080000,5230.1,5230.1,5230.1,5230.1,1.748,1776088259999,9142.2148,327,1.748,9142.2148,0
1776088260000,5230.1,5230.1,5230.1,5230.1,1.954,1776088439999,10219.6154,362,1.954,10219.6154,0
1776088440000,5230.1,5230.1,5230.1,5230.1,1.881,1776088619999,9837.8181,355,1.881,9837.8181,0
1776088620000,5230.1,5230.1,5227.4,5228.3,1.815,1776088799999,9491.4243,336,0.619,3237.4319,0
1776088800000,5228.3,5230.1,5227.3,5230.1,1.732,1776088979999,9057.6136,336,0.988,5167.3388,0
1776088980000,5230.1,5230.1,5230.1,5230.1,1.926,1776089159999,10073.1726,360,1.926,10073.1726,0
1776089160000,5230.1,5230.1,5230.1,5230.1,2.106,1776089339999,11014.5906,365,2.106,11014.5906,0
1776089340000,5230.1,5230.1,5230.1,5230.1,2.015,1776089519999,10538.6515,371,2.015,10538.6515,0
1776089520000,5230.1,5230.1,5230.1,5230.1,2.119,1776089699999,11082.5819,383,2.119,11082.5819,0
1776089700000,5230.1,5230.1,5230.1,5230.1,2.005,1776089879999,10486.3505,368,2.005,10486.3505,0
1776089880000,5230.1,5230.1,5230.1,5230.1,2.093,1776090059999,10946.5993,381,2.093,10946.5993,0
1776090060000,5230.1,5230.1,5227.2,5230.1,2.04,1776090239999,10669.3348,385,2.016,10543.8816,0
1776090240000,5230.1,5230.1,5230.1,5230.1,2.028,1776090419999,10606.6428,386,2.028,10606.6428,0
1776090420000,5230.1,5230.1,5230.1,5230.1,1.982,1776090599999,10366.0582,371,1.982,10366.0582,0
1776090600000,5230.1,5230.1,5230.1,5230.1,2.081,1776090779999,10883.8381,370,2.081,10883.8381,0
1776090780000,5230.1,5230.1,5230.1,5230.1,1.838,1776090959999,9612.9238,345,1.838,9612.9238,0
1776090960000,5230.1,5230.1,5230.1,5230.1,1.819,1776091139999,9513.5519,342,1.819,9513.5519,0
1776091140000,5230.1,5230.1,5230.1,5230.1,1.973,1776091319999,10318.9873,364,1.973,10318.9873,0
1776091320000,5230.1,5230.1,5230.1,5230.1,1.888,1776091499999,9874.4288,343,1.888,9874.4288,0
1776091500000,5230.1,5230.1,5230.1,5230.1,1.793,1776091679999,9377.5693,315,1.793,9377.5693,0
1776091680000,5230.1,5230.1,5230.1,5230.1,1.614,1776091859999,8441.3814,316,1.614,8441.3814,0
1776091860000,5230.1,5230.1,5230.1,5230.1,1.849,1776092039999,9670.4549,335,1.849,9670.4549,0
1776092040000,5230.1,5230.1,5230.1,5230.1,1.91,1776092219999,9989.4910,344,1.910,9989.4910,0
1776092220000,5230.1,5252.9,5230.1,5252.3,8267.009,1776092399999,43238115.3292,485,8266.640,43236177.4485,0
1776092400000,5252.3,5254.0,5251.1,5251.1,1.801,1776092579999,9459.7902,359,0.504,2647.5910,0
1776092580000,5251.0,5254.0,5250.9,5252.3,1.735,1776092759999,9112.7471,324,0.233,1224.1820,0
1776092760000,5252.3,5254.4,5252.3,5253.1,1.811,1776092939999,9514.2534,384,0.854,4486.7865,0
1776092940000,5253.1,5253.1,5251.7,5251.7,2.014,1776093119999,10578.5033,615,0,0,0
1776093120000,5251.7,5251.7,5249.5,5250.0,2.022,1776093299999,10615.8513,431,0.472,2478.0000,0
1776093300000,5250.0,5250.0,5227.2,5248.9,6.735,1776093479999,35248.4971,422,0.558,2929.3955,0
1776093480000,5248.9,5250.5,5248.0,5248.0,1.979,1776093659999,10387.8045,455,1.542,8093.9372,0
1776093660000,5248.0,5248.0,5227.2,5248.0,2.973,1776093839999,15582.5232,357,2.022,10611.4560,0
1776093840000,5248.0,5248.0,5248.0,5248.0,2.117,1776094019999,11110.0160,365,2.117,11110.0160,0
1776094020000,5248.0,5248.0,5248.0,5248.0,1.995,1776094199999,10469.7600,377,1.995,10469.7600,0
1776094200000,5248.0,5248.0,5248.0,5248.0,6.653,1776094379999,34914.9440,349,6.653,34914.9440,0
1776094380000,5248.0,5248.0,5248.0,5248.0,2.022,1776094559999,10611.4560,366,2.022,10611.4560,0
1776094560000,5248.0,5270.8,5248.0,5270.8,3284.121,1776094739999,17236527.6336,434,3283.994,17235858.4474,0
1776094740000,5270.8,5272.4,5269.5,5271.1,64.461,1776094919999,339784.9326,390,62.985,332006.0947,0
1776094920000,5271.1,5273.4,5270.1,5273.4,52.088,1776095099999,274654.8117,420,50.886,268318.4669,0
1776095100000,5273.4,5275.0,5273.3,5275.0,78.327,1776095279999,413123.4391,511,77.962,411198.4390,0
1776095280000,5275.0,5275.0,5273.3,5275.0,45.194,1776095459999,238341.2411,386,0.842,4441.4217,0
1776095460000,5275.0,5275.0,5271.7,5271.7,281.601,1776095639999,1484867.8918,470,6.027,31792.2759,0
1776095640000,5271.7,5271.7,5267.9,5267.9,262.218,1776095819999,1381813.5136,645,0.309,1627.8863,0
1776095820000,5267.9,5271.0,5266.4,5271.0,1.852,1776095999999,9756.9884,357,0.561,2956.3738,0
1776096000000,5269.7,5273.8,5267.1,5273.8,1.644,1776096179999,8666.0100,313,1.001,5277.1838,0
1776096180000,5273.8,5274.1,5271.4,5274.0,1.863,1776096359999,9824.2345,338,1.057,5574.2234,0
1776096360000,5273.9,5273.9,5269.6,5271.9,1.881,1776096539999,9916.3956,391,0.858,4523.5185,0
1776096540000,5271.9,5272.7,5269.2,5272.4,2.039,1776096719999,10749.4730,412,1.213,6394.9510,0
1776096720000,5272.4,5272.4,5266.2,5267.5,2.013,1776096899999,10605.1659,380,0,0,0
1776096900000,5267.5,5269.5,5265.3,5268.7,2.005,1776097079999,10560.6611,401,0,0,0
1776097080000,5268.8,5269.3,5265.2,5265.2,1.973,1776097259999,10392.8778,365,0,0,0
1776097260000,5265.2,5268.0,5264.8,5268.0,2.014,1776097439999,10605.8665,372,0,0,0
1776097440000,5268.0,5269.0,5265.4,5268.6,2.049,1776097619999,10793.1080,379,0,0,0
1776097620000,5268.6,5269.5,5264.8,5264.8,1.933,1776097799999,10178.8411,360,0,0,0
1776097800000,5264.8,5266.3,5262.8,5266.3,1.962,1776097979999,10327.9541,380,0,0,0
1776097980000,5266.3,5272.7,5260.1,5261.2,2.011,1776098159999,10584.9466,408,0.024,126.5448,0
1776098160000,5261.2,5261.9,5258.7,5260.4,1.996,1776098339999,10498.8983,387,0,0,0
1776098340000,5260.8,5264.0,5260.4,5261.4,2.022,1776098519999,10639.1819,398,0,0,0
1776098520000,5261.4,5272.7,5258.8,5260.0,2.214,1776098699999,11647.2550,399,0.043,226.7261,0
1776098700000,5260.1,5260.7,5259.1,5260.2,2.054,1776098879999,10804.3088,454,0,0,0
1776098880000,5260.1,5263.8,5259.8,5261.6,1.984,1776099059999,10440.8588,384,0,0,0
1776099060000,5261.6,5261.7,5254.2,5254.2,2.091,1776099239999,10995.7551,428,0,0,0
1776099240000,5254.2,5254.2,5250.0,5250.4,2.097,1776099419999,11011.2335,383,0,0,0
1776099420000,5250.4,5254.2,5250.4,5252.9,1.949,1776099599999,10236.2939,369,0,0,0
1776099600000,5252.9,5258.3,5252.9,5255.8,1.795,1776099779999,9434.3888,344,0.014,73.6071,0
1776099780000,5256.0,5260.8,5255.5,5260.2,1.785,1776099959999,9386.2942,386,0.137,720.3253,0
1776099960000,5260.2,5260.6,5257.1,5259.5,1.93,1776100139999,10149.1617,335,0,0,0
1776100140000,5259.5,5263.9,5257.7,5262.0,1.864,1776100319999,9804.8315,361,0,0,0
1776100320000,5262.0,5272.7,5261.2,5265.4,9.033,1776100499999,47579.1799,344,3.609,19029.1743,0
1776100500000,5265.4,5265.4,5262.4,5263.6,1.999,1776100679999,10521.6883,364,0.018,94.7448,0
1776100680000,5263.6,5264.8,5262.1,5263.4,1.931,1776100859999,10164.0308,448,0.104,547.5350,0
1776100860000,5263.4,5265.1,5262.7,5264.2,2.011,1776101039999,10584.9322,394,0.012,63.1803,0
1776101040000,5264.2,5264.9,5261.3,5261.3,1.987,1776101219999,10458.1061,366,0,0,0
1776101220000,5261.3,5261.7,5258.2,5258.2,1.795,1776101399999,9442.3432,368,0,0,0
1776101400000,5258.2,5258.7,5252.7,5252.7,1.952,1776101579999,10259.2733,379,0,0,0
1776101580000,5252.7,5272.7,5252.1,5254.5,1.959,1776101759999,10294.2457,366,0.016,84.3404,0
1776101760000,5254.5,5256.8,5253.2,5253.3,2.012,1776101939999,10572.8408,373,0,0,0
1776101940000,5253.3,5272.7,5253.1,5257.1,2.239,1776102119999,11767.8170,388,0.047,247.8169,0
1776102120000,5257.1,5258.1,5256.6,5257.3,2.05,1776102299999,10777.4085,390,0,0,0
1776102300000,5257.3,5259.1,5256.8,5258.9,2.192,1776102479999,11524.4839,380,0,0,0
1776102480000,5258.9,5264.2,5258.9,5260.5,1.933,1776102659999,10171.6836,358,0,0,0
1776102660000,5260.5,5261.0,5255.4,5258.1,2.012,1776102839999,10577.9265,470,0,0,0
1776102840000,5258.1,5258.1,5255.9,5256.4,2.183,1776103019999,11476.6901,390,0,0,0
1776103020000,5256.4,5259.0,5256.1,5258.9,2.065,1776103199999,10858.2651,379,0,0,0
1776103200000,5258.9,5260.1,5258.4,5259.6,1.944,1776103379999,10223.7245,379,0.064,336.6453,0
1776103380000,5259.6,5259.9,5257.2,5258.2,2.005,1776103559999,10544.6119,372,0,0,0
1776103560000,5258.2,5258.7,5257.1,5258.6,1.936,1776103739999,10179.0223,365,0,0,0
1776103740000,5258.6,5262.1,5258.6,5261.1,1.956,1776103919999,10289.7466,421,0.173,910.2235,0
1776103920000,5261.3,5262.0,5259.3,5259.3,2.022,1776104099999,10636.6650,369,0,0,0
1776104100000,5259.3,5262.2,5258.8,5262.0,1.951,1776104279999,10263.3298,379,0.034,178.9145,0
1776104280000,5262.0,5264.0,5261.3,5264.0,1.939,1776104459999,10204.7423,588,0.669,3521.1076,0
1776104460000,5264.0,5265.1,5263.2,5264.6,1.86,1776104639999,9791.4523,436,0.242,1273.9564,0
1776104640000,5264.6,5268.6,5264.4,5268.3,1.846,1776104819999,9720.0034,420,0.263,1384.8860,0
1776104820000,5268.3,5271.3,5267.3,5268.5,1.718,1776104999999,9052.1852,521,0.535,2819.1536,0
1776105000000,5268.5,5268.7,5252.1,5266.3,22.226,1776105179999,116762.8170,373,0,0,0
1776105180000,5266.3,5269.3,5265.8,5268.1,1.928,1776105359999,10155.1952,349,0,0,0
1776105360000,5268.1,5270.2,5268.1,5270.2,1.848,1776105539999,9737.9403,488,0.201,1059.2344,0
1776105540000,5270.2,5271.3,5269.4,5271.2,1.796,1776105719999,9465.0390,465,0.304,1602.2191,0
1776105720000,5271.2,5271.2,5252.1,5265.9,1.858,1776105899999,9791.1615,362,0,0,0
1776105900000,5265.3,5265.3,5263.2,5264.1,1.546,1776106079999,8138.1359,275,0,0,0
1776106080000,5264.1,5272.7,5264.1,5267.7,6.218,1776106259999,32774.5115,271,4.739,24987.3183,0
1776106260000,5267.7,5267.9,5252.1,5265.4,1.571,1776106439999,8269.7942,273,0,0,0
1776106440000,5265.4,5268.0,5252.0,5267.3,21.372,1776106619999,112265.4085,255,0,0,0
1776106620000,5267.3,5267.9,5265.9,5265.9,1.415,1776106799999,7452.2174,278,0,0,0
1776106800000,5265.9,5265.9,5261.3,5263.8,1.193,1776106979999,6280.2311,219,0,0,0
1776106980000,5263.8,5264.4,5261.3,5262.2,1.385,1776107159999,7289.2792,260,0,0,0
1776107160000,5262.2,5264.0,5261.9,5263.7,1.183,1776107339999,6226.1670,219,0,0,0
1776107340000,5263.7,5263.8,5262.1,5262.1,1.13,1776107519999,5946.8905,202,0,0,0
1776107520000,5262.3,5265.5,5261.6,5264.1,0.996,1776107699999,5242.3715,184,0,0,0
1776107700000,5264.1,5266.3,5262.1,5266.2,1.65,1776107879999,8687.4860,299,0,0,0
1776107880000,5266.2,5267.1,5266.2,5267.1,1.927,1776108059999,10149.0503,359,0,0,0
1776108060000,5267.1,5272.7,5267.1,5272.7,1.731,1776108239999,9120.1184,333,0.176,927.9952,0
1776108240000,5272.7,5274.9,5272.7,5274.9,1.819,1776108419999,9592.9185,372,1.564,8248.1140,0
1776108420000,5275.0,5287.1,5275.0,5287.1,3.063,1776108599999,16178.2156,371,3.029,15998.4712,0
1776108600000,5287.1,5289.3,5285.2,5286.8,5.425,1776108779999,28688.8169,403,4.280,22634.4164,0
1776108780000,5286.5,5289.8,5283.5,5289.8,1.931,1776108959999,10206.4318,361,0.243,1285.3468,0
1776108960000,5289.9,5290.3,5252.0,5283.4,3.132,1776109139999,16538.5821,359,0.751,3972.9642,0
1776109140000,5283.4,5286.5,5282.5,5284.9,1.869,1776109319999,9876.3203,334,0,0,0
1776109320000,5284.9,5284.9,5280.6,5282.4,1.45,1776109499999,7659.3059,271,0,0,0
1776109500000,5282.4,5282.9,5280.2,5281.7,1.423,1776109679999,7516.1604,265,0,0,0
1776109680000,5281.7,5290.3,5279.7,5281.8,2.562,1776109859999,13540.0356,277,0.951,5031.0753,0
1776109860000,5281.8,5286.6,5281.6,5285.2,1.14,1776110039999,6024.8119,243,0.022,116.3052,0
1776110040000,5286.6,5288.9,5280.9,5281.1,1.434,1776110219999,7579.5241,389,0.157,830.1445,0
1776110220000,5281.1,5281.2,5278.3,5280.8,1.223,1776110399999,6457.1091,327,0.363,1916.7033,0
1776110400000,5280.8,5286.8,5278.8,5283.6,1.262,1776110579999,6667.4164,269,0.895,4728.4824,0
1776110580000,5283.6,5284.6,5252.0,5280.0,1.259,1776110759999,6650.6489,268,0.263,1389.5283,0
1776110760000,5280.0,5285.3,5280.0,5285.3,1.395,1776110939999,7369.8871,292,1.285,6788.9822,0
1776110940000,5285.3,5287.2,5284.8,5287.2,1.013,1776111119999,5354.9139,210,0.793,4192.0489,0
1776111120000,5287.2,5287.2,5283.1,5283.2,1.399,1776111299999,7394.4884,270,0.461,2436.7776,0
1776111300000,5284.1,5287.9,5282.5,5287.1,1.064,1776111479999,5624.3948,202,0.862,4556.7653,0
1776111480000,5287.9,5287.9,5282.7,5282.7,0.939,1776111659999,4963.2464,207,0.080,422.9376,0
1776111660000,5282.7,5284.9,5282.1,5282.1,1.492,1776111839999,7882.5473,342,0.084,443.8354,0
1776111840000,5282.1,5284.4,5282.1,5284.0,1.9,1776112019999,10037.1615,528,0.344,1817.3060,0
1776112020000,5284.0,5284.0,5280.1,5280.1,2.066,1776112199999,10912.2582,389,0.021,110.9640,0
1776112200000,5280.1,5281.3,5279.2,5279.7,1.872,1776112379999,9883.5055,373,0,0,0
1776112380000,5279.7,5283.2,5279.7,5282.8,1.917,1776112559999,10123.8080,366,0,0,0
1776112560000,5282.8,5284.1,5280.8,5282.8,11.507,1776112739999,60801.6641,412,10.680,56433.2347,0
1776112740000,5283.2,5286.4,5282.7,5285.9,101.548,1776112919999,536683.3523,416,100.528,531293.2804,0
1776112920000,5285.9,5286.4,5284.1,5286.4,80.038,1776113099999,423039.4654,413,46.853,247658.7150,0
1776113100000,5286.4,5288.9,5286.4,5287.0,108.3,1776113279999,572641.1517,469,107.900,570525.9339,0
1776113280000,5287.0,5289.5,5286.8,5289.5,31.12,1776113459999,164581.6853,379,7.958,42092.2706,0
1776113460000,5289.5,5289.5,5287.7,5288.6,55.301,1776113639999,292464.4261,420,27.011,142869.0964,0
1776113640000,5288.6,5289.5,5288.0,5289.3,18.996,1776113819999,100462.2378,388,17.588,93016.0946,0
1776113820000,5289.3,5290.5,5289.3,5290.5,67.882,1776113999999,359090.2267,468,67.457,356842.0375,0
1776114000000,5290.5,5292.2,5289.8,5292.2,124.49,1776114179999,658633.9353,483,109.286,578207.6492,0
1776114180000,5292.2,5292.5,5289.7,5289.7,18.111,1776114359999,95846.9700,506,16.173,85592.6821,0
1776114360000,5289.7,5291.5,5289.6,5289.6,2.113,1776114539999,11178.3178,405,0,0,0
1776114540000,5289.6,5290.8,5288.0,5288.1,1.971,1776114719999,10425.5647,393,0,0,0
1776114720000,5288.1,5290.9,5287.4,5288.5,2.006,1776114899999,10609.3481,392,0,0,0
1776114900000,5288.5,5288.8,5282.2,5282.2,2.038,1776115079999,10771.9351,430,0,0,0
1776115080000,5282.2,5285.1,5282.0,5284.8,2.042,1776115259999,10786.8683,444,0,0,0
1776115260000,5284.8,5284.8,5282.1,5282.1,2.046,1776115439999,10808.7093,375,0,0,0
1776115440000,5282.3,5282.4,5277.7,5279.4,1.992,1776115619999,10517.6270,392,0,0,0
1776115620000,5279.5,5280.0,5275.6,5275.6,1.909,1776115799999,10075.0234,401,0,0,0
1776115800000,5275.6,5275.6,5272.9,5274.1,1.967,1776115979999,10374.2084,355,0,0,0
1776115980000,5274.1,5274.5,5272.5,5273.1,1.925,1776116159999,10151.6754,348,0,0,0
1776116160000,5273.1,5278.2,5272.9,5278.2,2.024,1776116339999,10678.0995,385,0,0,0
1776116340000,5278.2,5281.5,5277.2,5277.7,1.974,1776116519999,10420.6305,373,0,0,0
1776116520000,5277.7,5278.4,5272.7,5273.3,1.781,1776116699999,9397.7584,380,0.003,15.8199,0
1776116700000,5273.4,5275.5,5273.3,5273.3,1.717,1776116879999,9055.3200,536,0.475,2505.3118,0
1776116880000,5274.7,5276.4,5268.9,5268.9,1.857,1776117059999,9792.3013,470,0.463,2442.1300,0
1776117060000,5268.7,5273.3,5267.1,5269.0,1.959,1776117239999,10323.0583,430,0.463,2441.5379,0
1776117240000,5269.0,5273.3,5268.4,5273.3,1.861,1776117419999,9808.4589,452,0.396,2088.2268,0
1776117420000,5269.5,5273.3,5268.5,5268.7,1.838,1776117599999,9686.3626,415,0.363,1914.2079,0
1776117600000,5273.3,5273.3,5268.5,5271.0,1.798,1776117779999,9477.0511,387,0.324,1708.5492,0
1776117780000,5273.3,5273.6,5270.7,5270.9,1.832,1776117959999,9659.0412,382,0.266,1402.6981,0
1776117960000,5270.9,5273.3,5267.4,5267.4,1.695,1776118139999,8931.0474,367,0.104,548.4232,0
1776118140000,5267.4,5292.5,5259.6,5259.7,3.782,1776118319999,19912.5719,423,0.054,284.9267,0
1776118320000,5259.6,5261.9,5256.9,5257.0,1.911,1776118499999,10051.1473,344,0,0,0
1776118500000,5257.0,5292.5,5253.1,5253.4,1.79,1776118679999,9412.6847,327,0.125,661.3749,0
1776118680000,5255.2,5258.4,5236.1,5236.1,1426.489,1776118859999,7478376.7053,744,11.537,60496.5669,0
1776118860000,5236.1,5239.9,5235.9,5235.9,9.467,1776119039999,49571.2878,354,0.692,3624.4817,0
1776119040000,5235.9,5239.6,5234.3,5237.3,1.742,1776119219999,9124.3816,328,0,0,0
1776119220000,5237.3,5237.7,5234.5,5235.6,1.904,1776119399999,9968.7865,345,0,0,0
1776119400000,5235.6,5239.9,5223.0,5223.0,5.645,1776119579999,29560.7882,376,3.883,20346.5317,0
1776119580000,5223.0,5226.8,5221.5,5226.8,1.901,1776119759999,9931.1923,363,0,0,0
1776119760000,5226.3,5226.3,5221.4,5222.2,1.967,1776119939999,10273.9639,353,0,0,0
1776119940000,5222.2,5222.2,5220.1,5220.1,1.893,1776120119999,9882.8228,372,0,0,0
1776120120000,5220.1,5223.0,5219.7,5223.0,2.034,1776120299999,10619.4953,390,0,0,0
1776120300000,5221.7,5223.0,5218.7,5220.6,1.91,1776120479999,9970.8064,383,0,0,0
1776120480000,5220.6,5226.2,5220.2,5226.2,2.024,1776120659999,10572.2268,364,0,0,0
1776120660000,5226.2,5239.9,5225.1,5229.4,1.794,1776120839999,9376.3680,375,0.019,99.5581,0
1776120840000,5229.4,5239.9,5228.0,5231.9,1.545,1776121019999,8082.6641,280,0.038,199.1162,0
1776121020000,5231.9,5233.6,5230.1,5231.9,1.54,1776121199999,8057.1720,316,0,0,0
1776121200000,5231.9,5238.3,5230.2,5235.3,1.752,1776121379999,9171.7878,318,0.016,83.8106,0
1776121380000,5235.3,5235.3,5233.0,5234.7,1.55,1776121559999,8112.4583,336,0,0,0
1776121560000,5234.3,5235.6,5233.1,5235.5,1.831,1776121739999,9583.5876,374,0,0,0
1776121740000,5235.7,5239.0,5233.2,5233.2,1.77,1776121919999,9267.6102,345,0.005,26.1936,0
1776121920000,5233.2,5233.2,5230.3,5232.0,1.866,1776122099999,9762.1337,401,0,0,0
1776122100000,5232.0,5232.8,5229.4,5232.8,1.763,1776122279999,9221.8657,356,0,0,0
1776122280000,5232.8,5239.9,4972.2,5224.0,2799.403,1776122459999,14629423.0577,587,0.951,4983.1440,0
1776122460000,5224.0,5227.0,5216.5,5216.5,1.827,1776122639999,9540.0040,376,0,0,0
1776122640000,5216.4,5220.0,5211.1,5211.1,1.751,1776122819999,9132.3020,353,0,0,0
1776122820000,5211.1,5211.1,5201.4,5201.4,123.976,1776122999999,645708.9253,351,0.217,1130.1360,0
1776123000000,5201.4,5208.0,5201.4,5203.9,1.868,1776123179999,9724.4145,365,0.476,2478.9448,0
1776123180000,5203.9,5208.0,5201.4,5208.0,2.798,1776123359999,14566.5721,383,1.937,10087.8960,0
1776123360000,5208.0,5208.0,5208.0,5208.0,2.245,1776123539999,11691.9600,388,2.245,11691.9600,0
1776123540000,5208.0,5208.0,5208.0,5208.0,2.039,1776123719999,10619.1120,373,2.039,10619.1120,0
1776123720000,5208.0,5208.0,5206.6,5206.9,2.042,1776123899999,10633.4006,390,0.846,4405.7681,0
1776123900000,5206.9,5208.0,5202.5,5207.7,1.97,1776124079999,10253.8986,380,0.179,931.9718,0
1776124080000,5207.7,5208.0,5203.7,5203.7,2.116,1776124259999,11016.3612,375,0.118,614.5440,0
1776124260000,5203.7,5208.0,5203.5,5206.1,2.052,1776124439999,10682.4048,374,0.479,2494.6320,0
1776124440000,5206.1,5208.0,5205.8,5207.1,2.03,1776124619999,10571.2487,391,1.000,5207.6377,0
1776124620000,5207.1,5207.2,5202.4,5202.6,2.139,1776124799999,11130.8149,451,0.759,3949.5310,0
1776124800000,5201.4,5204.3,5198.0,5199.7,2.918,1776124979999,15174.5995,374,0.030,156.1290,0
1776124980000,5200.3,5204.3,5199.8,5201.1,1.979,1776125159999,10294.8245,405,0.808,4204.1439,0
1776125160000,5201.1,5202.5,5198.8,5200.8,2.026,1776125339999,10536.8884,368,0.748,3890.5143,0
1776125340000,5200.8,5202.6,5200.5,5201.3,1.845,1776125519999,9596.7208,352,0.383,1992.3022,0
1776125520000,5201.3,5202.9,5200.5,5202.8,1.866,1776125699999,9707.1826,363,0.656,3412.9851,0
1776125700000,5202.8,5202.9,5200.4,5202.4,1.66,1776125879999,8634.7159,386,0.781,4062.9120,0
1776125880000,5202.4,5204.7,5202.4,5204.7,1.939,1776126059999,10089.6712,391,1.824,9491.3513,0
1776126060000,5204.3,5206.1,5202.1,5205.1,1.885,1776126239999,9809.9650,372,0.385,2004.0107,0
1776126240000,5205.1,5207.0,5205.1,5206.9,1.876,1776126419999,9766.9716,353,1.308,6809.8494,0
1776126420000,5206.9,5207.8,5206.1,5206.7,1.968,1776126599999,10246.9002,480,0.926,4821.8427,0
1776126600000,5206.7,5208.0,5206.4,5208.0,1.935,1776126779999,10076.0217,386,1.028,5353.5063,0
1776126780000,5208.0,5208.0,5207.9,5208.0,2.182,1776126959999,11363.8549,395,2.171,11306.5680,0
1776126960000,5208.0,5208.0,5207.1,5207.1,1.913,1776127139999,9962.6278,359,1.403,7306.8240,0
1776127140000,5207.1,5208.0,5206.7,5208.0,13.235,1776127319999,68916.8890,378,12.251,63793.0883,0
1776127320000,5208.0,5211.1,5208.0,5211.1,162.022,1776127499999,843869.2359,541,161.887,843165.7779,0
1776127500000,5211.1,5211.9,5210.0,5210.8,174.081,1776127679999,907115.0398,599,113.772,592901.8707,0
1776127680000,5210.8,5211.4,5208.8,5208.8,1.771,1776127859999,9226.9491,360,0,0,0
1776127860000,5208.8,5209.1,5208.1,5208.8,1.792,1776128039999,9333.7766,360,0,0,0
1776128040000,5208.8,5212.1,4948.0,5211.6,5216.34,1776128219999,27119900.5391,716,0.463,2413.1774,0
1776128220000,5211.6,5212.1,5210.4,5212.1,36.624,1776128399999,190836.0437,498,1.035,5393.8749,0
1776128400000,5212.1,5212.9,5209.3,5212.1,1.957,1776128579999,10199.3354,399,0.751,3914.5370,0
1776128580000,5212.3,5213.1,5211.1,5212.5,2.048,1776128759999,10674.5990,407,1.134,5910.7631,0
1776128760000,5212.5,5214.2,5212.1,5212.1,1.912,1776128939999,9967.6648,403,0.640,3336.7246,0
1776128940000,5212.1,5214.4,5211.7,5212.6,1.868,1776129119999,9737.6090,365,0.143,745.6531,0
1776129120000,5212.6,5215.0,5211.8,5215.0,2.104,1776129299999,10969.6797,412,1.612,8405.0725,0
1776129300000,5214.6,5215.0,5214.6,5215.0,2.004,1776129479999,10450.7164,413,1.771,9235.7146,0
1776129480000,5215.0,5215.6,5214.1,5215.2,2.0,1776129659999,10430.2366,406,1.741,9079.6590,0
1776129660000,5215.2,5215.5,5213.6,5214.8,1.978,1776129839999,10314.8503,419,0.881,4594.5882,0
1776129840000,5214.8,5219.2,5214.8,5219.0,148.193,1776130019999,773040.1305,500,147.881,771411.7971,0
1776130020000,5219.0,5219.9,5219.0,5219.9,24.052,1776130199999,125536.1779,441,23.576,123051.9037,0
1776130200000,5219.9,5221.4,5219.9,5221.0,59.669,1776130379999,311473.6353,394,59.514,310664.3648,0
1776130380000,5221.0,5221.0,5219.1,5219.1,84.97,1776130559999,443537.2506,442,0,0,0
1776130560000,5219.1,5219.1,5214.1,5214.1,271.178,1776130739999,1414732.9319,602,0.014,73.0184,0
1776130740000,5214.2,5215.1,5213.0,5213.0,11.683,1776130919999,60919.9579,382,10.637,55466.5995,0
1776130920000,5213.0,5213.0,5210.1,5210.1,2.038,1776131099999,10621.8775,433,0,0,0
1776131100000,5210.1,5214.0,5210.1,5213.2,2.128,1776131279999,11093.5789,444,0,0,0
1776131280000,5213.2,5215.1,5213.0,5213.2,2.098,1776131459999,10937.1742,398,0.001,5.2151,0
1776131460000,5213.2,5214.2,5212.6,5213.2,2.103,1776131639999,10963.2669,433,0,0,0
1776131640000,5213.2,5213.3,5212.6,5212.9,2.119,1776131819999,11046.5133,390,0,0,0
1776131820000,5212.9,5214.7,5212.0,5214.2,2.227,1776131999999,11608.7691,406,0,0,0
1776132000000,5214.2,5215.4,5213.7,5215.4,14.937,1776132179999,77897.8542,380,13.254,69122.4633,0
1776132180000,5215.6,5215.9,5213.5,5215.8,10.619,1776132359999,55385.2713,415,9.020,47046.7019,0
1776132360000,5215.8,5216.1,5213.5,5213.7,11.584,1776132539999,60419.3793,425,9.949,51893.1503,0
1776132540000,5213.7,5215.8,5213.5,5213.5,1.994,1776132719999,10397.1688,428,0,0,0
1776132720000,5213.5,5213.7,5212.4,5212.5,1.928,1776132899999,10050.5166,374,0,0,0
1776132900000,5212.5,5215.0,5212.1,5213.5,2.05,1776133079999,10686.6254,384,0,0,0
1776133080000,5213.5,5214.0,5213.3,5213.8,2.014,1776133259999,10500.0213,400,0,0,0
1776133260000,5213.8,5215.0,5213.3,5213.8,2.088,1776133439999,10887.0429,377,0,0,0
1776133440000,5213.8,5214.6,5213.5,5213.7,2.108,1776133619999,10990.8797,379,0,0,0
1776133620000,5213.7,5213.8,5213.2,5213.4,2.097,1776133799999,10932.8046,467,0,0,0
1776133800000,5213.4,5215.5,5213.4,5213.8,1.977,1776133979999,10309.1776,378,0,0,0
1776133980000,5213.8,5214.3,5213.2,5213.3,1.862,1776134159999,9707.9330,400,0,0,0
1776134160000,5213.3,5214.0,5213.0,5213.0,1.787,1776134339999,9316.1314,388,0,0,0
1776134340000,5213.0,5213.5,5213.0,5213.5,1.846,1776134519999,9623.4054,470,0,0,0
1776134520000,5213.5,5214.3,5213.4,5214.3,1.977,1776134699999,10307.9227,392,0,0,0
1776134700000,5214.3,5214.3,5213.0,5213.2,2.852,1776134879999,14868.8986,496,0,0,0
1776134880000,5213.0,5214.3,5213.0,5213.0,2.08,1776135059999,10843.6084,403,0,0,0
1776135060000,5213.0,5213.0,5212.0,5212.8,2.111,1776135239999,11003.6578,532,0,0,0
1776135240000,5212.8,5212.8,5211.7,5212.0,2.059,1776135419999,10731.8138,477,0,0,0
1776135420000,5211.8,5212.6,5211.0,5211.2,1.979,1776135599999,10313.6924,481,0,0,0
1776135600000,5211.2,5211.6,5210.7,5211.4,1.868,1776135779999,9734.3614,410,0,0,0
1776135780000,5211.4,5211.8,5211.2,5211.8,2.109,1776135959999,10990.9283,384,0,0,0
1776135960000,5211.8,5212.7,5211.8,5212.5,1.993,1776136139999,10388.2702,373,0,0,0
1776136140000,5212.5,5213.8,5212.5,5212.5,1.944,1776136319999,10133.7462,382,0,0,0
1776136320000,5212.5,5214.0,5212.5,5214.0,1.985,1776136499999,10347.8392,364,0,0,0
1776136500000,5214.0,5214.0,5213.3,5213.3,1.78,1776136679999,9279.9706,349,0,0,0
1776136680000,5213.3,5214.4,5213.3,5213.3,1.911,1776136859999,9962.8610,349,0,0,0
1776136860000,5213.3,5213.8,5213.3,5213.3,2.073,1776137039999,10807.4970,374,0,0,0
1776137040000,5213.3,5214.4,5213.3,5214.1,2.001,1776137219999,10432.6355,360,0,0,0
1776137220000,5214.1,5214.1,5213.3,5214.1,1.841,1776137399999,9598.2609,357,0,0,0
1776137400000,5214.1,5214.7,5213.9,5213.9,1.815,1776137579999,9463.7695,326,0,0,0
1776137580000,5213.9,5215.0,5213.3,5215.0,1.799,1776137759999,9379.5191,325,0,0,0
1776137760000,5213.7,5215.0,5213.7,5213.8,1.913,1776137939999,9974.8769,357,0,0,0
1776137940000,5213.8,5214.3,5213.7,5213.7,1.949,1776138119999,10161.5967,362,0,0,0
1776138120000,5213.7,5213.8,5213.7,5213.7,1.926,1776138299999,10041.6013,364,0,0,0
1776138300000,5213.7,5214.9,5213.3,5213.7,1.959,1776138479999,10213.7407,358,0,0,0
1776138480000,5213.7,5215.2,5213.7,5215.2,1.882,1776138659999,9813.0828,358,0,0,0
1776138660000,5215.2,5215.5,5214.9,5214.9,1.962,1776138839999,10231.9995,355,0,0,0
1776138840000,5214.9,5215.6,5214.9,5214.9,1.78,1776139019999,9282.7427,347,0,0,0
1776139020000,5214.9,5217.2,5214.9,5217.2,2.002,1776139199999,10442.5438,366,1.297,6765.6019,0
1776139200000,5217.2,5218.5,5216.9,5218.5,1.807,1776139379999,9428.4621,377,1.219,6360.5721,0
1776139380000,5218.5,5218.6,5218.3,5218.6,1.944,1776139559999,10144.7708,352,1.909,9962.1303,0
1776139560000,5218.6,5219.9,5218.6,5219.9,1.981,1776139739999,10340.2114,414,1.981,10340.2114,0
1776139740000,5219.9,5220.3,5210.7,5218.7,2.115,1776139919999,11039.7573,438,1.369,7146.1276,0
1776139920000,5218.7,5219.4,5218.6,5219.4,2.051,1776140099999,10703.7162,416,1.362,7108.0950,0
1776140100000,5219.4,5221.5,5219.4,5221.2,2.072,1776140279999,10817.9220,393,1.077,5622.7333,0
1776140280000,5221.2,5221.3,5219.9,5219.9,1.892,1776140459999,9878.2655,359,0.567,2960.4771,0
1776140460000,5219.9,5220.7,5219.9,5220.7,2.006,1776140639999,10472.1228,417,1.704,8895.6173,0
1776140640000,5220.7,5223.0,5220.7,5223.0,2.046,1776140819999,10682.9001,415,2.046,10682.9001,0
1776140820000,5223.0,5224.4,5223.0,5224.4,2.127,1776140999999,11111.0344,451,1.475,7705.2158,0
1776141000000,5224.4,5224.9,5223.3,5223.4,1.957,1776141179999,10223.6559,375,0.624,3260.0696,0
1776141180000,5223.4,5224.9,5221.8,5224.9,2.068,1776141359999,10801.4443,431,1.082,5651.9701,0
1776141360000,5224.9,5225.6,5221.7,5221.7,2.099,1776141539999,10963.0821,378,0.107,559.0896,0
1776141540000,5221.7,5222.5,5220.4,5220.8,1.993,1776141719999,10406.9199,355,0,0,0
1776141720000,5220.8,5221.2,5220.4,5221.1,2.077,1776141899999,10843.9020,372,0,0,0
1776141900000,5221.1,5225.3,5221.1,5223.9,1.889,1776142079999,9867.3616,357,0,0,0
1776142080000,5223.9,5225.0,5223.7,5224.9,1.94,1776142259999,10135.3009,373,0.051,266.4750,0
1776142260000,5224.9,5224.9,5223.3,5223.3,1.939,1776142439999,10129.2453,522,0,0,0
1776142440000,5223.3,5224.4,5221.0,5221.1,1.946,1776142619999,10164.0680,502,0.193,1008.1021,0
1776142620000,5221.0,5222.1,5221.0,5221.8,1.751,1776142799999,9142.9289,449,1.025,5352.2763,0
1776142800000,5221.8,5221.9,5221.5,5221.7,1.837,1776142979999,9592.3882,365,0.741,3869.3643,0
1776142980000,5221.7,5221.7,5219.4,5219.5,33.038,1776143159999,172466.7845,378,0.498,2600.0845,0
1776143160000,5219.4,5222.7,5219.4,5222.3,100.099,1776143339999,522629.9515,458,99.483,519413.6127,0
1776143340000,5222.3,5222.7,5221.0,5221.9,1.595,1776143519999,8329.0015,313,0.008,41.7816,0
1776143520000,5222.7,5223.2,5221.5,5223.2,9.874,1776143699999,51572.5137,302,9.512,49681.9174,0
1776143700000,5223.2,5225.5,5222.5,5224.6,133.252,1776143879999,696107.9971,326,132.971,694639.8126,0
1776143880000,5224.8,5225.0,5223.3,5223.3,85.777,1776144059999,448118.7144,467,6.264,32727.5178,0
1776144060000,5223.3,5223.3,5220.0,5221.2,295.981,1776144239999,1545733.0378,552,0.577,3012.2889,0
1776144240000,5221.2,5221.2,5220.7,5220.7,34.493,1776144419999,180091.7697,437,20.595,107530.6114,0
1776144420000,5220.7,5220.7,5216.5,5217.0,224.122,1776144599999,1169685.7980,619,0.136,709.5042,0
1776144600000,5217.0,5219.4,5216.7,5219.0,66.256,1776144779999,345729.4588,453,65.120,339801.2837,0
1776144780000,5219.0,5219.0,5218.3,5218.6,90.573,1776144959999,472652.2645,543,0.211,1101.1226,0
1776144960000,5218.6,5218.6,5218.0,5218.4,22.89,1776145139999,119443.1225,467,0.995,5192.3047,0
1776145140000,5218.4,5220.9,5217.5,5219.8,317.314,1776145319999,1655660.2847,536,1.166,6085.5213,0
1776145320000,5219.8,5222.2,5219.6,5222.2,2.152,1776145499999,11234.9400,480,1.978,10326.7159,0
1776145500000,5222.2,5222.2,5220.4,5220.7,1.914,1776145679999,9993.1286,551,0.120,626.5009,0
1776145680000,5220.7,5224.8,5220.5,5224.8,1.978,1776145859999,10330.1348,445,1.938,10121.3102,0
1776145860000,5224.8,5225.0,5222.8,5223.8,1.836,1776146039999,9592.5064,374,0.659,3443.1954,0
1776146040000,5223.8,5224.4,5220.4,5223.9,1.725,1776146219999,9010.4870,322,0,0,0
1776146220000,5223.9,5224.3,5223.1,5224.2,1.86,1776146399999,9716.0051,321,0,0,0
1776146400000,5224.2,5224.2,5222.6,5223.5,1.814,1776146579999,9475.1071,347,0,0,0
1776146580000,5223.5,5224.4,5221.6,5223.6,2.023,1776146759999,10564.8895,372,0,0,0
1776146760000,5223.8,5223.8,5222.0,5222.1,2.077,1776146939999,10847.4465,387,0,0,0
1776146940000,5222.1,5223.9,5222.1,5223.3,2.138,1776147119999,11165.5193,371,0,0,0
1776147120000,5223.1,5225.0,5220.4,5222.0,2.061,1776147299999,10763.9726,488,0.005,26.1250,0
1776147300000,5222.0,5225.0,5220.4,5222.3,2.14,1776147479999,11176.0412,376,0.010,52.2500,0
1776147480000,5222.3,5225.0,5217.5,5222.0,11.519,1776147659999,60145.0626,370,4.780,24975.5000,0
1776147660000,5222.0,5222.1,5217.5,5222.0,1.963,1776147839999,10250.5502,393,0.071,370.7691,0
1776147840000,5222.0,5225.0,5217.5,5222.0,1.936,1776148019999,10109.9958,393,0.094,490.9482,0
1776148020000,5221.6,5225.0,5217.5,5221.0,2.207,1776148199999,11522.4069,390,0.010,52.2500,0
1776148200000,5221.0,5221.5,5217.5,5221.0,2.307,1776148379999,12043.9838,362,0,0,0
1776148380000,5221.0,5225.0,5217.5,5221.3,2.309,1776148559999,12054.8697,381,0.010,52.2500,0
1776148560000,5221.3,5225.0,5217.5,5220.0,1.767,1776148739999,9225.2843,320,0.016,83.6000,0
1776148740000,5220.0,5225.0,5217.5,5220.6,1.551,1776148919999,8096.4062,283,0.005,26.1250,0
1776148920000,5220.6,5221.2,5217.5,5220.5,2.12,1776149099999,11068.0601,363,0,0,0
1776149100000,5220.5,5225.0,5217.5,5219.2,1.988,1776149279999,10377.0536,422,0.159,830.1360,0
1776149280000,5219.2,5219.5,5217.5,5219.4,2.014,1776149459999,10511.5840,397,0.090,469.7460,0
1776149460000,5219.4,5219.9,5217.5,5219.7,2.273,1776149639999,11863.1297,443,0.278,1451.1182,0
1776149640000,5219.7,5225.0,5217.0,5217.1,1.989,1776149819999,10378.0814,376,0.010,52.2296,0
1776149820000,5217.0,5225.0,5217.0,5218.2,1.961,1776149999999,10232.7632,379,0.010,52.2500,0
1776150000000,5218.2,5225.0,5216.4,5217.3,1.991,1776150179999,10387.9413,391,0.005,26.1250,0
1776150180000,5217.3,5225.0,5216.7,5221.6,2.099,1776150359999,10953.4298,360,0.020,104.5000,0
1776150360000,5221.6,5222.2,5220.3,5222.1,1.791,1776150539999,9352.2012,355,0,0,0
1776150540000,5222.1,5225.6,5221.9,5223.3,49.049,1776150719999,256292.5537,368,47.412,247742.1517,0
1776150720000,5223.3,5226.3,5222.6,5226.2,12.481,1776150899999,65218.6397,399,10.865,56776.3943,0
1776150900000,5226.2,5226.5,5224.3,5224.8,16.007,1776151079999,83641.5527,369,1.606,8393.1217,0
1776151080000,5224.8,5224.8,5223.1,5223.7,112.131,1776151259999,585702.1485,517,0.184,961.2012,0
1776151260000,5223.7,5223.7,5221.2,5221.9,128.266,1776151439999,669850.5188,520,0.116,605.7432,0
1776151440000,5221.9,5224.0,5221.9,5224.0,42.861,1776151619999,223859.6418,402,41.892,218798.9025,0
1776151620000,5224.0,5224.0,5221.2,5221.3,89.61,1776151799999,467977.4109,499,0.106,553.6972,0
1776151800000,5221.3,5222.5,5221.3,5222.5,90.435,1776151979999,472258.4942,442,89.549,467632.2545,0
1776151980000,5222.5,5222.5,5222.0,5222.0,1.941,1776152159999,10136.7955,345,1.757,9175.9325,0
1776152160000,5222.0,5222.5,5222.0,5222.5,71.526,1776152339999,373538.6522,537,51.858,270826.5044,0
1776152340000,5222.5,5224.4,5222.5,5224.4,95.665,1776152519999,499681.3408,594,95.665,499681.3408,0
1776152520000,5224.4,5224.4,5222.8,5223.2,31.411,1776152699999,164065.5038,427,0.940,4909.8987,0
1776152700000,5223.2,5224.1,5221.1,5221.1,74.253,1776152879999,387851.0205,541,72.646,379458.8529,0
1776152880000,5221.1,5221.1,5220.0,5220.2,2.142,1776153059999,11182.7550,446,0,0,0
1776153060000,5220.2,5221.0,5219.0,5219.0,2.104,1776153239999,10982.0278,442,0,0,0
1776153240000,5219.0,5219.4,5219.0,5219.3,2.043,1776153419999,10662.5709,371,0,0,0
1776153420000,5219.3,5220.1,5218.0,5218.1,2.107,1776153599999,10995.3435,483,0,0,0
1776153600000,5218.5,5224.1,5218.5,5218.6,1.316,1776153779999,6868.1218,296,0.087,454.0737,0
1776153780000,5218.6,5218.6,5218.0,5218.4,1.859,1776153959999,9700.8306,339,0,0,0
1776153960000,5218.4,5219.1,5218.4,5218.7,2.17,1776154139999,11324.9707,452,0,0,0
1776154140000,5218.7,5224.1,5218.3,5219.4,1.957,1776154319999,10213.4318,409,0.114,595.0368,0
1776154320000,5219.4,5224.1,5219.1,5219.6,1.996,1776154499999,10418.0049,423,0.090,469.7642,0
1776154500000,5219.6,5219.6,5219.2,5219.2,2.01,1776154679999,10491.0657,374,0,0,0
1776154680000,5219.2,5224.1,5219.0,5219.1,2.559,1776154859999,13358.2115,429,0.497,2596.3777,0
1776154860000,5219.1,5219.5,5217.8,5217.8,2.038,1776155039999,10636.2818,483,0,0,0
1776155040000,5217.8,5218.1,5215.0,5216.0,2.219,1776155219999,11574.4414,428,0,0,0
1776155220000,5216.0,5217.1,5215.2,5216.7,2.371,1776155399999,12367.9651,365,0,0,0
1776155400000,5216.7,5220.6,5216.7,5220.2,1.808,1776155579999,9436.0515,343,0,0,0
1776155580000,5220.2,5220.2,5216.5,5219.0,1.797,1776155759999,9376.9460,355,0,0,0
1776155760000,5219.0,5219.0,5215.3,5215.3,1.725,1776155939999,8998.4366,358,0,0,0
1776155940000,5215.3,5215.3,5212.1,5212.6,1.81,1776156119999,9437.4183,369,0,0,0
1776156120000,5212.7,5212.7,5211.0,5211.0,2.084,1776156299999,10861.5955,446,0,0,0
1776156300000,5211.0,5211.1,5208.2,5209.3,1.967,1776156479999,10246.1206,433,0,0,0
1776156480000,5209.3,5211.8,5209.3,5211.7,1.926,1776156659999,10035.5405,378,0,0,0
1776156660000,5211.7,5216.0,5211.7,5214.9,1.98,1776156839999,10322.5239,376,0.020,104.3152,0
1776156840000,5214.9,5214.9,5211.1,5214.7,1.92,1776157019999,10008.7397,368,0,0,0
1776157020000,5214.7,5215.3,5212.5,5212.5,1.952,1776157199999,10176.6692,418,0,0,0
1776157200000,5212.5,5212.6,5210.5,5212.6,1.89,1776157379999,9850.3874,405,0,0,0
1776157380000,5212.5,5212.6,5210.5,5210.5,1.991,1776157559999,10375.5284,358,0,0,0
1776157560000,5210.5,5210.5,5207.1,5207.1,2.056,1776157739999,10708.7868,451,0,0,0
1776157740000,5207.1,5210.5,5206.6,5210.5,1.928,1776157919999,10039.7961,369,0,0,0
1776157920000,5210.5,5210.5,5206.9,5208.1,2.06,1776158099999,10728.3190,382,0,0,0
1776158100000,5208.1,5209.2,5208.1,5208.5,1.9,1776158279999,9895.8175,343,0,0,0
1776158280000,5208.5,5224.1,5208.5,5210.5,1.806,1776158459999,9407.8226,343,0.005,26.0881,0
1776158460000,5210.5,5224.1,5209.3,5209.3,1.515,1776158639999,7893.5953,282,0.005,26.1205,0
1776158640000,5209.3,5209.5,5208.5,5208.5,1.418,1776158819999,7386.0953,315,0,0,0
1776158820000,5208.5,5208.5,5206.9,5207.7,1.994,1776158999999,10383.3851,376,0,0,0
1776159000000,5207.7,5224.1,5206.6,5206.6,1.945,1776159179999,10127.8600,393,0.010,52.2410,0
1776159180000,5206.6,5224.1,5204.6,5205.3,1.914,1776159359999,9963.2279,369,0.005,26.1205,0
1776159360000,5205.3,5206.7,5205.3,5206.4,2.077,1776159539999,10813.0766,365,0,0,0
1776159540000,5206.4,5207.5,5201.7,5201.7,1.966,1776159719999,10231.5667,437,0,0,0
1776159720000,5201.7,5203.0,5200.2,5200.2,1.913,1776159899999,9951.6869,408,0,0,0
1776159900000,5200.2,5201.9,5200.0,5200.0,1.901,1776160079999,9886.4946,398,0,0,0
1776160080000,5200.0,5224.1,5197.9,5197.9,1.934,1776160259999,10055.4003,490,0.010,52.2410,0
1776160260000,5197.9,5224.1,5197.0,5197.8,4.891,1776160439999,25420.1658,482,0.339,1762.2494,0
1776160440000,5197.8,5198.2,5196.0,5196.0,2.0,1776160619999,10394.1634,404,0,0,0
1776160620000,5196.1,5224.1,5196.0,5196.0,1.883,1776160799999,9784.5993,361,0.005,26.1205,0
1776160800000,5196.0,5199.0,5196.0,5197.3,1.709,1776160979999,8882.2801,375,0.095,493.8860,0
1776160980000,5197.3,5198.5,5196.3,5198.5,1.93,1776161159999,10029.4704,370,0,0,0
1776161160000,5198.5,5198.5,5196.3,5196.4,1.72,1776161339999,8938.9172,375,0,0,0
1776161340000,5196.4,5199.0,5196.4,5198.7,1.81,1776161519999,9408.6996,416,0.307,1596.0922,0
1776161520000,5198.7,5224.1,5197.9,5202.2,4.797,1776161699999,24937.0211,390,0.005,26.0201,0
1776161700000,5202.2,5202.2,5200.4,5200.8,2.104,1776161879999,10944.6533,488,0,0,0
1776161880000,5200.8,5224.1,5200.4,5206.2,2.012,1776162059999,10471.0483,369,0.005,26.1205,0
1776162060000,5206.2,5224.1,5200.4,5205.4,1.886,1776162239999,9819.4295,376,0.029,151.1169,0
1776162240000,5205.4,5224.1,5200.4,5205.4,1.812,1776162419999,9433.4339,374,0.033,171.8366,0
1776162420000,5205.4,5224.1,5200.4,5206.5,1.982,1776162599999,10319.0788,370,0.005,26.1205,0
1776162600000,5206.5,5224.1,5200.4,5207.5,2.675,1776162779999,13942.4190,491,0.907,4735.9871,0
1776162780000,5207.5,5224.1,5205.1,5205.4,1.938,1776162959999,10090.4493,363,0.005,26.1040,0
1776162960000,5205.4,5224.1,5200.4,5206.3,1.942,1776163139999,10108.4704,359,0.010,52.2410,0
1776163140000,5206.3,5206.3,5200.4,5204.7,1.925,1776163319999,10019.8269,365,0,0,0
1776163320000,5204.7,5224.1,5199.7,5204.8,311.473,1776163499999,1619782.9677,470,0.005,26.1205,0
1776163500000,5204.8,5224.1,5203.7,5205.0,1.486,1776163679999,7734.3652,319,0.005,26.1205,0
1776163680000,5206.2,5224.1,5203.7,5205.5,1.802,1776163859999,9379.3320,338,0.005,26.1205,0
1776163860000,5205.5,5224.1,5203.7,5203.7,1.892,1776164039999,9847.2452,383,0.005,26.1205,0
1776164040000,5203.7,5204.5,5202.1,5203.6,2.024,1776164219999,10530.9723,403,0,0,0
1776164220000,5203.6,5205.0,5203.3,5203.4,1.878,1776164399999,9772.7668,429,0.217,1129.3599,0
1776164400000,5203.4,5204.1,5201.9,5204.1,109.568,1776164579999,570102.7178,513,48.658,253205.9793,0
1776164580000,5204.1,5206.3,5201.8,5205.9,139.58,1776164759999,726535.0640,464,133.062,692611.8042,0
1776164760000,5205.9,5206.6,5201.8,5205.7,139.085,1776164939999,724021.3846,499,113.262,589683.1641,0
1776164940000,5205.7,5206.8,5201.8,5206.8,343.857,1776165119999,1789816.3226,411,159.627,831132.1728,0
1776165120000,5206.8,5208.4,5204.6,5206.0,21.977,1776165299999,114453.6627,540,20.995,109341.3918,0
1776165300000,5206.2,5208.5,5203.5,5203.8,1.733,1776165479999,9023.8249,425,0.669,3483.6876,0
1776165480000,5203.8,5209.5,5202.6,5207.6,395.129,1776165659999,2057032.3626,567,30.714,159999.3031,0
1776165660000,5207.6,5211.1,5202.0,5209.2,82.001,1776165839999,427210.1889,453,64.874,338006.4042,0
1776165840000,5209.2,5212.5,5201.9,5212.0,394.275,1776166019999,2053017.7596,500,82.876,431930.3190,0
1776166020000,5212.5,5213.8,5203.5,5213.8,613.171,1776166199999,3192755.2769,514,48.920,254863.6209,0
1776166200000,5213.8,5214.4,5211.8,5212.5,2.013,1776166379999,10494.8430,371,1.202,6267.1284,0
1776166380000,5212.5,5213.2,5211.6,5211.6,2.055,1776166559999,10712.6610,374,1.419,7397.4654,0
1776166560000,5211.6,5211.6,5207.4,5207.4,2.382,1776166739999,12408.3433,519,0.411,2141.0677,0
1776166740000,5207.4,5209.9,5207.4,5209.9,1.7,1776166919999,8853.5303,333,0.690,3594.0017,0
1776166920000,5209.9,5210.2,5203.5,5206.6,1.759,1776167099999,9161.6258,411,0.185,963.7358,0
1776167100000,5206.6,5210.2,5203.5,5203.6,1.749,1776167279999,9102.9628,352,0.036,187.4328,0
1776167280000,5203.6,5206.7,5203.5,5206.2,1.7,1776167459999,8849.0141,357,0.035,182.2345,0
1776167460000,5206.2,5207.9,5203.2,5203.2,1.778,1776167639999,9255.9347,406,0.057,296.8491,0
1776167640000,5202.8,5205.3,5202.4,5202.6,1.854,1776167819999,9646.2132,409,0,0,0
1776167820000,5202.6,5207.6,5202.6,5207.5,1.812,1776167999999,9433.3322,372,0,0,0
1776168000000,5207.5,5208.9,5207.4,5208.3,1.766,1776168179999,9197.4481,443,0.127,661.4674,0
1776168180000,5208.3,5208.5,5207.9,5207.9,1.816,1776168359999,9457.7053,353,0,0,0
1776168360000,5207.9,5210.2,5205.3,5205.4,1.951,1776168539999,10157.8597,468,0.010,52.1007,0
1776168540000,5205.4,5210.2,5204.6,5209.5,1.872,1776168719999,9746.8465,344,0.010,52.1020,0
1776168720000,5209.5,5209.5,5206.0,5206.3,1.774,1776168899999,9236.7547,428,0,0,0
1776168900000,5206.3,5208.2,5205.9,5207.4,2.253,1776169079999,11730.4346,343,0,0,0
1776169080000,5207.4,5207.4,5207.3,5207.3,22.243,1776169259999,115825.9872,530,0.499,2598.4427,0
1776169260000,5207.3,5208.5,5206.8,5206.8,48.97,1776169439999,254986.4788,400,11.474,59748.0456,0
1776169440000,5206.8,5206.9,5205.3,5206.9,135.84,1776169619999,707233.6182,429,20.875,108679.4436,0
1776169620000,5206.9,5207.0,5206.5,5206.8,10.392,1776169799999,54109.8766,350,9.781,50928.6255,0
1776169800000,5206.8,5208.4,5204.9,5208.2,754.13,1776169979999,3925950.8650,538,1.587,8262.4842,0
1776169980000,5208.2,5208.2,5206.9,5206.9,1.811,1776170159999,9430.9077,333,0.666,3468.6612,0
1776170160000,5206.9,5207.0,5204.7,5204.7,1.822,1776170339999,9485.4185,337,0,0,0
1776170340000,5204.7,5208.2,5204.7,5208.2,1.89,1776170519999,9838.7231,338,0.278,1447.8796,0
1776170520000,5208.2,5208.2,5207.8,5208.2,1.879,1776170699999,9786.0984,337,1.586,8260.2052,0
1776170700000,5208.2,5208.2,5207.8,5208.2,1.796,1776170879999,9353.7641,340,1.364,7103.9848,0
1776170880000,5208.2,5210.1,5208.2,5210.1,1.823,1776171059999,9495.6310,388,1.823,9495.6310,0
1776171060000,5210.1,5212.1,5210.1,5211.5,1.918,1776171239999,9995.0666,467,1.654,8619.2323,0
1776171240000,5211.5,5211.5,5210.3,5210.6,1.399,1776171419999,7289.6261,246,1.010,5262.7060,0
1776171420000,5210.6,5210.6,5210.6,5210.6,1.44,1776171599999,7503.2640,269,1.440,7503.2640,0
1776171600000,5210.6,5213.2,5210.6,5212.3,1.774,1776171779999,9245.5867,405,1.696,8838.9877,0
1776171780000,5212.3,5214.4,5211.2,5214.4,1.701,1776171959999,8866.6609,343,0.530,2763.4803,0
1776171960000,5214.4,5214.4,5212.8,5212.8,1.842,1776172139999,9602.1643,344,0.553,2882.7502,0
1776172140000,5212.8,5214.1,5210.5,5210.9,1.938,1776172319999,10102.9464,369,1.014,5286.3887,0
1776172320000,5210.9,5210.9,5209.1,5209.1,1.88,1776172499999,9795.6152,342,1.156,6023.7429,0
1776172500000,5209.1,5213.3,5209.1,5211.1,1.769,1776172679999,9218.2981,444,1.058,5513.0239,0
1776172680000,5211.1,5213.3,5208.9,5208.9,1.772,1776172859999,9233.1874,354,0.189,985.3137,0
1776172860000,5208.9,5213.8,5208.5,5213.8,1.962,1776173039999,10224.6688,381,0.612,3190.7204,0
1776173040000,5213.8,5214.3,5210.1,5210.3,1.901,1776173219999,9907.8843,346,0.057,297.1921,0
1776173220000,5210.7,5211.7,5209.9,5210.2,1.855,1776173399999,9665.6195,335,0,0,0
1776173400000,5210.2,5212.3,5208.1,5212.3,1.663,1776173579999,8664.7340,328,0,0,0
1776173580000,5212.3,5214.8,5210.7,5210.7,1.823,1776173759999,9503.1818,321,0.479,2497.8719,0
1776173760000,5210.7,5211.2,5207.8,5211.2,1.71,1776173939999,8908.5454,354,0.757,3944.1927,0
1776173940000,5211.3,5211.9,5211.3,5211.8,1.734,1776174119999,9037.2086,329,1.734,9037.2086,0
1776174120000,5211.8,5211.8,5211.8,5211.8,1.823,1776174299999,9501.1114,327,1.823,9501.1114,0
1776174300000,5211.8,5211.8,5209.0,5209.0,1.698,1776174479999,8848.8752,323,1.697,8843.6658,0
1776174480000,5209.0,5209.0,5209.0,5209.0,1.82,1776174659999,9480.3800,327,1.820,9480.3800,0
1776174660000,5209.0,5209.0,5209.0,5209.0,1.724,1776174839999,8980.3160,319,1.724,8980.3160,0
1776174840000,5209.0,5209.0,5209.0,5209.0,1.842,1776175019999,9594.9780,329,1.842,9594.9780,0
1776175020000,5209.0,5209.0,5209.0,5209.0,1.86,1776175199999,9688.7400,329,1.860,9688.7400,0
1776175200000,5209.0,5231.3,5209.0,5231.3,281.216,1776175379999,1470505.8367,533,280.764,1468142.6889,0
1776175380000,5231.3,5231.5,5228.4,5230.6,181.366,1776175559999,948661.0798,478,82.202,429984.9158,0
1776175560000,5230.6,5239.8,5230.6,5239.8,564.337,1776175739999,2953531.7218,596,564.292,2953295.9569,0
1776175740000,5239.8,5248.1,5239.8,5247.1,320.435,1776175919999,1680113.5940,510,319.710,1676309.5979,0
1776175920000,5247.1,5248.7,5247.1,5247.4,18.258,1776176099999,95826.0645,396,17.231,90436.9951,0
1776176100000,5247.4,5249.4,5246.8,5249.4,57.26,1776176279999,300458.5180,422,1.387,7279.0382,0
1776176280000,5249.4,5253.7,5246.8,5253.7,1.641,1776176459999,8616.0925,297,1.064,5588.2024,0
1776176460000,5253.7,5256.6,5253.7,5256.6,1.516,1776176639999,7966.6632,346,1.235,6489.6766,0
1776176640000,5256.6,5256.6,5252.6,5254.1,1.725,1776176819999,9063.0636,312,0.115,604.5090,0
1776176820000,5254.1,5257.7,5246.8,5256.9,1.693,1776176999999,8898.0457,346,0.530,2786.3059,0
1776177000000,5256.9,5257.2,5246.2,5247.0,2.019,1776177179999,10602.0506,263,0,0,0
1776177180000,5247.0,5254.8,5245.8,5254.5,1.689,1776177359999,8866.1096,307,0,0,0
1776177360000,5254.5,5254.5,5244.0,5246.6,1.377,1776177539999,7229.5976,248,0,0,0
1776177540000,5247.3,5254.0,5244.0,5254.0,3.887,1776177719999,20393.8970,426,0.237,1244.1251,0
1776177720000,5254.0,5258.5,5244.0,5257.8,1.189,1776177899999,6249.9450,246,0.487,2560.6978,0
1776177900000,5257.8,5257.9,5244.0,5254.7,2.808,1776178079999,14747.0016,337,0.525,2759.4831,0
1776178080000,5254.7,5257.4,5244.0,5256.9,1.218,1776178259999,6400.1295,228,0.788,4141.7527,0
1776178260000,5256.9,5257.4,5252.8,5255.2,3.351,1776178439999,17615.3028,205,2.216,11650.3984,0
1776178440000,5255.2,5258.3,5244.0,5256.7,1.86,1776178619999,9777.1096,334,0.501,2634.2824,0
1776178620000,5256.7,5258.5,5244.0,5257.7,1.983,1776178799999,10424.4542,344,0.101,531.1033,0
1776178800000,5257.7,5259.9,5256.0,5258.2,2.797,1776178979999,14708.5197,346,1.429,7515.9987,0
1776178980000,5258.4,5259.0,5244.0,5256.3,2.73,1776179159999,14341.1722,338,0,0,0
1776179160000,5256.3,5259.9,5253.8,5259.9,2.741,1776179339999,14413.0991,330,0.998,5249.3802,0
1776179340000,5259.9,5260.0,5255.0,5257.8,1.757,1776179519999,9237.4271,321,0.102,536.5192,0
1776179520000,5257.8,5259.4,5253.3,5255.0,1.827,1776179699999,9601.5376,335,0,0,0
1776179700000,5255.0,5260.0,5255.0,5258.3,1.793,1776179879999,9427.2132,325,0.130,683.7637,0
1776179880000,5258.3,5263.0,5256.4,5262.2,3.369,1776180059999,17719.8048,445,2.685,14123.2572,0
1776180060000,5262.2,5263.5,5261.8,5263.2,1.721,1776180239999,9057.4394,353,0.937,4931.7623,0
1776180240000,5263.3,5263.5,5260.4,5262.9,1.981,1776180419999,10422.9024,302,1.143,6013.6340,0
1776180420000,5262.9,5264.8,5262.5,5264.8,1.524,1776180599999,8021.8770,317,1.217,6406.1304,0
1776180600000,5264.8,5265.8,5264.4,5265.2,1.683,1776180779999,8861.1190,313,1.020,5370.4775,0
1776180780000,5265.2,5265.2,5261.9,5264.1,1.661,1776180959999,8742.6705,386,1.012,5326.6505,0
1776180960000,5264.1,5264.9,5262.2,5262.2,1.762,1776181139999,9274.8182,333,0.585,3079.7462,0
1776181140000,5262.2,5263.1,5244.0,5263.0,2.911,1776181319999,15286.0094,237,0.424,2230.9874,0
1776181320000,5263.0,5263.0,5258.6,5260.5,18.022,1776181499999,94797.4266,313,11.355,59726.9054,0
1776181500000,5260.5,5260.5,5258.5,5260.3,16.237,1776181679999,85397.1672,260,15.438,81194.8441,0
1776181680000,5260.3,5261.0,5259.4,5261.0,16.602,1776181859999,87330.5488,341,9.609,50550.8801,0
1776181860000,5261.0,5263.3,5261.0,5263.3,34.403,1776182039999,181043.9682,254,34.238,180175.5897,0
1776182040000,5263.3,5267.0,5263.3,5267.0,156.609,1776182219999,824611.6840,340,156.609,824611.6840,0
1776182220000,5267.0,5268.8,5267.0,5267.1,125.923,1776182399999,663336.1174,373,55.384,291755.3317,0
1776182400000,5267.1,5269.4,5266.9,5267.8,61.524,1776182579999,324139.2839,277,44.487,234403.6101,0
1776182580000,5267.8,5269.5,5267.2,5269.5,55.575,1776182759999,292804.0507,239,55.160,290617.7633,0
1776182760000,5269.5,5273.3,5269.2,5273.3,185.729,1776182939999,979111.6167,476,185.573,978289.1590,0
1776182940000,5273.3,5278.7,5273.3,5278.7,192.804,1776183119999,1017340.2282,449,192.658,1016570.0410,0
1776183120000,5278.7,5282.2,5278.7,5282.2,53.182,1776183299999,280802.7131,282,52.713,278325.7355,0
1776183300000,5282.2,5282.2,5279.6,5279.6,1.932,1776183479999,10201.2550,347,0.030,158.4660,0
1776183480000,5279.6,5281.6,5279.3,5281.0,1.771,1776183659999,9351.6733,338,0,0,0
1776183660000,5281.0,5282.3,5280.6,5282.2,1.327,1776183839999,7009.1002,259,0.489,2583.0285,0
1776183840000,5282.2,5282.4,5281.4,5281.4,86.684,1776184019999,457837.4682,344,24.091,127252.1431,0
1776184020000,5281.3,5281.3,5280.7,5280.8,272.038,1776184199999,1436626.6852,398,62.418,329619.3125,0
1776184200000,5280.8,5280.8,5278.7,5280.0,235.572,1776184379999,1243825.2259,448,50.141,264743.0813,0
1776184380000,5280.0,5280.8,5278.1,5279.5,136.161,1776184559999,718691.2000,385,1.630,8606.7894,0
1776184560000,5279.5,5281.7,5278.2,5281.7,1.721,1776184739999,9087.6216,329,1.281,6764.4451,0
1776184740000,5281.7,5285.3,5281.7,5284.9,1.323,1776184919999,6989.8141,277,1.214,6413.8057,0
1776184920000,5284.6,5285.3,5279.6,5281.4,1.726,1776185099999,9118.1147,418,0.133,702.9425,0
1776185100000,5281.4,5281.4,5278.7,5280.6,1.121,1776185279999,5919.2045,223,0,0,0
1776185280000,5280.6,5280.6,5278.0,5278.0,0.82,1776185459999,4329.0915,161,0,0,0
1776185460000,5278.0,5282.6,5278.0,5279.6,1.081,1776185639999,5708.0636,218,0.029,153.1641,0
1776185640000,5279.6,5285.3,5272.7,5272.7,352.097,1776185819999,1857032.4071,380,36.120,190456.5432,0
1776185820000,5272.7,5272.7,5270.0,5270.0,1079.697,1776185999999,5690670.6892,341,673.730,3550697.8475,0
1776186000000,5270.0,5270.0,5269.9,5270.0,604.705,1776186179999,3186795.2361,389,603.566,3180792.8200,0
1776186180000,5270.0,5274.1,5270.0,5273.8,165.2,1776186359999,870633.2413,339,165.023,869699.8767,0
1776186360000,5273.7,5274.2,5273.1,5274.2,0.94,1776186539999,4957.2713,207,0.492,2594.7947,0
1776186540000,5274.2,5274.5,5271.5,5271.5,160.042,1776186719999,843809.3772,366,12.528,66077.0729,0
1776186720000,5271.4,5271.4,5267.8,5267.8,231.096,1776186899999,1217843.6075,482,0.031,163.3359,0
1776186900000,5267.8,5267.8,5267.0,5267.3,265.7,1776187079999,1399561.9611,250,14.752,77702.3289,0
1776187080000,5267.3,5267.3,5266.7,5266.7,87.198,1776187259999,459297.7628,283,86.638,456348.3374,0
1776187260000,5266.6,5267.3,5265.2,5265.2,1.546,1776187439999,8141.7254,284,0.313,1648.6649,0
1776187440000,5265.2,5265.2,5258.2,5258.2,1.11,1776187619999,5840.7003,194,0,0,0
1776187620000,5258.2,5258.4,5256.2,5257.0,1.341,1776187799999,7049.3150,269,0,0,0
1776187800000,5257.0,5259.1,5256.1,5256.7,12.034,1776187979999,63268.5557,321,6.877,36159.8998,0
1776187980000,5256.7,5257.8,5254.8,5256.1,41.835,1776188159999,219871.0003,219,0.098,515.1367,0
1776188160000,5256.1,5257.9,5255.4,5256.2,1.323,1776188339999,6955.1439,262,0.844,4437.2640,0
1776188340000,5256.2,5257.9,5255.7,5256.5,1.686,1776188519999,8862.6667,314,0.427,2244.7381,0
1776188520000,5256.5,5258.4,5256.2,5257.6,0.993,1776188699999,5220.9501,184,0.411,2161.1234,0
1776188700000,5257.6,5260.7,5257.6,5260.7,1.258,1776188879999,6615.8986,267,1.051,5527.5265,0
1776188880000,5260.7,5263.9,5254.8,5263.2,1.603,1776189059999,8435.7700,320,0.762,4010.0705,0
1776189060000,5263.2,5264.0,5254.8,5264.0,0.943,1776189239999,4962.9317,184,0.445,2342.1927,0
1776189240000,5264.0,5266.5,5263.7,5265.8,1.245,1776189419999,6554.8827,257,0.974,5128.2711,0
1776189420000,5265.8,5268.1,5254.8,5263.0,1.973,1776189599999,10390.3512,394,0.830,4371.7190,0
1776189600000,5263.0,5263.7,5260.5,5263.0,1.896,1776189779999,9977.5312,349,0.714,3757.6316,0
1776189780000,5263.0,5264.0,5254.8,5261.3,1.754,1776189959999,9229.6751,349,0.377,1984.3585,0
1776189960000,5261.3,5264.0,5254.5,5262.1,125.365,1776190139999,658762.8962,396,1.113,5856.3672,0
1776190140000,5262.1,5262.1,5261.9,5261.9,1.435,1776190319999,7551.1028,256,1.330,6998.5930,0
1776190320000,5262.0,5262.1,5259.3,5259.4,1.466,1776190499999,7712.2571,390,0.241,1268.1661,0
1776190500000,5259.4,5262.1,5254.5,5262.1,1.694,1776190679999,8913.0553,306,0.418,2199.5578,0
1776190680000,5262.1,5262.1,5254.5,5262.1,1.672,1776190859999,8798.0868,305,1.653,8698.2513,0
1776190860000,5262.1,5262.1,5254.5,5262.1,11.179,1776191039999,58788.7715,315,6.410,33730.0610,0
1776191040000,5262.1,5262.1,5262.1,5262.1,3.652,1776191219999,19217.1892,323,3.652,19217.1892,0
1776191220000,5262.1,5264.0,5262.1,5264.0,1.758,1776191399999,9250.9979,344,1.758,9250.9979,0
1776191400000,5264.0,5264.0,5254.5,5263.1,1.795,1776191579999,9446.6242,323,0.508,2673.6926,0
1776191580000,5263.1,5263.1,5262.1,5262.2,1.815,1776191759999,9551.0941,323,0.216,1136.8296,0
1776191760000,5262.2,5263.1,5254.5,5261.3,1.51,1776191939999,7945.0631,293,0.114,599.9396,0
1776191940000,5261.3,5263.1,5254.5,5263.1,1.612,1776192119999,8482.3846,311,0.635,3342.0517,0
1776192120000,5263.1,5263.1,5261.9,5263.1,1.533,1776192299999,8068.3203,272,1.523,8015.7013,0
1776192300000,5263.1,5263.1,5254.5,5262.6,1.589,1776192479999,8362.9617,270,1.503,7910.4393,0
1776192480000,5262.8,5263.1,5261.4,5263.1,1.012,1776192659999,5326.0550,186,0.736,3873.6416,0
1776192660000,5263.1,5263.1,5254.5,5263.1,1.782,1776192839999,9378.6206,317,1.756,9242.0036,0
1776192840000,5263.1,5263.1,5254.5,5263.1,1.193,1776193019999,6278.6547,206,1.167,6142.0377,0
1776193020000,5263.1,5263.1,5263.1,5263.1,1.317,1776193199999,6931.5027,240,1.317,6931.5027,0
1776193200000,5263.1,5263.1,5263.1,5263.1,1.852,1776193379999,9747.2612,339,1.852,9747.2612,0
1776193380000,5263.1,5263.1,5263.1,5263.1,1.895,1776193559999,9973.5745,345,1.895,9973.5745,0
1776193560000,5263.1,5263.1,5263.1,5263.1,2.967,1776193739999,15615.6177,341,2.967,15615.6177,0
1776193740000,5263.1,5263.1,5263.1,5263.1,1.939,1776193919999,10205.1509,340,1.939,10205.1509,0
1776193920000,5263.1,5263.1,5254.5,5263.1,224.101,1776194099999,1179465.8871,350,224.091,1179413.3421,0
1776194100000,5263.1,5263.1,5263.1,5263.1,1.65,1776194279999,8684.1150,311,1.650,8684.1150,0
1776194280000,5263.1,5263.1,5254.5,5263.1,160.576,1776194459999,845127.5026,326,160.571,845101.2301,0
1776194460000,5263.1,5263.1,5254.5,5263.1,363.369,1776194639999,1912447.2979,369,363.359,1912394.7529,0
1776194640000,5263.1,5263.1,5263.1,5263.1,1.86,1776194819999,9789.3660,327,1.860,9789.3660,0
1776194820000,5263.1,5263.1,5263.1,5263.1,1.93,1776194999999,10157.7830,343,1.930,10157.7830,0
1776195000000,5263.1,5263.1,5263.1,5263.1,1.709,1776195179999,8994.6379,291,1.709,8994.6379,0
1776195180000,5263.1,5263.1,5254.5,5263.1,124.537,1776195359999,655450.6417,297,124.532,655424.3692,0
1776195360000,5263.1,5263.1,5254.5,5263.1,141.586,1776195539999,745181.1132,352,141.567,745081.2777,0
1776195540000,5263.1,5263.1,5263.1,5263.1,1.82,1776195719999,9578.8420,332,1.820,9578.8420,0
1776195720000,5263.1,5263.1,5254.5,5263.1,1.912,1776195899999,10062.8838,344,1.893,9963.0483,0
1776195900000,5263.1,5263.1,5254.5,5263.1,92.526,1776196079999,486973.4272,376,92.507,486873.5917,0
1776196080000,5263.1,5263.1,5263.1,5263.1,1.912,1776196259999,10063.0472,363,1.912,10063.0472,0
1776196260000,5263.1,5278.8,5263.1,5278.8,1.848,1776196439999,9728.6310,351,1.848,9728.6310,0
1776196440000,5278.8,5279.1,5278.0,5278.6,1.99,1776196619999,10504.6940,365,1.654,8731.1427,0
1776196620000,5278.6,5278.8,5254.5,5277.8,1.974,1776196799999,10418.3459,365,0.007,36.9496,0
1776196800000,5277.8,5278.8,5277.8,5278.8,1.926,1776196979999,10166.9120,339,1.808,9544.0704,0
1776196980000,5278.8,5278.8,5278.3,5278.7,1.886,1776197159999,9955.6148,348,0.989,5220.7332,0
1776197160000,5278.7,5278.8,5277.8,5278.8,1.953,1776197339999,10309.4464,367,1.777,9380.4276,0
1776197340000,5278.8,5278.8,5277.8,5278.8,1.979,1776197519999,10446.7352,377,1.969,10393.9572,0
1776197520000,5278.8,5278.8,5278.8,5278.8,1.943,1776197699999,10256.7084,356,1.943,10256.7084,0
1776197700000,5278.8,5278.8,5278.8,5278.8,2.073,1776197879999,10942.9524,371,2.073,10942.9524,0
1776197880000,5278.8,5278.8,5278.8,5278.8,1.868,1776198059999,9860.7984,341,1.868,9860.7984,0
1776198060000,5278.8,5278.8,5278.8,5278.8,1.837,1776198239999,9697.1556,333,1.837,9697.1556,0
1776198240000,5278.8,5278.8,5278.8,5278.8,2.038,1776198419999,10758.1944,361,2.038,10758.1944,0
1776198420000,5278.8,5278.8,5278.8,5278.8,1.933,1776198599999,10203.9204,361,1.933,10203.9204,0
1776198600000,5278.8,5278.8,5278.8,5278.8,1.884,1776198779999,9945.2592,340,1.884,9945.2592,0
1776198780000,5278.8,5278.8,5278.8,5278.8,1.973,1776198959999,10415.0724,355,1.973,10415.0724,0
1776198960000,5278.8,5278.8,5278.1,5278.8,1.91,1776199139999,10082.4421,349,1.709,9021.4692,0
1776199140000,5278.8,5278.8,5277.8,5278.7,57.063,1776199319999,301223.5011,356,55.804,294578.1552,0
1776199320000,5278.7,5278.8,5277.8,5278.4,84.191,1776199499999,444426.8832,365,83.199,439190.8812,0
1776199500000,5278.4,5278.8,5278.4,5278.8,242.89,1776199679999,1282167.6152,370,241.794,1276382.1672,0
1776199680000,5278.8,5278.8,5278.8,5278.8,459.991,1776199859999,2428200.4908,386,459.991,2428200.4908,0
1776199860000,5278.8,5280.9,5278.8,5280.9,167.94,1776200039999,886560.9474,434,167.940,886560.9474,0
1776200040000,5280.9,5280.9,5280.5,5280.5,5.671,1776200219999,29947.3313,425,1.234,6516.5364,0
1776200220000,5280.4,5280.8,5277.8,5277.8,375.311,1776200399999,1981237.7182,528,0.334,1763.7764,0
1776200400000,5277.8,5277.8,5274.2,5274.4,130.436,1776200579999,688159.6295,524,0.677,3571.0745,0
1776200580000,5274.4,5274.4,5267.6,5267.6,494.614,1776200759999,2607427.2688,666,0.029,152.7754,0
1776200760000,5267.6,5270.2,5267.5,5270.2,48.039,1776200939999,253093.8788,429,43.854,231048.9708,0
1776200940000,5270.2,5270.7,5268.6,5270.7,25.996,1776201119999,137007.9227,335,24.521,129235.5474,0
1776201120000,5270.7,5271.9,5270.7,5271.8,32.079,1776201299999,169101.3396,432,31.800,167630.5074,0
1776201300000,5271.8,5271.8,5270.3,5271.2,16.707,1776201479999,88062.1858,316,0.799,4211.5403,0
1776201480000,5271.2,5271.3,5271.1,5271.3,1.78,1776201659999,9382.7825,317,1.012,5334.5538,0
1776201660000,5271.3,5271.3,5270.9,5271.1,71.875,1776201839999,378854.4964,392,0.534,2814.8742,0
1776201840000,5271.1,5271.3,5266.5,5266.5,134.053,1776202019999,706451.6407,491,0.676,3563.3988,0
1776202020000,5266.5,5266.5,5265.2,5266.3,30.205,1776202199999,159067.5088,387,5.389,28379.5494,0
1776202200000,5266.3,5266.5,5264.6,5264.6,113.636,1776202379999,598319.6802,564,7.748,40803.3379,0
1776202380000,5264.6,5264.6,5256.4,5257.1,489.968,1776202559999,2578311.1186,728,0.312,1640.1496,0
1776202560000,5257.1,5260.3,5257.1,5258.7,77.935,1776202739999,409848.8394,457,77.085,405378.1189,0
1776202740000,5258.6,5260.2,5258.5,5258.8,1.764,1776202919999,9276.7332,346,0.118,620.7030,0
1776202920000,5258.8,5260.7,5258.5,5260.7,12.712,1776203099999,66869.3834,304,11.943,62825.1031,0
1776203100000,5260.7,5260.7,5258.5,5260.0,50.703,1776203279999,266667.4611,325,0.576,3029.6712,0
1776203280000,5260.0,5260.7,5260.0,5260.7,12.675,1776203459999,66678.7692,346,12.050,63391.0946,0
1776203460000,5260.7,5263.0,5260.3,5262.4,42.699,1776203639999,224678.7271,449,42.106,221558.8062,0
1776203640000,5262.4,5266.1,5262.4,5266.1,33.351,1776203819999,175586.8520,437,33.103,174281.7500,0
1776203820000,5266.1,5268.8,5266.1,5268.8,302.005,1776203999999,1590710.5995,582,301.907,1590194.3679,0
1776204000000,5268.8,5269.4,5267.9,5267.9,16.364,1776204179999,86220.4315,331,15.033,79208.3224,0
1776204180000,5267.9,5267.9,5264.4,5264.4,1.952,1776204359999,10279.0479,395,0,0,0
1776204360000,5264.3,5267.6,5263.2,5263.9,1.828,1776204539999,9624.2253,339,0,0,0
1776204540000,5263.9,5264.9,5262.6,5264.2,1.74,1776204719999,9159.2236,332,0,0,0
1776204720000,5264.2,5265.9,5262.5,5262.7,1.756,1776204899999,9243.8466,378,0,0,0
1776204900000,5262.7,5263.4,5262.0,5262.1,1.749,1776205079999,9204.3453,325,0,0,0
1776205080000,5262.1,5263.6,5260.9,5261.4,1.654,1776205259999,8702.6344,318,0,0,0
1776205260000,5261.4,5262.8,5260.8,5261.5,1.731,1776205439999,9107.4865,341,0,0,0
1776205440000,5261.5,5263.3,5259.2,5259.2,1.791,1776205619999,9424.1067,355,0,0,0
1776205620000,5259.2,5259.6,5258.2,5258.7,1.686,1776205799999,8866.1363,319,0,0,0
1776205800000,5258.7,5261.7,5258.2,5261.4,1.723,1776205979999,9062.0961,321,0,0,0
1776205980000,5261.4,5262.8,5259.3,5262.0,1.676,1776206159999,8818.0511,331,0,0,0
1776206160000,5262.0,5265.1,5262.0,5265.1,1.691,1776206339999,8900.8123,320,0,0,0
1776206340000,5265.1,5268.1,5265.1,5268.1,1.853,1776206519999,9757.3840,336,0,0,0
1776206520000,5268.1,5269.6,5268.0,5269.1,1.657,1776206699999,8729.8722,319,0.132,695.5806,0
1776206700000,5267.9,5270.4,5267.9,5270.4,1.746,1776206879999,9199.3592,322,0.415,2187.0942,0
1776206880000,5270.4,5270.9,5269.6,5270.5,1.865,1776207059999,9828.9766,323,0.497,2619.5521,0
1776207060000,5270.5,5272.3,5270.5,5271.9,1.728,1776207239999,9108.8208,314,1.196,6304.7070,0
1776207240000,5271.9,5272.4,5270.4,5270.8,1.853,1776207419999,9767.9357,334,0.529,2788.7938,0
1776207420000,5270.8,5270.8,5268.9,5269.0,1.593,1776207599999,8395.0832,374,0.626,3299.0957,0
1776207600000,5269.0,5270.7,5268.3,5269.8,1.892,1776207779999,9969.8937,412,1.039,5475.1385,0
1776207780000,5269.8,5269.9,5258.2,5266.8,1.931,1776207959999,10172.4269,401,0,0,0
1776207960000,5266.8,5268.9,5266.6,5268.9,1.864,1776208139999,9819.7768,458,1.112,5858.4700,0
1776208140000,5268.9,5269.4,5268.3,5268.3,1.65,1776208319999,8693.1878,471,0.482,2539.5313,0
1776208320000,5268.3,5268.4,5267.7,5268.4,1.612,1776208499999,8492.4491,375,1.186,6248.2524,0
1776208500000,5268.4,5268.4,5268.3,5268.4,1.906,1776208679999,10041.5412,356,1.614,8503.1976,0
1776208680000,5268.4,5268.4,5267.2,5267.3,2.0,1776208859999,10535.6852,526,0.316,1664.7174,0
1776208860000,5267.3,5267.3,5266.8,5266.9,1.898,1776209039999,9997.0848,387,1.648,8680.3604,0
1776209040000,5266.9,5266.9,5266.8,5266.9,1.732,1776209219999,9122.2440,374,1.464,7710.7416,0
1776209220000,5266.9,5268.1,5266.9,5268.1,1.867,1776209399999,9834.5948,400,0.974,5130.6674,0
1776209400000,5268.1,5268.6,5267.1,5268.6,1.825,1776209579999,9614.1526,366,1.398,7364.8541,0
1776209580000,5268.6,5268.6,5267.1,5267.2,1.919,1776209759999,10108.6674,387,0.357,1880.7453,0
1776209760000,5267.2,5267.7,5266.6,5267.0,20.738,1776209939999,109226.6975,442,4.956,26104.4085,0
1776209940000,5267.0,5267.0,5266.8,5266.9,8.825,1776210119999,46480.5303,387,1.546,8142.7715,0
1776210120000,5266.9,5266.9,5265.2,5265.2,603.38,1776210299999,3177563.8679,695,0.106,558.2914,0
1776210300000,5265.2,5265.2,5264.6,5264.9,38.896,1776210479999,204780.5124,522,0.559,2943.0242,0
1776210480000,5264.9,5266.1,5264.6,5265.9,1.939,1776210659999,10210.1024,482,1.519,7998.6771,0
1776210660000,5265.9,5265.9,5262.8,5262.8,1.855,1776210839999,9764.9060,346,0,0,0
1776210840000,5262.8,5264.6,5262.4,5264.6,1.817,1776211019999,9563.1497,481,0.248,1305.3426,0
1776211020000,5264.6,5267.4,5264.6,5265.6,121.496,1776211199999,639847.0510,479,120.628,635275.7309,0
1776211200000,5265.6,5270.4,5265.5,5268.3,57.974,1776211379999,305448.0434,377,56.055,295341.3770,0
1776211380000,5268.3,5275.0,5268.1,5275.0,157.099,1776211559999,828329.0325,509,156.238,823792.7613,0
1776211560000,5275.0,5276.3,5273.6,5273.6,25.652,1776211739999,135336.1447,346,19.836,104651.0031,0
1776211740000,5273.6,5276.3,5273.6,5276.3,1.714,1776211919999,9040.8736,330,0.079,416.8277,0
1776211920000,5276.3,5276.8,5273.2,5274.5,27.102,1776212099999,142926.1402,409,17.797,93857.0067,0
1776212100000,5274.5,5276.7,5274.5,5276.7,138.832,1776212279999,732377.7451,450,138.743,731908.2313,0
1776212280000,5276.7,5277.9,5276.7,5277.9,61.003,1776212459999,321921.4119,461,60.129,317309.1491,0
1776212460000,5277.9,5278.7,5275.7,5277.7,65.18,1776212639999,343975.2874,366,42.135,222387.5521,0
1776212640000,5277.7,5277.7,5275.2,5275.2,28.727,1776212819999,151554.5283,351,0.654,3451.5932,0
1776212820000,5275.4,5275.5,5274.2,5274.4,33.961,1776212999999,179147.8608,368,14.229,75062.4288,0
1776213000000,5274.4,5276.1,5274.2,5276.1,66.818,1776213179999,352494.5628,378,65.950,347915.7132,0
1776213180000,5276.1,5276.9,5275.9,5276.9,63.735,1776213359999,336278.1859,467,63.216,333539.9678,0
1776213360000,5276.9,5278.1,5276.9,5278.1,102.769,1776213539999,542399.2815,465,102.473,540837.1406,0
1776213540000,5278.1,5279.2,5278.1,5279.2,85.143,1776213719999,449445.9232,431,49.250,259966.2323,0
1776213720000,5279.2,5279.2,5278.7,5279.0,16.764,1776213899999,88494.2517,356,15.543,82048.6448,0
1776213900000,5279.0,5279.1,5276.1,5276.1,499.016,1776214079999,2633658.0088,624,0.316,1668.1956,0
1776214080000,5276.1,5277.6,5276.0,5277.6,91.848,1776214259999,484594.6996,574,1.410,7439.9364,0
1776214260000,5277.6,5277.7,5276.0,5277.7,1.831,1776214439999,9663.2607,459,1.613,8512.8338,0
1776214440000,5277.7,5278.3,5276.0,5277.4,1.922,1776214619999,10143.5357,400,1.042,5499.4106,0
1776214620000,5277.4,5278.3,5276.0,5278.3,2.063,1776214799999,10888.8883,460,1.652,8719.5739,0
1776214800000,5278.3,5278.3,5276.0,5278.0,1.798,1776214979999,9489.5153,376,1.320,6966.9026,0
1776214980000,5278.0,5278.0,5277.5,5277.6,1.79,1776215159999,9447.4274,502,0.544,2871.2320,0
1776215160000,5277.6,5278.0,5276.0,5277.3,1.82,1776215339999,9605.7363,483,1.352,7135.8220,0
1776215340000,5277.6,5278.0,5276.8,5278.0,1.943,1776215519999,10254.0032,390,1.454,7673.3854,0
1776215520000,5278.0,5279.2,5276.0,5279.1,1.863,1776215699999,9834.6382,376,1.293,6825.5743,0
1776215700000,5279.1,5279.4,5276.0,5279.2,2.014,1776215879999,10631.5398,438,1.398,7380.1740,0
1776215880000,5279.4,5279.4,5276.0,5279.2,1.779,1776216059999,9391.6647,367,0.258,1362.0746,0
1776216060000,5279.3,5279.3,5276.0,5279.2,1.866,1776216239999,9850.9025,350,0.688,3632.0948,0
1776216240000,5279.2,5279.2,5276.0,5278.5,1.899,1776216419999,10024.3356,363,1.442,7612.1404,0
1776216420000,5278.5,5280.0,5276.0,5280.0,1.884,1776216599999,9945.6287,438,1.760,9291.0816,0
1776216600000,5280.0,5280.0,5276.0,5280.0,1.809,1776216779999,9551.4690,349,1.381,7291.6800,0
1776216780000,5280.0,5283.1,5276.0,5283.1,1.789,1776216959999,9448.9839,385,1.443,7621.8607,0
1776216960000,5283.1,5283.1,5276.0,5280.4,1.686,1776217139999,8903.7036,328,0.394,2080.7894,0
1776217140000,5280.4,5280.4,5275.1,5275.1,41.182,1776217319999,217271.4706,464,0.245,1293.6158,0
1776217320000,5275.4,5275.4,5274.5,5274.5,39.865,1776217499999,210285.4386,424,0.015,79.1250,0
1776217500000,5274.5,5274.5,5271.0,5271.0,217.326,1776217679999,1146070.9427,572,0.010,52.7270,0
1776217680000,5271.1,5271.4,5270.9,5271.4,1.755,1776217859999,9250.9069,405,1.047,5519.0487,0
1776217860000,5271.4,5271.4,5269.7,5271.4,396.615,1776218039999,2090446.5203,542,44.393,234001.6289,0
1776218040000,5271.4,5275.5,5271.2,5274.9,171.994,1776218219999,906745.4330,494,171.706,905226.2549,0
1776218220000,5275.5,5275.5,5271.9,5271.9,1.731,1776218399999,9127.2196,353,0.021,110.7815,0
1776218400000,5275.5,5275.5,5270.1,5270.2,1.772,1776218579999,9339.0835,334,0.015,79.1325,0
1776218580000,5275.5,5275.5,5269.6,5269.6,1.937,1776218759999,10207.9980,469,0.018,94.9272,0
1776218760000,5275.5,5275.5,5269.1,5269.1,1.911,1776218939999,10069.9099,421,0.010,52.7550,0
1776218940000,5269.1,5269.1,5268.4,5268.4,1.906,1776219119999,10042.7598,385,0,0,0
1776219120000,5275.5,5275.5,5267.4,5267.4,1.832,1776219299999,9650.7021,505,0.075,395.2500,0
1776219300000,5268.0,5275.5,5266.6,5267.3,2.668,1776219479999,14052.5291,426,0.010,52.7250,0
1776219480000,5267.3,5275.5,5266.6,5268.3,1.928,1776219659999,10157.4014,351,0.010,52.7550,0
1776219660000,5268.2,5275.5,5266.6,5268.3,1.875,1776219839999,9877.8663,387,0.030,158.1054,0
1776219840000,5275.5,5275.5,5266.6,5267.7,1.742,1776220019999,9178.4126,346,0.015,79.1325,0
1776220020000,5275.5,5275.5,5266.6,5267.2,1.901,1776220199999,10015.3493,355,0.015,79.1325,0
1776220200000,5275.5,5275.5,5266.6,5269.3,1.708,1776220379999,8998.0820,352,0.048,252.9335,0
1776220380000,5275.5,5275.5,5266.6,5270.9,2.053,1776220559999,10820.3155,361,0.071,374.5605,0
1776220560000,5275.5,5275.5,5266.6,5271.2,1.895,1776220739999,9989.2212,391,0.053,279.4813,0
1776220740000,5272.4,5275.5,5266.6,5272.2,2.003,1776220919999,10559.6098,360,0.015,79.1294,0
1776220920000,5275.5,5275.5,5266.6,5272.9,1.993,1776221099999,10508.6398,382,0.089,469.3245,0
1776221100000,5272.9,5272.9,5266.6,5272.9,2.298,1776221279999,12113.0477,407,1.173,6184.7216,0
1776221280000,5272.9,5274.1,5266.6,5274.0,1.855,1776221459999,9782.9133,363,0.845,4456.2843,0
1776221460000,5274.1,5274.6,5266.6,5274.4,1.739,1776221639999,9171.7043,373,1.476,7784.7009,0
1776221640000,5274.7,5274.7,5266.6,5272.6,1.607,1776221819999,8474.7403,438,0.158,833.2711,0
1776221820000,5272.6,5274.7,5266.6,5271.9,1.887,1776221999999,9947.5786,507,0.156,822.4523,0
1776222000000,5271.9,5274.7,5266.6,5272.1,1.828,1776222179999,9638.7531,433,0.100,527.3507,0
1776222180000,5274.7,5274.7,5266.6,5270.4,1.912,1776222359999,10078.0081,399,0.050,263.6054,0
1776222360000,5274.7,5274.7,5266.6,5270.9,1.956,1776222539999,10309.8290,372,0.015,79.1205,0
1776222540000,5274.7,5274.7,5266.6,5270.0,1.946,1776222719999,10255.8646,399,0.050,263.5703,0
1776222720000,5270.0,5274.7,5266.6,5269.7,1.928,1776222899999,10160.3658,373,0.015,79.1158,0
1776222900000,5274.7,5274.7,5266.6,5268.5,1.98,1776223079999,10432.5980,369,0.015,79.1205,0
1776223080000,5268.5,5274.7,5266.6,5268.1,1.694,1776223259999,8924.2774,313,0.014,73.8198,0
1776223260000,5268.2,5274.7,5266.6,5266.7,1.625,1776223439999,8559.1588,337,0.029,152.8097,0
1776223440000,5266.8,5274.7,5265.9,5268.0,1.885,1776223619999,9927.7433,375,0.010,52.7391,0
1776223620000,5268.0,5274.7,5266.8,5267.5,1.752,1776223799999,9228.7992,404,0.005,26.3735,0
1776223800000,5267.5,5274.7,5265.4,5265.5,1.884,1776223979999,9922.0290,448,0.019,100.1473,0
1776223980000,5274.7,5274.7,5265.4,5267.3,1.957,1776224159999,10307.2609,354,0.010,52.7470,0
1776224160000,5274.7,5274.7,5267.1,5267.5,2.023,1776224339999,10656.0029,341,0.005,26.3735,0
1776224340000,5267.5,5274.7,5265.7,5267.5,1.922,1776224519999,10122.8214,357,0.010,52.7470,0
1776224520000,5274.7,5274.7,5265.7,5267.5,1.754,1776224699999,9239.1710,437,0.100,526.8387,0
1776224700000,5274.7,5274.7,5265.7,5267.0,1.738,1776224879999,9154.3090,337,0.010,52.7470,0
1776224880000,5274.7,5274.7,5265.7,5267.4,1.921,1776225059999,10118.3512,349,0.015,79.1205,0
1776225060000,5274.7,5274.7,5265.7,5267.0,1.958,1776225239999,10314.4032,392,0.044,231.8694,0
1776225240000,5274.7,5274.7,5265.7,5267.0,1.82,1776225419999,9585.7501,392,0.672,3539.4482,0
1776225420000,5267.0,5267.0,5265.7,5267.0,1.763,1776225599999,9285.7080,337,1.753,9233.0510,0
1776225600000,5267.0,5267.0,5265.7,5265.7,12.455,1776225779999,65585.4852,309,0.868,4571.6972,0
1776225780000,5265.7,5265.7,5264.0,5264.0,128.616,1776225959999,677147.2669,474,0,0,0
1776225960000,5264.0,5264.0,5263.6,5263.7,5.187,1776226139999,27303.8984,422,1.237,6511.2062,0
1776226140000,5263.7,5265.5,5263.5,5265.5,126.683,1776226319999,666896.3470,406,126.153,664106.6288,0
1776226320000,5265.5,5265.5,5264.8,5265.4,18.675,1776226499999,98323.2836,402,1.117,5881.2071,0
1776226500000,5265.4,5265.4,5263.9,5265.3,1.792,1776226679999,9434.9870,380,0.852,4486.1208,0
1776226680000,5265.4,5267.0,5263.9,5267.0,1.959,1776226859999,10316.7029,489,1.583,8336.6647,0
1776226860000,5267.0,5267.0,5263.9,5266.4,2.684,1776227039999,14134.1563,367,1.877,9886.1590,0
1776227040000,5267.0,5267.0,5263.9,5265.1,1.734,1776227219999,9130.8523,399,0.368,1937.8858,0
1776227220000,5265.2,5266.7,5263.9,5266.7,2.076,1776227399999,10932.3617,424,2.042,10753.3663,0
1776227400000,5266.7,5267.0,5263.9,5267.0,1.932,1776227579999,10175.7352,372,1.832,9649.1044,0
1776227580000,5267.0,5267.0,5263.9,5267.0,1.811,1776227759999,9538.5060,354,1.801,9485.8670,0
1776227760000,5267.0,5267.0,5263.9,5266.6,2.069,1776227939999,10897.1743,382,1.792,9438.3536,0
1776227940000,5266.6,5267.0,5263.9,5267.0,1.864,1776228119999,9817.2603,433,1.408,7415.7336,0
1776228120000,5267.0,5267.0,5263.9,5267.0,1.686,1776228299999,8880.1155,322,1.671,8801.1570,0
1776228300000,5267.0,5267.0,5263.9,5266.1,1.968,1776228479999,10365.1505,364,1.431,7537.0770,0
1776228480000,5266.1,5267.0,5263.9,5266.3,1.912,1776228659999,10070.1179,365,1.409,7421.0957,0
1776228660000,5266.6,5266.6,5263.9,5265.2,1.941,1776228839999,10220.7370,416,0.555,2922.5692,0
1776228840000,5265.2,5265.9,5263.9,5264.6,1.88,1776229019999,9898.9667,414,1.042,5486.6966,0
1776229020000,5264.6,5265.2,5263.3,5263.3,29.13,1776229199999,153327.9859,408,0.145,763.3737,0
1776229200000,5263.5,5263.5,5260.0,5260.0,316.297,1776229379999,1664332.6711,789,0.015,78.9410,0
1776229380000,5260.2,5260.2,5259.4,5260.0,53.442,1776229559999,281095.9767,507,13.255,69719.3689,0
1776229560000,5260.0,5260.5,5260.0,5260.5,68.133,1776229739999,358400.7034,387,67.637,355791.5713,0
1776229740000,5260.5,5261.3,5258.8,5259.2,199.138,1776229919999,1047437.7070,662,59.531,313178.8568,0
1776229920000,5259.2,5260.2,5258.8,5260.2,2.126,1776230099999,11181.8623,392,1.644,8647.0275,0
1776230100000,5260.2,5262.2,5258.8,5262.2,1.974,1776230279999,10384.8602,374,1.375,7234.1026,0
1776230280000,5262.2,5263.4,5258.8,5263.2,1.989,1776230459999,10467.8299,406,1.654,8704.7120,0
1776230460000,5263.4,5264.3,5258.8,5263.2,1.65,1776230639999,8685.0201,324,1.050,5527.0052,0
1776230640000,5263.4,5263.4,5258.8,5259.3,1.564,1776230819999,8229.2976,354,0.248,1304.5652,0
1776230820000,5259.3,5260.8,5258.8,5259.1,1.618,1776230999999,8510.5196,337,0.633,3329.7345,0
1776231000000,5259.2,5259.4,5256.9,5258.8,132.241,1776231179999,695350.2254,476,0.446,2345.4383,0
1776231180000,5259.3,5259.3,5256.8,5257.4,1.918,1776231359999,10084.7985,376,0.147,772.9210,0
1776231360000,5257.4,5259.6,5257.4,5259.2,64.018,1776231539999,336673.3769,433,63.008,331362.2094,0
1776231540000,5259.2,5260.1,5258.9,5259.7,133.577,1776231719999,702575.6677,501,133.115,700145.7422,0
1776231720000,5259.7,5261.2,5259.4,5261.2,13.699,1776231899999,72051.6790,401,1.463,7696.4150,0
1776231900000,5261.2,5261.2,5259.4,5259.7,4.985,1776232079999,26226.1935,315,4.313,22691.5556,0
1776232080000,5261.2,5261.8,5259.4,5261.7,1.799,1776232259999,9464.3677,395,0.455,2393.9427,0
1776232260000,5261.8,5261.9,5259.4,5261.9,1.892,1776232439999,9955.3070,386,1.493,7856.0106,0
1776232440000,5261.9,5263.2,5259.4,5263.0,1.769,1776232619999,9309.9851,358,1.069,5626.0269,0
1776232620000,5263.2,5263.2,5259.4,5262.3,1.718,1776232799999,9040.0984,402,0.945,4972.7344,0
1776232800000,5262.3,5263.8,5259.4,5263.7,1.816,1776232979999,9557.7762,425,1.429,7521.3844,0
1776232980000,5263.8,5265.0,5259.4,5265.0,1.558,1776233159999,8201.9007,343,1.361,7164.9100,0
1776233160000,5265.0,5265.0,5259.4,5263.7,1.693,1776233339999,8912.2603,335,0.872,4590.8340,0
1776233340000,5263.8,5263.8,5259.4,5262.8,1.726,1776233519999,9084.2070,498,0.257,1352.5035,0
1776233520000,5263.0,5264.0,5259.4,5263.9,1.418,1776233699999,7463.4420,280,0.670,3526.6122,0
1776233700000,5264.0,5264.0,5259.4,5263.4,1.718,1776233879999,9042.3540,367,0.304,1600.1496,0
1776233880000,5263.4,5265.5,5259.4,5264.9,1.633,1776234059999,8596.6394,331,1.429,7522.7051,0
1776234060000,5265.0,5265.7,5259.4,5264.9,1.615,1776234239999,8503.3020,295,0.840,4423.0026,0
1776234240000,5265.5,5265.5,5259.4,5263.1,1.605,1776234419999,8447.6354,385,0.201,1057.9140,0
1776234420000,5263.1,5264.3,5259.4,5264.3,1.384,1776234599999,7284.2069,289,0.884,4652.9981,0
1776234600000,5264.3,5265.4,5259.4,5265.4,1.589,1776234779999,8365.5158,310,1.272,6696.8817,0
1776234780000,5265.4,5265.4,5259.4,5264.9,1.775,1776234959999,9345.5284,346,0.708,3727.8998,0
1776234960000,5265.0,5265.9,5259.4,5265.9,1.482,1776235139999,7803.1375,315,0.901,4744.2021,0
1776235140000,5266.0,5267.0,5259.4,5267.0,1.389,1776235319999,7315.0436,307,1.034,5445.7162,0
1776235320000,5267.0,5267.0,5259.4,5265.9,1.562,1776235499999,8226.3289,319,0.918,4835.0782,0
1776235500000,5266.0,5266.2,5259.4,5264.5,1.653,1776235679999,8701.4469,366,0.405,2132.2656,0
1776235680000,5264.7,5264.7,5259.4,5263.2,1.296,1776235859999,6821.2560,271,0.388,2042.3026,0
1776235860000,5263.2,5263.3,5259.4,5263.3,1.687,1776236039999,8878.6080,370,1.108,5831.5080,0
1776236040000,5263.3,5263.3,5259.4,5262.6,1.478,1776236219999,7778.7967,312,0.671,3531.6483,0
1776236220000,5262.8,5263.3,5259.4,5263.3,1.496,1776236399999,7872.8328,330,0.406,2136.7778,0
1776236400000,5263.3,5263.3,5259.4,5261.7,1.819,1776236579999,9570.9017,365,0.899,4730.1632,0
1776236580000,5261.7,5261.7,5259.4,5261.4,2.588,1776236759999,13615.6100,336,0.817,4298.7930,0
1776236760000,5261.4,5261.6,5259.4,5261.3,2.517,1776236939999,13241.9046,285,1.209,6361.2539,0
1776236940000,5261.5,5261.5,5259.4,5260.6,2.281,1776237119999,11999.2467,249,0.789,4150.6224,0
1776237120000,5260.6,5261.1,5259.4,5260.6,1.354,1776237299999,7123.3533,294,1.207,6350.0631,0
1776237300000,5260.7,5260.7,5259.4,5259.4,1.502,1776237479999,7901.1543,350,0.557,2930.1556,0
1776237480000,5259.5,5259.5,5257.2,5257.4,135.606,1776237659999,713029.3671,476,0.201,1056.7534,0
1776237660000,5257.4,5258.5,5257.2,5258.5,1.348,1776237839999,7087.9954,273,1.315,6914.4862,0
1776237840000,5258.5,5258.5,5257.2,5258.2,1.57,1776238019999,8255.7573,297,1.043,5484.6155,0
1776238020000,5258.4,5258.5,5256.2,5257.3,43.141,1776238199999,226787.0121,388,14.683,77183.4978,0
1776238200000,5257.8,5258.2,5253.2,5253.2,263.845,1776238379999,1386549.0316,579,0.372,1955.8659,0
1776238380000,5253.5,5253.5,5250.3,5250.8,108.296,1776238559999,568772.7181,312,8.813,46276.6179,0
1776238560000,5251.1,5252.6,5250.8,5252.6,7.511,1776238739999,39446.5239,343,7.267,38165.2667,0
1776238740000,5252.6,5256.0,5252.1,5252.1,177.752,1776238919999,933786.8937,390,177.065,930177.4913,0
1776238920000,5256.0,5256.0,5251.7,5253.7,1.317,1776239099999,6916.6829,245,0.005,26.2800,0
1776239100000,5253.7,5256.0,5251.7,5252.7,1.606,1776239279999,8436.1327,335,0.005,26.2800,0
1776239280000,5252.7,5256.0,5252.4,5255.7,1.562,1776239459999,8205.6000,307,0.015,78.8400,0
1776239460000,5255.7,5257.9,5255.7,5257.2,166.144,1776239639999,873463.8249,351,166.038,872906.5995,0
1776239640000,5257.2,5260.0,5256.1,5260.0,48.429,1776239819999,254667.0777,334,47.947,252133.1325,0
1776239820000,5260.0,5262.9,5260.0,5260.7,47.112,1776239999999,247847.9093,354,45.666,240238.8989,0
1776240000000,5260.7,5262.9,5258.8,5260.3,2.625,1776240179999,13811.5608,212,1.448,7620.6792,0
1776240180000,5260.3,5262.9,5259.9,5260.2,1.553,1776240359999,8169.3737,286,0.010,52.6290,0
1776240360000,5262.9,5262.9,5259.8,5260.0,1.434,1776240539999,7542.9436,303,0.029,152.5762,0
1776240540000,5260.2,5262.9,5258.5,5258.8,1.412,1776240719999,7426.4667,271,0.015,78.9408,0
1776240720000,5262.9,5262.9,5258.4,5258.4,1.371,1776240899999,7209.9356,288,0.005,26.3145,0
1776240900000,5262.9,5262.9,5258.4,5260.6,1.383,1776241079999,7273.8527,259,0.010,52.6290,0
1776241080000,5262.9,5262.9,5260.6,5261.0,1.315,1776241259999,6918.6023,258,0.015,78.9435,0
1776241260000,5261.0,5262.9,5259.9,5260.2,1.358,1776241439999,7143.6907,312,0.018,94.7322,0
1776241440000,5260.2,5262.9,5259.3,5259.3,1.046,1776241619999,5501.8679,221,0.010,52.6290,0
1776241620000,5262.9,5262.9,5258.8,5258.8,1.372,1776241799999,7215.4040,251,0.005,26.3145,0
1776241800000,5258.8,5262.9,5258.6,5259.2,1.53,1776241979999,8046.2902,324,0.010,52.6290,0
1776241980000,5262.9,5262.9,5258.0,5258.7,1.717,1776242159999,9029.0694,396,0.054,284.0366,0
1776242160000,5262.9,5262.9,5258.0,5259.7,0.986,1776242339999,5185.1696,226,0.032,168.3584,0
1776242340000,5259.7,5259.8,5258.0,5259.8,1.498,1776242519999,7879.1224,438,0.285,1499.0429,0
1776242520000,5259.8,5262.9,5258.0,5260.1,1.641,1776242699999,8631.6086,336,0.040,210.4168,0
1776242700000,5260.1,5262.9,5258.0,5260.1,1.837,1776242879999,9662.6977,339,0.015,78.9435,0
1776242880000,5262.9,5262.9,5258.0,5260.0,1.484,1776243059999,7805.6533,310,0.042,220.9468,0
1776243060000,5260.0,5262.9,5258.0,5260.1,1.65,1776243239999,8678.9139,412,0.117,615.4428,0
1776243240000,5262.9,5262.9,5258.0,5261.1,1.855,1776243419999,9758.0503,376,0.037,194.6632,0
1776243420000,5261.1,5262.9,5258.0,5261.2,1.499,1776243599999,7886.3633,306,0.026,136.8160,0
1776243600000,5261.2,5262.9,5258.0,5261.3,1.727,1776243779999,9086.1654,430,0.104,547.1832,0
1776243780000,5261.3,5262.9,5258.0,5262.0,1.425,1776243959999,7497.1604,313,0.073,384.1053,0
1776243960000,5262.9,5263.7,5258.0,5262.9,1.696,1776244139999,8925.2616,307,0.450,2368.4377,0
1776244140000,5262.9,5263.7,5258.0,5262.5,1.577,1776244319999,8298.1575,360,0.069,363.0846,0
1776244320000,5262.5,5263.7,5258.0,5260.1,0.712,1776244499999,3745.8263,147,0.005,26.3185,0
1776244500000,5260.1,5261.4,5258.0,5259.9,1.392,1776244679999,7322.1966,259,0,0,0
1776244680000,5259.9,5263.7,5258.0,5261.2,0.949,1776244859999,4993.1291,183,0.010,52.6370,0
1776244860000,5261.2,5263.7,5258.0,5261.8,1.107,1776245039999,5823.7752,198,0.010,52.6370,0
1776245040000,5263.7,5263.7,5258.0,5262.5,1.685,1776245219999,8867.0239,397,0.094,494.6913,0
1776245220000,5262.5,5264.1,5258.0,5264.1,2.038,1776245399999,10726.5265,398,0.821,4321.5833,0
1776245400000,5264.1,5264.9,5258.0,5264.7,1.926,1776245579999,10139.5811,425,1.775,9344.7133,0
1776245580000,5264.9,5266.5,5258.0,5265.4,1.878,1776245759999,9888.1811,387,1.181,6218.5540,0
1776245760000,5265.4,5265.4,5258.0,5265.3,1.959,1776245939999,10314.6634,371,0.803,4228.1162,0
1776245940000,5265.4,5265.4,5258.0,5265.2,1.993,1776246119999,10493.6349,420,1.916,10088.3163,0
1776246120000,5265.2,5265.2,5258.0,5265.2,2.122,1776246299999,11172.6459,394,2.106,11088.5112,0
1776246300000,5265.2,5265.2,5258.0,5265.2,1.736,1776246479999,9140.2792,344,1.721,9061.4092,0
1776246480000,5265.2,5265.2,5258.0,5265.2,1.739,1776246659999,9156.0748,340,1.724,9077.2048,0
1776246660000,5265.2,5265.2,5258.0,5265.2,1.98,1776246839999,10424.9880,390,1.965,10346.1180,0
1776246840000,5265.2,5265.2,5258.0,5265.2,2.044,1776247019999,10761.9608,388,2.029,10683.0908,0
1776247020000,5265.2,5265.2,5258.0,5265.2,2.029,1776247199999,10683.0188,389,2.019,10630.4388,0
1776247200000,5265.2,5265.2,5265.2,5265.2,1.991,1776247379999,10483.0132,374,1.991,10483.0132,0
1776247380000,5265.2,5265.2,5258.0,5265.2,2.101,1776247559999,11062.0772,394,2.086,10983.2072,0
1776247560000,5265.2,5265.2,5258.0,5265.2,1.962,1776247739999,10330.2144,372,1.947,10251.3444,0
1776247740000,5265.2,5265.2,5258.0,5265.2,2.113,1776247919999,11125.1804,384,2.026,10667.2952,0
1776247920000,5265.2,5265.2,5258.0,5265.2,2.157,1776248099999,11356.9644,384,2.147,11304.3844,0
1776248100000,5265.2,5265.2,5258.0,5265.2,2.049,1776248279999,10788.2868,374,2.034,10709.4168,0
1776248280000,5265.2,5265.2,5258.0,5265.2,2.094,1776248459999,11025.1874,384,1.912,10067.0624,0
1776248460000,5265.2,5265.2,5258.0,5265.2,1.949,1776248639999,10261.7668,378,1.934,10182.8968,0
1776248640000,5265.2,5265.2,5258.0,5264.8,1.908,1776248819999,10045.8828,367,1.781,9377.3212,0
1776248820000,5264.8,5265.2,5258.0,5265.2,2.068,1776248999999,10888.3008,386,1.991,10483.0132,0
1776249000000,5265.2,5265.2,5258.0,5265.2,1.85,1776249179999,9739.6081,364,0.895,4712.3540,0
1776249180000,5265.2,5265.2,5258.0,5263.8,1.831,1776249359999,9638.2302,365,1.159,6101.0061,0
1776249360000,5263.8,5263.8,5260.8,5261.3,1.811,1776249539999,9530.7430,376,0.854,4494.7076,0
1776249540000,5261.3,5262.5,5260.8,5260.8,1.814,1776249719999,9544.7577,335,0,0,0
1776249720000,5260.8,5261.8,5258.0,5260.4,2.614,1776249899999,13750.4741,346,0,0,0
1776249900000,5260.4,5263.9,5258.0,5262.9,1.89,1776250079999,9946.3298,407,0.740,3895.0002,0
1776250080000,5263.9,5263.9,5258.0,5260.1,1.945,1776250259999,10234.1467,375,0.015,78.9585,0
1776250260000,5260.1,5263.9,5257.2,5257.2,1.86,1776250439999,9782.9067,394,0.030,157.8477,0
1776250440000,5263.9,5263.9,5256.6,5257.4,1.779,1776250619999,9353.5164,359,0.010,52.6390,0
1776250620000,5257.4,5263.9,5257.2,5257.2,1.601,1776250799999,8417.9500,331,0.005,26.3195,0
1776250800000,5263.9,5263.9,5257.2,5258.8,1.804,1776250979999,9485.8983,354,0.005,26.3195,0
1776250980000,5263.9,5263.9,5254.9,5254.9,2.134,1776251159999,11218.4748,458,0.010,52.6390,0
1776251160000,5263.9,5263.9,5253.6,5255.7,1.966,1776251339999,10330.8265,417,0.015,78.9585,0
1776251340000,5263.9,5263.9,5253.6,5256.2,1.913,1776251519999,10055.8461,377,0.015,78.9585,0
1776251520000,5263.9,5263.9,5251.5,5251.7,1.988,1776251699999,10444.6487,394,0.015,78.9585,0
1776251700000,5263.9,5263.9,5251.5,5253.6,2.035,1776251879999,10691.2083,392,0.015,78.9585,0
1776251880000,5263.9,5263.9,5250.7,5250.7,2.026,1776252059999,10641.6597,403,0.015,78.9585,0
1776252060000,5263.9,5263.9,5250.7,5250.8,2.033,1776252239999,10675.2451,406,0.029,152.4023,0
1776252240000,5263.9,5263.9,5250.8,5250.8,2.156,1776252419999,11321.8465,407,0.015,78.9585,0
1776252420000,5263.9,5263.9,5250.4,5250.9,2.112,1776252599999,11089.6802,505,0.015,78.9585,0
1776252600000,5263.9,5263.9,5247.7,5247.7,2.075,1776252779999,10894.1118,494,0.035,183.9803,0
1776252780000,5263.9,5263.9,5247.6,5247.6,3.723,1776252959999,19537.8944,530,0.015,78.9585,0
1776252960000,5263.9,5263.9,5247.5,5248.8,1.907,1776253139999,10008.4529,424,0.062,325.5877,0
1776253140000,5249.2,5263.9,5247.1,5247.4,1.985,1776253319999,10417.5224,417,0.044,231.1222,0
1776253320000,5263.9,5263.9,5246.9,5246.9,2.051,1776253499999,10761.9900,529,0.015,78.9585,0
1776253500000,5263.9,5263.9,5241.6,5241.6,1.805,1776253679999,9467.7358,413,0.010,52.6390,0
1776253680000,5263.9,5263.9,5241.5,5243.4,2.879,1776253859999,15091.9914,472,1.395,7313.0351,0
1776253860000,5243.4,5263.9,5243.4,5246.4,1.909,1776254039999,10012.8237,392,0.153,802.4452,0
1776254040000,5263.9,5263.9,5245.9,5245.9,2.053,1776254219999,10770.7915,424,0.015,78.9585,0
1776254220000,5263.9,5263.9,5244.5,5244.5,1.895,1776254399999,9939.7771,390,0.015,78.9585,0
1776254400000,5263.9,5263.9,5243.9,5246.4,1.654,1776254579999,8676.2774,324,0.015,78.9585,0
1776254580000,5263.9,5263.9,5243.1,5243.1,1.908,1776254759999,10007.5644,412,0.028,147.1407,0
1776254760000,5263.9,5263.9,5243.0,5245.4,2.046,1776254939999,10730.5292,401,0.015,78.9585,0
1776254940000,5263.9,5263.9,5245.3,5247.4,1.88,1776255119999,9863.3193,376,0.015,78.9585,0
1776255120000,5263.9,5263.9,5246.6,5246.9,2.013,1776255299999,10562.7992,391,0.015,78.9585,0
1776255300000,5263.9,5263.9,5245.8,5245.8,2.089,1776255479999,10961.9866,391,0.103,542.1817,0
1776255480000,5245.8,5263.9,5245.5,5246.5,1.852,1776255659999,9716.3771,382,0.050,262.5686,0
1776255660000,5263.9,5263.9,5246.4,5246.6,1.958,1776255839999,10273.4522,458,0.084,440.9864,0
1776255840000,5246.9,5263.9,5246.0,5246.0,2.745,1776256019999,14416.1868,387,0.785,4132.1445,0
1776256020000,5263.9,5263.9,5246.0,5246.0,1.981,1776256199999,10392.6488,434,0.142,745.1101,0
1776256200000,5246.4,5263.9,5244.4,5244.4,4.293,1776256379999,22516.1256,499,0.042,220.3979,0
1776256380000,5244.7,5245.9,5244.5,5245.5,1.882,1776256559999,9871.3588,555,0.842,4416.6446,0
1776256560000,5245.9,5263.9,5245.3,5246.6,1.884,1776256739999,9883.6926,383,0.041,215.2438,0
1776256740000,5246.6,5263.9,5244.6,5244.8,6.344,1776256919999,33363.9095,392,4.581,24113.7639,0
1776256920000,5263.9,5263.9,5244.6,5245.7,1.919,1776257099999,10065.2377,470,0.337,1767.8103,0
1776257100000,5245.7,5246.9,5244.8,5246.7,1.817,1776257279999,9531.8755,456,0.396,2077.5520,0
1776257280000,5246.9,5263.9,5244.9,5244.9,1.979,1776257459999,10381.3689,400,0.024,126.0473,0
1776257460000,5244.9,5263.9,5244.7,5244.7,1.982,1776257639999,10395.9382,472,0.139,729.3031,0
1776257640000,5244.7,5263.9,5244.5,5246.0,2.083,1776257819999,10926.1863,471,0.074,388.4340,0
1776257820000,5246.1,5263.9,5244.9,5246.5,1.817,1776257999999,9531.0180,458,0.200,1049.4102,0
1776258000000,5246.5,5263.9,5246.0,5249.0,1.57,1776258179999,8238.6281,344,0.073,383.3275,0
1776258180000,5263.9,5263.9,5248.9,5250.8,1.71,1776258359999,8977.8070,463,0.336,1764.2267,0
1776258360000,5250.9,5263.9,5247.6,5249.3,1.748,1776258539999,9175.9975,354,0.065,341.4009,0
1776258540000,5249.3,5263.9,5249.0,5250.7,1.788,1776258719999,9386.5161,408,0.087,456.8491,0
1776258720000,5250.8,5263.9,5250.6,5251.4,1.81,1776258899999,9504.8831,375,0.044,231.2188,0
1776258900000,5263.9,5263.9,5250.6,5251.2,1.55,1776259079999,8139.6311,392,0.112,588.2675,0
1776259080000,5263.9,5263.9,5251.2,5251.6,1.574,1776259259999,8266.3492,302,0.015,78.9585,0
1776259260000,5263.9,5263.9,5251.5,5252.4,1.39,1776259439999,7300.0402,304,0.043,225.9910,0
1776259440000,5252.4,5263.9,5251.4,5251.4,1.359,1776259619999,7137.2519,260,0.005,26.3195,0
1776259620000,5263.9,5263.9,5251.2,5251.9,1.873,1776259799999,9836.5579,350,0.015,78.9585,0
1776259800000,5263.9,5263.9,5250.2,5251.1,1.769,1776259979999,9289.3026,410,0.187,982.3025,0
1776259980000,5252.0,5263.9,5247.9,5247.9,1.727,1776260159999,9066.8257,339,0.015,78.8990,0
1776260160000,5263.9,5263.9,5245.3,5246.0,1.754,1776260339999,9204.1573,364,0.015,78.9585,0
1776260340000,5263.9,5263.9,5243.9,5244.4,2.093,1776260519999,10978.0307,411,0.015,78.9585,0
1776260520000,5263.9,5263.9,5241.9,5242.0,31.299,1776260699999,164101.5067,408,0.015,78.9585,0
1776260700000,5263.9,5263.9,5241.1,5241.6,5.437,1776260879999,28500.5634,394,0.031,162.7315,0
1776260880000,5242.5,5243.9,5241.1,5241.6,2.421,1776261059999,12692.0581,456,0.696,3648.9907,0
1776261060000,5243.9,5243.9,5239.3,5240.0,2.043,1776261239999,10706.9338,431,0.015,78.6585,0
1776261240000,5243.9,5263.9,5238.9,5238.9,35.732,1776261419999,187212.0824,503,0.049,257.0513,0
1776261420000,5239.2,5263.9,5238.8,5242.5,9.723,1776261599999,50960.2376,489,1.848,9685.7501,0
1776261600000,5242.5,5242.6,5240.6,5240.8,1.989,1776261779999,10425.2274,449,0.056,293.5372,0
1776261780000,5242.6,5242.6,5237.6,5237.6,2.055,1776261959999,10767.1360,465,0.015,78.6390,0
1776261960000,5242.6,5242.6,5236.9,5236.9,2.142,1776262139999,11218.0597,448,0.015,78.6390,0
1776262140000,5242.6,5242.6,5236.7,5236.7,2.053,1776262319999,10752.0061,507,0.057,298.6089,0
1776262320000,5242.6,5242.6,5236.7,5238.3,2.01,1776262499999,10527.4118,374,0.010,52.4260,0
1776262500000,5238.3,5242.6,5237.3,5237.3,1.79,1776262679999,9378.4087,391,0.031,162.4592,0
1776262680000,5242.6,5242.6,5235.5,5236.2,1.841,1776262859999,9640.2811,408,0.072,377.1309,0
1776262860000,5236.2,5242.6,5235.6,5236.7,1.934,1776263039999,10127.8369,472,0.158,827.4432,0
1776263040000,5236.9,5242.6,4974.4,5237.6,2643.17,1776263219999,13821090.5771,720,0.320,1676.1010,0
1776263220000,5237.6,5242.6,5236.2,5237.0,1.75,1776263399999,9166.3131,500,0.455,2383.7557,0
1776263400000,5237.0,5239.7,5236.2,5238.7,1.752,1776263579999,9175.7894,470,0.437,2289.1424,0
1776263580000,5238.7,5238.7,5236.2,5236.4,1.662,1776263759999,8703.1762,439,0.184,963.5944,0
1776263760000,5239.7,5242.6,5234.1,5234.1,1.581,1776263939999,8277.3944,405,0.045,235.7167,0
1776263940000,5236.7,5242.6,5232.0,5232.0,1.727,1776264119999,9038.7365,366,0.028,146.6687,0
1776264120000,5232.0,5242.6,5230.8,5230.8,1.217,1776264299999,6366.8536,253,0.017,89.0652,0
1776264300000,5242.6,5242.6,5229.5,5230.0,1.101,1776264479999,5759.1291,217,0.015,78.6390,0
1776264480000,5242.6,5242.6,5225.9,5228.5,1.288,1776264659999,6733.3686,281,0.044,230.2434,0
1776264660000,5228.5,5242.6,5225.9,5226.6,1.624,1776264839999,8488.3513,324,0.038,198.8567,0
1776264840000,5242.6,5242.6,5225.9,5226.2,1.69,1776265019999,8833.0707,376,0.083,433.9964,0
1776265020000,5227.1,5242.6,5225.9,5226.0,1.138,1776265199999,5947.4319,228,0.015,78.6235,0
1776265200000,5242.6,5242.6,5220.0,5220.0,1.768,1776265379999,9233.2319,368,0.074,386.7134,0
1776265380000,5221.6,5221.6,5219.3,5219.3,1.536,1776265559999,8017.3359,273,0.010,52.2160,0
1776265560000,5219.3,5221.6,5214.9,5216.5,167.697,1776265739999,874733.6277,409,0.563,2936.6656,0
1776265740000,5216.5,5216.5,5214.0,5216.0,1.711,1776265919999,8923.8153,386,0.077,401.6656,0
1776265920000,5216.5,5216.5,5214.0,5214.0,1.429,1776266099999,7452.2175,287,0.015,78.2475,0
1776266100000,5216.5,5216.5,5213.0,5213.0,1.364,1776266279999,7111.7984,265,0.015,78.2475,0
1776266280000,5216.5,5216.5,4953.2,5214.9,2937.783,1776266459999,15293394.9615,540,0.015,78.2445,0
1776266460000,5216.2,5216.5,5214.9,5214.9,1.508,1776266639999,7864.0929,280,0.015,78.2472,0
1776266640000,5214.9,5216.5,5214.9,5215.4,1.37,1776266819999,7144.5947,243,0.005,26.0825,0
1776266820000,5215.4,5216.5,5214.9,5216.2,1.528,1776266999999,7968.6068,295,0.020,104.3300,0
1776267000000,5216.2,5217.7,5214.2,5214.2,34.66,1776267179999,180817.1892,313,33.540,174976.0136,0
1776267180000,5217.7,5217.7,5212.5,5213.9,1.447,1776267359999,7543.6589,351,0.015,78.2655,0
1776267360000,5217.7,5217.7,5211.8,5211.8,10.226,1776267539999,53298.7661,431,0.015,78.2655,0
1776267540000,5212.1,5213.2,5209.6,5211.6,75.49,1776267719999,393360.4264,392,10.476,54603.3906,0
1776267720000,5213.2,5213.2,5210.8,5210.8,1.502,1776267899999,7826.8110,297,0.015,78.1980,0
1776267900000,5213.2,5213.2,5209.4,5211.4,1.659,1776268079999,8644.4181,380,0.056,291.8220,0
1776268080000,5211.6,5213.2,5209.4,5210.6,1.525,1776268259999,7947.4367,291,0.015,78.1964,0
1776268260000,5213.2,5213.2,5209.4,5209.5,2.325,1776268439999,12113.3702,305,0.016,83.4072,0
1776268440000,5213.2,5213.2,5209.4,5210.5,1.218,1776268619999,6345.4642,242,0.015,78.1980,0
1776268620000,5210.3,5210.3,5209.3,5209.4,1.394,1776268799999,7262.2692,302,0,0,0
1776268800000,5209.4,5213.2,5209.3,5209.5,2.607,1776268979999,13582.2754,279,0.034,177.1953,0
1776268980000,5210.8,5213.2,5209.3,5210.5,1.591,1776269159999,8288.5604,275,0.010,52.1272,0
1776269160000,5210.5,5213.2,5209.3,5209.3,1.627,1776269339999,8476.6740,320,0.005,26.0660,0
1776269340000,5209.3,5213.2,5206.6,5206.6,1.744,1776269519999,9084.3234,410,0.005,26.0660,0
1776269520000,5213.2,5213.2,5204.3,5204.7,1.365,1776269699999,7104.8586,283,0.015,78.1980,0
1776269700000,5213.2,5213.2,5204.4,5204.4,1.442,1776269879999,7505.6466,337,0.042,218.6811,0
1776269880000,5204.4,5213.2,5204.4,5207.0,1.308,1776270059999,6807.7217,246,0.005,26.0660,0
1776270060000,5213.2,5213.2,5204.4,5204.4,0.966,1776270239999,5028.4633,250,0.010,52.1320,0
1776270240000,5213.2,5213.2,5201.0,5201.0,1.64,1776270419999,8531.7151,389,0.015,78.1980,0
1776270420000,5213.2,5213.2,5200.5,5200.8,1.622,1776270599999,8435.7580,314,0.015,78.1980,0
1776270600000,5213.2,5213.2,5200.0,5200.1,1.468,1776270779999,7634.3435,269,0.015,78.1980,0
1776270780000,5213.2,5213.2,5200.0,5200.0,1.413,1776270959999,7347.8646,264,0.015,78.1980,0
1776270960000,5213.2,5213.2,5198.5,5199.6,1.554,1776271139999,8078.8961,332,0.010,52.1320,0
1776271140000,5199.6,5213.2,5199.5,5200.5,1.368,1776271319999,7115.0410,326,0.010,52.1320,0
1776271320000,5213.2,5213.2,5198.5,5198.5,1.432,1776271499999,7446.0346,300,0.015,78.1980,0
1776271500000,5213.2,5213.2,5198.5,5198.5,1.472,1776271679999,7652.7216,283,0.005,26.0660,0
1776271680000,5198.5,5213.2,5197.1,5197.1,71.863,1776271859999,373537.1575,535,0.010,52.0565,0
1776271860000,5197.3,5197.3,5194.2,5195.1,70.982,1776272039999,368810.1375,358,0.146,758.5154,0
1776272040000,5195.1,5196.4,5194.8,5196.4,39.771,1776272219999,206633.0809,366,39.516,205308.3319,0
1776272220000,5196.4,5196.4,5193.0,5193.0,121.119,1776272399999,629106.2101,372,0.187,971.7013,0
1776272400000,5193.0,5194.9,5193.0,5194.8,39.642,1776272579999,205901.3706,320,28.556,148331.6988,0
1776272580000,5194.8,5195.0,5194.1,5194.3,10.949,1776272759999,56872.8987,279,0.636,3303.9797,0
1776272760000,5194.3,5194.3,5190.6,5190.6,311.419,1776272939999,1617282.8685,518,0.010,51.9360,0
1776272940000,5191.2,5192.0,5190.5,5191.6,53.823,1776273119999,279415.3920,447,51.120,265385.1291,0
1776273120000,5192.0,5192.6,5191.0,5192.6,136.601,1776273299999,709256.9898,356,129.822,674065.7298,0
1776273300000,5192.6,5192.9,5192.2,5192.4,10.626,1776273479999,55177.4469,338,9.976,51802.3865,0
1776273480000,5192.9,5194.5,5192.4,5194.5,45.039,1776273659999,233903.9016,270,44.955,233467.7148,0
1776273660000,5194.5,5194.6,5193.7,5194.6,16.682,1776273839999,86654.5339,173,16.392,85148.2360,0
1776273840000,5194.6,5195.0,5193.1,5193.5,34.919,1776274019999,181389.3968,289,34.351,178439.2431,0
1776274020000,5193.2,5195.0,5190.8,5190.8,1.091,1776274199999,5664.2171,277,0.010,51.9500,0
1776274200000,5195.0,5195.0,5190.2,5191.4,1.464,1776274379999,7599.6189,358,0.015,77.9250,0
1776274380000,5195.0,5195.0,5190.6,5191.5,1.596,1776274559999,8286.6609,365,0.015,77.9250,0
1776274560000,5195.0,5195.0,5190.6,5192.3,1.791,1776274739999,9297.8249,454,0.045,233.6665,0
1776274740000,5195.0,5195.0,5192.1,5193.0,1.468,1776274919999,7623.8421,302,0.046,238.9166,0
1776274920000,5193.6,5195.2,5192.4,5195.2,18.527,1776275099999,96248.2087,316,17.397,90379.1597,0
1776275100000,5195.3,5196.4,5195.3,5196.0,55.383,1776275279999,287758.1532,426,54.877,285128.9041,0
1776275280000,5196.0,5196.5,5195.2,5195.2,1.267,1776275459999,6583.3464,284,0.211,1096.4446,0
1776275460000,5196.5,5196.5,5193.8,5195.7,1.642,1776275639999,8530.5201,319,0.060,311.7900,0
1776275640000,5196.5,5197.4,5195.4,5196.8,20.996,1776275819999,109112.5182,321,20.106,104487.8026,0
1776275820000,5197.4,5197.4,5194.5,5194.5,1.53,1776275999999,7948.5817,327,0.010,51.9740,0
1776276000000,5197.4,5197.4,5194.5,5194.5,1.376,1776276179999,7148.5659,279,0.010,51.9740,0
1776276180000,5197.4,5197.4,5192.5,5193.4,1.602,1776276359999,8320.7949,302,0.015,77.9610,0
1776276360000,5197.4,5197.4,5192.5,5195.5,1.392,1776276539999,7230.3813,281,0.015,77.9610,0
1776276540000,5197.4,5197.9,5192.5,5196.0,12.176,1776276719999,63272.8570,260,0.312,1621.6504,0
1776276720000,5196.0,5196.0,5193.4,5194.5,14.884,1776276899999,77314.8534,339,0.575,2986.9025,0
1776276900000,5194.5,5195.9,5194.5,5195.9,60.632,1776277079999,314989.2214,362,60.572,314677.4887,0
1776277080000,5195.9,5198.3,5195.7,5198.3,89.622,1776277259999,465753.6769,317,89.314,464153.3908,0
1776277260000,5198.3,5198.8,5198.3,5198.8,28.985,1776277439999,150680.0191,266,28.956,150529.2568,0
1776277440000,5198.8,5199.9,5198.5,5199.3,480.837,1776277619999,2499957.3210,513,448.558,2332114.4701,0
1776277620000,5199.4,5199.4,5199.2,5199.2,395.796,1776277799999,2057825.3255,343,0.005,25.9970,0
1776277800000,5199.3,5199.3,5199.2,5199.3,95.835,1776277979999,498270.2781,347,49.048,255015.2664,0
1776277980000,5199.3,5199.9,5198.6,5198.9,547.573,1776278159999,2847208.5173,448,409.545,2129478.0198,0
1776278160000,5199.3,5199.3,5195.9,5195.9,1.248,1776278339999,6486.2781,299,0.005,25.9965,0
1776278340000,5196.0,5196.0,5184.1,5195.9,2886.238,1776278519999,14976327.2031,651,1676.440,8697144.9177,0
1776278520000,5195.9,5197.0,5187.9,5197.0,269.935,1776278699999,1402758.2705,488,269.544,1400727.4598,0
1776278700000,5197.0,5197.2,5196.7,5196.8,165.009,1776278879999,857573.8341,334,164.086,852777.0989,0
1776278880000,5196.8,5196.8,5195.1,5195.4,1.167,1776279059999,6063.2720,233,0,0,0
1776279060000,5195.4,5196.0,5194.2,5194.2,1.482,1776279239999,7698.8260,319,0,0,0
1776279240000,5194.2,5194.3,5194.2,5194.2,1.422,1776279419999,7386.1834,246,0,0,0
1776279420000,5197.4,5197.4,5193.0,5194.8,1.609,1776279599999,8357.8766,304,0.010,51.9740,0
1776279600000,5194.8,5196.8,5194.8,5196.5,1.516,1776279779999,7877.9213,285,0,0,0
1776279780000,5196.5,5197.4,5194.7,5197.4,1.133,1776279959999,5887.1453,222,0.153,795.2022,0
1776279960000,5197.4,5201.1,5197.4,5201.1,324.344,1776280139999,1686275.0324,481,324.126,1685141.2836,0
1776280140000,5201.1,5201.8,5200.6,5200.6,23.633,1776280319999,122929.3791,435,22.929,119267.9242,0
1776280320000,5201.8,5205.9,5200.6,5204.5,1089.117,1776280499999,5668537.2077,521,824.552,4291327.4485,0
1776280500000,5205.2,5206.5,5204.5,5206.5,100.443,1776280679999,522900.7267,376,99.527,518133.2050,0
1776280680000,5206.5,5207.9,5204.6,5204.8,113.045,1776280859999,588663.6756,376,111.607,581177.5515,0
1776280860000,5208.0,5208.0,5204.8,5205.1,1.723,1776281039999,8969.0322,312,0.010,52.0800,0
1776281040000,5205.1,5208.0,5205.0,5206.2,1.684,1776281219999,8765.9318,395,0.005,26.0400,0
1776281220000,5206.2,5208.0,5205.2,5207.8,1.498,1776281399999,7799.2108,296,0.010,52.0800,0
1776281400000,5208.0,5209.4,5205.0,5209.4,1.494,1776281579999,7781.5398,290,1.167,6078.6698,0
1776281580000,5209.4,5210.5,5204.9,5207.0,1.916,1776281759999,9979.8455,383,0.959,4995.5859,0
1776281760000,5207.9,5207.9,5202.7,5206.2,176.531,1776281939999,918691.2208,448,0.553,2878.4264,0
1776281940000,5206.4,5207.8,5202.8,5204.5,1.332,1776282119999,6935.3309,260,0.998,5196.6314,0
1776282120000,5204.5,5206.6,5202.7,5206.6,1.912,1776282299999,9952.2853,396,1.304,6788.2025,0
1776282300000,5206.6,5206.6,5202.7,5202.7,1.343,1776282479999,6990.1408,262,0.430,2238.2992,0
1776282480000,5202.9,5205.9,5202.5,5205.9,8.141,1776282659999,42356.9873,370,3.377,17571.2370,0
1776282660000,5205.9,5207.9,5202.6,5207.9,1.638,1776282839999,8528.3595,319,1.325,6898.5483,0
1776282840000,5207.9,5208.9,5202.6,5204.8,1.658,1776283019999,8632.6841,333,0.568,2958.4460,0
1776283020000,5205.0,5207.2,5202.6,5202.8,1.194,1776283199999,6215.2648,249,0.655,3409.6758,0
1776283200000,5205.0,5205.0,5202.5,5203.7,7.127,1776283379999,37079.8218,240,5.979,31106.5047,0
1776283380000,5203.7,5204.9,5202.5,5204.9,262.411,1776283559999,1365714.7979,357,262.232,1364783.3850,0
1776283560000,5204.9,5210.4,5204.4,5210.4,1152.704,1776283739999,6004024.6728,393,914.814,4764531.2548,0
1776283740000,5210.4,5210.4,5208.0,5208.2,1.069,1776283919999,5567.7731,214,0.249,1296.9165,0
1776283920000,5208.2,5208.2,5206.5,5206.6,1.553,1776284099999,8087.7493,269,0,0,0
1776284100000,5206.6,5208.5,5206.6,5207.3,210.363,1776284279999,1095276.8921,240,0.330,1718.7090,0
1776284280000,5207.2,5208.5,5207.2,5208.4,1.455,1776284459999,7577.9495,360,0.376,1958.2695,0
1776284460000,5208.4,5213.9,5208.4,5213.9,846.336,1776284639999,4411564.8567,596,843.151,4394962.5799,0
1776284640000,5213.9,5216.7,5211.9,5212.7,1330.551,1776284819999,6939609.0183,319,341.108,1778809.4439,0
1776284820000,5214.0,5217.1,5212.0,5217.1,1.429,1776284999999,7451.3900,300,0.894,4662.2903,0
1776285000000,5217.1,5219.2,5216.5,5218.6,115.373,1776285179999,602020.0456,454,114.588,597924.6574,0
1776285180000,5219.2,5219.8,5218.6,5219.7,1.247,1776285359999,6508.2218,240,0.851,4441.6110,0
1776285360000,5219.7,5219.8,5217.8,5217.8,226.145,1776285539999,1180107.6411,441,0.174,908.1647,0
1776285540000,5217.9,5218.9,5217.5,5218.9,170.918,1776285719999,891908.7824,414,169.972,886973.0017,0
1776285720000,5219.0,5220.2,5219.0,5220.2,167.441,1776285899999,873925.8396,308,167.389,873654.4100,0
1776285900000,5220.2,5221.0,5219.6,5220.9,25.998,1776286079999,135728.8270,344,24.660,128744.2747,0
1776286080000,5220.9,5223.0,5220.8,5223.0,28.627,1776286259999,149489.4543,338,28.494,148795.0827,0
1776286260000,5223.0,5224.2,5223.0,5223.2,22.422,1776286439999,117117.4991,288,21.975,114782.7136,0
1776286440000,5224.2,5224.2,5221.3,5221.7,1.431,1776286619999,7472.7353,341,0.015,78.3630,0
1776286620000,5224.2,5224.2,5221.7,5222.3,1.699,1776286799999,8873.2125,352,0.010,52.2420,0
1776286800000,5224.2,5225.4,5222.3,5225.4,20.43,1776286979999,106736.9036,262,19.790,103393.7960,0
1776286980000,5225.4,5226.8,5225.4,5226.8,51.242,1776287159999,267792.0603,340,51.242,267792.0603,0
1776287160000,5226.8,5228.8,5226.8,5227.5,101.169,1776287339999,528920.1394,392,83.127,434595.7474,0
1776287340000,5227.8,5228.9,5227.5,5228.9,67.175,1776287519999,351236.9134,289,67.016,350405.7181,0
1776287520000,5228.9,5230.7,5228.9,5230.7,92.855,1776287699999,485597.1679,406,92.855,485597.1679,0
1776287700000,5230.7,5233.6,5230.7,5232.2,56.197,1776287879999,294013.9734,407,55.748,291664.5563,0
1776287880000,5232.2,5232.3,5231.9,5232.0,7.828,1776288059999,40957.5372,197,0.187,978.4173,0
1776288060000,5232.0,5232.1,5229.5,5229.7,460.491,1776288239999,2408924.8910,413,46.450,242979.9451,0
1776288240000,5229.7,5229.8,5229.1,5229.1,64.915,1776288419999,339467.3178,325,0.708,3702.6773,0
1776288420000,5229.4,5229.4,5227.6,5227.6,89.778,1776288599999,469403.1095,230,0.015,78.4375,0
1776288600000,5229.0,5229.0,5225.9,5225.9,26.932,1776288779999,140757.5502,245,11.359,59364.4290,0
1776288780000,5225.9,5225.9,5224.0,5225.8,47.247,1776288959999,246863.7564,313,5.881,30731.6112,0
1776288960000,5225.8,5226.5,5223.3,5223.3,74.631,1776289139999,389886.4113,290,5.763,30117.0013,0
1776289140000,5223.3,5223.3,5220.6,5222.3,245.861,1776289319999,1283966.4060,392,0.378,1973.7025,0
1776289320000,5222.3,5224.8,5220.6,5224.6,1.104,1776289499999,5767.0220,236,0.686,3583.4431,0
1776289500000,5224.9,5226.0,5220.5,5220.5,1.091,1776289679999,5697.9781,240,0.202,1055.5099,0
1776289680000,5226.0,5226.1,5218.3,5220.5,1.041,1776289859999,5433.8207,250,0.010,52.2608,0
1776289860000,5226.1,5226.1,5218.3,5221.1,0.893,1776290039999,4661.6610,166,0.010,52.2610,0
1776290040000,5221.1,5226.1,5218.3,5218.5,1.077,1776290219999,5622.0007,207,0.005,26.1305,0
1776290220000,5226.1,5226.1,5218.0,5218.7,0.793,1776290399999,4138.6769,198,0.034,177.6874,0
1776290400000,5218.7,5224.5,5215.8,5217.4,1.224,1776290579999,6386.2096,256,0.005,26.1225,0
1776290580000,5224.5,5224.5,5215.4,5215.4,1.328,1776290759999,6927.4812,298,0.044,229.6445,0
1776290760000,5224.5,5224.5,5212.2,5212.2,1.444,1776290939999,7528.9771,314,0.015,78.3675,0
1776290940000,5213.5,5213.5,5209.8,5210.9,1.305,1776291119999,6800.5613,256,0.027,140.7466,0
1776291120000,5210.9,5213.5,5209.8,5213.0,1.505,1776291299999,7844.8076,297,0.010,52.1350,0
1776291300000,5213.5,5213.5,5209.8,5213.5,1.497,1776291479999,7804.5499,277,1.463,7627.3505,0
1776291480000,5213.5,5213.5,5211.6,5213.5,1.419,1776291659999,7397.9185,276,1.399,7293.6865,0
1776291660000,5213.5,5213.5,5211.6,5213.5,1.541,1776291839999,8033.9750,298,1.526,7955.8010,0
1776291840000,5213.5,5215.6,5211.6,5214.6,1.466,1776292019999,7644.2817,299,0.834,4348.8176,0
1776292020000,5214.8,5215.7,5211.6,5215.7,1.54,1776292199999,8031.8299,307,1.024,5340.7510,0
1776292200000,5215.7,5216.3,5211.6,5215.5,1.527,1776292379999,7964.7035,390,0.918,4788.4046,0
1776292380000,5215.5,5217.1,5211.6,5217.1,1.532,1776292559999,7990.9509,324,0.554,2890.0437,0
1776292560000,5217.2,5219.2,5211.6,5219.2,1.525,1776292739999,7958.2117,309,0.961,5015.0531,0
1776292740000,5219.2,5222.4,5211.6,5221.0,1.442,1776292919999,7528.2259,278,0.714,3727.2971,0
1776292920000,5222.4,5222.7,5211.6,5219.6,1.75,1776293099999,9134.4669,336,0.015,78.3376,0
1776293100000,5222.7,5222.7,5211.6,5217.7,1.093,1776293279999,5704.7134,215,0.015,78.3366,0
1776293280000,5217.7,5222.7,5211.6,5221.7,1.225,1776293459999,6394.2280,210,0.015,78.3405,0
1776293460000,5222.7,5222.7,5211.6,5221.1,1.783,1776293639999,9308.4029,377,0.056,292.4005,0
1776293640000,5222.7,5222.7,5209.8,5218.4,2.365,1776293819999,12340.0589,343,0.039,203.6853,0
1776293820000,5218.4,5222.8,5209.8,5222.8,1.46,1776293999999,7622.3084,365,0.640,3342.5832,0
1776294000000,5222.8,5222.8,5221.9,5222.3,1.451,1776294179999,7577.5625,269,0.017,88.7876,0
1776294180000,5222.3,5222.8,5209.8,5220.2,1.729,1776294359999,9027.5018,335,0.007,36.5555,0
1776294360000,5221.3,5222.8,5209.8,5218.0,1.314,1776294539999,6857.8643,330,0.079,412.3438,0
1776294540000,5218.0,5222.8,5218.0,5222.3,1.203,1776294719999,6279.5068,224,0.005,26.1092,0
1776294720000,5222.2,5222.9,5221.9,5222.9,1.745,1776294899999,9113.1226,321,0.276,1441.5146,0
1776294900000,5222.9,5226.6,5209.8,5225.0,1.878,1776295079999,9812.9251,402,1.076,5622.2066,0
1776295080000,5225.2,5227.1,5209.8,5227.1,1.627,1776295259999,8502.5003,347,1.137,5941.9413,0
1776295260000,5227.1,5227.2,5209.8,5225.8,1.768,1776295439999,9239.6603,370,0.578,3021.2334,0
1776295440000,5227.2,5227.2,5209.8,5224.6,1.927,1776295619999,10069.5217,390,0.056,292.6935,0
1776295620000,5227.2,5227.2,5209.8,5223.9,1.509,1776295799999,7883.6474,291,0.010,52.2720,0
1776295800000,5227.2,5227.2,5223.4,5226.4,1.432,1776295979999,7482.0089,255,0.005,26.1360,0
1776295980000,5226.4,5227.4,5209.8,5227.4,1.84,1776296159999,9616.8395,328,0.331,1730.2257,0
1776296160000,5227.4,5228.4,5227.4,5227.4,1.478,1776296339999,7726.6864,361,0.644,3366.8701,0
1776296340000,5227.5,5227.6,5226.5,5227.1,1.433,1776296519999,7490.7131,326,0.938,4903.4327,0
1776296520000,5227.1,5227.5,5226.0,5226.0,1.643,1776296699999,8587.1664,383,0.151,789.3109,0
1776296700000,5226.0,5226.8,5224.6,5224.6,1.522,1776296879999,7954.0120,334,0.559,2921.5728,0
1776296880000,5226.7,5226.8,5209.8,5222.6,1.307,1776297059999,6827.0569,289,0.015,78.4019,0
1776297060000,5226.8,5226.8,5209.8,5223.0,1.505,1776297239999,7860.7699,268,0.015,78.4020,0
1776297240000,5226.8,5226.8,5209.8,5223.3,1.375,1776297419999,7182.3916,272,0.015,78.4020,0
1776297420000,5226.8,5226.8,5209.8,5223.4,1.168,1776297599999,6101.0547,260,0.015,78.4020,0
1776297600000,5226.8,5226.9,5222.8,5226.2,1.435,1776297779999,7499.9127,212,0.755,3946.2396,0
1776297780000,5226.2,5228.8,5226.2,5228.8,1.543,1776297959999,8065.6023,316,1.543,8065.6023,0
1776297960000,5228.8,5229.7,5225.9,5226.2,1.426,1776298139999,7454.5895,267,0.688,3597.1089,0
1776298140000,5226.2,5226.9,5226.0,5226.5,1.424,1776298319999,7442.2911,277,1.080,5644.5471,0
1776298320000,5226.5,5227.0,5226.5,5226.9,1.639,1776298499999,8566.8981,304,0.990,5174.6400,0
1776298500000,5226.9,5227.0,5226.5,5227.0,1.498,1776298679999,7829.9086,271,0.929,4855.8648,0
1776298680000,5227.0,5227.0,5226.3,5226.4,0.922,1776298859999,4819.0538,174,0.704,3679.7204,0
1776298860000,5226.4,5226.4,5222.8,5224.2,0.995,1776299039999,5198.9060,206,0.283,1478.6919,0
1776299040000,5224.2,5224.5,5223.5,5224.5,0.896,1776299219999,4681.0242,207,0.368,1922.5962,0
1776299220000,5224.2,5224.5,5223.8,5224.5,1.175,1776299399999,6138.4614,321,0.364,1901.7008,0
1776299400000,5224.5,5226.0,5223.8,5224.8,1.512,1776299579999,7900.0762,282,0.925,4832.8483,0
1776299580000,5226.0,5227.0,5223.8,5227.0,1.4,1776299759999,7317.0993,281,1.076,5624.0834,0
1776299760000,5227.0,5229.1,5209.8,5228.6,1.598,1776299939999,8354.3053,389,1.335,6979.2416,0
1776299940000,5228.6,5228.6,5227.9,5228.2,1.328,1776300119999,6943.5076,256,0.820,4287.4520,0
1776300120000,5228.2,5228.2,5226.3,5226.3,1.481,1776300299999,7741.5106,273,0.174,909.5318,0
1776300300000,5226.3,5227.1,5226.0,5227.1,1.597,1776300479999,8346.4878,349,1.435,7499.8143,0
1776300480000,5227.2,5228.0,5225.9,5225.9,1.623,1776300659999,8483.3926,306,0.458,2394.1670,0
1776300660000,5225.9,5226.7,5225.9,5226.5,1.593,1776300839999,8325.5874,336,0.829,4332.6977,0
1776300840000,5226.5,5227.7,5226.5,5226.6,1.407,1776301019999,7354.4469,281,0.868,4537.3525,0
1776301020000,5226.6,5226.6,5224.0,5224.1,1.582,1776301199999,8266.3299,276,0,0,0
1776301200000,5224.1,5224.6,5222.6,5224.6,1.41,1776301379999,7365.2972,236,1.094,5714.8941,0
1776301380000,5224.6,5225.9,5224.6,5225.9,1.306,1776301559999,6823.8541,276,1.306,6823.8541,0
1776301560000,5225.9,5226.8,5225.5,5226.5,1.606,1776301739999,8392.8939,311,0.669,3496.2243,0
1776301740000,5226.5,5226.5,5225.3,5225.4,1.824,1776301919999,9532.3858,351,0,0,0
1776301920000,5225.4,5226.0,5209.8,5224.7,1.543,1776302099999,8061.8258,279,0,0,0
1776302100000,5224.7,5224.7,5223.5,5224.1,1.845,1776302279999,9638.5802,322,0,0,0
1776302280000,5224.1,5224.1,5220.6,5220.6,1.845,1776302459999,9636.4151,337,0,0,0
1776302460000,5220.6,5221.9,5219.9,5221.9,1.407,1776302639999,7346.1290,252,0,0,0
1776302640000,5221.9,5224.6,5209.8,5224.5,1.47,1776302819999,7678.4908,337,0.044,229.8784,0
1776302820000,5224.6,5226.8,5222.0,5223.6,1.631,1776302999999,8520.6151,317,0.005,26.1318,0
1776303000000,5223.9,5223.9,5222.0,5222.0,1.213,1776303179999,6335.6026,231,0,0,0
1776303180000,5222.0,5222.1,5222.0,5222.0,1.649,1776303359999,8611.2205,298,0,0,0
1776303360000,5222.0,5222.1,5220.0,5220.1,1.553,1776303539999,8108.5468,286,0,0,0
1776303540000,5220.1,5221.9,5220.0,5221.8,1.199,1776303719999,6259.8624,230,0,0,0
1776303720000,5221.8,5221.8,5221.2,5221.3,1.621,1776303899999,8463.7206,291,0,0,0
1776303900000,5221.3,5226.8,5209.8,5221.2,1.11,1776304079999,5795.5194,208,0.005,26.1340,0
1776304080000,5221.2,5221.3,5220.0,5220.0,0.929,1776304259999,4849.6430,178,0,0,0
1776304260000,5220.0,5221.0,5220.0,5220.1,1.584,1776304439999,8269.1220,295,0,0,0
1776304440000,5220.1,5222.4,5220.1,5222.1,1.536,1776304619999,8019.2487,285,0,0,0
1776304620000,5222.1,5222.1,5220.0,5220.0,1.136,1776304799999,5930.4296,221,0,0,0
1776304800000,5220.0,5220.6,5209.8,5218.0,1.564,1776304979999,8160.1695,288,0,0,0
1776304980000,5218.0,5218.0,5217.0,5217.0,1.455,1776305159999,7590.9847,267,0,0,0
1776305160000,5217.1,5218.6,5217.0,5218.6,0.998,1776305339999,5207.2058,183,0,0,0
1776305340000,5218.6,5218.6,5209.8,5216.1,1.425,1776305519999,7434.2239,259,0,0,0
1776305520000,5226.8,5226.8,5216.4,5219.2,1.366,1776305699999,7127.8942,247,0.005,26.1340,0
1776305700000,5219.2,5221.7,5219.2,5221.7,0.764,1776305879999,3988.6226,133,0,0,0
1776305880000,5221.7,5225.8,5221.7,5224.6,1.231,1776306059999,6431.0162,223,0,0,0
1776306060000,5224.6,5226.8,5224.3,5226.7,1.558,1776306239999,8141.1867,284,0.039,203.8452,0
1776306240000,5226.7,5228.9,5226.7,5228.8,1.136,1776306419999,5938.9909,230,0.981,5128.6372,0
1776306420000,5228.8,5228.8,5226.0,5226.0,1.294,1776306599999,6763.6569,262,0.104,543.6353,0
1776306600000,5226.0,5226.8,5209.8,5226.8,1.625,1776306779999,8490.2533,408,1.166,6092.3486,0
1776306780000,5226.8,5228.5,5226.8,5228.5,1.076,1776306959999,5624.8546,219,0.878,4589.7784,0
1776306960000,5228.5,5231.2,5228.5,5229.6,1.405,1776307139999,7347.9675,273,1.037,5423.3733,0
1776307140000,5229.6,5229.6,5227.0,5228.3,1.791,1776307319999,9364.0858,370,0.519,2713.3359,0
1776307320000,5228.3,5228.9,5209.8,5227.8,1.497,1776307499999,7825.5876,303,0.556,2906.8135,0
1776307500000,5227.9,5227.9,5209.8,5227.2,1.394,1776307679999,7286.3813,273,0.430,2247.6795,0
1776307680000,5227.2,5227.3,5225.0,5225.8,1.693,1776307859999,8847.7317,454,0.935,4886.6774,0
1776307860000,5225.8,5225.8,5223.0,5224.8,1.482,1776308039999,7742.4413,353,0.870,4544.8471,0
1776308040000,5224.8,5226.5,5209.8,5226.5,1.221,1776308219999,6380.5427,269,1.028,5372.1467,0
1776308220000,5226.5,5226.5,5209.8,5224.6,1.761,1776308399999,9201.3989,334,0.468,2445.4816,0
1776308400000,5224.6,5226.5,5224.2,5226.5,0.938,1776308579999,4901.1935,173,0.725,3788.4143,0
1776308580000,5226.5,5227.6,5209.8,5225.4,1.291,1776308759999,6746.9156,267,0.603,3151.9163,0
1776308760000,5225.4,5226.5,5224.2,5225.6,1.205,1776308939999,6296.6603,249,0.524,2738.2961,0
1776308940000,5225.9,5226.6,5224.2,5225.1,1.137,1776309119999,5941.5790,236,0.602,3145.9890,0
1776309120000,5225.1,5225.8,5224.6,5225.8,1.657,1776309299999,8658.3824,364,0.864,4514.8146,0
1776309300000,5225.8,5225.8,5223.9,5224.0,1.648,1776309479999,8610.8581,341,0.289,1510.1636,0
1776309480000,5223.8,5224.5,5222.0,5223.9,1.176,1776309659999,6142.6430,249,0.357,1864.8269,0
1776309660000,5223.9,5224.0,5209.8,5221.3,1.486,1776309839999,7759.3606,300,0.547,2856.2685,0
1776309840000,5221.3,5221.4,5209.8,5219.0,1.392,1776310019999,7266.5048,280,0.184,960.5591,0
1776310020000,5219.2,5222.2,5209.8,5222.2,1.051,1776310199999,5486.5715,218,0.958,5001.2728,0
1776310200000,5222.2,5222.7,5209.8,5222.7,1.159,1776310379999,6053.0039,229,1.154,6026.9549,0
1776310380000,5222.7,5224.5,5209.8,5224.0,1.611,1776310559999,8415.0319,400,1.078,5630.5889,0
1776310560000,5224.0,5225.2,5209.8,5223.9,1.256,1776310739999,6562.0794,228,0.668,3490.2333,0
1776310740000,5223.9,5223.9,5223.0,5223.2,1.57,1776310919999,8201.3052,287,0.128,668.5602,0
1776310920000,5223.2,5224.7,5223.0,5223.4,1.841,1776311099999,9616.7837,349,0.652,3406.0821,0
1776311100000,5223.2,5223.2,5222.7,5222.9,1.07,1776311279999,5588.3894,273,0.712,3718.6472,0
1776311280000,5222.9,5224.4,5222.7,5224.4,1.501,1776311459999,7840.0519,288,1.424,7437.8968,0
1776311460000,5224.4,5224.6,5209.8,5223.6,1.907,1776311639999,9961.3998,407,0.237,1238.1587,0
1776311640000,5223.6,5224.6,5209.8,5221.5,1.53,1776311819999,7989.4861,291,0.005,26.1230,0
1776311820000,5224.6,5224.6,5209.8,5222.9,1.487,1776311999999,7765.2358,300,0.042,219.3601,0
1776312000000,5222.9,5224.6,5209.8,5220.7,1.708,1776312179999,8918.6606,317,0.009,47.0197,0
1776312180000,5224.6,5224.6,5220.5,5220.6,2.103,1776312359999,10982.4266,268,0.643,3359.4178,0
1776312360000,5220.6,5224.0,5209.8,5224.0,0.766,1776312539999,4000.3700,162,0.009,47.0160,0
1776312540000,5224.0,5224.6,5220.1,5220.2,1.644,1776312719999,8585.6414,315,0.005,26.1224,0
1776312720000,5220.2,5224.6,5209.8,5220.3,1.155,1776312899999,6029.5645,232,0.005,26.1230,0
1776312900000,5224.6,5224.6,5209.8,5219.9,1.49,1776313079999,7777.6420,282,0.010,52.2460,0
1776313080000,5219.9,5224.6,5209.8,5217.8,1.538,1776313259999,8025.7543,288,0.005,26.1230,0
1776313260000,5217.8,5224.6,5209.8,5219.7,1.186,1776313439999,6190.5649,221,0.005,26.1230,0
1776313440000,5219.6,5224.6,5209.8,5221.3,1.13,1776313619999,5898.0643,291,0.067,349.8007,0
1776313620000,5221.3,5224.6,5209.8,5221.1,1.183,1776313799999,6177.3091,216,0.010,52.2427,0
1776313800000,5224.6,5224.6,5219.8,5219.9,0.737,1776313979999,3847.5855,204,0.005,26.1230,0
1776313980000,5221.4,5224.6,5209.8,5221.4,0.957,1776314159999,4996.4561,188,0.010,52.2300,0
1776314160000,5221.4,5224.6,5209.8,5222.9,1.048,1776314339999,5472.6463,199,0.005,26.1230,0
1776314340000,5222.9,5224.6,5209.8,5221.5,0.776,1776314519999,4052.2059,153,0.005,26.1230,0
1776314520000,5224.6,5224.6,5209.8,5222.2,0.869,1776314699999,4538.0408,165,0.005,26.1230,0
1776314700000,5224.6,5224.6,5209.8,5223.1,1.058,1776314879999,5525.2999,194,0.010,52.2460,0
1776314880000,5223.1,5224.9,5209.8,5224.9,0.829,1776315059999,4330.6982,155,0.303,1583.1291,0
1776315060000,5224.9,5226.5,5209.8,5226.5,0.954,1776315239999,4985.3660,197,0.895,4677.1678,0
1776315240000,5226.5,5226.6,5209.8,5226.3,1.392,1776315419999,7275.1846,255,0.908,4745.7098,0
1776315420000,5226.3,5227.0,5209.8,5226.6,1.426,1776315599999,7453.2434,285,1.373,7176.3176,0
1776315600000,5226.6,5227.3,5209.8,5226.7,1.324,1776315779999,6920.0583,310,0.617,3225.0116,0
1776315780000,5226.7,5227.0,5226.6,5227.0,1.732,1776315959999,9052.6608,347,1.390,7265.1636,0
1776315960000,5227.0,5229.3,5209.8,5229.3,1.468,1776316139999,7674.5830,346,1.463,7648.5340,0
1776316140000,5229.3,5231.2,5209.8,5231.2,1.377,1776316319999,7202.3185,258,1.372,7176.2695,0
1776316320000,5231.2,5233.0,5209.8,5231.4,67.929,1776316499999,355394.6019,405,67.353,352381.3938,0
1776316500000,5231.4,5232.4,5231.1,5232.4,1.421,1776316679999,7434.1189,413,1.018,5325.8857,0
1776316680000,5232.5,5234.5,5209.8,5234.5,24.705,1776316859999,129315.0951,302,24.699,129283.8150,0
1776316860000,5234.5,5234.9,5209.8,5233.5,1.537,1776317039999,8044.5373,297,0.535,2800.4679,0
1776317040000,5233.5,5234.9,5209.8,5233.7,1.343,1776317219999,7029.0271,295,0.011,57.5761,0
1776317220000,5234.9,5234.9,5233.6,5233.6,1.15,1776317399999,6018.8271,250,0.010,52.3490,0
1776317400000,5233.6,5233.6,5232.9,5232.9,6.141,1776317579999,32136.4610,265,0,0,0
1776317580000,5232.9,5234.9,5232.4,5233.1,1.564,1776317759999,8184.3525,330,0.044,230.2636,0
1776317760000,5233.1,5234.9,5232.0,5232.0,1.738,1776317939999,9093.7976,339,0.005,26.1745,0
1776317940000,5232.0,5234.9,5230.7,5231.1,1.588,1776318119999,8307.7828,394,0.041,214.5022,0
1776318120000,5231.1,5234.9,5230.4,5230.4,1.672,1776318299999,8746.2119,423,0.044,230.2116,0
1776318300000,5230.4,5234.9,5230.4,5231.8,1.648,1776318479999,8621.3968,314,0.005,26.1745,0
1776318480000,5231.8,5234.9,5231.1,5231.2,1.674,1776318659999,8757.1442,334,0.005,26.1745,0
1776318660000,5231.2,5234.9,5230.4,5231.3,1.404,1776318839999,7344.4512,299,0.005,26.1745,0
1776318840000,5234.9,5234.9,5230.4,5231.9,1.753,1776319019999,9170.6469,318,0.005,26.1745,0
1776319020000,5234.9,5234.9,5230.4,5231.6,1.626,1776319199999,8508.8487,339,0.035,183.1765,0
1776319200000,5233.4,5234.9,5230.1,5230.2,1.428,1776319379999,7469.5032,332,0.005,26.1730,0
1776319380000,5230.2,5234.9,5228.5,5229.6,1.343,1776319559999,7023.2428,278,0.008,41.8639,0
1776319560000,5229.6,5229.8,5227.7,5227.7,1.795,1776319739999,9385.3990,316,0.034,177.8132,0
1776319740000,5229.8,5234.9,5227.4,5227.7,1.552,1776319919999,8113.7964,348,0.035,183.0271,0
1776319920000,5227.7,5228.5,5227.4,5228.0,1.073,1776320099999,5609.5852,201,0,0,0
1776320100000,5228.2,5228.7,5226.8,5227.0,2.315,1776320279999,12100.8094,293,0,0,0
1776320280000,5234.9,5234.9,5226.5,5226.9,1.552,1776320459999,8112.0227,290,0.005,26.1745,0
1776320460000,5227.0,5227.2,5226.7,5227.0,1.37,1776320639999,7160.8913,250,0,0,0
1776320640000,5227.0,5227.7,5227.0,5227.7,1.431,1776320819999,7480.3324,264,0,0,0
1776320820000,5227.7,5233.4,5227.7,5230.8,1.585,1776320999999,8292.7083,283,0,0,0
1776321000000,5234.9,5234.9,5229.0,5229.1,1.266,1776321179999,6620.9416,270,0.010,52.3490,0
1776321180000,5229.1,5229.2,5229.1,5229.2,1.434,1776321359999,7498.6175,255,0,0,0
1776321360000,5229.2,5229.2,5229.0,5229.1,1.209,1776321539999,6321.9875,241,0,0,0
1776321540000,5229.1,5229.2,5229.1,5229.1,1.39,1776321719999,7268.4499,327,0,0,0
1776321720000,5229.1,5234.9,5226.2,5226.2,1.408,1776321899999,7360.6699,399,0.005,26.1745,0
1776321900000,5226.2,5234.9,5224.4,5224.5,1.792,1776322079999,9363.3742,391,0.005,26.1745,0
1776322080000,5234.9,5234.9,5224.1,5224.8,132.079,1776322259999,690019.5352,412,0.045,235.2177,0
1776322260000,5224.5,5234.9,5224.1,5225.2,1.926,1776322439999,10063.1104,357,0.018,94.0957,0
1776322440000,5225.4,5234.9,5223.1,5223.1,1.861,1776322619999,9721.8140,373,0.005,26.1745,0
1776322620000,5223.1,5234.9,5223.0,5224.0,2.0,1776322799999,10446.9149,320,0.005,26.1745,0
1776322800000,5234.9,5234.9,5221.4,5221.5,1.915,1776322979999,10001.5102,423,0.010,52.3490,0
1776322980000,5221.5,5234.9,5220.6,5220.6,1.581,1776323159999,8255.6041,333,0.005,26.1745,0
1776323160000,5220.6,5234.9,5219.3,5220.4,1.598,1776323339999,8341.2526,389,0.005,26.1745,0
1776323340000,5234.9,5234.9,5219.5,5220.2,1.536,1776323519999,8018.3543,293,0.005,26.1745,0
1776323520000,5234.9,5234.9,5218.9,5219.3,1.792,1776323699999,9353.5556,366,0.005,26.1745,0
1776323700000,5234.9,5234.9,5218.0,5218.0,1.448,1776323879999,7556.5763,336,0.005,26.1745,0
1776323880000,5234.9,5234.9,5218.0,5218.4,1.669,1776324059999,8708.9728,325,0.005,26.1745,0
1776324060000,5234.9,5234.9,5218.0,5218.6,1.582,1776324239999,8255.3936,323,0.005,26.1745,0
1776324240000,5218.6,5234.9,5218.1,5218.8,1.23,1776324419999,6418.9573,245,0.005,26.1745,0
1776324420000,5234.9,5234.9,5218.8,5220.6,1.387,1776324599999,7241.8812,280,0.005,26.1745,0
1776324600000,5234.9,5234.9,5219.8,5221.3,1.671,1776324779999,8723.6001,303,0.010,52.3490,0
1776324780000,5221.3,5234.9,5221.0,5221.1,1.284,1776324959999,6703.9792,245,0.005,26.1745,0
1776324960000,5234.9,5234.9,5221.0,5222.6,1.087,1776325139999,5675.6464,201,0.010,52.3490,0
1776325140000,5222.6,5222.6,5220.7,5220.7,1.619,1776325319999,8453.4001,348,0,0,0
1776325320000,5220.7,5234.9,5220.6,5220.8,1.224,1776325499999,6390.5271,248,0.005,26.1745,0
1776325500000,5234.9,5234.9,5218.2,5219.2,1.404,1776325679999,7328.8702,275,0.005,26.1745,0
1776325680000,5234.9,5234.9,5217.0,5217.0,1.748,1776325859999,9121.1353,351,0.010,52.3490,0
1776325860000,5217.0,5234.9,5216.0,5220.9,1.256,1776326039999,6551.8346,256,0.005,26.1745,0
1776326040000,5234.9,5234.9,5219.4,5221.1,1.249,1776326219999,6522.5066,235,0.010,52.3490,0
1776326220000,5221.4,5234.9,5220.3,5220.9,1.057,1776326399999,5519.0686,209,0.005,26.1745,0
1776326400000,5222.5,5234.9,5220.9,5220.9,0.933,1776326579999,4872.7902,204,0.035,183.2215,0
1776326580000,5234.9,5234.9,5220.9,5223.2,1.419,1776326759999,7411.7404,274,0.010,52.3490,0
1776326760000,5223.6,5225.6,5222.1,5222.1,1.814,1776326939999,9474.9849,378,0,0,0
1776326940000,5222.1,5223.6,5222.1,5223.2,1.069,1776327119999,5583.1199,204,0,0,0
1776327120000,5234.9,5234.9,5223.0,5223.0,1.659,1776327299999,8666.0095,325,0.005,26.1745,0
1776327300000,5223.0,5225.1,5223.0,5224.9,1.608,1776327479999,8399.7071,298,0,0,0
1776327480000,5224.9,5224.9,5223.8,5224.3,1.066,1776327659999,5569.1482,192,0,0,0
1776327660000,5224.3,5225.2,5224.3,5225.1,1.561,1776327839999,8156.0184,285,0,0,0
1776327840000,5225.1,5225.3,5224.0,5224.4,1.686,1776328019999,8808.6396,309,0,0,0
1776328020000,5224.4,5225.2,5224.1,5225.2,1.018,1776328199999,5318.7940,193,0,0,0
1776328200000,5225.2,5225.3,5224.3,5224.5,1.575,1776328379999,8229.2970,287,0,0,0
1776328380000,5224.5,5224.7,5224.5,5224.7,1.758,1776328559999,9184.8606,319,0,0,0
1776328560000,5224.7,5224.7,5224.4,5224.4,1.061,1776328739999,5543.1996,202,0,0,0
1776328740000,5224.4,5224.4,5224.1,5224.1,1.411,1776328919999,7371.3845,300,0,0,0
1776328920000,5224.1,5225.1,5224.1,5224.9,1.737,1776329099999,9075.7489,318,0,0,0
1776329100000,5224.7,5225.1,5224.2,5225.1,1.197,1776329279999,6253.7012,209,0,0,0
1776329280000,5225.1,5225.1,5225.0,5225.0,1.459,1776329459999,7623.3979,273,0,0,0
1776329460000,5225.1,5225.1,5224.2,5225.0,1.49,1776329639999,7784.8669,290,0,0,0
1776329640000,5225.0,5225.0,5224.5,5224.5,0.848,1776329819999,4430.7202,157,0,0,0
1776329820000,5224.5,5228.1,5224.5,5227.3,0.732,1776329999999,3825.9053,171,0,0,0
1776330000000,5227.3,5234.9,5225.7,5225.7,0.954,1776330179999,4986.2928,221,0.004,20.9396,0
1776330180000,5225.7,5225.7,5225.1,5225.1,0.549,1776330359999,2868.7802,136,0,0,0
1776330360000,5225.1,5225.1,5224.3,5224.3,0.982,1776330539999,5130.6346,168,0,0,0
1776330540000,5224.3,5224.7,5224.2,5224.2,1.604,1776330719999,8379.7947,130,0,0,0
1776330720000,5224.2,5224.2,5224.2,5224.2,0.209,1776330899999,1091.8578,66,0,0,0
1776330900000,5224.2,5224.2,5224.1,5224.1,0.686,1776331079999,3583.7581,110,0,0,0
1776331080000,5224.1,5224.1,5224.1,5224.1,1.249,1776331259999,6524.9009,226,0,0,0
1776331260000,5224.1,5224.1,5224.1,5224.1,0.93,1776331439999,4858.4130,163,0,0,0
1776331440000,5224.1,5224.1,5224.1,5224.1,1.327,1776331619999,6932.3807,240,0,0,0
1776331620000,5224.1,5224.1,5224.1,5224.1,1.657,1776331799999,8656.3337,307,0,0,0
1776331800000,5224.1,5224.1,5224.1,5224.1,1.182,1776331979999,6174.8862,226,0,0,0
1776331980000,5224.1,5224.1,5224.1,5224.1,1.372,1776332159999,7167.4652,237,0,0,0
1776332160000,5224.1,5224.1,5224.1,5224.1,1.925,1776332339999,10056.3925,336,0,0,0
1776332340000,5224.1,5234.9,5224.1,5224.1,1.172,1776332519999,6122.6560,225,0.001,5.2349,0
1776332520000,5224.1,5234.9,5224.1,5224.2,1.259,1776332699999,6577.1655,222,0.002,10.4698,0
1776332700000,5224.2,5234.9,5223.2,5223.2,1.747,1776332879999,9125.7183,460,0.004,20.9396,0
1776332880000,5223.2,5223.2,5218.2,5218.2,1.312,1776333059999,6850.1255,354,0,0,0
1776333060000,5218.2,5218.2,5216.1,5217.8,1.15,1776333239999,5999.7471,222,0,0,0
1776333240000,5217.8,5218.6,5216.1,5216.1,1.572,1776333419999,8202.1499,308,0,0,0
1776333420000,5216.1,5217.1,5216.1,5216.7,1.168,1776333599999,6093.1452,242,0.124,646.8832,0
1776333600000,5216.8,5216.8,5213.8,5213.8,1.091,1776333779999,5690.2089,230,0.046,239.9728,0
1776333780000,5213.8,5220.9,5213.8,5218.1,1.581,1776333959999,8250.3061,332,0.279,1455.9793,0
1776333960000,5218.1,5218.5,5216.8,5218.1,1.346,1776334139999,7022.7687,257,0,0,0
1776334140000,5218.1,5218.6,5215.0,5216.2,1.141,1776334319999,5953.1704,210,0,0,0
1776334320000,5216.2,5219.4,5216.2,5216.5,1.653,1776334499999,8624.4226,314,0,0,0
1776334500000,5216.5,5218.7,5215.6,5218.7,1.517,1776334679999,7914.6379,275,0,0,0
1776334680000,5218.7,5218.8,5216.2,5217.3,1.336,1776334859999,6970.0643,249,0,0,0
1776334860000,5217.3,5217.3,5212.9,5213.0,115.059,1776335039999,599850.1200,396,40.112,209103.8560,0
1776335040000,5213.0,5213.0,5212.4,5212.4,13.322,1776335219999,69446.7261,280,11.553,60225.7890,0
1776335220000,5212.4,5213.0,5212.1,5212.4,17.789,1776335399999,92721.8363,274,1.182,6161.6607,0
1776335400000,5212.4,5213.0,5211.0,5211.0,19.195,1776335579999,100051.9392,347,17.991,93776.6209,0
1776335580000,5211.0,5211.7,5210.9,5210.9,1.49,1776335759999,7764.5514,306,0,0,0
1776335760000,5210.9,5210.9,5209.4,5209.4,0.848,1776335939999,4418.3192,201,0,0,0
1776335940000,5209.4,5210.6,5209.2,5209.2,1.468,1776336119999,7647.9133,385,0,0,0
1776336120000,5209.2,5209.4,5209.2,5209.4,0.998,1776336299999,5198.8486,185,0,0,0
1776336300000,5209.4,5210.4,5209.1,5210.2,0.678,1776336479999,3532.1765,133,0,0,0
1776336480000,5210.2,5210.3,5208.6,5208.6,1.525,1776336659999,7944.3499,288,0,0,0
1776336660000,5208.6,5208.9,5207.4,5207.4,1.932,1776336839999,10062.7657,369,0,0,0
1776336840000,5207.4,5213.0,5206.7,5206.8,1.667,1776337019999,8679.7456,317,0.002,10.4260,0
1776337020000,5206.8,5207.1,5206.6,5206.6,1.704,1776337199999,8872.1480,328,0,0,0
1776337200000,5207.3,5207.9,5206.6,5207.6,1.719,1776337379999,8951.4428,306,0,0,0
1776337380000,5207.6,5210.9,5207.6,5210.9,1.822,1776337559999,9492.5929,358,0,0,0
1776337560000,5210.9,5212.0,5210.8,5212.0,1.482,1776337739999,7722.9500,289,0,0,0
1776337740000,5212.0,5212.8,5211.8,5211.8,2.042,1776337919999,10643.4520,378,0,0,0
1776337920000,5211.8,5213.0,5211.5,5211.5,11.281,1776338099999,58793.2010,430,0.057,297.1410,0
1776338100000,5211.5,5212.1,5211.4,5211.5,2.063,1776338279999,10751.3051,399,0,0,0
1776338280000,5211.5,5212.6,5211.5,5212.6,2.014,1776338459999,10496.8496,374,0,0,0
1776338460000,5212.6,5212.7,5211.5,5211.6,2.138,1776338639999,11142.9973,381,0,0,0
1776338640000,5211.6,5212.2,5211.5,5211.8,2.003,1776338819999,10439.0356,363,0,0,0
1776338820000,5211.8,5212.0,5211.5,5211.6,1.92,1776338999999,10006.4499,389,0,0,0
1776339000000,5211.6,5211.8,5211.6,5211.8,1.953,1776339179999,10178.5008,347,0,0,0
1776339180000,5211.8,5213.0,5211.8,5212.6,1.972,1776339359999,10279.2102,357,0.715,3727.2746,0
1776339360000,5212.6,5214.9,5212.3,5214.9,139.325,1776339539999,726355.3936,537,138.257,720788.0486,0
1776339540000,5214.9,5216.1,5214.8,5216.1,26.207,1776339719999,136688.5828,468,25.869,134925.9804,0
1776339720000,5216.1,5216.2,5216.0,5216.2,58.014,1776339899999,302608.8890,572,57.747,301216.2170,0
1776339900000,5216.2,5219.2,5216.2,5219.2,181.411,1776340079999,946452.0719,488,181.411,946452.0719,0
1776340080000,5219.2,5219.6,5217.5,5217.5,1.993,1776340259999,10400.9624,401,0.344,1795.4647,0
1776340260000,5217.5,5219.6,4956.6,5217.8,5525.453,1776340439999,28776392.8576,795,1.708,8914.1684,0
1776340440000,5217.8,5217.8,5216.7,5217.0,1.957,1776340619999,10210.3484,464,0.568,2963.7104,0
1776340620000,5217.0,5218.0,5216.7,5217.9,2.039,1776340799999,10638.1319,439,0.807,4210.6761,0
1776340800000,5216.8,5216.9,5216.5,5216.5,12.206,1776340979999,63674.4775,407,0,0,0
1776340980000,5216.5,5216.6,5215.7,5215.7,88.014,1776341159999,459082.5278,678,0.364,1898.8424,0
1776341160000,5215.7,5216.2,5215.1,5215.5,72.236,1776341339999,376740.4373,497,5.038,26276.2205,0
1776341340000,5215.3,5216.3,5214.4,5214.4,38.209,1776341519999,199292.0701,381,36.920,192569.7451,0
1776341520000,5216.3,5216.3,5211.4,5212.2,1.777,1776341699999,9261.9184,387,0.015,78.2445,0
1776341700000,5216.4,5216.4,5211.4,5212.6,1.848,1776341879999,9632.4561,360,0.015,78.2460,0
1776341880000,5216.4,5216.4,5212.1,5213.2,1.774,1776342059999,9249.7534,367,0.032,166.8635,0
1776342060000,5213.1,5216.4,5213.1,5214.1,1.674,1776342239999,8728.5569,331,0.005,26.0820,0
1776342240000,5216.4,5216.4,5213.4,5214.1,1.805,1776342419999,9411.6786,357,0.015,78.2460,0
1776342420000,5216.4,5216.4,5213.2,5214.2,1.618,1776342599999,8435.4980,346,0.010,52.1640,0
1776342600000,5216.4,5216.4,5213.9,5216.3,1.588,1776342779999,8281.7633,313,0.015,78.2460,0
1776342780000,5216.3,5216.7,5216.1,5216.6,1.542,1776342959999,8043.9136,298,1.108,5779.9796,0
1776342960000,5216.6,5217.0,5216.1,5216.7,18.642,1776343139999,97249.6002,332,17.524,91417.4729,0
1776343140000,5216.7,5216.7,5215.6,5215.7,127.423,1776343319999,664646.1142,497,0,0,0
1776343320000,5215.7,5215.7,5214.7,5214.7,87.706,1776343499999,457400.0239,403,0.024,125.1586,0
1776343500000,5214.9,5215.0,5214.1,5214.9,44.575,1776343679999,232440.7288,401,9.076,47325.9110,0
1776343680000,5215.0,5215.0,5214.1,5214.1,12.533,1776343859999,65353.3288,427,0.164,855.2600,0
1776343860000,5214.3,5215.0,5214.1,5214.4,70.048,1776344039999,365267.5537,467,17.727,92436.4721,0
1776344040000,5214.5,5215.0,5214.2,5214.2,54.707,1776344219999,285260.1209,280,0.420,2190.2739,0
1776344220000,5214.2,5214.2,5214.1,5214.2,27.167,1776344399999,141654.0639,347,0.392,2043.9664,0
1776344400000,5214.2,5214.2,5212.7,5212.9,129.755,1776344579999,676481.9854,538,0.263,1371.3203,0
1776344580000,5213.0,5214.0,5212.5,5212.5,66.522,1776344759999,346762.9301,365,16.581,86438.4448,0
1776344760000,5212.6,5212.6,5211.1,5211.1,233.426,1776344939999,1216626.2788,401,0.087,453.4588,0
1776344940000,5211.3,5212.6,5211.0,5212.1,13.544,1776345119999,70592.0900,318,12.832,66881.6114,0
1776345120000,5212.1,5212.4,5211.2,5211.3,5.941,1776345299999,30962.2737,312,0.349,1819.0470,0
1776345300000,5211.3,5211.4,5209.0,5209.0,142.902,1776345479999,744627.1758,456,0.027,140.7058,0
1776345480000,5209.5,5210.3,5208.5,5210.3,14.034,1776345659999,73111.4065,346,8.442,43983.4179,0
1776345660000,5210.3,5211.3,5210.3,5210.7,93.765,1776345839999,488587.1792,331,93.205,485669.0404,0
1776345840000,5211.3,5211.3,5209.4,5209.4,1.628,1776346019999,8481.5800,305,0.010,52.1130,0
1776346020000,5211.3,5211.3,5207.1,5208.9,1.528,1776346199999,7958.5563,341,0.016,83.3766,0
1776346200000,5211.3,5211.3,5207.1,5209.0,1.011,1776346379999,5266.3870,192,0.017,88.5921,0
1776346380000,5211.3,5211.3,5207.1,5207.1,1.862,1776346559999,9698.5495,381,0.055,286.5272,0
1776346560000,5211.3,5211.3,5204.0,5204.0,1.796,1776346739999,9350.1777,392,0.015,78.1695,0
1776346740000,5211.3,5211.3,5199.1,5199.4,75.799,1776346919999,394106.5920,392,0.023,119.7679,0
1776346920000,5199.8,5211.3,5197.9,5197.9,2.036,1776347099999,10584.6512,411,0.015,78.1235,0
1776347100000,5211.3,5211.3,5196.9,5198.1,1.912,1776347279999,9939.3621,396,0.015,78.1695,0
1776347280000,5211.3,5211.3,5197.7,5198.9,1.993,1776347459999,10361.8847,394,0.015,78.1695,0
1776347460000,5211.3,5211.3,5196.0,5196.0,5.561,1776347639999,28897.5743,343,0.090,467.7930,0
1776347640000,5196.0,5196.0,5195.5,5196.0,1.815,1776347819999,9430.6356,339,1.535,7975.8528,0
1776347820000,5196.0,5196.0,5195.5,5196.0,1.869,1776347999999,9711.3190,352,1.859,9659.3640,0
1776348000000,5196.0,5196.0,5195.5,5196.0,3.946,1776348179999,20502.4110,352,1.936,10059.4560,0
1776348180000,5196.0,5196.0,5195.5,5196.0,1.974,1776348359999,10256.8755,368,1.917,9960.7320,0
1776348360000,5196.0,5196.0,5195.5,5196.0,2.038,1776348539999,10589.4430,366,2.028,10537.4880,0
1776348540000,5196.0,5207.3,5195.5,5206.0,2.063,1776348719999,10728.1473,393,1.760,9150.6980,0
1776348720000,5207.3,5209.0,5195.5,5209.0,1.92,1776348899999,9997.6112,488,1.241,6462.7184,0
1776348900000,5209.0,5215.5,5195.5,5215.0,1.776,1776349079999,9258.2552,381,1.344,7005.9662,0
1776349080000,5215.5,5217.2,5195.5,5216.3,94.27,1776349259999,491774.2402,434,92.914,484702.3197,0
1776349260000,5216.3,5217.5,5195.5,5216.1,1.927,1776349439999,10050.2432,393,0.211,1100.8504,0
1776349440000,5217.5,5223.6,5195.5,5223.6,46.43,1776349619999,242444.2134,438,45.669,238472.6042,0
1776349620000,5223.8,5226.9,5195.5,5225.4,64.69,1776349799999,338075.0320,371,63.640,332589.3351,0
1776349800000,5225.4,5226.9,5195.5,5225.3,1.765,1776349979999,9222.7347,332,0.757,3955.7543,0
1776349980000,5225.6,5227.2,5195.5,5224.6,26.327,1776350159999,137606.9330,457,25.101,131200.8910,0
1776350160000,5227.2,5227.2,5223.6,5223.6,1.932,1776350339999,10095.7027,404,0.010,52.2720,0
1776350340000,5227.2,5227.2,5195.5,5223.6,2.015,1776350519999,10525.8041,439,0.046,240.3396,0
1776350520000,5223.6,5227.2,5222.5,5225.7,1.986,1776350699999,10374.5813,461,0.058,303.0988,0
1776350700000,5225.7,5227.2,5195.5,5220.2,2.087,1776350879999,10897.4630,490,0.015,78.4065,0
1776350880000,5227.2,5227.2,5195.5,5215.8,2.059,1776351059999,10745.5805,391,0.020,104.5030,0
1776351060000,5227.2,5227.2,5195.5,5215.6,1.986,1776351239999,10355.9266,381,0.015,78.4080,0
1776351240000,5227.2,5227.2,5195.5,5213.9,1.969,1776351419999,10266.2532,495,0.142,740.5260,0
1776351420000,5213.9,5227.2,5195.5,5213.4,1.728,1776351599999,9007.6610,338,0.010,52.2587,0
1776351600000,5227.2,5227.2,5195.5,5213.9,1.399,1776351779999,7293.7874,270,0.010,52.2720,0
1776351780000,5227.2,5227.2,5195.5,5208.5,1.491,1776351959999,7769.5868,301,0.015,78.4080,0
1776351960000,5227.2,5227.2,5195.5,5202.4,1.805,1776352139999,9397.7231,332,0.010,52.2720,0
1776352140000,5227.2,5227.2,5195.5,5202.3,1.631,1776352319999,8484.4233,334,1.206,6273.9614,0
1776352320000,5202.3,5202.3,5195.5,5201.9,1.375,1776352499999,7153.0825,263,1.258,6544.4922,0
1776352500000,5201.9,5202.1,5200.2,5201.9,1.841,1776352679999,9575.7520,409,0.871,4530.5543,0
1776352680000,5201.9,5202.3,5195.5,5200.1,1.181,1776352859999,6143.0486,235,0.729,3792.2126,0
1776352860000,5200.1,5200.6,5199.2,5200.4,1.591,1776353039999,8273.4237,355,0.927,4820.6620,0
1776353040000,5200.4,5200.4,5199.7,5199.9,1.345,1776353219999,6994.1846,264,0.472,2454.5711,0
1776353220000,5199.9,5201.2,5198.0,5201.2,1.033,1776353399999,5371.7806,212,0.735,3822.3670,0
1776353400000,5201.2,5202.3,5195.5,5199.1,1.745,1776353579999,9076.6643,342,1.201,6247.7631,0
1776353580000,5202.3,5202.3,5195.5,5198.0,2.093,1776353759999,10881.4523,378,0.015,78.0345,0
1776353760000,5202.3,5202.3,5195.5,5199.9,2.761,1776353939999,14349.5836,336,0.010,52.0230,0
1776353940000,5202.3,5202.3,5195.5,5196.9,1.977,1776354119999,10277.4312,368,0.012,62.4176,0
1776354120000,5197.8,5202.3,5192.2,5192.2,2.127,1776354299999,11049.0753,418,0.015,78.0300,0
1776354300000,5202.3,5202.3,5191.5,5192.5,1.834,1776354479999,9522.5183,363,0.015,78.0345,0
1776354480000,5192.5,5202.3,5191.5,5191.5,1.78,1776354659999,9242.6441,438,0.065,337.6728,0
1776354660000,5192.5,5202.3,5191.0,5192.9,1.928,1776354839999,10009.4540,379,0.015,78.0247,0
1776354840000,5202.3,5202.3,5192.5,5195.7,1.941,1776355019999,10082.3346,371,0.015,78.0345,0
1776355020000,5202.3,5202.3,5194.3,5195.4,1.92,1776355199999,9974.6133,399,0.055,285.8505,0
1776355200000,5195.4,5202.3,5190.9,5191.1,2.793,1776355379999,14505.0682,381,0.015,78.0276,0
1776355380000,5202.3,5202.3,5190.8,5190.8,1.984,1776355559999,10300.1049,373,0.015,78.0345,0
1776355560000,5202.3,5202.3,5190.3,5191.6,1.776,1776355739999,9219.9300,348,0.016,83.2368,0
1776355740000,5191.6,5202.3,5190.0,5190.7,1.726,1776355919999,8959.7075,360,0.042,218.1493,0
1776355920000,5202.3,5202.3,5191.2,5192.1,1.677,1776356099999,8707.2735,375,0.056,290.9046,0
1776356100000,5202.3,5202.3,5189.8,5189.8,1.774,1776356279999,9208.6879,377,0.016,83.2162,0
1776356280000,5202.3,5202.3,5188.4,5189.2,1.885,1776356459999,9781.4085,365,0.015,78.0345,0
1776356460000,5202.3,5202.3,5188.4,5189.9,1.853,1776356639999,9616.1502,357,0.019,98.7807,0
1776356640000,5202.3,5202.3,5188.3,5188.7,1.995,1776356819999,10353.3055,385,0.039,202.5590,0
1776356820000,5188.5,5202.3,5186.2,5186.6,2.034,1776356999999,10551.1814,428,0.042,217.9806,0
1776357000000,5186.6,5202.3,5184.5,5186.9,2.018,1776357179999,10464.7377,389,0.015,78.0188,0
1776357180000,5186.9,5202.3,5186.6,5191.9,1.799,1776357359999,9340.0128,410,0.005,26.0115,0
1776357360000,5202.3,5202.3,5187.4,5187.4,2.017,1776357539999,10468.6934,415,0.015,78.0345,0
1776357540000,5202.3,5202.3,5186.0,5189.8,1.879,1776357719999,9747.6746,350,0.010,52.0230,0
1776357720000,5189.8,5202.3,5189.5,5191.4,1.572,1776357899999,8158.9253,319,0.005,26.0115,0
1776357900000,5202.3,5202.3,5191.2,5193.1,1.726,1776358079999,8962.4935,401,0.015,78.0345,0
1776358080000,5202.3,5202.3,5190.0,5193.3,1.733,1776358259999,8997.5137,330,0.015,78.0345,0
1776358260000,5202.3,5202.3,5192.5,5197.3,1.486,1776358439999,7720.2081,291,0.015,78.0345,0
1776358440000,5202.3,5202.3,5194.9,5195.1,1.48,1776358619999,7689.6837,329,0.015,78.0345,0
1776358620000,5202.3,5202.3,5192.2,5193.0,1.736,1776358799999,9016.3407,363,0.010,52.0230,0
1776358800000,5202.3,5202.3,5190.2,5190.2,1.568,1776358979999,8140.7076,327,0.015,78.0345,0
1776358980000,5202.3,5202.3,5190.2,5191.3,1.492,1776359159999,7744.5634,324,0.048,249.3058,0
1776359160000,5202.3,5202.3,5190.6,5190.6,1.568,1776359339999,8139.8037,309,0.020,103.9372,0
1776359340000,5202.3,5202.3,5189.8,5189.8,1.337,1776359519999,6939.4675,301,0.015,78.0345,0
1776359520000,5202.3,5202.3,5187.4,5189.8,1.175,1776359699999,6096.7259,267,0.015,78.0345,0
1776359700000,5189.8,5202.3,5189.8,5191.4,0.648,1776359879999,3364.0204,125,0.005,26.0115,0
1776359880000,5202.3,5202.3,5187.1,5187.1,1.0,1776360059999,5188.2201,270,0.029,150.6707,0
1776360060000,5202.3,5202.3,5187.1,5187.2,0.895,1776360239999,4642.7971,174,0.009,46.8207,0
1776360240000,5202.3,5202.3,5185.4,5185.4,1.086,1776360419999,5633.4915,228,0.015,78.0345,0
1776360420000,5202.3,5202.3,5184.0,5184.0,3.146,1776360599999,16343.0255,282,1.759,9150.8457,0
1776360600000,5202.3,5202.3,5182.9,5185.0,1.059,1776360779999,5489.7804,244,0.015,78.0345,0
1776360780000,5202.3,5202.3,5182.9,5186.4,0.775,1776360959999,4018.7100,173,0.015,78.0345,0
1776360960000,5202.3,5202.3,5182.9,5185.1,1.909,1776361139999,9899.1833,346,0.010,52.0230,0
1776361140000,5202.3,5202.3,5182.4,5182.4,1.428,1776361319999,7403.8723,250,0.015,78.0345,0
1776361320000,5202.3,5202.3,5182.3,5182.9,1.109,1776361499999,5748.6697,290,0.015,78.0345,0
1776361500000,5202.3,5202.3,5182.7,5183.5,1.795,1776361679999,9304.4778,344,0.005,26.0115,0
1776361680000,5202.3,5202.3,5182.6,5182.7,1.289,1776361859999,6681.5998,281,0.010,52.0230,0
1776361860000,5202.3,5202.3,5180.8,5180.8,1.157,1776362039999,5996.9271,238,0.015,78.0345,0
1776362040000,5202.3,5202.3,5179.1,5179.1,1.748,1776362219999,9054.4038,393,0.010,52.0230,0
1776362220000,5179.1,5202.8,5178.0,5179.9,9.476,1776362399999,49069.0649,259,0.010,52.0255,0
1776362400000,5180.0,5202.8,5176.3,5176.3,2.892,1776362579999,14975.5924,234,0.010,52.0280,0
1776362580000,5202.8,5202.8,5175.4,5179.9,1.827,1776362759999,9459.8557,401,0.138,714.7776,0
1776362760000,5202.8,5202.8,5175.4,5178.7,1.976,1776362939999,10233.1049,406,0.849,4396.8940,0
1776362940000,5178.7,5182.4,5175.4,5181.7,2.024,1776363119999,10484.8813,445,1.361,7049.5476,0
1776363120000,5181.7,5182.4,5175.4,5180.8,2.063,1776363299999,10688.0790,471,0.137,709.8661,0
1776363300000,5182.4,5182.4,4922.1,5180.4,5652.296,1776363479999,29091387.9934,669,1.017,5270.5008,0
1776363480000,5182.4,5182.4,5176.4,5176.8,2.385,1776363659999,12349.9934,421,0.010,51.8240,0
1776363660000,5182.4,5182.4,5175.4,5177.3,1.967,1776363839999,10182.0558,376,0.005,25.9120,0
1776363840000,5182.4,5182.4,5175.7,5177.9,1.941,1776364019999,10047.9954,365,0.005,25.9120,0
1776364020000,5178.4,5182.4,5176.0,5177.4,1.903,1776364199999,9852.4860,399,0.005,25.9120,0
1776364200000,5177.4,5182.4,5175.4,5175.5,2.022,1776364379999,10465.9874,421,0.011,57.0064,0
1776364380000,5182.4,5182.4,5173.7,5173.7,2.089,1776364559999,10810.0184,419,0.015,77.7360,0
1776364560000,5182.4,5182.4,5171.3,5172.1,1.94,1776364739999,10035.2180,362,0.015,77.7360,0
1776364740000,5182.4,5182.4,5171.0,5171.0,1.546,1776364919999,7995.6359,319,0.015,77.7360,0
1776364920000,5170.9,5182.4,5170.0,5170.7,1.33,1776365099999,6876.8208,316,0.056,289.7323,0
1776365100000,5170.7,5182.4,5166.1,5166.1,1.619,1776365279999,8368.4805,372,0.015,77.6889,0
1776365280000,5182.4,5182.4,5164.1,5164.3,1.9,1776365459999,9813.0497,368,0.015,77.7360,0
1776365460000,5164.3,5182.4,5164.1,5167.6,1.839,1776365639999,9499.2128,413,0.005,25.9120,0
1776365640000,5182.4,5182.4,5166.8,5176.2,1.973,1776365819999,10211.5318,446,0.079,409.0357,0
1776365820000,5177.9,5182.4,5175.7,5178.9,1.965,1776365999999,10174.4935,374,0.005,25.9075,0
1776366000000,5178.9,5182.4,5174.7,5174.9,1.882,1776366179999,9740.4665,409,0.025,129.4120,0
1776366180000,5175.0,5182.4,5174.0,5174.4,2.011,1776366359999,10405.8506,367,0.015,77.7286,0
1776366360000,5174.4,5176.7,5174.1,5174.1,1.967,1776366539999,10179.6438,381,0,0,0
1776366540000,5182.4,5182.4,5173.0,5174.7,1.992,1776366719999,10305.9606,482,0.015,77.7360,0
1776366720000,5182.4,5182.4,5173.5,5173.5,1.976,1776366899999,10225.6297,411,0.010,51.8240,0
1776366900000,5182.4,5182.4,5172.1,5172.1,1.991,1776367079999,10299.6475,403,0.010,51.8240,0
1776367080000,5172.1,5182.4,5170.8,5171.7,2.096,1776367259999,10839.3437,420,0.010,51.8240,0
1776367260000,5182.4,5182.4,5170.8,5171.1,2.955,1776367439999,15281.3460,396,0.014,72.5108,0
1776367440000,5171.7,5182.4,5170.8,5170.8,1.82,1776367619999,9412.2230,450,0.015,77.7253,0
1776367620000,5182.4,5182.4,5168.6,5170.9,2.102,1776367799999,10867.0579,394,0.010,51.8240,0
1776367800000,5170.9,5182.4,5169.7,5171.2,1.827,1776367979999,9448.2132,410,0.054,279.3571,0
1776367980000,5182.4,5182.4,5169.4,5169.4,2.892,1776368159999,14963.5402,450,0.978,5068.2738,0
1776368160000,5182.4,5182.4,5166.1,5166.1,1.828,1776368339999,9446.2133,401,0.015,77.7360,0
1776368340000,5182.4,5182.4,5163.5,5163.5,1.86,1776368519999,9608.4659,386,0.010,51.8240,0
1776368520000,5182.4,5182.4,5161.7,5161.8,1.899,1776368699999,9804.3291,374,0.025,129.5600,0
1776368700000,5161.8,5163.1,5161.2,5161.2,1.676,1776368879999,8651.3026,313,0,0,0
1776368880000,5161.2,5161.5,5160.9,5161.4,1.637,1776369059999,8449.1400,443,0,0,0
1776369060000,5161.4,5166.9,5161.0,5165.8,1.518,1776369239999,7838.6225,437,0.257,1327.1059,0
1776369240000,5165.8,5169.1,5165.8,5168.2,1.442,1776369419999,7452.1703,324,0.086,444.5242,0
1776369420000,5168.2,5168.2,5166.9,5166.9,1.755,1776369599999,9069.9364,311,0,0,0
1776369600000,5166.9,5169.4,5164.4,5166.3,1.471,1776369779999,7599.5799,297,0,0,0
1776369780000,5166.6,5168.6,5166.6,5166.9,1.679,1776369959999,8676.0195,318,0.033,170.5638,0
1776369960000,5166.9,5168.5,5165.7,5168.5,1.576,1776370139999,8143.3251,354,0,0,0
1776370140000,5168.5,5171.8,5168.5,5171.4,1.886,1776370319999,9749.9322,499,0.654,3380.7570,0
1776370320000,5171.4,5172.1,5171.4,5171.4,1.97,1776370499999,10188.5584,473,0.359,1856.7688,0
1776370500000,5171.9,5171.9,5168.8,5169.8,1.95,1776370679999,10082.6157,447,0.145,749.9255,0
1776370680000,5169.8,5173.2,5168.8,5173.1,1.899,1776370859999,9816.6479,359,0.077,398.2927,0
1776370860000,5173.1,5173.1,5170.6,5170.9,1.915,1776371039999,9902.9184,384,0,0,0
1776371040000,5170.9,5172.0,5170.5,5171.8,2.014,1776371219999,10414.8351,452,0,0,0
1776371220000,5171.8,5172.8,5171.7,5172.5,1.904,1776371399999,9848.2498,401,0.032,165.5216,0
1776371400000,5172.5,5175.0,5172.5,5175.0,2.017,1776371579999,10434.6436,384,0.239,1236.6500,0
1776371580000,5175.0,5175.5,5173.0,5175.5,1.896,1776371759999,9810.7806,369,0,0,0
1776371760000,5175.9,5182.4,5175.7,5176.5,1.891,1776371939999,9788.3615,357,0.001,5.1824,0
1776371940000,5176.5,5181.5,5176.5,5181.4,1.928,1776372119999,9986.2674,545,0.198,1025.7552,0
1776372120000,5181.4,5181.9,5181.4,5181.4,2.137,1776372299999,11072.8711,564,0.185,958.5884,0
1776372300000,5181.4,5181.4,5180.7,5180.7,1.973,1776372479999,10222.7469,382,0,0,0
1776372480000,5180.7,5180.8,5178.6,5180.1,2.139,1776372659999,11079.6256,476,0,0,0
1776372660000,5180.1,5182.9,5180.1,5182.7,12.962,1776372839999,67173.3296,406,11.071,57374.9694,0
1776372840000,5182.7,5182.9,5180.5,5182.1,2.03,1776373019999,10519.1518,409,0.050,259.1450,0
1776373020000,5182.0,5182.1,5180.2,5180.2,2.03,1776373199999,10518.3049,437,0,0,0
1776373200000,5180.2,5180.2,5176.2,5176.2,2.044,1776373379999,10584.4518,412,0,0,0
1776373380000,5176.2,5176.3,5175.8,5175.8,16.992,1776373559999,87953.7820,378,0,0,0
1776373560000,5175.8,5182.9,5172.3,5172.7,16.983,1776373739999,88003.7779,393,14.923,77344.4167,0
1776373740000,5172.7,5172.7,5171.7,5172.4,1.903,1776373919999,9842.8752,475,0,0,0
1776373920000,5172.4,5173.1,5171.1,5172.8,1.851,1776374099999,9574.2646,360,0,0,0
1776374100000,5172.8,5172.8,5172.0,5172.0,1.801,1776374279999,9315.2625,359,0,0,0
1776374280000,5172.0,5172.0,5167.7,5168.8,1.568,1776374459999,8105.5885,376,0,0,0
1776374460000,5168.8,5175.9,5167.3,5174.4,1.373,1776374639999,7101.6279,256,0,0,0
1776374640000,5174.4,5178.0,5174.3,5177.9,1.695,1776374819999,8774.6331,319,0,0,0
1776374820000,5177.9,5178.8,5177.7,5177.7,1.852,1776374999999,9589.7357,353,0,0,0
1776375000000,5177.7,5177.8,5175.9,5176.0,1.792,1776375179999,9277.6250,541,0,0,0
1776375180000,5176.0,5177.7,5175.9,5176.3,1.769,1776375359999,9157.5791,379,0,0,0
1776375360000,5176.3,5182.9,5176.1,5176.3,1.676,1776375539999,8675.3471,367,0.001,5.1829,0
1776375540000,5176.3,5178.6,5176.3,5178.1,1.862,1776375719999,9641.2007,337,0,0,0
1776375720000,5178.1,5180.7,5177.7,5179.6,1.57,1776375899999,8130.9901,294,0,0,0
1776375900000,5178.8,5182.6,5177.3,5182.0,1.821,1776376079999,9432.5178,350,0,0,0
1776376080000,5181.1,5182.5,5179.5,5180.8,1.52,1776376259999,7875.0583,285,0,0,0
1776376260000,5180.8,5180.9,5178.8,5178.9,1.752,1776376439999,9074.8739,317,0,0,0
1776376440000,5178.9,5179.3,5178.8,5179.2,1.927,1776376619999,9979.8356,364,0,0,0
1776376620000,5179.2,5179.2,5176.2,5176.8,2.013,1776376799999,10423.2302,366,0,0,0
1776376800000,5176.8,5178.4,5171.1,5171.6,1.879,1776376979999,9722.8642,453,0,0,0
1776376980000,5171.9,5173.6,5169.4,5169.4,2.06,1776377159999,10652.7253,413,0,0,0
1776377160000,5169.4,5171.7,5169.4,5169.4,1.799,1776377339999,9301.6131,368,0,0,0
1776377340000,5169.4,5173.4,5168.8,5173.4,2.052,1776377519999,10610.3478,379,0,0,0
1776377520000,5173.4,5174.3,5172.9,5174.2,1.903,1776377699999,9845.4736,353,0,0,0
1776377700000,5174.2,5174.9,5172.6,5174.9,2.022,1776377879999,10461.7009,352,0,0,0
1776377880000,5174.9,5174.9,5173.1,5174.2,1.988,1776378059999,10285.4933,377,0,0,0
1776378060000,5174.2,5175.0,5174.2,5174.2,2.013,1776378239999,10416.3443,370,0,0,0
1776378240000,5174.2,5174.3,5170.4,5170.4,1.984,1776378419999,10263.8342,422,0,0,0
1776378420000,5170.4,5170.4,5169.5,5169.8,1.881,1776378599999,9725.3736,361,0,0,0
1776378600000,5169.8,5170.5,5169.1,5170.4,1.938,1776378779999,10018.9793,438,0.136,703.1756,0
1776378780000,5170.4,5171.7,5169.1,5171.7,1.956,1776378959999,10113.1855,486,0.526,2720.0777,0
1776378960000,5171.7,5172.0,5171.3,5172.0,1.945,1776379139999,10059.1121,577,0.826,4272.0395,0
1776379140000,5172.0,5172.0,5171.2,5171.2,1.962,1776379319999,10146.2635,423,0.225,1163.7000,0
1776379320000,5171.2,5171.3,5167.3,5167.7,1.853,1776379499999,9578.7372,414,0,0,0
1776379500000,5167.7,5167.8,5166.2,5166.3,1.865,1776379679999,9636.3312,373,0,0,0
1776379680000,5172.0,5182.9,5166.1,5166.1,1.942,1776379859999,10033.0536,387,0.010,51.7854,0
1776379860000,5166.1,5182.9,5163.7,5163.7,2.014,1776380039999,10402.8835,417,0.005,25.9145,0
1776380040000,5182.9,5182.9,5160.8,5161.6,30.643,1776380219999,158157.9324,499,0.010,51.8290,0
1776380220000,5182.9,5182.9,5160.8,5162.2,2.089,1776380399999,10783.8693,539,0.177,914.0199,0
1776380400000,5162.2,5182.9,5160.8,5162.6,2.15,1776380579999,11103.8967,393,0.230,1191.6467,0
1776380580000,5162.6,5182.9,5160.8,5168.0,1.905,1776380759999,9838.6448,377,0.010,51.8290,0
1776380760000,5168.2,5182.9,5160.8,5168.4,1.992,1776380939999,10294.8072,405,0.039,201.7613,0
1776380940000,5182.9,5182.9,5160.8,5169.0,1.892,1776381119999,9780.7027,413,0.062,320.7077,0
1776381120000,5182.9,5182.9,5160.8,5169.7,1.983,1776381299999,10249.6659,454,0.095,491.2056,0
1776381300000,5182.9,5182.9,5160.8,5170.3,1.842,1776381479999,9523.2252,360,0.015,77.7435,0
1776381480000,5182.9,5182.9,5160.6,5170.3,1.865,1776381659999,9642.6597,347,0.015,77.7435,0
1776381660000,5182.9,5182.9,5160.6,5171.0,1.882,1776381839999,9731.1245,386,0.050,258.6948,0
1776381840000,5182.9,5182.9,5139.8,5168.2,1187.241,1776382019999,6122450.1393,579,0.467,2413.7829,0
1776382020000,5168.3,5182.9,5167.9,5168.2,1.557,1776382199999,8046.9462,346,0.083,428.9762,0
1776382200000,5182.9,5182.9,5165.4,5165.4,1.516,1776382379999,7834.0045,300,0.015,77.7435,0
1776382380000,5182.9,5182.9,5163.3,5163.3,1.735,1776382559999,8960.5976,349,0.015,77.7435,0
1776382560000,5182.9,5182.9,5162.1,5162.3,1.417,1776382739999,7315.7364,296,0.015,77.7435,0
1776382740000,5182.9,5182.9,5162.1,5162.9,1.818,1776382919999,9386.3137,446,0.146,754.0339,0
1776382920000,5163.0,5182.9,5162.0,5164.2,2.018,1776383099999,10419.4629,392,0.015,77.7236,0
1776383100000,5182.9,5182.9,5161.8,5165.8,2.014,1776383279999,10402.0103,397,0.040,206.8310,0
1776383280000,5182.9,5182.9,5161.8,5167.7,2.105,1776383459999,10874.8589,478,0.139,718.3788,0
1776383460000,5167.9,5182.9,5161.8,5169.4,2.014,1776383639999,10409.3286,425,0.055,284.4604,0
1776383640000,5182.9,5182.9,5161.8,5171.3,2.109,1776383819999,10904.6434,421,0.044,227.6810,0
1776383820000,5171.3,5173.1,5171.3,5173.1,1.964,1776383999999,10158.8908,374,0,0,0
1776384000000,5173.4,5182.9,5161.8,5168.4,1.739,1776384179999,8988.9214,346,0.023,119.0569,0
1776384180000,5182.9,5182.9,5161.8,5167.7,1.946,1776384359999,10060.2224,399,0.054,279.3704,0
1776384360000,5169.4,5182.9,5161.8,5170.8,1.767,1776384539999,9134.7000,341,0.015,77.6490,0
1776384540000,5182.9,5182.9,5161.8,5173.7,1.839,1776384719999,9510.9522,341,0.015,77.7435,0
1776384720000,5182.9,5182.9,5161.8,5173.3,2.028,1776384899999,10490.6832,432,0.069,357.0637,0
1776384900000,5182.9,5182.9,5145.2,5173.1,1458.121,1776385079999,7524426.5152,565,0.019,98.4751,0
1776385080000,5173.1,5173.6,5172.9,5172.9,2.063,1776385259999,10672.3893,383,0,0,0
1776385260000,5172.9,5182.9,5170.3,5171.9,2.064,1776385439999,10673.6817,436,0.023,118.9939,0
1776385440000,5172.4,5182.9,5170.3,5172.0,2.162,1776385619999,11181.8548,412,0.025,129.5620,0
1776385620000,5182.9,5182.9,5171.8,5176.8,1.997,1776385799999,10333.2454,415,0.047,243.3203,0
1776385800000,5182.9,5182.9,5175.7,5177.1,2.161,1776385979999,11187.9991,391,0.010,51.8290,0
1776385980000,5177.1,5182.9,5176.5,5176.6,2.107,1776386159999,10908.0865,415,0.010,51.8290,0
1776386160000,5176.6,5182.9,5175.7,5176.3,1.985,1776386339999,10275.6253,399,0.018,93.2082,0
1776386340000,5182.9,5182.9,5172.3,5174.9,1.971,1776386519999,10198.6491,406,0.015,77.7435,0
1776386520000,5174.9,5182.9,5174.8,5175.3,1.959,1776386699999,10137.9628,377,0.005,25.9145,0
1776386700000,5175.3,5182.9,5174.2,5174.2,2.167,1776386879999,11213.9362,418,0.025,129.4445,0
1776386880000,5182.9,5182.9,5174.2,5176.0,2.084,1776387059999,10786.1693,406,0.030,155.3686,0
1776387060000,5176.0,5182.9,5175.9,5177.6,1.997,1776387239999,10337.8909,378,0.020,103.5574,0
1776387240000,5177.6,5182.9,5177.5,5177.8,2.085,1776387419999,10795.4065,386,0.005,25.9145,0
1776387420000,5177.8,5182.9,5177.0,5177.0,1.848,1776387599999,9568.4760,372,0.039,201.9557,0
1776387600000,5177.0,5182.9,5173.3,5173.6,1.773,1776387779999,9175.0890,358,0.010,51.8290,0
1776387780000,5182.9,5182.9,5172.8,5175.1,1.907,1776387959999,9866.3179,371,0.010,51.8290,0
1776387960000,5175.1,5182.9,5174.2,5174.2,1.919,1776388139999,9930.3439,392,0.010,51.8290,0
1776388140000,5174.2,5182.9,5174.2,5177.5,2.004,1776388319999,10372.3137,400,0.107,554.2349,0
1776388320000,5177.5,5182.9,5176.2,5176.2,2.001,1776388499999,10358.6511,387,0.005,25.9145,0
1776388500000,5176.2,5182.9,5174.5,5174.5,1.994,1776388679999,10319.0483,442,0.010,51.8290,0
1776388680000,5182.9,5182.9,5174.4,5174.9,1.917,1776388859999,9920.1941,361,0.015,77.7435,0
1776388860000,5182.9,5182.9,5174.4,5180.5,1.692,1776389039999,8764.3164,329,0.015,77.7435,0
1776389040000,5180.5,5183.5,5174.4,5183.2,1.856,1776389219999,9617.3753,391,0.177,917.4217,0
1776389220000,5183.2,5183.8,5174.4,5183.8,2.086,1776389399999,10810.2940,421,0.265,1373.5756,0
1776389400000,5183.8,5184.0,5174.4,5182.0,1.989,1776389579999,10309.9605,422,1.176,6096.2154,0
1776389580000,5182.0,5182.1,5181.0,5181.0,2.018,1776389759999,10457.2114,551,0.700,3627.4700,0
1776389760000,5181.5,5181.5,5181.0,5181.0,1.872,1776389939999,9698.8361,650,0.021,108.8051,0
1776389940000,5181.0,5182.6,5174.4,5182.6,1.992,1776390119999,10321.6303,514,1.236,6404.8339,0
1776390120000,5182.6,5187.1,5174.4,5185.9,1.937,1776390299999,10044.3927,477,0.471,2442.1123,0
1776390300000,5185.9,5187.1,5174.4,5184.7,1.975,1776390479999,10240.6310,391,0.015,77.8053,0
1776390480000,5187.1,5187.2,5174.4,5186.6,1.944,1776390659999,10079.8602,414,0.123,637.9225,0
1776390660000,5187.2,5187.6,5174.4,5187.6,1.922,1776390839999,9969.2454,475,1.098,5695.4972,0
1776390840000,5187.6,5187.9,5174.4,5184.3,1.843,1776391019999,9558.1445,380,1.135,5886.6522,0
1776391020000,5184.3,5186.0,5174.4,5186.0,1.859,1776391199999,9640.1312,463,1.854,9614.2592,0
1776391200000,5186.0,5186.8,5174.4,5186.2,2.039,1776391379999,10574.7893,472,1.199,6218.5238,0
1776391380000,5186.2,5186.2,5174.4,5182.6,1.925,1776391559999,9980.2772,438,0.418,2167.2907,0
1776391560000,5182.6,5186.4,5174.4,5186.4,1.954,1776391739999,10129.7178,479,1.205,6247.8535,0
1776391740000,5186.4,5188.1,5174.4,5187.9,2.087,1776391919999,10826.5467,514,1.069,5545.4835,0
1776391920000,5188.0,5188.1,5174.4,5187.4,2.044,1776392099999,10602.9967,384,0.015,77.8214,0
1776392100000,5188.1,5189.0,5174.4,5188.9,1.843,1776392279999,9561.5083,373,0.567,2942.0006,0
1776392280000,5189.0,5189.0,5174.4,5188.9,1.666,1776392459999,8644.5677,331,0.778,4037.0420,0
1776392460000,5189.0,5189.4,5174.4,5189.4,1.758,1776392639999,9122.4036,465,1.310,6797.8924,0
1776392640000,5189.4,5189.6,5174.4,5189.2,1.946,1776392819999,10098.2343,540,1.016,5272.4351,0
1776392820000,5189.6,5192.7,5174.4,5192.6,1.969,1776392999999,10220.8501,406,1.483,7698.9116,0
1776393000000,5192.6,5193.8,5174.4,5193.5,1.958,1776393179999,10168.1123,387,1.457,7566.4611,0
1776393180000,5193.5,5194.2,5174.4,5193.3,2.042,1776393359999,10605.7532,417,1.250,6492.5487,0
1776393360000,5194.2,5194.2,5174.4,5193.1,1.966,1776393539999,10209.3950,365,0.015,77.9130,0
1776393540000,5194.2,5194.2,5174.4,5193.0,1.974,1776393719999,10251.1214,442,0.093,482.9769,0
1776393720000,5194.2,5194.2,5174.4,5192.9,1.795,1776393899999,9321.1028,343,0.010,51.9420,0
1776393900000,5194.2,5194.2,5174.4,5193.2,1.749,1776394079999,9082.3787,366,0.028,145.4248,0
1776394080000,5193.3,5194.2,5174.4,5193.2,1.985,1776394259999,10308.2019,377,0.015,77.9121,0
1776394260000,5194.2,5194.2,5174.4,5193.4,2.085,1776394439999,10827.5824,383,0.015,77.9130,0
1776394440000,5194.2,5194.2,5174.4,5193.4,2.038,1776394619999,10583.9394,403,0.043,223.3310,0
1776394620000,5193.5,5194.2,5174.4,5194.0,2.039,1776394799999,10589.6127,391,0.015,77.9123,0
1776394800000,5194.0,5194.4,5174.4,5194.0,2.06,1776394979999,10699.8595,380,0.640,3324.3333,0
1776394980000,5194.2,5194.3,5194.0,5194.3,1.91,1776395159999,9920.9617,352,0.644,3345.1272,0
1776395160000,5194.3,5195.0,5174.4,5194.1,1.876,1776395339999,9744.6487,450,0.961,4991.9519,0
1776395340000,5194.1,5194.4,5174.4,5193.4,1.949,1776395519999,10121.4813,492,0.729,3786.0346,0
1776395520000,5193.4,5194.2,5174.4,5194.2,2.044,1776395699999,10615.3247,508,1.544,8018.8110,0
1776395700000,5194.2,5194.6,5174.4,5194.6,1.964,1776395879999,10201.4544,485,1.806,9380.9490,0
1776395880000,5194.6,5195.9,5174.4,5195.9,67.791,1776396059999,352211.8700,439,67.617,351307.9934,0
1776396060000,5195.9,5196.6,5195.9,5196.6,14.279,1776396239999,74195.9964,502,14.269,74144.0354,0
1776396240000,5196.6,5198.2,5196.6,5198.2,20.609,1776396419999,107106.5000,520,20.604,107080.5150,0
1776396420000,5198.2,5198.9,5198.0,5198.0,127.36,1776396599999,662075.6427,476,12.006,62413.8736,0
1776396600000,5197.9,5198.4,5197.6,5197.6,39.49,1776396779999,205261.7989,467,0.452,2349.6363,0
1776396780000,5197.9,5197.9,5196.3,5196.3,65.605,1776396959999,340916.4587,497,0.005,25.9895,0
1776396960000,5196.4,5196.6,5196.1,5196.3,60.573,1776397139999,314749.4729,499,0.345,1792.7736,0
1776397140000,5196.3,5198.4,5195.6,5198.4,247.555,1776397319999,1286525.2837,410,218.277,1134399.0384,0
1776397320000,5198.4,5198.4,5196.3,5196.3,15.806,1776397499999,82163.3198,334,14.092,73255.8528,0
1776397500000,5196.3,5198.4,5196.2,5197.7,2.0,1776397679999,10393.9954,409,0.005,25.9920,0
1776397680000,5197.7,5197.9,5197.3,5197.3,2.065,1776397859999,10732.4714,373,0,0,0
1776397860000,5197.3,5197.3,5193.5,5193.5,2.093,1776398039999,10873.5790,527,0,0,0
1776398040000,5193.5,5198.5,5192.4,5192.6,11.707,1776398219999,60820.2876,418,4.807,24989.1873,0
1776398220000,5192.6,5198.5,5192.0,5195.9,20.735,1776398399999,107780.0709,417,18.780,97627.8300,0
1776398400000,5195.9,5198.5,5195.4,5196.0,2.123,1776398579999,11031.4382,388,0.031,161.1535,0
1776398580000,5196.0,5196.0,5193.6,5193.6,1.828,1776398759999,9495.3517,380,0,0,0
1776398760000,5193.6,5195.1,5192.9,5195.1,1.729,1776398939999,8979.9084,426,0,0,0
1776398940000,5195.1,5195.5,5195.1,5195.1,1.866,1776399119999,9694.3644,494,0.647,3361.3963,0
1776399120000,5195.1,5195.2,5194.4,5195.2,2.033,1776399299999,10561.3813,404,0,0,0
1776399300000,5195.2,5195.7,5194.5,5194.5,2.055,1776399479999,10675.6426,431,0.175,909.2459,0
1776399480000,5195.7,5198.5,5193.7,5193.7,1.983,1776399659999,10300.6795,415,0.010,51.9766,0
1776399660000,5198.5,5198.5,5193.7,5194.8,1.959,1776399839999,10177.0799,392,0.015,77.9775,0
1776399840000,5194.8,5196.8,5194.8,5196.8,2.011,1776400019999,10449.3464,408,0,0,0
1776400020000,5196.8,5198.5,5196.6,5197.9,2.109,1776400199999,10961.5485,384,0.005,25.9925,0
1776400200000,5198.5,5198.5,5196.4,5197.7,2.078,1776400379999,10799.5107,439,0.010,51.9850,0
1776400380000,5198.5,5198.9,5197.4,5198.9,24.893,1776400559999,129407.2272,422,23.512,122229.5849,0
1776400560000,5198.9,5198.9,5198.8,5198.9,1.982,1776400739999,10304.1491,359,1.275,6628.5975,0
1776400740000,5198.8,5199.6,5198.2,5198.2,37.012,1776400919999,192421.7889,631,36.002,187171.2584,0
1776400920000,5198.2,5199.6,5196.5,5196.5,2.113,1776401099999,10982.1204,432,0.005,25.9980,0
1776401100000,5199.6,5199.6,5195.9,5195.9,2.156,1776401279999,11203.4366,441,0.007,36.3912,0
1776401280000,5196.6,5199.6,5195.7,5199.6,2.051,1776401459999,10660.3945,489,0.245,1273.7357,0
1776401460000,5199.6,5199.9,5195.7,5199.6,2.1,1776401639999,10919.2271,475,1.108,5761.2887,0
1776401640000,5199.7,5200.9,5195.7,5200.9,2.056,1776401819999,10689.8949,428,0.897,4664.4426,0
1776401820000,5200.9,5202.1,5195.7,5201.2,2.016,1776401999999,10486.1957,389,0.770,4005.3091,0
1776402000000,5201.4,5204.4,5195.7,5204.4,2.036,1776402179999,10592.1588,459,1.771,9214.0602,0
1776402180000,5204.4,5205.0,5195.7,5203.5,1.684,1776402359999,8764.3434,432,0.565,2940.6800,0
1776402360000,5205.0,5207.9,5195.7,5207.7,1.966,1776402539999,10234.8978,385,1.003,5222.2935,0
1776402540000,5207.9,5207.9,5195.7,5207.9,1.907,1776402719999,9929.7955,360,0.108,562.4532,0
1776402720000,5207.9,5208.5,5195.7,5206.2,1.802,1776402899999,9383.6629,406,0.706,3676.6761,0
1776402900000,5206.2,5206.9,5195.7,5206.9,2.014,1776403079999,10485.1376,507,0.433,2254.4388,0
1776403080000,5206.9,5207.9,5195.7,5205.8,9.113,1776403259999,47398.7293,434,3.431,17867.5048,0
1776403260000,5205.8,5206.5,5195.7,5205.7,2.007,1776403439999,10448.6682,435,0.704,3665.0973,0
1776403440000,5206.5,5206.5,5195.7,5205.0,1.927,1776403619999,10030.6180,357,0.010,52.0650,0
1776403620000,5206.5,5208.6,5195.7,5208.6,1.764,1776403799999,9185.2688,351,1.019,5306.6220,0
1776403800000,5208.6,5208.7,5195.2,5208.7,148.279,1776403979999,770663.8760,457,0.860,4478.8255,0
1776403980000,5208.7,5209.5,5208.1,5208.8,1.941,1776404159999,10109.8141,402,0.413,2151.3530,0
1776404160000,5208.8,5209.5,5208.0,5209.1,7.735,1776404339999,40294.2304,378,5.879,30626.6505,0
1776404340000,5209.1,5209.8,5208.3,5209.0,9.118,1776404519999,47500.9347,470,7.807,40671.9683,0
1776404520000,5209.0,5211.0,5208.9,5211.0,110.087,1776404699999,573589.7548,500,109.480,570427.4976,0
1776404700000,5211.0,5212.0,5210.3,5210.5,30.654,1776404879999,159739.9572,419,29.225,152293.4912,0
1776404880000,5210.5,5212.8,5210.1,5211.9,42.757,1776405059999,222849.6956,414,36.727,191425.0857,0
1776405060000,5211.9,5214.7,5211.9,5214.2,68.621,1776405239999,357773.7091,450,67.617,352539.7135,0
1776405240000,5214.2,5214.9,5213.4,5214.3,1.905,1776405419999,9932.8250,370,0.366,1908.6294,0
1776405420000,5214.3,5215.2,5214.3,5215.2,24.088,1776405599999,125621.9669,435,22.819,119004.3692,0
1776405600000,5215.2,5215.2,5213.4,5213.9,203.749,1776405779999,1062301.9539,536,0.538,2805.2067,0
1776405780000,5213.9,5215.5,5213.4,5215.5,1.995,1776405959999,10403.2533,430,1.613,8411.1970,0
1776405960000,5215.4,5215.5,5213.4,5214.8,60.847,1776406139999,317261.9185,390,43.821,228497.5904,0
1776406140000,5214.8,5215.5,5213.9,5214.7,56.748,1776406319999,295953.1127,455,55.467,289272.9485,0
1776406320000,5215.5,5215.5,5213.8,5214.3,1.939,1776406499999,10110.9011,380,0.013,67.7973,0
1776406500000,5214.3,5215.5,5213.8,5214.9,2.183,1776406679999,11382.9688,418,0.010,52.1550,0
1776406680000,5215.5,5215.5,5213.7,5214.6,2.061,1776406859999,10746.6889,390,0.010,52.1550,0
1776406860000,5215.5,5215.5,5213.3,5214.6,1.98,1776407039999,10324.3888,383,0.015,78.2325,0
1776407040000,5215.5,5215.5,5213.3,5214.7,1.956,1776407219999,10199.9125,360,0.040,208.6200,0
1776407220000,5215.5,5215.5,5212.7,5213.4,1.831,1776407399999,9545.8140,344,0.015,78.2325,0
1776407400000,5213.4,5215.5,5212.3,5212.3,2.078,1776407579999,10833.3207,390,0.028,146.0028,0
1776407580000,5213.1,5215.5,5211.2,5211.2,1.99,1776407759999,10371.7333,385,0.015,78.2301,0
1776407760000,5215.5,5215.5,5211.0,5211.7,1.809,1776407939999,9427.6276,402,0.044,229.3716,0
1776407940000,5215.5,5215.5,5211.0,5211.0,1.712,1776408119999,8921.8811,361,0.025,130.3465,0
1776408120000,5211.4,5215.5,5208.4,5208.9,1.768,1776408299999,9210.9187,500,0.015,78.2284,0
1776408300000,5215.5,5215.5,5208.4,5208.9,1.92,1776408479999,10001.1249,353,0.015,78.2325,0
1776408480000,5208.8,5210.4,5208.1,5208.5,1.826,1776408659999,9511.8952,335,0,0,0
1776408660000,5208.5,5208.5,5207.2,5207.9,1.834,1776408839999,9551.4335,354,0,0,0
1776408840000,5207.9,5209.0,5207.8,5208.2,2.008,1776409019999,10458.4373,355,0,0,0
1776409020000,5208.2,5215.5,5208.1,5208.3,1.802,1776409199999,9385.7389,363,0.005,26.0775,0
1776409200000,5208.3,5215.5,5205.0,5205.0,1.871,1776409379999,9742.8481,371,0.005,26.0775,0
1776409380000,5215.5,5215.5,5204.7,5204.7,1.919,1776409559999,9989.0909,397,0.015,78.2325,0
1776409560000,5215.5,5215.5,5201.9,5203.7,1.89,1776409739999,9833.8229,399,0.015,78.2325,0
1776409740000,5215.5,5215.5,5201.7,5202.9,1.965,1776409919999,10223.0264,385,0.015,78.2325,0
1776409920000,5215.5,5215.5,5200.7,5202.2,1.964,1776410099999,10216.7382,400,0.015,78.2325,0
1776410100000,5215.5,5215.5,5200.7,5203.2,2.915,1776410279999,15164.4985,445,0.102,530.8612,0
1776410280000,5203.2,5215.5,5200.7,5205.5,3.738,1776410459999,19448.0604,374,0.015,78.2202,0
1776410460000,5215.5,5215.5,5200.7,5205.4,1.987,1776410639999,10342.5940,418,0.097,505.0753,0
1776410640000,5205.4,5215.5,5200.7,5205.4,1.999,1776410819999,10406.1125,371,0.015,78.2123,0
1776410820000,5215.5,5215.5,5200.7,5203.7,1.933,1776410999999,10059.2527,393,0.046,239.5194,0
1776411000000,5215.5,5215.5,5200.7,5203.5,1.753,1776411179999,9120.8784,342,0.015,78.2325,0
1776411180000,5203.5,5215.5,5200.7,5202.6,1.739,1776411359999,9048.0985,366,0.039,203.1020,0
1776411360000,5215.5,5215.5,5200.7,5202.3,1.79,1776411539999,9311.6679,325,0.025,130.2315,0
1776411540000,5215.5,5215.5,5200.7,5203.2,1.625,1776411719999,8453.0362,336,0.031,161.4425,0
1776411720000,5215.5,5215.5,5200.7,5202.8,1.652,1776411899999,8594.3756,385,0.126,655.6174,0
1776411900000,5202.8,5215.5,5200.7,5206.1,1.665,1776412079999,8665.5648,332,0.015,78.2198,0
1776412080000,5215.5,5215.5,5200.7,5205.7,1.609,1776412259999,8376.0363,311,0.015,78.2325,0
1776412260000,5205.7,5215.5,5200.7,5207.1,1.893,1776412439999,9855.3495,346,0.010,52.1550,0
1776412440000,5207.1,5215.5,5200.7,5207.2,1.957,1776412619999,10189.7252,369,0.010,52.1550,0
1776412620000,5215.5,5215.5,5200.7,5207.3,1.993,1776412799999,10376.7289,406,0.088,458.2356,0
1776412800000,5207.9,5215.5,5206.3,5206.3,1.67,1776412979999,8695.8762,398,0.248,1291.4784,0
1776412980000,5206.3,5215.5,5200.7,5208.0,1.914,1776413159999,9966.5245,458,0.259,1348.5650,0
1776413160000,5215.5,5215.5,5200.7,5208.5,4.843,1776413339999,25244.4087,399,2.777,14483.4435,0
1776413340000,5215.5,5215.5,5200.7,5205.6,1.838,1776413519999,9569.1441,419,0.077,401.0272,0
1776413520000,5215.5,5215.5,5200.7,5205.5,1.985,1776413699999,10333.8400,370,0.015,78.2325,0
1776413700000,5215.5,5215.5,5200.7,5203.6,1.874,1776413879999,9753.9209,370,0.015,78.2325,0
1776413880000,5215.5,5215.5,5200.7,5202.3,1.871,1776414059999,9734.3893,386,0.032,166.6750,0
1776414060000,5202.5,5215.5,5200.7,5203.4,1.937,1776414239999,10078.6335,371,0.015,78.2195,0
1776414240000,5203.4,5215.5,5200.7,5202.0,1.885,1776414419999,9807.1577,429,0.084,437.1961,0
1776414420000,5204.0,5215.5,5200.7,5203.1,1.807,1776414599999,9401.9888,409,0.057,296.7388,0
1776414600000,5215.5,5215.5,5200.7,5203.3,1.956,1776414779999,10177.8029,356,0.015,78.2325,0
1776414780000,5215.5,5215.5,5200.7,5202.3,6.636,1776414959999,34585.8319,501,4.804,25055.2620,0
1776414960000,5215.5,5215.5,5200.1,5201.5,1.968,1776415139999,10236.0581,462,0.091,473.5260,0
1776415140000,5202.0,5215.5,5200.1,5204.6,2.001,1776415319999,10411.1040,421,0.065,338.2671,0
1776415320000,5215.5,5215.5,5200.1,5206.3,1.873,1776415499999,9749.2007,381,0.015,78.2325,0
1776415500000,5215.5,5215.5,5200.1,5209.3,1.885,1776415679999,9815.6277,357,0.015,78.2325,0
1776415680000,5215.5,5215.5,5200.1,5211.8,1.985,1776415859999,10344.8893,434,0.096,500.3924,0
1776415860000,5211.8,5215.5,5210.1,5215.1,2.102,1776416039999,10956.9246,461,0.052,271.0646,0
1776416040000,5215.5,5219.9,5215.1,5219.0,176.898,1776416219999,922787.3864,455,175.833,917230.9905,0
1776416220000,5219.1,5219.9,5217.9,5218.0,1.769,1776416399999,9231.3262,361,0.005,26.0995,0
1776416400000,5218.0,5222.8,5218.0,5222.8,151.371,1776416579999,790304.7050,503,151.326,790069.8312,0
1776416580000,5222.8,5224.1,5221.9,5221.9,38.28,1776416759999,199948.6216,323,37.615,196475.8341,0
1776416760000,5221.9,5224.2,5221.9,5224.2,33.52,1776416939999,175097.1443,387,33.362,174271.7962,0
1776416940000,5224.2,5224.2,5223.0,5223.2,123.805,1776417119999,646687.1826,423,0.435,2272.5219,0
1776417120000,5223.2,5224.2,5222.5,5224.2,318.677,1776417299999,1664392.2950,496,1.015,5301.9462,0
1776417300000,5224.2,5224.2,5222.5,5224.2,1.872,1776417479999,9779.1404,359,0.346,1807.5702,0
1776417480000,5224.2,5226.4,5222.5,5225.6,2.017,1776417659999,10539.6941,419,1.379,7205.7003,0
1776417660000,5225.6,5226.2,5222.5,5225.6,1.948,1776417839999,10179.7793,426,1.406,7347.5197,0
1776417840000,5226.2,5226.2,5222.9,5223.5,1.974,1776418019999,10311.4484,383,0.580,3029.6527,0
1776418020000,5223.5,5224.3,5222.0,5223.1,7.483,1776418199999,39080.9389,360,0.545,2846.9256,0
1776418200000,5223.1,5224.3,5220.1,5220.1,1.866,1776418379999,9743.2171,411,0.010,52.2430,0
1776418380000,5224.3,5224.3,5220.1,5220.1,1.967,1776418559999,10269.3808,489,0.010,52.2430,0
1776418560000,5224.3,5224.3,5215.9,5216.6,1.942,1776418739999,10131.3505,400,0.015,78.3645,0
1776418740000,5224.3,5224.3,5215.4,5216.6,2.025,1776418919999,10562.8868,379,0.010,52.2430,0
1776418920000,5216.6,5224.3,5215.9,5215.9,2.043,1776419099999,10656.7977,437,0.010,52.2430,0
1776419100000,5224.3,5224.3,5215.9,5218.0,1.99,1776419279999,10380.9983,361,0.069,360.4767,0
1776419280000,5218.0,5224.3,5216.7,5217.3,2.038,1776419459999,10634.3797,415,0.009,46.9882,0
1776419460000,5224.3,5224.3,5216.7,5218.5,1.861,1776419639999,9711.0208,369,0.015,78.3645,0
1776419640000,5224.3,5224.3,5215.5,5215.5,2.059,1776419819999,10741.0073,395,0.010,52.2430,0
1776419820000,5224.3,5224.3,5213.3,5214.3,2.092,1776419999999,10910.4006,581,0.010,52.2430,0
1776420000000,5224.3,5224.3,5213.3,5214.3,1.9,1776420179999,9908.8909,355,0.014,73.0937,0
1776420180000,5214.0,5214.0,5213.0,5213.0,1.996,1776420359999,10406.9738,374,0,0,0
1776420360000,5213.0,5224.3,5212.5,5214.4,2.067,1776420539999,10775.3588,379,0.010,52.2430,0
1776420540000,5224.3,5224.3,5212.5,5217.7,1.94,1776420719999,10116.8067,359,0.015,78.3645,0
1776420720000,5224.3,5224.3,5212.5,5217.2,1.906,1776420899999,9944.9526,393,0.015,78.3583,0
1776420900000,5224.3,5224.3,5212.5,5216.1,2.041,1776421079999,10646.3496,455,0.083,433.0391,0
1776421080000,5216.5,5224.3,5212.5,5216.1,1.735,1776421259999,9049.8640,408,0.248,1293.6804,0
1776421260000,5216.2,5224.3,5212.5,5217.1,1.578,1776421439999,8232.2725,287,0.005,26.0972,0
1776421440000,5224.3,5224.3,5212.5,5219.7,1.396,1776421619999,7284.5726,404,0.150,782.8520,0
1776421620000,5219.7,5224.3,5212.5,5214.1,1.721,1776421799999,8978.7330,328,0.015,78.3599,0
1776421800000,5224.3,5224.3,5212.5,5218.4,1.834,1776421979999,9567.3854,353,0.034,177.4941,0
1776421980000,5219.7,5224.3,5212.5,5216.6,1.873,1776422159999,9770.7767,343,0.010,52.2384,0
1776422160000,5224.3,5224.3,5212.5,5215.1,2.034,1776422339999,10608.1496,408,0.051,266.1241,0
1776422340000,5224.3,5224.3,5212.5,5216.3,1.95,1776422519999,10168.4090,366,0.015,78.3645,0
1776422520000,5224.3,5224.3,5212.5,5219.2,1.953,1776422699999,10191.4045,378,0.015,78.3645,0
1776422700000,5224.3,5224.3,5212.5,5217.6,1.917,1776422879999,10004.7511,362,0.015,78.3645,0
1776422880000,5224.3,5224.3,5212.5,5216.5,1.966,1776423059999,10255.4694,391,0.027,140.8996,0
1776423060000,5216.5,5224.3,5212.5,5216.6,2.029,1776423239999,10584.4027,403,0.032,166.9678,0
1776423240000,5216.6,5224.3,5212.5,5215.2,2.003,1776423419999,10447.3323,378,0.015,78.3568,0
1776423420000,5224.3,5224.3,5212.5,5216.1,2.005,1776423599999,10457.1289,372,0.015,78.3645,0
1776423600000,5224.3,5224.3,5212.5,5215.6,1.862,1776423779999,9710.7603,372,0.015,78.3645,0
1776423780000,5224.3,5224.3,5212.5,5215.5,1.878,1776423959999,9794.3131,412,0.070,365.1800,0
1776423960000,5224.3,5224.3,5212.5,5215.5,1.939,1776424139999,10113.3405,447,0.097,506.0414,0
1776424140000,5224.3,5224.3,5212.5,5215.0,1.917,1776424319999,9997.5191,370,0.015,78.3645,0
1776424320000,5224.3,5224.3,5212.5,5213.0,1.968,1776424499999,10260.0319,366,0.015,78.3645,0
1776424500000,5224.3,5224.3,5209.2,5209.2,1.977,1776424679999,10302.0571,433,0.015,78.3645,0
1776424680000,5224.3,5224.3,5208.7,5209.4,1.892,1776424859999,9856.6016,360,0.015,78.3645,0
1776424860000,5209.4,5224.3,5206.5,5207.2,1.97,1776425039999,10260.2518,403,0.010,52.2430,0
1776425040000,5224.3,5224.3,5205.5,5206.6,1.944,1776425219999,10121.5957,472,0.060,312.6499,0
1776425220000,5206.6,5224.3,5205.9,5207.9,2.049,1776425399999,10669.5674,388,0.027,140.7420,0
1776425400000,5224.3,5224.3,5206.1,5207.0,1.807,1776425579999,9409.5192,403,0.015,78.3645,0
1776425580000,5206.9,5207.7,5206.6,5206.6,1.843,1776425759999,9596.2520,349,0,0,0
1776425760000,5206.6,5224.3,5204.8,5205.8,2.082,1776425939999,10838.6096,525,0.010,52.2430,0
1776425940000,5224.3,5224.3,5205.8,5207.2,1.886,1776426119999,9819.0877,364,0.005,26.1215,0
1776426120000,5207.2,5224.3,5204.8,5205.4,1.702,1776426299999,8860.4689,313,0.005,26.1215,0
1776426300000,5224.3,5224.3,5204.1,5204.8,1.271,1776426479999,6615.4247,329,0.015,78.3645,0
1776426480000,5224.3,5224.3,5204.4,5206.4,1.665,1776426659999,8668.4064,315,0.010,52.2430,0
1776426660000,5206.4,5224.3,5204.5,5205.0,1.838,1776426839999,9567.8550,370,0.005,26.1215,0
1776426840000,5205.4,5224.3,5205.4,5207.2,1.899,1776427019999,9888.4058,413,0.039,203.1663,0
1776427020000,5207.2,5224.3,5206.1,5206.1,2.064,1776427199999,10746.3279,413,0.010,52.2259,0
1776427200000,5206.1,5224.3,5205.3,5209.5,1.835,1776427379999,9556.7778,350,0.042,219.4206,0
1776427380000,5224.3,5224.3,5205.3,5209.2,2.105,1776427559999,10968.7951,383,0.015,78.3645,0
1776427560000,5209.2,5224.3,5205.3,5207.8,2.087,1776427739999,10869.5323,387,0.022,114.8098,0
1776427740000,5207.8,5224.3,5204.5,5205.6,2.03,1776427919999,10568.1993,383,0.015,78.3645,0
1776427920000,5205.6,5224.3,5205.6,5208.7,1.995,1776428099999,10388.6362,398,0.046,239.7594,0
1776428100000,5208.7,5224.3,5208.4,5209.2,1.981,1776428279999,10318.7559,377,0.012,62.6916,0
1776428280000,5209.2,5210.2,5208.5,5210.2,1.959,1776428459999,10204.7467,363,0,0,0
1776428460000,5210.2,5224.3,5210.0,5216.2,1.952,1776428639999,10175.0449,378,0.010,52.2430,0
1776428640000,5224.3,5224.3,5214.7,5215.2,1.813,1776428819999,9457.2206,374,0.015,78.3645,0
1776428820000,5224.3,5224.3,5213.4,5213.4,2.075,1776428999999,10820.9266,469,0.074,386.0454,0
1776429000000,5224.3,5224.3,5212.0,5215.5,1.949,1776429179999,10162.8681,435,0.027,140.9082,0
1776429180000,5215.6,5224.3,5210.9,5212.8,2.079,1776429359999,10837.0274,420,0.010,52.2343,0
1776429360000,5212.8,5224.3,5212.2,5212.4,1.975,1776429539999,10295.1125,458,0.015,78.3645,0
1776429540000,5224.3,5224.3,5211.3,5212.9,2.096,1776429719999,10924.6015,396,0.014,73.0802,0
1776429720000,5224.3,5224.3,5212.9,5213.7,2.053,1776429899999,10703.7078,423,0.057,297.3293,0
1776429900000,5224.3,5224.3,5213.5,5216.9,1.754,1776430079999,9147.0182,426,0.094,490.2779,0
1776430080000,5224.3,5224.3,5213.1,5213.1,1.721,1776430259999,8975.4807,385,0.010,52.2430,0
1776430260000,5224.3,5224.3,5208.9,5208.9,1.824,1776430439999,9503.6522,381,0.005,26.1215,0
1776430440000,5209.0,5224.3,5208.9,5212.9,1.919,1776430619999,10001.9900,411,0.051,265.8826,0
1776430620000,5224.3,5224.3,5208.9,5213.4,2.03,1776430799999,10582.4925,394,0.037,193.0301,0
1776430800000,5224.3,5224.3,5208.9,5216.6,1.98,1776430979999,10324.0018,380,0.019,99.2617,0
1776430980000,5224.3,5224.3,5208.9,5216.3,1.981,1776431159999,10330.7435,387,0.015,78.3645,0
1776431160000,5224.3,5224.3,5208.9,5209.2,1.428,1776431339999,7444.3112,287,0.015,78.3645,0
1776431340000,5224.3,5224.3,5203.5,5204.5,46.966,1776431519999,244603.7032,334,3.850,20113.5550,0
1776431520000,5224.3,5224.3,5201.7,5201.8,1.598,1776431699999,8319.4009,329,0.015,78.3645,0
1776431700000,5224.3,5224.3,5194.0,5194.0,536.953,1776431879999,2790781.1993,645,0.369,1919.9421,0
1776431880000,5194.2,5194.8,5185.3,5185.3,489.114,1776432059999,2537975.7468,600,0.276,1433.3116,0
1776432060000,5187.3,5187.3,5177.1,5178.7,347.127,1776432239999,1798937.6143,590,0.582,3014.3084,0
1776432240000,5178.8,5184.4,5177.1,5184.4,1.867,1776432419999,9673.5159,407,1.764,9139.8301,0
1776432420000,5184.4,5188.4,5177.1,5187.7,1.873,1776432599999,9713.9106,373,1.165,6041.8275,0
1776432600000,5187.7,5188.5,5177.1,5184.6,1.716,1776432779999,8897.3606,337,0.010,51.8849,0
1776432780000,5184.6,5190.1,5177.1,5185.0,1.839,1776432959999,9539.5058,361,0.371,1925.3355,0
1776432960000,5190.1,5190.1,5174.5,5175.7,1.936,1776433139999,10028.1100,392,0.015,77.8515,0
1776433140000,5175.3,5190.1,5174.4,5180.0,1.917,1776433319999,9922.9172,369,0.010,51.9010,0
1776433320000,5180.3,5190.1,5177.9,5177.9,1.859,1776433499999,9628.5026,374,0.005,25.9505,0
1776433500000,5177.9,5183.8,5177.9,5182.3,1.822,1776433679999,9438.6664,361,0,0,0
1776433680000,5190.1,5190.1,5181.8,5183.8,79.67,1776433859999,412895.8216,457,74.900,388174.9802,0
1776433860000,5183.8,5187.7,5183.5,5183.5,129.562,1776434039999,671870.2767,504,128.588,666819.5746,0
1776434040000,5187.7,5188.2,5181.5,5187.7,40.901,1776434219999,212184.0186,407,39.481,204821.5985,0
1776434220000,5188.2,5188.6,5185.1,5186.4,7.681,1776434399999,39848.9910,387,6.053,31405.3935,0
1776434400000,5188.6,5188.6,5181.6,5181.6,1.896,1776434579999,9830.3736,400,0.021,108.9557,0
1776434580000,5188.6,5188.6,5181.5,5187.4,2.01,1776434759999,10418.8915,382,0.015,77.8290,0
1776434760000,5188.6,5188.6,5181.5,5185.6,1.951,1776434939999,10117.8038,442,0.092,477.1498,0
1776434940000,5185.6,5188.6,5179.1,5179.1,1.994,1776435119999,10334.1657,397,0.010,51.8860,0
1776435120000,5188.6,5188.6,5178.0,5179.4,1.894,1776435299999,9809.9940,369,0.010,51.8860,0
1776435300000,5179.4,5188.6,5179.2,5184.2,1.704,1776435479999,8830.0053,338,0.025,129.5992,0
1776435480000,5184.2,5188.8,5184.1,5188.2,25.744,1776435659999,133559.4626,378,20.755,107691.6612,0
1776435660000,5188.2,5193.8,5188.1,5193.8,170.57,1776435839999,885403.0873,436,170.392,884479.5304,0
1776435840000,5193.8,5201.6,5193.8,5201.6,300.803,1776436019999,1563095.6090,637,300.466,1561343.9935,0
1776436020000,5201.6,5202.8,5199.3,5199.3,36.689,1776436199999,190856.7853,441,35.555,184958.8252,0
1776436200000,5202.8,5202.8,5197.5,5199.8,1.814,1776436379999,9430.6802,416,0.054,280.8184,0
1776436380000,5199.8,5202.8,5197.5,5201.4,1.737,1776436559999,9031.1479,364,0.047,244.4320,0
1776436560000,5202.8,5202.8,5197.5,5199.3,1.872,1776436739999,9732.8665,359,0.015,78.0420,0
1776436740000,5202.8,5202.8,5192.6,5192.6,1.926,1776436919999,10010.2877,412,0.015,78.0420,0
1776436920000,5202.8,5202.9,5192.6,5202.9,1.939,1776437099999,10079.7331,383,0.776,4037.4407,0
1776437100000,5202.9,5202.9,5192.6,5200.1,2.08,1776437279999,10819.4745,384,1.415,7361.1800,0
1776437280000,5200.1,5201.1,5199.4,5201.1,1.926,1776437459999,10016.1103,390,1.127,5861.4452,0
1776437460000,5201.1,5201.9,5192.6,5201.9,1.893,1776437639999,9844.4401,384,0.553,2876.4916,0
1776437640000,5201.9,5204.1,5192.6,5203.4,1.949,1776437819999,10139.9927,419,1.576,8199.6418,0
1776437820000,5204.1,5205.9,5192.6,5205.9,2.059,1776437999999,10715.7287,443,1.455,7573.1482,0
1776438000000,5205.9,5207.8,5192.6,5205.4,1.925,1776438179999,10022.2428,388,0.744,3874.1036,0
1776438180000,5206.9,5212.1,5192.6,5211.0,1.774,1776438359999,9241.2318,369,1.299,6767.7062,0
1776438360000,5212.1,5212.1,5192.6,5205.4,1.838,1776438539999,9573.8288,368,0.014,72.9669,0
1776438540000,5205.4,5210.2,5204.4,5210.2,1.809,1776438719999,9418.4006,340,0,0,0
1776438720000,5210.2,5210.8,5206.3,5210.7,1.925,1776438899999,10027.7425,427,0.231,1203.6693,0
1776438900000,5210.7,5210.8,5192.6,5208.2,2.765,1776439079999,14390.4235,432,0.202,1052.5663,0
1776439080000,5209.2,5212.4,5209.2,5211.6,2.036,1776439259999,10609.9618,444,0.735,3830.8173,0
1776439260000,5211.6,5212.5,5192.6,5212.5,1.944,1776439439999,10132.1705,424,0.898,4680.6168,0
1776439440000,5212.5,5213.2,5192.6,5211.1,1.911,1776439619999,9960.0296,482,0.935,4873.8541,0
1776439620000,5213.0,5213.4,5192.6,5207.9,1.951,1776439799999,10160.0787,413,0.047,244.7914,0
1776439800000,5207.9,5213.4,5192.6,5207.8,1.864,1776439979999,9706.9942,387,0.053,276.1579,0
1776439980000,5207.8,5213.4,5192.6,5206.9,1.982,1776440159999,10320.3948,378,0.018,93.7736,0
1776440160000,5208.2,5213.4,5192.6,5206.4,2.033,1776440339999,10586.4369,381,0.015,78.1958,0
1776440340000,5213.4,5213.4,5192.6,5206.3,1.839,1776440519999,9574.6902,378,0.055,286.4456,0
1776440520000,5206.3,5213.4,5192.6,5206.6,1.552,1776440699999,8080.6496,301,0.015,78.1939,0
1776440700000,5213.4,5213.4,5192.6,5207.6,1.526,1776440879999,7945.2876,283,0.015,78.2010,0
1776440880000,5213.4,5213.4,5192.6,5212.4,1.881,1776441059999,9799.4744,364,0.015,78.2010,0
1776441060000,5213.4,5213.4,5192.6,5212.8,1.942,1776441239999,10121.7339,378,0.019,99.0526,0
1776441240000,5212.9,5213.7,5192.6,5213.0,48.728,1776441419999,254043.3722,408,47.154,245838.5748,0
1776441420000,5213.7,5213.8,5192.6,5213.0,1.957,1776441599999,10201.8412,501,1.259,6563.5616,0
1776441600000,5213.3,5213.3,5208.4,5210.2,1.723,1776441779999,8977.1460,409,0.508,2646.5629,0
1776441780000,5210.3,5213.0,5208.4,5212.1,2.017,1776441959999,10511.1556,397,1.611,8395.4818,0
1776441960000,5213.0,5213.4,5192.6,5210.6,1.896,1776442139999,9881.6806,367,0.358,1866.2445,0
1776442140000,5213.4,5213.4,5192.6,5213.0,1.994,1776442319999,10392.0076,442,0.081,422.1901,0
1776442320000,5213.4,5214.2,5192.6,5214.2,4.559,1776442499999,23769.3442,392,3.371,17576.7332,0
1776442500000,5214.2,5214.2,5211.7,5213.2,2.123,1776442679999,11066.4265,371,1.040,5421.4521,0
1776442680000,5213.3,5214.4,5192.6,5214.2,43.57,1776442859999,227179.5206,416,42.255,220323.9138,0
1776442860000,5214.2,5221.1,5192.6,5219.6,153.264,1776443039999,799547.9596,478,151.791,791859.6639,0
1776443040000,5219.6,5220.6,5192.6,5214.8,76.842,1776443219999,400863.3992,516,0.219,1143.1391,0
1776443220000,5215.0,5215.5,5213.6,5215.5,21.367,1776443399999,111404.4300,473,0.996,5193.6979,0
1776443400000,5215.5,5216.3,5212.6,5212.6,108.079,1776443579999,563442.1833,476,0.964,5027.8972,0
1776443580000,5212.6,5212.6,5208.9,5208.9,153.026,1776443759999,797339.8587,519,0,0,0
1776443760000,5208.9,5208.9,5207.8,5207.8,29.228,1776443939999,152227.5159,667,0.135,703.1320,0
1776443940000,5207.8,5210.7,5207.8,5209.8,100.855,1776444119999,525431.8876,523,100.491,523535.4279,0
1776444120000,5209.7,5209.7,5208.8,5208.8,1.811,1776444299999,9434.2184,607,0,0,0
1776444300000,5208.8,5208.8,5200.5,5200.5,1.954,1776444479999,10171.7295,411,0,0,0
1776444480000,5200.5,5202.9,5200.5,5201.4,1.739,1776444659999,9046.0290,341,0,0,0
1776444660000,5201.4,5202.7,5198.3,5198.3,1.536,1776444839999,7987.9026,287,0,0,0
1776444840000,5198.3,5198.3,5197.5,5197.9,1.508,1776445019999,7838.2933,316,0.138,717.2892,0
1776445020000,5197.9,5198.1,5197.5,5197.5,4.114,1776445199999,21382.8805,430,0.293,1522.9881,0
1776445200000,5197.6,5197.9,5197.4,5197.6,7.326,1776445379999,38077.2732,506,0.759,3945.1182,0
1776445380000,5197.7,5197.7,5197.4,5197.6,2.058,1776445559999,10696.4886,566,0.366,1902.3221,0
1776445560000,5197.6,5197.6,5191.8,5193.1,271.124,1776445739999,1408639.6178,648,0.122,633.8403,0
1776445740000,5193.1,5197.3,5193.1,5195.8,50.454,1776445919999,262157.3797,387,43.973,228480.1976,0
1776445920000,5195.8,5196.7,5195.1,5196.1,81.718,1776446099999,424560.8975,438,0.728,3782.7075,0
1776446100000,5196.1,5196.1,5193.1,5193.3,158.755,1776446279999,824643.9568,524,22.769,118287.6198,0
1776446280000,5193.3,5194.4,5192.7,5193.6,26.461,1776446459999,137413.2447,396,1.250,6492.3500,0
1776446460000,5193.6,5198.1,5192.7,5198.1,1.814,1776446639999,9426.3462,389,0.966,5019.4613,0
1776446640000,5198.1,5200.7,5192.7,5200.7,1.769,1776446819999,9198.8090,345,1.630,8475.9748,0
1776446820000,5200.7,5202.4,5192.7,5200.0,1.785,1776446999999,9284.1783,368,0.610,3173.0451,0
1776447000000,5200.0,5202.5,5192.7,5200.8,1.796,1776447179999,9340.5119,371,0.046,239.2618,0
1776447180000,5200.8,5203.0,5192.7,5202.5,1.787,1776447359999,9295.1802,383,0.943,4905.7977,0
1776447360000,5202.5,5202.5,5192.7,5197.6,1.85,1776447539999,9618.2967,349,0.364,1891.9950,0
1776447540000,5197.6,5201.3,5192.7,5200.7,1.823,1776447719999,9479.5847,384,1.134,5896.7266,0
1776447720000,5201.3,5201.3,5199.4,5199.4,1.596,1776447899999,8299.0202,292,0.005,26.0065,0
1776447900000,5199.4,5201.0,5197.5,5199.1,1.676,1776448079999,8714.6447,329,0,0,0
1776448080000,5199.1,5199.8,5198.3,5199.8,1.422,1776448259999,7392.6622,271,0,0,0
1776448260000,5199.8,5201.4,5199.8,5201.4,1.663,1776448439999,8648.8623,328,0.775,4030.7604,0
1776448440000,5201.5,5202.2,5192.7,5199.3,3.709,1776448619999,19288.9417,490,0.610,3173.0419,0
1776448620000,5199.3,5199.3,5197.4,5199.2,116.896,1776448799999,607626.0858,493,0.371,1928.6623,0
1776448800000,5199.2,5200.7,5197.4,5200.7,1.821,1776448979999,9468.5664,364,0.973,5059.4729,0
1776448980000,5200.7,5205.3,5197.4,5205.3,1.972,1776449159999,10259.8852,405,1.957,10181.9242,0
1776449160000,5205.3,5205.8,5197.4,5205.8,1.791,1776449339999,9323.4301,350,1.688,8787.3012,0
1776449340000,5205.8,5209.2,5197.4,5209.2,1.77,1776449519999,9214.3836,381,1.061,5524.1709,0
1776449520000,5209.2,5212.8,5197.4,5212.5,1.82,1776449699999,9485.5537,351,0.495,2579.5386,0
1776449700000,5212.5,5213.5,5197.4,5211.7,1.93,1776449879999,10059.5485,367,1.113,5801.7184,0
1776449880000,5211.7,5211.7,5197.4,5210.5,1.886,1776450059999,9826.1208,375,0.796,4147.4620,0
1776450060000,5210.5,5214.2,5197.4,5213.4,1.967,1776450239999,10251.4597,453,1.412,7359.3965,0
1776450240000,5213.5,5214.4,5210.2,5210.9,1.83,1776450419999,9539.0484,390,0.964,5025.7366,0
1776450420000,5210.9,5212.8,5197.4,5212.8,1.888,1776450599999,9838.3095,366,1.366,7118.5049,0
1776450600000,5212.8,5213.4,5197.4,5209.0,1.881,1776450779999,9802.4687,353,0.130,677.7281,0
1776450780000,5213.4,5213.4,5197.4,5209.9,1.843,1776450959999,9601.4964,345,0.015,78.2010,0
1776450960000,5213.4,5213.4,5197.4,5211.4,1.748,1776451139999,9109.9600,425,0.357,1861.1277,0
1776451140000,5211.4,5211.4,5197.4,5209.2,1.636,1776451319999,8523.6148,373,0.644,3355.8061,0
1776451320000,5209.4,5209.4,5197.4,5207.3,1.805,1776451499999,9401.3349,352,0.391,2036.7962,0
1776451500000,5207.4,5207.4,5197.4,5206.8,1.705,1776451679999,8877.1317,345,0.361,1879.5329,0
1776451680000,5206.8,5207.0,5197.4,5207.0,1.849,1776451859999,9627.1552,366,1.129,5878.5048,0
1776451860000,5207.0,5208.8,5197.4,5207.9,1.701,1776452039999,8858.8829,362,0.555,2890.4397,0
1776452040000,5208.5,5208.8,5197.4,5208.5,1.65,1776452219999,8592.2474,326,0.015,78.1317,0
1776452220000,5208.8,5208.8,5197.4,5207.6,1.724,1776452399999,8977.8085,334,0.064,333.3632,0
1776452400000,5207.6,5208.8,5197.4,5207.1,1.743,1776452579999,9076.4073,321,0.005,26.0440,0
1776452580000,5208.8,5208.8,5197.4,5206.7,1.785,1776452759999,9292.2096,373,0.064,333.2299,0
1776452760000,5206.7,5208.8,5197.4,5205.3,1.803,1776452939999,9385.6934,362,0.031,161.4223,0
1776452940000,5208.8,5208.8,5197.4,5207.0,6.357,1776453119999,33108.0197,330,4.841,25215.7084,0
1776453120000,5207.0,5208.8,5197.4,5206.6,1.48,1776453299999,7706.1456,288,0.015,78.1302,0
1776453300000,5208.8,5208.8,5197.4,5205.7,1.872,1776453479999,9747.2546,353,0.010,52.0880,0
1776453480000,5208.8,5208.8,5197.4,5204.7,1.919,1776453659999,9988.2067,424,0.055,286.3090,0
1776453660000,5208.8,5208.8,5197.4,5206.8,1.961,1776453839999,10208.6510,396,0.048,249.9215,0
1776453840000,5206.8,5208.8,5197.4,5206.5,2.001,1776454019999,10416.4706,402,0.081,421.7073,0
1776454020000,5206.5,5208.8,5197.4,5205.4,1.97,1776454199999,10255.3147,369,0.015,78.1274,0
1776454200000,5208.8,5208.8,5197.4,5203.0,2.036,1776454379999,10597.0984,384,0.015,78.1320,0
1776454380000,5208.8,5208.8,5197.4,5200.7,1.946,1776454559999,10124.3580,460,0.096,499.5152,0
1776454560000,5200.7,5208.8,5197.4,5199.1,1.996,1776454739999,10379.4226,407,0.033,171.7526,0
1776454740000,5199.1,5208.8,5197.4,5200.0,1.963,1776454919999,10207.3443,363,0.010,52.0880,0
1776454920000,5200.0,5208.8,5197.4,5199.3,1.963,1776455099999,10206.9925,381,0.010,52.0880,0
1776455100000,5208.8,5208.8,5197.4,5203.0,2.038,1776455279999,10599.5807,410,0.051,265.4343,0
1776455280000,5203.2,5208.8,5197.4,5201.0,2.026,1776455459999,10539.3879,430,0.056,291.3122,0
1776455460000,5201.0,5208.8,5197.4,5201.7,2.076,1776455639999,10799.5609,394,0.015,78.1242,0
1776455640000,5208.8,5208.8,5197.4,5204.3,1.982,1776455819999,10311.1887,411,0.054,280.9872,0
1776455820000,5204.3,5209.0,5197.4,5209.0,1.987,1776455999999,10345.4456,450,0.327,1702.8568,0
1776456000000,5209.0,5210.5,5197.4,5209.1,1.986,1776456179999,10343.7342,381,0.781,4068.7518,0
1776456180000,5210.5,5211.0,5197.4,5211.0,1.911,1776456359999,9955.6828,376,0.497,2589.8074,0
1776456360000,5211.0,5212.6,5211.0,5212.6,1.936,1776456539999,10089.6457,417,1.748,9109.9065,0
1776456540000,5212.6,5212.8,5197.4,5212.7,2.958,1776456719999,15418.2807,392,2.493,12994.7934,0
1776456720000,5212.7,5212.9,5211.3,5211.7,2.022,1776456899999,10538.5444,472,1.091,5686.6962,0
1776456900000,5211.7,5212.8,5197.4,5212.8,2.908,1776457079999,15142.3340,357,1.538,8016.4442,0
1776457080000,5212.8,5212.8,5211.1,5211.5,1.936,1776457259999,10090.1033,351,0.726,3783.8526,0
1776457260000,5211.3,5212.5,5197.4,5211.5,1.954,1776457439999,10183.9474,460,0.864,4503.2615,0
1776457440000,5211.5,5213.6,5211.4,5212.7,2.118,1776457619999,11040.5863,437,1.696,8841.1534,0
1776457620000,5212.7,5213.8,5197.4,5212.1,6.781,1776457799999,35274.3405,365,0.701,3654.5555,0
1776457800000,5212.3,5217.9,5197.4,5217.5,97.364,1776457979999,507817.5292,418,96.992,505877.6467,0
1776457980000,5217.9,5218.3,5197.4,5216.8,1.297,1776458159999,6767.0604,285,0.638,3329.2116,0
1776458160000,5218.3,5218.3,5197.4,5216.1,1.364,1776458339999,7115.3832,289,0.043,224.3325,0
1776458340000,5216.1,5218.3,5197.4,5216.4,1.51,1776458519999,7874.5959,281,0.010,52.1830,0
1776458520000,5216.4,5218.3,5197.4,5216.5,1.854,1776458699999,9669.1541,381,0.040,208.6170,0
1776458700000,5218.3,5218.3,5197.4,5216.0,1.958,1776458879999,10212.1820,389,0.033,172.1511,0
1776458880000,5216.1,5218.3,5197.4,5213.7,1.951,1776459059999,10174.4042,381,0.015,78.2723,0
1776459060000,5214.8,5218.3,5197.4,5212.4,1.965,1776459239999,10245.1709,398,0.027,140.7903,0
1776459240000,5212.4,5218.3,5197.4,5211.8,2.042,1776459419999,10644.4863,389,0.010,52.1771,0
1776459420000,5218.3,5218.3,5197.4,5214.2,1.99,1776459599999,10374.0102,386,0.015,78.2745,0
1776459600000,5214.2,5218.3,5197.4,5208.3,1.817,1776459779999,9467.5801,357,0.005,26.0915,0
1776459780000,5218.3,5218.4,5197.4,5209.5,1.977,1776459959999,10295.8368,424,0.064,333.4146,0
1776459960000,5209.5,5218.4,5197.4,5209.3,2.096,1776460139999,10920.3988,396,0.032,166.8083,0
1776460140000,5209.3,5218.4,5207.4,5208.8,1.919,1776460319999,9995.0863,358,0.005,26.0842,0
1776460320000,5208.8,5211.5,5208.8,5210.6,1.936,1776460499999,10086.8692,355,0,0,0
1776460500000,5210.6,5211.8,5207.8,5208.6,1.982,1776460679999,10325.6925,362,0,0,0
1776460680000,5208.6,5208.6,5207.3,5207.9,2.01,1776460859999,10467.4050,352,0,0,0
1776460860000,5207.9,5210.6,5207.9,5210.6,1.911,1776461039999,9955.0637,353,0,0,0
1776461040000,5210.6,5212.2,5209.2,5209.2,1.879,1776461219999,9792.1714,356,0,0,0
1776461220000,5209.2,5213.4,5209.2,5212.6,2.02,1776461399999,10528.1607,370,0,0,0
1776461400000,5212.6,5214.9,5212.4,5214.9,1.94,1776461579999,10113.8726,368,0,0,0
1776461580000,5214.9,5218.4,5197.4,5214.0,2.044,1776461759999,10658.5166,503,0.157,818.7244,0
1776461760000,5214.6,5218.4,5197.4,5216.8,1.939,1776461939999,10110.6436,516,0.231,1204.6456,0
1776461940000,5216.8,5218.8,5197.4,5214.6,1.743,1776462119999,9092.7829,380,0.375,1956.8960,0
1776462120000,5217.4,5218.8,5197.4,5214.6,1.568,1776462299999,8176.3709,403,0.266,1387.1850,0
1776462300000,5214.6,5218.8,5212.2,5214.6,1.812,1776462479999,9446.3261,551,0.232,1209.7918,0
1776462480000,5212.2,5214.6,5211.8,5213.2,1.894,1776462659999,9873.4429,517,0.378,1971.1148,0
1776462660000,5214.6,5214.6,5213.1,5214.5,1.91,1776462839999,9958.6040,507,0.224,1168.0704,0
1776462840000,5214.5,5215.0,5213.1,5215.0,1.848,1776463019999,9636.0667,591,0.637,3321.7402,0
1776463020000,5215.0,5215.0,5214.3,5214.4,1.863,1776463199999,9714.8756,548,0.539,2810.8196,0
1776463200000,5214.4,5217.0,5212.9,5215.6,1.712,1776463379999,8928.5356,427,0.611,3186.7319,0
1776463380000,5215.6,5217.1,5214.5,5214.5,1.844,1776463559999,9616.8507,463,0.353,1841.1247,0
1776463560000,5214.5,5215.7,5197.4,5214.5,2.065,1776463739999,10767.9472,611,0.005,26.0785,0
1776463740000,5215.7,5218.8,5197.4,5215.0,1.926,1776463919999,10043.4530,364,0.013,67.8211,0
1776463920000,5215.0,5218.8,5197.4,5215.4,2.041,1776464099999,10643.7706,412,0.050,260.7652,0
1776464100000,5218.8,5218.8,5197.4,5215.5,2.026,1776464279999,10567.4741,371,0.010,52.1880,0
1776464280000,5215.5,5218.8,5197.4,5214.0,2.138,1776464459999,11150.2503,382,0.005,26.0940,0
1776464460000,5214.0,5214.1,5211.0,5211.1,2.056,1776464639999,10715.6219,377,0,0,0
1776464640000,5211.1,5218.8,5197.4,5209.0,2.104,1776464819999,10963.6855,387,0.005,26.0940,0
1776464820000,5211.0,5218.8,5197.4,5206.6,2.12,1776464999999,11040.5208,388,0.010,52.1802,0
1776465000000,5218.8,5218.8,5197.4,5204.5,2.098,1776465179999,10921.5190,381,0.010,52.1880,0
1776465180000,5203.2,5218.8,5197.4,5199.1,1.889,1776465359999,9824.5047,352,0.011,57.3728,0
1776465360000,5199.1,5218.8,5197.4,5199.0,1.886,1776465539999,9805.4874,353,0.005,26.0940,0
1776465540000,5199.0,5218.8,5197.4,5200.5,2.132,1776465719999,11086.4528,449,0.060,312.0632,0
1776465720000,5201.8,5218.8,5197.4,5201.0,1.959,1776465899999,10189.8625,366,0.010,52.1710,0
1776465900000,5201.0,5218.8,5197.4,5201.0,2.0,1776466079999,10403.6228,382,0.010,52.1880,0
1776466080000,5201.3,5218.8,5197.4,5199.5,2.013,1776466259999,10469.6451,384,0.015,78.2645,0
1776466260000,5199.5,5218.8,5197.4,5198.6,2.11,1776466439999,10970.0661,381,0.005,26.0940,0
1776466440000,5218.8,5218.8,5197.4,5199.7,2.076,1776466619999,10794.4455,385,0.010,52.1880,0
1776466620000,5199.7,5218.8,5197.4,5200.6,2.037,1776466799999,10591.1805,379,0.005,26.0940,0
1776466800000,5200.6,5218.8,5197.4,5204.0,1.98,1776466979999,10302.3566,499,0.401,2086.3967,0
1776466980000,5204.0,5218.8,5197.4,5199.5,1.81,1776467159999,9414.3162,378,0.032,166.6359,0
1776467160000,5218.8,5218.8,5197.4,5200.6,2.055,1776467339999,10686.3590,426,0.091,473.4054,0
1776467340000,5218.8,5218.8,5197.4,5202.2,2.075,1776467519999,10792.5091,396,0.015,78.2820,0
1776467520000,5218.8,5218.8,5197.4,5204.2,2.076,1776467699999,10802.3572,419,0.057,296.7621,0
1776467700000,5218.8,5218.8,5197.4,5202.6,1.982,1776467879999,10313.9219,413,0.036,187.5556,0
1776467880000,5218.8,5218.8,5197.4,5203.0,1.879,1776468059999,9778.8082,362,0.020,104.3120,0
1776468060000,5206.0,5218.8,5197.4,5206.4,1.994,1776468239999,10377.9219,490,0.137,713.2402,0
1776468240000,5218.8,5218.8,5197.4,5204.0,1.745,1776468419999,9080.2913,334,0.015,78.2820,0
1776468420000,5218.8,5218.8,5197.4,5203.8,1.951,1776468599999,10152.2395,469,0.137,713.1658,0
1776468600000,5203.8,5218.8,5197.4,5202.5,1.971,1776468779999,10255.5565,467,0.033,171.7861,0
1776468780000,5203.8,5218.8,5197.4,5203.2,2.03,1776468959999,10564.9885,377,0.010,52.1580,0
1776468960000,5203.2,5218.8,5197.4,5204.9,1.93,1776469139999,10043.5415,377,0.010,52.1880,0
1776469140000,5204.9,5218.8,5197.4,5203.0,1.876,1776469319999,9763.3408,437,0.079,411.1869,0
1776469320000,5203.0,5218.8,5197.4,5203.0,2.063,1776469499999,10733.9506,386,0.015,78.2663,0
1776469500000,5218.8,5218.8,5197.4,5204.7,2.129,1776469679999,11083.5572,393,0.015,78.2820,0
1776469680000,5218.8,5218.8,5197.4,5207.8,2.054,1776469859999,10694.4867,427,0.102,531.1945,0
1776469860000,5207.8,5208.9,5197.4,5206.4,2.002,1776470039999,10424.9248,369,0,0,0
1776470040000,5206.4,5218.8,5197.4,5206.3,2.136,1776470219999,11120.7068,377,0.004,20.8752,0
1776470220000,5218.8,5218.8,5197.4,5208.8,2.055,1776470399999,10700.9742,434,0.060,312.5826,0
1776470400000,5218.8,5218.8,5197.4,5212.0,1.656,1776470579999,8626.9902,321,0.011,57.4068,0
1776470580000,5212.0,5218.8,5197.4,5212.5,1.935,1776470759999,10085.5329,372,0.010,52.1880,0
1776470760000,5218.8,5218.8,5197.4,5211.0,1.92,1776470939999,10007.7395,426,0.097,505.6779,0
1776470940000,5218.8,5218.8,5197.4,5213.9,1.868,1776471119999,9737.8800,366,0.037,192.9646,0
1776471120000,5213.9,5218.8,5197.4,5212.7,1.996,1776471299999,10405.9990,356,0.005,26.0940,0
1776471300000,5212.7,5218.8,5197.4,5211.5,1.816,1776471479999,9465.6653,352,0.010,52.1880,0
1776471480000,5211.5,5218.8,5197.4,5212.8,1.9,1776471659999,9902.8226,408,0.053,276.2972,0
1776471660000,5212.8,5218.8,5197.4,5213.4,1.9,1776471839999,9905.1780,349,0.005,26.0940,0
1776471840000,5213.4,5218.8,5197.4,5212.3,1.911,1776472019999,9962.2966,334,0.005,26.0940,0
1776472020000,5212.3,5218.8,5197.4,5210.5,1.932,1776472199999,10068.6214,358,0.005,26.0940,0
1776472200000,5210.5,5218.8,5197.4,5215.2,1.649,1776472379999,8595.1526,304,0.010,52.1880,0
1776472380000,5215.2,5218.8,5197.4,5217.7,1.458,1776472559999,7605.1271,334,0.068,354.7392,0
1776472560000,5218.2,5219.7,5197.4,5215.3,27.873,1776472739999,145472.6702,286,26.810,139926.7221,0
1776472740000,5219.7,5219.7,5213.4,5213.4,1.604,1776472919999,8363.4927,498,0.096,500.7260,0
1776472920000,5219.7,5219.7,5213.3,5215.8,1.97,1776473099999,10271.0538,462,0.015,78.2955,0
1776473100000,5219.7,5219.7,5212.4,5213.0,1.456,1776473279999,7591.2723,361,0.015,78.2955,0
1776473280000,5219.7,5219.7,5211.5,5212.3,1.782,1776473459999,9288.7434,408,0.005,26.0985,0
1776473460000,5219.7,5219.7,5211.1,5211.1,1.484,1776473639999,7734.9526,312,0.015,78.2955,0
1776473640000,5219.7,5219.7,5210.9,5212.5,1.913,1776473819999,9969.8504,439,0.015,78.2955,0
1776473820000,5219.7,5219.7,5210.9,5214.3,1.88,1776473999999,9802.4842,360,0.015,78.2955,0
1776474000000,5219.7,5219.7,5210.9,5212.9,1.926,1776474179999,10040.0503,373,0.015,78.2955,0
1776474180000,5219.7,5219.7,5197.4,5209.8,1.939,1776474359999,10105.0408,401,0.038,198.1830,0
1776474360000,5219.7,5219.7,5197.4,5207.2,2.096,1776474539999,10915.2620,388,0.015,78.2955,0
1776474540000,5219.7,5219.7,5197.4,5206.6,1.915,1776474719999,9971.1691,402,0.044,229.2869,0
1776474720000,5206.6,5219.7,5197.4,5206.1,1.997,1776474899999,10396.9519,423,0.058,302.1319,0
1776474900000,5206.1,5219.7,5197.4,5210.4,1.909,1776475079999,9942.3510,409,0.047,245.0072,0
1776475080000,5210.4,5219.7,5197.4,5211.8,2.038,1776475259999,10619.7314,420,0.060,312.8172,0
1776475260000,5211.8,5219.7,5197.4,5208.8,2.093,1776475439999,10906.7945,402,0.060,312.8028,0
1776475440000,5219.7,5219.7,5197.4,5210.4,2.088,1776475619999,10878.4679,435,0.052,271.0798,0
1776475620000,5210.5,5219.7,5197.4,5213.2,2.093,1776475799999,10907.8991,446,0.066,344.0126,0
1776475800000,5219.7,5219.7,5197.4,5212.7,1.965,1776475979999,10242.7268,411,0.053,276.3673,0
1776475980000,5219.7,5219.7,5197.4,5215.9,1.976,1776476159999,10301.7669,380,0.015,78.2955,0
1776476160000,5219.7,5219.7,5197.4,5215.9,1.923,1776476339999,10030.2083,413,0.060,313.0118,0
1776476340000,5219.7,5219.7,5197.4,5216.1,1.939,1776476519999,10113.6838,361,0.015,78.2955,0
1776476520000,5219.7,5219.7,5197.4,5214.2,1.889,1776476699999,9851.9545,398,0.048,250.3707,0
1776476700000,5214.4,5219.7,5197.4,5214.4,1.942,1776476879999,10125.7835,396,0.046,239.9276,0
1776476880000,5219.7,5219.7,5197.4,5214.3,1.985,1776477059999,10350.7609,358,0.015,78.2955,0
1776477060000,5219.7,5219.7,5197.4,5215.9,1.935,1776477239999,10091.6073,495,0.598,3119.1306,0
1776477240000,5215.9,5219.7,5197.4,5214.8,1.919,1776477419999,10007.4350,362,0.015,78.2765,0
1776477420000,5219.7,5219.7,5197.4,5213.7,2.175,1776477599999,11340.5181,405,0.015,78.2955,0
1776477600000,5219.7,5219.7,5197.4,5214.7,1.92,1776477779999,10011.9394,371,0.015,78.2955,0
1776477780000,5214.7,5219.7,5197.4,5213.8,2.083,1776477959999,10861.6123,431,0.063,328.5961,0
1776477960000,5219.7,5219.7,5197.4,5213.7,1.95,1776478139999,10167.3829,373,0.015,78.2955,0
1776478140000,5219.7,5219.7,5197.4,5215.0,1.965,1776478319999,10244.8455,440,0.089,464.1008,0
1776478320000,5219.7,5219.7,5197.4,5219.3,1.895,1776478499999,9888.4200,363,0.017,88.7331,0
1776478500000,5219.7,5222.3,5219.3,5222.3,106.716,1776478679999,557103.4903,473,106.327,555073.1491,0
1776478680000,5222.3,5222.3,5218.2,5218.2,307.103,1776478859999,1603181.6134,611,0.277,1446.5771,0
1776478860000,5218.4,5218.4,5216.7,5217.7,59.328,1776479039999,309533.8662,610,0.235,1226.1042,0
1776479040000,5217.7,5217.8,5216.4,5216.4,2.029,1776479219999,10584.9397,375,0.430,2243.6137,0
1776479220000,5216.4,5218.0,5216.4,5216.4,129.302,1776479399999,674603.9682,587,0.446,2327.2205,0
1776479400000,5216.5,5216.5,5215.1,5216.3,21.314,1776479579999,111181.3619,636,0.595,3103.5448,0
1776479580000,5216.3,5216.4,5215.2,5215.2,1.941,1776479759999,10123.2417,362,0.005,26.0820,0
1776479760000,5215.2,5216.4,5215.1,5216.4,1.955,1776479939999,10197.6054,361,1.354,7062.8340,0
1776479940000,5216.4,5217.2,5215.9,5217.2,2.563,1776480119999,13369.9490,432,2.397,12504.0452,0
1776480120000,5217.2,5217.9,5215.9,5217.7,1.899,1776480299999,9908.3608,375,1.059,5525.5136,0
1776480300000,5217.7,5218.0,5215.9,5218.0,2.09,1776480479999,10903.7417,453,0.956,4987.9357,0
1776480480000,5218.0,5219.8,5215.9,5218.9,2.038,1776480659999,10635.6182,519,1.224,6387.4796,0
1776480660000,5219.0,5220.6,5215.9,5220.0,1.93,1776480839999,10074.0950,408,0.565,2949.3768,0
1776480840000,5220.0,5220.1,5218.8,5219.0,1.99,1776481019999,10386.6370,364,0,0,0
1776481020000,5219.0,5220.2,5218.9,5219.2,1.971,1776481199999,10287.6139,360,0,0,0
1776481200000,5219.6,5223.9,5215.9,5223.9,1.863,1776481379999,9730.0309,412,1.760,9192.3317,0
1776481380000,5223.9,5224.0,5223.9,5224.0,1.839,1776481559999,9606.9112,358,1.718,8974.8193,0
1776481560000,5224.0,5225.8,5215.9,5225.8,1.863,1776481739999,9733.7394,427,1.438,7513.1009,0
1776481740000,5225.8,5226.2,5215.9,5226.2,1.855,1776481919999,9694.1589,357,1.317,6882.7429,0
1776481920000,5226.2,5227.0,5215.9,5227.0,1.833,1776482099999,9580.6371,358,1.823,9528.4781,0
1776482100000,5227.0,5227.9,5215.9,5227.9,1.891,1776482279999,9884.2835,419,1.881,9832.1245,0
1776482280000,5227.9,5228.2,5215.9,5227.6,2.048,1776482459999,10706.5439,520,1.412,7381.9541,0
1776482460000,5227.7,5228.2,5215.9,5228.2,1.976,1776482639999,10330.2548,478,1.205,6299.7688,0
1776482640000,5228.2,5228.6,5215.9,5228.6,2.063,1776482819999,10785.8832,522,2.001,10461.9193,0
1776482820000,5228.6,5228.7,5215.9,5228.6,1.954,1776482999999,10216.6513,462,1.410,7372.4199,0
1776483000000,5228.7,5229.6,5215.9,5229.6,2.083,1776483179999,10891.2489,577,1.363,7126.8474,0
1776483180000,5229.6,5229.6,5215.9,5229.5,2.068,1776483359999,10814.4611,396,0.921,4816.4616,0
1776483360000,5229.6,5229.6,5229.5,5229.5,1.861,1776483539999,9732.2277,342,1.282,6704.3472,0
1776483540000,5229.5,5229.5,5215.9,5225.9,2.006,1776483719999,10483.8216,425,0.267,1395.2560,0
1776483720000,5225.9,5226.9,5225.9,5226.9,2.073,1776483899999,10834.7102,399,1.617,8451.4318,0
1776483900000,5226.9,5228.0,5226.3,5227.6,2.007,1776484079999,10491.7922,416,1.258,6576.3421,0
1776484080000,5227.7,5227.9,5225.1,5225.1,94.335,1776484259999,493008.1812,489,0.774,4046.3888,0
1776484260000,5224.0,5226.1,5223.2,5226.1,70.866,1776484439999,370176.8864,480,0.624,3260.1218,0
1776484440000,5226.1,5234.4,5223.2,5234.4,1.912,1776484619999,10001.8030,413,1.844,9646.1532,0
1776484620000,5234.6,5235.4,5223.2,5231.7,27.167,1776484799999,142156.2080,424,0.645,3376.1669,0
1776484800000,5231.9,5236.3,5231.7,5234.2,1.899,1776484979999,9941.1043,383,1.072,5611.9088,0
1776484980000,5234.2,5234.2,5232.2,5232.3,1.979,1776485159999,10356.8993,365,0,0,0
1776485160000,5231.8,5232.3,5231.5,5232.2,53.153,1776485339999,278091.6146,548,51.892,271494.4330,0
1776485340000,5232.3,5233.0,5232.2,5233.0,82.469,1776485519999,431519.1184,555,82.089,429530.8309,0
1776485520000,5233.0,5233.0,5232.3,5232.3,71.986,1776485699999,376672.4612,387,0.751,3929.9800,0
1776485700000,5232.3,5232.3,5229.8,5230.3,180.699,1776485879999,945349.3961,614,0.555,2903.2481,0
1776485880000,5230.3,5230.3,5227.2,5227.2,155.602,1776486059999,813697.6729,731,0.273,1427.6484,0
1776486060000,5227.2,5228.6,5227.2,5227.8,2.011,1776486239999,10513.3432,496,0.679,3549.9398,0
1776486240000,5227.8,5229.5,5227.2,5229.1,2.036,1776486419999,10645.3633,546,1.898,9923.8783,0
1776486420000,5229.1,5232.6,5227.2,5232.6,2.145,1776486599999,11218.8218,478,1.852,9686.7326,0
1776486600000,5232.6,5233.6,5227.2,5231.9,2.006,1776486779999,10495.6954,402,0.393,2056.7024,0
1776486780000,5233.6,5234.2,5227.2,5234.2,1.906,1776486959999,9973.1844,430,0.482,2522.5550,0
1776486960000,5234.2,5234.7,5227.2,5234.7,1.818,1776487139999,9516.1437,394,1.681,8799.1156,0
1776487140000,5234.7,5234.9,5227.2,5234.9,2.064,1776487319999,10803.9333,450,0.816,4271.5173,0
1776487320000,5234.9,5235.0,5232.8,5232.8,1.713,1776487499999,8967.5070,335,1.681,8800.0280,0
1776487500000,5232.8,5234.5,5227.2,5234.5,1.725,1776487679999,9027.5144,314,1.052,5505.8095,0
1776487680000,5234.5,5235.0,5227.2,5232.7,1.515,1776487859999,7928.5394,324,0.496,2596.3809,0
1776487860000,5235.0,5235.0,5227.2,5232.7,1.243,1776488039999,6504.1930,252,0.015,78.5250,0
1776488040000,5235.0,5235.0,5227.0,5232.2,1.859,1776488219999,9725.8763,369,0.036,188.4012,0
1776488220000,5232.2,5235.0,5227.0,5233.4,1.638,1776488399999,8570.9123,311,0.015,78.5222,0
1776488400000,5235.0,5235.6,5227.0,5233.5,1.723,1776488579999,9019.2795,411,0.567,2968.4907,0
1776488580000,5233.5,5233.5,5227.0,5229.6,1.565,1776488759999,8187.3538,311,0.136,711.2536,0
1776488760000,5229.6,5229.7,5227.0,5229.5,1.576,1776488939999,8241.8141,473,1.240,6484.7221,0
1776488940000,5229.7,5229.7,5225.8,5226.2,145.899,1776489119999,762533.8363,344,0.273,1426.7105,0
1776489120000,5225.8,5225.8,5225.2,5225.2,38.035,1776489299999,198748.1219,493,1.121,5857.4507,0
1776489300000,5225.2,5225.9,5225.2,5225.9,1.111,1776489479999,5805.4870,285,1.051,5491.9514,0
1776489480000,5225.9,5227.7,5225.9,5227.7,1.287,1776489659999,6726.3846,339,1.164,6083.5620,0
1776489660000,5227.7,5227.7,5225.2,5225.3,2.106,1776489839999,11005.7703,548,0.438,2289.6918,0
1776489840000,5225.3,5227.3,5225.3,5226.6,2.012,1776490019999,10514.3932,404,1.697,8868.0142,0
1776490020000,5226.6,5227.8,5225.2,5227.3,1.873,1776490199999,9790.2701,391,0.376,1965.5962,0
1776490200000,5227.4,5228.5,5225.1,5228.5,2.026,1776490379999,10590.1782,449,1.090,5698.0233,0
1776490380000,5228.5,5228.5,5225.1,5226.6,2.033,1776490559999,10626.5302,386,0.259,1354.1815,0
1776490560000,5228.5,5231.0,5225.1,5230.1,1.964,1776490739999,10269.6835,409,0.915,4785.1530,0
1776490740000,5230.1,5231.1,5230.1,5231.1,2.001,1776490919999,10466.6735,394,1.458,7626.7292,0
1776490920000,5231.1,5232.0,5231.0,5231.0,2.063,1776491099999,10791.9879,423,0.760,3975.8689,0
1776491100000,5231.0,5231.0,5229.0,5229.6,2.089,1776491279999,10925.0976,369,0,0,0
1776491280000,5229.6,5231.9,5225.1,5230.5,1.859,1776491459999,9723.4645,365,0,0,0
1776491460000,5232.0,5232.0,5225.1,5230.4,1.92,1776491639999,10042.7585,416,0.055,287.7247,0
1776491640000,5232.0,5232.0,5225.1,5229.4,1.827,1776491819999,9555.2830,372,0.047,245.8197,0
1776491820000,5229.4,5232.0,5225.1,5229.2,1.738,1776491999999,9088.8886,396,0.079,413.1590,0
1776492000000,5229.5,5232.0,5225.1,5230.4,1.801,1776492179999,9419.4239,370,0.049,256.2883,0
1776492180000,5232.0,5232.0,5225.1,5229.0,1.936,1776492359999,10124.3705,375,0.041,214.4553,0
1776492360000,5232.0,5232.0,5225.1,5229.5,1.825,1776492539999,9544.9292,379,0.033,172.6295,0
1776492540000,5230.6,5232.3,5225.1,5232.3,1.842,1776492719999,9635.4064,360,0.187,978.4038,0
1776492720000,5232.3,5232.8,5225.1,5232.4,1.691,1776492899999,8848.2571,393,0.978,5117.5924,0
1776492900000,5232.4,5234.1,5225.1,5234.1,1.962,1776493079999,10266.3238,568,0.814,4259.7958,0
1776493080000,5234.1,5235.0,5225.1,5233.9,1.956,1776493259999,10238.1282,384,0.277,1450.0435,0
1776493260000,5233.9,5235.3,5225.1,5235.3,2.062,1776493439999,10792.6569,506,0.479,2507.4612,0
1776493440000,5235.3,5235.7,5225.1,5235.0,1.988,1776493619999,10407.4776,371,0.913,4779.8457,0
1776493620000,5235.1,5235.7,5233.2,5233.2,1.995,1776493799999,10442.8225,354,0.142,743.4478,0
1776493800000,5233.2,5233.2,5231.1,5231.1,1.901,1776493979999,9945.3432,407,1.095,5728.3619,0
1776493980000,5231.1,5231.1,5229.1,5229.4,1.94,1776494159999,10146.2814,662,0.153,800.0962,0
1776494160000,5229.4,5232.4,5225.1,5232.4,1.99,1776494339999,10409.0062,450,1.973,10320.1509,0
1776494340000,5232.4,5232.4,5225.1,5230.3,1.967,1776494519999,10288.2653,419,1.299,6794.5747,0
1776494520000,5230.3,5230.3,5225.1,5228.1,1.92,1776494699999,10037.9613,437,1.399,7314.0101,0
1776494700000,5228.1,5228.1,5225.1,5227.9,1.988,1776494879999,10392.6171,372,0.815,4260.7097,0
1776494880000,5227.9,5228.3,5225.1,5227.9,1.966,1776495059999,10278.5619,396,1.047,5473.8777,0
1776495060000,5228.3,5228.7,5225.1,5227.8,2.038,1776495239999,10654.4741,407,0.687,3591.8779,0
1776495240000,5228.7,5228.7,5225.1,5228.3,2.061,1776495419999,10773.5441,394,0.015,78.4305,0
1776495420000,5228.7,5228.7,5225.1,5227.2,2.025,1776495599999,10585.3343,380,0.015,78.4305,0
1776495600000,5228.7,5229.7,5225.1,5227.1,1.995,1776495779999,10431.1448,449,0.923,4826.7477,0
1776495780000,5227.3,5227.3,5225.6,5227.1,2.052,1776495959999,10723.8683,523,1.020,5330.3528,0
1776495960000,5227.1,5227.8,5225.1,5226.4,1.917,1776496139999,10019.6462,376,0.781,4082.5706,0
1776496140000,5226.4,5226.5,5225.1,5225.6,1.77,1776496319999,9250.5286,364,0.852,4452.9615,0
1776496320000,5225.9,5226.5,5225.1,5225.3,1.817,1776496499999,9494.9691,343,0.010,52.2644,0
1776496500000,5225.3,5226.5,5225.3,5226.0,1.79,1776496679999,9353.9686,331,0.393,2053.8815,0
1776496680000,5226.0,5226.4,5225.6,5225.6,77.628,1776496859999,405705.5811,520,76.629,400484.8851,0
1776496860000,5226.4,5226.4,5224.4,5224.9,1.977,1776497039999,10330.3047,446,0.058,303.0740,0
1776497040000,5226.4,5226.4,5224.5,5225.7,2.015,1776497219999,10528.5833,454,0.015,78.3960,0
1776497220000,5225.7,5226.4,5224.4,5225.7,1.978,1776497399999,10334.8916,440,0.047,245.5686,0
1776497400000,5226.4,5226.4,5224.1,5224.1,1.975,1776497579999,10319.3355,401,0.015,78.3960,0
1776497580000,5226.4,5226.4,5221.3,5221.3,1.78,1776497759999,9297.8846,404,0.010,52.2640,0
1776497760000,5221.3,5226.4,5221.3,5221.3,1.88,1776497939999,9816.6419,431,0.043,224.5777,0
1776497940000,5226.4,5226.4,5220.7,5220.7,1.93,1776498119999,10077.1988,386,0.015,78.3960,0
1776498120000,5226.4,5226.4,5217.7,5219.8,2.284,1776498299999,11922.3737,416,0.250,1306.6000,0
1776498300000,5219.8,5220.4,5217.5,5217.5,1.992,1776498479999,10396.3900,451,0,0,0
1776498480000,5226.4,5226.4,5215.7,5216.3,1.963,1776498659999,10239.6793,383,0.015,78.3960,0
1776498660000,5226.4,5226.4,5213.4,5213.5,1.988,1776498839999,10368.2866,383,0.015,78.3960,0
1776498840000,5226.4,5226.4,5213.3,5213.3,2.228,1776499019999,11615.5206,390,0.010,52.2640,0
1776499020000,5226.4,5226.4,5213.3,5217.9,2.28,1776499199999,11893.5101,382,0.248,1296.1472,0
1776499200000,5217.4,5226.4,5217.4,5219.7,1.951,1776499379999,10182.9401,333,0.010,52.2640,0
1776499380000,5219.7,5226.4,5219.1,5220.9,2.218,1776499559999,11578.7366,453,0.047,245.4544,0
1776499560000,5221.1,5226.4,5219.2,5221.9,1.962,1776499739999,10243.1665,366,0.005,26.1267,0
1776499740000,5221.9,5226.4,5221.4,5221.4,2.126,1776499919999,11101.1125,504,0.010,52.2603,0
1776499920000,5221.4,5226.4,5219.1,5220.1,2.031,1776500099999,10602.7891,446,0.010,52.2640,0
1776500100000,5220.1,5232.7,5220.0,5232.7,267.847,1776500279999,1400432.7302,654,267.277,1397456.0916,0
1776500280000,5232.7,5236.0,5231.6,5235.9,160.974,1776500459999,842537.7888,451,159.747,836115.3646,0
1776500460000,5235.9,5239.7,5235.0,5237.7,81.114,1776500639999,424870.8149,430,79.707,417503.7924,0
1776500640000,5239.8,5240.6,5237.7,5240.6,70.133,1776500819999,367514.0351,442,68.679,359897.0778,0
1776500820000,5240.6,5242.9,5240.3,5240.5,90.379,1776500999999,473713.7385,497,89.391,468535.3010,0
1776501000000,5242.9,5243.5,5239.8,5242.4,40.686,1776501179999,213302.4546,396,9.022,47303.3544,0
1776501180000,5242.4,5250.3,5242.4,5250.3,338.621,1776501359999,1776428.1455,587,338.226,1774357.1281,0
1776501360000,5250.3,5257.6,5250.3,5257.6,282.077,1776501539999,1481804.6805,520,281.759,1480133.2076,0
1776501540000,5257.6,5257.7,5254.6,5255.5,1.97,1776501719999,10353.6232,403,0.067,352.2635,0
1776501720000,5255.5,5258.3,5255.4,5255.4,152.035,1776501899999,799224.4638,509,20.339,106943.7364,0
1776501900000,5255.6,5257.1,5255.2,5257.1,6.706,1776502079999,35244.5405,349,1.606,8442.5147,0
1776502080000,5257.1,5257.7,5255.2,5257.0,66.297,1776502259999,348548.2845,409,64.826,340816.4221,0
1776502260000,5257.7,5258.2,5255.2,5258.2,2.053,1776502439999,10793.1546,379,0.151,793.9404,0
1776502440000,5258.3,5258.4,5255.2,5257.0,1.858,1776502619999,9769.1668,395,1.192,6267.7773,0
1776502620000,5257.0,5258.2,5255.2,5256.8,1.92,1776502799999,10093.0053,370,0.945,4967.8233,0
1776502800000,5256.8,5258.4,5255.2,5258.4,2.165,1776502979999,11382.5036,413,1.662,8738.2499,0
1776502980000,5258.4,5258.7,5255.2,5255.8,2.028,1776503159999,10663.9795,443,1.419,7461.8821,0
1776503160000,5255.9,5258.7,5254.9,5254.9,2.039,1776503339999,10716.7197,398,0.018,94.6354,0
1776503340000,5254.9,5258.2,5253.6,5255.1,1.914,1776503519999,10059.4671,378,0.051,268.1314,0
1776503520000,5255.1,5256.8,5252.4,5254.0,2.031,1776503699999,10670.6165,396,0,0,0
1776503700000,5254.0,5258.7,5253.2,5256.9,1.917,1776503879999,10074.4166,431,0.103,541.6416,0
1776503880000,5256.9,5258.1,5255.5,5256.7,2.071,1776504059999,10887.6676,397,0,0,0
1776504060000,5256.7,5257.2,5254.2,5257.2,2.006,1776504239999,10543.2574,372,0,0,0
1776504240000,5257.2,5257.2,5254.3,5255.8,1.897,1776504419999,9970.2952,407,0,0,0
1776504420000,5255.8,5255.8,5254.6,5254.6,1.909,1776504599999,10031.8186,361,0,0,0
1776504600000,5254.6,5254.8,5254.6,5254.6,1.948,1776504779999,10235.9684,363,0,0,0
1776504780000,5254.6,5254.6,5252.7,5254.6,1.964,1776504959999,10317.6447,406,0,0,0
1776504960000,5254.6,5255.7,5253.3,5255.7,1.898,1776505139999,9973.0362,343,0,0,0
1776505140000,5255.7,5255.7,5254.6,5254.6,2.026,1776505319999,10646.2924,376,0,0,0
1776505320000,5254.6,5257.4,5254.1,5257.4,2.022,1776505499999,10627.7617,390,0,0,0
1776505500000,5257.4,5260.1,5257.4,5260.1,73.726,1776505679999,387735.8658,500,72.587,381746.9827,0
1776505680000,5260.1,5260.6,5258.4,5258.4,2.138,1776505859999,11244.3907,484,0.415,2183.0604,0
1776505860000,5258.4,5259.1,5257.9,5258.3,2.065,1776506039999,10858.4643,437,0,0,0
1776506040000,5258.3,5258.4,5255.0,5255.0,1.9,1776506219999,9988.4971,395,0,0,0
1776506220000,5255.0,5256.1,5255.0,5255.5,1.879,1776506399999,9875.7104,440,0,0,0
1776506400000,5255.5,5259.9,5255.4,5259.8,1.548,1776506579999,8140.0757,383,0.348,1830.0718,0
1776506580000,5259.8,5262.3,5258.4,5262.3,43.41,1776506759999,228375.9281,430,42.516,223673.7854,0
1776506760000,5262.3,5262.3,5259.9,5262.3,76.906,1776506939999,404620.2404,448,41.220,216896.9298,0
1776506940000,5262.3,5265.2,5262.3,5264.7,143.433,1776507119999,754864.2237,440,142.703,751021.1524,0
1776507120000,5265.0,5265.2,5263.3,5263.3,153.282,1776507299999,806819.8566,504,0.163,858.1309,0
1776507300000,5263.3,5263.3,5260.1,5261.4,135.133,1776507479999,711118.6589,438,20.666,108725.1357,0
1776507480000,5261.4,5262.0,5260.4,5262.0,34.885,1776507659999,183546.9687,416,25.034,131723.9711,0
1776507660000,5262.0,5263.3,5262.0,5262.1,90.827,1776507839999,477978.0194,367,90.109,474199.4802,0
1776507840000,5263.3,5263.4,5261.8,5263.4,1.842,1776508019999,9693.3627,393,0.146,768.4439,0
1776508020000,5262.8,5263.4,5261.3,5262.4,1.673,1776508199999,8803.4741,311,0.010,52.6340,0
1776508200000,5263.4,5264.3,5259.4,5259.4,1.922,1776508379999,10112.7467,398,0.256,1347.4893,0
1776508380000,5264.3,5264.3,5257.2,5257.2,1.617,1776508559999,8502.2725,295,0.010,52.6430,0
1776508560000,5264.3,5264.3,5256.6,5256.6,1.845,1776508739999,9699.1143,347,0.010,52.6430,0
1776508740000,5256.6,5264.3,5256.3,5257.2,2.01,1776508919999,10565.8342,504,0.010,52.6430,0
1776508920000,5264.3,5264.3,5256.6,5261.2,1.95,1776509099999,10254.8721,372,0.010,52.6430,0
1776509100000,5264.3,5264.3,5258.1,5258.1,1.981,1776509279999,10417.8606,421,0.015,78.9645,0
1776509280000,5264.3,5264.3,5257.7,5257.7,1.998,1776509459999,10505.3969,504,0.015,78.9645,0
1776509460000,5264.3,5264.3,5257.6,5258.9,2.064,1776509639999,10854.9727,398,0.015,78.9645,0
1776509640000,5264.3,5264.3,5257.1,5257.1,2.046,1776509819999,10756.9426,465,0.050,262.9810,0
1776509820000,5264.3,5264.3,5256.6,5256.6,2.041,1776509999999,10729.5620,544,0.010,52.6430,0
1776510000000,5264.3,5264.3,5255.7,5256.3,2.002,1776510179999,10523.1078,526,0.152,799.0450,0
1776510180000,5256.3,5264.3,5252.6,5252.6,1.891,1776510359999,9936.8595,385,0.005,26.3137,0
1776510360000,5264.3,5264.3,5252.5,5256.1,1.635,1776510539999,8591.2967,393,0.015,78.9645,0
1776510540000,5264.3,5264.3,5251.8,5252.9,1.783,1776510719999,9366.1735,385,0.015,78.9645,0
1776510720000,5264.3,5264.3,5251.8,5256.1,1.701,1776510899999,8938.2054,318,0.005,26.3215,0
1776510900000,5264.3,5264.3,5251.8,5258.7,1.896,1776511079999,9969.8874,366,0.015,78.9645,0
1776511080000,5264.3,5264.3,5251.8,5257.0,1.97,1776511259999,10357.3833,366,0.010,52.6430,0
1776511260000,5264.3,5264.3,5251.8,5257.4,2.026,1776511439999,10650.7867,406,0.048,252.4484,0
1776511440000,5264.3,5264.3,5251.8,5256.7,2.118,1776511619999,11134.3154,381,0.015,78.9645,0
1776511620000,5264.3,5264.3,5251.8,5257.4,2.09,1776511799999,10986.6356,395,0.010,52.6430,0
1776511800000,5264.3,5264.3,5251.8,5257.2,1.977,1776511979999,10393.0239,371,0.010,52.6430,0
1776511980000,5264.3,5264.3,5251.8,5258.0,2.113,1776512159999,11108.2676,402,0.028,147.3250,0
1776512160000,5258.5,5264.3,5251.8,5258.1,1.917,1776512339999,10080.4269,398,0.038,199.8967,0
1776512340000,5258.3,5264.3,5251.8,5261.8,1.731,1776512519999,9106.0241,331,0.021,110.5282,0
1776512520000,5261.8,5264.3,5251.8,5260.6,1.749,1776512699999,9200.0636,358,0.038,199.9622,0
1776512700000,5261.4,5264.3,5251.8,5259.2,1.893,1776512879999,9955.2846,414,0.065,341.8556,0
1776512880000,5259.2,5264.3,5251.8,5258.7,2.067,1776513059999,10869.8611,412,0.039,205.1564,0
1776513060000,5264.3,5264.3,5251.8,5258.9,1.925,1776513239999,10123.4043,365,0.015,78.9645,0
1776513240000,5258.9,5264.3,5251.8,5262.5,1.957,1776513419999,10293.7582,352,0.010,52.6430,0
1776513420000,5264.3,5264.3,5251.8,5263.1,1.574,1776513599999,8284.1315,312,0.015,78.9645,0
1776513600000,5264.3,5266.6,5251.8,5263.8,1.484,1776513779999,7813.5694,292,0.755,3975.5347,0
1776513780000,5266.6,5267.6,5251.8,5267.3,1.638,1776513959999,8625.1245,359,0.577,3039.1326,0
1776513960000,5267.6,5267.6,5251.8,5267.4,1.975,1776514139999,10401.7802,395,0.051,268.6272,0
1776514140000,5267.6,5268.6,5251.8,5268.0,2.062,1776514319999,10862.4848,390,1.088,5731.8280,0
1776514320000,5268.4,5268.4,5265.2,5266.9,1.951,1776514499999,10276.7224,372,0.518,2728.7370,0
1776514500000,5266.9,5267.9,5251.8,5267.4,1.858,1776514679999,9786.6515,391,1.521,8011.6940,0
1776514680000,5267.8,5267.9,5251.8,5267.6,1.78,1776514859999,9375.9789,335,0.015,79.0184,0
1776514860000,5267.9,5267.9,5251.8,5267.0,1.807,1776515039999,9517.3176,426,0.132,695.2601,0
1776515040000,5267.0,5268.7,5251.8,5268.6,2.037,1776515219999,10730.6300,426,0.916,4825.8566,0
1776515220000,5268.6,5268.6,5251.8,5267.0,1.888,1776515399999,9945.2154,414,0.670,3529.6192,0
1776515400000,5267.1,5268.3,5251.8,5267.8,1.935,1776515579999,10192.7114,436,1.213,6389.6098,0
1776515580000,5267.8,5269.5,5251.8,5269.1,1.975,1776515759999,10404.9289,416,1.833,9656.9741,0
1776515760000,5269.5,5270.0,5251.8,5269.6,1.958,1776515939999,10317.7309,376,0.874,4605.7759,0
1776515940000,5269.6,5270.0,5251.8,5269.9,1.969,1776516119999,10375.2774,443,0.533,2808.8234,0
1776516120000,5269.9,5270.0,5251.8,5268.3,1.976,1776516299999,10411.9713,407,0.952,5016.7277,0
1776516300000,5268.7,5270.0,5251.8,5269.1,2.022,1776516479999,10654.0431,439,1.322,6966.2415,0
1776516480000,5269.1,5269.9,5251.8,5268.3,1.956,1776516659999,10306.4182,439,0.574,3024.6411,0
1776516660000,5268.4,5269.0,5251.8,5269.0,2.085,1776516839999,10985.2741,419,1.390,7323.7203,0
1776516840000,5269.0,5269.0,5251.8,5267.6,2.013,1776517019999,10603.4646,416,0.082,432.0032,0
1776517020000,5267.6,5269.0,5251.8,5266.4,1.993,1776517199999,10497.3611,372,0.010,52.6886,0
1776517200000,5269.0,5269.0,5251.8,5265.4,2.025,1776517379999,10665.2954,378,0.015,79.0350,0
1776517380000,5265.4,5269.0,5251.8,5263.5,1.774,1776517559999,9338.2842,372,0.054,284.3163,0
1776517560000,5269.0,5269.0,5251.8,5267.8,1.818,1776517739999,9571.1721,376,0.035,184.3380,0
1776517740000,5269.0,5269.0,5251.8,5267.5,1.966,1776517919999,10354.6176,405,0.046,242.3190,0
1776517920000,5267.5,5269.0,5251.8,5268.2,2.129,1776518099999,11214.5619,457,0.082,431.9826,0
1776518100000,5268.2,5269.4,5251.8,5269.1,1.964,1776518279999,10347.5436,462,0.888,4678.9848,0
1776518280000,5269.4,5269.6,5251.8,5265.9,1.919,1776518459999,10109.8063,482,0.777,4093.6925,0
1776518460000,5266.4,5266.4,5251.8,5266.3,1.971,1776518639999,10378.3447,429,1.740,9162.2323,0
1776518640000,5266.3,5267.5,5251.8,5267.0,1.944,1776518819999,10238.6974,405,1.143,6020.1851,0
1776518820000,5267.0,5267.9,5251.8,5266.7,1.892,1776518999999,9964.6213,340,0.287,1511.8170,0
1776519000000,5267.9,5268.0,5251.8,5268.0,1.763,1776519179999,9286.4868,338,0.726,3824.5244,0
1776519180000,5268.0,5268.3,5251.8,5268.3,1.748,1776519359999,9208.4547,337,1.233,6495.6552,0
1776519360000,5268.3,5268.3,5251.8,5267.7,1.862,1776519539999,9808.5852,385,0.454,2391.8007,0
1776519540000,5268.3,5268.5,5251.8,5267.6,1.938,1776519719999,10209.1894,388,1.098,5784.5635,0
1776519720000,5268.3,5268.3,5264.6,5266.6,2.053,1776519899999,10811.8071,388,1.130,5951.1023,0
1776519900000,5266.6,5266.7,5251.8,5266.0,2.093,1776520079999,11021.9271,399,1.215,6398.6077,0
1776520080000,5266.0,5266.7,5251.8,5262.0,1.839,1776520259999,9679.9059,355,0.015,79.0005,0
1776520260000,5266.7,5266.7,5251.8,5264.9,1.902,1776520439999,10012.0175,393,0.046,242.1996,0
1776520440000,5264.9,5266.7,5251.8,5263.3,1.946,1776520619999,10243.7380,390,0.032,168.4840,0
1776520620000,5266.7,5266.7,5251.8,5265.9,2.054,1776520799999,10812.4199,380,0.010,52.6670,0
1776520800000,5266.7,5267.0,5251.8,5267.0,1.939,1776520979999,10211.7038,397,0.989,5208.9262,0
1776520980000,5267.0,5268.1,5251.8,5268.1,2.077,1776521159999,10940.8498,485,1.624,8554.8418,0
1776521160000,5268.1,5268.1,5251.8,5268.0,1.978,1776521339999,10419.8717,417,1.126,5931.7988,0
1776521340000,5268.0,5268.1,5251.8,5268.1,2.229,1776521519999,11740.8558,532,0.845,4451.5246,0
1776521520000,5268.1,5269.4,5251.8,5269.2,2.108,1776521699999,11106.2011,539,1.491,7855.6116,0
1776521700000,5269.2,5269.6,5251.8,5269.6,2.048,1776521879999,10791.5987,385,1.484,7820.0712,0
1776521880000,5269.6,5269.6,5251.8,5269.6,1.904,1776522059999,10032.9480,454,1.040,5480.3358,0
1776522060000,5269.6,5269.6,5251.8,5269.2,1.943,1776522239999,10238.4166,371,0.960,5058.8033,0
1776522240000,5269.2,5269.2,5266.8,5267.6,1.71,1776522419999,9008.4879,347,0.253,1332.7534,0
1776522420000,5267.7,5268.6,5251.8,5268.3,1.783,1776522599999,9393.0512,364,1.237,6516.9264,0
1776522600000,5268.6,5268.6,5251.8,5268.6,1.823,1776522779999,9604.0438,391,0.611,3218.9903,0
1776522780000,5268.6,5268.6,5251.8,5268.2,1.829,1776522959999,9635.4436,365,0.567,2987.1974,0
1776522960000,5268.3,5269.9,5251.8,5269.9,1.75,1776523139999,9220.2805,427,1.666,8777.7845,0
1776523140000,5269.9,5270.4,5251.8,5270.4,1.414,1776523319999,7451.1414,294,0.559,2945.9076,0
1776523320000,5270.4,5270.4,5251.8,5269.5,1.408,1776523499999,7420.3545,265,0.853,4495.6470,0
1776523500000,5270.4,5270.4,5267.0,5267.0,1.301,1776523679999,6854.9403,238,0.005,26.3520,0
1776523680000,5267.1,5267.1,5262.0,5264.9,1.311,1776523859999,6903.6019,259,0,0,0
1776523860000,5265.8,5265.8,5264.2,5265.4,0.819,1776524039999,4312.1211,151,0,0,0
1776524040000,5265.4,5265.4,5251.8,5263.7,1.174,1776524219999,6180.3346,283,0.035,184.2540,0
1776524220000,5263.7,5265.5,5263.7,5264.4,1.394,1776524399999,7339.1712,263,0,0,0
1776524400000,5264.3,5265.1,5263.1,5263.6,1.737,1776524579999,9144.2595,356,0,0,0
1776524580000,5263.6,5268.7,5263.6,5267.9,1.173,1776524759999,6177.6550,207,0,0,0
1776524760000,5267.9,5268.8,5267.2,5267.9,1.745,1776524939999,9192.2189,313,0,0,0
1776524940000,5267.9,5267.9,5266.2,5266.8,1.528,1776525119999,8048.5318,260,0,0,0
1776525120000,5266.8,5266.8,5262.3,5262.9,1.048,1776525299999,5515.8881,272,0,0,0
1776525300000,5262.9,5264.5,5262.9,5263.7,1.693,1776525479999,8911.5898,316,0,0,0
1776525480000,5263.7,5264.3,5262.6,5262.6,1.907,1776525659999,10037.9827,364,0,0,0
1776525660000,5262.6,5263.9,5262.6,5262.9,1.958,1776525839999,10304.8272,368,0,0,0
1776525840000,5263.0,5263.0,5260.0,5260.2,1.83,1776526019999,9627.6158,489,0,0,0
1776526020000,5260.2,5261.0,5260.2,5261.0,2.022,1776526199999,10637.2536,363,0,0,0
1776526200000,5261.0,5261.0,5255.3,5255.4,2.092,1776526379999,11000.4355,531,0,0,0
1776526380000,5255.4,5255.4,5254.0,5254.0,1.939,1776526559999,10188.3275,580,0,0,0
1776526560000,5254.0,5254.0,5253.3,5253.4,1.886,1776526739999,9908.2889,551,0,0,0
1776526740000,5253.4,5253.7,5253.4,5253.7,2.078,1776526919999,10916.9760,364,0,0,0
1776526920000,5253.7,5270.4,5251.8,5255.1,2.118,1776527099999,11129.2995,359,0.047,247.7088,0
1776527100000,5254.9,5270.4,5251.8,5255.6,1.943,1776527279999,10211.5191,467,0.192,1009.1469,0
1776527280000,5255.6,5255.8,5255.6,5255.8,1.969,1776527459999,10348.5292,358,0,0,0
1776527460000,5255.8,5256.5,5254.5,5255.8,1.848,1776527639999,9712.4784,340,0,0,0
1776527640000,5255.8,5256.2,5254.9,5254.9,1.86,1776527819999,9775.0161,354,0,0,0
1776527820000,5254.9,5255.6,5254.9,5255.6,1.805,1776527999999,9485.5499,332,0,0,0
1776528000000,5256.3,5270.4,5255.8,5255.9,1.49,1776528179999,7832.9081,282,0.002,10.5408,0
1776528180000,5255.9,5257.4,5255.8,5257.4,1.677,1776528359999,8815.7004,317,0,0,0
1776528360000,5257.4,5270.4,5251.8,5258.2,1.635,1776528539999,8596.2391,385,0.070,368.0866,0
1776528540000,5258.2,5258.2,5256.9,5257.3,1.645,1776528719999,8648.8134,314,0,0,0
1776528720000,5257.3,5258.3,5251.8,5257.3,1.643,1776528899999,8637.3544,287,0,0,0
1776528900000,5257.3,5257.4,5251.8,5251.8,1.614,1776529079999,8483.2779,296,0,0,0
1776529080000,5251.8,5251.8,5248.6,5248.6,1.863,1776529259999,9780.4797,358,0,0,0
1776529260000,5248.6,5248.6,5243.9,5247.1,1.958,1776529439999,10270.7524,408,0,0,0
1776529440000,5247.1,5247.1,5246.4,5246.7,1.912,1776529619999,10031.8297,353,0,0,0
1776529620000,5246.7,5249.0,5246.6,5249.0,1.91,1776529799999,10023.4720,343,0,0,0
1776529800000,5249.0,5249.3,5249.0,5249.1,2.001,1776529979999,10503.4249,358,0,0,0
1776529980000,5249.1,5249.5,5249.1,5249.4,1.971,1776530159999,10346.5103,363,0,0,0
1776530160000,5249.4,5251.7,5249.4,5251.7,1.99,1776530339999,10447.7639,351,0,0,0
1776530340000,5251.7,5251.8,5251.7,5251.7,1.956,1776530519999,10272.4123,356,0,0,0
1776530520000,5251.6,5251.6,5250.1,5250.1,2.016,1776530699999,10585.3414,381,0,0,0
1776530700000,5250.1,5250.1,5247.0,5248.4,1.972,1776530879999,10350.3503,428,0,0,0
1776530880000,5248.4,5250.0,5247.6,5250.0,1.858,1776531059999,9751.3267,343,0,0,0
1776531060000,5250.1,5250.3,5249.1,5249.2,1.95,1776531239999,10236.3939,357,0,0,0
1776531240000,5249.2,5249.2,5247.8,5248.0,2.069,1776531419999,10858.9983,369,0,0,0
1776531420000,5248.0,5248.2,5247.6,5247.7,1.962,1776531599999,10296.5931,364,0,0,0
1776531600000,5247.7,5250.0,5247.5,5250.0,1.917,1776531779999,10061.3003,356,0,0,0
1776531780000,5250.0,5250.4,5249.8,5250.4,1.85,1776531959999,9712.3638,340,0,0,0
1776531960000,5250.4,5251.8,5250.4,5251.8,1.997,1776532139999,10486.8314,361,0,0,0
1776532140000,5251.8,5252.0,5250.3,5251.9,1.997,1776532319999,10486.4827,361,0,0,0
1776532320000,5251.9,5254.4,5250.9,5251.6,1.854,1776532499999,9737.0160,355,0,0,0
1776532500000,5251.6,5251.9,5249.0,5249.6,2.021,1776532679999,10611.9111,366,0,0,0
1776532680000,5249.6,5250.1,5249.1,5250.1,1.936,1776532859999,10162.9635,363,0,0,0
1776532860000,5250.1,5251.0,5249.9,5250.7,1.799,1776533039999,9445.7744,341,0,0,0
1776533040000,5250.7,5250.7,5250.3,5250.6,1.882,1776533219999,9881.4685,346,0,0,0
1776533220000,5250.6,5250.6,5249.8,5249.8,1.858,1776533399999,9754.9901,334,0,0,0
1776533400000,5249.8,5249.8,5244.2,5244.5,1.551,1776533579999,8137.6960,345,0,0,0
1776533580000,5244.5,5245.9,5244.2,5244.2,1.419,1776533759999,7443.0543,258,0,0,0
1776533760000,5244.2,5246.5,5243.4,5246.5,1.524,1776533939999,7992.3702,276,0,0,0
1776533940000,5246.5,5248.0,5246.0,5247.9,1.843,1776534119999,9669.4660,341,0,0,0
1776534120000,5247.9,5248.0,5247.1,5247.1,1.64,1776534299999,8606.0541,349,0,0,0
1776534300000,5247.1,5247.1,5245.6,5245.6,1.907,1776534479999,10005.8646,438,0,0,0
1776534480000,5245.6,5245.6,5244.0,5244.3,1.469,1776534659999,7704.6938,289,0,0,0
1776534660000,5244.3,5244.7,5244.1,5244.4,1.768,1776534839999,9272.1512,318,0,0,0
1776534840000,5244.4,5244.4,5243.0,5243.7,2.129,1776535019999,11163.5863,409,0,0,0
1776535020000,5243.7,5245.3,5243.5,5245.3,2.005,1776535199999,10515.2113,372,0,0,0
1776535200000,5245.3,5270.4,5243.7,5243.7,1.872,1776535379999,9816.8667,359,0.003,15.8112,0
1776535380000,5243.7,5243.9,5240.5,5240.6,2.069,1776535559999,10846.6642,458,0,0,0
1776535560000,5240.6,5242.9,5240.2,5242.9,2.002,1776535739999,10494.1756,379,0,0,0
1776535740000,5242.8,5243.3,5241.9,5243.0,1.923,1776535919999,10081.3189,363,0,0,0
1776535920000,5243.0,5270.4,5243.0,5245.0,2.101,1776536099999,11018.6687,368,0.014,73.7856,0
1776536100000,5245.0,5245.9,5244.5,5244.5,1.884,1776536279999,9881.7018,355,0,0,0
1776536280000,5244.7,5244.7,5241.5,5244.3,109.703,1776536459999,575032.9698,365,0,0,0
1776536460000,5244.3,5270.4,5244.3,5245.3,2.055,1776536639999,10781.5417,367,0.048,252.9792,0
1776536640000,5245.3,5247.5,5245.3,5246.9,1.779,1776536819999,9333.2603,340,0,0,0
1776536820000,5246.9,5249.0,5245.8,5249.0,1.986,1776536999999,10421.1817,354,0,0,0
1776537000000,5249.0,5253.8,5248.5,5253.8,1.705,1776537179999,8952.2481,309,0,0,0
1776537180000,5253.9,5255.1,5252.9,5253.5,1.752,1776537359999,9204.6344,316,0,0,0
1776537360000,5253.5,5256.4,5253.5,5256.4,1.829,1776537539999,9612.0106,335,0,0,0
1776537540000,5256.4,5257.3,5254.0,5257.2,1.815,1776537719999,9538.7443,340,0,0,0
1776537720000,5257.2,5257.7,5253.8,5254.6,1.884,1776537899999,9901.6749,348,0,0,0
1776537900000,5254.0,5256.1,5253.5,5256.1,1.968,1776538079999,10342.0433,400,0,0,0
1776538080000,5256.1,5270.4,5256.1,5259.0,2.019,1776538259999,10616.0056,359,0.001,5.2704,0
1776538260000,5259.0,5260.2,5258.4,5260.2,2.006,1776538439999,10550.2700,363,0,0,0
1776538440000,5260.2,5260.3,5257.3,5259.4,1.991,1776538619999,10470.8703,364,0,0,0
1776538620000,5259.4,5265.0,5253.5,5264.6,2.037,1776538799999,10720.8005,450,0.215,1131.8715,0
1776538800000,5265.0,5270.4,5254.2,5254.7,1.811,1776538979999,9523.3395,324,0.005,26.3304,0
1776538980000,5254.7,5257.1,5254.6,5257.1,1.961,1776539159999,10307.6154,348,0,0,0
1776539160000,5257.1,5257.1,5255.6,5255.6,1.984,1776539339999,10428.9789,351,0,0,0
1776539340000,5255.6,5257.7,5255.6,5257.7,1.895,1776539519999,9961.2001,335,0,0,0
1776539520000,5257.7,5258.4,5253.5,5258.1,1.88,1776539699999,9885.1261,359,0,0,0
1776539700000,5258.1,5259.1,5257.6,5259.0,1.77,1776539879999,9307.5677,332,0,0,0
1776539880000,5259.0,5260.3,5258.6,5259.7,1.816,1776540059999,9551.4004,336,0,0,0
1776540060000,5259.7,5261.7,5241.5,5260.6,1.839,1776540239999,9671.8026,325,0,0,0
1776540240000,5260.6,5260.7,5241.5,5260.7,1.562,1776540419999,8216.4702,345,0.145,762.7835,0
1776540420000,5260.7,5270.4,5259.5,5259.6,1.905,1776540599999,10020.3987,361,0.005,26.3132,0
1776540600000,5259.6,5262.0,5258.4,5262.0,1.545,1776540779999,8126.2329,290,0,0,0
1776540780000,5262.0,5262.3,5259.3,5259.4,1.813,1776540959999,9537.6039,334,0,0,0
1776540960000,5259.4,5263.0,5259.4,5262.3,1.395,1776541139999,7340.7667,258,0,0,0
1776541140000,5262.2,5263.2,5262.1,5263.2,1.927,1776541319999,10141.4961,353,0,0,0
1776541320000,5263.2,5263.2,5262.5,5262.9,2.044,1776541499999,10757.2477,371,0,0,0
1776541500000,5262.9,5263.1,5261.9,5262.3,2.084,1776541679999,10966.9297,367,0,0,0
1776541680000,5262.3,5262.3,5241.5,5261.5,1.95,1776541859999,10260.1787,436,0.062,326.2079,0
1776541860000,5261.6,5270.4,5259.0,5259.9,1.977,1776542039999,10399.2166,359,0.005,26.3432,0
1776542040000,5259.9,5270.4,5259.6,5260.1,1.714,1776542219999,9016.2801,334,0.002,10.5408,0
1776542220000,5260.6,5261.4,5259.5,5261.4,2.007,1776542399999,10558.1608,371,0,0,0
1776542400000,5261.4,5270.4,5261.3,5265.0,2.079,1776542579999,10944.0696,359,0.059,310.9536,0
1776542580000,5265.0,5265.0,5264.5,5264.9,1.976,1776542759999,10403.1127,362,0,0,0
1776542760000,5264.8,5265.0,5263.8,5264.5,2.109,1776542939999,11102.8827,367,0,0,0
1776542940000,5264.5,5264.5,5263.1,5264.3,2.04,1776543119999,10739.1199,371,0,0,0
1776543120000,5264.3,5265.0,5264.2,5264.9,2.077,1776543299999,10934.5936,393,0,0,0
1776543300000,5264.9,5265.0,5264.3,5264.8,2.028,1776543479999,10676.5927,369,0,0,0
1776543480000,5264.8,5265.0,5264.2,5264.7,2.14,1776543659999,11266.1759,382,0,0,0
1776543660000,5264.7,5265.0,5264.7,5264.9,2.056,1776543839999,10824.5726,386,0,0,0
1776543840000,5264.9,5265.0,5264.8,5265.0,2.091,1776544019999,11008.9352,385,0,0,0
1776544020000,5265.0,5265.0,5264.9,5265.0,2.091,1776544199999,11009.0805,388,0,0,0
1776544200000,5265.0,5267.3,5264.9,5267.2,2.01,1776544379999,10583.8914,373,0,0,0
1776544380000,5267.2,5268.6,5267.1,5268.5,2.077,1776544559999,10941.6487,385,0,0,0
1776544560000,5268.6,5269.6,5267.5,5268.1,2.079,1776544739999,10953.6482,401,0,0,0
1776544740000,5268.1,5268.1,5265.5,5266.0,1.965,1776544919999,10349.8162,421,0,0,0
1776544920000,5266.0,5266.0,5263.0,5263.0,1.796,1776545099999,9455.6445,378,0,0,0
1776545100000,5263.0,5263.8,5262.3,5262.3,1.454,1776545279999,7652.4428,298,0,0,0
1776545280000,5262.3,5263.1,5261.6,5262.5,1.909,1776545459999,10046.0635,369,0,0,0
1776545460000,5262.5,5262.5,5261.0,5261.0,1.977,1776545639999,10402.1620,384,0,0,0
1776545640000,5261.0,5261.1,5260.2,5261.0,1.921,1776545819999,10105.3966,446,0,0,0
1776545820000,5261.0,5261.1,5259.1,5259.4,1.977,1776545999999,10398.8136,473,0,0,0
1776546000000,5259.4,5259.9,5259.1,5259.5,1.918,1776546179999,10087.8505,340,0,0,0
1776546180000,5259.5,5261.6,5259.4,5261.5,1.937,1776546359999,10188.0793,381,0,0,0
1776546360000,5261.6,5261.9,5261.1,5261.3,1.707,1776546539999,8981.3923,343,0,0,0
1776546540000,5261.3,5261.3,5260.1,5260.1,1.914,1776546719999,10069.6590,444,0,0,0
1776546720000,5260.1,5260.1,5258.0,5258.0,2.056,1776546899999,10813.0394,478,0,0,0
1776546900000,5258.0,5258.0,5257.2,5258.0,2.04,1776547079999,10725.2236,367,0,0,0
1776547080000,5258.0,5258.2,5256.5,5258.2,2.061,1776547259999,10834.7989,407,0,0,0
1776547260000,5258.2,5258.5,5257.1,5257.9,2.04,1776547439999,10726.2490,384,0,0,0
1776547440000,5257.9,5257.9,5256.0,5257.3,2.023,1776547619999,10634.9500,389,0,0,0
1776547620000,5257.3,5257.6,5255.4,5255.4,2.005,1776547799999,10539.1711,447,0,0,0
1776547800000,5255.4,5258.2,5254.5,5254.5,2.026,1776547979999,10649.1604,476,0,0,0
1776547980000,5254.5,5254.6,5253.9,5253.9,1.994,1776548159999,10476.6535,485,0,0,0
1776548160000,5253.9,5254.1,5253.1,5253.3,2.072,1776548339999,10885.1486,428,0,0,0
1776548340000,5253.3,5254.1,5252.4,5252.4,2.161,1776548519999,11352.4696,498,0,0,0
1776548520000,5252.4,5252.4,5250.2,5250.8,2.124,1776548699999,11152.4189,424,0,0,0
1776548700000,5250.8,5253.0,5250.5,5253.0,1.873,1776548879999,9835.4460,351,0,0,0
1776548880000,5253.0,5254.8,5251.1,5253.7,2.034,1776549059999,10683.9078,394,0,0,0
1776549060000,5253.7,5270.4,5253.7,5254.2,2.079,1776549239999,10925.4225,444,0.048,252.9792,0
1776549240000,5254.2,5254.7,5253.1,5253.1,2.047,1776549419999,10754.7242,394,0,0,0
1776549420000,5253.7,5254.2,5252.8,5253.1,2.133,1776549599999,11205.9429,418,0,0,0
1776549600000,5253.1,5253.1,5251.7,5251.7,2.115,1776549779999,11108.6665,392,0,0,0
1776549780000,5251.6,5255.8,5251.1,5253.7,1.999,1776549959999,10503.2883,392,0,0,0
1776549960000,5253.7,5254.7,5252.8,5254.7,1.756,1776550139999,9225.0887,334,0,0,0
1776550140000,5254.7,5254.7,5254.3,5254.4,20.956,1776550319999,110110.6756,534,20.850,109553.7142,0
1776550320000,5254.4,5255.3,5253.6,5253.6,139.014,1776550499999,730448.8822,490,67.391,354102.1695,0
1776550500000,5253.6,5253.6,5252.0,5253.3,92.321,1776550679999,484976.1517,511,13.580,71330.9925,0
1776550680000,5253.3,5254.2,5253.3,5254.1,44.991,1776550859999,236374.3702,383,44.388,233206.1735,0
1776550860000,5254.1,5254.1,5252.8,5253.3,90.183,1776551039999,473767.4801,418,33.625,176658.8451,0
1776551040000,5253.3,5253.3,5251.3,5251.3,119.585,1776551219999,628051.7081,603,0.008,42.0264,0
1776551220000,5251.3,5252.5,5250.5,5252.5,54.518,1776551399999,286298.8208,364,16.762,88037.4586,0
1776551400000,5252.5,5254.0,5251.9,5254.0,158.388,1776551579999,831952.5195,542,122.081,641255.8034,0
1776551580000,5254.0,5254.1,5252.4,5252.4,185.485,1776551759999,974295.2576,583,9.863,51820.2051,0
1776551760000,5252.4,5253.6,5251.1,5253.6,70.22,1776551939999,368800.9384,474,27.009,141864.5657,0
1776551940000,5253.6,5255.2,5253.6,5255.2,67.208,1776552119999,353125.6652,454,67.208,353125.6652,0
1776552120000,5255.2,5255.7,5255.2,5255.6,27.679,1776552299999,145467.5506,459,26.674,140185.8988,0
1776552300000,5255.6,5255.6,5253.7,5254.1,303.518,1776552479999,1594934.7811,602,0.735,3861.8547,0
1776552480000,5254.1,5254.3,5252.8,5253.3,63.731,1776552659999,334788.1030,482,1.279,6719.2738,0
1776552660000,5253.3,5255.2,5252.8,5252.8,2.116,1776552839999,11116.7370,414,1.484,7796.8502,0
1776552840000,5252.8,5253.4,5252.6,5253.4,36.685,1776553019999,192707.5747,553,35.499,186477.8812,0
1776553020000,5253.4,5255.4,5252.2,5255.0,76.741,1776553199999,403092.8150,536,1.375,7224.1996,0
1776553200000,5255.1,5255.6,5254.3,5254.4,2.025,1776553379999,10641.5683,447,1.088,5717.7136,0
1776553380000,5254.4,5254.5,5254.3,5254.5,2.036,1776553559999,10697.9770,459,1.745,9168.9757,0
1776553560000,5254.5,5254.9,5252.2,5253.6,1.859,1776553739999,9767.6310,495,0.987,5186.2368,0
1776553740000,5254.9,5254.9,5252.2,5254.9,2.068,1776553919999,10865.6873,425,0.684,3594.3056,0
1776553920000,5254.9,5255.8,5252.2,5255.8,2.083,1776554099999,10946.6996,498,1.931,10147.9534,0
1776554100000,5255.8,5255.8,5255.1,5255.6,2.004,1776554279999,10532.3994,359,1.282,6737.9166,0
1776554280000,5255.2,5255.9,5255.2,5255.9,2.164,1776554459999,11373.5280,413,2.139,11242.1395,0
1776554460000,5255.9,5257.9,5255.1,5257.9,1.971,1776554639999,10361.8795,479,1.787,9394.6368,0
1776554640000,5257.9,5258.1,5255.1,5258.1,2.035,1776554819999,10700.1054,366,0.950,4995.1899,0
1776554820000,5258.1,5258.4,5252.2,5258.0,1.569,1776554999999,8249.9209,332,0.733,3854.2306,0
1776555000000,5258.4,5258.4,5252.2,5255.9,1.499,1776555179999,7880.6615,333,0.371,1950.8664,0
1776555180000,5255.8,5255.9,5255.0,5255.9,1.608,1776555359999,8451.1142,355,1.153,6060.0419,0
1776555360000,5255.9,5257.5,5252.2,5257.5,1.883,1776555539999,9898.8702,609,1.872,9841.0880,0
1776555540000,5257.5,5257.5,5252.2,5257.5,1.453,1776555719999,7639.0063,365,0.561,2949.4575,0
1776555720000,5257.5,5257.5,5257.4,5257.5,1.647,1776555899999,8659.0987,390,1.609,8459.3175,0
1776555900000,5257.5,5257.5,5257.4,5257.5,1.61,1776556079999,8464.5500,299,1.360,7150.2000,0
1776556080000,5257.4,5257.5,5257.4,5257.5,1.169,1776556259999,6146.0000,220,0.994,5225.9550,0
1776556260000,5257.5,5257.5,5257.4,5257.5,1.073,1776556439999,5641.2659,211,0.757,3979.9275,0
1776556440000,5257.5,5259.1,5252.2,5259.1,1.475,1776556619999,7755.9550,395,1.460,7677.1720,0
1776556620000,5259.1,5260.2,5252.2,5259.4,1.417,1776556799999,7452.6147,277,1.339,7042.4715,0
1776556800000,5259.8,5261.5,5252.2,5261.5,1.344,1776556979999,7069.8675,264,0.909,4781.7875,0
1776556980000,5261.5,5261.5,5261.1,5261.5,1.432,1776557159999,7534.4291,261,1.332,7008.3120,0
1776557160000,5261.5,5262.2,5252.2,5262.1,1.362,1776557339999,7166.7641,317,1.293,6803.7287,0
1776557340000,5262.1,5262.2,5252.2,5262.2,1.427,1776557519999,7509.0750,309,1.078,5672.6516,0
1776557520000,5262.2,5264.7,5252.2,5263.1,1.557,1776557699999,8195.3997,298,0.934,4916.4305,0
1776557700000,5263.1,5265.8,5252.2,5265.2,1.545,1776557879999,8133.7380,318,1.313,6912.6792,0
1776557880000,5265.2,5265.2,5252.2,5262.4,1.733,1776558059999,9121.8447,316,0.700,3685.3140,0
1776558060000,5262.5,5262.6,5252.2,5258.1,1.18,1776558239999,6206.1289,249,0.491,2582.7821,0
1776558240000,5258.1,5259.5,5252.2,5259.5,1.572,1776558419999,8266.6309,312,1.068,5616.5304,0
1776558420000,5259.5,5259.5,5252.2,5259.4,1.965,1776558599999,10334.8625,357,1.775,9335.6125,0
1776558600000,5259.4,5259.5,5252.2,5259.5,1.571,1776558779999,8262.4015,339,0.794,4176.0430,0
1776558780000,5259.6,5262.0,5252.2,5262.0,1.564,1776558959999,8227.8435,360,1.181,6213.2255,0
1776558960000,5262.0,5265.1,5252.2,5264.6,1.845,1776559139999,9712.5524,358,1.297,6827.7610,0
1776559140000,5264.6,5265.7,5252.2,5264.9,1.259,1776559319999,6628.1314,250,1.002,5275.4918,0
1776559320000,5264.9,5265.0,5263.6,5263.7,1.407,1776559499999,7407.1266,297,1.036,5454.1238,0
1776559500000,5263.7,5263.8,5261.5,5261.8,1.772,1776559679999,9324.8311,444,0.795,4184.0798,0
1776559680000,5261.8,5261.8,5260.5,5260.7,1.208,1776559859999,6354.9986,293,0.445,2341.0015,0
1776559860000,5260.7,5262.0,5260.7,5262.0,1.463,1776560039999,7697.3345,260,1.126,5924.3989,0
1776560040000,5262.0,5262.6,5252.2,5262.6,1.486,1776560219999,7819.5325,281,1.286,6767.2080,0
1776560220000,5262.6,5263.2,5262.2,5262.3,1.366,1776560399999,7188.9742,263,0.861,4531.3565,0
1776560400000,5262.3,5262.3,5259.0,5260.3,1.02,1776560579999,5365.5088,190,0.491,2582.8514,0
1776560580000,5260.4,5261.0,5252.2,5260.7,1.311,1776560759999,6896.6366,282,0.989,5202.8182,0
1776560760000,5260.7,5260.7,5252.2,5258.6,1.582,1776560939999,8319.6830,322,0.089,468.0583,0
1776560940000,5258.7,5258.7,5252.2,5258.7,1.745,1776561119999,9176.3135,365,1.186,6236.8152,0
1776561120000,5258.7,5258.7,5252.2,5258.0,1.496,1776561299999,7866.1730,293,0.179,941.2726,0
1776561300000,5258.0,5258.3,5252.2,5256.8,1.574,1776561479999,8275.0297,303,0.718,3775.0659,0
1776561480000,5256.8,5257.1,5256.8,5256.8,1.839,1776561659999,9667.3483,445,0.005,26.2855,0
1776561660000,5256.8,5256.9,5252.2,5256.9,1.408,1776561839999,7401.1420,341,0.768,4037.1317,0
1776561840000,5256.9,5257.6,5252.2,5257.2,1.64,1776562019999,8621.8793,356,0.695,3653.8153,0
1776562020000,5257.3,5257.3,5257.2,5257.3,1.556,1776562199999,8180.3276,335,1.244,6540.0812,0
1776562200000,5257.3,5257.9,5252.2,5257.3,1.644,1776562379999,8643.1060,406,0.625,3285.9172,0
1776562380000,5257.6,5258.1,5252.2,5257.7,1.278,1776562559999,6719.3029,265,0.295,1551.1102,0
1776562560000,5257.8,5259.4,5252.2,5259.4,1.654,1776562739999,8697.0716,354,1.458,7666.6174,0
1776562740000,5259.4,5260.4,5252.2,5259.5,1.682,1776562919999,8847.1030,323,0.534,2808.8296,0
1776562920000,5259.6,5259.6,5259.4,5259.4,1.335,1776563099999,7021.3572,344,0.566,2976.8775,0
1776563100000,5259.4,5259.5,5252.2,5258.4,1.604,1776563279999,8435.1150,367,0.119,625.7632,0
1776563280000,5258.4,5260.5,5252.2,5259.8,1.791,1776563459999,9420.2024,394,1.640,8626.0627,0
1776563460000,5259.8,5260.2,5252.2,5259.8,1.483,1776563639999,7799.7522,270,0.680,3576.7288,0
1776563640000,5259.8,5260.2,5257.3,5258.8,1.403,1776563819999,7378.0180,314,0.590,3102.9273,0
1776563820000,5258.8,5261.0,5252.2,5261.0,1.842,1776563999999,9688.4593,429,1.827,9609.6763,0
1776564000000,5261.0,5261.9,5252.2,5261.9,1.197,1776564179999,6297.2046,260,0.502,2641.0963,0
1776564180000,5261.9,5263.1,4950.0,5263.1,3001.49,1776564359999,15754619.4201,570,49.161,258729.3123,0
1776564360000,5263.1,5264.4,5261.7,5264.4,1.685,1776564539999,8869.5423,346,1.313,6911.4845,0
1776564540000,5264.4,5264.4,5263.6,5264.3,1.783,1776564719999,9386.1395,352,0.613,3226.9780,0
1776564720000,5264.3,5264.6,5261.7,5264.0,1.906,1776564899999,10033.9084,419,1.154,6075.1731,0
1776564900000,5264.6,5266.0,5261.7,5265.9,1.649,1776565079999,8681.8997,385,1.140,6002.4461,0
1776565080000,5266.0,5266.0,5261.7,5264.9,1.771,1776565259999,9325.1853,341,0.015,78.9900,0
1776565260000,5266.0,5267.4,5261.7,5267.4,1.394,1776565439999,7340.0097,301,0.653,3438.8865,0
1776565440000,5267.4,5270.3,5261.7,5270.3,1.307,1776565619999,6886.8854,230,1.297,6834.2684,0
1776565620000,5270.3,5271.9,5261.7,5271.9,1.846,1776565799999,9730.6789,359,1.188,6262.4688,0
1776565800000,5271.9,5271.9,5268.4,5268.4,1.235,1776565979999,6509.5641,223,0.556,2931.0848,0
1776565980000,5268.4,5268.9,5261.7,5268.9,1.967,1776566159999,10362.8535,375,0.290,1527.8982,0
1776566160000,5268.9,5271.7,5261.7,5271.6,1.659,1776566339999,8743.9380,374,1.389,7320.6459,0
1776566340000,5271.6,5271.7,5269.1,5269.1,1.351,1776566519999,7120.5604,303,0.612,3225.6814,0
1776566520000,5269.1,5269.1,5261.7,5265.2,1.79,1776566699999,9426.1870,388,1.036,5455.5940,0
1776566700000,5265.2,5265.7,5264.4,5264.7,1.386,1776566879999,7296.8071,320,0.337,1774.2615,0
1776566880000,5264.7,5267.6,5261.7,5267.6,1.432,1776567059999,7541.8434,306,0.979,5155.8510,0
1776567060000,5267.6,5268.2,5261.7,5268.2,1.867,1776567239999,9834.4610,371,0.983,5178.3837,0
1776567240000,5268.2,5269.1,5261.7,5265.3,1.618,1776567419999,8521.7656,308,0.790,4161.0829,0
1776567420000,5265.2,5268.0,5261.7,5265.6,1.327,1776567599999,6988.6376,248,0.813,4281.9611,0
1776567600000,5265.6,5267.9,5261.7,5267.0,1.663,1776567779999,8758.9792,331,0.562,2959.9786,0
1776567780000,5267.0,5267.0,5261.7,5267.0,1.637,1776567959999,8621.9769,343,1.508,7942.6139,0
1776567960000,5267.0,5270.3,5261.7,5270.2,1.305,1776568139999,6874.2512,383,1.280,6742.5370,0
1776568140000,5270.5,5270.6,5261.7,5268.9,1.527,1776568319999,8045.8137,313,0.032,168.6354,0
1776568320000,5268.9,5270.6,5261.7,5265.8,1.721,1776568499999,9065.0558,371,0.065,342.3852,0
1776568500000,5265.9,5270.6,5261.7,5264.6,1.735,1776568679999,9136.2017,354,0.047,247.5726,0
1776568680000,5270.6,5270.6,5261.7,5266.0,1.479,1776568859999,7787.0328,322,0.042,221.2320,0
1776568860000,5266.0,5270.6,5261.7,5264.3,1.518,1776569039999,7992.5152,337,0.047,247.5557,0
1776569040000,5270.6,5270.6,5261.7,5265.3,1.663,1776569219999,8754.3331,412,0.073,384.4180,0
1776569220000,5265.4,5270.6,5261.7,5263.4,1.655,1776569399999,8712.8974,330,0.039,205.3510,0
1776569400000,5264.5,5270.6,5261.7,5265.9,1.694,1776569579999,8918.8222,356,0.046,242.2283,0
1776569580000,5270.6,5270.6,5261.7,5265.6,1.502,1776569759999,7909.0132,290,0.021,110.6504,0
1776569760000,5270.6,5270.6,5261.7,5265.4,1.497,1776569939999,7882.1513,356,0.081,426.5720,0
1776569940000,5265.4,5270.6,5261.7,5264.9,1.732,1776570119999,9119.0062,347,0.040,210.6706,0
1776570120000,5270.6,5270.6,5261.7,5263.8,0.944,1776570299999,4970.0339,198,0.034,179.0864,0
1776570300000,5270.6,5270.6,5261.7,5264.7,1.271,1776570479999,6691.2072,275,0.047,247.5291,0
1776570480000,5264.7,5270.6,5261.7,5265.7,2.044,1776570659999,10760.6620,369,0.015,79.0531,0
1776570660000,5270.6,5270.6,5261.7,5267.3,1.998,1776570839999,10523.3302,424,0.065,342.4354,0
1776570840000,5267.3,5270.6,5261.7,5266.5,2.432,1776571019999,12806.8349,389,0.037,194.9059,0
1776571020000,5266.5,5270.6,5261.7,5268.3,1.987,1776571199999,10467.6967,377,0.015,79.0552,0
1776571200000,5270.6,5271.9,5261.7,5271.9,1.92,1776571379999,10119.1125,392,0.860,4533.2791,0
1776571380000,5271.9,5272.0,5261.7,5271.0,2.024,1776571559999,10669.0660,378,0.028,147.6147,0
1776571560000,5272.0,5272.0,5261.7,5270.8,1.966,1776571739999,10360.8128,408,0.038,200.3107,0
1776571740000,5270.9,5272.0,5261.7,5269.5,2.09,1776571919999,11014.2573,405,0.033,173.9540,0
1776571920000,5272.0,5272.0,5261.7,5268.7,1.973,1776572099999,10395.3499,357,0.010,52.7200,0
1776572100000,5272.0,5272.0,5261.7,5269.6,2.01,1776572279999,10591.0736,462,0.235,1238.3899,0
1776572280000,5269.7,5272.0,5261.7,5270.0,1.963,1776572459999,10343.8237,418,0.054,284.6034,0
1776572460000,5270.0,5272.0,5261.7,5270.1,2.097,1776572639999,11051.1795,401,0.015,79.0780,0
1776572640000,5272.0,5272.0,5261.7,5268.5,2.075,1776572819999,10932.3406,469,0.097,511.0415,0
1776572820000,5268.5,5272.0,5261.7,5268.4,1.96,1776572999999,10326.0489,384,0.007,36.8935,0
1776573000000,5272.0,5273.4,5261.7,5273.4,1.959,1776573179999,10325.6413,378,0.828,4365.8356,0
1776573180000,5273.4,5276.9,5261.7,5276.9,2.095,1776573359999,11049.8868,398,1.444,7617.0908,0
1776573360000,5276.9,5278.8,5276.9,5278.8,2.126,1776573539999,11220.9957,434,2.103,11099.5856,0
1776573540000,5278.8,5285.6,5278.8,5285.6,1.982,1776573719999,10466.6340,407,1.953,10313.4973,0
1776573720000,5285.8,5287.0,5284.0,5286.3,1.771,1776573899999,9360.6943,394,0.715,3779.7120,0
1776573900000,5286.3,5286.3,5284.7,5286.2,1.941,1776574079999,10259.5338,438,1.317,6961.4552,0
1776574080000,5286.2,5286.2,5283.1,5286.2,1.957,1776574259999,10344.8492,363,1.544,8161.8412,0
1776574260000,5286.2,5288.6,5286.2,5288.6,1.884,1776574439999,9961.2357,409,1.792,9474.7581,0
1776574440000,5288.6,5288.8,5287.8,5288.8,1.964,1776574619999,10386.7266,414,1.388,7340.8269,0
1776574620000,5288.8,5289.4,5288.6,5288.8,2.043,1776574799999,10805.6907,468,1.246,6590.3347,0
1776574800000,5288.8,5289.5,5261.7,5286.3,1.913,1776574979999,10116.5796,393,0.889,4702.0466,0
1776574980000,5289.1,5289.1,5261.7,5286.1,1.981,1776575159999,10473.9361,504,1.129,5969.7788,0
1776575160000,5286.1,5287.9,5286.1,5287.8,1.867,1776575339999,9870.8972,420,1.683,8898.0936,0
1776575340000,5287.9,5287.9,5286.1,5286.7,1.794,1776575519999,9485.0092,384,0.175,925.2907,0
1776575520000,5286.7,5287.0,5282.9,5284.3,6.665,1776575699999,35217.4620,441,1.015,5364.0264,0
1776575700000,5284.7,5286.1,5282.9,5285.4,2.107,1776575879999,11136.8253,486,1.249,6601.8761,0
1776575880000,5286.0,5287.1,5282.9,5286.2,2.208,1776576059999,11672.1312,425,1.413,7469.7691,0
1776576060000,5286.3,5286.3,5282.9,5284.4,2.13,1776576239999,11257.7335,471,1.163,6147.4305,0
1776576240000,5284.4,5284.4,5282.0,5283.5,17.299,1776576419999,91388.7512,506,1.204,6360.8485,0
1776576420000,5283.5,5284.0,5280.8,5282.7,2.105,1776576599999,11120.4879,487,1.477,7803.0560,0
1776576600000,5282.7,5282.7,5261.7,5281.3,2.002,1776576779999,10572.7556,414,0.863,4557.6157,0
1776576780000,5281.5,5282.4,5261.7,5280.2,2.038,1776576959999,10762.0919,417,0.892,4711.0711,0
1776576960000,5280.3,5280.3,5261.7,5280.2,1.987,1776577139999,10486.7434,435,1.175,6201.7350,0
1776577140000,5280.2,5281.3,5278.9,5278.9,1.994,1776577319999,10529.5498,471,1.334,7044.8919,0
1776577320000,5279.0,5279.1,5261.7,5278.0,2.021,1776577499999,10668.0920,484,0.641,3383.6935,0
1776577500000,5278.3,5278.3,5261.7,5276.4,2.088,1776577679999,11019.7984,503,0.465,2454.2674,0
1776577680000,5276.7,5276.7,5261.7,5274.1,2.096,1776577859999,11056.2854,398,0.103,543.4138,0
1776577860000,5274.2,5274.2,5261.7,5273.5,1.928,1776578039999,10167.7023,563,0.356,1877.4187,0
1776578040000,5273.6,5275.0,5261.7,5275.0,2.1,1776578219999,11075.5858,438,1.913,10089.4013,0
1776578220000,5275.0,5275.2,5261.7,5274.7,2.007,1776578399999,10586.1827,427,0.284,1498.1357,0
1776578400000,5274.7,5276.8,5261.7,5274.1,1.935,1776578579999,10208.2484,467,0.961,5070.2135,0
1776578580000,5274.2,5276.8,5261.7,5276.2,1.733,1776578759999,9142.6751,407,0.278,1466.7824,0
1776578760000,5276.2,5276.3,5261.7,5274.4,2.055,1776578939999,10837.0393,366,0.451,2379.2731,0
1776578940000,5274.4,5274.6,5261.7,5273.4,1.933,1776579119999,10192.6978,375,0.520,2742.0950,0
1776579120000,5273.4,5282.1,5261.7,5282.1,1.987,1776579299999,10487.2793,419,1.633,8618.9679,0
1776579300000,5282.1,5283.9,5261.7,5278.6,2.054,1776579479999,10843.6511,375,0.295,1558.3827,0
1776579480000,5283.9,5283.9,5261.7,5274.6,1.871,1776579659999,9873.6931,395,0.059,311.4210,0
1776579660000,5283.9,5283.9,5261.7,5275.3,1.953,1776579839999,10299.6770,399,0.049,258.5953,0
1776579840000,5275.9,5283.9,5261.7,5273.4,1.918,1776580019999,10116.1886,399,0.046,242.7634,0
1776580020000,5273.4,5283.9,5261.7,5273.6,1.905,1776580199999,10045.9423,391,0.051,269.0145,0
1776580200000,5273.6,5283.9,5261.7,5272.0,1.797,1776580379999,9475.5276,341,0.015,79.2482,0
1776580380000,5272.1,5283.9,5270.8,5271.3,1.948,1776580559999,10271.6761,391,0.010,52.8390,0
1776580560000,5283.9,5283.9,5270.0,5273.8,1.96,1776580739999,10332.2562,432,0.010,52.8390,0
1776580740000,5283.9,5283.9,5268.5,5269.5,2.062,1776580919999,10867.5590,395,0.015,79.2585,0
1776580920000,5269.5,5283.9,5267.9,5268.1,4.216,1776581099999,22211.1406,417,0.005,26.4195,0
1776581100000,5283.9,5283.9,5267.9,5269.9,2.327,1776581279999,12266.4440,396,0.321,1695.8108,0
1776581280000,5269.9,5283.9,5267.9,5269.8,1.949,1776581459999,10270.7483,401,0.032,168.7582,0
1776581460000,5283.9,5283.9,5267.9,5271.7,2.025,1776581639999,10672.5856,395,0.020,105.5534,0
1776581640000,5271.8,5283.9,5267.9,5271.5,1.909,1776581819999,10066.3293,405,0.038,200.4978,0
1776581820000,5271.8,5283.9,5267.9,5271.4,1.94,1776581999999,10228.4400,401,0.036,189.9313,0
1776582000000,5271.5,5283.9,5267.9,5272.6,1.982,1776582179999,10449.5663,401,0.034,179.4274,0
1776582180000,5272.7,5283.9,5267.9,5275.0,1.97,1776582359999,10388.3429,448,0.087,458.9036,0
1776582360000,5275.0,5283.9,5267.9,5274.1,1.976,1776582539999,10421.6177,416,0.056,295.4813,0
1776582540000,5274.1,5283.9,5267.9,5274.6,1.878,1776582719999,9903.6170,378,0.040,211.0983,0
1776582720000,5274.6,5283.9,5267.9,5275.7,1.793,1776582899999,9457.9965,346,0.029,153.2238,0
1776582900000,5283.9,5283.9,5267.9,5277.5,1.847,1776583079999,9744.1384,388,0.052,274.4332,0
1776583080000,5283.9,5283.9,5267.9,5279.7,1.865,1776583259999,9844.2870,408,0.088,464.5855,0
1776583260000,5279.7,5288.9,5267.9,5288.9,68.975,1776583439999,364745.9651,370,68.001,359602.2302,0
1776583440000,5288.9,5289.9,5267.9,5289.5,23.169,1776583619999,122537.4021,389,21.888,115763.6079,0
1776583620000,5289.9,5289.9,5289.4,5289.8,6.582,1776583799999,34815.5559,336,0.318,1682.1707,0
1776583800000,5289.8,5290.5,5287.4,5288.2,97.323,1776583979999,514679.1493,502,15.367,81274.9513,0
1776583980000,5288.2,5289.6,5287.0,5289.6,29.342,1776584159999,155168.5383,417,28.254,149415.3635,0
1776584160000,5289.6,5289.9,5284.8,5284.8,125.116,1776584339999,661359.8247,482,0.450,2379.0170,0
1776584340000,5285.0,5286.3,5284.8,5286.3,43.08,1776584519999,227670.4456,435,1.215,6422.1916,0
1776584520000,5286.3,5286.4,5284.0,5284.0,53.669,1776584699999,283605.4376,388,0.766,4049.0871,0
1776584700000,5284.5,5284.8,5282.7,5282.7,111.284,1776584879999,587982.3122,453,0.279,1474.3570,0
1776584880000,5282.8,5282.9,5280.5,5280.7,59.032,1776585059999,311792.5050,428,0.732,3866.2126,0
1776585060000,5281.5,5281.7,5280.1,5280.1,24.984,1776585239999,131926.3793,391,0.220,1161.9084,0
1776585240000,5280.2,5281.6,5280.1,5281.5,24.623,1776585419999,130030.0576,402,24.076,127141.5998,0
1776585420000,5281.5,5285.0,5281.3,5285.0,212.383,1776585599999,1121882.8514,562,212.269,1121280.7618,0
1776585600000,5285.0,5288.0,5283.7,5283.7,371.471,1776585779999,1963361.8222,496,370.511,1958287.3138,0
1776585780000,5283.7,5286.2,5283.5,5285.4,1.836,1776585959999,9703.1626,384,0,0,0
1776585960000,5288.0,5288.0,5284.6,5286.1,1.505,1776586139999,7954.7195,300,0.005,26.4400,0
1776586140000,5286.1,5288.0,5285.9,5286.1,1.878,1776586319999,9928.3726,360,0.005,26.4400,0
1776586320000,5286.1,5288.0,5284.7,5286.3,1.638,1776586499999,8659.0391,314,0.010,52.8800,0
1776586500000,5288.0,5288.0,5284.3,5284.3,1.325,1776586679999,7003.3635,282,0.052,274.8622,0
1776586680000,5288.0,5288.0,5281.3,5281.3,2.01,1776586859999,10621.6716,431,0.005,26.4400,0
1776586860000,5288.0,5288.0,5280.1,5280.1,1.31,1776587039999,6918.0472,333,0.015,79.3200,0
1776587040000,5288.0,5288.0,5278.3,5278.3,1.613,1776587219999,8515.9906,308,0.015,79.3200,0
1776587220000,5288.0,5288.0,5276.7,5277.4,1.741,1776587399999,9188.3493,330,0.010,52.8800,0
1776587400000,5277.4,5288.0,5276.7,5277.9,1.228,1776587579999,6481.7839,239,0.005,26.4400,0
1776587580000,5277.9,5288.0,5275.3,5276.6,1.483,1776587759999,7825.4573,310,0.010,52.8800,0
1776587760000,5288.0,5288.0,5275.1,5276.2,1.515,1776587939999,7993.2232,347,0.015,79.3200,0
1776587940000,5288.0,5288.0,5276.0,5276.2,0.971,1776588119999,5123.4557,185,0.010,52.8800,0
1776588120000,5276.3,5288.0,5274.8,5276.1,1.236,1776588299999,6520.6445,272,0.054,284.9983,0
1776588300000,5276.1,5288.0,5275.1,5275.3,1.799,1776588479999,9492.4203,383,0.005,26.4281,0
1776588480000,5288.0,5288.0,5274.8,5276.8,1.208,1776588659999,6372.8036,223,0.005,26.4400,0
1776588660000,5288.0,5288.0,5274.8,5275.0,1.365,1776588839999,7202.7975,282,0.005,26.4400,0
1776588840000,5288.0,5288.0,5274.7,5278.1,1.675,1776589019999,8838.8944,322,0.010,52.8800,0
1776589020000,5278.1,5288.0,5275.5,5279.1,1.335,1776589199999,7045.3561,276,0.009,47.5920,0
1776589200000,5279.1,5279.7,5277.3,5277.4,1.193,1776589379999,6297.1064,222,0,0,0
1776589380000,5277.4,5288.0,5276.0,5276.8,1.717,1776589559999,9059.6163,346,0.024,126.7258,0
1776589560000,5276.7,5278.4,5276.7,5278.1,1.507,1776589739999,7953.6087,279,0,0,0
1776589740000,5278.1,5288.0,5276.7,5276.7,1.288,1776589919999,6798.1184,326,0.005,26.4400,0
1776589920000,5288.0,5288.0,5275.5,5275.6,2.191,1776590099999,11560.1302,331,0.015,79.3200,0
1776590100000,5288.0,5288.0,5275.2,5276.7,1.263,1776590279999,6663.4891,246,0.010,52.8800,0
1776590280000,5288.0,5288.0,5275.1,5276.7,1.668,1776590459999,8800.7306,308,0.005,26.4400,0
1776590460000,5276.7,5277.6,5275.9,5276.9,1.455,1776590639999,7677.6703,291,0,0,0
1776590640000,5276.9,5288.0,5275.1,5277.6,1.581,1776590819999,8341.3303,304,0.010,52.8800,0
1776590820000,5277.6,5288.0,5275.9,5276.0,1.762,1776590999999,9298.1995,387,0.005,26.4400,0
1776591000000,5288.0,5288.0,5275.7,5275.8,1.759,1776591179999,9280.7888,327,0.005,26.4400,0
1776591180000,5288.0,5288.0,5275.6,5278.8,1.534,1776591359999,8094.6557,289,0.010,52.8800,0
1776591360000,5278.8,5288.0,5278.8,5280.5,1.74,1776591539999,9188.2471,330,0.005,26.4400,0
1776591540000,5280.6,5288.0,5279.8,5281.3,2.531,1776591719999,13371.9711,357,0.970,5129.2292,0
1776591720000,5281.3,5288.0,5280.2,5280.5,1.534,1776591899999,8100.6656,300,0.015,79.3200,0
1776591900000,5288.0,5288.0,5279.5,5279.5,1.747,1776592079999,9224.5095,368,0.015,79.3200,0
1776592080000,5288.0,5288.0,5278.0,5281.2,1.456,1776592259999,7686.7429,331,0.015,79.3200,0
1776592260000,5281.4,5288.0,5277.7,5277.7,1.199,1776592439999,6329.4183,256,0.005,26.4400,0
1776592440000,5288.0,5288.0,5277.3,5277.9,1.226,1776592619999,6470.2733,221,0.005,26.4400,0
1776592620000,5288.0,5288.0,5277.2,5278.9,1.395,1776592799999,7362.9945,256,0.010,52.8800,0
1776592800000,5278.9,5279.9,5277.2,5279.3,1.323,1776592979999,6984.0497,247,0,0,0
1776592980000,5288.0,5288.0,5277.0,5277.3,1.64,1776593159999,8655.2696,371,0.041,216.5380,0
1776593160000,5288.0,5288.0,5276.8,5277.9,2.464,1776593339999,13003.5522,349,0.031,163.7561,0
1776593340000,5288.0,5288.0,5275.9,5277.2,1.593,1776593519999,8405.4998,320,0.010,52.8800,0
1776593520000,5277.2,5277.8,5275.9,5277.7,1.732,1776593699999,9139.7198,355,0,0,0
1776593700000,5277.7,5279.5,5277.7,5279.5,1.547,1776593879999,8166.3766,303,0,0,0
1776593880000,5279.5,5280.3,5279.5,5280.3,1.563,1776594059999,8252.8492,296,0,0,0
1776594060000,5280.3,5282.9,5279.7,5282.9,1.91,1776594239999,10085.9742,382,0.123,649.6391,0
1776594240000,5282.9,5283.7,5280.1,5281.8,1.843,1776594419999,9735.3584,344,0,0,0
1776594420000,5281.8,5285.4,5281.8,5285.4,1.808,1776594599999,9552.9603,339,0,0,0
1776594600000,5285.4,5288.8,5285.4,5288.8,1.894,1776594779999,10012.9737,341,0.185,978.3238,0
1776594780000,5288.8,5289.1,5284.4,5284.4,1.645,1776594959999,8698.5646,353,0.691,3654.6202,0
1776594960000,5284.4,5287.2,5283.3,5287.0,1.22,1776595139999,6448.9079,232,0,0,0
1776595140000,5287.0,5288.8,5286.6,5288.8,1.384,1776595319999,7317.7213,258,0,0,0
1776595320000,5288.8,5288.8,5286.1,5287.4,1.375,1776595499999,7270.1744,249,0,0,0
1776595500000,5287.4,5287.4,5283.5,5283.5,1.571,1776595679999,8303.7300,346,0,0,0
1776595680000,5283.5,5285.4,5283.2,5285.1,1.604,1776595859999,8476.2985,310,0,0,0
1776595860000,5289.1,5289.1,5285.3,5288.6,1.471,1776596039999,7777.7163,297,0.091,481.3081,0
1776596040000,5288.6,5289.3,5288.5,5289.3,1.376,1776596219999,7277.5855,311,0.117,618.8427,0
1776596220000,5289.3,5291.1,5289.1,5291.1,79.933,1776596399999,422845.8424,376,79.773,421999.4937,0
1776596400000,5291.1,5291.6,5289.1,5289.1,6.726,1776596579999,35590.4926,338,5.725,30294.3379,0
1776596580000,5291.6,5291.6,5288.6,5289.4,1.329,1776596759999,7029.4111,268,0.015,79.3740,0
1776596760000,5291.6,5291.6,5288.0,5288.0,1.564,1776596939999,8272.8580,290,0.015,79.3740,0
1776596940000,5291.6,5291.6,5285.7,5286.8,1.356,1776597119999,7168.4446,276,0.010,52.9160,0
1776597120000,5291.6,5291.6,5284.6,5284.8,1.271,1776597299999,6717.5963,253,0.015,79.3740,0
1776597300000,5291.6,5291.6,5284.6,5288.4,1.054,1776597479999,5571.1898,204,0.010,52.9160,0
1776597480000,5288.5,5291.6,5287.2,5287.5,1.357,1776597659999,7176.8555,272,0.029,153.3768,0
1776597660000,5287.9,5291.6,5285.1,5285.4,1.325,1776597839999,7003.9526,252,0.010,52.9123,0
1776597840000,5285.4,5291.6,5285.0,5285.3,1.424,1776598019999,7526.3370,291,0.015,79.3740,0
1776598020000,5285.3,5291.6,5284.8,5286.0,1.69,1776598199999,8932.5327,351,0.083,438.8684,0
1776598200000,5286.0,5287.4,5284.6,5284.6,1.583,1776598379999,8366.8326,317,0.026,137.4294,0
1776598380000,5287.4,5291.6,5283.7,5284.0,1.542,1776598559999,8148.0700,317,0.015,79.3656,0
1776598560000,5291.6,5291.6,5283.7,5287.1,1.811,1776598739999,9571.6561,412,0.111,586.8142,0
1776598740000,5287.1,5291.6,5283.7,5287.9,1.827,1776598919999,9660.2951,412,0.082,433.6224,0
1776598920000,5291.6,5291.6,5283.7,5287.5,1.774,1776599099999,9380.9348,339,0.015,79.3706,0
1776599100000,5291.6,5291.6,5283.7,5286.0,1.677,1776599279999,8865.4309,325,0.026,137.5310,0
1776599280000,5287.0,5291.6,5283.7,5286.6,1.546,1776599459999,8174.0570,278,0.015,79.3694,0
1776599460000,5286.6,5291.6,5283.7,5286.5,1.484,1776599639999,7845.9005,300,0.038,200.9612,0
1776599640000,5286.5,5291.6,5283.7,5286.0,1.639,1776599819999,8664.5420,319,0.015,79.3689,0
1776599820000,5286.0,5291.6,5283.7,5286.4,1.528,1776599999999,8077.2523,393,0.322,1702.2567,0
1776600000000,5286.4,5291.6,5283.7,5285.5,1.634,1776600179999,8637.0815,337,0.037,195.6035,0
1776600180000,5285.5,5291.6,5283.7,5286.9,1.366,1776600359999,7221.2367,308,0.058,306.6972,0
1776600360000,5286.9,5291.6,5283.7,5285.8,1.265,1776600539999,6687.8790,232,0.005,26.4533,0
1776600540000,5291.6,5291.6,5281.6,5282.2,1.541,1776600719999,8142.6411,335,0.025,132.2172,0
1776600720000,5282.2,5291.6,5281.4,5286.0,1.409,1776600899999,7444.8054,314,0.029,153.2784,0
1776600900000,5291.6,5291.6,5281.4,5286.3,1.137,1776601079999,6010.4856,242,0.025,132.2460,0
1776601080000,5287.2,5291.6,5281.4,5285.2,1.719,1776601259999,9086.2816,320,0.011,58.1972,0
1776601260000,5285.6,5291.6,5281.4,5283.6,1.422,1776601439999,7514.2536,276,0.010,52.9100,0
1776601440000,5291.6,5291.6,5281.4,5283.8,1.21,1776601619999,6393.2473,234,0.015,79.3740,0
1776601620000,5291.6,5291.6,5281.4,5284.0,1.52,1776601799999,8030.4644,287,0.015,79.3740,0
1776601800000,5291.6,5291.6,5281.4,5284.1,1.736,1776601979999,9171.3025,331,0.015,79.3740,0
1776601980000,5291.6,5291.6,5281.4,5283.2,1.064,1776602159999,5622.2968,216,0.015,79.3740,0
1776602160000,5291.6,5291.6,5281.4,5284.5,1.21,1776602339999,6395.0012,247,0.033,174.5289,0
1776602340000,5286.8,5291.6,5281.4,5287.1,1.91,1776602519999,10096.9357,375,0.038,200.9670,0
1776602520000,5287.2,5291.6,5281.4,5287.7,1.588,1776602699999,8395.1308,302,0.015,79.3696,0
1776602700000,5291.6,5291.6,5281.4,5284.7,1.46,1776602879999,7717.7746,294,0.015,79.3740,0
1776602880000,5291.6,5291.6,5281.4,5283.7,1.831,1776603059999,9675.0591,355,0.015,79.3740,0
1776603060000,5291.6,5291.6,5281.4,5285.3,1.56,1776603239999,8244.3763,323,0.040,211.4986,0
1776603240000,5291.6,5291.6,5281.4,5281.4,1.273,1776603419999,6726.0766,268,0.027,142.7716,0
1776603420000,5283.2,5291.6,5276.3,5276.3,1.883,1776603599999,9938.8033,396,0.015,79.3656,0
1776603600000,5291.6,5291.6,5275.8,5275.8,5.973,1776603779999,31588.2104,255,4.787,25330.5389,0
1776603780000,5276.1,5291.6,5275.7,5275.7,1.481,1776603959999,7814.2821,296,0.015,79.3585,0
1776603960000,5275.7,5291.6,5274.3,5275.9,1.802,1776604139999,9505.6289,373,0.039,205.8740,0
1776604140000,5291.6,5291.6,5274.1,5274.1,0.816,1776604319999,4304.8862,178,0.010,52.9160,0
1776604320000,5274.1,5291.6,5274.1,5274.1,1.268,1776604499999,6687.9638,229,0.010,52.9160,0
1776604500000,5274.1,5291.6,5273.9,5273.9,1.496,1776604679999,7890.3902,300,0.005,26.4580,0
1776604680000,5291.6,5291.6,5272.7,5277.5,0.993,1776604859999,5238.7945,181,0.015,79.3740,0
1776604860000,5291.6,5291.6,5272.7,5273.9,1.372,1776605039999,7238.5019,265,0.015,79.3740,0
1776605040000,5276.4,5291.6,5272.7,5276.5,1.653,1776605219999,8721.0749,312,0.015,79.2980,0
1776605220000,5291.6,5291.6,5272.7,5276.3,1.111,1776605399999,5861.0495,217,0.018,95.0891,0
1776605400000,5276.3,5291.6,5272.7,5274.6,1.479,1776605579999,7801.4245,296,0.020,105.5689,0
1776605580000,5274.0,5291.6,5272.7,5276.6,1.845,1776605759999,9732.9603,370,0.031,163.7701,0
1776605760000,5276.6,5291.6,5272.7,5278.3,1.099,1776605939999,5800.3859,221,0.015,79.3590,0
1776605940000,5291.6,5291.6,5272.7,5279.5,1.429,1776606119999,7545.0989,295,0.015,79.3528,0
1776606120000,5291.6,5291.6,5272.7,5276.7,1.664,1776606299999,8783.5619,313,0.015,79.3632,0
1776606300000,5291.6,5291.6,5272.7,5277.8,1.176,1776606479999,6206.2345,238,0.016,84.6375,0
1776606480000,5291.6,5291.6,5272.7,5273.0,1.646,1776606659999,8683.4858,311,0.015,79.3593,0
1776606660000,5291.6,5291.6,5272.1,5277.0,1.958,1776606839999,10327.1318,404,0.015,79.3740,0
1776606840000,5277.0,5277.6,5275.5,5275.5,1.959,1776607019999,10336.9632,395,0,0,0
1776607020000,5276.2,5278.3,5274.6,5277.7,1.752,1776607199999,9242.8416,425,0.374,1973.5263,0
1776607200000,5278.3,5279.9,5274.6,5279.9,1.94,1776607379999,10239.4921,389,1.305,6888.2160,0
1776607380000,5279.9,5280.7,5274.6,5279.4,1.9,1776607559999,10030.8168,363,0.279,1473.1886,0
1776607560000,5280.7,5280.9,5274.6,5279.5,1.967,1776607739999,10385.5427,372,0.816,4308.3581,0
1776607740000,5279.5,5280.9,5274.6,5280.8,2.048,1776607919999,10813.0069,404,1.771,9350.7363,0
1776607920000,5280.9,5280.9,5274.6,5278.7,1.922,1776608099999,10147.7256,402,0.312,1647.4627,0
1776608100000,5279.0,5279.8,5274.6,5278.1,1.94,1776608279999,10239.6529,405,0.711,3752.6162,0
1776608280000,5278.1,5278.9,5274.6,5278.8,1.885,1776608459999,9950.0367,403,1.091,5758.9368,0
1776608460000,5278.8,5279.4,5274.6,5277.9,1.954,1776608639999,10314.6203,407,0.947,4999.3134,0
1776608640000,5278.0,5278.0,5274.3,5275.5,1.711,1776608819999,9028.0702,332,0.468,2469.5003,0
1776608820000,5275.5,5275.5,5272.4,5272.4,46.836,1776608999999,246989.3202,440,0.081,427.0840,0
1776609000000,5272.5,5274.2,5271.5,5271.5,160.317,1776609179999,845310.3828,420,83.881,442333.4684,0
1776609180000,5271.9,5272.8,5271.0,5271.8,55.012,1776609359999,289982.9607,305,0.710,3743.1156,0
1776609360000,5272.5,5275.6,5271.0,5275.6,1.704,1776609539999,8986.6742,348,1.549,8169.5360,0
1776609540000,5275.6,5276.7,5271.0,5276.0,1.502,1776609719999,7924.4656,332,0.650,3429.5015,0
1776609720000,5276.7,5276.7,5271.0,5272.5,1.583,1776609899999,8349.5781,291,0.117,617.3529,0
1776609900000,5272.5,5276.7,5271.0,5274.7,1.828,1776610079999,9639.8060,388,0.010,52.7670,0
1776610080000,5276.7,5276.7,5271.0,5273.5,1.371,1776610259999,7230.8703,266,0.015,79.1505,0
1776610260000,5276.7,5276.7,5271.0,5272.6,1.35,1776610439999,7118.1881,277,0.082,432.4197,0
1776610440000,5272.6,5276.7,5271.0,5274.3,1.741,1776610619999,9182.1702,423,0.083,437.7529,0
1776610620000,5276.7,5277.1,5271.0,5277.1,1.609,1776610799999,8489.1531,309,0.569,3002.5003,0
1776610800000,5277.1,5279.4,5271.0,5278.3,1.498,1776610979999,7906.4502,265,0.984,5193.4627,0
1776610980000,5278.4,5279.5,5271.0,5279.3,1.727,1776611159999,9115.8326,355,0.041,216.4560,0
1776611160000,5279.5,5279.5,5271.0,5278.3,1.541,1776611339999,8134.2935,291,0.575,3035.4206,0
1776611340000,5278.5,5282.0,5271.0,5281.8,1.333,1776611519999,7037.7217,287,0.866,4572.5135,0
1776611520000,5282.0,5282.2,5271.0,5282.2,1.966,1776611699999,10383.9760,372,1.088,5746.9178,0
1776611700000,5282.2,5284.2,5271.0,5284.2,1.46,1776611879999,7713.6697,337,1.182,6244.9403,0
1776611880000,5284.2,5284.3,5271.0,5282.6,1.123,1776612059999,5932.8964,260,0.557,2943.0248,0
1776612060000,5282.7,5285.1,5271.0,5284.9,1.393,1776612239999,7360.7748,286,1.199,6335.7742,0
1776612240000,5285.1,5285.3,5271.0,5285.0,1.396,1776612419999,7376.8252,275,0.116,613.0753,0
1776612420000,5285.0,5285.1,5271.0,5283.9,1.666,1776612599999,8803.1604,340,0.785,4148.0785,0
1776612600000,5283.9,5285.9,5271.0,5285.4,1.797,1776612779999,9496.4237,427,1.512,7990.3488,0
1776612780000,5285.4,5286.1,5271.0,5284.0,1.284,1776612959999,6785.2538,275,0.365,1929.3064,0
1776612960000,5284.0,5286.2,5271.0,5283.9,1.403,1776613139999,7413.5304,287,0.131,692.3889,0
1776613140000,5283.9,5286.3,5271.0,5286.3,1.576,1776613319999,8328.7921,366,1.230,6500.5467,0
1776613320000,5286.3,5287.5,5271.0,5286.7,18.065,1776613499999,95502.2931,312,17.834,94281.3030,0
1776613500000,5286.8,5289.7,5271.0,5289.7,2.702,1776613679999,14286.9256,288,2.469,13056.6369,0
1776613680000,5289.7,5291.4,5271.0,5291.4,6.275,1776613859999,33154.3380,348,3.428,18138.1507,0
1776613860000,5291.4,5292.3,5271.0,5291.7,1.717,1776614039999,9086.2405,307,1.174,6212.9609,0
1776614040000,5291.7,5292.5,5271.0,5291.0,0.922,1776614219999,4878.8504,188,0.555,2937.0262,0
1776614220000,5291.0,5291.6,5271.0,5289.0,1.456,1776614399999,7702.5971,299,0.696,3682.6187,0
1776614400000,5289.1,5289.4,5271.0,5288.8,1.497,1776614579999,7917.0531,303,0.531,2808.5422,0
1776614580000,5288.8,5289.4,5271.0,5285.5,1.63,1776614759999,8617.5824,311,0.270,1427.4167,0
1776614760000,5285.6,5286.7,5271.0,5283.6,1.607,1776614939999,8493.8136,361,0.331,1749.7996,0
1776614940000,5284.4,5285.5,5271.0,5285.4,1.75,1776615119999,9247.2802,357,0.931,4919.7497,0
1776615120000,5285.4,5285.4,5271.0,5283.4,1.692,1776615299999,8940.6628,334,0.460,2430.9740,0
1776615300000,5283.5,5285.5,5271.0,5285.5,1.748,1776615479999,9237.3858,410,1.456,7694.8680,0
1776615480000,5285.5,5286.9,5271.0,5286.9,1.875,1776615659999,9910.5209,427,1.186,6269.1917,0
1776615660000,5286.9,5287.9,5271.0,5286.8,1.467,1776615839999,7755.9761,373,1.103,5831.7053,0
1776615840000,5287.9,5287.9,5271.0,5286.6,2.059,1776616019999,10880.6211,366,0.027,142.7574,0
1776616020000,5286.7,5287.9,5270.9,5271.0,42.142,1776616199999,222142.6311,357,1.653,8723.2868,0
1776616200000,5271.0,5271.0,5270.9,5271.0,1.332,1776616379999,7020.9705,265,1.317,6941.9070,0
1776616380000,5271.0,5271.0,5270.9,5271.0,1.816,1776616559999,9572.1350,325,1.806,9519.4260,0
1776616560000,5271.0,5271.0,5270.9,5271.0,1.463,1776616739999,7711.4715,297,1.448,7632.4080,0
1776616740000,5271.0,5271.0,5270.9,5271.0,1.189,1776616919999,6267.2175,225,1.174,6188.1540,0
1776616920000,5271.0,5271.0,5270.9,5271.0,1.308,1776617099999,6894.4665,268,1.293,6815.4030,0
1776617100000,5271.0,5271.0,5270.9,5271.0,1.428,1776617279999,7526.9865,272,1.413,7447.9230,0
1776617280000,5271.0,5271.0,5270.9,5271.0,1.41,1776617459999,7432.1085,262,1.395,7353.0450,0
1776617460000,5271.0,5271.0,5270.9,5271.0,1.603,1776617639999,8449.4115,313,1.588,8370.3480,0
1776617640000,5271.0,5271.0,5270.9,5271.0,1.329,1776617819999,7005.1575,257,1.314,6926.0940,0
1776617820000,5271.0,5271.0,5270.9,5271.0,1.35,1776617999999,7115.8485,269,1.335,7036.7850,0
1776618000000,5271.0,5271.0,5270.9,5271.0,1.577,1776618179999,8312.3655,304,1.562,8233.3020,0
1776618180000,5271.0,5271.0,5270.9,5271.0,1.176,1776618359999,6198.6950,225,1.166,6145.9860,0
1776618360000,5271.0,5271.0,5270.9,5271.0,1.129,1776618539999,5950.9575,219,1.114,5871.8940,0
1776618540000,5271.0,5271.0,5270.9,5271.0,1.644,1776618719999,8665.5177,305,1.581,8333.4510,0
1776618720000,5271.0,5271.0,5270.9,5271.0,1.588,1776618899999,8370.3465,296,1.573,8291.2830,0
1776618900000,5271.0,5271.0,5270.9,5271.0,1.497,1776619079999,7890.6855,279,1.482,7811.6220,0
1776619080000,5271.0,5271.0,5270.9,5271.0,1.516,1776619259999,7990.8345,290,1.501,7911.7710,0
1776619260000,5271.0,5271.0,5270.9,5271.0,1.794,1776619439999,9456.1725,341,1.779,9377.1090,0
1776619440000,5271.0,5271.0,5270.9,5271.0,1.46,1776619619999,7695.6585,286,1.445,7616.5950,0
1776619620000,5271.0,5290.4,5270.9,5290.4,1.8,1776619799999,9493.8197,383,1.785,9414.7562,0
1776619800000,5290.4,5291.0,5270.9,5291.0,1.935,1776619979999,10237.3313,391,1.773,9380.5382,0
1776619980000,5291.0,5294.7,5290.9,5294.2,1.782,1776620159999,9430.5867,371,1.712,9060.0704,0
1776620160000,5294.7,5295.2,5290.9,5292.3,1.836,1776620339999,9718.3389,390,0.681,3604.7133,0
1776620340000,5292.3,5292.3,5288.7,5290.7,1.727,1776620519999,9135.5111,425,1.442,7627.8240,0
1776620520000,5290.7,5291.2,5288.7,5290.9,1.722,1776620699999,9110.1853,385,1.320,6983.7103,0
1776620700000,5290.9,5290.9,5270.9,5290.0,1.284,1776620879999,6791.9930,264,0.391,2068.4196,0
1776620880000,5290.1,5290.2,5270.9,5290.1,1.499,1776621059999,7928.6394,290,0.206,1089.6984,0
1776621060000,5290.1,5290.2,5270.9,5282.7,1.282,1776621239999,6775.8159,278,0.193,1020.8012,0
1776621240000,5283.7,5290.2,5270.9,5286.9,1.465,1776621419999,7746.4132,179,0.740,3914.6244,0
1776621420000,5290.2,5290.5,5270.9,5290.5,1.667,1776621599999,8816.0505,349,0.347,1835.6682,0
1776621600000,5290.5,5291.0,5270.9,5291.0,1.378,1776621779999,7289.9861,265,0.633,3349.0881,0
1776621780000,5291.0,5291.7,5270.9,5290.1,41.059,1776621959999,217261.2721,359,40.757,215663.8461,0
1776621960000,5290.1,5290.2,5270.9,5288.2,1.484,1776622139999,7848.5635,333,0.663,3506.7803,0
1776622140000,5288.8,5288.8,5270.9,5287.7,1.186,1776622319999,6271.2209,223,0.430,2273.8967,0
1776622320000,5287.7,5288.9,5270.9,5288.9,1.093,1776622499999,5779.5684,231,0.749,3961.0239,0
1776622500000,5288.9,5289.1,5270.9,5287.0,0.994,1776622679999,5256.1734,240,0.428,2263.4602,0
1776622680000,5287.3,5288.5,5270.9,5288.0,1.044,1776622859999,5520.1267,207,0.277,1464.7479,0
1776622860000,5288.0,5288.0,5270.9,5285.1,0.86,1776623039999,4546.3664,160,0.340,1797.7334,0
1776623040000,5285.2,5285.6,5270.9,5283.1,1.041,1776623219999,5500.5374,218,0.340,1796.3335,0
1776623220000,5283.1,5283.8,5270.9,5283.8,0.576,1776623399999,3043.0049,158,0.465,2456.7813,0
1776623400000,5283.8,5285.6,5270.9,5285.0,0.917,1776623579999,4845.9176,171,0.564,2980.5817,0
1776623580000,5285.6,5286.0,5270.9,5285.5,1.71,1776623759999,9037.0223,315,0.080,422.8640,0
1776623760000,5285.6,5287.1,5270.9,5287.1,1.548,1776623939999,8182.6568,299,1.098,5804.4581,0
1776623940000,5287.2,5287.3,5270.9,5286.3,1.374,1776624119999,7263.1508,273,0.611,3230.2275,0
1776624120000,5286.3,5286.9,5270.9,5285.1,1.559,1776624299999,8240.3261,337,0.887,4688.7717,0
1776624300000,5285.1,5286.9,5270.9,5284.4,1.663,1776624479999,8790.1283,353,0.654,3457.1371,0
1776624480000,5286.9,5286.9,5270.9,5285.6,1.284,1776624659999,6786.0515,258,0.015,79.3035,0
1776624660000,5286.9,5286.9,5270.9,5286.2,1.858,1776624839999,9820.9651,344,0.015,79.3035,0
1776624840000,5286.9,5287.5,5270.9,5284.7,1.909,1776625019999,10091.9572,471,1.073,5673.0123,0
1776625020000,5287.5,5287.5,5270.9,5285.7,2.107,1776625199999,11136.9064,414,0.046,243.1773,0
1776625200000,5287.5,5287.5,5270.9,5283.3,1.969,1776625379999,10400.4394,420,0.080,422.6480,0
1776625380000,5283.3,5287.6,5270.9,5285.0,6.74,1776625559999,35632.1205,374,4.738,25052.3212,0
1776625560000,5287.6,5287.6,5270.9,5287.3,1.942,1776625739999,10266.0258,361,0.015,79.3140,0
1776625740000,5287.6,5287.6,5270.9,5286.3,2.079,1776625919999,10989.8997,387,0.015,79.3140,0
1776625920000,5287.6,5288.0,5270.9,5287.8,1.918,1776626099999,10141.1004,410,0.458,2421.7992,0
1776626100000,5287.8,5287.9,5270.9,5286.9,1.905,1776626279999,10070.8075,437,1.024,5413.4202,0
1776626280000,5286.9,5286.9,5270.9,5282.6,1.857,1776626459999,9813.8169,401,0.627,3314.3379,0
1776626460000,5284.3,5286.9,5270.9,5286.7,1.899,1776626639999,10037.7613,389,1.749,9245.1930,0
1776626640000,5286.7,5287.2,5270.9,5287.2,1.776,1776626819999,9389.0669,410,1.241,6560.8933,0
1776626820000,5287.2,5288.3,5270.9,5287.4,1.786,1776626999999,9443.3146,463,1.676,8861.8726,0
1776627000000,5287.4,5288.1,5270.9,5287.6,1.858,1776627179999,9823.9172,389,1.357,7175.2626,0
1776627180000,5287.6,5289.2,5270.9,5289.2,1.789,1776627359999,9461.3566,375,0.902,4770.2382,0
1776627360000,5289.3,5290.0,5270.9,5288.8,1.641,1776627539999,8679.4765,314,0.723,3824.3677,0
1776627540000,5288.9,5289.4,5270.9,5289.4,1.824,1776627719999,9646.7929,387,1.128,5966.1575,0
1776627720000,5289.4,5289.9,5270.9,5289.9,1.346,1776627899999,7119.5104,265,0.876,4633.7605,0
1776627900000,5289.9,5290.0,5270.9,5288.8,1.328,1776628079999,7024.2644,274,0.620,3279.7353,0
1776628080000,5289.4,5289.7,5288.8,5289.3,1.057,1776628259999,5590.7309,239,0.405,2142.2242,0
1776628260000,5289.7,5289.7,5270.9,5288.0,0.814,1776628439999,4304.8160,172,0.099,523.6093,0
1776628440000,5288.7,5288.7,5270.9,5286.9,1.486,1776628619999,7856.4483,317,0.714,3774.8826,0
1776628620000,5286.9,5288.2,5270.9,5287.2,1.984,1776628799999,10490.1264,410,0.757,4002.7138,0
1776628800000,5288.2,5288.2,5270.9,5288.1,1.846,1776628979999,9759.8734,354,0.104,549.9728,0
1776628980000,5288.2,5288.2,5270.9,5284.9,2.003,1776629159999,10587.0299,400,0.540,2854.4355,0
1776629160000,5284.9,5287.7,5270.9,5287.7,2.026,1776629339999,10708.6234,441,1.431,7564.6209,0
1776629340000,5287.7,5288.0,5270.9,5286.7,1.969,1776629519999,10410.6563,396,1.143,6043.6925,0
1776629520000,5286.8,5287.9,5286.0,5286.0,1.98,1776629699999,10467.2687,473,0.629,3325.5613,0
1776629700000,5286.0,5288.8,5286.0,5287.3,2.064,1776629879999,10913.5145,454,1.433,7576.9699,0
1776629880000,5287.9,5288.8,5270.9,5286.5,1.962,1776630059999,10371.4383,392,0.015,79.3302,0
1776630060000,5288.8,5288.8,5270.9,5287.2,1.941,1776630239999,10260.8009,376,0.015,79.3320,0
1776630240000,5288.8,5288.8,5270.9,5287.4,2.043,1776630419999,10801.2673,427,0.172,909.4374,0
1776630420000,5287.4,5288.8,5270.9,5287.2,1.984,1776630599999,10488.9933,462,0.096,507.5758,0
1776630600000,5287.2,5288.8,5270.9,5286.1,1.833,1776630779999,9690.7474,367,0.015,79.3304,0
1776630780000,5288.8,5288.8,5270.9,5285.6,1.999,1776630959999,10566.9967,419,0.054,285.4704,0
1776630960000,5285.6,5288.9,5270.9,5288.9,2.013,1776631139999,10643.4798,386,0.330,1745.2915,0
1776631140000,5288.9,5291.8,5270.9,5291.8,2.051,1776631319999,10849.5877,434,1.893,10014.2347,0
1776631320000,5291.8,5292.2,5270.9,5288.5,65.617,1776631499999,347248.8663,483,64.713,342465.9034,0
1776631500000,5292.2,5292.2,5270.9,5289.9,1.923,1776631679999,10169.7898,373,0.015,79.3830,0
1776631680000,5292.2,5292.5,5270.9,5292.4,6.624,1776631859999,35054.8638,363,5.250,27784.0992,0
1776631860000,5292.5,5293.0,5292.1,5293.0,85.042,1776632039999,450087.4864,384,84.221,445742.6487,0
1776632040000,5293.0,5293.1,5292.8,5293.1,6.051,1776632219999,32028.2569,388,4.987,26396.6144,0
1776632220000,5293.1,5296.0,5293.1,5296.0,106.592,1776632399999,564346.4036,480,106.435,563515.0931,0
1776632400000,5296.0,5296.7,5295.3,5296.7,17.537,1776632579999,92882.6711,439,16.147,85521.0095,0
1776632580000,5296.7,5298.0,5296.6,5296.9,31.951,1776632759999,169241.2266,454,19.240,101913.1792,0
1776632760000,5296.9,5297.5,5295.8,5295.8,26.568,1776632939999,140719.0912,454,5.993,31745.1806,0
1776632940000,5296.3,5296.3,5293.6,5293.6,59.374,1776633119999,314364.0882,402,0.361,1911.1400,0
1776633120000,5293.7,5293.7,5290.2,5290.6,113.265,1776633299999,599373.9609,486,0.418,2211.5739,0
1776633300000,5290.7,5293.7,5290.6,5293.7,161.101,1776633479999,852502.9038,505,160.384,848708.4309,0
1776633480000,5293.7,5293.8,5292.4,5292.4,1.894,1776633659999,10025.9059,458,0.980,5187.8805,0
1776633660000,5293.8,5294.1,5291.9,5293.9,2.05,1776633839999,10851.5226,419,0.476,2519.8735,0
1776633840000,5293.9,5294.5,5293.0,5293.3,2.23,1776634019999,11805.2973,410,1.617,8560.4182,0
1776634020000,5293.5,5294.2,5292.0,5293.1,2.056,1776634199999,10882.2788,367,0,0,0
1776634200000,5293.1,5293.3,5291.0,5292.5,1.947,1776634379999,10303.7346,361,0,0,0
1776634380000,5292.5,5293.1,5292.5,5292.7,1.998,1776634559999,10575.1181,380,0,0,0
1776634560000,5292.7,5292.7,5290.7,5290.7,1.985,1776634739999,10503.6295,381,0,0,0
1776634740000,5290.7,5294.5,5290.1,5291.1,2.004,1776634919999,10602.8100,475,0.062,328.0522,0
1776634920000,5291.1,5294.5,5289.1,5289.1,2.132,1776635099999,11279.4620,457,0.062,328.2306,0
1776635100000,5294.5,5294.5,5288.9,5290.0,1.952,1776635279999,10325.5801,415,0.062,328.0420,0
1776635280000,5290.0,5294.5,5288.9,5290.1,2.058,1776635459999,10887.1552,415,0.005,26.4725,0
1776635460000,5294.5,5294.5,5287.4,5289.9,2.04,1776635639999,10790.0408,400,0.015,79.4175,0
1776635640000,5294.5,5294.5,5287.4,5289.5,2.093,1776635819999,11072.1485,387,0.109,577.1005,0
1776635820000,5294.5,5294.5,5287.4,5290.4,2.076,1776635999999,10980.1812,423,0.049,259.2485,0
1776636000000,5294.5,5294.5,5287.4,5290.3,1.708,1776636179999,9038.1078,354,0.043,227.6073,0
1776636180000,5294.5,5294.5,5282.2,5282.2,2.148,1776636359999,11360.7627,407,0.215,1138.2851,0
1776636360000,5294.5,5294.5,5282.2,5286.8,1.992,1776636539999,10528.5359,391,0.039,206.2931,0
1776636540000,5294.5,5294.5,5282.2,5287.7,1.964,1776636719999,10383.2273,390,0.031,164.0062,0
1776636720000,5287.7,5294.5,5282.2,5291.0,2.097,1776636899999,11093.5887,386,0.015,79.4107,0
1776636900000,5294.5,5294.6,5282.2,5293.6,1.821,1776637079999,9639.1980,377,0.286,1514.2489,0
1776637080000,5293.7,5294.5,5282.2,5294.2,2.032,1776637259999,10756.8365,452,1.250,6617.3846,0
1776637260000,5294.4,5295.8,5282.2,5294.4,1.931,1776637439999,10224.2745,379,1.245,6592.2356,0
1776637440000,5294.4,5294.9,5282.2,5294.0,2.011,1776637619999,10645.6302,420,0.869,4600.6981,0
1776637620000,5294.9,5294.9,5282.2,5288.9,1.966,1776637799999,10402.6218,417,0.527,2788.7105,0
1776637800000,5289.0,5289.5,5282.2,5285.6,1.688,1776637979999,8926.7313,377,0.352,1861.6211,0
1776637980000,5286.8,5288.2,5282.2,5286.7,1.599,1776638159999,8453.4332,324,0.116,613.3215,0
1776638160000,5286.7,5288.2,5282.2,5285.2,1.974,1776638339999,10437.1959,365,0.886,4685.0533,0
1776638340000,5286.8,5286.8,5282.2,5285.4,1.869,1776638519999,9878.9853,398,0.275,1453.6698,0
1776638520000,5285.5,5285.5,5282.2,5283.0,1.717,1776638699999,9073.5173,399,0.299,1580.1293,0
1776638700000,5283.1,5283.1,5282.4,5282.5,1.878,1776638879999,9920.4261,577,0.471,2488.0605,0
1776638880000,5282.5,5282.5,5281.0,5281.5,33.4,1776639059999,176415.9381,426,14.161,74793.5035,0
1776639060000,5282.1,5283.0,5281.3,5282.9,70.21,1776639239999,370881.0778,438,69.432,366771.9162,0
1776639240000,5283.0,5283.1,5282.4,5282.4,6.524,1776639419999,34465.9045,434,4.770,25200.3398,0
1776639420000,5283.1,5283.2,5282.4,5282.7,30.795,1776639599999,162693.4561,303,29.413,155392.6192,0
1776639600000,5283.2,5285.4,5282.7,5285.4,296.384,1776639779999,1566031.0230,493,296.323,1565708.7414,0
1776639780000,5285.4,5286.6,5285.3,5286.5,18.806,1776639959999,99401.2344,312,18.496,97762.4254,0
1776639960000,5286.5,5288.2,5286.5,5288.2,58.364,1776640139999,308579.2852,483,58.045,306892.4655,0
1776640140000,5288.2,5288.7,5287.8,5288.7,54.293,1776640319999,287112.9205,253,53.540,283131.1917,0
1776640320000,5288.7,5290.3,5288.7,5290.3,152.856,1776640499999,808485.2084,278,152.851,808458.7588,0
1776640500000,5290.3,5290.5,5289.1,5289.1,50.491,1776640679999,267055.2160,477,0.659,3486.0624,0
1776640680000,5289.7,5289.7,5285.4,5285.4,275.507,1776640859999,1456882.4345,565,0.480,2537.3540,0
1776640860000,5285.5,5285.5,5284.3,5284.7,284.472,1776641039999,1503430.8655,538,0.234,1236.7350,0
1776641040000,5284.8,5286.6,5284.3,5285.8,2.074,1776641219999,10962.4996,473,1.388,7336.3187,0
1776641220000,5285.9,5286.4,5284.0,5284.1,86.339,1776641399999,456225.9177,438,0.549,2901.4281,0
1776641400000,5284.1,5284.2,5282.9,5282.9,98.721,1776641579999,521577.1481,526,0.286,1511.2519,0
1776641580000,5283.0,5284.0,5282.5,5282.8,32.172,1776641759999,169967.4525,531,24.877,131430.3948,0
1776641760000,5282.8,5283.2,5279.3,5279.3,2.12,1776641939999,11194.7798,477,0.015,79.2480,0
1776641940000,5283.2,5283.2,5277.3,5277.3,2.181,1776642119999,11512.0762,482,0.015,79.2480,0
1776642120000,5283.2,5283.2,5277.2,5278.7,2.034,1776642299999,10735.7802,409,0.015,79.2480,0
1776642300000,5283.2,5283.4,5278.6,5283.0,2.079,1776642479999,10977.4491,399,0.095,501.9108,0
1776642480000,5283.4,5283.8,5282.9,5283.3,48.221,1776642659999,254773.0206,438,47.103,248866.2982,0
1776642660000,5283.8,5283.8,5282.1,5283.6,2.158,1776642839999,11401.0305,442,0.026,137.3713,0
1776642840000,5283.8,5284.0,5282.1,5282.5,1.918,1776643019999,10132.9164,438,0.592,3127.9108,0
1776643020000,5282.5,5282.9,5280.4,5280.4,66.996,1776643199999,353835.8869,476,0.578,3052.9547,0
1776643200000,5280.5,5281.0,5278.1,5281.0,200.797,1776643379999,1060094.0469,469,1.217,6425.9894,0
1776643380000,5281.0,5284.0,5278.1,5282.8,1.989,1776643559999,10506.4229,414,1.523,8045.0950,0
1776643560000,5284.0,5285.6,4950.0,5285.5,9006.209,1776643739999,47492527.3047,849,58.910,311366.1619,0
1776643740000,5285.5,5285.5,5284.4,5284.5,125.989,1776643919999,665812.6585,534,0.807,4265.1200,0
1776643920000,5284.5,5284.7,5284.1,5284.7,212.483,1776644099999,1122869.5770,561,200.126,1057572.2410,0
1776644100000,5284.7,5284.7,5282.4,5282.4,2.04,1776644279999,10779.1301,432,0.139,734.5733,0
1776644280000,5284.7,5284.7,5282.4,5284.7,2.005,1776644459999,10594.0599,389,0.388,2050.4432,0
1776644460000,5284.7,5285.2,5284.2,5284.9,123.308,1776644639999,651626.7306,452,10.664,56358.6178,0
1776644640000,5285.0,5285.0,5283.0,5283.6,144.177,1776644819999,761803.4360,454,0.553,2922.0742,0
1776644820000,5283.6,5283.7,5280.9,5280.9,298.326,1776644999999,1575894.0433,616,0.060,317.0065,0
1776645000000,5280.9,5281.0,5279.1,5279.1,111.624,1776645179999,589438.4573,567,0.015,79.2145,0
1776645180000,5279.3,5279.3,5278.1,5278.1,72.913,1776645359999,384914.0628,644,0.156,823.5512,0
1776645360000,5278.2,5281.1,5278.1,5281.1,1.77,1776645539999,9345.1922,363,1.532,8088.4317,0
1776645540000,5281.1,5283.0,5278.1,5283.0,1.997,1776645719999,10548.4631,442,1.728,9127.6181,0
1776645720000,5283.0,5283.0,5277.5,5278.7,130.182,1776645899999,687061.6081,591,0.811,4282.0067,0
1776645900000,5278.7,5280.0,5277.5,5280.0,2.118,1776646079999,11181.9719,407,2.103,11102.8094,0
1776646080000,5280.0,5280.0,5277.0,5277.0,2.99,1776646259999,15780.4117,515,0.072,380.1444,0
1776646260000,5277.1,5279.1,5277.0,5278.1,2.025,1776646439999,10688.2368,400,1.012,5341.7226,0
1776646440000,5278.5,5279.2,5277.0,5279.1,1.996,1776646619999,10535.7243,423,0.239,1261.6927,0
1776646620000,5279.2,5279.7,5277.0,5279.7,2.51,1776646799999,13249.9293,403,1.449,7649.3384,0
1776646800000,5279.7,5279.7,5277.0,5277.0,1.98,1776646979999,10450.4893,399,0.081,427.5570,0
1776646980000,5279.7,5279.7,5277.0,5277.4,1.906,1776647159999,10058.9703,405,0.005,26.3985,0
1776647160000,5279.7,5279.7,5276.6,5276.6,2.007,1776647339999,10591.5463,404,0.010,52.7970,0
1776647340000,5276.6,5276.7,5276.6,5276.6,1.948,1776647519999,10278.8353,361,0,0,0
1776647520000,5279.7,5279.7,5274.5,5274.5,2.06,1776647699999,10868.5071,548,0.015,79.1955,0
1776647700000,5274.5,5279.7,5274.5,5275.3,1.869,1776647879999,9861.3691,467,0.005,26.3985,0
1776647880000,5275.3,5279.7,5275.3,5275.9,1.884,1776648059999,9939.6548,342,0.005,26.3985,0
1776648060000,5275.9,5276.8,5275.3,5275.4,1.986,1776648239999,10478.3101,398,0,0,0
1776648240000,5275.4,5277.8,5275.4,5277.0,2.006,1776648419999,10584.3436,411,0.034,179.4412,0
1776648420000,5277.8,5279.7,5276.1,5276.1,2.092,1776648599999,11039.0742,429,0.005,26.3966,0
1776648600000,5276.1,5279.7,5273.6,5275.6,1.84,1776648779999,9706.2121,395,0.041,216.2494,0
1776648780000,5279.7,5279.7,5273.6,5277.2,1.987,1776648959999,10483.6553,387,0.015,79.1955,0
1776648960000,5279.7,5280.2,5273.6,5280.2,2.002,1776649139999,10568.6569,474,0.746,3938.8850,0
1776649140000,5280.2,5280.4,5273.6,5280.4,2.064,1776649319999,10897.7231,431,1.507,7957.4319,0
1776649320000,5280.4,5283.1,5273.6,5283.1,1.927,1776649499999,10177.5400,465,1.789,9449.0083,0
1776649500000,5283.1,5284.9,5273.6,5283.5,1.977,1776649679999,10446.0207,402,1.573,8311.6001,0
1776649680000,5284.9,5285.9,5273.6,5284.5,1.782,1776649859999,9417.6819,368,1.139,6019.9520,0
1776649860000,5284.7,5286.5,5273.6,5285.2,1.925,1776650039999,10174.9256,411,1.093,5777.5561,0
1776650040000,5285.3,5286.0,5273.6,5283.3,2.062,1776650219999,10897.0334,393,0.428,2262.2037,0
1776650220000,5283.4,5285.6,5273.6,5285.6,2.134,1776650399999,11276.6303,399,1.881,9940.1659,0
1776650400000,5285.6,5286.7,5273.6,5286.7,2.077,1776650579999,10979.1460,406,1.993,10535.2942,0
1776650580000,5286.7,5287.1,5273.6,5286.7,2.04,1776650759999,10783.7392,396,1.536,8119.7777,0
1776650760000,5286.7,5289.3,5273.6,5289.1,2.259,1776650939999,11945.4691,438,1.768,9348.7892,0
1776650940000,5289.3,5289.4,5273.6,5289.4,1.982,1776651119999,10482.9001,425,0.391,2068.1243,0
1776651120000,5289.4,5290.8,5273.6,5290.8,2.192,1776651299999,11594.1654,515,1.604,8484.3710,0
1776651300000,5290.8,5292.0,5273.6,5289.1,2.035,1776651479999,10764.7501,476,0.575,3042.3612,0
1776651480000,5289.1,5292.0,5273.6,5289.5,2.009,1776651659999,10626.0177,383,0.015,79.3742,0
1776651660000,5292.0,5292.0,5273.6,5290.0,1.992,1776651839999,10535.9190,385,0.015,79.3800,0
1776651840000,5292.0,5292.0,5273.6,5291.9,2.056,1776652019999,10878.4249,397,0.037,195.8040,0
1776652020000,5292.0,5292.3,5273.6,5292.3,2.141,1776652199999,11330.2027,443,1.537,8134.1615,0
1776652200000,5292.3,5292.3,5273.6,5291.9,2.162,1776652379999,11441.1310,407,0.863,4567.2272,0
1776652380000,5292.0,5292.1,5273.6,5291.8,2.015,1776652559999,10662.9368,409,0.810,4286.5745,0
1776652560000,5292.1,5292.2,5273.6,5292.2,1.97,1776652739999,10424.8266,366,0.558,2953.0271,0
1776652740000,5292.2,5292.3,5273.6,5292.2,1.931,1776652919999,10218.9645,369,1.900,10055.1853,0
1776652920000,5292.3,5292.3,5273.6,5292.2,1.888,1776653099999,9991.4788,489,0.378,2000.4800,0
1776653100000,5292.2,5292.3,5273.6,5291.9,2.081,1776653279999,11012.0645,372,0.361,1910.3877,0
1776653280000,5292.0,5292.2,5273.6,5286.5,2.08,1776653459999,11001.8927,392,1.671,8839.2996,0
1776653460000,5286.5,5287.5,5273.6,5287.5,2.148,1776653639999,11356.3777,409,0.966,5107.2311,0
1776653640000,5287.5,5287.8,5273.6,5287.1,2.127,1776653819999,11246.3092,455,0.754,3986.8672,0
1776653820000,5287.2,5287.2,5273.6,5285.3,1.968,1776653999999,10401.4177,441,0.815,4307.5474,0
1776654000000,5285.4,5285.4,5273.6,5284.2,1.821,1776654179999,9622.3163,428,0.769,4063.4819,0
1776654180000,5284.3,5284.6,5273.6,5284.6,1.916,1776654359999,10124.4232,451,0.474,2504.7438,0
1776654360000,5284.6,5285.5,5273.6,5282.3,2.13,1776654539999,11255.3550,466,1.278,6754.2897,0
1776654540000,5282.4,5283.8,5273.6,5280.4,2.031,1776654719999,10726.2305,409,0.565,2984.2989,0
1776654720000,5280.6,5280.7,5273.6,5280.7,2.022,1776654899999,10676.4453,417,1.001,5285.6310,0
1776654900000,5280.7,5280.7,5273.6,5280.7,2.124,1776655079999,11214.7031,445,1.122,5924.5229,0
1776655080000,5280.7,5282.6,5273.6,5282.6,2.171,1776655259999,11466.6536,464,1.942,10257.2095,0
1776655260000,5282.6,5284.4,5273.6,5282.0,2.073,1776655439999,10951.5906,394,0.447,2361.8011,0
1776655440000,5284.4,5284.4,5273.6,5283.7,2.07,1776655619999,10935.6736,420,0.057,301.1804,0
1776655620000,5283.7,5285.7,5273.6,5285.7,2.004,1776655799999,10590.6859,397,1.914,10115.3044,0
1776655800000,5285.7,5285.7,5273.6,5283.7,1.739,1776655979999,9188.3677,383,0.628,3318.2816,0
1776655980000,5283.7,5284.5,5273.6,5284.5,2.065,1776656159999,10911.9221,415,2.050,10832.8181,0
1776656160000,5284.5,5285.5,5273.6,5285.5,1.75,1776656339999,9247.7769,348,0.979,5173.7539,0
1776656340000,5285.5,5286.2,5273.6,5286.2,1.894,1776656519999,10010.8935,414,1.879,9931.7895,0
1776656520000,5286.2,5286.4,5273.6,5286.4,1.535,1776656699999,8114.2999,313,1.336,7062.5283,0
1776656700000,5286.4,5288.5,5273.6,5288.5,1.736,1776656879999,9179.2235,425,1.691,8941.4675,0
1776656880000,5288.5,5288.8,5273.6,5288.8,1.446,1776657059999,7646.9678,306,0.891,4712.0686,0
1776657060000,5288.8,5288.8,5273.6,5284.2,0.982,1776657239999,5191.6542,196,0.241,1274.4028,0
1776657240000,5284.5,5284.9,5273.6,5282.2,1.542,1776657419999,8147.1001,341,0.247,1305.0022,0
1776657420000,5282.2,5284.9,5273.6,5284.9,1.58,1776657599999,8348.4857,347,1.393,7360.4133,0
1776657600000,5284.9,5286.1,5273.6,5285.0,6.276,1776657779999,33114.9966,297,0.518,2737.9143,0
1776657780000,5286.1,5286.1,5273.6,5285.6,1.806,1776657959999,9544.7874,408,0.121,639.5318,0
1776657960000,5285.6,5286.1,5273.6,5285.6,1.912,1776658139999,10106.2930,447,0.522,2759.2857,0
1776658140000,5285.7,5285.7,5273.6,5283.0,1.994,1776658319999,10538.3665,456,0.510,2695.6342,0
1776658320000,5283.1,5283.2,5273.6,5282.4,1.799,1776658499999,9503.1442,422,0.513,2709.8761,0
1776658500000,5282.4,5282.4,5273.6,5281.7,1.637,1776658679999,8645.8390,352,0.623,3290.4681,0
1776658680000,5281.7,5284.1,5273.6,5284.1,1.88,1776658859999,9931.1707,425,1.370,7237.4524,0
1776658860000,5284.1,5285.9,5273.6,5285.9,1.238,1776659039999,6543.0044,265,0.865,4571.5840,0
1776659040000,5285.9,5286.4,5273.6,5286.1,1.55,1776659219999,8193.4203,328,0.874,4620.2090,0
1776659220000,5286.4,5286.4,5273.6,5286.2,0.876,1776659399999,4630.3184,164,0.309,1633.4404,0
1776659400000,5286.2,5286.2,5273.6,5285.6,1.557,1776659579999,8229.5502,375,0.706,3731.8068,0
1776659580000,5285.9,5286.2,5273.6,5282.8,1.046,1776659759999,5528.6054,200,0.512,2706.5164,0
1776659760000,5286.2,5286.2,5273.6,5284.7,0.789,1776659939999,4169.4470,156,0.010,52.8620,0
1776659940000,5286.2,5286.2,5273.6,5285.6,1.782,1776660119999,9418.4585,337,0.015,79.2930,0
1776660120000,5286.2,5286.2,5273.6,5284.8,1.892,1776660299999,9998.7590,368,0.015,79.2930,0
1776660300000,5284.8,5286.2,5273.6,5283.2,1.653,1776660479999,8734.6425,327,0.015,79.2930,0
1776660480000,5286.2,5286.2,5273.6,5283.1,1.946,1776660659999,10282.4368,450,0.122,644.6301,0
1776660660000,5283.1,5286.2,5273.6,5284.4,1.987,1776660839999,10499.2278,428,0.078,412.1913,0
1776660840000,5284.4,5286.2,5273.6,5284.1,2.085,1776661019999,11017.8554,379,0.015,79.2912,0
1776661020000,5284.1,5286.2,5273.6,5284.2,2.166,1776661199999,11445.1290,405,0.010,52.8620,0
1776661200000,5286.2,5286.2,5273.6,5282.4,1.927,1776661379999,10180.3652,374,0.017,89.8597,0
1776661380000,5282.4,5286.2,5273.6,5282.6,1.872,1776661559999,9888.6804,385,0.028,147.9248,0
1776661560000,5282.6,5288.6,5273.6,5288.6,1.908,1776661739999,10084.5897,385,0.760,4018.2607,0
1776661740000,5288.6,5290.7,5273.6,5289.3,2.178,1776661919999,11519.2102,402,0.973,5146.5149,0
1776661920000,5289.3,5290.0,5273.6,5288.9,1.528,1776662099999,8082.1317,281,0,0,0
1776662100000,5290.7,5290.7,5273.6,5290.6,1.537,1776662279999,8130.2541,299,0.048,253.9536,0
1776662280000,5290.7,5290.9,5273.6,5290.9,1.679,1776662459999,8882.6944,360,0.484,2560.6912,0
1776662460000,5290.9,5291.2,5273.6,5290.6,1.849,1776662639999,9782.3101,360,0.374,1978.8255,0
1776662640000,5290.6,5291.6,5273.6,5290.4,1.833,1776662819999,9698.2363,349,0.832,4402.4296,0
1776662820000,5290.6,5291.3,5273.6,5290.2,1.727,1776662999999,9136.7796,416,0.449,2375.6677,0
1776663000000,5290.3,5290.9,5273.6,5290.9,1.852,1776663179999,9797.4600,461,0.685,3623.9589,0
1776663180000,5290.9,5291.3,5273.6,5289.8,1.684,1776663359999,8909.0643,330,0.637,3370.3585,0
1776663360000,5289.8,5291.3,5273.6,5290.3,1.845,1776663539999,9759.9343,390,0.081,428.5001,0
1776663540000,5291.3,5291.3,5273.6,5290.3,1.685,1776663719999,8913.9869,334,0.041,216.9190,0
1776663720000,5290.4,5291.5,5273.6,5291.5,1.663,1776663899999,8797.8501,329,0.503,2661.6004,0
1776663900000,5291.5,5292.6,5273.6,5292.0,2.018,1776664079999,10679.4097,436,1.295,6853.3993,0
1776664080000,5292.1,5292.2,5273.6,5292.1,1.968,1776664259999,10414.6971,378,1.286,6805.6410,0
1776664260000,5292.1,5292.1,5290.9,5290.9,1.963,1776664439999,10387.6967,482,0.857,4535.3297,0
1776664440000,5291.2,5291.2,5273.6,5288.9,2.025,1776664619999,10710.7890,461,0.333,1761.4099,0
1776664620000,5289.0,5291.9,5273.6,5291.5,2.205,1776664799999,11666.0128,418,1.761,9316.9539,0
1776664800000,5291.5,5291.5,5273.6,5288.7,1.838,1776664979999,9723.5965,355,0.585,3095.1038,0
1776664980000,5288.7,5290.6,5273.6,5290.0,2.034,1776665159999,10758.9199,423,1.288,6813.2648,0
1776665160000,5290.0,5290.5,5287.5,5287.6,2.049,1776665339999,10835.9065,516,0.566,2993.0850,0
1776665340000,5287.6,5287.6,5287.0,5287.6,1.922,1776665519999,10162.5421,458,1.131,5980.2696,0
1776665520000,5287.6,5289.4,5273.6,5289.4,2.196,1776665699999,11614.1452,451,2.191,11587.7368,0
1776665700000,5289.4,5289.8,5273.6,5289.4,1.959,1776665879999,10361.9969,419,1.191,6299.8614,0
1776665880000,5289.3,5289.4,5273.6,5287.8,1.94,1776666059999,10258.7107,365,0.174,920.0777,0
1776666060000,5287.8,5287.8,5273.6,5286.6,1.706,1776666239999,9019.3144,434,0.462,2442.4851,0
1776666240000,5286.6,5286.6,5284.5,5284.5,1.705,1776666419999,9012.3366,403,0.753,3980.4690,0
1776666420000,5284.8,5284.8,5273.6,5284.7,1.742,1776666599999,9205.8925,407,0.484,2557.8249,0
1776666600000,5284.8,5284.8,5273.6,5280.8,1.64,1776666779999,8663.1778,443,0.104,549.3851,0
1776666780000,5280.8,5282.0,5273.6,5282.0,1.875,1776666959999,9901.1746,391,0.975,5149.1244,0
1776666960000,5282.0,5285.7,5273.6,5285.2,1.979,1776667139999,10456.4399,440,1.650,8718.2116,0
1776667140000,5285.2,5287.2,5273.6,5287.2,1.64,1776667319999,8668.5406,339,1.285,6792.3770,0
1776667320000,5287.2,5288.6,5273.6,5286.1,1.746,1776667499999,9231.8347,378,1.013,5356.4341,0
1776667500000,5286.1,5287.7,5273.6,5287.6,2.084,1776667679999,11018.3365,425,1.342,7095.6823,0
1776667680000,5287.7,5287.9,5285.9,5286.3,1.989,1776667859999,10515.3052,364,0.186,983.5228,0
1776667860000,5286.3,5287.7,5286.1,5286.1,2.01,1776668039999,10626.6731,367,0,0,0
1776668040000,5286.1,5288.0,5273.6,5285.9,1.917,1776668219999,10132.0743,366,0.005,26.4400,0
1776668220000,5285.5,5287.0,5284.9,5286.5,2.103,1776668399999,11116.7676,374,0,0,0
1776668400000,5286.5,5288.0,5285.8,5287.0,2.06,1776668579999,10890.8980,371,0.016,84.6080,0
1776668580000,5287.0,5288.0,5273.6,5284.2,1.988,1776668759999,10506.6578,377,0.005,26.4400,0
1776668760000,5284.2,5285.6,5283.1,5284.3,1.944,1776668939999,10272.8001,367,0,0,0
1776668940000,5284.3,5288.0,5273.6,5284.0,1.931,1776669119999,10204.4692,400,0.036,190.2560,0
1776669120000,5284.1,5284.6,5283.3,5283.4,1.972,1776669299999,10419.7320,361,0,0,0
1776669300000,5283.4,5284.0,5281.4,5283.0,1.984,1776669479999,10481.0249,365,0,0,0
1776669480000,5283.0,5283.6,5282.0,5282.0,1.949,1776669659999,10296.2787,369,0,0,0
1776669660000,5282.2,5288.0,5273.6,5276.8,1.764,1776669839999,9314.5961,317,0.005,26.4400,0
1776669840000,5276.8,5288.0,5264.8,5264.9,9.744,1776670019999,51315.0929,362,0.010,52.8800,0
1776670020000,5288.0,5288.0,5263.7,5266.3,1.917,1776670199999,10094.4015,368,0.010,52.8800,0
1776670200000,5266.3,5288.0,5263.7,5268.8,1.95,1776670379999,10275.0309,369,0.018,94.9332,0
1776670380000,5269.0,5288.0,5263.7,5271.3,1.954,1776670559999,10298.7935,369,0.010,52.8800,0
1776670560000,5288.0,5288.0,5263.7,5277.5,1.854,1776670739999,9779.3543,394,0.048,253.4775,0
1776670740000,5277.5,5288.0,5263.7,5277.4,1.932,1776670919999,10193.5902,384,0.015,79.3095,0
1776670920000,5288.0,5288.0,5263.7,5278.2,6.821,1776671099999,35935.2956,402,0.094,496.3680,0
1776671100000,5288.0,5288.0,5263.7,5276.9,1.992,1776671279999,10513.7182,374,0.010,52.8800,0
1776671280000,5288.0,5288.0,5263.7,5278.2,1.868,1776671459999,9858.1543,377,0.051,269.3236,0
1776671460000,5278.2,5288.0,5276.6,5280.8,1.641,1776671639999,8664.8342,351,0.156,823.7752,0
1776671640000,5280.8,5280.9,5263.7,5277.0,2.466,1776671819999,13003.8058,297,0,0,0
1776671820000,5277.0,5277.0,5272.1,5272.1,1.848,1776671999999,9747.2122,326,0,0,0
1776672000000,5270.7,5288.0,5269.2,5270.0,2.632,1776672179999,13889.5100,315,0.946,5002.4212,0
1776672180000,5270.0,5272.1,5263.7,5272.1,2.913,1776672359999,15347.5983,432,0.508,2678.1202,0
1776672360000,5272.1,5274.3,5270.4,5273.3,2.001,1776672539999,10549.8570,448,0.398,2098.5142,0
1776672540000,5273.3,5273.3,5270.2,5270.5,2.085,1776672719999,10989.7161,401,1.307,6888.5435,0
1776672720000,5270.5,5270.5,5270.5,5270.5,2.038,1776672899999,10741.2790,379,2.038,10741.2790,0
1776672900000,5270.5,5270.5,5270.5,5270.5,2.171,1776673079999,11442.2555,387,2.171,11442.2555,0
1776673080000,5270.5,5270.5,5269.1,5270.5,2.06,1776673259999,10856.8631,389,1.785,9407.7357,0
1776673260000,5270.5,5270.5,5269.1,5270.5,2.112,1776673439999,11129.8405,381,0.902,4753.9910,0
1776673440000,5270.5,5270.5,5265.4,5270.5,2.081,1776673619999,10964.7812,383,0.478,2519.1590,0
1776673620000,5270.5,5270.5,5263.7,5270.5,2.142,1776673799999,11289.3090,409,2.127,11210.3535,0
1776673800000,5270.5,5270.5,5263.7,5270.5,2.037,1776673979999,10735.9065,399,2.022,10656.9510,0
1776673980000,5270.5,5270.5,5263.7,5270.5,2.228,1776674159999,11742.5720,407,2.213,11663.6165,0
1776674160000,5270.5,5270.5,5263.7,5270.5,2.19,1776674339999,11542.2930,405,2.175,11463.3375,0
1776674340000,5270.5,5270.5,5263.7,5270.5,2.156,1776674519999,11363.0960,407,2.141,11284.1405,0
1776674520000,5270.5,5280.3,5263.7,5280.3,2.175,1776674699999,11472.6768,521,2.160,11393.7213,0
1776674700000,5280.3,5280.6,5263.7,5280.6,1.827,1776674879999,9646.2252,433,0.674,3558.9570,0
1776674880000,5280.6,5280.6,5263.7,5274.1,1.973,1776675059999,10411.0562,420,0.413,2178.4078,0
1776675060000,5274.1,5276.4,5263.7,5276.4,1.953,1776675239999,10303.1053,433,1.725,9100.3555,0
1776675240000,5276.4,5278.0,5263.7,5276.6,1.957,1776675419999,10327.5041,468,1.383,7298.7691,0
1776675420000,5276.7,5276.7,5263.7,5276.5,1.988,1776675599999,10488.1980,427,1.033,5450.1361,0
1776675600000,5276.5,5277.6,5263.7,5276.9,1.985,1776675779999,10474.9113,387,1.269,6696.8517,0
1776675780000,5277.1,5277.6,5263.7,5276.1,1.985,1776675959999,10474.0647,441,0.244,1287.6801,0
1776675960000,5276.1,5277.7,5263.7,5276.5,1.784,1776676139999,9413.9476,374,0.562,2965.8785,0
1776676140000,5277.7,5279.2,5263.7,5279.2,1.772,1776676319999,9351.5920,464,0.620,3272.4676,0
1776676320000,5279.2,5280.1,5263.7,5278.8,1.728,1776676499999,9122.3655,402,0.313,1652.4123,0
1776676500000,5278.8,5280.9,5263.7,5277.5,1.734,1776676679999,9154.0643,381,0.822,4340.1282,0
1776676680000,5277.6,5280.4,5263.7,5279.6,1.628,1776676859999,8593.3696,324,0.951,5020.4695,0
1776676860000,5280.3,5280.3,5263.7,5277.9,1.784,1776677039999,9416.2622,348,0.182,960.6565,0
1776677040000,5278.0,5278.8,5263.7,5275.7,1.905,1776677219999,10054.1158,362,0.403,2127.2459,0
1776677220000,5276.1,5277.6,5263.7,5276.7,1.979,1776677399999,10442.7242,414,0.718,3788.9810,0
1776677400000,5276.7,5276.7,5263.7,5274.4,1.961,1776677579999,10342.5846,451,0.620,3270.0533,0
1776677580000,5274.4,5275.0,5263.7,5274.6,2.014,1776677759999,10622.8036,390,1.498,7901.4098,0
1776677760000,5274.7,5274.9,5263.7,5274.2,1.984,1776677939999,10463.8658,372,0.298,1571.9005,0
1776677940000,5274.9,5274.9,5263.7,5274.5,1.984,1776678119999,10463.4707,377,0.015,79.1235,0
1776678120000,5274.9,5275.5,5263.7,5274.2,2.054,1776678299999,10833.6730,422,0.687,3623.9992,0
1776678300000,5275.5,5275.5,5263.7,5274.8,1.928,1776678479999,10168.9469,354,0.010,52.7550,0
1776678480000,5275.5,5275.5,5263.7,5272.2,1.923,1776678659999,10140.3838,406,0.053,279.4761,0
1776678660000,5272.2,5275.5,5263.7,5271.2,2.077,1776678839999,10951.3478,365,0.013,68.5680,0
1776678840000,5272.1,5275.5,5263.7,5268.8,1.751,1776679019999,9226.9955,356,0.015,79.1291,0
1776679020000,5275.5,5275.5,5263.7,5271.3,1.942,1776679199999,10234.9521,395,0.060,316.3725,0
1776679200000,5272.0,5275.5,5263.7,5272.6,1.875,1776679379999,9885.4868,378,0.017,89.6684,0
1776679380000,5275.5,5275.5,5263.7,5272.6,2.315,1776679559999,12201.1030,384,0.015,79.1325,0
1776679560000,5275.5,5275.6,5263.7,5275.0,2.881,1776679739999,15185.3667,406,0.373,1967.7787,0
1776679740000,5275.6,5276.2,5263.7,5275.7,1.976,1776679919999,10423.7064,448,0.470,2479.6033,0
1776679920000,5275.8,5276.5,5263.7,5276.0,1.993,1776680099999,10515.3824,375,1.167,6157.6486,0
1776680100000,5276.1,5276.1,5263.7,5270.9,1.902,1776680279999,10029.9846,374,0.394,2077.5472,0
1776680280000,5271.8,5272.6,5263.7,5272.6,2.014,1776680459999,10617.4620,436,0.982,5176.5917,0
1776680460000,5272.6,5273.2,5263.7,5272.0,1.852,1776680639999,9764.2805,420,0.509,2683.7830,0
1776680640000,5272.1,5273.6,5263.7,5273.6,1.989,1776680819999,10488.0528,400,1.532,8078.3657,0
1776680820000,5273.6,5273.8,5263.7,5273.5,1.93,1776680999999,10176.8284,473,0.587,3095.6468,0
1776681000000,5273.5,5276.1,5263.7,5276.1,1.821,1776681179999,9605.6853,394,1.289,6799.6123,0
1776681180000,5276.1,5278.2,5263.7,5278.2,1.797,1776681359999,9482.2993,385,1.355,7150.3813,0
1776681360000,5278.2,5278.2,5263.7,5277.1,1.649,1776681539999,8700.8122,336,0.358,1889.1073,0
1776681540000,5277.1,5277.2,5263.7,5277.0,1.951,1776681719999,10295.4312,363,1.500,7915.7927,0
1776681720000,5277.2,5277.2,5263.7,5276.6,1.918,1776681899999,10119.1534,372,0.010,52.7720,0
1776681900000,5276.6,5277.2,5275.0,5275.0,2.009,1776682079999,10600.3884,406,0.273,1440.6691,0
1776682080000,5275.1,5275.8,5274.4,5274.5,1.934,1776682259999,10202.1019,487,0.500,2637.8007,0
1776682260000,5274.5,5274.5,5271.8,5271.9,1.952,1776682439999,10293.9415,492,0.743,3918.3437,0
1776682440000,5271.9,5274.6,5271.9,5274.6,1.99,1776682619999,10492.0645,372,1.388,7318.3807,0
1776682620000,5274.6,5278.2,5274.6,5277.6,2.138,1776682799999,11281.2958,397,1.503,7930.4243,0
1776682800000,5277.6,5279.5,5277.5,5278.9,1.88,1776682979999,9924.0231,375,0.964,5088.9954,0
1776682980000,5278.8,5282.4,5278.6,5282.4,2.143,1776683159999,11317.1699,404,1.961,10356.3614,0
1776683160000,5282.5,5283.2,5279.7,5282.5,1.901,1776683339999,10041.0184,362,0.374,1975.7991,0
1776683340000,5282.5,5282.5,5280.3,5280.6,1.995,1776683519999,10536.9902,364,0,0,0
1776683520000,5280.0,5281.0,5279.1,5279.2,1.923,1776683699999,10153.5511,357,0,0,0
1776683700000,5279.2,5282.7,5279.1,5280.3,1.892,1776683879999,9990.2141,350,0,0,0
1776683880000,5280.3,5282.2,5279.1,5282.1,1.893,1776684059999,9997.3002,352,0,0,0
1776684060000,5282.1,5282.2,5279.2,5282.1,1.907,1776684239999,10071.0414,363,0,0,0
1776684240000,5282.1,5283.0,5280.8,5282.2,2.061,1776684419999,10885.6798,383,0,0,0
1776684420000,5282.2,5283.2,5281.3,5283.2,2.09,1776684599999,11040.2503,385,0.244,1289.1008,0
1776684600000,5283.2,5284.0,5282.4,5283.0,1.833,1776684779999,9683.7128,344,0.440,2324.6673,0
1776684780000,5283.0,5284.1,5282.4,5284.1,2.081,1776684959999,10994.0780,408,1.175,6207.8284,0
1776684960000,5284.1,5286.3,5284.1,5285.7,2.008,1776685139999,10612.4144,439,1.936,10231.8440,0
1776685140000,5285.7,5286.6,5284.8,5285.3,1.973,1776685319999,10428.2804,356,0.022,116.3018,0
1776685320000,5285.3,5286.0,5283.6,5283.6,2.0,1776685499999,10568.6350,369,0,0,0
1776685500000,5283.6,5283.7,5281.0,5281.7,1.948,1776685679999,10289.6389,448,0,0,0
1776685680000,5281.9,5282.8,5280.8,5282.8,1.923,1776685859999,10156.3166,366,0,0,0
1776685860000,5282.8,5287.0,5282.4,5287.0,2.078,1776686039999,10980.1436,414,0.540,2854.9310,0
1776686040000,5287.0,5287.1,5282.7,5284.2,2.051,1776686219999,10839.6870,392,0.062,327.7984,0
1776686220000,5287.1,5287.1,5283.7,5287.1,8.336,1776686399999,44070.1810,338,6.914,36554.9813,0
1776686400000,5287.1,5287.5,5286.7,5287.5,1.587,1776686579999,8390.5580,318,0.834,4409.5812,0
1776686580000,5287.5,5288.5,5287.3,5288.5,56.993,1776686759999,301370.9834,434,56.943,301106.5958,0
1776686760000,5288.5,5289.4,5287.9,5288.6,119.843,1776686939999,633760.1003,493,57.112,302016.9740,0
1776686940000,5288.6,5291.7,5288.6,5291.7,79.347,1776687119999,419757.8898,487,79.146,418694.6365,0
1776687120000,5291.8,5292.5,5291.2,5292.5,41.575,1776687299999,220012.4952,448,30.886,163449.7709,0
1776687300000,5292.5,5293.9,5292.4,5293.7,64.597,1776687479999,341894.6260,544,64.395,340825.5071,0
1776687480000,5294.0,5294.0,5293.0,5293.2,1.874,1776687659999,9920.0026,384,0.055,291.1700,0
1776687660000,5294.0,5295.0,5293.2,5294.3,67.523,1776687839999,357495.9660,413,30.535,161653.4719,0
1776687840000,5294.3,5294.4,5292.7,5294.0,136.999,1776688019999,725249.9834,484,0.451,2387.6199,0
1776688020000,5294.1,5295.8,5294.0,5295.8,53.564,1776688199999,283614.1104,488,53.505,283301.7594,0
1776688200000,5295.8,5296.7,5295.1,5295.7,33.707,1776688379999,178522.8862,453,33.174,175700.4152,0
1776688380000,5295.8,5295.8,5293.1,5293.1,125.429,1776688559999,664061.6386,488,0.523,2769.2372,0
1776688560000,5293.3,5295.3,5293.1,5295.3,142.377,1776688739999,753843.0346,534,141.886,751243.6143,0
1776688740000,5295.3,5295.3,5287.7,5288.0,26.591,1776688919999,140799.7517,467,24.647,130513.2591,0
1776688920000,5295.3,5295.3,5287.6,5287.6,1.974,1776689099999,10438.8583,413,0.062,327.9668,0
1776689100000,5287.6,5295.3,5285.1,5285.1,2.164,1776689279999,11439.8047,520,0.034,179.7978,0
1776689280000,5285.2,5295.3,5285.1,5287.1,2.045,1776689459999,10809.8481,376,0.005,26.4664,0
1776689460000,5287.1,5295.3,5285.6,5285.6,1.916,1776689639999,10129.4732,409,0.001,5.2953,0
1776689640000,5295.3,5295.3,5284.2,5284.2,1.99,1776689819999,10518.2122,444,0.015,79.4295,0
1776689820000,5295.3,5295.3,5281.9,5282.7,2.064,1776689999999,10904.1335,395,0.015,79.4295,0
1776690000000,5282.7,5295.3,5281.1,5281.3,1.943,1776690179999,10263.2716,389,0.010,52.9530,0
1776690180000,5295.3,5295.3,5281.0,5281.8,1.952,1776690359999,10309.3773,376,0.015,79.4295,0
1776690360000,5281.7,5295.3,5278.0,5278.0,2.002,1776690539999,10571.1925,431,0.005,26.4765,0
1776690540000,5295.3,5295.3,5274.6,5276.6,2.039,1776690719999,10757.6024,406,0.015,79.4295,0
1776690720000,5295.3,5295.3,5273.7,5274.0,2.047,1776690899999,10798.1368,387,0.015,79.4295,0
1776690900000,5295.3,5295.3,5272.6,5272.6,1.766,1776691079999,9313.6259,355,0.010,52.9530,0
1776691080000,5295.3,5295.3,5272.0,5273.4,1.444,1776691259999,7615.5973,332,0.062,327.2829,0
1776691260000,5273.4,5295.3,5271.7,5272.2,12.383,1776691439999,65280.9450,240,0.018,95.0767,0
1776691440000,5295.3,5295.3,5271.5,5272.5,1.404,1776691619999,7402.6716,327,0.015,79.4295,0
1776691620000,5295.3,5295.3,5270.7,5270.7,1.532,1776691799999,8076.6443,332,0.015,79.4066,0
1776691800000,5295.3,5295.3,5270.1,5270.1,32.402,1776691979999,170798.7333,441,0.263,1386.7425,0
1776691980000,5270.5,5274.0,5270.0,5274.0,187.854,1776692159999,990431.1931,606,172.059,907190.8024,0
1776692160000,5274.0,5277.4,5274.0,5277.4,100.412,1776692339999,529708.7306,518,99.787,526411.0888,0
1776692340000,5277.5,5278.3,5275.8,5275.8,50.631,1776692519999,267226.7385,435,49.092,259104.9931,0
1776692520000,5278.3,5278.3,5274.7,5274.7,2.249,1776692699999,11864.3728,438,0.010,52.7830,0
1776692700000,5278.3,5278.3,5272.3,5272.3,2.05,1776692879999,10810.4528,412,0.015,79.1745,0
1776692880000,5272.3,5278.3,5272.3,5275.4,1.943,1776693059999,10246.5411,482,0.071,374.5338,0
1776693060000,5275.4,5278.3,5271.7,5271.7,3.057,1776693239999,16117.5844,417,0.010,52.7801,0
1776693240000,5271.7,5278.3,5268.4,5269.1,2.247,1776693419999,11841.4986,465,0.015,79.1745,0
1776693420000,5278.3,5278.3,5266.2,5269.6,1.924,1776693599999,10136.5530,382,0.015,79.1745,0
1776693600000,5278.3,5278.3,5266.2,5276.2,2.828,1776693779999,14917.6551,347,0.961,5072.4463,0
1776693780000,5278.3,5278.3,5266.2,5274.9,1.961,1776693959999,10346.1448,392,0.031,163.5831,0
1776693960000,5278.3,5279.5,5266.2,5279.5,1.96,1776694139999,10342.0778,357,0.544,2871.7004,0
1776694140000,5279.5,5281.5,5266.2,5280.9,2.163,1776694319999,11422.1971,416,1.920,10139.1363,0
1776694320000,5281.4,5284.0,5266.2,5282.0,2.105,1776694499999,11119.2375,463,1.643,8679.1213,0
1776694500000,5282.0,5284.6,5266.2,5284.6,1.903,1776694679999,10052.7616,378,1.090,5758.8176,0
1776694680000,5284.6,5284.9,5266.2,5284.9,1.874,1776694859999,9902.4665,394,1.164,6151.3355,0
1776694860000,5285.0,5287.5,5266.2,5287.5,23.412,1776695039999,123780.6521,393,22.315,117980.9936,0
1776695040000,5287.5,5291.1,5266.2,5291.1,11.625,1776695219999,61470.5306,463,11.358,60059.1078,0
1776695220000,5291.1,5299.3,5266.2,5299.3,59.257,1776695399999,313674.8815,425,59.228,313521.6449,0
1776695400000,5299.3,5300.0,5266.2,5300.0,24.755,1776695579999,131199.6889,380,24.396,129297.6110,0
1776695580000,5300.0,5300.2,5266.2,5297.9,1.946,1776695759999,10310.8393,453,0.374,1982.2231,0
1776695760000,5300.2,5302.5,5266.2,5302.4,80.661,1776695939999,427592.8535,460,80.220,425255.9235,0
1776695940000,5302.5,5302.9,5266.2,5302.9,61.488,1776696119999,326058.8214,409,61.161,324325.6001,0
1776696120000,5302.9,5304.8,5302.8,5302.8,77.412,1776696299999,410620.1738,406,76.299,404717.2844,0
1776696300000,5304.8,5304.8,5300.6,5301.1,1.832,1776696479999,9713.3936,383,0.043,228.0600,0
1776696480000,5304.8,5304.8,5300.6,5302.3,1.83,1776696659999,9703.9142,364,0.164,869.9494,0
1776696660000,5304.8,5306.4,5302.0,5303.9,41.731,1776696839999,221394.9741,422,40.605,215423.2690,0
1776696840000,5306.4,5308.9,5303.5,5308.9,119.786,1776697019999,635770.4994,399,118.251,627628.4314,0
1776697020000,5308.9,5309.7,5306.6,5306.6,8.653,1776697199999,45939.5550,392,6.825,36235.1902,0
1776697200000,5306.9,5307.7,5304.7,5304.7,1.852,1776697379999,9826.2378,426,0.168,891.3492,0
1776697380000,5306.3,5309.7,5304.6,5306.8,1.865,1776697559999,9896.1377,357,0.015,79.6353,0
1776697560000,5309.7,5309.7,5304.6,5306.7,1.988,1776697739999,10551.2756,374,0.018,95.5694,0
1776697740000,5309.7,5309.7,5304.6,5306.6,1.9,1776697919999,10081.6171,352,0.015,79.6455,0
1776697920000,5306.6,5310.7,5304.6,5310.6,1.995,1776698099999,10589.8090,400,0.435,2309.8704,0
1776698100000,5310.7,5310.9,5304.6,5308.1,1.949,1776698279999,10348.4100,402,0.276,1465.6947,0
1776698280000,5308.1,5308.2,5304.6,5305.6,1.994,1776698459999,10580.9138,401,0.363,1926.0901,0
1776698460000,5305.6,5305.6,5298.6,5298.6,699.748,1776698639999,3710594.2833,687,0.311,1648.3424,0
1776698640000,5298.5,5300.0,5294.9,5294.9,441.43,1776698819999,2338145.1116,676,0.728,3857.8592,0
1776698820000,5294.9,5295.0,5293.5,5294.7,76.571,1776698999999,405379.2914,406,0.913,4834.1817,0
1776699000000,5294.7,5296.6,5293.5,5296.4,1.927,1776699179999,10204.7116,381,1.686,8928.3692,0
1776699180000,5296.5,5297.1,5296.3,5297.1,2.02,1776699359999,10699.0211,404,1.431,7579.4841,0
1776699360000,5297.1,5297.7,5293.5,5297.1,1.955,1776699539999,10355.5097,411,0.461,2442.0775,0
1776699540000,5297.7,5298.7,5293.5,5298.7,1.895,1776699719999,10038.5464,365,0.524,2776.1706,0
1776699720000,5298.7,5300.4,5293.5,5299.6,2.93,1776699899999,15528.5728,410,2.344,12422.9954,0
1776699900000,5299.8,5300.4,5293.5,5300.4,1.857,1776700079999,9840.6648,360,0.720,3815.8469,0
1776700080000,5300.4,5302.2,5293.5,5302.2,1.828,1776700259999,9688.9660,405,1.011,5358.9463,0
1776700260000,5302.3,5303.1,5293.5,5301.3,1.824,1776700439999,9671.0188,393,0.486,2577.1072,0
1776700440000,5303.1,5303.1,5293.5,5301.6,2.744,1776700619999,14537.6944,342,0.015,79.5465,0
1776700620000,5303.1,5303.6,5293.5,5301.1,2.034,1776700799999,10783.2877,410,0.615,3261.4557,0
1776700800000,5301.1,5301.1,5293.5,5300.6,1.803,1776700979999,9555.6113,340,1.335,7075.9571,0
1776700980000,5300.6,5301.9,5293.5,5301.9,1.751,1776701159999,9282.5456,352,1.722,9128.9179,0
1776701160000,5301.9,5301.9,5293.5,5300.8,2.057,1776701339999,10904.2086,448,0.542,2873.3162,0
1776701340000,5300.8,5300.9,5293.5,5296.9,1.757,1776701519999,9312.9307,382,0.046,243.8377,0
1776701520000,5296.9,5296.9,5293.5,5296.5,1.818,1776701699999,9628.8953,349,0.872,4618.5689,0
1776701700000,5296.5,5298.7,5293.5,5298.0,1.846,1776701879999,9778.2636,427,1.539,8151.8570,0
1776701880000,5298.1,5298.2,5295.1,5295.1,1.953,1776702059999,10344.4744,445,0.238,1260.8816,0
1776702060000,5295.1,5298.4,5293.5,5298.4,1.905,1776702239999,10090.2737,372,1.145,6065.3340,0
1776702240000,5298.4,5299.6,5293.5,5297.4,2.049,1776702419999,10857.1122,437,1.463,7752.5087,0
1776702420000,5298.2,5300.6,5293.5,5300.6,2.106,1776702599999,11161.0015,412,1.979,10488.2030,0
1776702600000,5300.6,5304.1,5293.5,5302.8,1.952,1776702779999,10349.7747,414,1.095,5805.7277,0
1776702780000,5304.1,5304.2,5293.5,5303.5,1.966,1776702959999,10426.0952,377,0.082,434.9410,0
1776702960000,5304.2,5305.6,5293.5,5305.6,2.042,1776703139999,10832.2893,447,1.705,9044.9382,0
1776703140000,5305.6,5305.8,5293.5,5305.0,1.963,1776703319999,10413.7509,405,0.537,2849.1078,0
1776703320000,5305.0,5305.0,5293.5,5303.5,2.031,1776703499999,10772.5468,422,0.270,1432.2229,0
1776703500000,5303.6,5304.6,5293.5,5304.5,1.859,1776703679999,9859.9399,408,1.357,7197.6379,0
1776703680000,5304.6,5305.3,5293.5,5305.3,2.001,1776703859999,10614.4689,489,1.272,6747.7789,0
1776703860000,5305.3,5307.3,5293.5,5303.9,2.035,1776704039999,10795.3231,412,0.432,2292.1493,0
1776704040000,5307.3,5307.3,5293.5,5303.3,2.009,1776704219999,10655.5215,426,0.067,355.3877,0
1776704220000,5307.3,5307.3,5293.5,5303.3,1.999,1776704399999,10603.0294,407,0.046,244.0335,0
1776704400000,5304.0,5307.3,5293.5,5303.8,1.882,1776704579999,9982.5571,361,0.015,79.6062,0
1776704580000,5307.3,5307.3,5293.5,5304.8,1.864,1776704759999,9887.2595,419,0.058,307.7159,0
1776704760000,5304.8,5307.3,5293.5,5302.6,1.959,1776704939999,10390.2462,417,0.064,339.5024,0
1776704940000,5302.8,5307.3,5293.5,5301.5,1.862,1776705119999,9872.1198,391,0.022,116.7060,0
1776705120000,5302.1,5307.3,5293.5,5298.2,2.067,1776705299999,10952.8312,407,0.053,280.9541,0
1776705300000,5307.3,5307.3,5293.5,5299.9,1.951,1776705479999,10340.6429,408,0.048,254.5425,0
1776705480000,5301.0,5307.3,5293.5,5300.0,1.994,1776705659999,10568.3054,359,0.015,79.6032,0
1776705660000,5307.3,5307.3,5293.5,5301.0,2.056,1776705839999,10898.8697,391,0.030,159.1260,0
1776705840000,5301.1,5307.3,5293.5,5302.0,1.789,1776706019999,9484.9774,389,0.063,334.0944,0
1776706020000,5302.5,5307.3,5293.5,5303.7,1.975,1776706199999,10474.0181,456,0.099,525.1158,0
1776706200000,5303.7,5307.7,5293.5,5307.7,2.016,1776706379999,10695.7637,402,0.303,1608.0706,0
1776706380000,5307.8,5308.4,5293.5,5306.0,1.849,1776706559999,9813.3326,345,0.365,1937.4458,0
1776706560000,5306.1,5309.7,5293.5,5309.7,1.992,1776706739999,10571.6569,411,1.147,6088.3847,0
1776706740000,5309.7,5309.9,5293.5,5309.9,2.046,1776706919999,10862.4527,419,0.826,4385.8676,0
1776706920000,5309.9,5309.9,5293.5,5308.4,1.877,1776707099999,9964.0941,373,1.174,6232.4534,0
1776707100000,5308.5,5308.7,5293.5,5308.0,2.146,1776707279999,11391.1018,496,0.525,2786.9499,0
1776707280000,5308.7,5308.9,5293.5,5307.1,1.871,1776707459999,9931.1895,356,0.179,950.2788,0
1776707460000,5307.1,5308.9,5293.5,5307.8,2.048,1776707639999,10870.9601,415,0.054,286.6538,0
1776707640000,5308.9,5308.9,5293.5,5308.8,1.848,1776707819999,9809.1017,406,0.052,276.0586,0
1776707820000,5308.8,5309.0,5293.5,5308.7,2.165,1776707999999,11492.4864,441,0.239,1268.8349,0
1776708000000,5308.9,5309.0,5293.5,5308.8,1.763,1776708179999,9357.5981,405,0.783,4155.8085,0
1776708180000,5308.8,5312.5,5293.5,5312.0,1.841,1776708359999,9777.2068,390,1.603,8513.2790,0
1776708360000,5312.2,5312.2,5293.5,5309.7,1.991,1776708539999,10574.1722,386,0.534,2836.4008,0
1776708540000,5309.9,5313.8,5293.5,5311.5,1.884,1776708719999,10007.3633,433,1.065,5657.6174,0
1776708720000,5312.0,5314.3,5293.5,5313.7,1.953,1776708899999,10377.3720,429,0.825,4383.9941,0
1776708900000,5314.1,5314.7,5293.5,5314.7,1.886,1776709079999,10022.4988,434,1.350,7174.3697,0
1776709080000,5314.7,5314.7,5293.5,5309.0,1.996,1776709259999,10601.4429,460,0.615,3266.6003,0
1776709260000,5309.0,5309.0,5293.5,5307.1,1.905,1776709439999,10110.7225,408,0.809,4293.9780,0
1776709440000,5307.1,5308.5,5293.5,5308.5,1.981,1776709619999,10514.3433,380,1.270,6741.0482,0
1776709620000,5308.5,5309.3,5293.5,5308.1,2.044,1776709799999,10849.6409,402,0.697,3700.2475,0
1776709800000,5309.3,5309.3,5293.5,5308.1,1.748,1776709979999,9278.7401,336,0.015,79.6395,0
1776709980000,5309.3,5309.3,5293.5,5306.1,1.694,1776710159999,8989.4705,365,0.052,275.9848,0
1776710160000,5309.3,5309.3,5293.5,5307.7,1.831,1776710339999,9717.3973,514,0.229,1215.4359,0
1776710340000,5307.7,5309.3,5293.5,5304.6,1.776,1776710519999,9423.1943,385,0.050,265.4186,0
1776710520000,5304.6,5309.3,5293.5,5302.9,1.949,1776710699999,10335.6838,413,0.058,307.6642,0
1776710700000,5302.9,5309.3,5293.5,5305.7,2.052,1776710879999,10884.7623,382,0.015,79.6331,0
1776710880000,5309.3,5309.3,5293.5,5306.6,1.929,1776711059999,10234.7241,397,0.050,265.3705,0
1776711060000,5306.6,5309.3,5293.5,5306.5,1.973,1776711239999,10470.5874,438,0.052,275.9773,0
1776711240000,5306.5,5309.3,5293.5,5307.2,1.755,1776711419999,9312.4190,417,0.093,493.5635,0
1776711420000,5307.2,5309.3,5293.5,5307.8,2.026,1776711599999,10753.8841,363,0.015,79.6374,0
1776711600000,5309.3,5309.3,5293.5,5307.8,2.112,1776711779999,11210.6966,400,0.032,169.8801,0
1776711780000,5309.3,5309.6,5293.5,5309.6,2.04,1776711959999,10829.3148,419,0.387,2054.7469,0
1776711960000,5309.6,5311.1,5293.5,5311.1,1.978,1776712139999,10504.5810,419,1.779,9447.9545,0
1776712140000,5311.1,5311.1,5293.5,5311.1,1.938,1776712319999,10292.6166,534,1.440,7647.9836,0
1776712320000,5311.1,5313.1,5293.5,5309.7,2.082,1776712499999,11059.6372,423,1.315,6985.5216,0
1776712500000,5311.0,5311.0,5293.5,5309.5,2.073,1776712679999,11007.2110,443,1.565,8310.0175,0
1776712680000,5309.5,5311.3,5293.5,5311.3,2.053,1776712859999,10901.2272,469,1.912,10152.8443,0
1776712860000,5311.3,5311.6,5293.5,5311.6,1.988,1776713039999,10558.4396,438,0.873,4636.9362,0
1776713040000,5311.6,5311.8,5293.5,5310.8,1.834,1776713219999,9739.7877,361,0.072,382.4437,0
1776713220000,5310.8,5311.8,5293.5,5309.5,1.976,1776713399999,10493.1501,422,0.058,307.9855,0
1776713400000,5309.5,5311.8,5293.5,5310.1,1.946,1776713579999,10331.3747,410,0.099,525.6361,0
1776713580000,5311.8,5311.8,5293.5,5308.8,1.97,1776713759999,10458.6433,414,0.054,286.7158,0
1776713760000,5308.8,5311.8,5293.5,5310.7,2.027,1776713939999,10763.5454,395,0.036,191.2008,0
1776713940000,5310.8,5312.0,5293.5,5312.0,2.053,1776714119999,10903.7489,420,0.761,4042.3788,0
1776714120000,5312.0,5314.3,5293.5,5314.2,2.091,1776714299999,11109.9926,419,1.502,7980.4115,0
1776714300000,5314.2,5314.2,5293.5,5313.8,1.928,1776714479999,10245.1729,425,1.155,6137.7150,0
1776714480000,5313.8,5314.2,5293.5,5313.7,2.05,1776714659999,10893.0520,488,1.036,5505.2392,0
1776714660000,5313.7,5314.0,5293.5,5312.4,1.996,1776714839999,10604.6991,401,0.759,4033.0892,0
1776714840000,5312.5,5312.5,5293.5,5310.8,1.812,1776715019999,9621.9982,362,1.151,6111.8425,0
1776715020000,5310.9,5312.3,5293.5,5312.3,1.805,1776715199999,9586.8367,399,1.019,5412.3797,0
1776715200000,5312.3,5313.5,5293.5,5313.5,1.88,1776715379999,9987.1589,392,1.137,6040.5861,0
1776715380000,5313.5,5314.2,5293.5,5312.4,1.919,1776715559999,10196.1029,358,0.472,2508.1211,0
1776715560000,5312.4,5318.9,5293.5,5318.7,173.017,1776715739999,919780.8422,489,172.897,919143.2530,0
1776715740000,5318.9,5318.9,5293.5,5318.7,1.874,1776715919999,9967.1964,360,0.020,106.3770,0
1776715920000,5318.9,5319.9,5318.4,5319.9,14.007,1776716099999,74503.2936,430,13.213,70280.3643,0
1776716100000,5319.9,5320.4,5318.1,5318.1,187.027,1776716279999,994716.6413,483,14.264,75884.6485,0
1776716280000,5318.1,5318.1,5313.4,5315.8,322.153,1776716459999,1712346.5424,540,0.725,3853.5124,0
1776716460000,5315.9,5318.9,5315.8,5318.3,1.845,1776716639999,9810.8839,422,1.610,8561.2329,0
1776716640000,5318.3,5318.3,5313.4,5317.3,2.069,1776716819999,11002.8298,367,1.161,6174.3451,0
1776716820000,5317.3,5317.3,5316.1,5316.9,1.987,1776716999999,10564.6181,564,1.615,8586.9354,0
1776717000000,5316.9,5317.2,5313.2,5313.3,1.974,1776717179999,10492.1535,446,0.373,1983.0581,0
1776717180000,5313.3,5313.3,5312.4,5312.4,37.921,1776717359999,201481.7784,586,0,0,0
1776717360000,5312.4,5312.6,5311.7,5312.3,23.307,1776717539999,123808.0651,512,0.414,2199.2890,0
1776717540000,5312.3,5316.0,5312.3,5315.1,2.112,1776717719999,11222.9247,397,1.675,8900.2826,0
1776717720000,5315.1,5315.1,5313.1,5313.1,2.041,1776717899999,10847.0971,426,0.974,5176.3711,0
1776717900000,5313.1,5315.0,5312.0,5312.1,1.942,1776718079999,10319.4085,388,0.659,3501.9186,0
1776718080000,5312.1,5312.1,5304.0,5306.3,1.916,1776718259999,10172.0470,384,0,0,0
1776718260000,5306.3,5308.0,5305.8,5307.6,1.871,1776718439999,9929.5150,367,0,0,0
1776718440000,5307.6,5308.5,5307.0,5308.2,2.065,1776718619999,10959.8190,369,0,0,0
1776718620000,5307.0,5307.0,5301.9,5303.1,2.024,1776718799999,10735.3781,463,0,0,0
1776718800000,5303.1,5305.9,5301.8,5302.9,1.856,1776718979999,9842.9800,363,0,0,0
1776718980000,5302.9,5303.1,5294.5,5294.5,1.97,1776719159999,10440.7731,421,0,0,0
1776719160000,5293.8,5298.3,5292.3,5296.6,1.897,1776719339999,10045.2170,352,0,0,0
1776719340000,5296.8,5302.6,5296.7,5300.2,1.85,1776719519999,9803.1291,342,0,0,0
1776719520000,5300.1,5302.1,5299.8,5299.8,1.974,1776719699999,10464.0106,526,0.260,1378.5049,0
1776719700000,5299.8,5300.4,5299.5,5299.5,1.95,1776719879999,10334.7047,505,0,0,0
1776719880000,5299.5,5302.0,5298.2,5301.9,1.636,1776720059999,8671.3400,316,0,0,0
1776720060000,5301.9,5302.2,5301.4,5302.2,2.016,1776720239999,10687.8725,379,0.024,127.2524,0
1776720240000,5302.2,5302.3,5300.6,5300.7,1.934,1776720419999,10253.0179,360,0.017,90.1383,0
1776720420000,5300.7,5300.8,5299.5,5299.5,2.094,1776720599999,11098.5218,367,0,0,0
1776720600000,5299.5,5299.5,5294.7,5294.7,1.944,1776720779999,10298.2160,539,0,0,0
1776720780000,5294.7,5294.7,5293.3,5294.0,2.06,1776720959999,10905.3884,432,0,0,0
1776720960000,5294.0,5294.1,5292.2,5292.2,1.836,1776721139999,9718.2997,446,0,0,0
1776721140000,5292.2,5294.0,5292.1,5292.6,1.808,1776721319999,9569.2758,351,0,0,0
1776721320000,5292.6,5296.2,5292.5,5295.8,2.031,1776721499999,10753.3417,438,0,0,0
1776721500000,5295.8,5296.0,5294.4,5295.8,2.192,1776721679999,11607.0551,404,0,0,0
1776721680000,5295.8,5296.8,5294.3,5295.1,1.998,1776721859999,10580.5172,376,0,0,0
1776721860000,5295.1,5295.4,5292.8,5293.9,102.373,1776722039999,541917.2607,503,0.331,1752.1435,0
1776722040000,5293.9,5294.3,5292.7,5292.7,23.826,1776722219999,126133.3567,449,22.676,120046.1896,0
1776722220000,5292.7,5293.8,5291.8,5291.8,1.909,1776722399999,10103.4777,423,0.014,74.0985,0
1776722400000,5291.8,5296.3,5291.7,5294.2,85.629,1776722579999,453366.3639,456,53.851,285139.2723,0
1776722580000,5294.2,5295.7,5293.6,5294.4,30.116,1776722759999,159452.0879,416,18.408,97466.7584,0
1776722760000,5294.4,5294.8,5292.4,5292.4,60.008,1776722939999,317627.2015,413,0.237,1254.6959,0
1776722940000,5292.3,5295.0,5292.3,5294.9,9.568,1776723119999,50639.3547,346,0.963,5098.3377,0
1776723120000,5295.0,5297.2,5295.0,5295.9,1.76,1776723299999,9320.7908,335,0.656,3473.9402,0
1776723300000,5295.9,5298.0,5295.2,5297.7,1.608,1776723479999,8518.0385,314,0.897,4751.9265,0
1776723480000,5297.7,5299.0,5292.3,5299.0,1.565,1776723659999,8291.9983,392,1.299,6882.7713,0
1776723660000,5299.0,5299.8,5292.2,5299.3,48.209,1776723839999,255147.8055,404,0.870,4610.3350,0
1776723840000,5299.4,5299.5,5292.2,5296.2,1.907,1776724019999,10102.2985,384,0.258,1366.8017,0
1776724020000,5297.2,5297.2,5293.2,5293.8,1.771,1776724199999,9377.8702,394,0.351,1858.7705,0
1776724200000,5293.8,5294.9,5292.2,5294.5,1.849,1776724379999,9788.3210,350,0.577,3054.8006,0
1776724380000,5294.6,5295.9,5292.2,5295.9,1.697,1776724559999,8985.8957,329,0.939,4972.2514,0
1776724560000,5295.9,5298.2,5292.2,5298.2,1.804,1776724739999,9556.7816,450,1.429,7570.1632,0
1776724740000,5298.2,5298.2,5292.2,5297.7,1.386,1776724919999,7342.6306,301,0.707,3745.6902,0
1776724920000,5297.7,5298.2,5292.2,5298.2,1.418,1776725099999,7512.5506,324,0.610,3231.8614,0
1776725100000,5298.2,5302.1,5292.2,5302.1,1.788,1776725279999,9476.1911,432,1.560,8268.1370,0
1776725280000,5302.1,5304.1,5292.2,5304.1,1.753,1776725459999,9297.0677,334,1.748,9270.6067,0
1776725460000,5304.1,5309.4,5292.2,5308.0,1.677,1776725639999,8900.3931,357,0.913,4845.1437,0
1776725640000,5309.4,5309.8,5292.2,5309.8,1.676,1776725819999,8897.4345,367,0.605,3212.2191,0
1776725820000,5309.8,5311.0,5292.2,5311.0,1.769,1776725999999,9392.9253,396,1.008,5352.5036,0
1776726000000,5311.0,5316.3,5292.2,5316.3,88.982,1776726179999,472962.5744,340,88.972,472909.6524,0
1776726180000,5316.3,5316.7,5292.2,5316.6,9.129,1776726359999,48534.0549,349,5.286,28102.5701,0
1776726360000,5316.6,5317.2,5316.4,5316.5,1.353,1776726539999,7193.5742,308,0.598,3179.3719,0
1776726540000,5317.2,5317.2,5314.7,5316.0,1.384,1776726719999,7356.9090,373,0.015,79.7580,0
1776726720000,5317.2,5317.2,5314.7,5316.0,1.38,1776726899999,7336.0984,283,0.025,132.9201,0
1776726900000,5317.2,5317.2,5292.2,5316.7,1.314,1776727079999,6985.2701,280,0.023,122.2899,0
1776727080000,5317.2,5317.2,5313.9,5314.5,1.398,1776727259999,7430.3879,272,0.005,26.5860,0
1776727260000,5314.5,5317.2,5292.2,5314.7,1.346,1776727439999,7153.1281,266,0.005,26.5860,0
1776727440000,5314.7,5314.7,5314.7,5314.7,1.429,1776727619999,7594.7063,266,0,0,0
1776727620000,5317.2,5317.2,5314.7,5315.0,1.898,1776727799999,10088.3937,374,0.010,53.1720,0
1776727800000,5315.0,5317.5,5315.0,5316.2,23.58,1776727979999,125382.6272,365,22.112,117578.3961,0
1776727980000,5316.2,5317.5,5315.1,5316.7,1.802,1776728159999,9579.6388,367,0.005,26.5875,0
1776728160000,5316.7,5317.8,5316.7,5316.8,48.175,1776728339999,256143.7098,455,0.763,4057.2921,0
1776728340000,5316.7,5317.2,5316.2,5316.9,25.055,1776728519999,133221.5689,420,24.049,127873.1930,0
1776728520000,5316.9,5317.4,5316.2,5317.1,2.056,1776728699999,10931.4466,375,0.514,2733.0907,0
1776728700000,5316.7,5319.6,5316.4,5319.6,1.965,1776728879999,10448.6677,381,1.171,6227.2510,0
1776728880000,5319.6,5320.0,5319.5,5319.5,1.88,1776729059999,10001.3088,366,0.511,2718.4177,0
1776729060000,5319.5,5320.5,5319.2,5320.5,1.954,1776729239999,10395.1640,363,0.862,4586.0065,0
1776729240000,5320.5,5320.6,5318.4,5319.0,1.917,1776729419999,10198.3627,338,0.109,579.9352,0
1776729420000,5319.0,5320.2,5316.2,5320.0,2.08,1776729599999,11064.6305,382,0,0,0
1776729600000,5320.6,5320.6,5315.3,5315.3,1.549,1776729779999,8236.1064,291,0.080,425.6480,0
1776729780000,5315.3,5320.6,5311.5,5311.5,2.55,1776729959999,13557.0358,361,0.948,5043.9288,0
1776729960000,5320.6,5320.6,5308.1,5308.1,1.999,1776730139999,10614.8137,411,0.015,79.8090,0
1776730140000,5320.6,5320.6,5308.1,5310.6,1.505,1776730319999,7991.0644,310,0.010,53.2060,0
1776730320000,5310.6,5320.6,5310.2,5313.5,1.691,1776730499999,8982.1439,379,0.018,95.6831,0
1776730500000,5320.6,5320.6,5312.6,5314.3,1.873,1776730679999,9952.5623,358,0.015,79.8090,0
1776730680000,5320.6,5320.6,5312.7,5313.4,1.637,1776730859999,8698.2568,330,0.015,79.8090,0
1776730860000,5313.4,5320.6,5313.4,5315.4,1.515,1776731039999,8051.6173,409,0.167,887.6278,0
1776731040000,5315.4,5320.6,5314.2,5314.2,1.663,1776731219999,8838.5425,507,0.475,2524.5945,0
1776731220000,5315.4,5320.6,5312.6,5312.6,1.697,1776731399999,9017.0980,329,0.005,26.5978,0
1776731400000,5313.9,5320.6,5311.0,5312.6,1.549,1776731579999,8229.3800,394,0.240,1275.0213,0
1776731580000,5320.6,5320.6,5312.0,5312.6,1.373,1776731759999,7295.0901,270,0.015,79.8090,0
1776731760000,5312.6,5320.6,5311.0,5311.4,1.745,1776731939999,9269.0257,383,0.125,664.0745,0
1776731940000,5311.9,5320.6,5311.0,5311.0,1.192,1776732119999,6332.2242,290,0.321,1705.5327,0
1776732120000,5320.6,5320.6,5311.0,5313.6,1.173,1776732299999,6231.6018,270,0.058,308.2758,0
1776732300000,5313.6,5320.6,5310.8,5310.8,1.376,1776732479999,7309.7779,295,0.043,228.5160,0
1776732480000,5320.6,5320.6,5309.4,5309.4,1.312,1776732659999,6966.5745,294,0.010,53.2060,0
1776732660000,5309.4,5320.6,5309.4,5310.8,1.587,1776732839999,8426.8375,287,0.005,26.6030,0
1776732840000,5310.8,5320.6,5305.0,5311.8,903.62,1776733019999,4798497.9530,550,0.039,207.2346,0
1776733020000,5320.6,5320.6,5304.3,5314.4,508.603,1776733199999,2699805.4840,354,0.015,79.8090,0
1776733200000,5320.6,5320.6,5312.1,5316.5,1.657,1776733379999,8804.4470,367,0.076,404.0937,0
1776733380000,5316.6,5320.6,5312.1,5317.2,1.768,1776733559999,9400.4816,365,0.056,297.8062,0
1776733560000,5317.2,5320.6,5312.1,5317.6,1.652,1776733739999,8784.5097,348,0.073,388.2214,0
1776733740000,5320.6,5320.6,5312.1,5316.5,1.576,1776733919999,8379.3813,326,0.053,281.8787,0
1776733920000,5320.6,5320.6,5312.1,5313.4,1.427,1776734099999,7584.4982,275,0.015,79.8090,0
1776734100000,5320.6,5320.6,5311.4,5311.4,1.418,1776734279999,7533.1471,281,0.015,79.8090,0
1776734280000,5320.6,5320.6,5310.2,5311.7,1.558,1776734459999,8274.4473,341,0.010,53.2060,0
1776734460000,5320.6,5320.6,5310.4,5311.3,1.69,1776734639999,8976.0174,356,0.015,79.8090,0
1776734640000,5320.6,5320.6,5310.4,5311.7,1.118,1776734819999,5937.8149,228,0.015,79.8090,0
1776734820000,5320.6,5320.6,5310.8,5312.6,1.391,1776734999999,7388.4705,276,0.015,79.8090,0
1776735000000,5320.6,5320.6,5312.6,5314.1,1.77,1776735179999,9405.4621,358,0.015,79.8090,0
1776735180000,5320.6,5320.6,5311.5,5312.5,1.02,1776735359999,5418.9906,214,0.015,79.8090,0
1776735360000,5320.6,5320.6,5312.4,5314.0,1.403,1776735539999,7454.9779,303,0.106,563.3830,0
1776735540000,5314.0,5320.6,5313.5,5313.5,2.165,1776735719999,11504.1981,461,0.206,1094.7368,0
1776735720000,5313.5,5320.6,5313.5,5313.5,1.936,1776735899999,10287.1551,372,0.010,53.2060,0
1776735900000,5320.6,5320.6,5313.5,5314.2,1.914,1776736079999,10171.3544,405,0.080,425.2000,0
1776736080000,5314.2,5320.6,5314.1,5314.6,1.94,1776736259999,10309.6166,396,0.044,233.8596,0
1776736260000,5314.6,5320.6,5314.5,5315.0,1.835,1776736439999,9752.5960,338,0.005,26.5970,0
1776736440000,5315.0,5320.6,5314.9,5316.3,1.723,1776736619999,9158.3511,348,0.010,53.2060,0
1776736620000,5320.6,5320.6,5316.3,5317.4,1.856,1776736799999,9868.2303,342,0.010,53.2060,0
1776736800000,5317.4,5317.6,5317.0,5317.6,1.657,1776736979999,8810.9260,316,0,0,0
1776736980000,5320.6,5320.6,5317.6,5317.8,1.678,1776737159999,8923.1873,315,0.005,26.6030,0
1776737160000,5320.6,5320.6,5317.8,5318.0,1.729,1776737339999,9194.6265,325,0.010,53.2060,0
1776737340000,5318.0,5320.6,5317.9,5318.0,1.973,1776737519999,10492.3531,401,0.150,797.7130,0
1776737520000,5317.9,5320.6,5314.2,5314.2,2.141,1776737699999,11380.7084,456,0.010,53.1930,0
1776737700000,5320.6,5320.6,5314.0,5314.3,1.947,1776737879999,10346.7733,407,0.015,79.8090,0
1776737880000,5320.6,5320.6,5314.0,5314.6,1.912,1776738059999,10160.9430,429,0.077,409.2665,0
1776738060000,5314.6,5320.6,5314.0,5315.5,1.941,1776738239999,10317.3474,384,0.015,79.8030,0
1776738240000,5320.6,5320.6,5314.0,5314.8,1.892,1776738419999,10057.3233,407,0.085,451.8870,0
1776738420000,5315.4,5320.6,5313.9,5313.9,1.916,1776738599999,10182.8303,377,0.016,85.1082,0
1776738600000,5320.6,5320.6,5313.2,5313.2,1.828,1776738779999,9713.6214,360,0.010,53.2060,0
1776738780000,5320.6,5320.6,5313.2,5313.6,1.788,1776738959999,9501.1364,405,0.060,318.9147,0
1776738960000,5320.6,5320.6,5310.3,5310.3,2.121,1776739139999,11267.7716,467,0.010,53.2060,0
1776739140000,5320.6,5320.6,5308.8,5309.2,2.072,1776739319999,11002.5273,506,0.015,79.8090,0
1776739320000,5309.2,5320.6,5309.1,5309.9,1.952,1776739499999,10364.9108,369,0.010,53.2060,0
1776739500000,5309.9,5313.7,5309.9,5313.4,2.011,1776739679999,10681.0494,369,0,0,0
1776739680000,5320.6,5320.6,5309.8,5310.3,2.052,1776739859999,10901.7101,408,0.015,79.8024,0
1776739860000,5320.6,5320.6,5309.8,5311.3,2.192,1776740039999,11641.0023,392,0.015,79.8090,0
1776740040000,5320.6,5320.6,5309.1,5309.1,2.044,1776740219999,10854.3824,539,0.015,79.8090,0
1776740220000,5320.6,5320.6,5309.1,5309.8,1.964,1776740399999,10427.8619,366,0.010,53.1545,0
1776740400000,5309.8,5311.5,5309.1,5310.7,25.803,1776740579999,137007.1844,471,10.965,58226.4545,0
1776740580000,5310.8,5311.1,5310.7,5311.1,31.492,1776740759999,167256.5232,463,31.357,166539.5787,0
1776740760000,5311.1,5311.4,5311.1,5311.4,1.966,1776740939999,10441.9714,452,1.469,7802.2563,0
1776740940000,5311.4,5311.4,5311.1,5311.3,2.559,1776741119999,13591.5602,490,0.094,499.2674,0
1776741120000,5311.3,5311.4,5311.3,5311.4,1.859,1776741299999,9873.7975,345,0.943,5008.6467,0
1776741300000,5311.4,5312.8,5311.1,5312.8,1.898,1776741479999,10081.4854,473,1.333,7080.6015,0
1776741480000,5312.8,5313.9,5311.1,5313.9,1.83,1776741659999,9723.1058,348,1.302,6918.0134,0
1776741660000,5313.9,5314.7,5311.1,5314.7,1.969,1776741839999,10463.3460,417,1.959,10410.2350,0
1776741840000,5314.7,5315.1,5313.6,5313.7,1.878,1776742019999,9980.8370,364,1.122,5963.2836,0
1776742020000,5313.7,5313.7,5311.1,5313.1,1.748,1776742199999,9286.2820,428,0.976,5185.1360,0
1776742200000,5313.1,5313.1,5308.7,5309.1,121.977,1776742379999,647668.8698,449,0.490,2603.0947,0
1776742380000,5309.1,5309.3,5307.6,5307.6,68.628,1776742559999,364289.2597,535,0.205,1088.4010,0
1776742560000,5308.1,5308.8,5307.1,5308.8,13.176,1776742739999,69931.3963,443,0.489,2595.8128,0
1776742740000,5308.8,5309.3,5307.1,5307.8,38.693,1776742919999,205371.0783,397,1.000,5308.8053,0
1776742920000,5307.8,5309.1,5307.8,5309.1,151.991,1776743099999,806807.1976,522,151.367,803494.9437,0
1776743100000,5309.1,5309.2,5308.8,5309.2,5.576,1776743279999,29603.9428,522,5.539,29407.5172,0
1776743280000,5309.2,5309.6,5309.2,5309.6,10.781,1776743459999,57242.6075,391,9.925,52697.6755,0
1776743460000,5309.6,5309.9,5309.5,5309.9,49.255,1776743639999,261524.4589,596,48.736,258768.7649,0
1776743640000,5309.9,5312.0,5309.8,5312.0,208.121,1776743819999,1105294.1110,569,207.829,1103743.6494,0
1776743820000,5312.0,5313.1,5312.0,5313.1,23.479,1776743999999,124731.5791,375,23.238,123451.1461,0
1776744000000,5313.1,5314.1,5312.6,5312.6,86.333,1776744179999,458683.4664,651,2.737,14543.1987,0
1776744180000,5312.6,5312.6,5310.8,5310.8,102.876,1776744359999,546456.9916,529,0,0,0
1776744360000,5310.8,5310.8,5301.4,5301.4,241.884,1776744539999,1283452.7825,613,0.005,26.5225,0
1776744540000,5301.4,5303.7,5301.4,5303.7,64.877,1776744719999,344034.3104,529,64.721,343207.2709,0
1776744720000,5303.7,5305.5,5303.7,5305.5,11.679,1776744899999,61948.8227,416,11.270,59779.0052,0
1776744900000,5305.5,5306.0,5304.6,5304.9,20.164,1776745079999,106970.2987,531,9.534,50580.1731,0
1776745080000,5304.9,5307.0,5304.9,5307.0,38.769,1776745259999,205698.6308,439,38.613,204870.9155,0
1776745260000,5307.0,5309.3,5306.7,5309.3,40.41,1776745439999,214510.2486,424,39.842,211495.9107,0
1776745440000,5309.3,5309.4,5306.1,5306.1,93.09,1776745619999,494092.8823,452,3.619,19214.3612,0
1776745620000,5306.2,5306.2,5304.6,5304.6,65.432,1776745799999,347139.8743,460,0,0,0
1776745800000,5304.6,5304.8,5303.7,5304.0,34.757,1776745979999,184363.2726,487,0.830,4402.3545,0
1776745980000,5304.0,5305.4,5303.7,5304.3,1.841,1776746159999,9765.2325,515,1.810,9600.8178,0
1776746160000,5304.3,5306.1,5303.7,5306.1,76.524,1776746339999,405981.0091,405,10.573,56088.4590,0
1776746340000,5306.1,5306.7,5306.1,5306.6,1.928,1776746519999,10231.1667,347,1.701,9026.5685,0
1776746520000,5306.6,5307.3,5306.5,5306.5,40.652,1776746699999,215727.9100,569,39.836,211397.7438,0
1776746700000,5307.3,5307.3,5304.1,5304.2,2.075,1776746879999,11008.0115,473,0.015,79.6095,0
1776746880000,5307.3,5307.3,5304.1,5304.2,2.057,1776747059999,10910.7456,413,0.049,259.9368,0
1776747060000,5304.2,5307.3,5301.9,5302.3,1.993,1776747239999,10570.3034,434,0.010,53.0699,0
1776747240000,5307.3,5307.3,5301.8,5303.1,2.145,1776747419999,11374.2765,383,0.015,79.6095,0
1776747420000,5307.3,5307.3,5301.8,5303.4,1.903,1776747599999,10092.0923,365,0.015,79.6095,0
1776747600000,5303.4,5307.3,5301.8,5304.0,1.859,1776747779999,9860.2902,368,0.022,116.7079,0
1776747780000,5304.0,5307.3,5301.8,5304.0,1.956,1776747959999,10374.6706,375,0.010,53.0699,0
1776747960000,5307.3,5307.3,5301.8,5301.9,1.852,1776748139999,9821.9725,365,0.015,79.6095,0
1776748140000,5307.3,5307.3,5300.8,5301.4,1.911,1776748319999,10130.5585,406,0.015,79.6095,0
1776748320000,5307.3,5307.3,5300.7,5302.8,1.863,1776748499999,9877.1349,404,0.015,79.6095,0
1776748500000,5307.3,5307.3,5302.7,5303.3,1.733,1776748679999,9190.7292,357,0.047,249.2915,0
1776748680000,5307.3,5307.3,5302.9,5305.1,2.043,1776748859999,10836.5521,444,0.060,318.2596,0
1776748860000,5305.1,5307.3,5303.9,5304.7,2.002,1776749039999,10619.8299,550,0.028,148.5492,0
1776749040000,5304.7,5307.3,5304.6,5304.6,2.031,1776749219999,10773.7346,504,0.005,26.5365,0
1776749220000,5307.3,5307.3,5302.7,5302.7,2.089,1776749399999,11079.2274,466,0.015,79.6095,0
1776749400000,5307.3,5307.3,5301.4,5301.8,2.084,1776749579999,11048.9091,413,0.015,79.6095,0
1776749580000,5307.3,5307.3,5301.6,5301.9,1.974,1776749759999,10466.3009,422,0.015,79.6095,0
1776749760000,5307.3,5307.3,5300.7,5301.1,2.15,1776749939999,11398.3677,473,0.015,79.6095,0
1776749940000,5307.3,5307.3,5300.7,5301.8,2.192,1776750119999,11620.7136,508,0.132,699.8257,0
1776750120000,5301.8,5307.3,5301.7,5301.9,1.978,1776750299999,10487.0807,388,0.024,127.2711,0
1776750300000,5307.3,5307.3,5301.8,5301.8,1.919,1776750479999,10174.2397,362,0.005,26.5365,0
1776750480000,5301.8,5307.3,5301.8,5303.2,1.969,1776750659999,10440.3349,364,0.010,53.0730,0
1776750660000,5307.3,5307.3,5303.1,5303.1,1.811,1776750839999,9604.0724,348,0.005,26.5365,0
1776750840000,5307.3,5307.5,5303.1,5303.2,1.887,1776751019999,10007.0680,384,0.041,217.4693,0
1776751020000,5307.5,5307.5,5303.1,5303.1,1.834,1776751199999,9725.9381,338,0.005,26.5375,0
1776751200000,5303.1,5307.5,5302.2,5302.9,1.34,1776751379999,7106.0265,375,0.010,53.0750,0
1776751380000,5302.9,5307.5,5302.2,5303.2,1.95,1776751559999,10340.8821,365,0.020,106.1005,0
1776751560000,5307.5,5307.5,5302.1,5303.3,1.448,1776751739999,7678.9474,297,0.015,79.6125,0
1776751740000,5307.5,5307.5,5302.1,5303.2,1.765,1776751919999,9360.3031,385,0.064,339.4684,0
1776751920000,5303.2,5307.5,5302.1,5307.5,1.798,1776752099999,9537.6521,335,0.018,95.5308,0
1776752100000,5307.5,5309.2,5302.1,5309.2,1.447,1776752279999,7680.8728,273,1.442,7654.3623,0
1776752280000,5309.2,5309.4,5302.1,5309.2,141.801,1776752459999,752851.6125,462,141.719,752416.3635,0
1776752460000,5309.2,5309.2,5302.1,5309.2,1.648,1776752639999,8749.4551,312,1.633,8669.9236,0
1776752640000,5309.2,5309.2,5302.1,5309.2,1.388,1776752819999,7369.0631,251,1.373,7289.5316,0
1776752820000,5309.2,5309.2,5302.1,5309.2,1.546,1776752999999,8207.9522,307,1.536,8154.9312,0
1776753000000,5309.2,5309.2,5302.1,5308.2,1.619,1776753179999,8594.5729,293,0.672,3567.7500,0
1776753180000,5308.3,5308.3,5302.1,5303.1,0.761,1776753359999,4038.3395,147,0.138,732.1758,0
1776753360000,5303.1,5303.1,5302.0,5303.1,1.332,1776753539999,7063.0269,247,1.044,5536.0335,0
1776753540000,5303.1,5304.1,5301.9,5303.6,2.108,1776753719999,11179.7379,413,1.446,7669.0959,0
1776753720000,5304.1,5304.1,5301.9,5304.0,2.076,1776753899999,11010.8649,447,0.317,1681.3809,0
1776753900000,5304.0,5305.5,5304.0,5305.5,2.124,1776754079999,11267.3617,421,1.516,8042.0879,0
1776754080000,5305.5,5306.6,5305.5,5306.6,2.115,1776754259999,11221.5404,587,1.528,8107.2119,0
1776754260000,5306.6,5306.6,5304.0,5306.6,2.111,1776754439999,11202.2200,385,2.105,11170.3930,0
1776754440000,5306.6,5306.7,5304.0,5306.6,1.99,1776754619999,10560.1430,434,1.425,7561.9270,0
1776754620000,5306.6,5306.7,5301.9,5306.7,2.096,1776754799999,11122.7285,447,1.142,6060.2514,0
1776754800000,5306.7,5308.0,5301.9,5307.9,1.986,1776754979999,10540.2539,493,1.772,9404.4533,0
1776754980000,5308.0,5308.0,5307.9,5307.9,2.064,1776755159999,10955.5972,382,0.916,4862.1280,0
1776755160000,5307.9,5308.0,5301.9,5306.6,2.085,1776755339999,11065.2020,447,0.430,2282.3410,0
1776755340000,5306.6,5306.7,5305.7,5305.8,2.064,1776755519999,10951.7600,371,0.243,1289.3505,0
1776755520000,5305.8,5306.6,5305.7,5306.6,2.132,1776755699999,11312.0575,507,0.850,4510.1450,0
1776755700000,5306.6,5309.1,5301.9,5309.0,2.141,1776755879999,11365.8760,426,2.021,10728.8835,0
1776755880000,5309.1,5309.1,5301.9,5309.1,2.106,1776756059999,11180.6960,390,0.485,2574.9135,0
1776756060000,5309.1,5309.2,5301.9,5309.2,1.886,1776756239999,10012.8378,471,1.552,8239.7383,0
1776756240000,5309.2,5309.2,5301.9,5309.2,1.861,1776756419999,9880.3482,348,1.851,9827.3292,0
1776756420000,5309.2,5309.2,5301.9,5309.2,2.004,1776756599999,10639.5273,398,1.989,10559.9988,0
1776756600000,5309.2,5309.2,5301.9,5309.2,2.078,1776756779999,11032.4446,388,2.068,10979.4256,0
1776756780000,5309.2,5309.2,5301.9,5309.2,2.113,1776756959999,11218.2301,403,2.098,11138.7016,0
1776756960000,5309.2,5309.2,5301.9,5309.2,2.143,1776757139999,11377.5791,387,2.138,11351.0696,0
1776757140000,5309.2,5309.2,5301.9,5309.2,2.202,1776757319999,11690.7489,418,2.187,11611.2204,0
1776757320000,5309.2,5309.2,5301.9,5309.2,2.188,1776757499999,11616.4201,404,2.173,11536.8916,0
1776757500000,5309.2,5309.2,5301.9,5309.2,2.199,1776757679999,11674.8943,393,2.194,11648.3848,0
1776757680000,5309.2,5309.2,5309.2,5309.2,2.056,1776757859999,10915.7152,372,2.056,10915.7152,0
1776757860000,5309.2,5309.2,5309.2,5309.2,2.13,1776758039999,11308.5960,387,2.130,11308.5960,0
1776758040000,5309.2,5309.2,5309.2,5309.2,2.125,1776758219999,11282.0500,377,2.125,11282.0500,0
1776758220000,5309.2,5309.2,5301.9,5309.2,1.799,1776758399999,9551.2143,320,1.794,9524.7048,0
1776758400000,5309.2,5309.2,5301.9,5309.2,1.89,1776758579999,10034.3807,340,1.889,10029.0788,0
1776758580000,5309.2,5309.2,5302.0,5309.2,2.104,1776758759999,11170.4848,391,2.094,11117.4648,0
1776758760000,5309.2,5309.2,5302.0,5309.2,2.043,1776758939999,10846.5876,381,2.028,10767.0576,0
1776758940000,5309.2,5309.2,5301.9,5309.2,2.138,1776759119999,11350.9605,403,2.123,11271.4316,0
1776759120000,5309.2,5309.2,5301.9,5309.2,2.011,1776759299999,10676.6917,371,1.996,10597.1632,0
1776759300000,5309.2,5309.2,5301.9,5309.2,2.013,1776759479999,10687.3101,392,1.998,10607.7816,0
1776759480000,5309.2,5309.2,5301.9,5309.2,1.877,1776759659999,9965.2589,352,1.862,9885.7304,0
1776759660000,5309.2,5309.2,5301.9,5309.2,1.747,1776759839999,9275.0629,338,1.732,9195.5344,0
1776759840000,5309.2,5309.2,5301.9,5309.2,1.611,1776760019999,8553.0117,301,1.596,8473.4832,0
1776760020000,5309.2,5309.2,5301.9,5309.2,1.838,1776760199999,9758.2001,355,1.823,9678.6716,0
1776760200000,5309.2,5309.2,5301.9,5309.2,1.546,1776760379999,8207.9502,281,1.536,8154.9312,0
1776760380000,5309.2,5309.2,5301.9,5309.2,1.556,1776760559999,8261.0057,301,1.541,8181.4772,0
1776760560000,5309.2,5309.2,5301.9,5309.2,1.937,1776760739999,10283.8109,364,1.922,10204.2824,0
1776760740000,5309.2,5309.2,5301.9,5309.2,1.369,1776760919999,7268.1853,261,1.354,7188.6568,0
1776760920000,5309.2,5309.2,5301.9,5309.2,1.384,1776761099999,7347.8233,262,1.369,7268.2948,0
1776761100000,5309.2,5309.2,5301.9,5309.2,1.265,1776761279999,6716.0285,246,1.250,6636.5000,0
1776761280000,5309.2,5309.2,5301.9,5309.2,32.955,1776761459999,174964.5765,269,32.940,174885.0480,0
1776761460000,5309.2,5326.0,5301.9,5326.0,97.037,1776761639999,516006.7924,293,97.011,515868.7010,0
1776761640000,5326.0,5326.6,5301.9,5326.6,8.83,1776761819999,47032.3645,325,7.864,41887.8095,0
1776761820000,5326.6,5327.6,5325.6,5326.4,1.63,1776761999999,8682.5861,325,0.646,3441.1636,0
1776762000000,5326.4,5327.6,5325.5,5326.0,4.123,1776762179999,21958.5694,333,0.306,1629.9869,0
1776762180000,5326.0,5326.2,5301.9,5323.3,2.312,1776762359999,12309.8732,491,0.786,4185.2833,0
1776762360000,5323.4,5323.4,5321.8,5323.4,33.459,1776762539999,178083.0137,410,8.928,47524.3065,0
1776762540000,5323.6,5323.9,5321.6,5321.8,19.705,1776762719999,104873.9757,346,0.364,1937.7075,0
1776762720000,5322.6,5322.6,5321.6,5322.1,15.207,1776762899999,80926.2089,441,0.526,2799.5039,0
1776762900000,5322.1,5322.2,5319.5,5319.5,285.086,1776763079999,1516990.4794,547,0.124,659.9509,0
1776763080000,5319.5,5319.5,5318.2,5318.2,42.295,1776763259999,224951.3177,377,0.055,292.5165,0
1776763260000,5318.4,5318.4,5314.5,5314.5,65.138,1776763439999,346299.1407,381,0.015,79.7590,0
1776763440000,5314.5,5314.7,5311.1,5311.1,92.337,1776763619999,490590.6561,507,0.005,26.5735,0
1776763620000,5311.1,5311.1,5304.7,5304.7,185.269,1776763799999,983625.0615,513,0.005,26.5375,0
1776763800000,5304.7,5304.8,5302.3,5302.3,187.152,1776763979999,992657.2613,503,0.065,344.8120,0
1776763980000,5302.3,5302.6,5301.2,5301.5,34.708,1776764159999,184012.8744,402,0.432,2290.5323,0
1776764160000,5301.5,5302.2,5300.8,5300.8,23.999,1776764339999,127220.8105,409,0.200,1060.3675,0
1776764340000,5300.8,5300.9,5300.0,5300.0,49.009,1776764519999,259773.7681,344,0.032,169.6288,0
1776764520000,5300.0,5302.1,5300.0,5300.0,49.411,1776764699999,261918.9739,309,35.687,189173.1669,0
1776764700000,5300.0,5301.0,5300.0,5301.0,1.671,1776764879999,8856.5413,320,0.563,2984.0935,0
1776764880000,5301.0,5302.7,5301.0,5301.0,147.951,1776765059999,784407.1899,474,147.223,780547.8399,0
1776765060000,5301.0,5302.8,5301.0,5302.8,6.787,1776765239999,35989.1843,311,5.646,29939.5633,0
1776765240000,5302.8,5302.8,5301.0,5301.0,69.309,1776765419999,367489.3815,353,0.079,418.9172,0
1776765420000,5302.0,5302.0,5300.5,5300.5,1.334,1776765599999,7071.0184,284,0.010,53.0170,0
1776765600000,5300.5,5301.4,5298.7,5298.7,1.335,1776765779999,7075.7693,297,0.005,26.5070,0
1776765780000,5301.4,5301.4,5297.7,5301.1,1.041,1776765959999,5516.2499,223,0.015,79.5210,0
1776765960000,5301.4,5302.0,5301.0,5302.0,1.653,1776766139999,8763.1686,311,0.728,3859.7010,0
1776766140000,5302.0,5302.0,5301.2,5301.2,1.358,1776766319999,7199.2635,260,0.154,816.4156,0
1776766320000,5301.2,5302.0,5297.7,5302.0,1.618,1776766499999,8577.9553,295,0.853,4522.5548,0
1776766500000,5302.0,5302.0,5300.5,5302.0,1.556,1776766679999,8249.5981,291,1.195,6335.8820,0
1776766680000,5302.0,5302.0,5297.7,5302.0,1.21,1776766859999,6415.3770,228,1.200,6362.4000,0
1776766860000,5302.0,5302.0,5297.7,5302.0,1.526,1776767039999,8090.8305,296,1.521,8064.3420,0
1776767040000,5302.0,5302.0,5297.7,5302.0,1.823,1776767219999,9665.5030,343,1.813,9612.5260,0
1776767220000,5302.0,5302.0,5301.7,5302.0,1.713,1776767399999,9082.3182,327,1.653,8764.2060,0
1776767400000,5302.0,5302.0,5297.7,5302.0,1.7,1776767579999,9013.3567,304,1.585,8403.6700,0
1776767580000,5302.0,5302.0,5302.0,5302.0,1.857,1776767759999,9845.8140,323,1.857,9845.8140,0
1776767760000,5302.0,5302.0,5297.7,5302.0,1.781,1776767939999,9442.8405,330,1.776,9416.3520,0
1776767940000,5302.0,5302.0,5302.0,5302.0,1.744,1776768119999,9246.6880,337,1.744,9246.6880,0
1776768120000,5302.0,5302.0,5297.7,5302.0,1.459,1776768299999,7735.5965,277,1.454,7709.1080,0
1776768300000,5302.0,5302.0,5297.7,5302.0,1.32,1776768479999,6998.6185,255,1.315,6972.1300,0
1776768480000,5302.0,5302.0,5297.7,5302.0,1.633,1776768659999,8658.1445,309,1.628,8631.6560,0
1776768660000,5302.0,5302.0,5302.0,5302.0,1.306,1776768839999,6924.4120,224,1.306,6924.4120,0
1776768840000,5302.0,5302.0,5297.7,5302.0,1.493,1776769019999,7915.8430,277,1.483,7862.8660,0
1776769020000,5302.0,5302.0,5297.7,5302.0,1.537,1776769199999,8149.1525,291,1.532,8122.6640,0
1776769200000,5302.0,5302.0,5297.7,5302.0,1.365,1776769379999,7237.1870,251,1.355,7184.2100,0
1776769380000,5302.0,5302.0,5302.0,5302.0,1.627,1776769559999,8626.3540,294,1.627,8626.3540,0
1776769560000,5302.0,5302.0,5297.7,5302.0,1.696,1776769739999,8992.1404,318,1.684,8928.5680,0
1776769740000,5302.0,5302.0,5297.7,5302.0,1.387,1776769919999,7353.8095,261,1.372,7274.3440,0
1776769920000,5302.0,5302.0,5297.7,5302.0,1.579,1776770099999,8371.7935,298,1.564,8292.3280,0
1776770100000,5302.0,5320.4,5297.7,5320.4,105.165,1776770279999,558833.5912,386,105.155,558780.6142,0
1776770280000,5320.4,5321.0,5297.7,5321.0,15.027,1776770459999,79956.7019,252,14.896,79259.8195,0
1776770460000,5321.0,5321.1,5297.7,5321.1,64.171,1776770639999,341457.0625,238,63.815,339563.0990,0
1776770640000,5321.1,5323.0,5297.7,5323.0,106.183,1776770819999,565099.6409,373,106.146,564903.1068,0
1776770820000,5323.0,5327.8,5297.7,5327.8,85.749,1776770999999,456658.1541,268,85.734,456578.6886,0
1776771000000,5327.8,5329.0,5297.7,5327.8,15.705,1776771179999,83686.4258,283,15.451,82333.7651,0
1776771180000,5327.9,5329.4,5297.7,5328.8,30.624,1776771359999,163194.8873,346,19.978,106464.5914,0
1776771360000,5328.9,5330.2,5328.7,5330.0,7.703,1776771539999,41047.5909,216,0.477,2542.1771,0
1776771540000,5330.2,5331.9,5329.3,5331.9,1.3,1776771719999,6929.8642,302,1.030,5490.7242,0
1776771720000,5331.9,5332.1,5327.2,5327.4,2.01,1776771899999,10712.4748,406,0.233,1242.3515,0
1776771900000,5332.1,5332.1,5326.3,5328.2,2.019,1776772079999,10756.7759,381,0.015,79.9815,0
1776772080000,5332.1,5332.1,5326.3,5328.1,1.994,1776772259999,10622.3930,440,0.089,474.1651,0
1776772260000,5328.1,5332.1,5328.0,5330.3,1.938,1776772439999,10329.1044,369,0.011,58.6451,0
1776772440000,5330.3,5330.5,5328.7,5328.7,2.05,1776772619999,10924.6693,373,0,0,0
1776772620000,5332.1,5332.1,5326.9,5329.6,1.964,1776772799999,10464.9193,372,0.010,53.3210,0
1776772800000,5329.6,5330.4,5325.9,5328.3,2.008,1776772979999,10698.4527,393,0,0,0
1776772980000,5328.3,5332.1,5325.4,5325.4,3.038,1776773159999,16188.1151,378,1.003,5348.0963,0
1776773160000,5325.4,5327.9,5324.6,5327.9,1.836,1776773339999,9779.0574,352,0,0,0
1776773340000,5327.9,5327.9,5325.3,5327.5,2.025,1776773519999,10786.5708,352,0,0,0
1776773520000,5327.5,5327.5,5324.3,5324.5,1.902,1776773699999,10130.1536,373,0,0,0
1776773700000,5324.5,5325.9,5324.2,5324.4,2.062,1776773879999,10980.0371,378,0,0,0
1776773880000,5324.4,5327.3,5324.4,5326.6,2.157,1776774059999,11488.8110,397,0,0,0
1776774060000,5326.6,5327.3,5325.7,5327.2,2.164,1776774239999,11526.8039,434,0,0,0
1776774240000,5327.5,5327.5,5326.4,5327.5,2.081,1776774419999,11085.5666,415,0,0,0
1776774420000,5327.5,5327.5,5326.7,5326.8,2.103,1776774599999,11202.5252,397,0.037,197.1101,0
1776774600000,5326.8,5331.2,5326.6,5327.3,1.919,1776774779999,10225.2409,502,0.737,3927.3261,0
1776774780000,5327.3,5330.2,5327.2,5329.2,1.906,1776774959999,10157.6969,360,0,0,0
1776774960000,5329.2,5329.8,5326.2,5326.2,1.903,1776775139999,10139.7059,419,0,0,0
1776775140000,5326.2,5326.6,5323.9,5323.9,1.926,1776775319999,10256.9466,391,0,0,0
1776775320000,5323.9,5323.9,5321.8,5321.8,1.904,1776775499999,10134.0578,344,0,0,0
1776775500000,5321.8,5323.8,5321.8,5323.7,1.708,1776775679999,9092.0395,327,0,0,0
1776775680000,5323.7,5332.1,5320.5,5320.5,2.683,1776775859999,14289.0670,366,0.948,5054.8218,0
1776775860000,5320.5,5320.5,5315.6,5317.4,1.838,1776776039999,9774.6386,385,0,0,0
1776776040000,5317.4,5320.3,5316.3,5319.9,1.881,1776776219999,10003.5813,362,0,0,0
1776776220000,5319.9,5319.9,5317.2,5318.0,2.008,1776776399999,10679.2708,461,0,0,0
1776776400000,5318.0,5320.1,5318.0,5319.6,1.852,1776776579999,9852.3416,386,0,0,0
1776776580000,5319.1,5319.1,5317.0,5317.0,1.868,1776776759999,9933.7353,374,0,0,0
1776776760000,5317.0,5319.3,5316.5,5319.3,2.04,1776776939999,10847.7704,368,0,0,0
1776776940000,5319.3,5322.3,5318.5,5322.3,1.91,1776777119999,10161.1045,365,0,0,0
1776777120000,5322.3,5322.3,5316.5,5320.4,2.965,1776777299999,15772.0607,403,0.093,494.7657,0
1776777300000,5320.4,5320.8,5319.7,5319.7,2.169,1776777479999,11539.9762,497,0.827,4400.2842,0
1776777480000,5319.7,5321.8,5319.5,5319.5,2.018,1776777659999,10737.4607,479,0.846,4502.0525,0
1776777660000,5319.5,5320.9,5319.5,5320.0,2.022,1776777839999,10757.2119,367,0,0,0
1776777840000,5320.0,5321.2,5319.5,5319.6,1.871,1776778019999,9953.7698,344,0,0,0
1776778020000,5319.6,5320.0,5316.5,5319.3,1.841,1776778199999,9792.9052,339,0,0,0
1776778200000,5319.3,5319.3,5316.1,5316.1,2.025,1776778379999,10767.7225,402,0,0,0
1776778380000,5316.1,5316.1,5312.7,5312.7,2.86,1776778559999,15198.4543,433,0,0,0
1776778560000,5312.7,5314.9,5311.1,5311.1,1.953,1776778739999,10375.2939,382,0,0,0
1776778740000,5311.1,5311.7,5310.9,5310.9,1.875,1776778919999,9958.5660,430,0,0,0
1776778920000,5310.9,5313.9,5310.8,5313.9,1.918,1776779099999,10189.8496,398,0,0,0
1776779100000,5313.9,5313.9,5308.1,5308.7,1.901,1776779279999,10094.3405,390,0,0,0
1776779280000,5308.1,5308.2,5305.2,5305.2,1.878,1776779459999,9965.7381,391,0,0,0
1776779460000,5305.2,5321.8,5302.7,5302.9,1.776,1776779639999,9419.6972,346,0.003,15.9654,0
1776779640000,5302.7,5304.0,5301.1,5304.0,1.694,1776779819999,8982.1874,341,0,0,0
1776779820000,5304.4,5304.5,5300.9,5301.1,1.754,1776779999999,9300.7607,326,0,0,0
1776780000000,5301.1,5301.5,5298.6,5298.6,1.807,1776780179999,9577.5339,353,0,0,0
1776780180000,5298.6,5332.1,5298.5,5298.5,2.854,1776780359999,15151.8659,361,0.891,4750.8496,0
1776780360000,5298.5,5298.6,5298.5,5298.6,2.025,1776780539999,10729.4728,367,0,0,0
1776780540000,5298.6,5298.9,5298.5,5298.9,2.068,1776780719999,10957.4384,372,0,0,0
1776780720000,5298.9,5298.9,5298.5,5298.8,1.969,1776780899999,10432.9491,376,0,0,0
1776780900000,5298.9,5300.7,5298.9,5299.5,1.926,1776781079999,10207.7066,422,0,0,0
1776781080000,5299.5,5303.2,5299.4,5303.2,1.92,1776781259999,10178.4755,397,0,0,0
1776781260000,5303.2,5303.7,5302.6,5302.6,2.062,1776781439999,10934.5067,448,0,0,0
1776781440000,5302.6,5302.6,5301.1,5301.1,1.815,1776781619999,9622.2920,342,0,0,0
1776781620000,5301.2,5332.1,5298.5,5298.5,2.028,1776781799999,10749.1116,413,0.038,202.6198,0
1776781800000,5298.5,5298.6,5298.5,5298.5,1.89,1776781979999,10014.1661,343,0,0,0
1776781980000,5298.5,5298.5,5295.6,5296.7,2.078,1776782159999,11007.1594,386,0,0,0
1776782160000,5296.7,5298.5,5296.4,5298.2,1.862,1776782339999,9864.4258,350,0,0,0
1776782340000,5298.2,5300.8,5297.5,5300.8,1.632,1776782519999,8646.3671,297,0,0,0
1776782520000,5299.7,5302.9,5299.7,5302.4,1.772,1776782699999,9392.9737,333,0,0,0
1776782700000,5302.4,5305.6,5302.4,5305.2,1.681,1776782879999,8915.5781,352,0.093,493.3550,0
1776782880000,5305.2,5308.4,5303.8,5303.8,1.747,1776783059999,9269.4868,411,0.245,1300.1320,0
1776783060000,5303.8,5303.8,5298.4,5299.5,1.847,1776783239999,9791.5023,410,0,0,0
1776783240000,5299.5,5301.3,5297.5,5297.6,1.898,1776783419999,10059.4539,386,0,0,0
1776783420000,5297.6,5297.8,5293.0,5293.0,1.848,1776783599999,9786.1620,441,0,0,0
1776783600000,5293.0,5297.3,5292.4,5296.4,1.849,1776783779999,9791.4383,358,0,0,0
1776783780000,5296.3,5299.2,5295.9,5296.7,1.914,1776783959999,10138.2034,420,0,0,0
1776783960000,5296.7,5297.8,5295.3,5295.4,1.912,1776784139999,10126.8089,392,0,0,0
1776784140000,5295.4,5295.4,5291.6,5291.6,2.046,1776784319999,10832.9478,397,0,0,0
1776784320000,5291.6,5292.3,5291.1,5291.1,2.14,1776784499999,11324.2395,425,0,0,0
1776784500000,5291.2,5291.4,5290.7,5290.7,1.942,1776784679999,10275.1368,414,0,0,0
1776784680000,5290.7,5293.4,5290.7,5292.6,1.845,1776784859999,9763.8166,360,0,0,0
1776784860000,5292.6,5332.1,5292.1,5293.4,5.478,1776785039999,29047.5479,421,1.414,7539.5183,0
1776785040000,5293.4,5293.4,5292.3,5293.2,2.038,1776785219999,10786.6619,390,0,0,0
1776785220000,5293.2,5294.6,5292.5,5294.6,2.06,1776785399999,10904.7493,426,0,0,0
1776785400000,5294.6,5296.0,5293.9,5293.9,2.076,1776785579999,10992.2611,406,0,0,0
1776785580000,5293.9,5294.0,5293.1,5293.1,2.04,1776785759999,10799.0894,467,0,0,0
1776785760000,5293.1,5295.3,5292.2,5292.2,2.016,1776785939999,10672.3954,413,0,0,0
1776785940000,5292.2,5292.2,5291.4,5291.4,1.987,1776786119999,10514.4283,419,0,0,0
1776786120000,5291.4,5292.1,5291.2,5291.4,2.123,1776786299999,11233.8603,442,0,0,0
1776786300000,5291.4,5291.8,5289.6,5289.6,2.021,1776786479999,10693.1535,415,0,0,0
1776786480000,5289.6,5289.6,5288.6,5288.9,2.158,1776786659999,11413.9389,431,0,0,0
1776786660000,5288.9,5288.9,5286.8,5287.9,2.133,1776786839999,11278.6051,421,0,0,0
1776786840000,5287.9,5291.1,5287.7,5290.7,1.833,1776787019999,9695.2068,352,0,0,0
1776787020000,5290.7,5291.2,5288.4,5290.0,2.153,1776787199999,11388.3616,393,0,0,0
1776787200000,5332.1,5332.1,5287.4,5287.4,2.673,1776787379999,14145.0372,307,1.108,5868.7436,0
1776787380000,5287.4,5290.9,5287.2,5290.9,3.471,1776787559999,18357.0678,354,0,0,0
1776787560000,5290.9,5293.6,5290.2,5293.6,1.858,1776787739999,9832.2539,396,0.730,3863.5756,0
1776787740000,5293.6,5293.8,5287.2,5293.4,1.914,1776787919999,10130.4608,330,0.469,2482.6130,0
1776787920000,5293.2,5293.2,5291.0,5291.0,2.104,1776788099999,11133.8520,400,0,0,0
1776788100000,5291.0,5291.1,5288.0,5288.2,2.02,1776788279999,10684.4818,448,0.964,5098.6034,0
1776788280000,5288.2,5290.3,5287.8,5290.3,2.015,1776788459999,10656.9967,479,1.365,7219.9008,0
1776788460000,5290.3,5292.0,5290.3,5292.0,2.142,1776788639999,11331.9428,430,2.142,11331.9428,0
1776788640000,5292.0,5293.4,5291.4,5291.5,2.136,1776788819999,11304.3786,538,1.097,5805.8980,0
1776788820000,5291.5,5292.3,5290.2,5292.3,1.937,1776788999999,10248.8523,387,0.900,4762.3657,0
1776789000000,5292.3,5294.0,5292.3,5292.5,2.034,1776789179999,10766.1824,386,1.633,8643.7704,0
1776789180000,5292.5,5292.5,5290.0,5292.0,1.906,1776789359999,10085.0371,374,0.432,2285.9986,0
1776789360000,5292.0,5293.5,5291.5,5292.3,2.126,1776789539999,11252.0941,418,0.792,4191.8763,0
1776789540000,5292.3,5292.7,5290.1,5290.1,1.829,1776789719999,9678.2678,347,0,0,0
1776789720000,5290.1,5291.3,5288.4,5288.7,1.875,1776789899999,9918.2670,353,0,0,0
1776789900000,5288.7,5293.5,5288.7,5291.5,2.781,1776790079999,14715.3007,397,0.707,3742.5045,0
1776790080000,5291.5,5293.8,5291.5,5293.8,2.125,1776790259999,11247.3917,386,0.448,2371.5844,0
1776790260000,5293.8,5296.1,5293.8,5295.1,2.045,1776790439999,10827.9212,402,1.453,7693.2959,0
1776790440000,5295.1,5296.2,5294.9,5296.2,2.021,1776790619999,10702.9837,386,1.340,7096.8711,0
1776790620000,5296.2,5297.6,5296.2,5296.7,1.972,1776790799999,10444.9585,465,1.562,8273.1249,0
1776790800000,5296.7,5298.0,5296.0,5297.9,2.082,1776790979999,11028.6903,415,0.813,4307.1118,0
1776790980000,5297.9,5298.0,5297.9,5298.0,1.886,1776791159999,9991.9634,362,1.240,6569.5200,0
1776791160000,5298.0,5298.4,5297.9,5297.9,2.009,1776791339999,10643.7415,404,0.465,2463.6617,0
1776791340000,5297.9,5298.4,5297.9,5297.9,1.956,1776791519999,10363.3339,365,1.250,6622.8687,0
1776791520000,5297.9,5299.5,5297.9,5299.5,2.07,1776791699999,10968.2438,460,1.620,8584.1585,0
1776791700000,5299.5,5300.3,5299.5,5299.9,1.853,1776791879999,9820.9250,367,1.349,7149.6926,0
1776791880000,5299.9,5299.9,5299.0,5299.0,1.692,1776792059999,8966.1779,325,0.143,757.8548,0
1776792060000,5299.0,5299.0,5296.1,5298.9,1.899,1776792239999,10060.4298,391,1.566,8296.4843,0
1776792240000,5298.9,5300.5,5297.7,5300.3,1.857,1776792419999,9840.1534,345,0.557,2951.8181,0
1776792420000,5300.2,5303.2,5300.2,5303.2,1.791,1776792599999,9495.4694,392,1.733,9187.9918,0
1776792600000,5303.2,5305.5,5303.1,5305.5,2.043,1776792779999,10835.5202,402,1.862,9875.6591,0
1776792780000,5305.5,5307.0,5305.5,5305.9,6.352,1776792959999,33704.6618,484,5.731,30409.5585,0
1776792960000,5305.9,5306.6,5305.1,5305.1,1.981,1776793139999,10511.8148,392,1.633,8665.3482,0
1776793140000,5305.1,5305.5,5287.2,5305.1,6.138,1776793319999,32483.0732,336,0.820,4349.9223,0
1776793320000,5305.1,5305.4,5302.7,5303.1,1.784,1776793499999,9462.3058,389,0.952,5049.7063,0
1776793500000,5303.1,5304.6,5301.7,5301.8,17.722,1776793679999,93977.2678,387,0.203,1076.6866,0
1776793680000,5301.8,5304.8,5301.2,5304.8,34.861,1776793859999,184814.1800,446,1.451,7694.2684,0
1776793860000,5304.8,5306.7,5301.2,5306.2,2.024,1776794039999,10737.9414,409,0.963,5109.0841,0
1776794040000,5306.2,5307.0,5303.1,5305.0,2.145,1776794219999,11380.9021,362,0.301,1597.3711,0
1776794220000,5305.0,5305.4,5302.8,5303.0,2.073,1776794399999,10996.4756,371,0,0,0
1776794400000,5303.0,5306.7,5301.2,5306.7,2.11,1776794579999,11193.5285,372,0,0,0
1776794580000,5306.7,5307.4,5301.8,5305.9,2.11,1776794759999,11194.9050,397,0.502,2664.2202,0
1776794760000,5305.9,5307.8,5303.0,5306.4,2.057,1776794939999,10915.6474,398,0.557,2956.2373,0
1776794940000,5306.4,5308.0,5304.1,5307.2,2.136,1776795119999,11335.5818,389,0.274,1454.2512,0
1776795120000,5307.2,5308.0,5303.6,5305.2,2.027,1776795299999,10754.2999,514,1.038,5507.6317,0
1776795300000,5305.2,5305.3,5300.2,5300.2,15.981,1776795479999,84715.5111,538,0.116,615.2760,0
1776795480000,5300.2,5300.6,5299.5,5299.9,7.643,1776795659999,40506.0256,417,0.440,2331.9628,0
1776795660000,5299.9,5299.9,5298.4,5298.4,205.031,1776795839999,1086480.1216,709,0.374,1982.1541,0
1776795840000,5298.4,5298.5,5297.0,5297.0,53.128,1776796019999,281472.3531,549,0.301,1594.7931,0
1776796020000,5297.0,5297.0,5295.4,5296.3,82.571,1776796199999,437312.1123,422,0.104,550.8279,0
1776796200000,5296.3,5296.7,5295.4,5295.4,48.98,1776796379999,259408.9607,419,0.027,142.9977,0
1776796380000,5295.4,5295.5,5293.1,5293.1,113.693,1776796559999,601973.9918,608,0.497,2631.3746,0
1776796560000,5293.1,5293.4,5291.5,5291.6,109.59,1776796739999,579995.4874,600,0.216,1143.1461,0
1776796740000,5291.6,5291.7,5291.5,5291.5,19.995,1776796919999,105803.6578,403,0.921,4873.5868,0
1776796920000,5291.5,5291.5,5290.6,5290.6,28.331,1776797099999,149904.9078,586,0.030,158.7240,0
1776797100000,5290.6,5290.7,5290.6,5290.6,2.077,1776797279999,10988.6846,461,1.084,5735.1188,0
1776797280000,5290.6,5291.1,5290.6,5290.7,35.668,1776797459999,188719.0265,376,34.699,183592.3200,0
1776797460000,5290.7,5290.9,5285.8,5289.5,385.515,1776797639999,2038958.6773,684,0.856,4526.9670,0
1776797640000,5289.5,5290.1,5287.6,5287.7,1.94,1776797819999,10260.3758,381,0.997,5273.5225,0
1776797820000,5287.7,5287.8,5284.2,5284.2,74.202,1776797999999,392156.1830,444,0.203,1073.3153,0
1776798000000,5284.2,5287.1,5281.1,5281.1,147.656,1776798179999,780099.3628,509,0.588,3108.2471,0
1776798180000,5281.1,5282.7,5280.7,5281.7,17.664,1776798359999,93284.4635,442,0.876,4626.8693,0
1776798360000,5280.7,5281.7,5279.7,5279.7,50.312,1776798539999,265660.1410,415,8.890,46951.4000,0
1776798540000,5279.7,5280.8,5279.5,5279.5,5.029,1776798719999,26552.3893,427,0.624,3294.9522,0
1776798720000,5279.8,5281.2,5279.3,5281.2,26.091,1776798899999,137754.7992,396,1.132,5977.5394,0
1776798900000,5281.2,5281.4,5279.5,5279.8,41.013,1776799079999,216573.9176,387,20.515,108345.5928,0
1776799080000,5279.5,5282.0,5279.3,5282.0,157.255,1776799259999,830457.4922,434,149.328,788607.8946,0
1776799260000,5282.0,5282.0,5280.3,5281.3,70.964,1776799439999,374743.9317,367,51.473,271817.8469,0
1776799440000,5281.3,5281.3,5280.4,5280.7,4.781,1776799619999,25246.3995,356,3.206,16929.3845,0
1776799620000,5280.7,5282.3,5280.5,5282.3,194.918,1776799799999,1029445.6094,497,182.791,965406.5357,0
1776799800000,5282.3,5285.5,5282.3,5285.5,116.896,1776799979999,617774.6936,471,113.915,602024.7598,0
1776799980000,5285.5,5287.5,5285.5,5287.5,93.214,1776800159999,492760.1419,593,93.214,492760.1419,0
1776800160000,5287.5,5290.6,5286.5,5289.3,100.024,1776800339999,529035.8512,398,53.091,280780.5654,0
1776800340000,5289.3,5291.2,5287.6,5287.6,38.331,1776800519999,202796.9949,335,37.126,196422.8572,0
1776800520000,5287.6,5288.6,5285.8,5287.9,1.666,1776800699999,8808.9600,315,0,0,0
1776800700000,5287.9,5288.1,5287.0,5287.0,1.815,1776800879999,9597.1895,345,0,0,0
1776800880000,5287.0,5287.2,5286.6,5287.1,1.651,1776801059999,8728.8461,316,0,0,0
1776801060000,5287.1,5289.3,5287.1,5289.3,1.802,1776801239999,9528.8112,335,0,0,0
1776801240000,5289.3,5289.3,5289.0,5289.1,1.574,1776801419999,8324.9949,362,0.097,513.0427,0
1776801420000,5289.1,5289.4,5288.3,5289.4,1.787,1776801599999,9451.4710,355,0.102,539.5014,0
1776801600000,5288.3,5294.6,5288.3,5294.6,1.58,1776801779999,8362.4522,332,1.332,7050.6034,0
1776801780000,5294.6,5295.2,5289.8,5289.8,1.631,1776801959999,8635.5870,323,1.433,7587.4036,0
1776801960000,5289.8,5292.3,5289.2,5290.5,22.786,1776802139999,120581.5711,441,0.388,2052.6147,0
1776802140000,5290.5,5290.6,5285.2,5286.5,511.987,1776802319999,2707448.5015,604,11.047,58442.9488,0
1776802320000,5286.5,5286.8,5284.5,5286.8,39.944,1776802499999,211101.7355,509,0.875,4625.7702,0
1776802500000,5286.8,5286.9,5282.0,5284.0,1.715,1776802679999,9061.9858,344,0.174,919.9131,0
1776802680000,5283.9,5287.1,5283.9,5286.2,1.946,1776802859999,10286.2821,366,0.319,1686.5752,0
1776802860000,5286.2,5289.1,5286.1,5289.1,2.184,1776803039999,11548.6458,438,1.842,9740.2942,0
1776803040000,5289.1,5292.2,5289.1,5290.9,1.94,1776803219999,10263.5618,403,1.801,9528.0411,0
1776803220000,5290.8,5292.4,5289.5,5292.4,1.833,1776803399999,9697.2541,366,0.157,830.8922,0
1776803400000,5292.4,5293.5,5291.9,5292.8,2.181,1776803579999,11543.3214,410,1.282,6785.4773,0
1776803580000,5292.8,5292.8,5291.4,5292.5,1.923,1776803759999,10176.6127,382,0.333,1762.3778,0
1776803760000,5292.5,5293.4,5289.8,5291.1,1.944,1776803939999,10286.6774,455,0.672,3556.4121,0
1776803940000,5291.1,5292.1,5290.4,5292.1,1.869,1776804119999,9889.3923,379,1.057,5592.9377,0
1776804120000,5292.1,5292.5,5291.8,5292.1,2.134,1776804299999,11293.4605,440,1.469,7774.3383,0
1776804300000,5292.1,5295.0,5292.1,5294.5,2.077,1776804479999,10993.9578,410,1.497,7923.5376,0
1776804480000,5294.5,5294.5,5293.4,5293.4,2.046,1776804659999,10830.4320,393,0.516,2731.4900,0
1776804660000,5293.4,5293.4,5290.2,5290.2,2.116,1776804839999,11196.4611,512,0.356,1883.6225,0
1776804840000,5290.2,5290.7,5290.2,5290.7,2.279,1776805019999,12057.0794,492,1.421,7517.9194,0
1776805020000,5290.7,5291.0,5290.1,5290.8,2.076,1776805199999,10983.2912,391,1.616,8549.7988,0
1776805200000,5290.8,5293.5,5290.1,5293.5,2.157,1776805379999,11415.2705,485,2.152,11388.8200,0
1776805380000,5293.5,5296.5,5293.5,5296.5,2.327,1776805559999,12319.7236,413,2.134,11297.9237,0
1776805560000,5296.5,5297.2,5290.1,5294.7,2.094,1776805739999,11089.2216,425,0.870,4607.5097,0
1776805740000,5294.7,5296.3,5293.8,5294.2,1.963,1776805919999,10394.7347,386,0.768,4066.9307,0
1776805920000,5294.2,5294.3,5282.0,5291.0,2.041,1776806099999,10802.1390,387,0.698,3694.4319,0
1776806100000,5291.0,5292.4,5291.0,5292.4,1.981,1776806279999,10483.1686,428,1.674,8858.5356,0
1776806280000,5292.4,5292.4,5290.1,5290.1,1.938,1776806459999,10254.5910,571,0.403,2132.4933,0
1776806460000,5290.1,5290.5,5290.1,5290.2,2.086,1776806639999,11035.4008,518,1.139,6025.6558,0
1776806640000,5290.2,5290.6,5288.9,5289.7,2.057,1776806819999,10881.6001,493,1.007,5327.3005,0
1776806820000,5289.7,5292.5,5289.4,5292.5,2.195,1776806999999,11613.6903,432,1.570,8307.4991,0
1776807000000,5292.5,5292.7,5292.4,5292.7,2.117,1776807179999,11204.4272,518,1.456,7706.1144,0
1776807180000,5292.7,5294.7,5282.0,5292.2,2.08,1776807359999,11007.9242,410,1.848,9780.4096,0
1776807360000,5292.2,5292.2,5291.0,5291.9,1.93,1776807539999,10212.4678,486,0.298,1576.9739,0
1776807540000,5291.9,5294.0,5291.9,5294.0,2.07,1776807719999,10954.6530,415,2.070,10954.6530,0
1776807720000,5294.0,5294.0,5290.0,5291.7,2.054,1776807899999,10870.2122,444,0.586,3101.5115,0
1776807900000,5291.7,5292.6,5290.2,5290.2,2.264,1776808079999,11979.8842,503,0.803,4249.4261,0
1776808080000,5290.7,5291.0,5290.4,5290.9,2.052,1776808259999,10856.5977,387,0.714,3777.6557,0
1776808260000,5290.9,5291.0,5290.0,5290.9,2.139,1776808439999,11317.0037,425,1.317,6968.1461,0
1776808440000,5290.9,5292.5,5290.9,5292.5,2.206,1776808619999,11673.1324,453,1.421,7519.3798,0
1776808620000,5292.6,5293.2,5292.0,5292.8,2.14,1776808799999,11325.8364,394,0.167,883.9270,0
1776808800000,5292.8,5293.5,5292.4,5293.5,1.945,1776808979999,10294.8552,341,0.559,2959.0161,0
1776808980000,5293.5,5297.1,5293.5,5297.1,1.951,1776809159999,10330.6692,411,1.951,10330.6692,0
1776809160000,5297.1,5297.4,5282.0,5293.4,2.364,1776809339999,12516.9172,503,1.874,9923.3500,0
1776809340000,5293.4,5293.4,5290.1,5290.1,2.013,1776809519999,10652.2479,415,0.214,1132.7876,0
1776809520000,5290.1,5293.5,5282.0,5288.8,2.41,1776809699999,12747.5579,409,0.113,598.1582,0
1776809700000,5288.8,5289.7,5288.8,5289.7,2.121,1776809879999,11218.7376,398,0,0,0
1776809880000,5289.7,5290.9,5289.5,5290.8,2.104,1776810059999,11131.3380,390,0,0,0
1776810060000,5290.8,5291.6,5290.4,5291.2,1.96,1776810239999,10370.2308,368,0,0,0
1776810240000,5291.2,5292.7,5290.6,5292.7,2.027,1776810419999,10725.5794,385,0,0,0
1776810420000,5292.7,5293.5,5292.5,5292.5,2.144,1776810599999,11348.0479,383,0.411,2175.5978,0
1776810600000,5292.5,5294.3,5291.6,5294.3,2.036,1776810779999,10776.2699,457,1.654,8754.4025,0
1776810780000,5294.3,5294.9,5293.7,5294.7,2.081,1776810959999,11017.9767,394,0.919,4865.8843,0
1776810960000,5294.7,5295.3,5294.7,5295.0,1.985,1776811139999,10510.4213,478,1.010,5347.9618,0
1776811140000,5295.0,5295.7,5293.5,5293.5,2.193,1776811319999,11612.0109,485,0.698,3696.2742,0
1776811320000,5293.5,5294.3,5282.0,5294.3,2.1,1776811499999,11117.1578,453,1.549,8200.6207,0
1776811500000,5294.3,5295.0,5294.3,5295.0,2.238,1776811679999,11849.0191,436,2.238,11849.0191,0
1776811680000,5295.0,5297.3,5295.0,5297.3,2.116,1776811859999,11206.1739,484,2.116,11206.1739,0
1776811860000,5297.3,5297.8,5297.3,5297.7,2.286,1776812039999,12110.3581,544,1.738,9207.2185,0
1776812040000,5297.7,5297.8,5297.5,5297.5,2.033,1776812219999,10770.3409,369,1.184,6272.5952,0
1776812220000,5297.5,5297.8,5297.3,5297.8,1.804,1776812399999,9556.9659,383,0.921,4879.2345,0
1776812400000,5297.8,5299.6,5297.8,5297.8,2.028,1776812579999,10745.5950,437,1.332,7057.9542,0
1776812580000,5297.8,5299.2,5297.8,5299.2,2.249,1776812759999,11915.1627,456,1.423,7539.1799,0
1776812760000,5299.3,5299.5,5297.3,5298.2,2.076,1776812939999,10998.5874,455,0.073,386.8559,0
1776812940000,5298.2,5299.3,5298.1,5299.0,2.049,1776813119999,10856.3445,367,0,0,0
1776813120000,5299.0,5300.0,5298.0,5299.6,2.12,1776813299999,11234.1541,401,0.953,5050.4443,0
1776813300000,5299.6,5299.6,5298.8,5299.4,2.156,1776813479999,11424.8842,406,0.681,3608.9996,0
1776813480000,5299.4,5300.4,5299.3,5300.4,2.291,1776813659999,12141.7763,408,2.236,11850.3103,0
1776813660000,5300.4,5300.7,5300.4,5300.7,1.968,1776813839999,10431.3262,419,1.966,10420.7250,0
1776813840000,5300.7,5300.8,5300.2,5300.8,1.694,1776814019999,8979.3749,576,1.624,8608.3448,0
1776814020000,5300.8,5301.5,5300.8,5301.5,2.143,1776814199999,11360.0558,439,2.143,11360.0558,0
1776814200000,5301.5,5301.9,5300.7,5300.7,2.012,1776814379999,10666.8672,432,1.591,8435.2564,0
1776814380000,5300.7,5300.7,5300.2,5300.6,1.938,1776814559999,10271.8549,364,0,0,0
1776814560000,5300.6,5303.7,5300.6,5302.1,2.017,1776814739999,10694.6304,431,1.026,5440.8257,0
1776814740000,5302.1,5303.1,5302.0,5303.1,2.023,1776814919999,10726.9710,397,1.626,8621.9814,0
1776814920000,5303.1,5306.6,5302.4,5306.5,1.982,1776815099999,10512.7559,408,1.324,7023.4750,0
1776815100000,5306.5,5310.9,5306.5,5310.9,2.02,1776815279999,10722.8929,416,2.001,10622.0694,0
1776815280000,5310.9,5312.1,5310.9,5312.1,2.029,1776815459999,10776.7857,398,1.925,10224.3377,0
1776815460000,5312.1,5315.6,5312.0,5314.7,2.109,1776815639999,11206.0815,425,1.411,7497.7018,0
1776815640000,5314.7,5315.3,5314.5,5315.3,2.176,1776815819999,11565.2332,429,1.117,5936.8525,0
1776815820000,5315.2,5315.2,5312.8,5312.8,21.666,1776815999999,115126.7609,458,0.033,175.3587,0
1776816000000,5312.8,5314.1,5312.8,5314.0,1.644,1776816179999,8736.0457,339,0.973,5170.4806,0
1776816180000,5314.0,5316.4,5314.0,5316.4,251.371,1776816359999,1335943.0334,546,251.175,1334901.4894,0
1776816360000,5316.4,5318.7,5316.2,5316.2,104.468,1776816539999,555487.0241,450,103.372,549658.7820,0
1776816540000,5315.9,5316.4,5311.3,5311.3,2.041,1776816719999,10846.6134,399,0,0,0
1776816720000,5311.3,5315.5,5310.9,5315.5,2.122,1776816899999,11272.3067,401,0,0,0
1776816900000,5315.5,5316.5,5312.2,5312.2,2.049,1776817079999,10889.0237,405,0,0,0
1776817080000,5312.2,5312.4,5310.9,5310.9,2.136,1776817259999,11345.2734,440,0,0,0
1776817260000,5310.9,5312.9,5310.9,5312.7,2.035,1776817439999,10810.2505,377,0,0,0
1776817440000,5312.7,5313.3,5311.3,5311.7,2.143,1776817619999,11384.4179,375,0,0,0
1776817620000,5311.7,5312.0,5310.6,5310.6,2.036,1776817799999,10813.5295,447,0,0,0
1776817800000,5310.6,5313.5,5309.6,5313.5,2.118,1776817979999,11250.8183,379,0,0,0
1776817980000,5313.5,5314.6,5312.9,5314.6,1.96,1776818159999,10415.7794,358,0,0,0
1776818160000,5314.6,5315.2,5312.8,5314.9,1.93,1776818339999,10256.1675,353,0,0,0
1776818340000,5315.2,5316.2,5314.2,5314.5,1.936,1776818519999,10289.4620,358,0,0,0
1776818520000,5314.5,5315.4,5314.4,5314.4,1.977,1776818699999,10507.4513,367,0,0,0
1776818700000,5314.4,5316.0,5314.4,5315.4,1.926,1776818879999,10237.1060,352,0,0,0
1776818880000,5315.4,5315.4,5313.4,5313.4,1.885,1776819059999,10017.4024,353,0,0,0
1776819060000,5313.4,5318.7,5313.4,5316.6,2.015,1776819239999,10713.7614,373,0.051,271.2537,0
1776819240000,5316.6,5317.9,5316.6,5317.9,1.841,1776819419999,9789.1004,362,0,0,0
1776819420000,5317.8,5318.3,5317.5,5318.3,2.023,1776819599999,10757.8723,368,0,0,0
1776819600000,5318.3,5319.1,5316.1,5319.1,2.058,1776819779999,10943.6898,409,0.437,2324.3579,0
1776819780000,5319.1,5319.9,5316.1,5316.1,1.956,1776819959999,10401.4832,388,0.440,2340.5147,0
1776819960000,5316.2,5316.2,5315.7,5316.2,1.976,1776820139999,10504.7107,429,1.630,8665.4060,0
1776820140000,5316.2,5320.0,5309.6,5320.0,2.082,1776820319999,11072.7379,450,1.891,10057.1413,0
1776820320000,5320.0,5321.4,5320.0,5321.3,1.953,1776820499999,10391.8043,394,1.598,8502.8889,0
1776820500000,5321.3,5323.5,5317.4,5323.5,1.971,1776820679999,10488.7770,385,1.202,6396.8647,0
1776820680000,5323.5,5324.9,5319.7,5319.7,1.977,1776820859999,10522.7223,367,1.175,6254.8693,0
1776820860000,5319.7,5321.0,5319.2,5320.8,1.782,1776821039999,9480.7138,375,0.628,3341.2819,0
1776821040000,5320.8,5324.0,5320.8,5324.0,178.991,1776821219999,952569.6388,548,178.868,951914.9672,0
1776821220000,5324.0,5326.7,5324.0,5326.2,30.653,1776821399999,163221.1402,401,30.179,160696.7965,0
1776821400000,5326.2,5326.4,5325.2,5326.4,34.854,1776821579999,185639.9906,482,34.029,181246.3779,0
1776821580000,5326.4,5326.6,5324.8,5324.8,64.434,1776821759999,343128.3579,512,6.701,35692.2214,0
1776821760000,5324.8,5326.3,5324.3,5325.6,21.538,1776821939999,114679.3316,427,1.344,7157.6420,0
1776821940000,5326.2,5326.2,5323.4,5324.1,27.175,1776822119999,144682.4849,549,0.505,2689.2756,0
1776822120000,5324.1,5325.2,5324.1,5325.2,2.029,1776822299999,10804.0295,388,1.565,8333.4282,0
1776822300000,5325.2,5325.7,5323.4,5324.7,2.083,1776822479999,11092.0843,455,0.436,2321.9096,0
1776822480000,5324.7,5324.8,4950.0,5324.6,3637.361,1776822659999,19335168.0423,818,1.378,7337.5313,0
1776822660000,5324.6,5324.6,5321.9,5321.9,88.845,1776822839999,472940.7360,553,0.287,1527.9877,0
1776822840000,5322.0,5322.0,5321.8,5321.8,21.613,1776823019999,115020.2479,371,0.873,4646.0734,0
1776823020000,5321.8,5321.8,5321.2,5321.8,79.683,1776823199999,424033.7589,530,1.104,5875.1198,0
1776823200000,5321.8,5322.1,5319.4,5319.4,2.095,1776823379999,11147.5440,453,0.873,4646.0159,0
1776823380000,5319.4,5322.1,5319.0,5319.0,1.96,1776823559999,10425.6933,418,0.005,26.6105,0
1776823560000,5322.1,5322.1,5317.5,5317.5,1.998,1776823739999,10626.2106,406,0.010,53.2210,0
1776823740000,5317.5,5322.1,5313.3,5313.3,1.851,1776823919999,9841.5098,421,0.005,26.6105,0
1776823920000,5322.1,5322.1,5313.2,5314.2,1.935,1776824099999,10282.7271,407,0.085,451.7846,0
1776824100000,5314.2,5322.1,5314.2,5317.4,1.781,1776824279999,9466.3629,358,0.062,329.6650,0
1776824280000,5317.4,5318.5,5316.9,5317.0,1.809,1776824459999,9619.2835,423,0.062,329.6996,0
1776824460000,5317.0,5322.1,5316.6,5319.0,2.021,1776824639999,10746.7255,401,0.043,228.7033,0
1776824640000,5322.1,5324.2,5316.6,5323.6,2.026,1776824819999,10782.9699,445,0.979,5211.1536,0
1776824820000,5324.2,5324.2,5316.6,5316.9,2.038,1776824999999,10846.8935,402,0.055,292.7982,0
1776825000000,5324.2,5324.2,5314.1,5314.1,2.075,1776825179999,11029.3397,396,0.016,85.1780,0
1776825180000,5315.0,5324.2,5311.7,5311.7,2.017,1776825359999,10717.1898,430,0.085,452.0726,0
1776825360000,5311.7,5324.2,5308.4,5309.8,1.933,1776825539999,10262.9921,396,0.015,79.8630,0
1776825540000,5309.8,5324.2,5304.5,5304.5,1.952,1776825719999,10360.6802,399,0.010,53.2420,0
1776825720000,5324.2,5324.2,5298.6,5298.7,1.935,1776825899999,10256.5693,425,0.010,53.2420,0
1776825900000,5298.7,5324.2,5298.5,5301.7,1.853,1776826079999,9822.0458,366,0.010,53.2420,0
1776826080000,5324.2,5324.2,5299.5,5299.9,2.036,1776826259999,10791.1890,436,0.010,53.2420,0
1776826260000,5299.9,5324.2,5299.5,5303.6,47.069,1776826439999,249585.4092,469,45.937,243585.0662,0
1776826440000,5303.6,5304.5,5303.3,5303.8,49.1,1776826619999,260424.0649,485,27.568,146216.9253,0
1776826620000,5304.1,5308.6,5302.5,5308.6,430.443,1776826799999,2283409.3556,585,417.611,2215360.7441,0
1776826800000,5308.6,5309.5,5307.8,5308.5,39.431,1776826979999,209341.4363,445,37.807,200720.2020,0
1776826980000,5308.5,5309.5,5308.3,5308.3,1.971,1776827159999,10463.4778,441,0.030,159.2850,0
1776827160000,5308.3,5309.5,5305.3,5306.1,2.073,1776827339999,11001.6555,407,0.005,26.5475,0
1776827340000,5309.5,5309.5,5303.4,5303.6,1.978,1776827519999,10494.2926,446,0.054,286.6320,0
1776827520000,5309.5,5309.5,5303.3,5307.6,2.079,1776827699999,11030.3641,406,0.010,53.0950,0
1776827700000,5309.5,5309.5,5304.8,5309.2,1.887,1776827879999,10014.6487,397,0.105,557.4540,0
1776827880000,5309.2,5310.1,5309.2,5310.1,74.818,1776828059999,397267.3768,420,74.818,397267.3768,0
1776828060000,5310.1,5311.4,5310.1,5311.4,28.664,1776828239999,152224.7123,525,28.330,150450.9234,0
1776828240000,5311.4,5314.3,5311.4,5313.4,61.279,1776828419999,325538.3884,489,57.198,303853.9540,0
1776828420000,5313.5,5315.3,5312.9,5315.3,63.036,1776828599999,334986.2487,516,57.053,303195.5938,0
1776828600000,5315.3,5321.2,5314.9,5321.2,254.121,1776828779999,1351134.1589,544,253.632,1348535.1625,0
1776828780000,5321.3,5325.4,5321.3,5323.5,123.719,1776828959999,658633.7251,524,79.631,423901.8083,0
1776828960000,5323.5,5325.5,5323.5,5324.6,156.619,1776829139999,833953.4222,514,142.513,758855.4707,0
1776829140000,5325.2,5327.1,5324.5,5327.1,53.8,1776829319999,286535.7120,416,52.730,280837.7511,0
1776829320000,5327.1,5328.0,5327.1,5328.0,27.615,1776829499999,147127.4945,406,27.418,146077.9435,0
1776829500000,5328.0,5328.0,5327.1,5328.0,34.273,1776829679999,182589.8510,413,0.555,2956.9286,0
1776829680000,5328.0,5328.0,5325.7,5326.2,471.415,1776829859999,2511011.4583,575,0.600,3196.6183,0
1776829860000,5326.2,5328.0,5325.7,5327.5,2.066,1776830039999,11006.1112,403,1.317,7016.1543,0
1776830040000,5327.5,5327.7,5325.4,5326.6,6.72,1776830219999,35789.0385,387,0.539,2871.0202,0
1776830220000,5326.6,5327.5,5325.3,5326.3,26.936,1776830399999,143474.2993,447,16.484,87808.1851,0
1776830400000,5326.2,5327.0,5325.0,5327.0,35.562,1776830579999,189385.7596,423,8.630,45969.8518,0
1776830580000,5327.0,5327.9,5327.0,5327.9,32.946,1776830759999,175519.1275,430,32.936,175465.8560,0
1776830760000,5327.9,5328.0,5327.4,5327.9,4.603,1776830939999,24523.7818,451,3.843,20474.7852,0
1776830940000,5327.9,5328.0,5326.9,5328.0,163.259,1776831119999,869765.3087,507,90.054,479799.0991,0
1776831120000,5328.0,5330.4,5328.0,5330.3,34.061,1776831299999,181525.3916,457,33.540,178748.3578,0
1776831300000,5330.4,5332.3,5330.1,5332.3,35.344,1776831479999,188389.7901,474,1.731,9227.2511,0
1776831480000,5332.3,5332.7,5330.1,5332.7,2.153,1776831659999,11481.2031,391,2.112,11262.5790,0
1776831660000,5332.7,5333.0,5330.1,5331.9,2.133,1776831839999,11374.5783,466,0.733,3908.9165,0
1776831840000,5332.6,5333.0,5330.1,5332.0,2.174,1776832019999,11591.5035,398,0.015,79.9938,0
1776832020000,5333.0,5333.1,5330.1,5332.9,2.03,1776832199999,10824.9784,461,1.637,8729.3118,0
1776832200000,5332.9,5335.9,5330.1,5335.9,2.178,1776832379999,11617.2491,474,1.914,10208.8098,0
1776832380000,5335.9,5335.9,5330.1,5335.9,2.133,1776832559999,11380.4443,420,1.299,6931.2769,0
1776832560000,5335.9,5339.0,5330.1,5339.0,2.086,1776832739999,11134.6077,460,1.329,7094.2000,0
1776832740000,5339.0,5339.1,5335.1,5335.8,1.777,1776832919999,9484.7078,394,0.803,4286.2979,0
1776832920000,5335.8,5336.3,5334.3,5334.5,17.861,1776833099999,95285.5626,452,0.693,3697.6273,0
1776833100000,5334.5,5337.5,5334.3,5337.5,128.042,1776833279999,683205.0270,498,127.380,679673.4291,0
1776833280000,5337.5,5338.0,5335.8,5335.8,57.173,1776833459999,305085.3400,505,7.088,37832.3245,0
1776833460000,5335.8,5336.8,5335.2,5335.2,9.706,1776833639999,51785.3727,422,0.955,5096.0925,0
1776833640000,5335.2,5335.3,5334.0,5335.3,59.663,1776833819999,318279.8682,471,0.351,1872.5426,0
1776833820000,5335.3,5335.6,5334.0,5334.1,30.655,1776833999999,163525.4572,447,7.840,41820.7156,0
1776834000000,5334.2,5334.6,5332.9,5333.3,109.702,1776834179999,585135.0921,556,0.391,2085.6162,0
1776834180000,5333.3,5333.3,5329.6,5329.6,237.495,1776834359999,1266269.8611,617,0.229,1221.3257,0
1776834360000,5329.6,5329.6,5326.1,5329.2,88.157,1776834539999,469672.5639,523,22.739,121146.1626,0
1776834540000,5329.1,5329.1,5327.6,5328.9,2.051,1776834719999,10928.5001,471,0.653,3479.6326,0
1776834720000,5328.9,5331.2,5328.8,5330.3,456.999,1776834899999,2435480.8397,676,456.020,2430263.1610,0
1776834900000,5331.2,5331.9,5327.8,5327.8,14.247,1776835079999,75957.7818,450,12.681,67611.3317,0
1776835080000,5331.9,5331.9,5319.6,5319.6,1.856,1776835259999,9881.1092,403,0.010,53.3190,0
1776835260000,5331.9,5331.9,5318.7,5327.3,1.753,1776835439999,9330.8156,345,0.015,79.9785,0
1776835440000,5331.9,5331.9,5318.7,5327.6,2.079,1776835619999,11078.8089,335,0.478,2548.6092,0
1776835620000,5328.0,5334.9,5318.7,5334.0,1.884,1776835799999,10046.4169,385,0.827,4410.7847,0
1776835800000,5334.9,5334.9,5317.3,5317.3,1.829,1776835979999,9735.1497,398,0.041,218.3313,0
1776835980000,5334.9,5334.9,5316.4,5316.4,1.978,1776836159999,10525.3045,383,0.015,80.0235,0
1776836160000,5334.9,5334.9,5310.8,5312.4,22.333,1776836339999,118638.4100,416,0.021,111.8991,0
1776836340000,5312.6,5334.9,5312.4,5319.5,2.118,1776836519999,11260.9355,440,0.468,2487.0227,0
1776836520000,5334.9,5334.9,5311.5,5311.5,2.135,1776836699999,11347.0889,407,0.005,26.6745,0
1776836700000,5334.9,5334.9,5304.1,5304.1,2.104,1776836879999,11169.6617,439,0.015,80.0235,0
1776836880000,5334.9,5334.9,5302.5,5303.2,22.143,1776837059999,117446.3786,403,0.016,85.1868,0
1776837060000,5306.3,5306.3,5292.3,5294.1,2.107,1776837239999,11159.6061,422,0.031,164.3067,0
1776837240000,5294.6,5306.3,5292.3,5301.9,2.16,1776837419999,11449.6843,402,0.015,79.5828,0
1776837420000,5306.3,5306.3,5292.3,5301.6,1.972,1776837599999,10455.7900,435,0.038,201.5467,0
1776837600000,5301.6,5306.3,5292.3,5303.5,1.661,1776837779999,8809.4316,398,0.129,684.2453,0
1776837780000,5304.0,5306.3,5292.3,5300.6,2.104,1776837959999,11153.8155,396,0.015,79.5922,0
1776837960000,5306.3,5306.3,5292.3,5296.3,2.048,1776838139999,10850.0161,454,0.054,286.1464,0
1776838140000,5306.3,5306.3,5292.3,5297.5,2.187,1776838319999,11585.7596,406,0.018,95.4886,0
1776838320000,5298.3,5306.3,5292.3,5299.9,2.237,1776838499999,11855.7883,396,0.128,679.1984,0
1776838500000,5300.2,5306.3,5292.3,5299.4,2.012,1776838679999,10663.8413,436,0.059,312.7358,0
1776838680000,5299.4,5306.3,5292.3,5301.3,2.04,1776838859999,10812.0127,385,0.015,79.5876,0
1776838860000,5306.3,5306.3,5292.3,5299.1,2.139,1776839039999,11341.0917,488,0.142,752.9802,0
1776839040000,5300.5,5306.3,5292.3,5299.9,1.966,1776839219999,10421.7507,406,0.040,212.1086,0
1776839220000,5301.9,5306.3,5292.3,5298.4,1.991,1776839399999,10552.1206,384,0.015,79.5901,0
1776839400000,5306.3,5306.3,5292.3,5297.9,1.878,1776839579999,9950.4536,364,0.015,79.5945,0
1776839580000,5306.3,5306.3,5292.3,5298.1,1.928,1776839759999,10214.9526,352,0.015,79.5945,0
1776839760000,5306.3,5306.3,5292.3,5299.2,1.767,1776839939999,9362.3978,348,0.015,79.5945,0
1776839940000,5306.3,5306.3,5292.3,5297.1,2.156,1776840119999,11424.6001,384,0.010,53.0630,0
1776840120000,5306.3,5306.3,5292.3,5299.8,1.886,1776840299999,9993.0257,395,0.015,79.5945,0
1776840300000,5306.3,5306.3,5292.3,5300.5,2.097,1776840479999,11113.1054,491,0.053,281.0135,0
1776840480000,5300.5,5306.3,5292.3,5303.0,2.048,1776840659999,10856.2998,435,0.103,546.0211,0
1776840660000,5306.3,5306.3,5292.3,5301.5,2.062,1776840839999,10932.0427,403,0.015,79.5945,0
1776840840000,5306.3,5306.3,5292.3,5301.4,2.029,1776841019999,10756.7629,478,0.108,572.6320,0
1776841020000,5301.5,5306.3,5292.3,5303.3,2.214,1776841199999,11740.3925,473,0.095,503.7960,0
1776841200000,5303.3,5306.3,5292.3,5301.4,4.028,1776841379999,21338.3806,424,0.084,445.3701,0
1776841380000,5301.4,5306.3,5292.3,5299.7,2.014,1776841559999,10674.6439,415,0.031,164.3869,0
1776841560000,5306.3,5306.3,5292.3,5301.5,2.087,1776841739999,11063.2614,403,0.015,79.5945,0
1776841740000,5306.3,5306.3,5292.3,5299.8,1.995,1776841919999,10575.7097,454,0.082,434.7693,0
1776841920000,5300.0,5306.3,5292.3,5303.4,2.096,1776842099999,11107.8808,404,0.016,84.8945,0
1776842100000,5306.3,5306.3,5292.3,5304.1,2.048,1776842279999,10862.1596,429,0.045,238.7122,0
1776842280000,5306.3,5334.9,5292.3,5303.9,3.994,1776842459999,21224.5733,422,2.572,13682.0637,0
1776842460000,5303.9,5305.4,5292.3,5304.2,1.852,1776842639999,9823.7877,413,1.178,6248.9411,0
1776842640000,5305.4,5305.4,5292.3,5301.0,2.908,1776842819999,15422.6244,396,0.871,4621.0034,0
1776842820000,5305.4,5305.4,5292.3,5304.9,2.075,1776842999999,11003.2855,450,0.072,381.8776,0
1776843000000,5305.0,5305.4,5292.3,5301.0,2.146,1776843179999,11380.8336,454,0.070,371.2268,0
1776843180000,5301.1,5305.4,5292.3,5302.3,2.052,1776843359999,10877.2229,435,0.047,249.2503,0
1776843360000,5302.3,5305.4,5292.3,5302.1,2.133,1776843539999,11308.9142,429,0.047,249.2478,0
1776843540000,5302.1,5305.4,5292.3,5303.3,2.132,1776843719999,11304.3689,441,0.101,535.6401,0
1776843720000,5303.3,5305.4,5292.3,5304.3,2.146,1776843899999,11381.2504,402,0.015,79.5768,0
1776843900000,5305.4,5310.3,5292.3,5310.3,2.063,1776844079999,10949.3754,402,1.935,10270.5124,0
1776844080000,5310.3,5310.6,5292.3,5310.6,2.146,1776844259999,11393.9601,437,0.297,1577.1509,0
1776844260000,5310.6,5313.1,5310.4,5313.1,2.054,1776844439999,10908.7258,403,1.644,8731.4025,0
1776844440000,5313.1,5314.1,5313.1,5314.1,1.953,1776844619999,10377.1781,509,1.288,6843.8393,0
1776844620000,5314.1,5315.5,5314.1,5314.7,1.833,1776844799999,9742.1667,388,1.716,9120.3468,0
1776844800000,5292.3,5316.3,5292.3,5315.5,55.093,1776844979999,292832.6897,395,54.357,288923.3445,0
1776844980000,5315.5,5315.5,5312.5,5313.1,2.097,1776845159999,11144.2234,374,0,0,0
1776845160000,5313.1,5314.7,5312.7,5314.0,2.032,1776845339999,10797.2126,370,0,0,0
1776845340000,5314.0,5318.4,5313.8,5318.4,2.022,1776845519999,10746.9516,402,0.469,2493.6571,0
1776845520000,5318.4,5321.0,5318.4,5321.0,2.201,1776845699999,11709.5996,426,1.895,10081.4348,0
1776845700000,5321.0,5322.9,5321.0,5322.5,2.051,1776845879999,10915.5003,419,1.875,9978.7163,0
1776845880000,5322.5,5322.6,5321.9,5322.6,2.04,1776846059999,10857.3583,406,0.896,4768.8510,0
1776846060000,5322.6,5324.6,5322.6,5324.6,2.097,1776846239999,11163.3154,478,2.097,11163.3154,0
1776846240000,5324.6,5326.1,5324.6,5326.1,1.959,1776846419999,10432.0303,407,1.959,10432.0303,0
1776846420000,5326.1,5327.0,5326.1,5327.0,2.041,1776846599999,10872.0677,373,1.942,10344.7185,0
1776846600000,5327.0,5328.8,5326.7,5328.8,2.191,1776846779999,11672.7761,484,2.181,11619.5001,0
1776846780000,5328.8,5330.4,5328.0,5328.6,2.139,1776846959999,11399.6721,430,1.616,8612.8700,0
1776846960000,5328.6,5328.8,5292.3,5327.8,2.196,1776847139999,11699.9521,397,0,0,0
1776847140000,5327.8,5331.6,5327.7,5331.0,2.152,1776847319999,11470.2487,383,0.710,3784.8830,0
1776847320000,5331.0,5331.0,5292.3,5330.4,2.414,1776847499999,12866.6668,402,2.176,11599.3520,0
1776847500000,5330.4,5330.7,5330.0,5330.6,2.059,1776847679999,10975.2609,420,1.200,6396.6222,0
1776847680000,5330.6,5330.7,5330.6,5330.7,2.013,1776847859999,10730.6076,508,1.098,5853.1086,0
1776847860000,5330.7,5330.7,5328.8,5328.8,193.874,1776848039999,1033282.0354,467,1.005,5356.3002,0
1776848040000,5328.8,5328.9,5326.6,5327.9,71.262,1776848219999,379689.2210,463,3.755,20003.7211,0
1776848220000,5327.9,5328.3,5326.5,5326.5,75.898,1776848399999,404275.0648,438,1.386,7384.4103,0
1776848400000,5326.5,5327.0,5322.6,5322.6,209.252,1776848579999,1114307.3455,588,0.249,1326.0912,0
1776848580000,5322.6,5323.8,5321.7,5321.7,44.902,1776848759999,238984.1333,522,0.976,5195.0806,0
1776848760000,5321.7,5322.8,5321.5,5321.5,33.105,1776848939999,176182.4451,520,18.475,98328.6954,0
1776848940000,5321.5,5321.5,5318.1,5318.5,251.697,1776849119999,1339176.2324,654,0.194,1031.8273,0
1776849120000,5318.7,5319.0,5318.1,5318.1,31.069,1776849299999,165250.2587,535,30.801,163824.9005,0
1776849300000,5318.1,5319.0,5316.7,5316.7,2.926,1776849479999,15559.9121,382,0.924,4914.7560,0
1776849480000,5319.0,5319.0,5316.6,5317.9,1.77,1776849659999,9411.5570,317,0.010,53.1900,0
1776849660000,5318.9,5320.1,5318.9,5320.1,31.945,1776849839999,169931.0854,519,31.840,169372.5338,0
1776849840000,5320.1,5320.9,5319.1,5319.1,25.956,1776850019999,138094.6382,754,25.493,135631.6029,0
1776850020000,5320.9,5320.9,5318.4,5318.4,2.138,1776850199999,11371.8677,414,0.010,53.2090,0
1776850200000,5320.9,5320.9,5317.3,5317.3,2.201,1776850379999,11703.8423,451,0.026,138.3264,0
1776850380000,5317.5,5320.9,5315.1,5315.1,2.077,1776850559999,11040.6143,455,0.010,53.1954,0
1776850560000,5315.1,5316.4,5315.1,5315.1,2.51,1776850739999,13342.1033,411,0,0,0
1776850740000,5320.9,5320.9,5315.1,5315.9,2.563,1776850919999,13624.4150,393,0.005,26.6045,0
1776850920000,5315.9,5320.9,5314.4,5314.4,2.339,1776851099999,12432.8036,481,0.005,26.6045,0
1776851100000,5320.9,5320.9,5314.1,5315.0,2.174,1776851279999,11553.5378,448,0.010,53.2090,0
1776851280000,5314.9,5320.9,5314.9,5315.6,2.14,1776851459999,11375.0262,392,0.005,26.6045,0
1776851460000,5315.8,5320.9,5314.6,5317.8,2.06,1776851639999,10949.5670,383,0.005,26.6045,0
1776851640000,5320.9,5320.9,5316.2,5316.4,1.921,1776851819999,10213.3214,390,0.010,53.2090,0
1776851820000,5316.4,5320.9,5315.8,5315.8,1.92,1776851999999,10207.3936,410,0.005,26.6045,0
1776852000000,5315.8,5320.9,5314.7,5314.7,2.051,1776852179999,10901.1220,418,0.010,53.2090,0
1776852180000,5314.7,5320.9,5314.6,5314.6,1.804,1776852359999,9587.7790,493,0.056,297.7142,0
1776852360000,5314.7,5320.9,5314.6,5315.6,1.808,1776852539999,9609.4140,416,0.149,791.9211,0
1776852540000,5320.9,5320.9,5315.6,5316.3,2.011,1776852719999,10691.0836,387,0.010,53.2090,0
1776852720000,5316.3,5320.9,5315.4,5316.0,2.097,1776852899999,11147.8481,448,0.005,26.6045,0
1776852900000,5320.9,5320.9,5316.0,5316.8,2.065,1776853079999,10978.4302,376,0.005,26.6045,0
1776853080000,5316.8,5316.8,5315.4,5315.4,2.042,1776853259999,10855.1863,405,0,0,0
1776853260000,5315.4,5315.5,5315.4,5315.4,1.89,1776853439999,10046.2036,350,0,0,0
1776853440000,5315.4,5320.9,5314.2,5314.4,2.226,1776853619999,11830.6545,493,0.155,823.7909,0
1776853620000,5314.4,5320.9,5314.2,5316.2,2.185,1776853799999,11614.7799,388,0.038,202.1632,0
1776853800000,5316.2,5320.9,5315.5,5315.5,2.021,1776853979999,10744.9454,394,0.005,26.6045,0
1776853980000,5320.9,5320.9,5315.5,5317.2,1.966,1776854159999,10452.4627,412,0.053,281.8075,0
1776854160000,5317.2,5317.7,5316.0,5317.7,1.882,1776854339999,10006.4793,373,0,0,0
1776854340000,5317.7,5319.8,5317.7,5318.6,1.684,1776854519999,8957.1377,326,0,0,0
1776854520000,5318.6,5320.0,5318.5,5320.0,1.948,1776854699999,10362.0107,354,0,0,0
1776854700000,5320.9,5320.9,5318.9,5319.4,1.839,1776854879999,9782.0432,384,0.065,345.7597,0
1776854880000,5319.4,5319.9,5319.2,5319.9,1.914,1776855059999,10182.0502,346,0,0,0
1776855060000,5319.9,5320.2,5319.8,5320.2,1.95,1776855239999,10373.7599,357,0,0,0
1776855240000,5320.2,5320.2,5319.8,5320.0,1.887,1776855419999,10038.7250,437,0,0,0
1776855420000,5320.0,5322.9,5320.0,5322.9,192.113,1776855599999,1022302.2308,535,191.851,1020908.3169,0
1776855600000,5322.9,5326.6,5322.9,5326.6,94.164,1776855779999,501411.0191,463,93.908,500048.3563,0
1776855780000,5326.6,5329.9,5326.6,5329.9,102.613,1776855959999,546695.8313,430,102.366,545379.3832,0
1776855960000,5329.9,5330.0,5329.8,5330.0,1.85,1776856139999,9860.3732,356,0.997,5313.9798,0
1776856140000,5330.0,5330.3,5329.9,5330.3,122.341,1776856319999,652090.9102,479,121.823,649330.0220,0
1776856320000,5330.3,5330.3,5325.3,5327.1,1.992,1776856499999,10613.3223,429,0.046,245.1938,0
1776856500000,5330.3,5330.3,5325.3,5327.7,2.021,1776856679999,10767.0709,377,0.015,79.9545,0
1776856680000,5330.3,5330.3,5325.3,5328.6,2.014,1776856859999,10731.4190,373,0.015,79.9545,0
1776856860000,5330.3,5330.3,5325.2,5329.5,2.028,1776857039999,10808.1375,443,0.350,1865.4094,0
1776857040000,5330.3,5332.0,5325.2,5332.0,1.921,1776857219999,10239.1250,369,0.509,2713.3980,0
1776857220000,5332.0,5336.8,5325.2,5336.8,1.944,1776857399999,10371.0755,406,1.895,10109.7405,0
1776857400000,5336.8,5338.3,5325.2,5338.3,1.812,1776857579999,9671.7632,364,1.748,9330.3206,0
1776857580000,5338.3,5338.9,5325.2,5337.9,1.575,1776857759999,8407.3407,344,0.714,3811.6300,0
1776857760000,5338.0,5338.0,5325.2,5335.7,1.89,1776857939999,10085.6757,367,0.474,2529.5340,0
1776857940000,5335.7,5335.8,5331.5,5332.9,1.586,1776858119999,8459.8105,428,0.631,3365.1222,0
1776858120000,5332.9,5332.9,5325.2,5332.9,1.753,1776858299999,9348.2433,375,1.457,7769.8325,0
1776858300000,5332.9,5335.4,5325.2,5335.4,1.489,1776858479999,7942.2841,375,1.420,7574.3812,0
1776858480000,5335.4,5335.4,5325.2,5331.7,1.764,1776858659999,9407.8675,372,0.828,4416.7169,0
1776858660000,5331.7,5334.1,5325.2,5331.8,1.15,1776858839999,6131.7616,243,0.252,1344.0696,0
1776858840000,5334.1,5334.2,5325.2,5328.8,1.692,1776859019999,9018.2902,391,0.078,415.7849,0
1776859020000,5329.1,5334.2,5325.2,5330.8,1.958,1776859199999,10437.0179,407,0.045,239.9254,0
1776859200000,5330.6,5334.2,5325.2,5329.7,1.863,1776859379999,9929.8954,360,0.030,160.0260,0
1776859380000,5334.2,5334.2,5325.2,5327.9,1.917,1776859559999,10215.0631,386,0.038,202.5822,0
1776859560000,5334.2,5334.2,5325.2,5328.5,2.001,1776859739999,10661.9789,423,0.130,693.0592,0
1776859740000,5334.2,5334.2,5325.2,5330.8,1.887,1776859919999,10054.8740,349,0.010,53.3420,0
1776859920000,5334.2,5334.2,5325.2,5331.1,2.127,1776860099999,11338.3022,413,0.054,287.9256,0
1776860100000,5331.2,5334.3,5325.2,5333.4,2.027,1776860279999,10809.7995,377,0.375,2000.2618,0
1776860280000,5333.4,5333.4,5325.2,5328.7,2.105,1776860459999,11218.8141,466,0.884,4711.2342,0
1776860460000,5328.7,5328.7,5325.2,5326.5,2.111,1776860639999,11246.6818,450,0.421,2243.1458,0
1776860640000,5326.5,5327.8,5325.2,5326.2,1.98,1776860819999,10546.9357,460,0.873,4650.6285,0
1776860820000,5327.8,5327.8,5324.3,5325.0,1.982,1776860999999,10554.4516,384,0.010,53.2780,0
1776861000000,5327.8,5327.8,5320.3,5320.5,2.088,1776861179999,11114.5216,427,0.010,53.2780,0
1776861180000,5327.8,5327.8,5320.2,5321.7,2.018,1776861359999,10737.1153,410,0.024,127.7932,0
1776861360000,5327.8,5327.8,5320.4,5320.4,1.96,1776861539999,10429.8700,448,0.010,53.2780,0
1776861540000,5327.8,5327.8,5320.3,5320.4,1.877,1776861719999,9987.5549,369,0.015,79.9170,0
1776861720000,5320.4,5327.8,5320.0,5320.0,4.096,1776861899999,21791.7564,390,0.005,26.6390,0
1776861900000,5327.8,5327.8,5316.0,5316.0,1.894,1776862079999,10073.1855,488,0.015,79.9170,0
1776862080000,5327.8,5327.8,5315.4,5315.4,1.879,1776862259999,9987.8271,365,0.005,26.6390,0
1776862260000,5327.8,5327.8,5312.1,5312.4,2.088,1776862439999,11093.4840,444,0.010,53.2780,0
1776862440000,5327.8,5327.8,5312.1,5313.0,2.089,1776862619999,11098.6948,469,0.138,733.3701,0
1776862620000,5327.8,5327.8,5311.4,5311.4,2.01,1776862799999,10678.6680,434,0.089,473.0032,0
1776862800000,5311.4,5327.8,5310.7,5312.9,1.948,1776862979999,10346.6272,389,0.017,90.4677,0
1776862980000,5313.0,5327.8,5310.7,5310.7,2.095,1776863159999,11126.9734,415,0.010,53.2632,0
1776863160000,5327.8,5327.8,5310.1,5311.5,1.963,1776863339999,10425.4144,422,0.026,138.2620,0
1776863340000,5311.5,5327.8,5310.1,5310.7,1.958,1776863519999,10399.8187,385,0.038,202.0624,0
1776863520000,5311.1,5327.8,5310.1,5312.3,2.04,1776863699999,10834.0852,436,0.105,557.7736,0
1776863700000,5312.3,5327.8,5310.1,5312.2,1.944,1776863879999,10328.7141,366,0.015,79.9015,0
1776863880000,5327.8,5327.8,5310.0,5312.0,1.639,1776864059999,8705.2431,326,0.010,53.2780,0
1776864060000,5327.8,5327.8,5310.0,5310.3,1.841,1776864239999,9777.3704,373,0.015,79.9170,0
1776864240000,5310.3,5327.8,5310.0,5310.0,1.775,1776864419999,9427.3271,366,0.015,79.9170,0
1776864420000,5327.8,5327.8,5308.0,5308.2,1.87,1776864599999,9927.8607,383,0.015,79.9170,0
1776864600000,5327.8,5327.8,5308.0,5308.0,1.733,1776864779999,9202.2885,317,0.099,527.4522,0
1776864780000,5308.0,5327.8,5308.0,5311.7,1.853,1776864959999,9841.1724,420,0.072,382.5568,0
1776864960000,5312.4,5327.8,5308.0,5310.6,1.994,1776865139999,10589.4914,434,0.029,154.1520,0
1776865140000,5310.7,5311.2,5307.8,5307.8,2.085,1776865319999,11070.7475,370,0.875,4646.2835,0
1776865320000,5307.8,5311.2,5304.6,5304.6,2.09,1776865499999,11090.7055,415,0.005,26.5560,0
1776865500000,5311.2,5311.2,5303.5,5304.3,2.072,1776865679999,10991.1829,431,0.018,95.5776,0
1776865680000,5311.2,5311.2,5303.5,5306.2,2.021,1776865859999,10720.8910,376,0.015,79.6680,0
1776865860000,5306.2,5311.2,5306.2,5309.2,1.918,1776866039999,10180.4049,391,0.005,26.5560,0
1776866040000,5311.2,5311.5,5310.3,5311.0,6.908,1776866219999,36688.6118,441,1.308,6946.8455,0
1776866220000,5311.0,5311.0,5310.7,5311.0,2.139,1776866399999,11360.2260,393,2.129,11307.1190,0
1776866400000,5311.0,5311.0,5310.7,5311.0,1.971,1776866579999,10467.9780,382,1.961,10414.8710,0
1776866580000,5311.0,5311.0,5310.7,5311.0,2.069,1776866759999,10988.4560,382,2.059,10935.3490,0
1776866760000,5311.0,5311.0,5310.7,5311.0,1.963,1776866939999,10425.4885,357,1.948,10345.8280,0
1776866940000,5311.0,5311.0,5310.7,5311.0,1.705,1776867119999,9055.2535,321,1.700,9028.7000,0
1776867120000,5311.0,5311.0,5310.7,5311.0,1.737,1776867299999,9225.2055,316,1.732,9198.6520,0
1776867300000,5311.0,5311.0,5310.7,5311.0,1.8,1776867479999,9559.7955,349,1.785,9480.1350,0
1776867480000,5311.0,5311.0,5310.7,5311.0,1.919,1776867659999,10191.8045,358,1.904,10112.1440,0
1776867660000,5311.0,5332.2,5310.7,5330.5,492.005,1776867839999,2620213.7651,639,491.079,2615289.6681,0
1776867840000,5332.2,5335.0,5330.5,5335.0,81.286,1776868019999,433555.9432,388,81.078,432446.9953,0
1776868020000,5335.0,5335.4,5333.7,5333.7,60.947,1776868199999,325094.9832,363,0.678,3617.3138,0
1776868200000,5333.8,5337.9,5333.8,5335.9,131.626,1776868379999,702370.1275,418,131.348,700886.5431,0
1776868380000,5335.9,5336.9,5334.0,5336.9,1.463,1776868559999,7806.2254,291,0,0,0
1776868560000,5336.9,5340.2,5336.8,5340.2,18.601,1776868739999,99298.1682,274,18.471,98604.3178,0
1776868740000,5340.2,5353.4,5340.2,5353.4,340.804,1776868919999,1821684.0033,542,340.761,1821453.8671,0
1776868920000,5353.4,5356.4,5353.4,5356.4,92.42,1776869099999,494841.5316,310,91.888,491992.3525,0
1776869100000,5356.4,5356.8,5355.2,5356.6,7.327,1776869279999,39247.6600,200,6.799,36419.7094,0
1776869280000,5356.8,5357.0,5352.2,5353.0,1.776,1776869459999,9509.5614,381,0.274,1467.7708,0
1776869460000,5357.0,5360.1,5352.2,5358.9,1.578,1776869639999,8453.3261,308,0.735,3938.1819,0
1776869640000,5360.1,5360.1,5356.7,5360.0,1.487,1776869819999,7967.3025,263,0.005,26.8005,0
1776869820000,5360.1,5362.1,5352.2,5362.1,1.918,1776869999999,10282.0351,374,1.305,6996.0038,0
1776870000000,5362.1,5372.0,5352.2,5372.0,1.775,1776870179999,9527.0646,336,1.558,8362.4420,0
1776870180000,5369.3,5373.7,5352.2,5367.9,44.417,1776870359999,238650.7439,297,43.577,234140.7796,0
1776870360000,5373.7,5373.7,5352.2,5367.6,1.802,1776870539999,9673.9230,351,0.026,139.6758,0
1776870540000,5373.7,5373.7,5352.2,5372.4,1.687,1776870719999,9057.5340,325,0.015,80.6055,0
1776870720000,5372.4,5373.7,5352.2,5372.3,1.592,1776870899999,8549.3037,315,0.031,166.5606,0
1776870900000,5372.7,5374.7,5352.2,5374.7,15.032,1776871079999,80781.0178,451,13.700,73626.2744,0
1776871080000,5374.7,5376.0,5352.2,5374.8,11.23,1776871259999,60367.4978,365,9.936,53413.9283,0
1776871260000,5376.0,5376.0,5352.2,5375.0,1.474,1776871439999,7921.8579,313,0.015,80.6400,0
1776871440000,5376.0,5376.5,5352.2,5375.5,6.661,1776871619999,35702.4334,432,0.856,4601.9874,0
1776871620000,5375.5,5381.1,5352.2,5381.1,44.48,1776871799999,239277.2020,367,44.254,238061.9986,0
1776871800000,5381.1,5384.2,5352.2,5384.1,9.125,1776871979999,49127.1237,298,8.421,45338.0063,0
1776871980000,5384.0,5384.4,5382.2,5382.2,1.657,1776872159999,8920.1766,382,0.142,764.5655,0
1776872160000,5384.4,5384.4,5375.0,5376.4,1.62,1776872339999,8714.5977,331,0.052,279.9888,0
1776872340000,5384.4,5384.4,5374.4,5374.7,1.078,1776872519999,5794.5302,235,0.015,80.7660,0
1776872520000,5384.4,5384.4,5372.1,5372.1,1.571,1776872699999,8441.6771,418,0.015,80.7660,0
1776872700000,5384.4,5384.4,5369.6,5369.6,1.594,1776872879999,8563.3261,344,0.047,252.6177,0
1776872880000,5369.6,5384.4,5369.6,5376.7,0.94,1776873059999,5051.0677,161,0.018,96.9192,0
1776873060000,5377.5,5378.8,5375.5,5376.0,1.439,1776873239999,7737.2674,269,0,0,0
1776873240000,5376.0,5377.5,5376.0,5377.5,1.509,1776873419999,8113.1893,287,0,0,0
1776873420000,5377.5,5384.5,5377.5,5383.9,0.952,1776873599999,5123.9589,177,0.114,613.7793,0
1776873600000,5384.0,5386.6,5369.6,5380.3,1.446,1776873779999,7783.2179,271,0.525,2827.1868,0
1776873780000,5383.9,5383.9,5369.6,5383.6,1.495,1776873959999,8046.1560,308,0.069,371.4318,0
1776873960000,5383.9,5383.9,5369.6,5378.9,0.882,1776874139999,4745.1233,194,0.236,1269.8421,0
1776874140000,5379.0,5384.7,5369.6,5384.7,1.547,1776874319999,8325.8050,306,1.531,8239.7891,0
1776874320000,5384.7,5385.1,5369.6,5380.9,2.023,1776874499999,10886.1425,387,0.054,290.7858,0
1776874500000,5385.1,5385.1,5369.6,5381.7,2.123,1776874679999,11423.8553,388,0.015,80.7765,0
1776874680000,5385.1,5385.4,5369.6,5385.4,1.957,1776874859999,10535.3554,433,0.170,915.4326,0
1776874860000,5385.4,5385.7,5369.6,5385.7,1.985,1776875039999,10687.5067,423,0.614,3306.6952,0
1776875040000,5385.7,5385.7,5369.6,5380.1,1.981,1776875219999,10663.4839,419,0.064,344.5827,0
1776875220000,5385.7,5385.7,5369.6,5381.2,2.05,1776875399999,11032.1929,419,0.051,274.5331,0
1776875400000,5385.7,5385.7,5369.6,5382.1,1.989,1776875579999,10703.9930,381,0.015,80.7855,0
1776875580000,5385.7,5385.7,5369.6,5381.6,1.968,1776875759999,10591.0028,414,0.048,258.3722,0
1776875760000,5385.7,5387.2,5369.6,5386.7,2.062,1776875939999,11102.9013,412,1.071,5769.0705,0
1776875940000,5387.2,5387.2,5369.6,5384.4,2.167,1776876119999,11669.3218,412,0.023,123.8930,0
1776876120000,5387.2,5387.2,5369.6,5382.4,2.089,1776876299999,11245.9693,400,0.034,183.0979,0
1776876300000,5387.2,5387.2,5369.6,5381.3,2.008,1776876479999,10805.9423,379,0.015,80.8080,0
1776876480000,5387.2,5387.2,5369.6,5379.8,1.957,1776876659999,10528.9517,396,0.030,161.5065,0
1776876660000,5379.9,5387.2,5369.6,5379.6,2.019,1776876839999,10861.8362,400,0.035,188.3939,0
1776876840000,5379.7,5387.2,5369.6,5379.9,1.945,1776877019999,10463.8742,475,0.149,801.6837,0
1776877020000,5380.0,5387.2,5369.6,5379.8,2.049,1776877199999,11023.4371,434,0.057,306.7493,0
1776877200000,5379.8,5387.2,5369.6,5380.0,1.795,1776877379999,9656.3383,391,0.029,156.0632,0
1776877380000,5387.2,5387.2,5369.6,5379.9,1.757,1776877559999,9452.5810,378,0.049,263.7208,0
1776877560000,5387.2,5387.2,5369.6,5379.6,1.907,1776877739999,10259.5270,373,0.039,209.9280,0
1776877740000,5380.0,5387.2,5369.6,5380.0,1.787,1776877919999,9613.5560,374,0.052,279.8377,0
1776877920000,5387.2,5387.2,5369.6,5379.8,1.723,1776878099999,9269.6417,338,0.037,199.1293,0
1776878100000,5379.9,5387.2,5369.6,5380.0,1.713,1776878279999,9215.7935,319,0.015,80.8007,0
1776878280000,5387.2,5387.2,5369.6,5379.8,1.411,1776878459999,7591.0062,275,0.015,80.8080,0
1776878460000,5387.2,5387.2,5369.6,5379.4,1.313,1776878639999,7063.2692,266,0.015,80.8080,0
1776878640000,5387.2,5387.2,5369.6,5377.8,1.467,1776878819999,7890.1924,271,0.015,80.8080,0
1776878820000,5387.2,5387.2,5369.6,5378.2,1.395,1776878999999,7502.8351,309,0.050,269.0485,0
1776879000000,5378.2,5387.2,5369.6,5379.0,0.852,1776879179999,4582.5683,185,0.083,446.6317,0
1776879180000,5379.0,5387.2,5369.6,5377.2,1.386,1776879359999,7454.9485,324,0.068,365.8574,0
1776879360000,5387.2,5387.2,5369.6,5373.7,1.789,1776879539999,9616.4071,339,0.015,80.8080,0
1776879540000,5387.2,5387.2,5369.6,5371.4,1.578,1776879719999,8477.8810,341,0.067,360.1275,0
1776879720000,5371.7,5387.2,5369.6,5373.3,1.624,1776879899999,8724.3799,294,0.015,80.7925,0
1776879900000,5387.2,5387.2,5369.6,5372.8,1.767,1776880079999,9494.4017,349,0.015,80.8080,0
1776880080000,5387.2,5387.2,5369.6,5372.8,1.612,1776880259999,8661.7540,333,0.078,419.7786,0
1776880260000,5373.1,5387.2,5369.6,5371.5,1.356,1776880439999,7284.1501,265,0.015,80.7939,0
1776880440000,5371.6,5387.2,5369.6,5371.5,1.833,1776880619999,9847.9168,403,0.050,268.8152,0
1776880620000,5387.2,5387.2,5369.6,5373.2,1.468,1776880799999,7887.2010,274,0.015,80.8080,0
1776880800000,5373.2,5387.2,5368.6,5368.6,1.429,1776880979999,7675.5654,293,0.010,53.8720,0
1776880980000,5387.2,5387.2,5368.3,5369.3,1.706,1776881159999,9159.3243,399,0.011,59.2592,0
1776881160000,5369.3,5370.3,5368.5,5370.3,1.629,1776881339999,8746.3906,313,0,0,0
1776881340000,5369.8,5387.2,5369.6,5369.7,1.338,1776881519999,7185.3042,339,0.005,26.9360,0
1776881520000,5369.6,5387.2,5366.2,5366.2,1.624,1776881699999,8718.0585,392,0.010,53.8720,0
1776881700000,5387.2,5387.2,5366.2,5366.2,1.666,1776881879999,8941.8618,387,0.111,595.9657,0
1776881880000,5366.2,5368.2,5366.2,5367.9,17.383,1776882059999,93309.6815,286,6.868,36865.3162,0
1776882060000,5367.9,5368.7,5367.8,5368.7,22.633,1776882239999,121500.5597,428,21.963,117904.0587,0
1776882240000,5368.7,5368.7,5366.2,5366.2,297.204,1776882419999,1595214.0421,516,13.782,73990.6882,0
1776882420000,5366.4,5367.1,5366.1,5366.3,10.164,1776882599999,54546.4954,407,1.292,6933.9957,0
1776882600000,5366.3,5369.8,5366.1,5369.2,269.731,1776882779999,1447757.8057,617,261.573,1403979.0446,0
1776882780000,5369.2,5369.8,5367.5,5368.3,2.09,1776882959999,11219.1265,425,0.005,26.8490,0
1776882960000,5368.3,5369.8,5367.5,5367.7,2.172,1776883139999,11658.9568,396,0.005,26.8490,0
1776883140000,5367.7,5367.8,5367.6,5367.6,2.161,1776883319999,11599.5954,580,0.476,2555.0570,0
1776883320000,5367.6,5369.8,5365.3,5367.9,6.875,1776883499999,36900.9801,416,2.514,13499.6692,0
1776883500000,5369.8,5370.1,5367.8,5369.6,5.951,1776883679999,31954.6759,455,4.377,23504.0780,0
1776883680000,5369.8,5370.1,5368.7,5368.7,2.076,1776883859999,11145.9475,412,0.043,230.9143,0
1776883860000,5368.9,5370.9,5368.5,5370.6,1.854,1776884039999,9955.5191,438,0.996,5348.8918,0
1776884040000,5370.9,5372.9,5368.5,5371.6,1.86,1776884219999,9991.9346,388,1.255,6742.0403,0
1776884220000,5371.6,5375.4,5368.5,5375.3,1.977,1776884399999,10623.5274,477,1.743,9366.2811,0
1776884400000,5375.3,5376.6,5368.5,5374.7,1.918,1776884579999,10309.8690,387,0.609,3273.7818,0
1776884580000,5375.1,5376.6,5368.5,5373.9,2.015,1776884759999,10827.9443,404,0.038,204.2349,0
1776884760000,5376.6,5376.6,5368.5,5371.5,2.233,1776884939999,11997.4310,436,0.056,300.9305,0
1776884940000,5372.6,5376.6,5368.5,5375.0,2.068,1776885119999,11111.1199,389,0.052,279.5274,0
1776885120000,5375.2,5376.6,5368.5,5375.2,2.1,1776885299999,11287.8683,468,0.064,344.0224,0
1776885300000,5376.6,5378.7,5368.5,5378.7,1.982,1776885479999,10656.7634,469,1.054,5668.0068,0
1776885480000,5378.7,5378.7,5368.5,5373.4,2.012,1776885659999,10813.8494,442,0.529,2843.6839,0
1776885660000,5373.4,5374.3,5372.1,5372.7,1.926,1776885839999,10348.7447,409,0.816,4384.6899,0
1776885840000,5372.7,5374.5,5368.5,5374.5,1.982,1776886019999,10648.2245,430,1.349,7247.7765,0
1776886020000,5374.5,5376.0,5368.5,5376.0,1.809,1776886199999,9723.5109,453,1.215,6530.9160,0
1776886200000,5376.0,5378.5,5368.5,5378.3,1.826,1776886379999,9819.0388,362,1.363,7329.3787,0
1776886380000,5378.3,5380.0,5368.5,5379.9,1.708,1776886559999,9187.3956,389,1.406,7563.1785,0
1776886560000,5380.0,5380.0,5368.5,5378.2,2.007,1776886739999,10795.5624,360,0.666,3582.8923,0
1776886740000,5379.9,5379.9,5368.5,5379.9,2.022,1776886919999,10875.3304,459,0.642,3453.5636,0
1776886920000,5379.9,5379.9,5368.5,5379.9,1.972,1776887099999,10608.3473,450,0.773,4158.5901,0
1776887100000,5379.9,5379.9,5378.4,5378.5,1.945,1776887279999,10462.6210,389,0.765,4115.5730,0
1776887280000,5379.9,5379.9,5368.5,5379.1,1.851,1776887459999,9956.8084,382,0.485,2609.1538,0
1776887460000,5379.1,5379.9,5378.8,5379.9,1.888,1776887639999,10156.8737,374,1.359,7311.1762,0
1776887640000,5379.9,5379.9,5368.5,5379.7,1.909,1776887819999,10268.8052,367,0.812,4368.3088,0
1776887820000,5379.9,5379.9,5368.5,5378.1,1.719,1776887999999,9247.2392,342,0.954,5132.3473,0
1776888000000,5378.7,5380.0,5368.5,5380.0,1.528,1776888179999,8219.7707,339,1.020,5487.4133,0
1776888180000,5380.0,5380.0,5368.5,5378.1,1.881,1776888359999,10118.3566,428,0.351,1888.2438,0
1776888360000,5378.2,5378.2,5368.5,5376.7,1.946,1776888539999,10464.6307,365,0.809,4350.7682,0
1776888540000,5376.7,5377.0,5368.5,5376.6,1.951,1776888719999,10489.5571,348,0.850,4570.1570,0
1776888720000,5376.6,5376.8,5375.4,5375.9,1.822,1776888899999,9795.1114,355,0.804,4322.7101,0
1776888900000,5375.9,5376.1,5368.5,5376.1,2.11,1776889079999,11342.5081,441,1.205,6477.7906,0
1776889080000,5376.1,5376.1,5368.5,5373.5,2.029,1776889259999,10906.6548,419,0.848,4558.9153,0
1776889260000,5373.8,5373.8,5372.0,5372.1,1.989,1776889439999,10685.8081,436,1.034,5555.0600,0
1776889440000,5372.0,5372.1,5366.3,5366.3,251.358,1776889619999,1349309.5035,515,0.323,1734.9741,0
1776889620000,5367.0,5367.0,5365.7,5365.7,55.863,1776889799999,299752.7263,597,0.236,1266.4811,0
1776889800000,5365.7,5366.0,5362.3,5362.3,114.653,1776889979999,615058.9590,575,0.463,2484.2198,0
1776889980000,5362.3,5362.3,5361.0,5361.3,28.542,1776890159999,153035.9413,444,0.445,2385.6947,0
1776890160000,5361.5,5361.7,5356.4,5356.7,233.525,1776890339999,1251457.2116,712,0.404,2165.2019,0
1776890340000,5357.7,5357.7,5353.7,5354.7,95.569,1776890519999,511826.1296,492,0.271,1451.5814,0
1776890520000,5354.6,5356.0,5353.5,5354.4,2.099,1776890699999,11239.3259,388,0.392,2099.1524,0
1776890700000,5354.4,5356.0,5354.4,5354.8,44.243,1776890879999,236926.4004,392,42.884,229649.0387,0
1776890880000,5355.0,5355.0,5353.4,5354.9,28.952,1776891059999,155013.0751,431,8.857,47427.9959,0
1776891060000,5354.5,5355.0,5353.2,5353.5,49.732,1776891239999,266247.0975,444,11.143,59667.4832,0
1776891240000,5353.2,5354.0,5352.8,5353.7,21.56,1776891419999,115416.3389,448,8.619,46143.4373,0
1776891420000,5353.7,5355.6,5353.7,5355.1,53.926,1776891599999,288769.8719,481,53.136,284539.7257,0
1776891600000,5355.1,5355.7,5353.0,5353.9,46.936,1776891779999,251368.0972,477,44.775,239797.6489,0
1776891780000,5355.7,5357.4,5353.6,5356.9,108.17,1776891959999,579357.6480,451,107.229,574317.8408,0
1776891960000,5356.9,5358.0,5356.0,5357.0,18.71,1776892139999,100238.3894,497,13.427,71937.0261,0
1776892140000,5357.0,5357.9,5356.9,5356.9,13.708,1776892319999,73439.8774,405,12.612,67568.1564,0
1776892320000,5356.9,5358.2,5356.2,5357.0,83.397,1776892499999,446755.9501,463,19.509,104527.2444,0
1776892500000,5357.0,5360.3,5357.0,5357.2,114.41,1776892679999,613029.9892,488,113.060,605796.0739,0
1776892680000,5360.3,5360.4,5357.2,5357.9,2.33,1776892859999,12484.1085,427,0.254,1361.5251,0
1776892860000,5357.9,5360.4,5353.3,5353.5,2.288,1776893039999,12254.6732,488,0.005,26.8020,0
1776893040000,5353.5,5360.4,5350.5,5353.2,2.136,1776893219999,11432.0475,452,0.010,53.6040,0
1776893220000,5360.4,5360.4,5349.8,5351.0,2.205,1776893399999,11798.7914,440,0.015,80.3987,0
1776893400000,5360.4,5360.4,5349.8,5350.8,3.109,1776893579999,16646.4537,412,0.987,5290.5389,0
1776893580000,5360.4,5360.4,5350.8,5356.2,1.892,1776893759999,10129.6131,364,0.005,26.8020,0
1776893760000,5356.2,5356.7,5355.8,5355.8,2.084,1776893939999,11162.2143,381,0,0,0
1776893940000,5355.8,5356.4,5349.8,5356.4,2.138,1776894119999,11449.6352,378,0,0,0
1776894120000,5356.0,5356.0,5353.3,5354.6,2.194,1776894299999,11748.0589,394,0,0,0
1776894300000,5354.6,5359.4,5352.7,5355.1,2.037,1776894479999,10911.7579,390,0,0,0
1776894480000,5355.1,5360.4,5354.3,5357.2,2.223,1776894659999,11908.8323,392,0.013,69.6852,0
1776894660000,5357.2,5358.4,5353.3,5356.5,2.165,1776894839999,11593.6787,386,0,0,0
1776894840000,5356.5,5358.7,5355.3,5358.1,2.121,1776895019999,11362.1332,398,0,0,0
1776895020000,5358.1,5360.4,5356.0,5357.8,2.138,1776895199999,11456.1195,396,0.177,948.7908,0
1776895200000,5357.8,5360.9,5356.2,5358.3,2.051,1776895379999,10989.8123,486,0.411,2203.0058,0
1776895380000,5358.3,5360.1,5358.1,5360.1,2.137,1776895559999,11451.0058,393,0,0,0
1776895560000,5360.1,5360.1,5359.3,5359.4,2.061,1776895739999,11046.0951,387,0,0,0
1776895740000,5359.4,5360.3,5359.2,5359.2,2.059,1776895919999,11035.4616,438,0,0,0
1776895920000,5359.2,5360.9,5357.7,5359.6,13.253,1776896099999,71044.0159,386,11.303,60594.2527,0
1776896100000,5359.7,5360.2,5358.4,5359.3,2.02,1776896279999,10825.7302,387,0,0,0
1776896280000,5359.3,5359.3,5358.7,5358.7,2.036,1776896459999,10910.7253,378,0,0,0
1776896460000,5358.7,5358.7,5356.9,5357.0,2.182,1776896639999,11690.5026,427,0,0,0
1776896640000,5357.0,5358.9,5357.0,5357.7,2.134,1776896819999,11434.3224,421,0,0,0
1776896820000,5357.7,5357.7,5356.1,5357.1,1.922,1776896999999,10295.3443,355,0,0,0
1776897000000,5357.2,5359.4,5357.2,5358.6,1.557,1776897179999,8342.7999,303,0,0,0
1776897180000,5358.6,5358.7,5357.6,5358.5,1.907,1776897359999,10217.4599,365,0,0,0
1776897360000,5358.5,5360.0,5358.4,5358.8,1.937,1776897539999,10380.7204,400,0,0,0
1776897540000,5358.8,5361.0,5358.8,5360.9,1.934,1776897719999,10366.1993,347,0.223,1195.4881,0
1776897720000,5360.9,5361.0,5359.3,5359.3,125.711,1776897899999,673800.1022,481,0.380,2037.1800,0
1776897900000,5359.3,5360.1,5359.0,5360.1,12.676,1776898079999,67934.0956,325,0.932,4995.1660,0
1776898080000,5360.1,5361.9,5359.0,5361.9,1.959,1776898259999,10502.6372,500,1.388,7441.2093,0
1776898260000,5361.9,5367.0,5361.9,5367.0,1.717,1776898439999,9210.4687,420,1.717,9210.4687,0
1776898440000,5367.0,5368.5,5359.0,5368.5,1.5,1776898619999,8052.0221,299,1.421,7628.2481,0
1776898620000,5368.5,5369.9,5359.0,5369.6,1.553,1776898799999,8338.5742,275,1.290,6926.5602,0
1776898800000,5369.6,5370.3,5369.1,5370.3,1.21,1776898979999,6497.8112,245,1.128,6057.4830,0
1776898980000,5370.3,5373.0,5359.0,5373.0,1.702,1776899159999,9143.4718,352,1.183,6355.4742,0
1776899160000,5373.0,5373.4,5372.9,5373.3,1.586,1776899339999,8521.9396,334,1.321,7098.0415,0
1776899340000,5373.3,5373.4,5371.3,5372.0,1.256,1776899519999,6747.2143,247,0.542,2911.6584,0
1776899520000,5372.0,5373.5,5372.0,5373.5,1.862,1776899699999,10004.6582,372,1.838,9875.7086,0
1776899700000,5373.5,5373.6,5372.7,5373.6,1.734,1776899879999,9317.4846,346,1.348,7243.5498,0
1776899880000,5373.6,5373.6,5358.6,5373.5,296.646,1776900059999,1589680.5937,413,1.128,6061.4208,0
1776900060000,5373.5,5376.1,5373.5,5376.1,1.658,1776900239999,8910.4614,343,1.515,8142.0509,0
1776900240000,5376.1,5377.8,5373.5,5377.8,1.491,1776900419999,8016.6747,336,1.308,7032.9779,0
1776900420000,5377.9,5380.0,5373.5,5380.0,1.348,1776900599999,7251.4048,257,1.320,7100.8828,0
1776900600000,5380.0,5380.0,5373.5,5380.0,1.921,1776900779999,10334.7323,335,1.748,9404.2400,0
1776900780000,5380.0,5380.0,5373.5,5379.9,2.143,1776900959999,11529.0795,365,1.842,9909.9600,0
1776900960000,5379.9,5380.0,5373.5,5380.0,2.122,1776901139999,11415.1728,356,1.420,7639.5874,0
1776901140000,5380.0,5380.0,5379.7,5380.0,2.081,1776901319999,11195.6208,361,1.803,9700.0562,0
1776901320000,5380.0,5380.0,5373.5,5380.0,2.068,1776901499999,11125.7131,534,1.951,10496.3800,0
1776901500000,5380.0,5383.8,5373.5,5383.8,2.351,1776901679999,12652.2431,573,2.151,11575.7475,0
1776901680000,5383.8,5385.6,5373.5,5385.6,2.197,1776901859999,11830.7329,417,1.763,9493.6890,0
1776901860000,5385.6,5388.7,5373.5,5388.7,2.087,1776902039999,11243.5351,454,1.860,10020.5487,0
1776902040000,5388.7,5389.1,5373.5,5387.4,1.998,1776902219999,10764.9786,421,0.900,4849.7449,0
1776902220000,5387.4,5391.9,5373.5,5391.9,2.016,1776902399999,10865.6420,385,2.001,10785.0395,0
1776902400000,5391.9,5397.5,5373.5,5397.5,79.236,1776902579999,427565.1472,409,79.202,427382.0774,0
1776902580000,5397.5,5399.4,5373.5,5399.3,49.604,1776902759999,267776.9582,412,49.018,264613.5527,0
1776902760000,5399.4,5400.0,5373.5,5399.1,4.591,1776902939999,24769.5656,371,3.239,17489.8483,0
1776902940000,5399.1,5399.9,5373.5,5398.6,20.252,1776903119999,109339.6443,407,0.780,4211.5763,0
1776903120000,5399.7,5399.9,5395.4,5395.5,86.421,1776903299999,466458.5411,384,0.152,820.5387,0
1776903300000,5395.9,5398.5,5395.3,5397.2,19.069,1776903479999,102920.8244,270,18.892,101965.4379,0
1776903480000,5398.5,5399.5,5395.8,5398.4,18.516,1776903659999,99961.1826,304,17.557,94785.3712,0
1776903660000,5398.4,5399.6,5397.9,5399.6,18.323,1776903839999,98913.2836,287,4.036,21792.5668,0
1776903840000,5399.6,5399.9,5399.6,5399.9,1.685,1776904019999,9098.7392,311,1.104,5961.4589,0
1776904020000,5399.9,5405.6,5399.3,5405.6,211.853,1776904199999,1144449.0622,554,211.671,1143466.3190,0
1776904200000,5405.6,5408.4,5404.7,5408.4,86.232,1776904379999,466217.8187,281,85.479,462147.4182,0
1776904380000,5408.7,5408.7,5405.8,5407.4,6.85,1776904559999,37047.6111,380,5.584,30202.1214,0
1776904560000,5407.4,5407.9,5404.5,5404.5,1.727,1776904739999,9337.3277,412,0.282,1524.9942,0
1776904740000,5407.9,5408.8,5403.0,5403.0,1.547,1776904919999,8359.5236,347,0.015,81.1282,0
1776904920000,5408.8,5408.8,5403.0,5403.0,1.755,1776905099999,9482.2940,332,0.005,27.0440,0
1776905100000,5408.8,5408.8,5402.9,5403.1,1.755,1776905279999,9482.9997,403,0.240,1296.9382,0
1776905280000,5408.8,5408.8,5401.3,5401.3,1.535,1776905459999,8292.6008,370,0.015,81.1320,0
1776905460000,5408.8,5408.8,5399.5,5399.5,1.643,1776905639999,8873.7320,385,0.015,81.1320,0
1776905640000,5408.8,5408.8,5399.5,5400.0,1.814,1776905819999,9795.0938,353,0.005,27.0440,0
1776905820000,5400.0,5400.0,5399.4,5399.4,1.432,1776905999999,7732.5100,263,0,0,0
1776906000000,5399.4,5408.8,5397.4,5399.3,1.775,1776906179999,9582.2018,336,0.010,54.0880,0
1776906180000,5399.3,5408.8,5399.2,5401.3,1.809,1776906359999,9768.9978,336,0.005,27.0440,0
1776906360000,5401.3,5408.8,5401.3,5405.3,1.451,1776906539999,7841.3708,289,0.010,54.0880,0
1776906540000,5405.4,5408.8,5405.3,5406.0,1.756,1776906719999,9492.5493,354,0.049,264.8957,0
1776906720000,5406.0,5408.8,5402.8,5402.8,1.829,1776906899999,9884.6386,371,0.010,54.0880,0
1776906900000,5408.8,5408.8,5402.5,5402.5,1.372,1776907079999,7412.6048,277,0.010,54.0880,0
1776907080000,5408.8,5408.8,5402.1,5402.7,1.526,1776907259999,8244.0498,348,0.743,4014.0187,0
1776907260000,5402.8,5404.1,5402.0,5404.1,95.022,1776907439999,513392.5899,508,94.655,511409.9471,0
1776907440000,5404.1,5404.6,5402.7,5404.2,31.427,1776907619999,169835.6779,427,30.369,164118.8960,0
1776907620000,5404.2,5404.8,5403.6,5404.2,16.091,1776907799999,86966.6761,294,15.310,82746.1011,0
1776907800000,5404.2,5404.2,5404.1,5404.2,1.889,1776907979999,10208.5135,337,0,0,0
1776907980000,5404.2,5404.3,5404.1,5404.2,2.592,1776908159999,14007.7608,308,0.877,4739.5711,0
1776908160000,5404.2,5404.3,5404.1,5404.1,1.319,1776908339999,7128.0954,241,0.133,718.7596,0
1776908340000,5404.2,5404.3,5403.8,5403.8,44.06,1776908519999,238102.4290,365,1.044,5642.0867,0
1776908520000,5404.2,5404.2,5402.3,5402.3,62.42,1776908699999,337236.6280,426,0.015,81.0495,0
1776908700000,5402.4,5402.4,5401.9,5401.9,20.67,1776908879999,111659.6572,341,0.621,3354.8202,0
1776908880000,5402.1,5402.1,5400.9,5400.9,27.723,1776909059999,149736.3436,427,0.483,2608.7689,0
1776909060000,5401.0,5401.4,5400.8,5401.3,1.23,1776909239999,6643.4613,247,0.714,3856.5458,0
1776909240000,5401.4,5401.4,5400.7,5400.7,6.368,1776909419999,34392.2820,244,0.859,4639.2902,0
1776909420000,5400.8,5400.8,5400.7,5400.7,2.004,1776909599999,10823.1357,441,1.329,7177.6632,0
1776909600000,5400.7,5401.4,5400.7,5401.4,95.183,1776909779999,514109.7941,562,94.887,512511.1844,0
1776909780000,5401.4,5402.7,5401.4,5401.7,63.843,1776909959999,344865.9268,568,62.877,339647.5984,0
1776909960000,5401.7,5402.7,5401.6,5402.3,2.192,1776910139999,11841.1766,488,0.054,291.7143,0
1776910140000,5402.7,5402.8,5402.2,5402.8,2.146,1776910319999,11593.8341,401,0.886,4786.8667,0
1776910320000,5402.8,5402.8,5402.5,5402.5,26.502,1776910499999,143179.8552,531,1.094,5910.5790,0
1776910500000,5402.6,5402.7,5400.6,5400.6,330.179,1776910679999,1783598.0402,614,0.044,237.7117,0
1776910680000,5400.8,5401.2,5400.5,5401.1,2.154,1776910859999,11634.0625,425,1.474,7961.3541,0
1776910860000,5401.2,5401.2,5400.5,5401.2,11.928,1776911039999,64420.1271,409,11.029,59564.7938,0
1776911040000,5401.2,5402.6,5401.0,5402.6,229.102,1776911219999,1237520.5610,561,228.759,1235668.0077,0
1776911220000,5402.6,5402.7,5402.5,5402.7,11.702,1776911399999,63222.3499,484,11.687,63141.3116,0
1776911400000,5402.7,5402.8,5402.6,5402.7,1.974,1776911579999,10665.0428,368,1.270,6861.5453,0
1776911580000,5402.8,5402.8,5402.6,5402.7,2.931,1776911759999,15835.4139,360,1.030,5564.8840,0
1776911760000,5402.8,5402.8,5398.4,5401.3,849.458,1776911939999,4588418.5295,630,0.954,5152.9188,0
1776911940000,5401.3,5401.4,5397.0,5397.1,147.02,1776912119999,793567.0178,475,0.587,3169.6441,0
1776912120000,5397.1,5399.1,5397.0,5399.1,1.901,1776912299999,10261.9852,384,1.465,7908.5827,0
1776912300000,5399.1,5399.4,5397.0,5398.0,1.962,1776912479999,10591.7682,411,1.269,6850.8711,0
1776912480000,5398.3,5398.3,5396.2,5396.6,1.812,1776912659999,9778.6491,411,0.015,80.9745,0
1776912660000,5396.6,5398.6,5396.6,5398.6,1.855,1776912839999,10014.0310,353,1.125,6073.4136,0
1776912840000,5398.6,5398.6,5397.1,5397.1,283.47,1776913019999,1530138.7886,474,1.009,5447.0843,0
1776913020000,5397.1,5397.3,5396.6,5397.2,42.394,1776913199999,228796.2933,383,1.125,6071.8096,0
1776913200000,5397.2,5400.0,5397.2,5400.0,80.476,1776913379999,434421.0297,399,80.476,434421.0297,0
1776913380000,5400.0,5404.0,5400.0,5403.0,118.467,1776913559999,640045.5001,445,54.344,293567.9281,0
1776913560000,5403.0,5403.6,5402.9,5403.6,10.551,1776913739999,57008.9634,577,7.835,42333.2156,0
1776913740000,5403.6,5403.6,5402.1,5402.1,136.019,1776913919999,734909.7797,669,0.645,3485.3220,0
1776913920000,5402.5,5403.9,5401.5,5403.5,36.78,1776914099999,198710.1924,461,23.705,128081.0279,0
1776914100000,5403.9,5403.9,5402.2,5402.2,244.134,1776914279999,1319055.5717,589,0.714,3858.2391,0
1776914280000,5402.6,5402.6,5401.5,5402.5,27.187,1776914459999,146870.3240,475,17.203,92936.7060,0
1776914460000,5402.5,5403.8,5402.5,5403.8,43.049,1776914639999,232592.9069,442,42.938,231993.1966,0
1776914640000,5403.8,5405.0,5403.6,5403.6,35.502,1776914819999,191864.7194,507,26.078,140936.1778,0
1776914820000,5404.1,5404.1,5402.0,5402.0,28.766,1776914999999,155411.3760,411,0.175,945.4124,0
1776915000000,5402.1,5402.8,5402.0,5402.6,81.501,1776915179999,440297.7330,448,80.152,433010.2943,0
1776915180000,5402.8,5402.8,5402.0,5402.6,11.187,1776915359999,60437.1921,402,9.863,53284.8523,0
1776915360000,5402.6,5403.1,5402.0,5403.1,170.749,1776915539999,922545.0455,560,169.541,916019.0963,0
1776915540000,5403.1,5403.8,5402.0,5403.6,17.775,1776915719999,96047.4239,450,16.332,88251.5426,0
1776915720000,5403.6,5403.8,5402.0,5402.4,2.097,1776915899999,11329.2579,395,0.005,27.0190,0
1776915900000,5403.8,5403.8,5402.1,5402.5,2.055,1776916079999,11102.8046,389,0.015,81.0570,0
1776916080000,5403.8,5403.8,5402.0,5402.0,1.927,1776916259999,10410.1457,385,0.015,81.0570,0
1776916260000,5403.8,5403.8,5402.0,5403.6,1.935,1776916439999,10453.7091,437,0.055,297.1463,0
1776916440000,5403.6,5403.8,5403.0,5403.4,1.998,1776916619999,10795.4192,377,0.005,27.0190,0
1776916620000,5403.4,5404.8,5403.0,5403.0,1.813,1776916799999,9797.8703,373,1.515,8187.6305,0
1776916800000,5403.0,5404.8,5403.0,5404.6,2.041,1776916979999,11029.8121,439,0.912,4928.5979,0
1776916980000,5404.7,5405.8,5403.0,5405.7,2.164,1776917159999,11697.2537,431,1.928,10421.5905,0
1776917160000,5405.8,5405.8,5402.9,5405.8,2.789,1776917339999,15074.5468,470,1.285,6946.4527,0
1776917340000,5405.8,5405.8,5402.9,5405.8,2.012,1776917519999,10876.3026,557,0.482,2605.5956,0
1776917520000,5405.8,5406.0,5402.9,5406.0,2.068,1776917699999,11178.8825,506,0.909,4913.8389,0
1776917700000,5406.0,5409.0,5402.9,5409.0,2.198,1776917879999,11886.1860,466,1.952,10556.0100,0
1776917880000,5409.0,5410.1,5402.9,5408.5,2.135,1776918059999,11549.0509,478,1.169,6324.1498,0
1776918060000,5410.1,5410.1,5402.9,5407.3,1.888,1776918239999,10211.5175,357,0.015,81.1515,0
1776918240000,5410.1,5410.1,5402.9,5406.8,2.432,1776918419999,13150.8497,471,0.441,2385.5481,0
1776918420000,5410.1,5410.8,5402.9,5410.8,2.157,1776918599999,11664.9930,466,0.351,1898.9451,0
1776918600000,5410.8,5410.8,5402.9,5409.3,2.051,1776918779999,11093.9888,440,1.159,6269.0126,0
1776918780000,5409.4,5412.1,5402.9,5412.1,2.038,1776918959999,11026.9731,412,1.848,9999.1589,0
1776918960000,5412.1,5414.4,5402.9,5414.4,2.029,1776919139999,10984.1803,442,1.781,9641.9995,0
1776919140000,5414.4,5414.9,5402.9,5414.9,1.942,1776919319999,10514.7061,544,1.885,10206.2578,0
1776919320000,5414.9,5416.2,5402.9,5415.7,2.059,1776919499999,11150.1063,434,1.803,9763.9233,0
1776919500000,5415.7,5416.2,5402.9,5416.2,2.213,1776919679999,11981.0431,464,1.479,8007.4962,0
1776919680000,5416.2,5416.9,5402.9,5416.4,2.185,1776919859999,11834.9654,448,1.464,7930.0104,0
1776919860000,5416.9,5418.7,5402.9,5418.7,2.967,1776920039999,16074.3353,492,2.440,13219.6442,0
1776920040000,5418.7,5418.8,5402.9,5418.4,2.097,1776920219999,11360.9753,448,0.257,1392.5962,0
1776920220000,5418.4,5419.0,5402.9,5417.3,2.111,1776920399999,11438.1870,422,0.763,4134.3821,0
1776920400000,5417.3,5417.3,5402.9,5415.1,2.076,1776920579999,11243.9069,397,0.496,2686.3908,0
1776920580000,5415.1,5416.9,5402.9,5413.5,2.074,1776920759999,11231.2075,401,0.516,2794.6703,0
1776920760000,5413.5,5415.0,5413.4,5414.6,1.98,1776920939999,10720.6143,366,0,0,0
1776920940000,5414.6,5416.9,5402.9,5415.8,2.022,1776921119999,10949.6506,387,0.010,54.1690,0
1776921120000,5416.9,5416.9,5402.9,5415.7,2.095,1776921299999,11345.8928,400,0.015,81.2535,0
1776921300000,5416.9,5416.9,5402.9,5415.8,1.87,1776921479999,10126.6168,436,0.089,481.9725,0
1776921480000,5415.8,5416.9,5402.9,5416.2,1.914,1776921659999,10365.9113,411,0.053,287.0517,0
1776921660000,5416.9,5416.9,5402.9,5416.3,1.808,1776921839999,9792.4338,371,0.015,81.2535,0
1776921840000,5416.9,5416.9,5402.9,5416.5,1.993,1776922019999,10794.5373,450,0.083,449.5599,0
1776922020000,5416.9,5417.1,5402.9,5416.8,2.16,1776922199999,11700.2241,434,0.798,4322.8021,0
1776922200000,5417.0,5418.3,5415.2,5417.8,2.1,1776922379999,11375.3057,395,1.752,9490.2576,0
1776922380000,5417.8,5418.7,5417.3,5418.6,1.894,1776922559999,10262.4676,374,0.988,5353.5185,0
1776922560000,5418.6,5420.5,5418.6,5420.0,2.131,1776922739999,11548.7457,455,1.876,10166.8599,0
1776922740000,5420.0,5420.5,5402.9,5418.5,2.16,1776922919999,11705.2392,426,0.866,4693.1819,0
1776922920000,5418.5,5418.5,5402.9,5418.5,1.792,1776923099999,9709.8161,373,1.078,5841.1405,0
1776923100000,5418.5,5418.6,5402.9,5418.6,1.892,1776923279999,10251.3526,413,1.187,6431.7721,0
1776923280000,5418.6,5419.5,5402.9,5418.5,2.064,1776923459999,11183.4593,425,0.250,1354.7552,0
1776923460000,5419.5,5419.8,5402.9,5419.8,2.013,1776923639999,10908.8151,402,0.416,2254.5565,0
1776923640000,5419.8,5420.4,5402.9,5418.7,1.929,1776923819999,10453.3588,490,1.267,6866.2856,0
1776923820000,5418.7,5421.9,5402.9,5421.9,2.195,1776923999999,11898.2825,437,2.162,11719.5872,0
1776924000000,5421.9,5421.9,5402.9,5420.4,2.083,1776924179999,11288.6545,391,0.317,1718.7265,0
1776924180000,5420.8,5421.9,5402.9,5421.1,1.888,1776924359999,10235.1134,411,0.132,715.6421,0
1776924360000,5421.9,5424.6,5402.9,5424.6,2.015,1776924539999,10926.5146,454,1.680,9110.5851,0
1776924540000,5424.6,5425.5,5402.9,5424.6,10.383,1776924719999,56322.6600,498,9.914,53778.9328,0
1776924720000,5424.6,5426.3,5402.9,5426.3,14.995,1776924899999,81354.2163,469,14.221,77155.8070,0
1776924900000,5426.3,5426.8,5425.3,5425.4,2.099,1776925079999,11390.1820,432,1.270,6891.8030,0
1776925080000,5425.7,5426.2,5424.0,5425.2,7.514,1776925259999,40766.4467,428,1.211,6570.7562,0
1776925260000,5425.3,5425.5,5402.9,5421.4,66.607,1776925439999,361337.0901,459,64.606,350508.5054,0
1776925440000,5421.4,5423.9,5402.9,5422.5,2.103,1776925619999,11404.0582,438,1.390,7538.3661,0
1776925620000,5422.8,5422.8,5402.9,5419.5,2.041,1776925799999,11064.1832,396,0.217,1176.2207,0
1776925800000,5419.6,5419.7,5402.9,5419.7,2.086,1776925979999,11305.1274,572,0.718,3891.2846,0
1776925980000,5419.7,5419.8,5402.9,5419.6,2.026,1776926159999,10980.1026,521,1.339,7256.9260,0
1776926160000,5419.6,5422.0,5402.9,5420.8,2.065,1776926339999,11194.6578,431,1.193,6467.1357,0
1776926340000,5420.9,5421.2,5419.2,5419.2,2.043,1776926519999,11073.6621,542,0.155,840.1543,0
1776926520000,5419.2,5419.2,5418.4,5418.4,1.82,1776926699999,9862.1586,555,0,0,0
1776926700000,5418.4,5418.9,5418.0,5418.6,2.069,1776926879999,11210.7908,442,0.896,4855.0183,0
1776926880000,5418.6,5419.5,5418.0,5419.5,1.989,1776927059999,10778.2119,400,0.927,5023.5360,0
1776927060000,5419.5,5420.3,5417.5,5417.7,2.053,1776927239999,11125.6460,394,0.609,3300.6362,0
1776927240000,5417.7,5417.7,5417.1,5417.3,2.066,1776927419999,11192.2058,572,0,0,0
1776927420000,5417.3,5417.9,5416.9,5417.8,2.027,1776927599999,10981.3326,429,0,0,0
1776927600000,5417.8,5419.2,5417.8,5418.9,2.079,1776927779999,11265.1126,373,0,0,0
1776927780000,5418.9,5420.5,5418.8,5420.5,2.245,1776927959999,12168.1798,383,1.752,9496.5121,0
1776927960000,5420.5,5421.0,5420.5,5421.0,1.973,1776928139999,10695.2196,423,1.123,6087.5522,0
1776928140000,5421.0,5421.0,5419.2,5419.7,1.804,1776928319999,9778.8218,421,0.949,5144.1537,0
1776928320000,5419.7,5420.2,5419.7,5419.7,2.027,1776928499999,10986.1565,383,1.164,6308.8351,0
1776928500000,5419.7,5421.7,5419.7,5421.7,1.928,1776928679999,10450.8468,414,1.538,8336.8717,0
1776928680000,5421.7,5421.7,5421.3,5421.3,2.026,1776928859999,10983.6434,490,0.421,2282.4172,0
1776928860000,5421.3,5423.6,5421.3,5423.6,1.981,1776929039999,10741.6741,434,1.882,10204.9654,0
1776929040000,5423.6,5425.2,5423.6,5425.2,9.505,1776929219999,51558.0176,386,1.378,7474.6596,0
1776929220000,5425.2,5427.5,5425.2,5427.2,2.203,1776929399999,11954.8042,453,1.742,9453.0043,0
1776929400000,5427.3,5427.3,5422.8,5422.8,2.044,1776929579999,11090.7995,380,0,0,0
1776929580000,5423.9,5424.5,5422.8,5423.4,2.091,1776929759999,11340.7742,382,0,0,0
1776929760000,5423.4,5425.1,5423.4,5423.9,1.959,1776929939999,10625.4924,357,0,0,0
1776929940000,5423.9,5427.6,5420.9,5420.9,2.243,1776930119999,12162.9484,463,0.111,602.4589,0
1776930120000,5420.9,5423.1,5419.3,5419.3,1.955,1776930299999,10598.9229,407,0,0,0
1776930300000,5419.3,5420.2,5419.1,5419.1,2.006,1776930479999,10871.3575,375,0,0,0
1776930480000,5419.1,5419.5,5417.9,5419.0,1.939,1776930659999,10507.0697,398,0,0,0
1776930660000,5419.0,5427.6,5419.0,5423.1,2.04,1776930839999,11061.6246,354,0.009,48.8484,0
1776930840000,5423.1,5426.0,5423.1,5424.5,2.001,1776931019999,10856.1127,360,0,0,0
1776931020000,5424.5,5425.9,5424.5,5424.7,1.928,1776931199999,10459.9609,355,0,0,0
1776931200000,5424.7,5425.8,5417.9,5424.5,1.744,1776931379999,9460.7730,310,0,0,0
1776931380000,5424.6,5425.2,5424.5,5424.7,1.851,1776931559999,10041.6399,448,0.261,1415.9397,0
1776931560000,5424.7,5432.4,5423.9,5432.3,1.837,1776931739999,9968.9531,407,0.700,3800.6525,0
1776931740000,5432.3,5433.4,5431.4,5432.6,1.726,1776931919999,9375.9629,360,0.728,3954.8907,0
1776931920000,5432.6,5433.2,5427.4,5427.7,1.727,1776932099999,9377.5421,332,0,0,0
1776932100000,5427.7,5427.9,5426.0,5426.1,1.701,1776932279999,9231.7641,324,0,0,0
1776932280000,5426.1,5427.1,5425.6,5427.1,1.763,1776932459999,9566.1004,319,0,0,0
1776932460000,5427.1,5427.2,5425.2,5425.2,1.736,1776932639999,9419.6214,330,0,0,0
1776932640000,5425.2,5429.1,5425.2,5428.9,1.723,1776932819999,9352.1496,316,0,0,0
1776932820000,5428.9,5433.5,5422.4,5422.4,1.694,1776932999999,9194.6224,308,0.110,597.6816,0
1776933000000,5422.4,5422.4,5419.0,5419.0,1.488,1776933179999,8064.4408,272,0,0,0
1776933180000,5418.8,5418.9,5416.1,5416.2,1.462,1776933359999,7919.6885,359,0,0,0
1776933360000,5416.2,5416.5,5414.0,5414.9,1.466,1776933539999,7938.7613,303,0,0,0
1776933540000,5415.4,5416.9,5414.9,5416.2,1.546,1776933719999,8373.1502,290,0,0,0
1776933720000,5416.1,5416.2,5416.0,5416.0,1.394,1776933899999,7549.9332,266,0,0,0
1776933900000,5416.0,5416.6,5416.0,5416.6,1.469,1776934079999,7956.3464,402,0,0,0
1776934080000,5416.6,5416.9,5416.0,5416.3,1.379,1776934259999,7468.8728,335,0,0,0
1776934260000,5433.5,5433.5,5415.6,5416.0,1.764,1776934439999,9553.9463,432,0.001,5.4335,0
1776934440000,5416.0,5416.1,5415.9,5415.9,1.8,1776934619999,9748.7334,330,0,0,0
1776934620000,5415.9,5416.2,5415.9,5416.1,1.773,1776934799999,9602.6599,331,0,0,0
1776934800000,5416.1,5416.2,5415.6,5416.0,1.807,1776934979999,9786.7656,333,0,0,0
1776934980000,5416.0,5419.5,5416.0,5419.3,1.707,1776935159999,9247.2358,327,0,0,0
1776935160000,5419.3,5419.3,5416.7,5417.0,1.836,1776935339999,9946.6082,345,0,0,0
1776935340000,5417.2,5433.5,5415.6,5422.9,1.87,1776935519999,10139.8455,379,0.256,1388.4448,0
1776935520000,5422.9,5433.5,5415.6,5425.6,1.883,1776935699999,10213.1410,345,0.019,103.1801,0
1776935700000,5425.6,5425.6,5412.1,5412.1,1.749,1776935879999,9471.5004,356,0,0,0
1776935880000,5412.1,5414.7,5410.2,5414.5,1.809,1776936059999,9792.2762,345,0,0,0
1776936060000,5414.6,5433.5,5414.0,5414.6,1.83,1776936239999,9910.2298,339,0.018,97.8030,0
1776936240000,5414.6,5417.1,5410.1,5416.8,1.917,1776936419999,10380.7484,356,0,0,0
1776936420000,5416.8,5417.9,5415.0,5415.1,2.048,1776936599999,11094.0310,365,0,0,0
1776936600000,5415.1,5423.0,5415.0,5422.8,1.839,1776936779999,9965.9985,341,0,0,0
1776936780000,5422.8,5423.0,5421.1,5422.6,1.939,1776936959999,10514.1769,362,0,0,0
1776936960000,5422.6,5423.4,5410.1,5423.4,2.061,1776937139999,11176.9535,528,0.473,2565.2681,0
1776937140000,5423.4,5433.5,5410.1,5425.5,1.871,1776937319999,10148.8990,404,0.049,265.9175,0
1776937320000,5425.5,5433.5,5410.1,5425.7,1.975,1776937499999,10715.5064,375,0.015,81.4945,0
1776937500000,5433.5,5433.5,5410.1,5428.6,1.934,1776937679999,10497.2930,361,0.033,179.3055,0
1776937680000,5433.5,5433.5,5410.1,5429.2,1.881,1776937859999,10203.8905,381,0.587,3179.3014,0
1776937860000,5429.7,5431.2,5410.1,5429.7,1.849,1776938039999,10039.9066,409,0.956,5191.4211,0
1776938040000,5429.8,5431.2,5410.1,5429.9,1.974,1776938219999,10718.3309,384,0.015,81.4666,0
1776938220000,5431.2,5431.2,5410.1,5428.9,1.826,1776938399999,9913.4326,348,0.020,108.6240,0
1776938400000,5429.6,5431.2,5410.1,5429.9,2.08,1776938579999,11293.5212,436,0.053,287.8020,0
1776938580000,5430.0,5431.2,5410.1,5420.1,2.085,1776938759999,11316.6492,403,0.037,200.9474,0
1776938760000,5420.1,5431.2,5410.1,5420.0,1.964,1776938939999,10654.5123,367,0.010,54.3101,0
1776938940000,5431.2,5431.2,5410.1,5417.8,1.924,1776939119999,10428.1645,356,0.015,81.4680,0
1776939120000,5431.2,5431.2,5410.1,5417.1,1.916,1776939299999,10382.5475,354,0.015,81.4680,0
1776939300000,5431.2,5431.2,5410.1,5421.1,2.038,1776939479999,11045.2633,381,0.015,81.4680,0
1776939480000,5431.2,5431.2,5410.1,5423.4,2.001,1776939659999,10847.5649,413,0.051,276.6175,0
1776939660000,5431.2,5431.2,5410.1,5422.4,2.052,1776939839999,11127.2591,391,0.015,81.4680,0
1776939840000,5431.2,5431.2,5410.1,5423.9,2.13,1776940019999,11550.2868,412,0.042,227.9021,0
1776940020000,5423.9,5431.2,5410.1,5425.7,2.083,1776940199999,11299.6639,398,0.015,81.4607,0
1776940200000,5431.2,5431.2,5410.1,5427.3,2.119,1776940379999,11497.7363,446,0.114,618.6707,0
1776940380000,5431.2,5431.2,5410.1,5427.8,2.113,1776940559999,11467.4465,440,0.064,347.4136,0
1776940560000,5427.8,5431.2,5410.1,5430.4,2.072,1776940739999,11249.3324,398,0.015,81.4646,0
1776940740000,5431.2,5431.2,5410.1,5427.7,2.058,1776940919999,11170.5839,429,0.066,358.2648,0
1776940920000,5427.7,5431.2,5410.1,5428.6,1.865,1776941099999,10123.2160,377,0.015,81.4645,0
1776941100000,5431.2,5431.2,5410.1,5429.1,2.136,1776941279999,11596.1489,398,0.783,4251.0063,0
1776941280000,5429.1,5429.7,5410.1,5429.7,2.138,1776941459999,11608.0186,431,1.228,6667.4646,0
1776941460000,5429.7,5429.8,5410.1,5429.8,2.053,1776941639999,11146.8751,425,0.825,4479.5675,0
1776941640000,5429.8,5429.8,5410.1,5429.7,2.093,1776941819999,11364.0015,392,0.422,2291.3539,0
1776941820000,5429.8,5430.2,5410.1,5430.1,2.111,1776941999999,11460.7734,407,1.553,8432.6229,0
1776942000000,5430.1,5430.7,5410.1,5430.6,2.095,1776942179999,11376.2447,571,1.403,7618.6795,0
1776942180000,5430.7,5430.8,5410.1,5430.6,2.266,1776942359999,12305.6596,420,0.665,3611.4401,0
1776942360000,5430.8,5430.8,5410.1,5430.7,2.176,1776942539999,11813.8928,371,0.624,3388.8192,0
1776942540000,5430.8,5430.8,5410.1,5428.8,1.941,1776942719999,10539.3834,412,0.716,3888.4483,0
1776942720000,5428.9,5428.9,5410.1,5426.3,2.019,1776942899999,10958.6304,446,0.718,3897.3024,0
1776942900000,5426.4,5426.4,5410.1,5426.3,2.014,1776943079999,10926.6023,390,0.899,4878.1872,0
1776943080000,5426.4,5426.8,5410.1,5426.7,1.919,1776943259999,10413.3169,382,1.101,5974.5492,0
1776943260000,5426.8,5426.8,5410.1,5426.8,4.201,1776943439999,22797.6993,387,3.816,20708.6688,0
1776943440000,5426.8,5426.8,5410.0,5426.7,13.563,1776943619999,73488.9704,428,5.894,31985.5592,0
1776943620000,5426.8,5426.8,5410.0,5421.9,2.013,1776943799999,10922.0348,392,0.585,3174.6750,0
1776943800000,5422.6,5422.8,5410.0,5419.5,1.925,1776943979999,10435.4263,399,1.012,5486.8402,0
1776943980000,5420.0,5420.6,5410.0,5419.1,1.82,1776944159999,9863.9383,439,0.358,1940.4773,0
1776944160000,5419.2,5420.6,5410.0,5420.0,2.082,1776944339999,11283.8188,414,0.422,2287.3221,0
1776944340000,5420.6,5421.3,5410.0,5421.2,2.051,1776944519999,11118.1260,408,1.721,9329.7743,0
1776944520000,5421.3,5421.3,5410.0,5419.5,2.657,1776944699999,14400.2988,429,1.643,8905.1717,0
1776944700000,5419.5,5420.9,5410.0,5419.7,2.096,1776944879999,11361.1560,415,1.516,8217.4516,0
1776944880000,5420.0,5420.6,5410.0,5420.2,1.986,1776945059999,10764.6666,395,0.928,5030.2122,0
1776945060000,5420.6,5420.6,5410.0,5418.6,2.824,1776945239999,15297.1268,400,0.137,742.4312,0
1776945240000,5418.7,5420.0,5410.0,5420.0,2.027,1776945419999,10984.0724,395,1.402,7597.8399,0
1776945420000,5420.0,5422.3,5410.0,5422.3,2.105,1776945599999,11411.3666,454,1.940,10516.9806,0
1776945600000,5422.3,5423.7,5410.0,5423.4,2.042,1776945779999,11073.4484,406,1.424,7721.9206,0
1776945780000,5423.4,5423.9,5410.0,5423.9,2.059,1776945959999,11167.0156,395,1.050,5694.9063,0
1776945960000,5423.9,5423.9,5420.7,5422.1,2.14,1776946139999,11604.0230,481,0.792,4295.2267,0
1776946140000,5422.1,5422.3,5410.0,5419.3,1.988,1776946319999,10777.9979,414,1.049,5687.4282,0
1776946320000,5419.6,5420.0,5410.0,5417.2,1.961,1776946499999,10625.2680,475,0.401,2173.1642,0
1776946500000,5417.2,5417.3,5410.0,5416.3,2.018,1776946679999,10929.0321,471,1.014,5491.5265,0
1776946680000,5416.3,5417.4,5410.0,5417.3,6.094,1776946859999,32982.7291,428,1.221,6614.0451,0
1776946860000,5417.4,5419.1,5410.0,5417.3,1.982,1776947039999,10737.2189,430,1.021,5531.7694,0
1776947040000,5417.3,5418.2,5410.0,5418.2,1.862,1776947219999,10087.4205,393,1.470,7963.8790,0
1776947220000,5418.2,5421.2,5410.0,5421.2,1.928,1776947399999,10447.3569,366,0.951,5153.6064,0
1776947400000,5421.2,5422.7,5410.0,5419.6,1.955,1776947579999,10597.3138,398,0.854,4629.8568,0
1776947580000,5419.7,5420.6,5410.0,5420.6,2.041,1776947759999,11062.5634,416,1.723,9339.1711,0
1776947760000,5420.6,5421.4,5410.0,5421.4,2.004,1776947939999,10863.0860,429,1.743,9448.4998,0
1776947940000,5421.4,5423.7,5410.0,5423.7,2.14,1776948119999,11605.6474,461,2.125,11524.4974,0
1776948120000,5423.7,5424.3,5410.0,5422.2,6.521,1776948299999,35368.4057,416,5.230,28367.3945,0
1776948300000,5424.3,5424.3,5410.0,5423.5,2.0,1776948479999,10843.8834,402,0.045,244.0439,0
1776948480000,5423.6,5424.3,5410.0,5420.9,2.163,1776948659999,11729.5466,438,0.056,303.7139,0
1776948660000,5424.3,5424.3,5410.0,5419.9,2.091,1776948839999,11335.7331,404,0.016,86.7888,0
1776948840000,5419.9,5424.3,5410.0,5421.9,1.911,1776949019999,10358.7088,385,0.098,531.1960,0
1776949020000,5424.3,5424.3,5410.0,5421.7,1.906,1776949199999,10333.7696,363,0.017,92.2031,0
1776949200000,5421.7,5424.3,5410.0,5420.9,1.93,1776949379999,10462.9099,382,0.010,54.2430,0
1776949380000,5420.9,5424.3,5410.0,5418.9,1.955,1776949559999,10596.0344,374,0.015,81.3645,0
1776949560000,5424.3,5424.3,5410.0,5418.3,2.07,1776949739999,11216.9740,393,0.015,81.3645,0
1776949740000,5424.3,5424.3,5410.0,5417.5,2.065,1776949919999,11188.7837,388,0.015,81.3645,0
1776949920000,5424.3,5424.3,5410.0,5416.5,2.053,1776950099999,11121.2092,392,0.015,81.3645,0
1776950100000,5424.3,5424.3,5410.0,5417.9,2.122,1776950279999,11494.7654,399,0.015,81.3645,0
1776950280000,5424.3,5424.3,5410.0,5418.8,1.975,1776950459999,10700.4663,436,0.097,525.6910,0
1776950460000,5419.6,5424.3,5410.0,5418.9,2.148,1776950639999,11638.6886,419,0.015,81.3316,0
1776950640000,5424.3,5424.3,5410.0,5418.3,2.022,1776950819999,10956.6966,401,0.030,162.6407,0
1776950820000,5418.5,5424.3,5410.0,5416.0,1.997,1776950999999,10819.0120,391,0.032,173.4698,0
1776951000000,5424.3,5424.3,5410.0,5416.4,1.961,1776951179999,10620.9889,376,0.015,81.3645,0
1776951180000,5424.3,5424.3,5410.0,5416.1,1.741,1776951359999,9428.2438,369,0.043,232.9786,0
1776951360000,5416.1,5424.3,5410.0,5416.0,1.505,1776951539999,8150.5847,323,0.034,184.2427,0
1776951540000,5424.3,5424.3,5410.0,5414.7,1.855,1776951719999,10044.7464,392,0.056,303.3576,0
1776951720000,5424.3,5424.3,5410.0,5414.8,2.935,1776951899999,15887.6283,380,0.044,238.3812,0
1776951900000,5424.3,5424.3,5410.0,5414.7,1.566,1776952079999,8480.2968,316,0.021,113.8501,0
1776952080000,5424.3,5424.3,5410.0,5414.7,1.686,1776952259999,9129.1184,315,0.010,54.2430,0
1776952260000,5424.3,5424.3,5410.0,5414.0,1.161,1776952439999,6285.8270,227,0.024,130.0842,0
1776952440000,5424.3,5424.3,5410.0,5412.1,2.922,1776952619999,15829.1271,339,1.181,6405.9258,0
1776952620000,5424.3,5424.3,5410.0,5412.0,1.718,1776952799999,9298.1159,338,0.033,178.7758,0
1776952800000,5412.0,5424.3,5409.2,5411.2,1.451,1776952979999,7851.1969,257,0.010,54.2430,0
1776952980000,5424.3,5424.3,5409.2,5411.1,1.356,1776953159999,7336.5626,275,0.015,81.3645,0
1776953160000,5424.3,5424.3,5409.1,5410.9,1.704,1776953339999,9219.4645,321,0.010,54.2430,0
1776953340000,5410.9,5424.3,5409.7,5409.8,1.67,1776953519999,9035.8627,330,0.010,54.2430,0
1776953520000,5424.3,5424.3,5407.3,5407.3,1.341,1776953699999,7253.8597,256,0.010,54.2430,0
1776953700000,5407.3,5424.3,5405.9,5407.0,1.759,1776953879999,9510.7042,416,0.015,81.3645,0
1776953880000,5424.3,5424.3,5405.2,5405.3,1.156,1776954059999,6249.4901,239,0.015,81.3645,0
1776954060000,5405.3,5424.3,5404.6,5405.2,1.342,1776954239999,7253.4839,254,0.005,27.1215,0
1776954240000,5424.3,5424.3,5405.2,5408.8,1.881,1776954419999,10169.5116,362,0.005,27.1215,0
1776954420000,5424.3,5424.3,5408.6,5411.4,1.415,1776954599999,7657.0158,322,0.010,54.2430,0
1776954600000,5424.3,5424.3,5411.2,5411.4,1.54,1776954779999,8334.4566,380,0.010,54.2430,0
1776954780000,5424.3,5424.3,5409.7,5410.3,1.785,1776954959999,9656.9178,337,0.010,54.2430,0
1776954960000,5410.3,5424.3,5409.7,5413.0,1.501,1776955139999,8122.7910,288,0.005,27.1215,0
1776955140000,5424.3,5424.3,5408.9,5408.9,1.358,1776955319999,7347.3780,319,0.010,54.2430,0
1776955320000,5424.3,5424.3,5407.7,5408.1,1.731,1776955499999,9361.6795,406,0.015,81.3645,0
1776955500000,5408.1,5424.3,5407.7,5408.7,1.407,1776955679999,7610.6790,274,0.005,27.1215,0
1776955680000,5424.3,5424.3,5407.1,5407.1,1.809,1776955859999,9783.0217,389,0.015,81.3645,0
1776955860000,5424.3,5424.3,5406.8,5410.8,1.852,1776956039999,10015.6889,365,0.005,27.1215,0
1776956040000,5410.8,5424.3,5410.3,5417.4,1.398,1776956219999,7567.3185,291,0.042,227.3949,0
1776956220000,5417.4,5424.3,5415.5,5416.0,1.677,1776956399999,9083.9845,353,0.036,195.0380,0
1776956400000,5416.0,5424.3,5415.5,5418.7,1.416,1776956579999,7669.6485,266,0.005,27.1215,0
1776956580000,5424.3,5424.3,5417.9,5422.0,1.649,1776956759999,8936.9212,305,0.005,27.1215,0
1776956760000,5422.0,5424.3,5418.8,5419.7,1.592,1776956939999,8629.0304,305,0.005,27.1215,0
1776956940000,5419.7,5422.9,5418.7,5422.8,1.601,1776957119999,8677.3860,335,0,0,0
1776957120000,5424.3,5424.3,5421.5,5421.6,1.374,1776957299999,7450.6534,300,0.036,195.2046,0
1776957300000,5421.6,5426.0,5421.3,5426.0,138.399,1776957479999,750828.6966,373,137.561,746285.2833,0
1776957480000,5426.0,5426.5,5424.2,5425.2,8.615,1776957659999,46745.7176,340,7.009,38034.0889,0
1776957660000,5426.5,5429.8,5425.6,5429.8,146.791,1776957839999,796816.4907,405,146.480,795128.2856,0
1776957840000,5429.8,5431.5,5427.7,5431.5,82.58,1776958019999,448442.6911,371,81.658,443436.7181,0
1776958020000,5431.5,5436.6,5431.5,5436.6,163.004,1776958199999,885887.4741,424,162.913,885392.9802,0
1776958200000,5436.6,5439.9,5436.6,5439.9,48.973,1776958379999,266338.1123,360,48.866,265756.2926,0
1776958380000,5439.9,5440.1,5438.8,5440.1,5.9,1776958559999,32095.1480,229,5.005,27227.1911,0
1776958560000,5440.1,5440.4,5439.0,5439.5,15.279,1776958739999,83111.9642,372,5.566,30279.6328,0
1776958740000,5439.5,5440.3,5438.3,5438.4,38.225,1776958919999,207906.8787,249,6.798,36980.9104,0
1776958920000,5438.5,5440.4,5438.4,5440.4,16.314,1776959099999,88734.0509,207,16.192,88070.4576,0
1776959100000,5440.4,5440.4,5437.6,5437.6,194.445,1776959279999,1057441.0343,451,21.074,114650.9866,0
1776959280000,5437.6,5437.6,5433.8,5434.1,154.098,1776959459999,837684.9017,586,0.080,434.7405,0
1776959460000,5434.1,5437.5,5434.1,5437.5,247.031,1776959639999,1342632.6910,507,247.001,1342469.6384,0
1776959640000,5437.5,5441.8,5437.0,5441.8,154.775,1776959819999,841905.7353,556,154.270,839159.9767,0
1776959820000,5442.0,5444.4,5442.0,5443.5,73.174,1776959999999,398289.7591,483,72.771,396096.1412,0
1776960000000,5444.4,5444.8,5442.0,5444.8,11.438,1776960179999,62272.8377,352,9.789,53296.8435,0
1776960180000,5444.8,5444.8,5442.5,5443.9,55.95,1776960359999,304555.8294,444,0.860,4681.7324,0
1776960360000,5443.9,5446.7,5443.2,5443.2,354.146,1776960539999,1928409.5399,608,353.266,1923619.3441,0
1776960540000,5446.0,5446.8,5443.2,5446.1,58.922,1776960719999,320863.1653,438,21.542,117328.4024,0
1776960720000,5446.1,5446.8,5444.9,5446.1,14.426,1776960899999,78553.4007,422,13.189,71817.4146,0
1776960900000,5446.0,5446.8,5444.9,5444.9,26.248,1776961079999,142945.7741,385,25.371,138170.4097,0
1776961080000,5445.2,5446.2,5444.9,5445.1,143.737,1776961259999,782760.0626,453,142.808,777701.4695,0
1776961260000,5446.1,5446.4,5444.9,5444.9,77.467,1776961439999,421882.6674,416,76.234,415168.4465,0
1776961440000,5446.0,5446.7,5444.9,5446.0,2.027,1776961619999,11038.5828,396,0.722,3932.2254,0
1776961620000,5445.1,5446.7,5444.9,5446.7,109.759,1776961799999,597775.2933,400,108.484,590832.4812,0
1776961800000,5446.7,5446.7,5442.6,5442.6,541.167,1776961979999,2946298.8263,598,0.634,3452.3755,0
1776961980000,5445.1,5445.1,5442.6,5442.9,2.534,1776962159999,13793.3630,355,0.883,4807.2910,0
1776962160000,5444.9,5445.0,5440.9,5440.9,155.081,1776962339999,843952.1239,528,0.691,3761.8333,0
1776962340000,5444.7,5445.2,5440.8,5442.9,75.034,1776962519999,408555.1786,460,73.686,401218.7411,0
1776962520000,5443.1,5445.2,5440.8,5442.3,227.9,1776962699999,1240623.2164,422,226.522,1233124.1512,0
1776962700000,5442.3,5445.2,5440.8,5442.0,198.765,1776962879999,1081969.7511,404,197.510,1075140.2565,0
1776962880000,5442.0,5445.2,5440.8,5442.9,212.453,1776963059999,1156353.6219,436,211.164,1149339.0071,0
1776963060000,5442.9,5445.2,5440.8,5441.6,389.482,1776963239999,2120134.9568,415,360.098,1960249.9955,0
1776963240000,5442.9,5445.2,5440.8,5445.2,259.808,1776963419999,1414206.9984,384,258.570,1407470.2881,0
1776963420000,5445.2,5445.2,5437.9,5437.9,409.25,1776963599999,2226355.4933,645,0.650,3538.0201,0
1776963600000,5441.6,5445.2,5435.6,5435.6,164.002,1776963779999,891679.3146,412,0.581,3160.8382,0
1776963780000,5436.0,5439.2,5435.4,5439.2,164.334,1776963959999,893646.9177,476,150.405,817935.3994,0
1776963960000,5439.2,5439.5,5435.4,5439.5,418.952,1776964139999,2278222.3440,464,417.985,2272965.2117,0
1776964140000,5439.5,5439.5,5434.2,5436.2,457.884,1776964319999,2488906.3860,561,147.616,802565.2374,0
1776964320000,5436.2,5437.5,5069.4,5069.4,8514.295,1776964499999,43648862.5371,1310,0.360,1957.3050,0
1776964500000,5069.4,5073.7,5068.9,5069.5,14238.398,1776964679999,72189490.5953,1569,5311.878,26931098.8519,0
1776964680000,5069.5,5069.5,5067.9,5067.9,15648.938,1776964859999,79317281.3702,1738,4496.624,22789809.6784,0
1776964860000,5067.9,5438.9,5066.9,5434.0,10194.222,1776965039999,51749843.3233,1279,2776.212,14149525.3268,0
1776965040000,5434.4,5439.5,5428.6,5428.6,521.135,1776965219999,2830691.4071,480,51.210,278306.6733,0
1776965220000,5433.2,5439.5,5428.6,5430.1,91.604,1776965399999,497626.7259,425,74.155,402901.1704,0
1776965400000,5432.0,5432.6,5428.6,5430.9,50.978,1776965579999,276864.8189,408,23.686,128662.6821,0
1776965580000,5430.9,5432.0,5428.6,5431.8,16.258,1776965759999,88285.6591,390,0.901,4893.8119,0
1776965760000,5430.4,5432.0,5068.0,5068.8,10379.357,1776965939999,52749786.9388,1329,2210.063,11203639.8627,0
1776965940000,5068.8,5068.8,5064.8,5065.6,19182.11,1776966119999,97191731.6123,1616,3197.437,16196412.6612,0
1776966120000,5065.6,5069.7,5065.5,5068.2,24391.051,1776966299999,123604812.6271,1887,12088.143,61256948.3453,0
1776966300000,5068.2,5068.2,5067.0,5067.7,24449.396,1776966479999,123892431.7270,1600,4089.684,20724827.2570,0
1776966480000,5067.7,5076.2,5067.7,5076.2,30278.063,1776966659999,153577929.8283,2062,29076.577,147483679.2379,0
1776966660000,5076.2,5077.7,5076.1,5076.1,24625.849,1776966839999,125025509.4791,1681,11219.368,56960550.2098,0
1776966840000,5076.1,5076.1,5073.5,5073.5,21847.422,1776967019999,110868258.7052,1592,5171.048,26240628.1878,0
1776967020000,5073.5,5074.1,5072.5,5073.8,25791.163,1776967199999,130842733.2912,1697,12648.097,64167406.7593,0
1776967200000,5073.8,5076.3,5073.7,5076.0,32332.554,1776967379999,164073911.1369,2050,15152.212,76893790.1776,0
1776967380000,5075.9,5076.2,5074.5,5075.2,29151.212,1776967559999,147954524.3437,1942,10014.637,50828330.5140,0
1776967560000,5075.2,5077.1,5074.8,5075.6,28999.981,1776967739999,147199546.7565,1953,10412.310,52853735.0681,0
1776967740000,5075.6,5076.4,5075.1,5076.4,29726.909,1776967919999,150886909.0286,1795,18453.422,93666563.8249,0
1776967920000,5076.4,5077.7,5073.5,5073.9,31821.3,1776968099999,161515179.8077,1913,8773.958,44538514.1063,0
1776968100000,5073.9,5074.0,5072.0,5072.0,24038.219,1776968279999,121943501.8524,1819,4517.957,22920443.5911,0
1776968280000,5072.0,5072.0,5070.1,5071.1,21465.577,1776968459999,108852010.8850,1580,6917.068,35075078.2455,0
1776968460000,5071.0,5074.4,5071.0,5073.9,27022.982,1776968639999,137081371.5251,1509,19433.199,98579243.9269,0
1776968640000,5073.9,5074.4,5073.1,5074.4,29171.376,1776968819999,148008422.4105,1763,16879.945,85647620.7176,0
1776968820000,5074.3,5075.7,5074.3,5075.7,25443.374,1776968999999,129129755.4779,1747,16226.632,82353646.4955,0
1776969000000,5075.7,5078.7,5075.5,5077.5,30297.804,1776969179999,153844667.7036,2023,17573.911,89234508.7485,0
1776969180000,5077.5,5079.0,5077.4,5078.9,32292.286,1776969359999,163978931.9329,2048,22174.013,112602433.0422,0
1776969360000,5078.9,5079.9,5078.8,5079.1,29563.412,1776969539999,150159276.0930,1947,15374.097,78089050.9177,0
1776969540000,5079.1,5079.4,5077.9,5078.2,30693.879,1776969719999,155880017.5131,2097,7749.799,39357942.4126,0
1776969720000,5078.2,5079.7,5078.0,5078.6,30910.557,1776969899999,156992015.0226,1962,16164.958,82100876.4098,0
1776969900000,5078.6,5079.0,5078.2,5078.2,30534.381,1776970079999,155069738.5808,2000,10760.204,54647055.0629,0
1776970080000,5078.2,5078.4,5077.1,5077.1,29596.002,1776970259999,150278620.2383,1945,11065.403,56187820.5910,0
1776970260000,5077.1,5077.3,5074.8,5074.9,32561.4,1776970439999,165296800.2350,2249,5496.482,27904630.7136,0
1776970440000,5074.9,5075.6,5074.5,5074.5,33779.129,1776970619999,171431142.8349,2029,14101.091,71565283.6958,0
1776970620000,5074.5,5076.5,5074.3,5076.4,33330.981,1776970799999,169149860.1583,1913,16384.631,83151650.5360,0
1776970800000,5076.4,5077.3,5076.1,5077.1,32492.546,1776970979999,164952631.0314,1803,17998.531,91373156.7401,0
1776970980000,5077.1,5078.6,5077.1,5077.4,34334.845,1776971159999,174352155.2155,2201,9643.956,48972797.4134,0
1776971160000,5077.4,5078.2,5076.0,5076.0,31400.266,1776971339999,159435443.4038,2009,7935.952,40297601.5315,0
1776971340000,5076.0,5076.0,5073.5,5075.0,33207.197,1776971519999,168516002.8971,2036,9821.861,49842580.2371,0
1776971520000,5075.0,5442.5,5073.6,5441.5,11719.653,1776971699999,59753019.8649,1150,5152.224,26425807.6106,0
1776971700000,5441.5,5442.5,5441.5,5441.5,2.502,1776971879999,13615.2672,370,0.612,3330.7686,0
1776971880000,5441.5,5442.5,5441.5,5441.5,2.018,1776972059999,10980.9830,352,0.036,195.9300,0
1776972060000,5441.5,5441.5,5441.5,5441.5,2.246,1776972239999,12221.6090,355,0,0,0
1776972240000,5441.5,5442.5,5441.5,5441.5,2.649,1776972419999,14415.0645,383,0.531,2889.9675,0
1776972420000,5441.5,5442.5,5441.5,5441.5,2.034,1776972599999,11068.0340,379,0.023,125.1775,0
1776972600000,5441.5,5442.5,5441.5,5441.5,1.974,1776972779999,10741.5860,362,0.065,353.7625,0
1776972780000,5441.5,5442.5,5441.5,5441.5,2.54,1776972959999,13822.0520,365,0.642,3494.0850,0
1776972960000,5441.5,5442.5,5441.5,5441.5,2.163,1776973139999,11769.9965,387,0.032,174.1600,0
1776973140000,5441.5,5441.5,5433.7,5433.7,22.55,1776973319999,122698.7932,457,0,0,0
1776973320000,5433.7,5433.7,5432.9,5433.0,52.838,1776973499999,287078.2856,533,1.286,6986.8380,0
1776973500000,5433.0,5433.0,5431.8,5431.8,1.734,1776973679999,9420.3095,379,0.703,3819.3891,0
1776973680000,5432.0,5432.1,5429.1,5432.1,3.541,1776973859999,19228.2133,495,0.444,2411.8506,0
1776973860000,5429.1,5432.1,5428.5,5432.1,1.933,1776974039999,10496.9045,481,0.533,2895.2531,0
1776974040000,5429.2,5432.1,5428.3,5432.1,2.143,1776974219999,11636.1530,483,0.575,3123.3591,0
1776974220000,5428.0,5432.1,5426.4,5432.1,2.088,1776974399999,11336.9464,497,0.589,3199.4757,0
1776974400000,5430.0,5432.1,5426.2,5432.1,1.776,1776974579999,9642.4498,448,0.444,2411.8524,0
1776974580000,5426.4,5433.0,5426.4,5428.9,6.43,1776974759999,34927.2183,461,5.069,27539.4345,0
1776974760000,5426.4,5432.1,5422.8,5422.8,2.029,1776974939999,11012.5035,499,0.508,2759.4252,0
1776974940000,5432.1,5432.1,5422.5,5429.7,6.515,1776975119999,35337.7951,428,0.515,2797.4599,0
1776975120000,5423.6,5429.7,5422.9,5423.5,2.15,1776975299999,11663.1955,477,0.386,2095.7205,0
1776975300000,5423.5,5429.7,5421.5,5421.5,1.925,1776975479999,10441.5336,433,0.393,2133.3891,0
1776975480000,5421.5,5423.5,5420.7,5423.5,2.078,1776975659999,11267.2930,535,0.638,3460.1930,0
1776975660000,5421.2,5423.5,5420.7,5422.3,2.019,1776975839999,10946.8579,544,0.596,3232.4060,0
1776975840000,5422.3,5423.5,5421.7,5421.9,1.971,1776976019999,10687.6481,525,0.590,3199.8650,0
1776976020000,5423.5,5424.1,5420.9,5422.5,2.016,1776976199999,10931.7336,484,0.664,3601.2292,0
1776976200000,5422.5,5423.5,5421.9,5423.2,1.878,1776976379999,10184.3423,406,0.360,1952.4515,0
1776976380000,5423.5,5424.4,5421.9,5424.0,20.52,1776976559999,111293.3374,417,18.958,102822.0763,0
1776976560000,5424.0,5425.0,5421.9,5423.5,5.637,1776976739999,30566.9135,466,0.707,3834.9645,0
1776976740000,5423.5,5424.2,5421.9,5421.9,48.564,1776976919999,263366.4855,427,25.160,136460.2895,0
1776976920000,5421.9,5421.9,5418.8,5418.8,2.772,1776977099999,15026.6358,422,0.171,927.1449,0
1776977100000,5418.8,5421.9,5413.8,5413.8,1.911,1776977279999,10352.6639,390,0.079,428.3301,0
1776977280000,5413.8,5424.2,5412.9,5413.0,2.105,1776977459999,11395.2866,505,0.036,195.2505,0
1776977460000,5413.0,5424.2,5412.6,5412.6,1.995,1776977639999,10798.7364,497,0.013,70.5146,0
1776977640000,5412.6,5412.7,5412.0,5412.6,2.083,1776977819999,11274.2660,386,0,0,0
1776977820000,5412.6,5412.7,5411.9,5411.9,2.047,1776977999999,11079.1811,382,0,0,0
1776978000000,5411.9,5424.2,5411.7,5411.8,2.085,1776978179999,11283.8867,553,0.070,379.0368,0
1776978180000,5411.7,5411.8,5409.9,5410.0,2.063,1776978359999,11162.2137,484,0.448,2424.4424,0
1776978360000,5410.0,5411.7,5400.0,5400.0,2499.155,1776978539999,13500975.1032,698,1707.934,9222844.7817,0
1776978540000,5400.0,5400.0,5400.0,5400.0,43.594,1776978719999,235407.6000,454,43.594,235407.6000,0
1776978720000,5400.0,5400.0,5400.0,5400.0,2.062,1776978899999,11134.8000,386,2.062,11134.8000,0
1776978900000,5400.0,5400.0,5400.0,5400.0,2.074,1776979079999,11199.6000,386,2.074,11199.6000,0
1776979080000,5400.0,5400.0,5400.0,5400.0,2.181,1776979259999,11777.4000,383,2.181,11777.4000,0
1776979260000,5400.0,5400.0,5400.0,5400.0,2.128,1776979439999,11491.2000,378,2.128,11491.2000,0
1776979440000,5400.0,5400.0,5400.0,5400.0,2.191,1776979619999,11831.4000,381,2.191,11831.4000,0
1776979620000,5400.0,5400.0,5400.0,5400.0,2.067,1776979799999,11161.8000,372,2.067,11161.8000,0
1776979800000,5400.0,5400.0,5400.0,5400.0,1.95,1776979979999,10530.0000,360,1.950,10530.0000,0
1776979980000,5400.0,5400.0,5400.0,5400.0,2.083,1776980159999,11248.2000,372,2.083,11248.2000,0
1776980160000,5400.0,5400.0,5400.0,5400.0,2.118,1776980339999,11437.2000,381,2.118,11437.2000,0
1776980340000,5400.0,5400.0,5400.0,5400.0,2.137,1776980519999,11539.8000,384,2.137,11539.8000,0
1776980520000,5400.0,5400.0,5400.0,5400.0,2.096,1776980699999,11318.4000,385,2.096,11318.4000,0
1776980700000,5400.0,5400.0,5400.0,5400.0,2.128,1776980879999,11491.2000,387,2.128,11491.2000,0
1776980880000,5400.0,5400.0,5400.0,5400.0,2.05,1776981059999,11070.0000,388,2.050,11070.0000,0
1776981060000,5400.0,5400.0,5399.9,5400.0,2.109,1776981239999,11388.5983,377,2.092,11296.8000,0
1776981240000,5400.0,5400.0,5399.9,5400.0,2.171,1776981419999,11723.3845,372,2.016,10886.4000,0
1776981420000,5400.0,5400.0,5399.8,5400.0,2.049,1776981599999,11064.5853,364,1.964,10605.6000,0
1776981600000,5400.0,5400.0,5400.0,5400.0,1.981,1776981779999,10697.4000,359,1.981,10697.4000,0
1776981780000,5400.0,5400.0,5400.0,5400.0,1.886,1776981959999,10184.4000,337,1.886,10184.4000,0
1776981960000,5400.0,5400.0,5400.0,5400.0,2.103,1776982139999,11356.2000,387,2.103,11356.2000,0
1776982140000,5400.0,5400.0,5400.0,5400.0,2.143,1776982319999,11572.2000,386,2.143,11572.2000,0
1776982320000,5400.0,5400.0,5400.0,5400.0,2.178,1776982499999,11761.2000,400,2.178,11761.2000,0
1776982500000,5400.0,5400.0,5400.0,5400.0,2.067,1776982679999,11161.8000,378,2.067,11161.8000,0
1776982680000,5400.0,5400.0,5399.8,5400.0,2.088,1776982859999,11275.1974,386,2.075,11205.0000,0
1776982860000,5400.0,5400.0,5400.0,5400.0,2.224,1776983039999,12009.6000,391,2.224,12009.6000,0
1776983040000,5400.0,5400.0,5400.0,5400.0,2.07,1776983219999,11178.0000,385,2.070,11178.0000,0
1776983220000,5400.0,5400.0,5400.0,5400.0,1.791,1776983399999,9671.4000,335,1.791,9671.4000,0
1776983400000,5400.0,5400.0,5400.0,5400.0,1.606,1776983579999,8672.4000,293,1.606,8672.4000,0
1776983580000,5400.0,5400.0,5399.8,5400.0,2.17,1776983759999,11717.9992,388,2.166,11696.4000,0
1776983760000,5400.0,5400.0,5400.0,5400.0,2.274,1776983939999,12279.6000,389,2.274,12279.6000,0
1776983940000,5400.0,5400.0,5400.0,5400.0,2.622,1776984119999,14158.8000,388,2.622,14158.8000,0
1776984120000,5400.0,5400.0,5399.8,5400.0,2.589,1776984299999,13980.4926,392,2.052,11080.8000,0
1776984300000,5400.0,5400.0,5400.0,5400.0,2.078,1776984479999,11221.2000,376,2.078,11221.2000,0
1776984480000,5400.0,5400.0,5400.0,5400.0,2.079,1776984659999,11226.6000,383,2.079,11226.6000,0
1776984660000,5400.0,5400.0,5400.0,5400.0,2.113,1776984839999,11410.2000,375,2.113,11410.2000,0
1776984840000,5400.0,5400.0,5399.8,5400.0,2.164,1776985019999,11685.5928,388,2.128,11491.2000,0
1776985020000,5400.0,5400.0,5400.0,5400.0,1.986,1776985199999,10724.4000,382,1.986,10724.4000,0
1776985200000,5400.0,5400.0,5400.0,5400.0,2.055,1776985379999,11097.0000,379,2.055,11097.0000,0
1776985380000,5400.0,5400.0,5400.0,5400.0,2.216,1776985559999,11966.4000,385,2.216,11966.4000,0
1776985560000,5400.0,5400.0,5400.0,5400.0,2.124,1776985739999,11469.6000,383,2.124,11469.6000,0
1776985740000,5400.0,5400.0,5400.0,5400.0,1.983,1776985919999,10708.2000,368,1.983,10708.2000,0
1776985920000,5400.0,5400.0,5399.8,5400.0,3.971,1776986099999,21443.0298,381,2.120,11448.0000,0
1776986100000,5400.0,5400.0,5400.0,5400.0,2.108,1776986279999,11383.2000,385,2.108,11383.2000,0
1776986280000,5400.0,5400.0,5400.0,5400.0,2.035,1776986459999,10989.0000,366,2.035,10989.0000,0
1776986460000,5400.0,5400.0,5400.0,5400.0,1.802,1776986639999,9730.8000,326,1.802,9730.8000,0
1776986640000,5400.0,5400.0,5400.0,5400.0,1.804,1776986819999,9741.6000,336,1.804,9741.6000,0
1776986820000,5400.0,5400.0,5400.0,5400.0,1.877,1776986999999,10135.8000,351,1.877,10135.8000,0
1776987000000,5400.0,5400.0,5400.0,5400.0,4.439,1776987179999,23970.6000,388,4.439,23970.6000,0
1776987180000,5400.0,5400.0,5400.0,5400.0,2.147,1776987359999,11593.8000,379,2.147,11593.8000,0
1776987360000,5400.0,5400.0,5400.0,5400.0,1.768,1776987539999,9547.2000,328,1.768,9547.2000,0
1776987540000,5400.0,5400.0,5400.0,5400.0,1.666,1776987719999,8996.4000,310,1.666,8996.4000,0
1776987720000,5400.0,5400.0,5400.0,5400.0,1.6,1776987899999,8640.0000,286,1.600,8640.0000,0
1776987900000,5400.0,5400.0,5400.0,5400.0,2.034,1776988079999,10983.6000,370,2.034,10983.6000,0
1776988080000,5400.0,5400.0,5400.0,5400.0,3.942,1776988259999,21286.8000,377,3.942,21286.8000,0
1776988260000,5400.0,5400.0,5400.0,5400.0,2.061,1776988439999,11129.4000,377,2.061,11129.4000,0
1776988440000,5400.0,5400.0,5400.0,5400.0,2.067,1776988619999,11161.8000,385,2.067,11161.8000,0
1776988620000,5400.0,5400.0,5400.0,5400.0,2.182,1776988799999,11782.8000,384,2.182,11782.8000,0
1776988800000,5399.8,5400.0,5399.8,5400.0,1.823,1776988979999,9844.1988,335,1.817,9811.8000,0
1776988980000,5400.0,5400.0,5399.8,5400.0,2.112,1776989159999,11404.7850,380,2.037,10999.8000,0
1776989160000,5400.0,5400.0,5400.0,5400.0,2.153,1776989339999,11626.2000,379,2.153,11626.2000,0
1776989340000,5400.0,5400.0,5400.0,5400.0,2.104,1776989519999,11361.6000,371,2.104,11361.6000,0
1776989520000,5400.0,5400.0,5400.0,5400.0,2.144,1776989699999,11577.6000,371,2.144,11577.6000,0
1776989700000,5400.0,5400.0,5399.8,5400.0,1.931,1776989879999,10427.3962,363,1.912,10324.8000,0
1776989880000,5400.0,5400.0,5400.0,5400.0,2.087,1776990059999,11269.8000,366,2.087,11269.8000,0
1776990060000,5400.0,5400.0,5399.8,5400.0,2.014,1776990239999,10875.5992,371,2.010,10854.0000,0
1776990240000,5400.0,5400.0,5400.0,5400.0,2.079,1776990419999,11226.6000,370,2.079,11226.6000,0
1776990420000,5400.0,5400.0,5400.0,5400.0,2.083,1776990599999,11248.2000,384,2.083,11248.2000,0
1776990600000,5400.0,5422.7,5400.0,5422.7,12464.269,1776990779999,67308567.0623,452,12464.155,67307949.1937,0
1776990780000,5422.7,5427.4,5399.8,5427.0,14.554,1776990959999,78975.3887,422,13.595,73779.0262,0
1776990960000,5426.6,5427.4,5419.9,5427.0,2.022,1776991139999,10968.9456,452,0.843,4573.9654,0
1776991140000,5427.0,5427.0,5399.8,5422.8,2.122,1776991319999,11501.7184,483,1.053,5710.3994,0
1776991320000,5419.9,5424.4,5419.9,5424.4,1.862,1776991499999,10097.6226,442,1.000,5423.6177,0
1776991500000,5424.5,5427.4,5399.8,5425.7,20.899,1776991679999,113366.2793,452,20.325,110257.4372,0
1776991680000,5425.7,5426.7,5424.1,5424.6,1.92,1776991859999,10415.4667,353,0.555,3010.9188,0
1776991860000,5425.0,5426.2,5424.2,5424.7,2.033,1776992039999,11029.3369,493,0.929,5040.4014,0
1776992040000,5425.7,5425.7,5424.2,5425.7,2.083,1776992219999,11300.4237,529,1.246,6760.0478,0
1776992220000,5424.2,5426.1,5424.2,5426.1,2.165,1776992399999,11745.8530,481,1.546,8388.2412,0
1776992400000,5426.1,5427.5,5424.2,5427.5,1.871,1776992579999,10152.0981,480,1.282,6957.0861,0
1776992580000,5427.5,5427.8,5424.2,5427.8,2.246,1776992759999,12187.7879,451,1.388,7532.9788,0
1776992760000,5427.8,5428.5,5424.2,5428.5,1.822,1776992939999,9887.4062,461,1.114,6046.7626,0
1776992940000,5428.5,5428.6,5424.2,5424.2,2.019,1776993119999,10955.8274,470,0.889,4824.8080,0
1776993120000,5427.5,5428.8,5424.2,5427.8,1.992,1776993299999,10810.2468,492,0.600,3256.6000,0
1776993300000,5424.2,5428.8,5424.2,5427.8,2.06,1776993479999,11181.5471,438,0.761,4131.0131,0
1776993480000,5428.8,5429.1,5427.8,5428.8,2.098,1776993659999,11388.9539,522,1.197,6498.2585,0
1776993660000,5427.8,5429.5,5427.8,5428.8,1.94,1776993839999,10531.6393,503,1.037,5629.9589,0
1776993840000,5427.8,5429.6,5427.8,5429.5,2.08,1776994019999,11291.9190,511,1.035,5619.3081,0
1776994020000,5427.8,5430.8,5427.8,5427.8,2.091,1776994199999,11351.5372,510,1.077,5847.4100,0
1776994200000,5427.8,5431.3,5427.8,5431.2,2.311,1776994379999,12547.8869,410,1.444,7841.6119,0
1776994380000,5427.8,5431.3,5427.8,5431.1,2.131,1776994559999,11571.5156,384,1.270,6897.5094,0
1776994560000,5431.1,5431.1,5427.8,5430.9,1.921,1776994739999,10430.9418,590,1.133,6153.0299,0
1776994740000,5430.9,5430.9,5399.8,5430.9,2.121,1776994919999,11514.1780,497,1.689,9172.4478,0
1776994920000,5430.9,5431.3,5430.9,5431.3,2.028,1776995099999,11014.4331,460,1.819,9879.3123,0
1776995100000,5431.3,5431.4,5431.0,5431.4,2.069,1776995279999,11237.3074,424,1.564,8494.5832,0
1776995280000,5431.1,5431.4,5430.8,5431.1,2.058,1776995459999,11177.1869,432,0.710,3856.2280,0
1776995460000,5431.4,5432.7,5431.1,5432.2,2.051,1776995639999,11140.5738,472,1.428,7756.7259,0
1776995640000,5431.4,5432.7,5431.4,5432.7,2.005,1776995819999,10890.8826,477,0.641,3482.0865,0
1776995820000,5431.4,5432.9,5431.4,5431.4,2.043,1776995999999,11097.6711,459,0.955,5188.0459,0
1776996000000,5432.9,5433.0,5431.3,5431.4,1.965,1776996179999,10674.5242,388,1.135,6166.2493,0
1776996180000,5431.5,5434.0,5431.4,5432.8,1.884,1776996359999,10236.1102,401,1.280,6955.0492,0
1776996360000,5433.1,5434.0,5432.8,5433.7,1.915,1776996539999,10405.3407,339,0.952,5173.0065,0
1776996540000,5433.3,5434.0,5433.3,5433.6,1.795,1776996719999,9753.6465,388,1.185,6439.2227,0
1776996720000,5433.6,5435.8,5433.3,5435.8,1.867,1776996899999,10145.5413,439,1.213,6592.0224,0
1776996900000,5433.3,5438.0,5433.3,5438.0,2.055,1776997079999,11169.1553,448,0.837,4550.3471,0
1776997080000,5434.0,5438.1,5433.3,5433.3,1.908,1776997259999,10370.4191,438,0.718,3903.4979,0
1776997260000,5438.1,5438.3,5433.3,5438.3,1.954,1776997439999,10620.9855,418,0.867,4713.6744,0
1776997440000,5435.8,5438.8,5433.3,5435.8,1.847,1776997619999,10039.8154,397,0.858,4664.9792,0
1776997620000,5438.8,5439.9,5399.8,5433.4,49.97,1776997799999,271771.7908,387,48.417,263346.4414,0
1776997800000,5433.4,5440.5,5433.3,5435.8,1.974,1776997979999,10730.4571,371,1.265,6876.9504,0
1776997980000,5440.5,5441.9,5435.8,5439.6,2.339,1776998159999,12722.0140,453,1.103,6000.6798,0
1776998160000,5435.8,5441.1,5433.3,5439.9,2.187,1776998339999,11894.5087,405,0.862,4689.3593,0
1776998340000,5440.6,5442.2,5439.9,5442.0,2.072,1776998519999,11273.8335,459,0.711,3868.8853,0
1776998520000,5440.7,5443.2,5440.6,5441.6,1.929,1776998699999,10496.4673,484,0.864,4702.0848,0
1776998700000,5440.6,5443.8,5440.6,5442.5,2.088,1776998879999,11362.0358,466,0.986,5366.3999,0
1776998880000,5442.8,5442.8,5440.6,5440.7,1.946,1776999059999,10588.1284,469,0.764,4157.1374,0
1776999060000,5440.6,5443.6,5440.3,5440.7,1.84,1776999239999,10011.9948,407,0.559,3042.1636,0
1776999240000,5440.6,5443.7,5440.3,5441.9,1.991,1776999419999,10833.0149,466,0.709,3858.0623,0
1776999420000,5440.6,5441.9,5439.7,5440.6,85.03,1776999599999,462588.1393,446,13.177,71700.2190,0
1776999600000,5440.4,5441.9,5440.1,5440.1,86.204,1776999779999,468998.8568,483,26.242,142791.2030,0
1776999780000,5440.1,5441.9,5439.7,5439.7,125.497,1776999959999,682726.5290,414,41.120,223723.8775,0
1776999960000,5440.1,5441.9,5439.7,5441.5,61.338,1777000139999,333790.5556,419,60.354,328437.1201,0
1777000140000,5441.6,5441.9,5440.2,5441.1,102.222,1777000319999,556203.4065,391,69.989,380833.1234,0
1777000320000,5441.4,5441.9,5440.2,5441.8,122.093,1777000499999,664417.4298,409,121.602,661745.8573,0
1777000500000,5441.9,5442.0,5440.2,5441.5,67.805,1777000679999,368990.6432,527,66.902,364077.1214,0
1777000680000,5441.5,5441.9,5440.2,5441.6,2.018,1777000859999,10979.5105,502,0.499,2715.3584,0
1777000860000,5440.2,5441.6,5438.9,5438.9,1.974,1777001039999,10738.7238,503,0.424,2307.2370,0
1777001040000,5438.9,5439.5,5434.4,5436.2,2.353,1777001219999,12793.1269,418,0.241,1310.9195,0
1777001220000,5436.2,5436.2,5434.0,5434.0,1.972,1777001399999,10718.0996,429,0.114,619.6014,0
1777001400000,5434.0,5437.5,5433.4,5435.2,7.191,1777001579999,39083.1595,445,5.887,31996.8389,0
1777001580000,5435.3,5437.4,5434.6,5437.4,96.047,1777001759999,522159.0276,472,95.221,517669.2691,0
1777001760000,5434.9,5437.7,4913.7,5435.3,2115.253,1777001939999,11485364.7668,677,23.503,127797.5927,0
1777001940000,5434.6,5437.6,5434.6,5434.6,1.931,1777002119999,10497.1570,439,0.542,2946.7371,0
1777002120000,5435.5,5437.6,5434.5,5437.5,2.043,1777002299999,11104.7110,414,0.511,2778.2574,0
1777002300000,5434.9,5437.6,5434.6,5434.6,5.274,1777002479999,28667.1634,376,4.132,22460.3197,0
1777002480000,5436.1,5437.6,5434.5,5434.6,1.979,1777002659999,10756.7233,422,0.651,3539.1469,0
1777002660000,5434.6,5437.6,5434.5,5434.6,1.823,1777002839999,9908.6306,377,0.636,3457.4975,0
1777002840000,5435.1,5437.6,5434.6,5436.1,1.949,1777003019999,10593.9087,439,0.684,3718.3708,0
1777003020000,5435.0,5437.6,5435.0,5436.1,1.962,1777003199999,10664.7497,449,0.734,3990.2170,0
1777003200000,5436.2,5436.2,5433.8,5435.0,47.8,1777003379999,259761.2298,442,0.697,3788.3460,0
1777003380000,5435.0,5436.1,5433.8,5433.8,39.182,1777003559999,212966.6616,388,37.763,205255.1078,0
1777003560000,5435.0,5436.1,5433.8,5435.4,55.945,1777003739999,304092.2482,386,54.716,297412.9961,0
1777003740000,5433.8,5436.1,5433.8,5435.1,120.993,1777003919999,657630.1215,374,119.665,650412.8428,0
1777003920000,5435.0,5436.1,5433.8,5433.8,125.656,1777004099999,682830.2109,536,30.601,166319.5009,0
1777004100000,5435.1,5436.1,5432.5,5433.8,144.667,1777004279999,785983.7396,454,0.695,3777.2454,0
1777004280000,5435.1,5436.1,5432.3,5433.9,157.567,1777004459999,856353.4666,435,156.431,850181.1419,0
1777004460000,5432.3,5434.0,5432.3,5432.3,3.204,1777004639999,17407.4005,443,1.065,5786.9534,0
1777004640000,5433.8,5434.2,5432.3,5434.1,146.21,1777004819999,794525.6442,456,145.432,790298.8112,0
1777004820000,5434.1,5435.5,5432.3,5435.5,512.148,1777004999999,2783364.1923,578,510.993,2777088.3515,0
1777005000000,5434.1,5435.5,5432.3,5434.6,2.122,1777005179999,11530.0312,417,0.451,2450.6997,0
1777005180000,5434.5,5436.1,5432.3,5433.6,148.367,1777005359999,806428.2922,490,147.199,800081.1767,0
1777005360000,5433.6,5437.3,5432.3,5437.3,287.656,1777005539999,1563809.7752,488,286.508,1557571.3247,0
1777005540000,5437.3,5439.3,5437.3,5438.9,293.348,1777005719999,1595185.4866,599,291.975,1587718.1888,0
1777005720000,5438.9,5439.3,5437.6,5437.6,68.18,1777005899999,370787.4163,445,0.322,1751.4052,0
1777005900000,5437.6,5439.3,5436.9,5437.5,103.584,1777006079999,563210.7509,417,0.878,4774.3527,0
1777006080000,5437.5,5437.9,5436.9,5437.0,1.775,1777006259999,9651.0859,456,0.543,2952.5814,0
1777006260000,5437.0,5437.9,5436.9,5437.1,25.46,1777006439999,138435.1928,412,5.513,29976.4227,0
1777006440000,5437.1,5437.4,5436.7,5437.4,74.416,1777006619999,404594.1632,407,57.621,313282.4392,0
1777006620000,5437.4,5437.5,5436.8,5436.8,57.399,1777006799999,312102.1411,424,56.361,306458.3281,0
1777006800000,5436.8,5439.8,5436.7,5439.8,151.059,1777006979999,821470.3331,471,150.747,819773.9947,0
1777006980000,5439.8,5441.9,5439.8,5441.2,33.406,1777007159999,181741.0011,394,32.806,178476.5691,0
1777007160000,5441.2,5441.2,5438.2,5441.2,294.699,1777007339999,1602929.1806,461,1.501,8166.9047,0
1777007340000,5441.2,5441.3,5437.8,5441.2,72.85,1777007519999,396233.2138,428,25.211,137177.7276,0
1777007520000,5438.2,5441.7,5437.8,5441.2,98.139,1777007699999,533789.5224,451,22.144,120494.2982,0
1777007700000,5441.7,5441.7,5437.0,5440.6,558.102,1777007879999,3034936.4742,577,63.812,347184.2235,0
1777007880000,5438.0,5441.7,5435.1,5441.2,440.755,1777008059999,2395940.9944,590,1.289,7012.1023,0
1777008060000,5435.7,5441.7,5435.7,5441.7,2.017,1777008239999,10972.2746,402,0.943,5130.5160,0
1777008240000,5441.2,5441.7,5438.1,5441.7,2.062,1777008419999,11218.4178,459,0.746,4059.1287,0
1777008420000,5439.6,5441.7,5438.9,5441.2,3.409,1777008599999,18547.1194,406,0.678,3689.2765,0
1777008600000,5441.2,5441.7,5438.2,5439.5,93.186,1777008779999,506860.3563,494,10.324,56162.7028,0
1777008780000,5439.9,5439.9,5437.9,5439.0,36.649,1777008959999,199303.3279,500,0.894,4862.5932,0
1777008960000,5439.9,5439.9,5438.8,5438.8,2.055,1777009139999,11177.8528,557,0.864,4699.8744,0
1777009140000,5438.8,5439.1,5438.0,5439.0,2.047,1777009319999,11133.4435,521,0.602,3274.3026,0
1777009320000,5439.0,5439.2,5438.0,5438.0,2.025,1777009499999,11013.7493,472,0.971,5281.3298,0
1777009500000,5438.0,5439.0,5437.6,5439.0,53.012,1777009679999,288268.0766,417,3.207,17440.0428,0
1777009680000,5437.6,5439.0,5437.6,5438.5,1.946,1777009859999,10583.6197,404,0.971,5281.2513,0
1777009860000,5439.0,5439.0,5437.4,5437.4,360.969,1777010039999,1962833.0064,514,1.087,5912.0311,0
1777010040000,5437.6,5439.0,5436.5,5437.2,169.088,1777010219999,919369.9485,555,1.256,6830.8397,0
1777010220000,5439.0,5439.9,5437.2,5439.4,2.039,1777010399999,11089.8178,459,1.088,5918.0004,0
1777010400000,5437.2,5441.4,5436.5,5441.4,1.63,1777010579999,8865.7999,374,0.882,4798.2703,0
1777010580000,5437.2,5442.8,5437.2,5442.0,1.954,1777010759999,10631.1732,483,1.275,6938.4646,0
1777010760000,5437.2,5442.8,5067.8,5067.8,11922.828,1777010939999,60770936.4530,1409,3164.402,16040407.3659,0
1777010940000,5067.8,5068.4,5067.1,5068.3,24873.585,1777011119999,126052978.8677,1912,11336.635,57452647.2493,0
1777011120000,5068.3,5068.4,5067.6,5067.6,29442.468,1777011299999,149214574.1939,2144,5771.486,29251043.4123,0
1777011300000,5067.6,5067.6,5065.9,5066.4,28174.819,1777011479999,142745663.0064,1858,10371.286,52544692.6217,0
1777011480000,5066.4,5066.4,5064.4,5064.4,31336.034,1777011659999,158723420.2160,2247,3314.923,16789192.2449,0
1777011660000,5064.5,5064.7,5063.8,5063.8,24866.569,1777011839999,125931718.2464,1806,5002.773,25337287.2235,0
1777011840000,5063.8,5063.8,5060.9,5061.6,27068.416,1777012019999,137019343.9712,1901,4608.085,23321890.6692,0
1777012020000,5061.6,5062.7,5061.3,5061.3,21602.368,1777012199999,109349269.2436,1585,9098.876,46058869.8622,0
1777012200000,5061.3,5062.5,5060.2,5062.5,32372.736,1777012379999,163848898.1326,1846,19436.188,98377366.0112,0
1777012380000,5062.5,5064.3,5062.3,5063.7,31222.969,1777012559999,158093163.8113,1909,19357.011,98010784.8756,0
1777012560000,5063.7,5064.2,5063.2,5063.9,30892.078,1777012739999,156426809.6312,1916,17457.938,88401604.9571,0
1777012740000,5063.9,5064.3,5063.6,5063.7,31871.839,1777012919999,161393811.7242,1886,19101.971,96729766.0459,0
1777012920000,5063.7,5064.7,5063.7,5064.5,34814.711,1777013099999,176310710.1049,2122,20869.861,105690880.8634,0
1777013100000,5064.5,5064.5,5063.9,5063.9,30372.618,1777013279999,153813274.4025,2051,11073.066,56077557.8999,0
1777013280000,5063.9,5063.9,5062.9,5063.1,30622.584,1777013459999,155054126.2070,1942,10980.174,55595372.2947,0
1777013460000,5063.1,5064.1,5063.0,5063.9,30476.618,1777013639999,154323081.2422,1708,18545.891,93909869.4582,0
1777013640000,5063.9,5064.3,5063.5,5064.1,31451.257,1777013819999,159266348.6270,1813,17300.673,87610182.3687,0
1777013820000,5064.1,5064.1,5063.0,5063.2,29342.794,1777013999999,148575353.7839,1828,11225.309,56836166.5862,0
1777014000000,5063.2,5063.2,5059.9,5059.9,32272.658,1777014179999,163360537.0965,2327,2886.963,14615545.4975,0
1777014180000,5059.9,5059.9,5058.5,5059.2,30634.189,1777014359999,154981817.8729,2026,6472.988,32745891.4920,0
1777014360000,5059.3,5059.3,5056.7,5057.5,31689.701,1777014539999,160283027.3167,2101,7660.478,38744615.1370,0
1777014540000,5057.5,5057.5,5054.6,5054.8,29719.046,1777014719999,150260353.6586,2186,2009.255,10159432.7405,0
1777014720000,5054.8,5055.0,5054.0,5054.4,31916.655,1777014899999,161324180.0350,2023,10354.233,52336639.3571,0
1777014900000,5054.4,5054.4,5053.6,5053.6,30253.211,1777015079999,152899146.6168,1924,10637.217,53760537.9329,0
1777015080000,5053.6,5053.6,5052.3,5052.3,25611.199,1777015259999,129410795.2242,1690,3750.638,18952723.9416,0
1777015260000,5052.3,5052.3,5050.4,5050.6,27430.303,1777015439999,138558741.6407,1568,500.188,2526259.9864,0
1777015440000,5050.6,5051.0,5050.1,5050.1,31100.743,1777015619999,157071933.0387,1890,1560.772,7883191.4752,0
1777015620000,5050.1,5051.1,5049.9,5050.0,33845.274,1777015799999,170930526.7159,2115,803.981,4060613.3034,0
1777015800000,5050.0,5050.2,5048.9,5049.0,33846.804,1777015979999,170922316.3968,1982,933.473,4714121.8997,0
1777015980000,5049.0,5049.0,5046.6,5046.6,33846.037,1777016159999,170859337.9698,2187,806.483,4071749.0053,0
1777016160000,5046.6,5047.2,5045.6,5047.2,34759.308,1777016339999,175405248.1533,1705,1754.356,8853402.3308,0
1777016340000,5047.2,5049.1,5046.5,5048.5,32845.329,1777016519999,165802304.2582,1777,1179.767,5955605.0512,0
1777016520000,5048.5,5049.5,5048.0,5049.3,27543.167,1777016699999,139054575.1882,1540,2868.672,14483662.6040,0
1777016700000,5049.3,5050.4,5049.1,5049.7,20640.209,1777016879999,104222459.5612,1130,2602.666,13142433.3734,0
1777016880000,5049.7,5051.4,5049.7,5051.4,32023.173,1777017059999,161746301.6697,1513,586.131,2960489.8279,0
1777017060000,5051.4,5052.3,5051.2,5052.1,32935.781,1777017239999,166389331.4151,1709,1175.959,5940922.4834,0
1777017240000,5052.1,5052.4,5050.7,5050.7,32021.675,1777017419999,161762049.1610,2086,324.888,1641336.8360,0
1777017420000,5050.7,5050.7,5049.4,5049.4,32936.976,1777017599999,166326861.7804,2060,489.847,2473690.0202,0
1777017600000,5049.4,5065.5,5049.4,5064.9,30005.593,1777017779999,151958470.0334,1577,3962.017,20064623.7593,0
1777017780000,5064.8,5066.4,5064.6,5065.7,32620.219,1777017959999,165241513.7770,1729,3083.763,15621826.0464,0
1777017960000,5065.7,5069.1,5065.7,5069.1,35818.962,1777018139999,181500397.0125,1452,5602.898,28394524.5617,0
1777018140000,5069.3,5071.1,5069.3,5070.9,33218.98,1777018319999,168422695.8958,1391,3344.649,16957942.9698,0
1777018320000,5070.9,5071.5,5070.4,5070.4,26616.466,1777018499999,134976117.1002,1560,1910.592,9689016.4078,0
1777018500000,5070.4,5071.0,5069.9,5070.3,23595.374,1777018679999,119635484.6516,1543,1029.061,5217720.4227,0
1777018680000,5070.3,5070.4,5068.3,5068.3,571.747,1777018859999,2898527.0376,595,15.200,77068.5600,0
1777018860000,5068.3,5070.2,5067.6,5070.1,26431.392,1777019039999,133962449.8011,1355,1801.752,9133286.6072,0
1777019040000,5070.1,5070.1,5067.9,5068.1,27877.103,1777019219999,141311162.1571,1970,559.044,2833771.8480,0
1777019220000,5068.1,5069.2,5068.0,5068.4,32893.086,1777019399999,166723990.2078,1724,771.312,3909566.1980,0
1777019400000,5068.4,5068.4,5067.1,5067.4,33793.939,1777019579999,171252381.9566,1902,1029.261,5215627.9705,0
1777019580000,5067.5,5068.2,5067.3,5068.2,31983.374,1777019759999,162082697.2982,1643,2364.463,11982760.2643,0
1777019760000,5068.2,5069.3,5068.1,5068.6,31968.184,1777019939999,162039123.7446,1671,2513.222,12738884.7484,0
1777019940000,5068.6,5069.0,5068.3,5068.8,32826.108,1777020119999,166385324.1390,1694,3377.412,17119376.9961,0
1777020120000,5068.8,5068.8,5068.3,5068.6,30141.918,1777020299999,152776366.3921,1836,2365.273,11988726.0940,0
1777020300000,5068.6,5069.6,5068.2,5069.6,34740.766,1777020479999,176090407.0284,1657,2939.587,14900151.9978,0
1777020480000,5069.6,5070.2,5068.0,5068.0,36394.611,1777020659999,184488115.4565,2166,5203.493,26382154.0936,0
1777020660000,5068.0,5068.6,5067.2,5067.6,36642.464,1777020839999,185701368.4527,2039,2642.390,13392204.0876,0
1777020840000,5067.5,5068.1,5067.0,5067.7,32501.804,1777021019999,164701499.7338,1794,3068.476,15550025.1935,0
1777021020000,5067.7,5068.9,5067.7,5068.5,30565.012,1777021199999,154919527.5483,1699,3340.558,16932123.4680,0
1777021200000,5068.5,5068.5,5066.4,5066.4,31036.606,1777021379999,157268523.5045,1961,2094.114,10610865.7399,0
1777021380000,5066.4,5067.4,5065.9,5066.1,32945.952,1777021559999,166921424.2996,1925,4225.304,21406986.8263,0
1777021560000,5066.2,5066.8,5065.2,5065.2,30977.457,1777021739999,156936740.7490,1948,1722.849,8728854.2813,0
1777021740000,5065.2,5065.6,5064.3,5064.3,33727.786,1777021919999,170828336.2179,1988,1786.979,9050791.0926,0
1777021920000,5064.3,5064.7,5063.5,5064.2,33822.856,1777022099999,171282512.3583,1775,2565.630,12992511.2712,0
1777022100000,5064.2,5067.0,5064.2,5066.5,32197.943,1777022279999,163115039.3406,1567,5139.656,26036852.6701,0
1777022280000,5066.5,5066.5,5065.2,5065.5,28341.57,1777022459999,143568284.0747,1826,596.372,3021085.5945,0
1777022460000,5065.5,5065.5,5064.1,5064.1,30172.257,1777022639999,152812368.1874,1947,2022.301,10242065.2511,0
1777022640000,5064.1,5071.3,5063.8,5063.9,28349.13,1777022819999,143563482.2591,1688,2417.087,12240570.3224,0
1777022820000,5063.9,5071.3,5063.8,5064.7,29266.803,1777022999999,148220032.0710,1599,2887.214,14622589.2232,0
1777023000000,5064.6,5064.6,5062.5,5062.5,29111.417,1777023179999,147413464.6208,1899,234.010,1185026.6400,0
1777023180000,5062.5,5062.5,5060.3,5060.6,31093.792,1777023359999,157353083.2075,1752,1110.512,5619813.8156,0
1777023360000,5060.6,5063.8,5060.5,5063.8,35666.878,1777023539999,180551952.8127,1395,6301.897,31902639.7134,0
1777023540000,5063.8,5063.8,5062.5,5062.9,28349.814,1777023719999,143547287.7370,1735,1193.759,6044735.5858,0
1777023720000,5062.9,5063.5,5062.4,5062.9,30619.351,1777023899999,155021622.6704,1594,2893.567,14649888.1014,0
1777023900000,5062.9,5063.0,5062.5,5063.0,19233.463,1777024079999,97373568.0927,1024,1983.557,10042116.6596,0
1777024080000,5062.9,5064.4,5062.9,5064.4,26572.658,1777024259999,134557655.4640,1370,3667.497,18570945.2880,0
1777024260000,5064.4,5065.1,5063.8,5064.1,27454.853,1777024439999,139046728.7310,1450,2312.317,11711183.2480,0
1777024440000,5064.1,5065.4,5063.8,5065.2,28452.632,1777024619999,144094115.5350,1295,3581.983,18141489.6681,0
1777024620000,5065.2,5065.2,5063.0,5063.0,27425.585,1777024799999,138897992.0434,1782,550.194,2786708.5859,0
1777024800000,5063.0,5063.5,5061.5,5061.5,33825.156,1777024979999,171237098.9853,2267,904.641,4579882.3542,0
1777024980000,5061.5,5062.7,5061.4,5062.7,32915.198,1777025159999,166609151.4704,1599,3589.955,18171500.0929,0
1777025160000,5062.7,5063.4,5062.5,5063.4,34741.16,1777025339999,175896651.5867,1847,2765.074,13999842.9738,0
1777025340000,5063.4,5063.4,5062.6,5062.6,28373.109,1777025519999,143654922.1063,1796,1913.659,9689313.5783,0
1777025520000,5062.6,5063.6,5062.1,5063.6,29285.651,1777025699999,148258969.9657,1516,2853.201,14444304.1298,0
1777025700000,5063.5,5064.1,5063.2,5063.7,24584.15,1777025879999,124489580.8795,1575,1990.427,10079508.4047,0
1777025880000,5063.7,5064.6,5063.5,5063.5,29260.086,1777026059999,148172001.4166,1887,1033.197,5232259.2712,0
1777026060000,5063.5,5063.5,5062.1,5062.4,15564.838,1777026239999,78802646.2906,1243,177.508,898658.0511,0
1777026240000,5062.4,5062.5,5061.2,5061.3,31907.096,1777026419999,161505261.0482,2086,1465.114,7415906.1639,0
1777026420000,5061.3,5062.2,5061.2,5062.2,35666.025,1777026599999,180525524.0691,1663,2811.862,14232641.7685,0
1777026600000,5062.2,5062.9,5062.2,5062.3,34770.524,1777026779999,176024970.9404,1900,3525.914,17849862.8304,0
1777026780000,5062.3,5062.3,5058.9,5058.9,34751.07,1777026959999,175865805.1319,2442,0,0,0
1777026960000,5058.9,5059.3,5058.4,5059.3,32921.393,1777027139999,166543526.6944,1829,2044.251,10341709.6083,0
1777027140000,5059.3,5060.2,5059.2,5060.0,36581.911,1777027319999,185103389.7966,1949,3425.118,17331153.1685,0
1777027320000,5060.0,5060.1,5058.7,5059.8,34753.673,1777027499999,175836785.4903,2044,1628.413,8238744.1418,0
1777027500000,5059.9,5060.0,5057.6,5059.0,33745.726,1777027679999,170729783.2534,1908,3291.976,16654585.6414,0
1777027680000,5058.9,5059.3,5058.1,5058.1,30189.14,1777027859999,152720095.6144,1806,1481.668,7495571.5843,0
1777027860000,5058.1,5058.1,5055.7,5055.8,32937.209,1777028039999,166566975.1364,2268,384.344,1943886.6103,0
1777028040000,5055.8,5056.1,5055.0,5055.8,31138.253,1777028219999,157423459.9292,1810,2245.957,11354822.0646,0
1777028220000,5055.8,5058.3,5055.6,5058.3,34781.794,1777028399999,175886505.4921,1536,3633.332,18373297.4027,0
1777028400000,5058.3,5061.7,5057.8,5061.5,29360.04,1777028579999,148568319.5055,1628,2067.248,10461669.9838,0
1777028580000,5061.5,5063.5,5061.2,5061.9,26619.074,1777028759999,134741727.6573,1662,2110.235,10681775.9534,0
1777028760000,5061.9,5063.5,5061.9,5063.5,24950.343,1777028939999,126317963.1626,1494,8248.383,41761320.8922,0
1777028940000,5063.5,5065.2,5063.5,5064.1,27110.407,1777029119999,137296435.6323,1891,16011.348,81086556.6544,0
1777029120000,5064.0,5065.1,5064.0,5064.9,27073.425,1777029299999,137122989.8213,1550,19960.765,101098837.5711,0
1777029300000,5065.0,5065.2,5064.4,5064.4,35190.6,1777029479999,178235354.3882,2232,11460.919,58049853.5910,0
1777029480000,5064.4,5065.0,5064.0,5064.0,30589.911,1777029659999,154920491.5209,1973,8621.856,43665996.6379,0
1777029660000,5064.0,5064.0,5062.7,5062.8,33443.963,1777029839999,169336092.7864,2165,9744.697,49339759.9967,0
1777029840000,5062.8,5063.8,5062.6,5062.9,30720.97,1777030019999,155544869.1324,1939,10432.732,52823330.9695,0
1777030020000,5063.0,5063.6,5063.0,5063.1,31188.361,1777030199999,157914792.6960,1825,14892.499,75404982.4524,0
1777030200000,5063.1,5063.7,5063.0,5063.5,33527.536,1777030379999,169760973.9294,1926,16659.572,84353863.8685,0
1777030380000,5063.4,5066.2,5063.4,5065.6,34241.679,1777030559999,173442128.2925,2079,23460.759,118829575.4841,0
1777030560000,5065.6,5065.6,5063.0,5063.0,32309.997,1777030739999,163621450.5680,2289,2573.780,13034658.8357,0
1777030740000,5063.0,5063.6,5061.5,5061.5,29384.451,1777030919999,148772312.6466,1992,7372.578,37331007.1357,0
1777030920000,5061.5,5062.4,5060.9,5062.0,34302.996,1777031099999,173630770.8423,1968,16939.554,85743649.1066,0
1777031100000,5062.0,5062.2,5060.7,5061.5,30512.787,1777031279999,154432361.8993,1869,9862.147,49914327.9139,0
1777031280000,5061.4,5061.7,5059.8,5059.8,31785.947,1777031459999,160866977.1546,2140,6745.247,34141041.2009,0
1777031460000,5059.8,5060.6,5059.2,5060.6,33215.748,1777031639999,168066642.1838,1866,15982.347,80869947.9194,0
1777031640000,5060.7,5061.6,5060.3,5061.5,32606.758,1777031819999,165024896.0312,1737,17653.726,89347377.2899,0
1777031820000,5061.5,5061.6,5060.5,5061.4,31082.589,1777031999999,157312207.2101,1920,11892.254,60189193.3763,0
1777032000000,5061.4,5061.4,5060.1,5060.6,31096.092,1777032179999,157364841.8691,2019,9125.748,46182014.4540,0
1777032180000,5060.6,5060.6,5058.5,5058.5,31164.66,1777032359999,157678619.3491,2102,5817.667,29434906.0741,0
1777032360000,5058.5,5058.5,5056.4,5057.2,34286.782,1777032539999,173406461.1747,2233,5070.071,25639355.2831,0
1777032540000,5057.2,5057.2,5054.6,5054.6,23602.437,1777032719999,119333426.4800,1835,1543.915,7806706.2105,0
1777032720000,5054.6,5054.8,5054.0,5054.8,27896.231,1777032899999,140996286.7619,1563,14255.402,72051714.8332,0
1777032900000,5054.9,5057.3,5054.6,5056.9,31050.424,1777033079999,156976530.7991,1642,17340.889,87669591.9264,0
1777033080000,5056.9,5059.9,5056.9,5059.7,34925.444,1777033259999,176666632.3969,1739,21930.010,110928211.3400,0
1777033260000,5059.7,5061.0,5059.2,5060.7,31537.379,1777033439999,159568790.1397,1608,18221.001,92193348.8935,0
1777033440000,5060.6,5062.0,5060.6,5061.7,28050.031,1777033619999,141975063.8883,1643,15842.114,80183973.7645,0
1777033620000,5061.7,5061.8,5060.8,5061.3,28375.63,1777033799999,143617673.9523,1764,12720.901,64384296.8796,0
1777033800000,5061.2,5063.0,5061.2,5062.4,30827.654,1777033979999,156054208.9052,1706,19058.116,96472975.5007,0
1777033980000,5062.4,5064.1,5062.0,5064.0,29504.938,1777034159999,149380791.1299,1660,19478.681,98621591.0665,0
1777034160000,5064.0,5064.3,5063.0,5063.1,27368.926,1777034339999,138583280.8688,1876,7049.706,35697311.0939,0
1777034340000,5063.2,5063.2,5062.2,5062.3,31351.976,1777034519999,158727357.1312,2128,6728.837,34066969.8060,0
1777034520000,5062.4,5064.4,5062.3,5064.2,36995.993,1777034699999,187320148.6753,1963,27706.735,140287780.0190,0
1777034700000,5064.2,5064.2,5062.9,5063.1,30179.48,1777034879999,152816233.5429,2044,7873.220,39865467.9214,0
1777034880000,5063.2,5064.7,5062.8,5063.9,33736.821,1777035059999,170833561.2042,1977,18024.318,91271961.1768,0
1777035060000,5064.0,5064.5,5063.5,5063.6,30756.306,1777035239999,155751190.4173,1983,14159.592,71704980.2524,0
1777035240000,5063.6,5063.6,5062.3,5062.5,32908.206,1777035419999,166609443.4476,2235,4758.881,24092706.3929,0
1777035420000,5062.4,5064.7,5062.3,5064.7,33431.034,1777035599999,169264584.2238,1724,23964.120,121337183.5396,0
1777035600000,5064.7,5066.0,5064.6,5065.0,32284.314,1777035779999,163532039.5440,2061,14303.506,72453009.0398,0
1777035780000,5065.0,5065.1,5064.5,5064.5,32103.187,1777035959999,162597641.5711,1991,12458.915,63103464.5472,0
1777035960000,5064.6,5064.8,5062.6,5062.6,33392.692,1777036139999,169101686.1159,2207,5861.077,29684293.1806,0
1777036140000,5062.6,5063.4,5062.3,5062.3,31644.493,1777036319999,160208513.0413,2067,8274.078,41891075.3000,0
1777036320000,5062.3,5062.3,5059.9,5061.3,33972.973,1777036499999,171930307.9830,2185,7464.420,37773965.9821,0
1777036500000,5061.3,5061.5,5060.2,5060.3,33175.257,1777036679999,167884062.9398,2020,11905.604,60248724.6898,0
1777036680000,5060.3,5061.4,5060.2,5060.7,34924.409,1777036859999,176740663.8368,2009,15093.620,76384567.3673,0
1777036860000,5060.7,5060.8,5060.0,5060.0,32257.96,1777037039999,163237539.8407,1983,10321.620,52231704.2953,0
1777037040000,5060.0,5060.0,5058.1,5058.2,32982.956,1777037219999,166868008.6419,2084,7013.413,35482646.9119,0
1777037220000,5058.2,5059.8,5058.1,5058.3,33090.005,1777037399999,167400592.1117,2056,10212.241,51663742.4776,0
1777037400000,5058.3,5059.2,5058.2,5058.7,32131.66,1777037579999,162548253.5513,1877,12402.558,62743824.8442,0
1777037580000,5058.7,5060.3,5058.7,5060.0,33128.594,1777037759999,167610838.9260,1764,17549.257,88790829.2213,0
1777037760000,5060.0,5060.4,5059.4,5059.5,31350.405,1777037939999,158630618.7164,1827,13893.039,70297951.1970,0
1777037940000,5059.5,5061.1,5059.4,5061.0,23097.371,1777038119999,116881658.1457,1220,12149.302,61480141.4092,0
