open_time,open,high,low,close,volume,close_time,quote_asset_volume,number_of_trades,taker_buy_base_asset_volume,taker_buy_quote_asset_volume,ignore
1775828700000,5242.0,5244.6,5241.5,5241.9,111.197,1775828999999,583051.2801,669,72.063,377896.1297,0
1775829000000,5241.9,5244.1,5240.8,5242.3,43.178,1775829299999,226388.3191,688,40.400,211827.0066,0
1775829300000,5242.3,5245.5,5241.6,5244.5,32.958,1775829599999,172836.3668,683,22.220,116534.3323,0
1775829600000,5244.5,5254.1,5244.5,5254.1,405.163,1775829899999,2126811.4572,916,391.095,2052945.9683,0
1775829900000,5254.1,5257.5,5253.8,5257.5,217.923,1775830199999,1145352.5665,772,215.730,1133826.8550,0
1775830200000,5257.5,5262.5,5257.5,5258.8,282.742,1775830499999,1487193.3019,815,281.579,1481076.6970,0
1775830500000,5258.8,5258.8,5250.1,5252.0,3.288,1775830799999,17272.9852,619,0,0,0
1775830800000,5252.0,5255.3,5250.1,5254.1,3.141,1775831099999,16501.2372,577,0,0,0
1775831100000,5253.1,5262.5,5252.7,5256.4,2.843,1775831399999,14937.3347,526,0.009,47.3625,0
1775831400000,5256.4,5259.0,5254.0,5258.5,2.572,1775831699999,13521.4443,476,0,0,0
1775831700000,5258.5,5260.0,5258.0,5259.2,2.989,1775831999999,15718.9591,557,0,0,0
1775832000000,5259.2,5260.0,5254.8,5255.5,3.444,1775832299999,18107.1402,627,0,0,0
1775832300000,5255.5,5258.1,5251.4,5251.4,3.227,1775832599999,16958.8539,622,0,0,0
1775832600000,5251.4,5252.1,5246.9,5247.7,3.283,1775832899999,17234.9514,621,0,0,0
1775832900000,5247.7,5247.7,5244.5,5247.0,3.281,1775833199999,17211.9844,638,0,0,0
1775833200000,5247.0,5247.6,5244.4,5244.4,3.166,1775833499999,16607.1110,641,0,0,0
1775833500000,5244.4,5245.8,5242.5,5245.7,3.244,1775833799999,17011.6739,616,0,0,0
1775833800000,5245.7,5246.6,5243.7,5246.2,3.184,1775834099999,16699.7178,582,0,0,0
1775834100000,5246.2,5248.0,5244.1,5245.4,3.259,1775834399999,17096.6798,596,0,0,0
1775834400000,5245.4,5249.0,5245.3,5249.0,3.29,1775834699999,17262.0789,598,0,0,0
1775834700000,5249.0,5250.9,5242.8,5244.4,3.378,1775834999999,17722.5657,616,0.042,220.2860,0
1775835000000,5244.4,5246.0,5242.1,5244.8,3.312,1775835299999,17367.1846,620,0,0,0
1775835300000,5244.8,5247.2,5243.8,5246.8,3.274,1775835599999,17174.8532,682,0.437,2292.8325,0
1775835600000,5246.8,5253.8,5246.8,5253.8,3.12,1775835899999,16381.4452,718,0.106,556.5065,0
1775835900000,5253.8,5254.3,5251.1,5251.5,2.994,1775836199999,15728.1388,551,0,0,0
1775836200000,5251.5,5251.5,5246.5,5249.3,2.929,1775836499999,15375.5751,613,0,0,0
1775836500000,5249.6,5251.0,5248.0,5251.0,2.595,1775836799999,13623.6021,548,0.244,1281.2341,0
1775836800000,5249.8,5251.0,5247.6,5251.0,3.024,1775837099999,15875.2624,604,0.129,677.3790,0
1775837100000,5250.6,5253.5,5249.7,5253.5,3.206,1775837399999,16838.0461,747,0.651,3419.6468,0
1775837400000,5253.5,5253.7,5250.3,5253.6,3.29,1775837699999,17279.4507,634,0.104,546.3788,0
1775837700000,5253.6,5254.2,5246.7,5246.8,3.345,1775837999999,17566.5519,646,0.043,225.9151,0
1775838000000,5246.8,5247.8,5243.5,5245.8,3.115,1775838299999,16342.2994,613,0,0,0
1775838300000,5245.8,5250.5,5244.8,5250.5,3.237,1775838599999,16985.9033,607,0,0,0
1775838600000,5250.5,5253.5,5247.4,5252.1,3.266,1775838899999,17150.7499,603,0,0,0
1775838900000,5252.1,5253.5,5250.8,5253.5,3.254,1775839199999,17089.8224,617,0,0,0
1775839200000,5253.5,5255.1,5252.8,5254.8,3.277,1775839499999,17217.9853,801,0.779,4093.5995,0
1775839500000,5254.8,5255.2,5251.0,5253.0,3.491,1775839799999,18337.1951,712,0.387,2033.7620,0
1775839800000,5253.4,5259.3,5252.7,5254.9,3.361,1775840099999,17665.6899,725,0.412,2166.2640,0
1775840100000,5254.9,5262.5,5254.9,5257.2,3.54,1775840399999,18607.9932,615,0.038,199.9622,0
1775840400000,5257.2,5259.9,5252.4,5252.5,3.418,1775840699999,17965.2106,655,0.139,730.1299,0
1775840700000,5252.5,5253.5,5243.5,5252.7,3.274,1775840999999,17195.2013,763,0.615,3230.3943,0
1775841000000,5252.7,5255.1,5250.1,5252.0,3.026,1775841299999,15895.5949,576,0.200,1050.8842,0
1775841300000,5252.0,5256.5,5250.3,5256.4,1.986,1775841599999,10435.5187,446,0.472,2480.8240,0
1775841600000,5256.4,5257.4,5253.7,5257.4,2.365,1775841899999,12431.0037,565,0.952,5004.7361,0
1775841900000,5257.4,5259.1,5257.1,5258.3,2.078,1775842199999,10925.8189,485,0.546,2870.8828,0
1775842200000,5258.3,5258.6,5253.6,5254.7,2.37,1775842499999,12456.4352,518,0.150,788.3889,0
1775842500000,5254.7,5257.0,5254.4,5256.4,2.077,1775842799999,10916.6820,512,0.772,4058.2531,0
1775842800000,5256.4,5258.5,5256.4,5258.3,1.553,1775843099999,8164.6253,287,0.051,268.1665,0
1775843100000,5258.3,5258.9,5254.9,5255.4,2.954,1775843399999,15529.9553,690,0.233,1225.2989,0
1775843400000,5255.4,5260.0,5255.4,5257.9,3.351,1775843699999,17621.2929,688,0.461,2424.6898,0
1775843700000,5257.9,5259.7,5255.7,5257.8,3.313,1775843999999,17419.6553,605,0,0,0
1775844000000,5257.8,5257.9,5254.9,5256.0,3.133,1775844299999,16468.5265,597,0,0,0
1775844300000,5256.0,5257.2,5254.3,5256.0,3.244,1775844599999,17050.4181,636,0,0,0
1775844600000,5256.0,5257.8,5255.6,5256.7,3.345,1775844899999,17583.3910,605,0,0,0
1775844900000,5256.7,5258.2,5252.0,5252.0,2.968,1775845199999,15599.3115,597,0,0,0
1775845200000,5252.0,5253.5,5251.1,5251.2,3.449,1775845499999,18114.9743,701,0,0,0
1775845500000,5251.1,5262.7,4988.5,5249.2,2368.732,1775845799999,12418222.5727,958,22.954,120796.9420,0
1775845800000,5249.2,5249.4,5248.4,5248.8,116.523,1775846099999,611632.0053,828,91.299,479240.8468,0
1775846100000,5248.8,5249.5,5248.1,5248.4,75.28,1775846399999,395154.3612,682,36.385,190999.4250,0
1775846400000,5248.4,5250.6,5248.1,5248.5,4.123,1775846699999,21640.9132,809,1.836,9637.4770,0
1775846700000,5248.5,5248.6,5248.0,5248.0,3.543,1775846999999,18594.7058,715,1.604,8418.6521,0
1775847000000,5248.0,5250.0,5248.0,5248.1,3.019,1775847299999,15846.1740,608,2.450,12859.5045,0
1775847300000,5248.1,5249.6,5248.0,5248.9,3.253,1775847599999,17073.5816,653,1.719,9022.1430,0
1775847600000,5248.9,5251.8,5248.4,5251.5,3.143,1775847899999,16499.4666,607,1.546,8115.7781,0
1775847900000,5251.5,5251.5,5245.4,5245.6,3.08,1775848199999,16163.9197,712,0.013,68.2643,0
1775848200000,5245.6,5245.7,5243.5,5243.5,3.196,1775848499999,16760.7229,627,0,0,0
1775848500000,5243.5,5243.9,5240.8,5240.8,3.472,1775848799999,18199.3228,671,0,0,0
1775848800000,5240.8,5251.8,5240.6,5241.4,5.958,1775849099999,31256.5591,625,2.649,13912.0140,0
1775849100000,5241.4,5241.4,5236.6,5236.6,3.654,1775849399999,19144.0617,725,0,0,0
1775849400000,5236.6,5238.9,5234.1,5238.9,3.267,1775849699999,17108.1283,641,0,0,0
1775849700000,5239.1,5239.5,5237.5,5237.8,3.397,1775849999999,17794.4614,622,0,0,0
1775850000000,5237.8,5251.8,5235.0,5238.8,3.484,1775850299999,18245.2732,622,0.047,246.8346,0
1775850300000,5238.8,5240.0,5235.7,5239.9,3.526,1775850599999,18470.4505,618,0,0,0
1775850600000,5239.9,5242.1,5237.5,5239.3,3.439,1775850899999,18020.1973,624,0,0,0
1775850900000,5239.3,5251.8,5239.3,5243.3,3.391,1775851199999,17773.1966,608,0.002,10.5036,0
1775851200000,5242.9,5251.8,5234.1,5244.7,4.958,1775851499999,26009.8520,652,1.953,10255.8741,0
1775851500000,5244.7,5246.0,5240.5,5242.2,3.337,1775851799999,17494.9294,639,0,0,0
1775851800000,5244.3,5244.5,5240.5,5244.5,2.896,1775852099999,15180.9818,537,0,0,0
1775852100000,5244.5,5245.7,5234.1,5243.0,7.619,1775852399999,39903.6363,533,0,0,0
1775852400000,5243.0,5243.5,5240.7,5242.0,3.285,1775852699999,17219.2321,627,0,0,0
1775852700000,5242.0,5251.8,5241.1,5247.1,3.376,1775852999999,17700.6578,630,0.002,10.5036,0
1775853000000,5247.1,5251.8,5245.3,5247.7,3.333,1775853299999,17493.4414,629,0.176,924.3168,0
1775853300000,5247.7,5252.6,5247.6,5250.9,3.338,1775853599999,17526.5212,684,1.088,5713.5133,0
1775853600000,5250.9,5254.8,5250.9,5254.7,3.512,1775853899999,18449.5599,692,2.379,12496.8015,0
1775853900000,5254.7,5258.0,5254.7,5256.1,3.423,1775854199999,17993.5707,704,2.358,12395.4892,0
1775854200000,5256.1,5256.6,5255.3,5256.5,3.35,1775854499999,17608.3436,752,0.954,5014.5512,0
1775854500000,5256.5,5256.6,5252.1,5255.3,3.289,1775854799999,17282.0983,894,1.274,6696.1502,0
1775854800000,5255.3,5255.3,5254.8,5255.0,3.458,1775855099999,18172.1568,694,0.151,793.5503,0
1775855100000,5255.0,5258.7,5255.0,5258.7,3.473,1775855399999,18257.4585,786,2.348,12344.9122,0
1775855400000,5258.7,5259.0,5255.8,5256.4,16.919,1775855699999,88946.3143,731,1.751,9207.4350,0
1775855700000,5256.4,5258.5,5256.4,5258.5,80.264,1775855999999,421977.2351,700,79.034,415510.5805,0
1775856000000,5258.5,5258.7,5258.1,5258.6,35.352,1775856299999,185898.1630,659,33.829,177889.7880,0
1775856300000,5258.6,5258.8,5257.4,5258.8,31.325,1775856599999,164726.9948,666,28.582,150304.1778,0
1775856600000,5258.8,5259.0,5256.7,5257.5,85.377,1775856899999,448853.2699,728,0.867,4559.0242,0
1775856900000,5257.5,5257.5,5253.4,5254.6,273.364,1775857199999,1436655.5841,719,1.176,6180.5184,0
1775857200000,5254.6,5254.8,5252.1,5254.8,56.954,1775857499999,299173.7161,577,1.159,6089.2915,0
1775857500000,5254.8,5258.3,5254.8,5258.0,2.695,1775857799999,14167.0445,522,2.025,10644.5239,0
1775857800000,5258.0,5259.5,5252.1,5255.3,2.375,1775858099999,12487.5215,487,1.148,6037.2133,0
1775858100000,5255.3,5257.2,5254.0,5255.5,2.44,1775858399999,12824.1106,449,0,0,0
1775858400000,5255.5,5257.9,5253.1,5256.8,2.341,1775858699999,12304.3063,429,0,0,0
1775858700000,5256.8,5259.5,5255.4,5257.2,2.278,1775858999999,11976.5854,416,0.002,10.5190,0
1775859000000,5257.2,5258.7,5252.1,5254.7,1.562,1775859299999,8210.1694,287,0,0,0
1775859300000,5254.7,5258.3,5251.5,5251.5,2.789,1775859599999,14655.2060,516,0,0,0
1775859600000,5251.5,5253.2,5251.4,5252.0,3.436,1775859899999,18046.5229,685,0,0,0
1775859900000,5252.0,5253.0,5250.1,5250.2,3.601,1775860199999,18909.5645,789,0,0,0
1775860200000,5250.2,5250.3,5248.2,5248.2,3.489,1775860499999,18315.2296,727,0,0,0
1775860500000,5248.2,5259.6,5247.3,5256.5,3.28,1775860799999,17224.9796,624,0.004,21.0384,0
1775860800000,5256.5,5256.5,5251.2,5254.2,3.232,1775861099999,16978.4190,601,0,0,0
1775861100000,5254.2,5254.2,5252.0,5253.5,3.384,1775861399999,17777.7922,631,0,0,0
1775861400000,5254.0,5259.6,5252.7,5254.5,3.457,1775861699999,18163.4235,640,0.028,147.2688,0
1775861700000,5254.5,5259.6,5253.5,5253.5,3.474,1775861999999,18253.3727,645,0.018,94.6728,0
1775862000000,5253.5,5253.5,5248.4,5252.0,3.43,1775862299999,18008.8240,666,0,0,0
1775862300000,5252.4,5252.7,5252.0,5252.6,3.33,1775862599999,17490.1576,869,0.587,3083.2708,0
1775862600000,5252.7,5253.7,5250.7,5252.8,3.319,1775862899999,17433.0795,725,0.522,2742.0075,0
1775862900000,5252.8,5253.0,5249.8,5249.8,3.444,1775863199999,18085.8354,666,0,0,0
1775863200000,5249.8,5250.7,5248.9,5248.9,3.251,1775863499999,17066.1885,626,0,0,0
1775863500000,5248.9,5253.7,5248.9,5250.2,3.165,1775863799999,16615.6464,601,0.002,10.5074,0
1775863800000,5250.2,5253.9,5249.4,5253.9,3.062,1775864099999,16079.3044,556,0,0,0
1775864100000,5253.9,5259.6,5253.2,5254.9,2.791,1775864399999,14665.7541,506,0.002,10.5192,0
1775864400000,5254.9,5254.9,5251.9,5252.1,3.415,1775864699999,17939.9485,726,0,0,0
1775864700000,5252.1,5259.6,5251.8,5252.4,3.514,1775864999999,18456.5672,639,0.002,10.5192,0
1775865000000,5252.4,5252.8,5250.1,5251.0,3.5,1775865299999,18378.2629,735,0,0,0
1775865300000,5251.0,5259.6,4990.0,4990.0,3698.742,1775865599999,18599922.1599,861,3149.573,15716369.8092,0
1775865600000,4990.0,5280.0,4990.0,5280.0,6265.636,1775865899999,32268497.2501,1493,3694.023,18741817.5076,0
1775865900000,5280.0,5280.0,5252.7,5253.3,2561.047,1775866199999,13522118.1064,793,2.647,13906.0877,0
1775866200000,5253.3,5253.3,5250.5,5251.6,213.288,1775866499999,1120164.9857,847,36.167,189903.8377,0
1775866500000,5251.6,5252.2,5251.4,5252.0,209.674,1775866799999,1101140.8510,743,207.184,1088064.1329,0
1775866800000,5252.0,5254.5,5251.7,5254.5,367.027,1775867099999,1927940.4226,953,366.384,1924563.3607,0
1775867100000,5254.5,5256.5,5254.4,5256.5,97.26,1775867399999,511151.0340,825,96.985,509706.0255,0
1775867400000,5256.5,5259.0,5256.2,5258.4,87.292,1775867699999,458904.8709,683,86.031,452274.3662,0
1775867700000,5258.4,5260.0,5256.6,5259.9,6.745,1775867999999,35474.0316,532,5.602,29463.6035,0
1775868000000,5259.9,5260.0,5259.1,5259.9,30.624,1775868299999,161059.0579,520,1.418,7458.4803,0
1775868300000,5259.9,5260.0,5259.3,5259.6,2.429,1775868599999,12775.8566,465,1.024,5386.0958,0
1775868600000,5259.7,5259.9,5258.5,5258.5,94.527,1775868899999,497125.0325,584,0.794,4176.3254,0
1775868900000,5258.5,5259.3,5258.4,5259.3,104.24,1775869199999,548183.5269,466,93.117,489693.2779,0
1775869200000,5259.3,5259.8,5257.3,5259.6,2.522,1775869499999,13262.8022,568,1.014,5333.2593,0
1775869500000,5259.6,5260.0,5259.5,5259.8,1.555,1775869799999,8179.0120,311,1.157,6085.6771,0
1775869800000,5259.8,5260.0,5257.3,5258.6,3.009,1775870099999,15824.4117,642,0.740,3891.8060,0
1775870100000,5258.6,5260.0,5257.4,5260.0,2.929,1775870399999,15405.2020,643,2.267,11923.7964,0
1775870400000,5260.0,5260.0,5259.7,5260.0,3.045,1775870699999,16016.5388,602,1.815,9546.9000,0
1775870700000,5260.0,5266.5,5260.0,5266.5,3.419,1775870999999,17993.2467,695,3.372,17745.7563,0
1775871000000,5266.5,5268.1,5264.0,5268.1,3.769,1775871299999,19851.8128,720,2.972,15654.7431,0
1775871300000,5268.1,5269.7,5268.1,5269.7,3.416,1775871599999,17998.0933,746,3.326,17523.9373,0
1775871600000,5269.7,5269.8,5257.2,5267.6,3.623,1775871899999,19084.9098,687,2.227,11732.4809,0
1775871900000,5267.6,5269.7,5267.5,5268.1,3.414,1775872199999,17986.6536,709,1.665,8772.8755,0
1775872200000,5268.1,5269.5,5266.6,5267.3,3.416,1775872499999,17995.1539,600,0,0,0
1775872500000,5267.3,5267.3,5257.2,5265.5,3.302,1775872799999,17388.1722,612,0,0,0
1775872800000,5265.5,5269.7,5265.5,5267.7,3.395,1775873099999,17882.1481,610,0.004,21.0788,0
1775873100000,5267.7,5268.5,5257.2,5263.6,3.503,1775873399999,18451.2229,605,0,0,0
1775873400000,5263.6,5268.6,5263.6,5265.8,3.315,1775873699999,17457.2531,690,0.048,252.8638,0
1775873700000,5265.8,5268.0,5263.8,5263.8,3.446,1775873999999,18147.0474,686,0,0,0
1775874000000,5263.8,5265.4,5262.1,5263.5,3.273,1775874299999,17227.5790,630,0,0,0
1775874300000,5263.5,5263.5,5256.5,5256.5,3.112,1775874599999,16365.7630,586,0,0,0
1775874600000,5256.5,5260.3,5255.0,5255.0,2.726,1775874899999,14329.5672,680,0,0,0
1775874900000,5255.0,5256.6,5254.9,5255.2,3.513,1775875199999,18461.8781,670,0,0,0
1775875200000,5255.7,5269.7,5254.9,5254.9,3.964,1775875499999,20840.7610,631,0.567,2987.9135,0
1775875500000,5254.9,5255.2,5253.0,5253.6,3.241,1775875799999,17028.7036,683,0,0,0
1775875800000,5253.6,5254.8,5251.7,5252.6,4.067,1775876099999,21363.8554,719,0,0,0
1775876100000,5252.6,5252.7,5250.0,5250.0,3.596,1775876399999,18883.1363,771,0,0,0
1775876400000,5250.0,5269.7,5250.0,5251.4,3.312,1775876699999,17393.9041,710,0.002,10.5394,0
1775876700000,5251.4,5253.6,5250.7,5252.4,3.52,1775876999999,18485.9328,698,0,0,0
1775877000000,5252.4,5252.8,5250.8,5252.4,3.252,1775877299999,17078.5729,632,0,0,0
1775877300000,5252.4,5252.4,5249.4,5249.5,3.35,1775877599999,17590.1326,775,0,0,0
1775877600000,5249.5,5252.3,5249.4,5249.5,3.471,1775877899999,18224.5320,743,0.007,36.7493,0
1775877900000,5249.5,5251.5,5248.8,5251.1,3.158,1775878199999,16577.9820,635,0.103,540.7568,0
1775878200000,5250.1,5250.8,5248.8,5250.7,3.054,1775878499999,16033.6191,623,0,0,0
1775878500000,5250.7,5269.7,5250.7,5252.9,3.237,1775878799999,17001.3253,599,0.020,105.0614,0
1775878800000,5252.9,5253.5,5248.8,5252.6,3.356,1775879099999,17627.6576,610,0,0,0
1775879100000,5252.6,5269.7,5252.4,5256.3,3.218,1775879399999,16911.5539,575,0.002,10.5394,0
1775879400000,5256.3,5269.7,5256.2,5257.0,2.794,1775879699999,14688.3945,610,0.059,310.6427,0
1775879700000,5257.0,5264.7,5257.0,5264.7,2.964,1775879999999,15596.5219,533,0,0,0
1775880000000,5264.7,5269.7,5256.2,5262.7,2.992,1775880299999,15750.4121,548,0.001,5.2697,0
1775880300000,5262.7,5264.5,5248.8,5264.5,3.133,1775880599999,16487.6473,602,0,0,0
1775880600000,5264.5,5264.9,5262.0,5263.8,3.418,1775880899999,17992.1583,604,0,0,0
1775880900000,5263.8,5263.8,5259.3,5259.3,3.493,1775881199999,18379.1781,641,0,0,0
1775881200000,5259.3,5262.5,5248.8,5258.2,3.465,1775881499999,18230.8323,630,0,0,0
1775881500000,5258.2,5262.8,5258.2,5261.3,3.58,1775881799999,18833.3634,645,0,0,0
1775881800000,5261.3,5269.7,5259.5,5263.8,3.4,1775882099999,17895.2309,639,0.004,21.0788,0
1775882100000,5263.8,5264.9,5261.7,5262.5,3.686,1775882399999,19400.6905,653,0,0,0
1775882400000,5262.5,5264.1,5248.8,5262.5,3.614,1775882699999,19017.8700,640,0,0,0
1775882700000,5262.5,5263.4,5261.2,5263.0,3.549,1775882999999,18675.7515,701,0.175,920.8955,0
1775883000000,5262.9,5264.7,5260.8,5264.2,3.341,1775883299999,17586.0388,675,0.188,989.6373,0
1775883300000,5264.2,5264.3,5260.5,5263.8,3.313,1775883599999,17436.5045,617,0.008,42.1126,0
1775883600000,5264.0,5265.4,5261.8,5265.4,3.332,1775883899999,17538.7692,758,0.292,1537.4182,0
1775883900000,5265.4,5267.4,5263.0,5265.4,3.411,1775884199999,17961.2125,762,0.717,3775.8188,0
1775884200000,5265.4,5271.8,5265.4,5271.7,85.367,1775884499999,449923.1214,692,83.026,437592.0899,0
1775884500000,5271.7,5272.6,5270.5,5270.9,34.491,1775884799999,181838.7917,655,31.884,168096.0718,0
1775884800000,5270.5,5272.7,5269.6,5270.5,99.69,1775885099999,525549.5923,656,0.659,3474.6792,0
1775885100000,5270.5,5272.1,5270.3,5271.4,53.017,1775885399999,279461.1462,772,47.921,252601.5790,0
1775885400000,5271.6,5271.6,5267.7,5269.4,264.532,1775885699999,1394117.7031,821,0.651,3430.1084,0
1775885700000,5269.4,5269.8,5267.7,5269.3,3.45,1775885999999,18178.8787,677,1.271,6697.4829,0
1775886000000,5269.3,5269.3,5267.5,5269.2,3.539,1775886299999,18645.0611,635,0,0,0
1775886300000,5269.2,5269.8,5267.2,5267.7,3.395,1775886599999,17884.9220,719,0.002,10.5396,0
1775886600000,5267.7,5269.4,5266.4,5266.4,3.471,1775886899999,18281.8880,666,0,0,0
1775886900000,5266.4,5269.2,5266.1,5267.7,3.225,1775887199999,16987.1432,618,0,0,0
1775887200000,5267.7,5273.0,5267.7,5271.0,3.046,1775887499999,16054.0201,586,1.146,6040.3622,0
1775887500000,5272.1,5273.4,5266.1,5271.1,3.106,1775887799999,16373.7805,556,0.252,1328.8681,0
1775887800000,5271.1,5274.2,5270.4,5272.8,3.253,1775888099999,17151.1693,605,0.459,2420.6438,0
1775888100000,5272.8,5272.8,5266.1,5270.8,3.335,1775888399999,17578.5663,609,0,0,0
1775888400000,5270.8,5272.2,5270.8,5271.7,3.317,1775888699999,17486.3496,616,0,0,0
1775888700000,5270.7,5274.3,5266.1,5273.6,3.465,1775888999999,18268.7870,627,0.002,10.5486,0
1775889000000,5273.6,5274.0,5269.7,5271.2,3.246,1775889299999,17114.9175,575,0,0,0
1775889300000,5271.6,5272.5,5270.1,5271.2,3.125,1775889599999,16473.0316,575,0,0,0
1775889600000,5271.2,5273.9,5270.8,5272.9,3.337,1775889899999,17594.2688,604,0,0,0
1775889900000,5272.9,5274.0,5266.1,5270.5,3.156,1775890199999,16635.5814,600,0,0,0
1775890200000,5270.5,5271.8,5266.1,5270.5,3.461,1775890499999,18241.8100,641,0,0,0
1775890500000,5270.5,5274.3,5266.1,5266.1,3.539,1775890799999,18653.6584,641,0.002,10.5486,0
1775890800000,5266.1,5270.2,5265.9,5268.5,3.369,1775891099999,17745.5082,632,0,0,0
1775891100000,5268.5,5269.3,5265.7,5265.7,3.205,1775891399999,16879.3107,639,0,0,0
1775891400000,5265.7,5268.8,5264.8,5264.8,3.627,1775891699999,19102.5347,824,0.112,590.0303,0
1775891700000,5264.8,5268.6,5264.8,5266.4,3.394,1775891999999,17876.8530,646,0,0,0
1775892000000,5266.4,5266.8,5265.0,5266.7,3.661,1775892299999,19277.6521,676,0,0,0
1775892300000,5266.7,5274.3,5264.8,5265.1,3.993,1775892599999,21028.6917,761,0.496,2615.4804,0
1775892600000,5265.1,5265.4,5264.7,5264.7,3.554,1775892899999,18711.2245,869,0,0,0
1775892900000,5264.7,5274.3,5264.6,5267.0,3.473,1775893199999,18288.6962,826,0.099,521.4153,0
1775893200000,5267.0,5269.0,5266.7,5266.9,3.473,1775893499999,18294.9096,650,0,0,0
1775893500000,5266.9,5268.2,5265.8,5267.0,3.538,1775893799999,18634.7188,692,0,0,0
1775893800000,5267.0,5267.9,5264.9,5264.9,3.326,1775894099999,17514.8051,698,0.051,268.5150,0
1775894100000,5264.9,5265.8,5264.1,5264.5,3.157,1775894399999,16621.7407,715,0.167,879.3042,0
1775894400000,5264.7,5274.3,5264.7,5266.6,3.307,1775894699999,17416.6654,715,0.406,2138.2305,0
1775894700000,5266.6,5266.6,5261.3,5261.3,3.376,1775894999999,17768.7317,694,0,0,0
1775895000000,5261.3,5263.6,5259.8,5260.6,3.329,1775895299999,17513.8868,826,0,0,0
1775895300000,5260.6,5262.4,5259.3,5261.3,3.239,1775895599999,17038.7153,614,0,0,0
1775895600000,5261.3,5274.3,5260.6,5260.6,3.247,1775895899999,17084.8077,571,0.002,10.5486,0
1775895900000,5260.6,5261.5,5258.6,5259.0,2.734,1775896199999,14379.5562,549,0,0,0
1775896200000,5259.0,5260.1,5255.9,5258.6,2.894,1775896499999,15215.3335,548,0,0,0
1775896500000,5257.9,5259.6,5256.9,5257.8,3.237,1775896799999,17019.3233,664,0,0,0
1775896800000,5260.0,5274.3,5258.0,5259.0,3.135,1775897099999,16489.0788,651,0.004,21.0972,0
1775897100000,5259.0,5261.5,4996.8,5259.0,3016.811,1775897399999,15842520.6360,855,0,0,0
1775897400000,5259.4,5274.3,5257.4,5258.8,4.959,1775897699999,26089.8928,736,0.965,5088.4169,0
1775897700000,5258.8,5260.0,5257.5,5257.5,3.262,1775897999999,17154.3835,630,0.038,199.8796,0
1775898000000,5257.5,5260.6,5257.0,5257.0,3.188,1775898299999,16763.4960,630,0.003,15.7812,0
1775898300000,5257.0,5258.9,5256.2,5256.2,3.298,1775898599999,17338.3960,633,0,0,0
1775898600000,5256.2,5257.9,5255.3,5257.9,3.206,1775898899999,16851.7886,615,0,0,0
1775898900000,5257.9,5260.6,5252.1,5253.0,2.799,1775899199999,14705.8074,527,0.001,5.2606,0
1775899200000,5253.0,5255.1,5251.4,5254.5,3.084,1775899499999,16199.2409,631,0,0,0
1775899500000,5254.5,5274.3,5252.1,5253.3,3.132,1775899799999,16454.6542,657,0.001,5.2743,0
1775899800000,5253.3,5255.3,5252.4,5255.3,3.149,1775900099999,16542.9606,583,0,0,0
1775900100000,5255.3,5274.3,5254.1,5256.1,3.316,1775900399999,17427.0587,613,0.001,5.2743,0
1775900400000,5256.1,5258.7,5256.1,5256.8,3.335,1775900699999,17532.5888,623,0,0,0
1775900700000,5256.8,5258.4,5252.4,5258.0,4.291,1775900999999,22552.6021,643,0,0,0
1775901000000,5258.0,5274.3,5254.9,5258.5,3.106,1775901299999,16327.6622,600,0.039,205.0913,0
1775901300000,5258.5,5260.5,5257.3,5259.9,3.506,1775901599999,18436.2332,709,0.231,1214.9481,0
1775901600000,5259.9,5260.1,5255.4,5258.2,3.33,1775901899999,17509.6589,629,0,0,0
1775901900000,5258.2,5259.3,5257.2,5258.8,3.324,1775902199999,17477.8384,703,0.223,1172.6147,0
1775902200000,5258.8,5262.8,5258.8,5260.2,3.353,1775902499999,17637.9482,650,0.131,689.2331,0
1775902500000,5260.2,5262.0,5260.2,5261.1,3.482,1775902799999,18318.9633,637,0,0,0
1775902800000,5261.1,5263.1,5257.2,5262.6,3.396,1775903099999,17868.3434,647,0.018,94.7328,0
1775903100000,5262.6,5264.9,5262.6,5264.4,3.441,1775903399999,18112.4353,799,0.903,4752.8938,0
1775903400000,5264.4,5265.5,5262.7,5262.7,3.488,1775903699999,18361.9939,737,0.075,394.8929,0
1775903700000,5262.7,5263.0,5261.5,5261.8,3.445,1775903999999,18128.4841,676,0,0,0
1775904000000,5261.8,5261.8,5259.9,5259.9,3.206,1775904299999,16867.1046,667,0,0,0
1775904300000,5259.9,5265.5,5259.7,5262.2,3.376,1775904599999,17763.1897,691,0.001,5.2655,0
1775904600000,5262.2,5263.2,5261.3,5263.2,3.205,1775904899999,16866.5251,591,0,0,0
1775904900000,5263.2,5263.3,5260.6,5263.2,3.444,1775905199999,18123.4629,635,0,0,0
1775905200000,5263.2,5274.3,5261.5,5264.7,3.42,1775905499999,17998.9713,641,0.001,5.2743,0
1775905500000,5263.6,5265.4,5263.2,5264.3,3.569,1775905799999,18788.8990,733,0,0,0
1775905800000,5264.3,5265.7,5264.3,5265.7,3.369,1775906099999,17737.6317,603,0,0,0
1775906100000,5265.7,5274.3,5264.5,5266.1,3.293,1775906399999,17339.9603,715,0.001,5.2743,0
1775906400000,5266.1,5266.5,5265.4,5265.4,3.569,1775906699999,18794.8248,692,0,0,0
1775906700000,5265.4,5274.3,5265.4,5267.9,3.413,1775906999999,17975.2317,627,0.001,5.2743,0
1775907000000,5267.9,5269.7,5267.9,5269.7,3.495,1775907299999,18416.3823,713,0,0,0
1775907300000,5269.7,5269.7,5268.6,5268.6,3.527,1775907599999,18585.0491,651,0,0,0
1775907600000,5268.6,5268.6,5266.1,5266.2,3.502,1775907899999,18445.7573,796,0,0,0
1775907900000,5266.2,5266.5,5266.0,5266.0,3.364,1775908199999,17715.8142,620,0,0,0
1775908200000,5266.0,5274.3,5262.3,5263.1,3.529,1775908499999,18576.8316,703,0.001,5.2743,0
1775908500000,5263.1,5263.1,5261.3,5262.6,3.521,1775908799999,18528.5876,653,0,0,0
1775908800000,5263.0,5274.3,5262.5,5267.3,3.339,1775909099999,17580.0316,698,0.079,416.0251,0
1775909100000,5267.3,5274.3,5267.1,5267.9,3.218,1775909399999,16951.6975,622,0.002,10.5486,0
1775909400000,5267.9,5268.5,5267.0,5268.5,3.117,1775909699999,16419.4310,602,0,0,0
1775909700000,5268.5,5274.3,5268.3,5271.8,3.538,1775909999999,18649.3486,607,0.002,10.5486,0
1775910000000,5271.8,5272.9,5271.8,5272.6,3.116,1775910299999,16429.5741,573,0,0,0
1775910300000,5272.6,5274.3,5271.3,5272.5,3.113,1775910599999,16413.4929,602,0.007,36.9201,0
1775910600000,5272.7,5274.2,5270.2,5270.8,3.402,1775910899999,17936.9298,605,0,0,0
1775910900000,5270.9,5273.3,5270.2,5272.1,3.365,1775911199999,17739.0130,684,0.146,769.8896,0
1775911200000,5271.5,5274.4,5269.9,5271.9,17.769,1775911499999,93679.3562,809,15.228,80282.1507,0
1775911500000,5271.9,5272.3,5270.7,5272.3,13.425,1775911799999,70774.2859,782,10.807,56974.1322,0
1775911800000,5272.3,5273.6,5271.7,5272.2,89.989,1775912099999,474453.1361,811,46.753,246516.4030,0
1775912100000,5272.2,5274.0,5272.2,5272.9,139.25,1775912399999,734319.7581,847,137.666,725967.3608,0
1775912400000,5273.0,5273.5,5269.1,5269.1,276.343,1775912699999,1456767.5935,920,4.908,25870.5908,0
1775912700000,5269.1,5271.3,5269.0,5269.3,45.356,1775912999999,239017.5921,753,28.961,152628.8809,0
1775913000000,5269.3,5271.3,5265.5,5266.7,3.597,1775913299999,18952.5444,675,0.233,1228.2129,0
1775913300000,5266.7,5269.8,5266.5,5268.4,3.459,1775913599999,18221.9307,613,0,0,0
1775913600000,5268.4,5268.4,5267.2,5267.6,3.549,1775913899999,18695.1285,637,0,0,0
1775913900000,5267.6,5271.3,5266.1,5266.8,3.133,1775914199999,16506.0294,578,0.004,21.0852,0
1775914200000,5266.8,5271.3,5266.0,5266.0,14.189,1775914499999,74750.3315,706,4.816,25386.3196,0
1775914500000,5266.0,5266.0,5263.8,5264.1,3.268,1775914799999,17204.3190,620,0,0,0
1775914800000,5264.1,5268.4,5262.9,5265.3,3.352,1775915099999,17645.0807,663,0.002,10.5368,0
1775915100000,5265.3,5265.6,5262.5,5262.5,3.32,1775915399999,17474.7310,771,0,0,0
1775915400000,5262.5,5262.5,5257.2,5257.5,3.222,1775915699999,16946.3764,705,0,0,0
1775915700000,5257.2,5258.1,5256.5,5256.5,3.283,1775915999999,17258.7226,648,0,0,0
1775916000000,5256.5,5256.5,5253.3,5255.4,3.325,1775916299999,17471.9954,666,0,0,0
1775916300000,5255.4,5271.3,5251.0,5251.0,3.487,1775916599999,18321.6634,625,0.236,1244.0123,0
1775916600000,5251.0,5252.0,5251.0,5251.0,3.411,1775916899999,17911.6583,628,0,0,0
1775916900000,5251.0,5271.3,5250.1,5252.7,3.51,1775917199999,18434.1531,657,0.002,10.5426,0
1775917200000,5252.7,5253.8,5252.0,5252.4,3.401,1775917499999,17865.3209,613,0,0,0
1775917500000,5252.4,5254.0,5250.4,5253.1,3.428,1775917799999,18005.0241,624,0,0,0
1775917800000,5252.5,5271.3,5250.1,5253.7,4.567,1775918099999,23990.7284,664,0.002,10.5426,0
1775918100000,5253.7,5254.3,5250.1,5252.3,3.303,1775918399999,17347.6294,612,0,0,0
1775918400000,5252.7,5255.0,5252.4,5253.3,3.265,1775918699999,17154.7300,610,0,0,0
1775918700000,5253.3,5255.0,5252.6,5253.5,3.34,1775918999999,17547.1230,591,0,0,0
1775919000000,5253.5,5271.3,5251.7,5256.0,3.222,1775919299999,16930.1065,604,0.002,10.5426,0
1775919300000,5255.7,5257.2,5250.1,5257.2,3.217,1775919599999,16908.3531,586,0,0,0
1775919600000,5257.2,5258.1,5254.9,5255.1,2.789,1775919899999,14661.8005,529,0,0,0
1775919900000,5255.1,5255.2,5250.1,5253.2,3.221,1775920199999,16921.7037,580,0,0,0
1775920200000,5253.2,5256.6,5252.6,5252.6,3.257,1775920499999,17113.1563,592,0,0,0
1775920500000,5252.6,5253.6,5247.8,5249.8,3.128,1775920799999,16423.5296,603,0,0,0
1775920800000,5249.8,5271.3,5248.9,5249.7,3.315,1775921099999,17404.3295,604,0.002,10.5426,0
1775921100000,5249.7,5252.3,5247.8,5248.8,3.038,1775921399999,15950.9254,716,0.457,2400.0059,0
1775921400000,5248.8,5250.2,5247.8,5247.8,3.892,1775921699999,20428.8712,671,0.009,47.2509,0
1775921700000,5247.8,5248.4,5247.7,5248.3,3.135,1775921999999,16452.5549,604,0,0,0
1775922000000,5248.3,5252.3,5247.8,5249.7,3.772,1775922299999,19800.9322,614,0.004,21.0048,0
1775922300000,5249.7,5250.3,5249.4,5249.6,3.297,1775922599999,17307.7040,604,0,0,0
1775922600000,5249.6,5252.9,5249.4,5252.6,3.427,1775922899999,17994.8665,667,0.058,304.6658,0
1775922900000,5252.6,5252.9,5250.9,5250.9,3.045,1775923199999,15992.5927,624,0.075,393.9675,0
1775923200000,5251.5,5271.3,5250.3,5251.5,3.663,1775923499999,19250.0196,565,0.739,3895.3351,0
1775923500000,5250.3,5271.3,5250.1,5250.3,3.126,1775923799999,16414.4105,691,0.112,588.2974,0
1775923800000,5250.3,5252.6,5247.7,5247.7,2.723,1775924099999,14294.8118,538,0.002,10.5045,0
1775924100000,5247.7,5250.1,5247.7,5249.7,2.634,1775924399999,13825.7093,532,0,0,0
1775924400000,5249.7,5271.3,5249.6,5251.5,2.227,1775924699999,11694.0607,396,0.004,21.0665,0
1775924700000,5251.5,5253.1,5251.3,5253.0,2.602,1775924999999,13665.8408,468,0,0,0
1775925000000,5253.0,5253.8,5251.3,5252.7,2.304,1775925299999,12102.2827,426,0,0,0
1775925300000,5252.7,5252.7,5248.8,5248.8,2.213,1775925599999,11619.5492,499,0,0,0
1775925600000,5248.8,5248.8,5243.8,5244.7,2.438,1775925899999,12789.3781,444,0,0,0
1775925900000,5244.7,5251.2,5243.7,5247.4,1.534,1775926199999,8046.5968,282,0.002,10.5024,0
1775926200000,5247.4,5249.7,5247.3,5248.2,2.813,1775926499999,14763.2387,543,0.030,157.4910,0
1775926500000,5248.2,5248.2,5245.1,5245.1,3.458,1775926799999,18144.0847,655,0,0,0
1775926800000,5245.1,5246.1,5245.1,5245.4,3.389,1775927099999,17777.0147,714,0,0,0
1775927100000,5245.4,5249.7,5245.1,5247.5,3.571,1775927399999,18735.8519,630,0.004,20.9988,0
1775927400000,5247.5,5247.9,5245.8,5246.2,3.473,1775927699999,18221.6991,668,0,0,0
1775927700000,5246.2,5251.2,5246.2,5247.8,3.284,1775927999999,17233.2810,611,0.002,10.5009,0
1775928000000,5247.8,5249.8,5247.8,5249.7,3.309,1775928299999,17368.6932,715,0.577,3029.1346,0
1775928300000,5249.7,5249.7,5248.5,5248.5,3.607,1775928599999,18932.4049,698,0,0,0
1775928600000,5248.5,5249.3,5247.4,5247.4,3.496,1775928899999,18347.6624,667,0,0,0
1775928900000,5247.4,5247.9,5247.2,5247.9,3.355,1775929199999,17605.8015,620,0,0,0
1775929200000,5247.9,5249.8,5247.8,5248.3,3.059,1775929499999,16054.2551,587,0.002,10.4996,0
1775929500000,5248.3,5252.4,5248.3,5251.0,3.233,1775929799999,16977.3710,793,0.534,2803.9565,0
1775929800000,5251.0,5251.8,5250.8,5251.2,3.394,1775930099999,17822.8639,616,0,0,0
1775930100000,5251.2,5252.5,5251.2,5252.4,3.509,1775930399999,18427.5822,640,0.013,68.2823,0
1775930400000,5252.4,5252.6,5251.5,5252.4,3.138,1775930699999,16481.9558,718,0.267,1402.4333,0
1775930700000,5252.4,5252.6,5247.2,5251.1,3.157,1775930999999,16580.0871,686,0.211,1108.2986,0
1775931000000,5251.1,5251.7,5247.2,5250.7,2.645,1775931299999,13888.7481,507,0,0,0
1775931300000,5250.6,5253.2,5250.4,5252.7,2.537,1775931599999,13324.6620,518,0.200,1050.5670,0
1775931600000,5252.7,5252.9,5251.8,5252.9,2.405,1775931899999,12631.9061,575,0.196,1029.5684,0
1775931900000,5252.9,5253.2,5252.3,5252.6,2.439,1775932199999,12811.3761,463,0.093,488.5356,0
1775932200000,5252.6,5252.6,5243.3,5243.3,2.168,1775932499999,11377.8397,451,0,0,0
1775932500000,5243.3,5271.3,5230.6,5230.6,2.307,1775932799999,12079.1666,345,0.014,73.4370,0
1775932800000,5230.6,5235.2,5227.4,5227.4,3.548,1775933099999,18553.2581,591,0.475,2486.7200,0
1775933100000,5227.4,5227.4,5221.7,5221.7,512.844,1775933399999,2678757.3439,917,0.746,3897.5179,0
1775933400000,5221.7,5221.7,5220.0,5220.4,188.313,1775933699999,983145.2131,993,1.888,9856.5508,0
1775933700000,5220.4,5223.6,5220.0,5222.7,3.662,1775933999999,19123.2766,701,2.837,14815.2324,0
1775934000000,5222.7,5222.7,5213.7,5214.6,624.076,1775934299999,3256532.1977,1074,1.205,6285.5181,0
1775934300000,5214.6,5214.6,5207.9,5209.0,355.052,1775934599999,1850477.6916,842,0.895,4663.1969,0
1775934600000,5209.2,5210.4,5206.1,5207.4,3.447,1775934899999,17951.2995,674,0.703,3662.2885,0
1775934900000,5207.4,5210.4,5201.6,5205.7,3.334,1775935199999,17348.9898,626,0.006,31.2624,0
1775935200000,5205.7,5208.6,5205.7,5207.7,5.18,1775935499999,26976.3823,630,0,0,0
1775935500000,5207.7,5210.4,5201.1,5201.5,3.43,1775935799999,17849.3417,679,0.014,72.8772,0
1775935800000,5201.5,5202.1,5192.4,5200.6,3.182,1775936099999,16538.5506,627,0,0,0
1775936100000,5200.5,5210.4,5192.4,5196.3,3.511,1775936399999,18254.4576,651,0.008,41.6832,0
1775936400000,5196.3,5196.4,5192.4,5196.4,3.436,1775936699999,17853.6351,725,0.580,3013.7224,0
1775936700000,5196.4,5210.4,5192.4,5199.2,3.308,1775936999999,17195.8380,701,0.477,2479.3488,0
1775937000000,5199.2,5202.1,5198.9,5201.5,3.348,1775937299999,17410.6214,614,0,0,0
1775937300000,5201.5,5210.4,5192.4,5200.6,3.172,1775937599999,16497.6538,573,0.006,31.2624,0
1775937600000,5200.5,5210.4,5192.4,5203.8,2.563,1775937899999,13327.7445,528,0.110,572.6240,0
1775937900000,5203.8,5210.4,5192.4,5204.1,2.533,1775938199999,13180.8836,426,0.249,1297.3639,0
1775938200000,5204.4,5210.4,5203.4,5203.8,1.909,1775938499999,9935.4093,357,0.049,255.3096,0
1775938500000,5203.8,5210.4,5192.4,5200.8,2.352,1775938799999,12233.4156,434,0.006,31.2624,0
1775938800000,5200.8,5204.8,5200.8,5204.8,2.135,1775939099999,11108.5199,538,0.035,182.1600,0
1775939100000,5204.8,5206.8,5192.4,5205.1,1.931,1775939399999,10052.2673,452,0.380,1978.1692,0
1775939400000,5205.1,5214.5,5205.1,5214.5,2.956,1775939699999,15405.0813,558,1.733,9033.7371,0
1775939700000,5214.5,5216.7,5214.5,5216.4,3.296,1775939999999,17190.1134,638,1.426,7437.6579,0
1775940000000,5216.4,5216.6,5214.7,5216.6,3.345,1775940299999,17447.9439,723,2.735,14266.5225,0
1775940300000,5216.6,5216.6,5192.4,5209.3,3.462,1775940599999,18051.2524,703,0.540,2816.5072,0
1775940600000,5209.3,5210.6,5207.7,5209.5,3.422,1775940899999,17825.4425,626,1.374,7158.0320,0
1775940900000,5209.5,5210.6,5208.0,5208.8,8.774,1775941199999,45705.1325,693,4.146,21600.4639,0
1775941200000,5208.8,5213.6,5208.8,5209.2,494.948,1775941499999,2578950.3321,905,356.090,1855407.2424,0
1775941500000,5209.2,5211.0,5208.6,5210.0,92.296,1775941799999,480883.8526,779,74.955,390550.6559,0
1775941800000,5210.0,5211.7,5210.0,5211.4,15.419,1775942099999,80353.9266,645,12.625,65794.5657,0
1775942100000,5211.4,5211.7,5210.3,5210.4,48.104,1775942399999,250647.2592,751,0.583,3038.3749,0
1775942400000,5210.4,5213.0,5210.4,5212.4,394.652,1775942699999,2056739.2727,793,394.272,2054759.0837,0
1775942700000,5212.4,5213.1,5211.3,5212.5,12.835,1775942999999,66906.5876,650,8.461,44107.5340,0
1775943000000,5212.5,5214.0,5212.4,5212.6,37.011,1775943299999,192944.6838,490,23.202,120964.9773,0
1775943300000,5212.6,5215.6,5212.5,5215.3,2.123,1775943599999,11071.0229,428,1.507,7858.7932,0
1775943600000,5215.3,5216.6,5214.9,5216.6,2.158,1775943899999,11255.5453,458,1.316,6863.9968,0
1775943900000,5216.6,5217.9,5212.5,5215.6,2.655,1775944199999,13847.3333,446,1.318,6875.6347,0
1775944200000,5215.6,5215.6,5212.5,5214.2,2.312,1775944499999,12056.4886,429,1.044,5444.3802,0
1775944500000,5214.2,5217.7,5214.2,5217.7,2.225,1775944799999,11604.6455,463,1.657,8642.6898,0
1775944800000,5217.7,5217.7,5214.2,5215.7,3.185,1775945099999,16611.9610,748,2.391,12470.8910,0
1775945100000,5215.7,5215.7,5212.0,5212.2,106.59,1775945399999,555723.7964,757,0.415,2164.0972,0
1775945400000,5212.2,5212.6,5210.9,5212.2,83.455,1775945699999,434914.4701,768,2.080,10841.5725,0
1775945700000,5212.2,5212.2,5205.9,5207.6,267.338,1775945999999,1392500.4507,1074,40.112,208866.9815,0
1775946000000,5207.6,5207.6,5204.0,5204.0,3.656,1775946299999,19030.4100,734,0.109,567.6284,0
1775946300000,5204.0,5208.3,5204.0,5206.1,85.516,1775946599999,445274.9228,744,77.633,404236.0418,0
1775946600000,5206.1,5207.4,5205.3,5207.4,146.003,1775946899999,760179.6682,817,143.944,749461.1063,0
1775946900000,5207.4,5216.8,5205.3,5216.8,1207.266,1775947199999,6289456.6236,1003,1171.167,6101513.3076,0
1775947200000,5216.8,5216.8,5213.5,5213.9,114.595,1775947499999,597627.1320,763,27.276,142241.3914,0
1775947500000,5213.9,5214.7,5212.1,5213.2,17.734,1775947799999,92473.0659,631,15.001,78225.7126,0
1775947800000,5213.2,5216.6,5212.9,5216.6,72.832,1775948099999,379830.5323,633,70.456,367442.7009,0
1775948100000,5216.6,5217.4,5215.1,5216.4,50.148,1775948399999,261603.1985,774,15.918,83038.5880,0
1775948400000,5216.4,5216.7,5215.2,5215.6,291.028,1775948699999,1517900.3192,800,202.784,1057621.1822,0
1775948700000,5215.6,5223.9,5215.6,5223.9,538.082,1775948999999,2807423.3677,863,537.625,2805037.3311,0
1775949000000,5223.9,5224.5,5223.0,5224.4,44.196,1775949299999,230878.8143,641,41.366,216095.0597,0
1775949300000,5224.4,5225.5,5223.4,5225.3,108.396,1775949599999,566353.5908,792,106.763,557823.4327,0
1775949600000,5225.5,5225.7,5223.4,5223.4,47.952,1775949899999,250531.3582,674,4.755,24847.7222,0
1775949900000,5223.4,5225.7,5223.4,5223.8,125.704,1775950199999,656748.4281,688,92.426,482896.8832,0
1775950200000,5223.8,5224.3,5222.6,5223.6,359.31,1775950499999,1876897.9594,736,0.856,4471.6483,0
1775950500000,5223.6,5223.6,5221.3,5223.1,129.736,1775950799999,677523.1608,793,0.832,4345.1933,0
1775950800000,5223.1,5223.7,5222.2,5223.7,3.421,1775951099999,17867.5412,701,2.532,13224.8126,0
1775951100000,5223.7,5224.5,5221.9,5224.0,3.518,1775951399999,18376.8166,845,1.980,10343.2635,0
1775951400000,5224.0,5224.7,5223.5,5224.5,18.869,1775951699999,98573.5338,739,17.259,90163.1364,0
1775951700000,5224.5,5224.7,5222.9,5223.8,244.87,1775951999999,1279070.0217,901,1.049,5480.3156,0
1775952000000,5223.8,5224.7,5216.7,5223.7,3.291,1775952299999,17181.1450,651,0.582,3040.6550,0
1775952300000,5223.7,5223.7,5220.3,5222.6,3.35,1775952599999,17492.5973,636,0,0,0
1775952600000,5222.6,5224.7,5222.6,5224.4,3.261,1775952899999,17035.0185,607,0.004,20.8988,0
1775952900000,5224.4,5224.7,5221.1,5221.7,503.832,1775953199999,2631702.5998,1069,0.167,872.1734,0
1775953200000,5221.7,5226.9,5221.1,5226.9,37.92,1775953499999,197996.8806,657,2.817,14716.5293,0
1775953500000,5226.9,5227.0,5221.1,5224.6,3.546,1775953799999,18530.7411,688,1.265,6611.6736,0
1775953800000,5224.6,5227.2,5224.6,5227.2,3.333,1775954099999,17420.1601,650,2.935,15340.5753,0
1775954100000,5227.2,5229.8,5225.3,5229.8,3.062,1775954399999,16005.0161,673,2.046,10694.9783,0
1775954400000,5229.8,5231.5,5227.4,5227.6,3.181,1775954699999,16636.6958,587,2.704,14143.0638,0
1775954700000,5227.6,5228.7,5225.3,5228.3,3.29,1775954999999,17201.0211,608,0.853,4459.6986,0
1775955000000,5228.3,5228.3,5226.1,5226.6,2.61,1775955299999,13642.7092,485,0,0,0
1775955300000,5226.6,5227.2,5225.3,5225.9,2.506,1775955599999,13097.0985,456,0,0,0
1775955600000,5225.9,5225.9,5222.5,5222.6,2.131,1775955899999,11130.3335,515,0.124,647.6148,0
1775955900000,5222.6,5228.7,5221.1,5223.5,2.401,1775956199999,12544.5135,509,0.402,2100.8625,0
1775956200000,5223.5,5224.9,5223.4,5223.5,2.341,1775956499999,12229.1297,439,0.645,3369.7157,0
1775956500000,5223.5,5225.0,5223.4,5225.0,1.801,1775956799999,9408.8353,309,0.716,3740.9580,0
1775956800000,5225.0,5225.3,5221.1,5225.0,3.126,1775957099999,16330.8071,598,2.440,12747.0692,0
1775957100000,5225.0,5226.3,5221.1,5226.3,3.601,1775957399999,18817.6463,671,1.179,6161.0377,0
1775957400000,5226.3,5230.1,5221.1,5229.4,3.415,1775957699999,17851.9211,672,3.015,15760.8009,0
1775957700000,5229.4,5231.3,5221.1,5231.1,2.908,1775957999999,15203.0644,534,0.728,3807.9345,0
1775958000000,5231.1,5241.7,5221.1,5241.4,3.88,1775958299999,20302.1746,573,2.113,11060.9791,0
1775958300000,5241.4,5243.2,5221.1,5242.6,16.142,1775958599999,84628.6652,577,14.183,74361.1534,0
1775958600000,5242.6,5250.0,5221.1,5246.1,35.459,1775958899999,186001.4317,640,34.009,178393.1368,0
1775958900000,5246.1,5253.6,5221.1,5253.6,24.568,1775959199999,129020.0700,657,23.149,121571.6604,0
1775959200000,5253.6,5258.3,5221.1,5258.3,63.546,1775959499999,334084.1494,675,62.774,330027.1627,0
1775959500000,5258.3,5258.5,5253.5,5253.5,348.875,1775959799999,1833398.4411,797,1.216,6391.1298,0
1775959800000,5253.5,5254.5,5251.2,5253.2,315.811,1775960099999,1658868.3245,779,0.735,3861.1428,0
1775960100000,5253.2,5254.5,5248.6,5248.8,3.119,1775960399999,16377.4783,627,0.018,94.5810,0
1775960400000,5248.8,5254.5,5248.6,5250.0,3.217,1775960699999,16888.4218,577,0.015,78.8175,0
1775960700000,5250.0,5254.5,5249.0,5251.9,3.375,1775960999999,17722.5755,652,0.002,10.5090,0
1775961000000,5251.9,5253.5,5250.2,5252.0,3.461,1775961299999,18177.3856,620,0,0,0
1775961300000,5252.0,5252.6,5250.4,5250.9,3.019,1775961599999,15854.1157,644,0.040,210.0780,0
1775961600000,5250.9,5253.8,5250.3,5252.6,2.808,1775961899999,14747.8110,641,0.734,3855.1948,0
1775961900000,5252.6,5252.8,5241.0,5250.0,844.723,1775962199999,4432178.3369,821,0,0,0
1775962200000,5250.0,5254.5,4987.5,5250.4,987.681,1775962499999,5174876.3667,681,0.103,541.2079,0
1775962500000,5250.4,5250.7,4985.6,5249.1,3015.309,1775962799999,15798698.7132,1105,2.680,14067.4403,0
1775962800000,5249.1,5250.2,5247.6,5250.2,3.473,1775963099999,18229.8209,763,2.332,12241.2778,0
1775963100000,5250.2,5252.1,5247.6,5248.8,3.057,1775963399999,16050.1247,628,1.182,6207.0781,0
1775963400000,5248.8,5252.1,5247.6,5248.8,3.229,1775963699999,16948.8650,603,0.013,68.2573,0
1775963700000,5248.8,5250.0,5247.3,5247.3,3.257,1775963999999,17093.8062,698,0.059,309.7075,0
1775964000000,5247.3,5247.3,5242.6,5243.7,3.477,1775964299999,18235.8448,673,0,0,0
1775964300000,5243.7,5245.3,5243.7,5243.7,3.444,1775964599999,18061.3350,662,0,0,0
1775964600000,5243.7,5252.1,5242.1,5242.1,3.306,1775964899999,17334.0655,650,0.045,236.3325,0
1775964900000,5242.1,5247.7,5241.2,5246.2,3.211,1775965199999,16839.0962,648,0.103,540.3826,0
1775965200000,5246.2,5247.7,5244.3,5246.2,3.39,1775965499999,17783.6245,644,0.001,5.2477,0
1775965500000,5246.2,5246.9,5245.2,5246.5,3.195,1775965799999,16761.2112,604,0,0,0
1775965800000,5246.5,5246.9,5243.0,5243.4,3.217,1775966099999,16874.7929,590,0,0,0
1775966100000,5243.4,5245.7,5241.3,5244.1,2.78,1775966399999,14575.3061,560,0,0,0
1775966400000,5244.1,5252.1,5243.5,5246.8,2.741,1775966699999,14378.6771,541,0.018,94.5246,0
1775966700000,5246.8,5247.4,5245.3,5245.3,3.296,1775966999999,17291.0899,643,0,0,0
1775967000000,5245.3,5245.6,5242.7,5244.1,3.551,1775967299999,18622.3075,674,0,0,0
1775967300000,5244.1,5252.1,5243.4,5244.9,3.412,1775967599999,17895.8387,639,0.001,5.2521,0
1775967600000,5244.9,5245.8,5243.5,5245.8,3.462,1775967899999,18156.4785,639,0,0,0
1775967900000,5245.8,5247.0,5243.4,5244.1,3.301,1775968199999,17313.0615,617,0,0,0
1775968200000,5244.1,5252.1,5243.1,5247.1,3.22,1775968499999,16890.3982,581,0.001,5.2521,0
1775968500000,5247.1,5248.9,5246.7,5247.0,3.458,1775968799999,18148.0741,632,0,0,0
1775968800000,5247.0,5249.4,5244.5,5244.5,3.505,1775969099999,18391.2156,766,0.048,251.9441,0
1775969100000,5244.5,5246.0,5242.5,5243.4,3.478,1775969399999,18239.7669,655,0,0,0
1775969400000,5243.4,5246.1,5242.2,5243.1,3.532,1775969699999,18521.7533,649,0,0,0
1775969700000,5243.1,5243.1,5239.4,5241.7,3.558,1775969999999,18646.9065,713,0,0,0
1775970000000,5241.7,5244.7,5239.7,5243.2,3.536,1775970299999,18537.8120,628,0,0,0
1775970300000,5243.2,5246.6,5242.6,5246.6,3.514,1775970599999,18429.5358,681,0,0,0
1775970600000,5246.6,5247.8,5244.5,5245.6,3.498,1775970899999,18350.1398,647,0,0,0
1775970900000,5245.6,5248.7,5245.6,5246.9,2.751,1775971199999,14433.9824,497,0,0,0
1775971200000,5246.9,5250.0,5246.9,5249.9,2.816,1775971499999,14781.4945,668,0.612,3212.9504,0
1775971500000,5249.9,5250.5,5249.3,5250.2,3.367,1775971799999,17677.0742,830,0.753,3953.4519,0
1775971800000,5250.2,5251.1,5249.9,5250.7,3.178,1775972099999,16685.7574,773,0.697,3659.6440,0
1775972100000,5250.7,5252.2,5250.7,5251.9,3.244,1775972399999,17037.4968,664,1.880,9873.9252,0
1775972400000,5251.9,5253.1,5251.0,5252.5,3.179,1775972699999,16697.0537,684,2.072,10883.0954,0
1775972700000,5252.5,5254.8,5252.1,5254.8,3.127,1775972999999,16426.8125,611,1.497,7865.3544,0
1775973000000,5254.8,5256.8,5244.5,5253.4,3.175,1775973299999,16685.7407,669,1.636,8598.3319,0
1775973300000,5253.4,5255.1,5244.5,5255.1,3.467,1775973599999,18214.2528,734,2.108,11075.4489,0
1775973600000,5255.1,5255.2,5244.5,5249.7,3.503,1775973899999,18403.0349,699,1.417,7445.0931,0
1775973900000,5249.7,5252.1,5244.5,5250.6,3.487,1775974199999,18308.3520,699,1.744,9157.4725,0
1775974200000,5250.6,5251.9,5244.5,5251.7,3.417,1775974499999,17942.3188,670,1.787,9383.7141,0
1775974500000,5251.7,5255.2,5251.5,5253.8,3.509,1775974799999,18435.1186,708,2.148,11284.9318,0
1775974800000,5253.8,5253.8,5252.6,5252.6,3.09,1775975099999,16233.1199,920,1.302,6840.3156,0
1775975100000,5252.6,5253.6,5248.5,5249.0,3.189,1775975399999,16744.1342,712,0.837,4395.0973,0
1775975400000,5249.0,5250.3,5247.8,5249.9,3.042,1775975699999,15968.5427,650,0.865,4540.8409,0
1775975700000,5249.9,5251.8,5248.9,5251.8,3.075,1775975999999,16145.1760,605,2.475,12995.3556,0
1775976000000,5251.8,5252.7,5251.7,5251.7,2.936,1775976299999,15420.0640,640,1.366,7174.6263,0
1775976300000,5251.7,5252.7,5251.5,5251.8,21.514,1775976599999,112996.2556,759,18.744,98448.6706,0
1775976600000,5251.8,5252.3,5250.1,5250.6,3.403,1775976899999,17869.0213,670,0,0,0
1775976900000,5250.6,5252.9,5250.1,5250.1,16.937,1775977199999,88959.0228,736,14.718,77308.0404,0
1775977200000,5250.1,5250.9,5249.9,5250.9,84.955,1775977499999,446054.4953,801,82.123,431185.7892,0
1775977500000,5250.9,5252.2,5250.1,5250.6,3.499,1775977799999,18372.8063,656,1.265,6642.8114,0
1775977800000,5250.6,5252.3,5250.1,5252.3,3.118,1775978099999,16372.2591,646,0.498,2615.1963,0
1775978100000,5252.3,5253.8,5251.0,5253.2,3.26,1775978399999,17123.7650,654,1.894,9948.8481,0
1775978400000,5253.2,5254.8,5253.2,5254.8,43.624,1775978699999,229220.0737,813,42.827,225032.7564,0
1775978700000,5254.8,5256.9,5254.1,5256.9,57.177,1775978999999,300494.1579,850,51.185,269009.0826,0
1775979000000,5256.8,5259.9,5256.6,5259.6,51.511,1775979299999,270854.4312,693,50.516,265622.4861,0
1775979300000,5259.6,5261.1,5259.3,5259.8,92.866,1775979599999,488480.5057,751,57.929,304714.6506,0
1775979600000,5259.8,5262.2,5259.1,5261.8,61.808,1775979899999,325140.0222,746,37.795,198844.4836,0
1775979900000,5261.8,5261.9,5260.3,5260.3,3.35,1775980199999,17624.8983,637,0,0,0
1775980200000,5260.3,5260.7,5258.4,5260.1,3.534,1775980499999,18588.0918,644,0,0,0
1775980500000,5260.1,5261.5,5258.4,5259.1,3.558,1775980799999,18715.6868,654,0,0,0
1775980800000,5260.8,5262.2,5259.1,5261.3,3.126,1775981099999,16446.0557,561,0.139,731.4458,0
1775981100000,5261.3,5262.5,5260.5,5262.1,3.282,1775981399999,17268.1326,612,0.142,747.2540,0
1775981400000,5262.5,5262.5,5260.4,5261.6,3.581,1775981699999,18840.9640,666,0.045,236.8125,0
1775981700000,5261.6,5261.7,5259.8,5260.2,3.482,1775981999999,18317.5418,756,0,0,0
1775982000000,5260.2,5260.2,5258.3,5259.7,3.207,1775982299999,16866.9404,603,0,0,0
1775982300000,5259.7,5259.8,5258.0,5258.5,3.51,1775982599999,18459.1654,677,0,0,0
1775982600000,5258.0,5259.9,5257.7,5259.7,3.501,1775982899999,18410.7907,700,0,0,0
1775982900000,5259.7,5263.1,5259.7,5263.1,46.865,1775983199999,246634.1298,708,43.839,230714.8812,0
1775983200000,5263.1,5263.5,5261.8,5261.8,332.975,1775983499999,1752391.8986,896,9.810,51628.8134,0
1775983500000,5261.8,5261.8,5259.1,5259.9,136.308,1775983799999,717020.3752,803,1.338,7037.7660,0
1775983800000,5259.9,5261.9,5259.1,5261.9,3.628,1775984099999,19085.6523,707,1.776,9343.4180,0
1775984100000,5261.9,5261.9,5258.9,5260.7,26.718,1775984399999,140516.5419,785,2.017,10611.2970,0
1775984400000,5260.7,5260.7,5257.3,5259.3,64.751,1775984699999,340504.6615,716,33.983,178715.3184,0
1775984700000,5259.3,5260.8,5257.3,5257.4,45.214,1775984999999,237828.3439,680,36.614,192596.2708,0
1775985000000,5257.4,5259.9,5257.0,5257.0,2.95,1775985299999,15511.1797,552,0,0,0
1775985300000,5257.0,5258.3,5256.8,5256.8,3.048,1775985599999,16024.1348,619,0,0,0
1775985600000,5256.8,5257.0,5255.7,5255.7,3.121,1775985899999,16405.2815,669,0,0,0
1775985900000,5255.7,5258.8,5255.7,5257.5,3.337,1775986199999,17543.5147,672,0,0,0
1775986200000,5257.5,5257.5,5254.6,5257.4,3.301,1775986499999,17349.7740,646,0,0,0
1775986500000,5257.4,5257.7,5256.5,5256.8,3.261,1775986799999,17143.4036,597,0,0,0
1775986800000,5256.8,5258.2,5254.6,5257.2,3.598,1775987099999,18915.2276,646,0,0,0
1775987100000,5257.2,5257.2,5253.8,5254.6,3.487,1775987399999,18326.2830,646,0,0,0
1775987400000,5254.6,5254.6,5250.6,5250.8,3.507,1775987699999,18420.3184,677,0,0,0
1775987700000,5250.8,5253.0,5250.4,5250.4,3.65,1775987999999,19166.8365,721,0,0,0
1775988000000,5250.4,5260.8,5248.5,5248.5,3.58,1775988299999,18795.4275,636,0.189,994.2912,0
1775988300000,5248.5,5249.8,5248.5,5248.9,3.596,1775988599999,18875.2381,702,0,0,0
1775988600000,5248.9,5249.2,5248.5,5248.8,4.972,1775988899999,26096.6130,668,0,0,0
1775988900000,5248.8,5248.8,5248.5,5248.6,3.349,1775989199999,17577.7491,913,0,0,0
1775989200000,5248.6,5248.6,5245.3,5245.3,3.616,1775989499999,18971.8315,805,0,0,0
1775989500000,5245.3,5260.8,5242.8,5242.8,4.93,1775989799999,25880.1615,766,1.555,8180.5440,0
1775989800000,5242.7,5245.2,5242.4,5243.3,3.122,1775990099999,16368.4817,586,0,0,0
1775990100000,5243.3,5246.3,5242.5,5242.6,2.607,1775990399999,13668.9445,506,0,0,0
1775990400000,5242.6,5243.9,5241.8,5241.8,2.956,1775990699999,15497.1540,565,0,0,0
1775990700000,5241.8,5243.3,5241.3,5242.3,3.239,1775990999999,16979.5805,603,0,0,0
1775991000000,5242.3,5256.2,5241.4,5254.9,3.008,1775991299999,15775.1673,601,0,0,0
1775991300000,5254.9,5258.2,5253.5,5254.4,3.113,1775991599999,16361.4404,624,0.062,325.8898,0
1775991600000,5254.4,5258.0,5254.3,5255.5,3.235,1775991899999,17001.4267,665,0.004,21.0256,0
1775991900000,5255.6,5258.7,5254.3,5256.2,3.153,1775992199999,16570.7988,598,0,0,0
1775992200000,5256.2,5256.9,5253.4,5253.4,3.214,1775992499999,16890.6451,640,0,0,0
1775992500000,5253.5,5253.5,5248.5,5249.6,3.421,1775992799999,17964.4887,656,0,0,0
1775992800000,5249.6,5260.8,5249.5,5252.2,7.821,1775993099999,41112.4628,610,4.558,23978.7264,0
1775993100000,5252.2,5252.7,5249.6,5250.3,3.579,1775993399999,18793.9735,677,0,0,0
1775993400000,5250.3,5251.9,5247.9,5247.9,3.824,1775993699999,20076.8184,685,0,0,0
1775993700000,5247.9,5247.9,5246.4,5246.4,3.396,1775993999999,17819.8235,713,0,0,0
1775994000000,5246.4,5247.1,5245.6,5245.6,3.165,1775994299999,16604.3599,679,0,0,0
1775994300000,5245.6,5246.1,5245.4,5245.4,3.045,1775994599999,15972.5943,581,0,0,0
1775994600000,5245.4,5245.6,5245.0,5245.2,3.09,1775994899999,16207.7382,629,0,0,0
1775994900000,5245.2,5245.3,5244.0,5244.0,3.177,1775995199999,16662.3467,600,0,0,0
1775995200000,5244.0,5260.8,5242.3,5243.9,4.949,1775995499999,25966.7580,555,1.048,5513.3184,0
1775995500000,5243.8,5260.8,5242.1,5242.1,2.926,1775995799999,15341.7508,551,0.038,199.9104,0
1775995800000,5242.1,5243.0,5240.5,5241.8,3.149,1775996099999,16505.3653,605,0,0,0
1775996100000,5241.8,5244.7,5241.7,5244.6,3.059,1775996399999,16037.5709,562,0,0,0
1775996400000,5244.6,5245.0,5243.6,5244.8,3.215,1775996699999,16861.4938,648,0,0,0
1775996700000,5244.8,5260.8,5172.8,5242.7,2644.227,1775996999999,13853598.0672,1008,0.535,2814.2100,0
1775997000000,5242.7,5246.3,5241.7,5244.5,3.588,1775997299999,18813.5223,743,0,0,0
1775997300000,5244.5,5245.4,5242.0,5242.4,3.272,1775997599999,17155.9375,669,0,0,0
1775997600000,5242.4,5260.9,5240.0,5240.0,409.015,1775997899999,2143944.0519,831,0.099,520.8212,0
1775997900000,5240.0,5242.7,5238.5,5238.5,3.381,1775998199999,17716.7401,707,0,0,0
1775998200000,5238.5,5242.4,5236.8,5238.5,3.327,1775998499999,17429.2185,655,0,0,0
1775998500000,5238.5,5239.5,5238.5,5238.9,3.11,1775998799999,16292.9500,599,0,0,0
1775998800000,5238.9,5239.3,5229.6,5233.6,812.63,1775999099999,4251990.4616,743,0,0,0
1775999100000,5233.6,5237.0,5233.4,5237.0,3.165,1775999399999,16569.3988,591,0,0,0
1775999400000,5237.0,5239.0,5234.8,5236.7,3.256,1775999699999,17049.7589,619,0,0,0
1775999700000,5236.7,5236.7,5233.3,5234.6,3.485,1775999999999,18244.7420,719,0,0,0
1776000000000,5234.6,5234.7,5233.4,5234.7,3.384,1776000299999,17712.4255,604,0,0,0
1776000300000,5234.7,5260.9,5232.1,5233.6,3.171,1776000599999,16595.6596,630,0.038,199.9142,0
1776000600000,5233.6,5237.1,5233.6,5235.0,3.329,1776000899999,17428.5528,674,0,0,0
1776000900000,5235.0,5236.9,5234.0,5236.7,3.245,1776001199999,16988.7937,641,0,0,0
1776001200000,5236.7,5237.2,5234.1,5234.1,3.008,1776001499999,15747.8362,564,0,0,0
1776001500000,5234.1,5237.3,5234.1,5235.3,3.309,1776001799999,17323.4489,597,0,0,0
1776001800000,5235.4,5240.3,5234.0,5240.3,7.44,1776002099999,38954.1976,595,0,0,0
1776002100000,5240.3,5240.4,5238.1,5238.1,3.325,1776002399999,17420.6644,592,0,0,0
1776002400000,5238.1,5260.9,5237.4,5239.9,3.239,1776002699999,16971.6884,596,0.019,99.9571,0
1776002700000,5239.9,5241.2,5239.5,5239.5,2.929,1776002999999,15348.0193,543,0,0,0
1776003000000,5239.5,5242.2,5239.5,5241.9,3.115,1776003299999,16325.5680,570,0,0,0
1776003300000,5241.9,5243.7,5240.6,5241.0,3.29,1776003599999,17246.8442,603,0,0,0
1776003600000,5241.0,5242.7,5239.6,5241.2,2.966,1776003899999,15542.9911,570,0,0,0
1776003900000,5241.2,5241.2,5239.8,5240.6,3.371,1776004199999,17665.9335,606,0,0,0
1776004200000,5240.6,5246.6,5234.0,5246.6,3.408,1776004499999,17869.5520,627,0,0,0
1776004500000,5246.6,5246.6,5243.5,5243.5,3.171,1776004799999,16631.0223,605,0,0,0
1776004800000,5243.5,5246.5,5242.3,5246.4,3.152,1776005099999,16530.2519,573,0,0,0
1776005100000,5246.4,5246.4,5241.2,5243.7,3.264,1776005399999,17116.4291,586,0,0,0
1776005400000,5243.7,5245.5,5239.9,5241.1,3.208,1776005699999,16817.7628,584,0,0,0
1776005700000,5241.1,5241.5,5237.6,5237.8,2.942,1776005999999,15411.7922,547,0,0,0
1776006000000,5237.8,5240.6,5237.7,5240.6,2.03,1776006299999,10637.1530,399,0,0,0
1776006300000,5240.6,5240.6,5238.5,5238.5,2.166,1776006599999,11348.7639,410,0,0,0
1776006600000,5238.5,5242.7,5237.7,5242.4,2.138,1776006899999,11201.1309,387,0,0,0
1776006900000,5242.0,5243.6,5241.5,5243.6,2.224,1776007199999,11659.9380,411,0,0,0
1776007200000,5243.6,5243.6,5241.7,5242.0,1.97,1776007499999,10328.6171,358,0,0,0
1776007500000,5242.0,5242.5,5241.3,5242.4,2.368,1776007799999,12412.5772,428,0,0,0
1776007800000,5242.4,5242.7,5239.2,5242.4,1.606,1776008099999,8418.3431,309,0,0,0
1776008100000,5242.4,5243.6,5234.0,5243.6,4.208,1776008399999,22050.3338,620,0,0,0
1776008400000,5243.6,5243.7,5240.5,5242.7,3.196,1776008699999,16753.4363,594,0,0,0
1776008700000,5242.7,5243.4,5242.1,5242.2,3.2,1776008999999,16776.1633,593,0,0,0
1776009000000,5242.2,5242.9,5239.0,5240.7,3.119,1776009299999,16347.5080,585,0,0,0
1776009300000,5240.7,5241.7,5239.5,5240.0,3.199,1776009599999,16763.7086,599,0,0,0
1776009600000,5240.6,5260.9,5234.0,5240.4,4.044,1776009899999,21214.8821,569,0.952,5008.3768,0
1776009900000,5240.4,5241.4,5240.4,5240.6,3.263,1776010199999,17101.2547,620,0,0,0
1776010200000,5240.6,5240.6,5238.9,5238.9,3.232,1776010499999,16935.0719,583,0,0,0
1776010500000,5238.9,5240.2,5238.8,5240.1,3.287,1776010799999,17222.1834,620,0,0,0
1776010800000,5240.1,5240.3,5239.8,5239.9,3.183,1776011099999,16678.9646,779,0.508,2662.0442,0
1776011100000,5239.9,5240.9,5239.9,5239.9,3.204,1776011399999,16789.3142,671,0.466,2442.0800,0
1776011400000,5239.9,5240.5,5239.9,5240.0,3.248,1776011699999,17019.4109,598,0,0,0
1776011700000,5240.0,5241.3,5240.0,5240.4,3.354,1776011999999,17576.1218,657,0.124,649.9192,0
1776012000000,5240.4,5240.6,5239.0,5239.0,3.321,1776012299999,17402.1133,740,0,0,0
1776012300000,5239.0,5240.5,5239.0,5240.4,3.319,1776012599999,17391.9845,599,0,0,0
1776012600000,5240.4,5240.4,5236.5,5236.5,2.871,1776012899999,15037.7209,722,0,0,0
1776012900000,5236.5,5237.9,5236.5,5237.7,3.282,1776013199999,17188.5226,673,0,0,0
1776013200000,5237.7,5238.0,5234.0,5235.6,3.145,1776013499999,16470.9221,567,0,0,0
1776013500000,5235.6,5236.2,5234.0,5235.6,3.398,1776013799999,17790.9319,614,0,0,0
1776013800000,5235.6,5237.4,5235.6,5237.4,3.224,1776014099999,16882.6689,597,0,0,0
1776014100000,5237.4,5237.4,5234.1,5234.7,3.368,1776014399999,17634.9404,618,0,0,0
1776014400000,5234.7,5235.0,5233.5,5235.0,3.373,1776014699999,17655.7151,778,0.903,4727.0429,0
1776014700000,5235.0,5236.8,5235.0,5236.1,3.507,1776014999999,18362.3277,787,1.249,6539.4580,0
1776015000000,5236.1,5236.1,5230.2,5231.0,3.471,1776015299999,18162.5872,752,0,0,0
1776015300000,5231.0,5260.9,5230.9,5231.8,18.588,1776015599999,97255.1437,714,0.889,4652.6125,0
1776015600000,5231.8,5232.8,5231.5,5232.3,130.889,1776015899999,684788.9771,940,84.063,439809.2417,0
1776015900000,5232.3,5233.6,5232.3,5232.4,81.132,1776016199999,424550.9718,829,71.551,374419.0097,0
1776016200000,5232.4,5232.6,5227.6,5227.7,39.446,1776016499999,206392.7657,685,37.092,194083.0629,0
1776016500000,5227.7,5228.5,5226.8,5228.1,3.223,1776016799999,16848.6998,699,0,0,0
1776016800000,5228.1,5228.4,4966.4,5226.9,2715.84,1776017099999,14180071.0634,882,0,0,0
1776017100000,5226.9,5228.8,5225.3,5228.8,3.336,1776017399999,17435.6233,702,0,0,0
1776017400000,5228.8,5230.1,5226.4,5228.8,3.08,1776017699999,16103.6523,583,0,0,0
1776017700000,5226.4,5229.0,5226.0,5226.7,7.747,1776017999999,40492.6083,585,0,0,0
1776018000000,5226.7,5228.7,5226.7,5228.7,3.524,1776018299999,18421.2849,680,0,0,0
1776018300000,5228.7,5229.6,5228.1,5228.5,3.519,1776018599999,18398.7763,632,0,0,0
1776018600000,5228.5,5232.6,5228.1,5228.6,3.642,1776018899999,19042.9587,700,0.096,502.3296,0
1776018900000,5228.6,5229.3,5226.4,5226.4,3.613,1776019199999,18889.2769,723,0.030,156.8778,0
1776019200000,5226.4,5230.0,5226.4,5229.9,3.491,1776019499999,18252.3620,633,0.004,20.9172,0
1776019500000,5229.9,5231.6,5229.9,5231.5,3.414,1776019799999,17857.0695,650,0,0,0
1776019800000,5231.5,5233.0,5231.4,5231.4,9.383,1776020099999,49096.5201,634,6.417,33577.7110,0
1776020100000,5231.4,5233.1,5231.4,5232.0,3.382,1776020399999,17695.2662,726,0.089,465.7457,0
1776020400000,5232.0,5233.6,5231.9,5232.4,90.798,1776020699999,475168.8379,677,87.670,458801.1269,0
1776020700000,5232.2,5232.4,5230.5,5230.5,3.436,1776020999999,17975.1404,706,0.025,130.8100,0
1776021000000,5230.5,5231.5,5229.9,5230.8,3.28,1776021299999,17156.8867,608,0,0,0
1776021300000,5230.8,5232.7,5230.7,5231.7,3.378,1776021599999,17671.6217,629,0.014,73.2551,0
1776021600000,5231.7,5233.0,5230.7,5230.9,3.237,1776021899999,16935.7645,663,0.040,209.3193,0
1776021900000,5230.9,5232.7,5230.9,5231.8,3.515,1776022199999,18390.1783,636,0,0,0
1776022200000,5231.8,5231.8,5230.3,5230.3,3.202,1776022499999,16750.1231,627,0.004,20.9244,0
1776022500000,5230.3,5231.2,5229.9,5231.2,7.532,1776022799999,39393.6184,851,0.357,1867.5380,0
1776022800000,5231.2,5231.2,5230.4,5230.9,3.283,1776023099999,17173.0187,601,0.015,78.4680,0
1776023100000,5230.9,5232.3,5230.5,5231.9,3.324,1776023399999,17389.5854,708,0.342,1789.1657,0
1776023400000,5231.9,5233.7,5231.9,5232.8,3.485,1776023699999,18237.2956,715,0.629,3291.7685,0
1776023700000,5232.8,5233.2,5229.9,5231.9,15.95,1776023999999,83449.1044,671,9.897,51788.4412,0
1776024000000,5231.7,5231.9,5229.9,5231.8,3.428,1776024299999,17934.1905,719,0.724,3787.7992,0
1776024300000,5231.8,5233.4,5231.7,5232.8,3.509,1776024599999,18360.6709,835,2.053,10741.9650,0
1776024600000,5232.8,5234.5,5232.8,5234.3,3.405,1776024899999,17820.9888,924,1.937,10137.8772,0
1776024900000,5234.3,5234.5,5233.3,5234.4,3.358,1776025199999,17575.9126,718,2.547,13331.4322,0
1776025200000,5234.4,5234.4,5233.0,5233.4,3.621,1776025499999,18951.7452,775,0.342,1790.1648,0
1776025500000,5233.4,5234.4,5232.8,5233.2,3.686,1776025799999,19290.3836,686,0.031,162.2664,0
1776025800000,5233.2,5234.3,5232.6,5232.6,3.19,1776026099999,16695.2402,649,0,0,0
1776026100000,5232.6,5232.6,5228.4,5228.5,3.488,1776026399999,18243.2133,695,0,0,0
1776026400000,5228.5,5229.0,5222.0,5222.0,3.137,1776026699999,16397.1810,682,0,0,0
1776026700000,5222.0,5224.4,5221.3,5223.1,3.087,1776026999999,16122.9457,611,0,0,0
1776027000000,5223.7,5224.8,5223.2,5224.8,2.845,1776027299999,14861.6167,544,0,0,0
1776027300000,5224.8,5225.8,5221.8,5221.9,2.971,1776027599999,15519.7563,563,0,0,0
1776027600000,5221.9,5225.7,5221.4,5225.6,3.319,1776027899999,17336.3784,674,0,0,0
1776027900000,5225.6,5234.4,5224.9,5225.8,3.353,1776028199999,17524.8966,633,0.019,99.4536,0
1776028200000,5225.8,5226.2,5224.9,5224.9,3.327,1776028499999,17385.4434,757,0,0,0
1776028500000,5224.9,5225.9,5224.5,5225.7,3.301,1776028799999,17248.2588,622,0,0,0
1776028800000,5225.7,5227.3,5225.4,5225.4,3.411,1776029099999,17827.1890,741,0.175,914.6900,0
1776029100000,5225.4,5227.9,5225.4,5227.1,3.411,1776029399999,17828.5584,845,0.508,2655.3609,0
1776029400000,5227.1,5228.1,5226.4,5227.2,314.245,1776029699999,1642577.2585,766,179.586,938702.9893,0
1776029700000,5227.2,5229.8,5226.4,5226.4,220.108,1776029999999,1150786.9369,809,217.247,1135829.3817,0
1776030000000,5226.4,5227.0,5225.0,5227.0,3.401,1776030299999,17773.3675,660,0,0,0
1776030300000,5227.0,5227.2,5224.5,5224.5,3.344,1776030599999,17474.2619,664,0,0,0
1776030600000,5225.5,5227.0,5224.5,5226.8,3.325,1776030899999,17376.7057,640,0,0,0
1776030900000,5226.8,5227.7,5225.3,5227.3,3.394,1776031199999,17738.8024,809,0,0,0
1776031200000,5227.3,5231.6,5226.5,5228.6,171.065,1776031499999,894728.6650,637,168.783,882796.2077,0
1776031500000,5228.7,5230.6,5226.5,5228.1,3.864,1776031799999,20203.2898,605,0.601,3142.0575,0
1776031800000,5228.1,5229.2,5226.8,5228.1,146.144,1776032099999,764009.4515,695,10.644,55649.3922,0
1776032100000,5228.1,5230.1,5227.7,5229.5,3.257,1776032399999,17031.1874,646,2.103,10997.0363,0
1776032400000,5229.5,5230.6,5227.0,5227.0,3.143,1776032699999,16433.6157,896,0.881,4607.5245,0
1776032700000,5227.0,5228.6,5227.0,5228.6,3.264,1776032999999,17062.8381,721,0,0,0
1776033000000,5228.6,5231.2,5226.8,5230.3,3.245,1776033299999,16970.6329,663,0.994,5199.5961,0
1776033300000,5230.3,5230.6,5225.1,5225.1,47.531,1776033599999,248410.4204,837,0.926,4841.5660,0
1776033600000,5225.1,5226.3,5224.0,5226.2,199.069,1776033899999,1040193.9470,771,103.789,542369.3235,0
1776033900000,5226.2,5228.6,5224.0,5228.6,56.656,1776034199999,296129.9872,725,55.019,287576.0384,0
1776034200000,5228.6,5228.6,5226.2,5228.4,238.072,1776034499999,1244412.7119,815,2.430,12703.4540,0
1776034500000,5228.4,5228.9,5227.5,5227.9,3.566,1776034799999,18642.8669,690,1.959,10242.0016,0
1776034800000,5227.9,5228.5,5227.0,5228.1,3.291,1776035099999,17205.3444,761,1.283,6707.4708,0
1776035100000,5228.1,5228.5,5226.2,5226.2,3.416,1776035399999,17858.8581,894,0.753,3937.0059,0
1776035400000,5226.2,5228.1,5226.2,5226.9,48.623,1776035699999,254158.1389,696,20.815,108806.7129,0
1776035700000,5226.9,5226.9,5224.5,5224.5,146.87,1776035999999,767564.8359,868,0.394,2059.3986,0
1776036000000,5224.5,5225.5,5224.4,5225.5,7.176,1776036299999,37491.3038,807,1.276,6667.0842,0
1776036300000,5225.5,5225.7,5224.8,5225.5,2.953,1776036599999,15430.9122,562,1.909,9975.7123,0
1776036600000,5225.3,5225.7,5224.7,5224.8,3.062,1776036899999,15998.5523,553,0.025,130.6425,0
1776036900000,5224.8,5225.3,5224.5,5224.9,3.223,1776037199999,16839.8117,639,0,0,0
1776037200000,5224.9,5225.3,5224.8,5225.2,3.39,1776037499999,17713.3389,617,0,0,0
1776037500000,5225.2,5227.5,5225.0,5227.2,3.504,1776037799999,18313.0208,712,1.425,7447.9543,0
1776037800000,5227.2,5227.7,5224.4,5227.7,3.37,1776038099999,17614.7423,627,0.160,836.4295,0
1776038100000,5227.7,5229.9,5227.7,5229.9,3.503,1776038399999,18317.7256,789,1.646,8607.1215,0
1776038400000,5228.9,5231.3,5224.4,5225.4,3.711,1776038699999,19399.5866,585,0.476,2489.8056,0
1776038700000,5225.4,5231.3,5224.4,5231.2,3.335,1776038999999,17437.2162,596,0.511,2673.1943,0
1776039000000,5231.2,5231.2,5229.0,5230.6,3.207,1776039299999,16774.5285,612,1.340,7009.1561,0
1776039300000,5230.6,5231.5,5229.1,5229.2,3.272,1776039599999,17114.2724,646,2.074,10849.1444,0
1776039600000,5229.2,5231.3,5229.2,5230.5,3.066,1776039899999,16036.3069,626,1.911,9995.0830,0
1776039900000,5230.5,5230.5,5228.1,5228.9,2.863,1776040199999,14971.3254,575,1.455,7609.1117,0
1776040200000,5228.9,5229.8,5226.6,5228.7,3.086,1776040499999,16134.3229,572,0.797,4167.5281,0
1776040500000,5228.7,5232.7,5228.7,5232.7,3.468,1776040799999,18143.0750,636,3.034,15872.5730,0
1776040800000,5232.7,5236.3,5232.5,5235.2,3.446,1776041099999,18038.7794,654,1.955,10232.7503,0
1776041100000,5235.2,5235.2,5234.2,5234.2,3.423,1776041399999,17919.1292,598,1.079,5648.6787,0
1776041400000,5234.2,5235.0,5231.2,5232.8,3.086,1776041699999,16151.2307,680,1.175,6150.2640,0
1776041700000,5232.8,5232.8,5229.8,5231.5,3.161,1776041999999,16534.9932,822,1.104,5776.1890,0
1776042000000,5231.5,5231.5,5227.3,5228.4,3.397,1776042299999,17760.6957,906,1.116,5834.5313,0
1776042300000,5228.4,5229.2,5228.4,5229.1,3.38,1776042599999,17673.9563,604,2.486,12999.2291,0
1776042600000,5229.1,5229.1,5226.6,5228.6,3.237,1776042899999,16923.1200,689,1.118,5845.1489,0
1776042900000,5228.6,5229.1,5228.0,5228.0,3.271,1776043199999,17101.3671,633,0.502,2624.8639,0
1776043200000,5228.0,5228.1,5227.7,5227.7,3.125,1776043499999,16337.4192,606,0,0,0
1776043500000,5227.7,5229.1,5226.6,5226.9,3.617,1776043799999,18909.2658,629,0.005,26.1455,0
1776043800000,5226.9,5228.3,5225.3,5225.3,3.139,1776044099999,16407.2256,683,0,0,0
1776044100000,5225.3,5225.3,5224.8,5225.3,3.225,1776044399999,16850.5400,971,0,0,0
1776044400000,5225.3,5226.7,5224.8,5224.8,3.464,1776044699999,18100.7728,782,0,0,0
1776044700000,5224.8,5224.9,5224.8,5224.8,3.159,1776044999999,16505.1452,1058,0,0,0
1776045000000,5224.8,5224.8,5224.7,5224.7,3.117,1776045299999,16285.6953,769,0,0,0
1776045300000,5224.7,5224.9,5224.5,5224.5,3.4,1776045599999,17763.6212,1011,0,0,0
1776045600000,5224.5,5224.9,5223.5,5224.3,3.173,1776045899999,16576.6289,751,0.101,527.7137,0
1776045900000,5224.3,5227.3,5224.1,5227.3,3.011,1776046199999,15734.5551,804,0.504,2634.3935,0
1776046200000,5227.3,5229.0,5226.1,5228.2,2.989,1776046499999,15625.3801,785,0.346,1808.7512,0
1776046500000,5228.2,5229.9,5227.9,5229.9,59.297,1776046799999,310080.8573,611,45.451,237679.4225,0
1776046800000,5229.9,5230.9,5229.9,5230.9,47.011,1776047099999,245877.9503,789,46.853,245051.5945,0
1776047100000,5230.9,5230.9,5228.9,5230.3,3.435,1776047399999,17965.4059,694,0.247,1292.0323,0
1776047400000,5230.3,5232.4,5229.8,5232.4,23.016,1776047699999,120404.8802,757,21.940,114777.0565,0
1776047700000,5232.4,5234.5,5232.4,5234.3,98.191,1776047999999,513890.7141,962,97.864,512179.3174,0
1776048000000,5234.4,5236.9,5234.2,5236.7,71.143,1776048299999,372454.0416,718,70.125,367124.6262,0
1776048300000,5236.7,5236.8,5235.4,5236.8,42.037,1776048599999,220102.5708,747,12.561,65769.8285,0
1776048600000,5236.8,5239.1,5236.4,5239.1,140.876,1776048899999,737869.6105,818,127.708,668916.5924,0
1776048900000,5239.1,5240.6,5239.1,5240.0,111.508,1776049199999,584264.8698,735,94.720,496295.5049,0
1776049200000,5240.0,5240.7,5239.8,5240.7,69.372,1776049499999,363501.5614,749,1.532,8028.1639,0
1776049500000,5240.7,5242.6,5240.7,5242.5,3.424,1776049799999,17948.8761,665,2.105,11034.6981,0
1776049800000,5242.5,5242.6,5241.7,5242.5,3.083,1776050099999,16162.2271,569,2.186,11459.9009,0
1776050100000,5242.5,5243.7,5242.5,5243.7,2.721,1776050399999,14266.2540,637,2.191,11487.2200,0
1776050400000,5243.7,5243.8,5243.1,5243.8,2.808,1776050699999,14724.2742,560,2.434,12763.1804,0
1776050700000,5243.8,5243.8,5238.5,5238.5,200.762,1776050999999,1051838.4471,791,0.724,3796.1618,0
1776051000000,5238.5,5238.5,5237.0,5237.7,85.631,1776051299999,448528.1711,567,35.599,186453.3415,0
1776051300000,5237.7,5237.7,5234.9,5234.9,612.608,1776051599999,3208167.6006,970,0.354,1854.1458,0
1776051600000,5234.9,5235.9,5234.2,5234.2,57.847,1776051899999,302804.0584,555,0.768,4020.7442,0
1776051900000,5234.2,5234.2,5233.3,5234.1,98.71,1776052199999,516639.7852,584,36.888,193073.4297,0
1776052200000,5234.1,5234.5,5234.0,5234.3,51.196,1776052499999,267970.4357,444,50.244,262987.4923,0
1776052500000,5234.3,5235.4,5234.0,5235.4,19.741,1776052799999,103339.4300,537,18.970,99303.8887,0
1776052800000,5235.4,5235.6,5234.8,5235.6,58.5,1776053099999,306253.9581,324,57.685,301987.5464,0
1776053100000,5235.6,5237.7,5235.6,5237.6,179.807,1776053399999,941536.7768,589,179.241,938572.8154,0
1776053400000,5237.6,5237.7,5236.4,5236.4,40.583,1776053699999,212530.5144,836,0.593,3105.9561,0
1776053700000,5236.4,5237.7,5236.3,5237.7,168.608,1776053999999,882997.6313,727,164.888,863518.2785,0
1776054000000,5237.7,5237.7,5237.0,5237.3,14.407,1776054299999,75452.9576,646,1.977,10354.6365,0
1776054300000,5237.3,5237.7,5237.3,5237.6,31.541,1776054599999,165196.1474,717,1.253,6562.7333,0
1776054600000,5237.6,5240.6,5237.6,5239.3,202.274,1776054899999,1059546.1712,917,201.627,1056157.0942,0
1776054900000,5239.3,5239.8,5239.3,5239.8,17.092,1776055199999,89552.7993,518,15.898,83296.7744,0
1776055200000,5239.8,5239.8,5237.1,5237.3,501.903,1776055499999,2629423.1596,950,20.039,105000.2401,0
1776055500000,5237.3,5237.4,5235.9,5237.0,51.178,1776055799999,268023.2196,804,2.478,12976.9983,0
1776055800000,5237.0,5242.2,5236.1,5240.6,3.457,1776056099999,18109.5249,875,2.310,12100.6601,0
1776056100000,5240.6,5240.6,5238.1,5240.5,3.455,1776056399999,18102.5769,729,1.879,9845.5203,0
1776056400000,5240.5,5240.5,5237.6,5238.0,3.379,1776056699999,17702.1217,641,1.306,6842.1655,0
1776056700000,5238.0,5238.3,5236.6,5238.2,7.342,1776056999999,38455.5500,680,0.934,4892.1366,0
1776057000000,5237.9,5238.4,5237.9,5238.4,25.768,1776057299999,134973.7250,595,24.976,130825.2523,0
1776057300000,5238.4,5240.6,5238.4,5240.5,80.419,1776057599999,421329.0749,922,80.335,420888.8729,0
1776057600000,5240.5,5240.6,5237.3,5237.3,654.028,1776057899999,3426370.2898,803,1.237,6482.5230,0
1776057900000,5237.3,5237.3,5236.0,5236.5,98.981,1776058199999,518333.5230,815,0.476,2492.6882,0
1776058200000,5236.5,5236.7,5235.6,5235.9,96.147,1776058499999,503397.5791,834,1.009,5283.1968,0
1776058500000,5235.9,5235.9,5235.4,5235.6,141.605,1776058799999,741380.7840,615,1.140,5968.5814,0
1776058800000,5235.6,5235.7,5233.0,5233.1,324.196,1776059099999,1696926.8057,900,31.712,166028.7870,0
1776059100000,5233.1,5233.1,5232.3,5232.7,150.442,1776059399999,787249.8720,972,1.212,6342.3761,0
1776059400000,5232.7,5233.5,5231.0,5231.0,65.91,1776059699999,344909.1166,954,64.371,336857.2982,0
1776059700000,5231.0,5231.2,5227.4,5229.8,2.916,1776059999999,15249.9795,626,0.048,251.0976,0
1776060000000,5229.8,5229.8,5226.0,5226.0,2.823,1776060299999,14757.9237,520,0,0,0
1776060300000,5226.0,5227.1,5224.0,5226.2,3.27,1776060599999,17087.5608,607,0,0,0
1776060600000,5226.2,5227.0,5226.0,5226.0,3.331,1776060899999,17408.2985,619,0,0,0
1776060900000,5226.0,5226.5,5223.2,5223.2,3.154,1776061199999,16482.0533,606,0,0,0
1776061200000,5222.9,5222.9,5222.0,5222.0,3.443,1776061499999,17980.2958,692,0.013,67.8977,0
1776061500000,5222.0,5222.4,5221.9,5221.9,3.441,1776061799999,17969.1601,785,0.166,866.8944,0
1776061800000,5221.9,5224.0,5221.8,5222.1,3.352,1776062099999,17505.8858,764,0.166,867.1019,0
1776062100000,5222.1,5228.1,5222.1,5225.0,3.202,1776062399999,16728.5894,739,0.565,2952.4495,0
1776062400000,5225.0,5226.9,5223.8,5225.9,3.446,1776062699999,18006.2903,718,0,0,0
1776062700000,5225.5,5226.3,5223.0,5224.6,3.43,1776062999999,17920.6240,790,0,0,0
1776063000000,5224.6,5224.6,5222.2,5222.2,3.17,1776063299999,16557.3294,640,0,0,0
1776063300000,5222.2,5223.4,5222.0,5223.0,3.261,1776063599999,17030.9387,654,0,0,0
1776063600000,5223.0,5233.5,5222.0,5222.6,3.174,1776063899999,16576.8372,577,0.016,83.7360,0
1776063900000,5222.6,5224.8,5222.5,5224.8,3.128,1776064199999,16338.6704,624,0,0,0
1776064200000,5224.8,5225.4,5223.7,5224.1,3.17,1776064499999,16562.3486,643,0,0,0
1776064500000,5223.7,5226.9,5223.2,5226.4,2.673,1776064799999,13966.5579,505,0,0,0
1776064800000,5226.4,5227.2,5225.6,5227.1,2.752,1776065099999,14383.5807,546,0,0,0
1776065100000,5227.1,5227.8,5225.9,5225.9,3.242,1776065399999,16944.4974,599,0,0,0
1776065400000,5225.9,5226.1,5224.7,5225.5,3.458,1776065699999,18069.8148,648,0,0,0
1776065700000,5225.5,5227.2,5225.5,5227.2,3.215,1776065999999,16802.6312,603,0,0,0
1776066000000,5227.2,5228.9,5226.7,5226.7,3.459,1776066299999,18083.6783,743,0.011,57.5179,0
1776066300000,5226.7,5228.6,5225.0,5225.6,3.419,1776066599999,17871.0661,874,0.367,1918.6853,0
1776066600000,5225.6,5233.5,5225.0,5227.1,3.367,1776066899999,17597.9379,640,0.016,83.7026,0
1776066900000,5227.1,5233.0,5227.1,5233.0,3.44,1776067199999,17990.5186,628,0,0,0
1776067200000,5233.5,5234.3,5069.3,5230.5,977.964,1776067499999,5105924.4520,899,1.313,6871.7758,0
1776067500000,5230.5,5232.0,5228.8,5228.8,3.448,1776067799999,18034.1127,686,0,0,0
1776067800000,5228.8,5231.2,5228.6,5231.2,3.686,1776068099999,19275.5282,651,0.327,1710.4849,0
1776068100000,5231.2,5234.4,5231.2,5231.7,271.068,1776068399999,1418453.4393,895,1.352,7074.3066,0
1776068400000,5231.7,5232.6,5230.9,5232.6,5.61,1776068699999,29347.9178,636,1.474,7711.9391,0
1776068700000,5232.6,5233.1,5229.7,5230.3,176.451,1776068999999,922939.6670,611,11.948,62493.1859,0
1776069000000,5230.3,5232.9,5230.3,5230.6,153.26,1776069299999,801830.5250,616,74.762,391159.5936,0
1776069300000,5230.6,5230.8,5229.9,5230.8,27.782,1776069599999,145314.5116,663,25.369,132693.6993,0
1776069600000,5230.8,5231.7,5227.0,5227.0,386.142,1776069899999,2019417.8241,805,37.765,197557.8647,0
1776069900000,5227.0,5227.5,5225.1,5225.1,140.914,1776070199999,736495.7142,724,0.220,1149.8045,0
1776070200000,5225.1,5226.0,5225.0,5225.8,264.682,1776070499999,1383069.7172,812,256.163,1338557.0599,0
1776070500000,5225.8,5226.5,5225.4,5225.4,83.976,1776070799999,438858.4841,766,67.419,352335.2045,0
1776070800000,5225.4,5225.4,5220.8,5222.0,3.157,1776071099999,16488.3905,668,0.013,67.8925,0
1776071100000,5222.0,5222.0,5220.5,5220.8,3.176,1776071399999,16582.8336,620,0,0,0
1776071400000,5220.8,5221.0,5219.7,5219.7,3.294,1776071699999,17196.0855,678,0,0,0
1776071700000,5219.7,5226.5,5216.0,5216.0,3.677,1776071999999,19188.4103,671,0.191,998.2495,0
1776072000000,5216.0,5219.7,5215.8,5218.9,3.48,1776072299999,18158.7317,635,0,0,0
1776072300000,5218.9,5226.5,5218.4,5218.4,3.296,1776072599999,17200.7947,603,0.009,47.0385,0
1776072600000,5218.4,5219.3,5218.4,5219.1,2.794,1776072899999,14581.0531,508,0,0,0
1776072900000,5219.1,5223.4,5219.0,5221.3,2.68,1776073199999,13993.4864,549,0.238,1243.1692,0
1776073200000,5221.3,5222.6,5221.3,5222.6,2.963,1776073499999,15472.4129,551,0,0,0
1776073500000,5222.6,5222.6,5222.2,5222.2,3.289,1776073799999,17176.6045,591,0,0,0
1776073800000,5222.2,5225.0,5222.2,5224.9,3.494,1776074099999,18251.9541,742,0.561,2930.9875,0
1776074100000,5224.9,5226.5,5224.9,5226.3,3.634,1776074399999,18988.6468,831,0.667,3485.3286,0
1776074400000,5226.3,5226.5,5226.3,5226.4,3.537,1776074699999,18485.6127,741,0.565,2952.9611,0
1776074700000,5226.4,5229.3,5226.4,5229.3,349.253,1776074999999,1825666.5129,842,349.238,1825588.0869,0
1776075000000,5229.3,5231.1,5228.2,5228.2,177.53,1776075299999,928428.7429,902,13.460,70407.2871,0
1776075300000,5228.2,5232.0,5228.2,5230.5,187.498,1776075599999,980626.2594,777,167.730,877268.7337,0
1776075600000,5230.5,5231.5,5230.1,5230.1,370.53,1776075899999,1937980.5111,850,212.847,1113211.0947,0
1776075900000,5230.1,5230.1,5230.1,5230.1,3.63,1776076199999,18985.2630,647,3.630,18985.2630,0
1776076200000,5230.1,5230.1,5230.1,5230.1,3.752,1776076499999,19623.3352,661,3.752,19623.3352,0
1776076500000,5230.1,5230.1,5229.3,5230.1,3.634,1776076799999,19006.1650,647,3.611,18885.8911,0
1776076800000,5230.1,5230.1,5230.1,5230.1,3.635,1776077099999,19011.4135,662,3.635,19011.4135,0
1776077100000,5230.1,5230.1,5229.2,5230.1,3.717,1776077399999,19439.5227,678,2.659,13906.8359,0
1776077400000,5230.1,5230.1,5230.1,5230.1,3.579,1776077699999,18718.5279,649,3.579,18718.5279,0
1776077700000,5230.1,5230.1,5230.1,5230.1,3.17,1776077999999,16579.4170,570,3.170,16579.4170,0
1776078000000,5230.1,5230.1,5229.1,5230.1,3.0,1776078299999,15690.2145,538,2.873,15026.0773,0
1776078300000,5230.1,5230.1,5230.1,5230.1,3.263,1776078599999,17065.8163,582,3.263,17065.8163,0
1776078600000,5230.1,5230.1,5230.1,5230.1,3.191,1776078899999,16689.2491,579,3.191,16689.2491,0
1776078900000,5230.1,5230.1,5229.1,5230.1,3.57,1776079199999,18671.2660,640,3.379,17672.5079,0
1776079200000,5230.1,5230.1,5230.1,5230.1,3.475,1776079499999,18174.5975,653,3.475,18174.5975,0
1776079500000,5230.1,5230.1,5230.1,5230.1,3.369,1776079799999,17620.2069,608,3.369,17620.2069,0
1776079800000,5230.1,5230.1,5229.1,5230.1,3.282,1776080099999,17165.1352,608,3.229,16887.9929,0
1776080100000,5230.1,5230.1,5228.9,5230.1,7.098,1776080399999,37119.5044,684,3.796,19853.4596,0
1776080400000,5230.1,5230.1,5230.1,5230.1,3.232,1776080699999,16903.6832,595,3.232,16903.6832,0
1776080700000,5230.1,5230.1,5230.1,5230.1,3.305,1776080999999,17285.4805,588,3.305,17285.4805,0
1776081000000,5230.1,5230.1,5230.1,5230.1,3.077,1776081299999,16093.0177,571,3.077,16093.0177,0
1776081300000,5230.1,5230.1,5230.1,5230.1,3.127,1776081599999,16354.5227,565,3.127,16354.5227,0
1776081600000,5230.1,5230.1,5228.9,5230.1,3.045,1776081899999,15925.6209,554,3.017,15779.2117,0
1776081900000,5230.1,5230.1,5230.1,5230.1,3.195,1776082199999,16710.1695,579,3.195,16710.1695,0
1776082200000,5230.1,5230.1,5230.1,5230.1,3.406,1776082499999,17813.7206,600,3.406,17813.7206,0
1776082500000,5230.1,5230.1,5230.1,5230.1,3.426,1776082799999,17918.3226,593,3.426,17918.3226,0
1776082800000,5230.1,5230.1,5230.1,5230.1,2.988,1776083099999,15627.5388,562,2.988,15627.5388,0
1776083100000,5230.1,5230.1,5230.1,5230.1,3.304,1776083399999,17280.2504,597,3.304,17280.2504,0
1776083400000,5230.1,5230.1,5230.1,5230.1,3.578,1776083699999,18713.2978,639,3.578,18713.2978,0
1776083700000,5230.1,5230.1,5230.1,5230.1,3.758,1776083999999,19654.7158,676,3.758,19654.7158,0
1776084000000,5230.1,5230.1,5230.1,5230.1,3.602,1776084299999,18838.8202,648,3.602,18838.8202,0
1776084300000,5230.1,5230.1,5230.1,5230.1,3.363,1776084599999,17588.8263,626,3.363,17588.8263,0
1776084600000,5230.1,5230.1,5230.1,5230.1,3.11,1776084899999,16265.6110,575,3.110,16265.6110,0
1776084900000,5230.1,5230.1,5230.1,5230.1,3.334,1776085199999,17437.1534,608,3.334,17437.1534,0
1776085200000,5230.1,5230.1,5230.1,5230.1,3.295,1776085499999,17233.1795,596,3.295,17233.1795,0
1776085500000,5230.1,5230.1,5230.1,5230.1,3.24,1776085799999,16945.5240,582,3.240,16945.5240,0
1776085800000,5230.1,5230.1,5230.1,5230.1,3.375,1776086099999,17651.5875,587,3.375,17651.5875,0
1776086100000,5230.1,5230.1,5230.1,5230.1,3.208,1776086399999,16778.1608,584,3.208,16778.1608,0
1776086400000,5230.1,5230.1,5230.1,5230.1,3.221,1776086699999,16846.1521,623,3.221,16846.1521,0
1776086700000,5230.1,5230.1,5230.1,5230.1,3.352,1776086999999,17531.2952,576,3.352,17531.2952,0
1776087000000,5230.1,5230.1,5230.1,5230.1,2.949,1776087299999,15423.5649,518,2.949,15423.5649,0
1776087300000,5230.1,5230.1,5230.1,5230.1,2.873,1776087599999,15026.0773,528,2.873,15026.0773,0
1776087600000,5230.1,5230.1,5230.1,5230.1,2.888,1776087899999,15104.5288,531,2.888,15104.5288,0
1776087900000,5230.1,5230.1,5230.1,5230.1,3.194,1776088199999,16704.9394,580,3.194,16704.9394,0
1776088200000,5230.1,5230.1,5230.1,5230.1,3.14,1776088499999,16422.5140,589,3.140,16422.5140,0
1776088500000,5230.1,5230.1,5227.4,5228.3,3.064,1776088799999,16023.8192,573,1.868,9769.8268,0
1776088800000,5228.3,5230.1,5227.3,5230.1,3.068,1776089099999,16045.0272,579,2.324,12154.7524,0
1776089100000,5230.1,5230.1,5230.1,5230.1,3.371,1776089399999,17630.6671,611,3.371,17630.6671,0
1776089400000,5230.1,5230.1,5230.1,5230.1,3.459,1776089699999,18090.9159,625,3.459,18090.9159,0
1776089700000,5230.1,5230.1,5230.1,5230.1,3.386,1776089999999,17709.1186,622,3.386,17709.1186,0
1776090000000,5230.1,5230.1,5227.2,5230.1,3.436,1776090299999,17970.5544,644,3.412,17845.1012,0
1776090300000,5230.1,5230.1,5230.1,5230.1,3.326,1776090599999,17395.3126,625,3.326,17395.3126,0
1776090600000,5230.1,5230.1,5230.1,5230.1,3.274,1776090899999,17123.3474,601,3.274,17123.3474,0
1776090900000,5230.1,5230.1,5230.1,5230.1,3.063,1776091199999,16019.7963,577,3.063,16019.7963,0
1776091200000,5230.1,5230.1,5230.1,5230.1,3.262,1776091499999,17060.5862,586,3.262,17060.5862,0
1776091500000,5230.1,5230.1,5230.1,5230.1,2.833,1776091799999,14816.8733,523,2.833,14816.8733,0
1776091800000,5230.1,5230.1,5230.1,5230.1,3.037,1776092099999,15883.8137,551,3.037,15883.8137,0
1776092100000,5230.1,5252.9,5230.1,5252.3,8268.305,1776092399999,43244893.5388,721,8267.936,43242955.6581,0
1776092400000,5252.3,5254.0,5250.9,5252.5,2.959,1776092699999,15541.3258,574,0.504,2647.5910,0
1776092700000,5252.5,5254.4,5252.3,5252.8,2.977,1776092999999,15639.3716,709,1.087,5710.9685,0
1776093000000,5252.8,5252.8,5249.5,5250.0,3.447,1776093299999,18100.4479,830,0.472,2478.0000,0
1776093300000,5250.0,5250.5,5227.2,5248.0,8.042,1776093599999,42109.6456,754,1.428,7496.6767,0
1776093600000,5248.0,5248.0,5227.2,5248.0,4.329,1776093899999,22698.8112,602,3.378,17727.7440,0
1776093900000,5248.0,5248.0,5248.0,5248.0,3.428,1776094199999,17990.1440,620,3.428,17990.1440,0
1776094200000,5248.0,5248.0,5248.0,5248.0,8.016,1776094499999,42067.9680,591,8.016,42067.9680,0
1776094500000,5248.0,5270.8,5248.0,5269.5,3294.397,1776094799999,17290674.9179,677,3293.745,17287238.9930,0
1776094800000,5269.5,5273.4,5269.5,5273.4,106.932,1776095099999,563750.8920,691,104.779,552402.4480,0
1776095100000,5273.4,5275.0,5273.3,5275.0,122.917,1776095399999,648278.5808,784,78.206,412485.4107,0
1776095400000,5275.0,5275.0,5269.3,5269.3,444.409,1776095699999,2342920.7762,887,6.625,34946.7259,0
1776095700000,5269.3,5271.0,5266.4,5271.0,101.866,1776095999999,536703.7170,698,0.870,4584.2601,0
1776096000000,5269.7,5274.1,5267.1,5272.9,2.927,1776096299999,15431.9379,549,1.764,9301.0942,0
1776096300000,5272.9,5274.1,5269.6,5272.1,3.133,1776096599999,16517.2990,633,1.625,8567.3994,0
1776096600000,5272.1,5272.7,5266.2,5267.5,3.38,1776096899999,17812.0421,652,0.740,3901.3831,0
1776096900000,5267.5,5269.5,5265.3,5267.3,3.341,1776097199999,17598.6204,642,0,0,0
1776097200000,5267.3,5268.1,5264.8,5267.5,3.298,1776097499999,17369.0593,613,0,0,0
1776097500000,5267.5,5269.5,5264.8,5264.8,3.335,1776097799999,17563.6748,622,0,0,0
1776097800000,5264.8,5272.7,5260.1,5262.4,3.344,1776098099999,17603.0707,632,0.024,126.5448,0
1776098100000,5262.4,5263.1,5258.7,5261.5,3.305,1776098399999,17386.0265,668,0,0,0
1776098400000,5261.5,5272.7,5258.8,5260.0,3.556,1776098699999,18709.1387,672,0.043,226.7261,0
1776098700000,5260.1,5263.8,5259.1,5262.9,3.384,1776098999999,17803.7433,717,0,0,0
1776099000000,5262.9,5263.2,5251.0,5251.1,3.446,1776099299999,18119.0490,686,0,0,0
1776099300000,5251.1,5254.2,5250.0,5252.9,3.345,1776099599999,17565.6578,615,0,0,0
1776099600000,5252.9,5259.3,5252.9,5259.1,2.959,1776099899999,15554.2256,620,0.151,793.9324,0
1776099900000,5259.1,5260.8,5257.1,5258.5,3.18,1776100199999,16723.1199,573,0,0,0
1776100200000,5258.5,5272.7,5257.7,5265.4,10.268,1776100499999,54076.5106,577,3.609,19029.1743,0
1776100500000,5265.4,5265.4,5262.1,5264.6,3.228,1776100799999,16990.5991,687,0.122,642.2798,0
1776100800000,5264.6,5265.1,5262.7,5264.9,3.38,1776101099999,17791.7118,641,0.012,63.1803,0
1776101100000,5264.9,5264.9,5258.2,5258.2,3.115,1776101399999,16388.7897,612,0,0,0
1776101400000,5258.2,5272.7,5252.1,5254.2,3.275,1776101699999,17211.4307,630,0.016,84.3404,0
1776101700000,5254.0,5256.8,5253.1,5253.8,3.375,1776101999999,17734.3117,620,0,0,0
1776102000000,5253.8,5272.7,5253.8,5257.3,3.562,1776102299999,18725.8429,646,0.047,247.8169,0
1776102300000,5257.3,5263.9,5256.8,5263.9,3.557,1776102599999,18706.7910,628,0,0,0
1776102600000,5263.9,5264.2,5255.4,5256.7,3.34,1776102899999,17563.1622,711,0,0,0
1776102900000,5256.7,5259.0,5255.9,5258.9,3.488,1776103199999,18339.0960,638,0,0,0
1776103200000,5258.9,5260.1,5258.4,5259.6,3.244,1776103499999,17061.2220,630,0.064,336.6453,0
1776103500000,5259.6,5259.9,5257.1,5259.9,3.317,1776103799999,17441.5504,614,0,0,0
1776103800000,5259.9,5262.1,5259.3,5259.3,3.302,1776104099999,17370.9979,662,0.173,910.2235,0
1776104100000,5259.3,5263.2,5258.8,5263.2,3.24,1776104399999,17046.7913,752,0.398,2094.6581,0
1776104400000,5263.2,5265.5,5263.2,5264.9,3.083,1776104699999,16229.7331,807,0.706,3716.5337,0
1776104700000,5264.9,5271.3,5264.4,5268.5,2.991,1776104999999,15755.1886,785,0.639,3366.8263,0
1776105000000,5268.5,5268.7,5252.1,5268.0,23.493,1776105299999,123435.2811,601,0,0,0
1776105300000,5268.0,5270.2,5268.0,5269.4,3.123,1776105599999,16456.5702,827,0.406,2139.6254,0
1776105600000,5269.4,5271.3,5252.1,5265.9,3.04,1776105899999,16020.3017,609,0.099,521.8281,0
1776105900000,5265.3,5265.3,5263.2,5265.3,2.591,1776106199999,13640.0657,463,0,0,0
1776106200000,5265.3,5272.7,5252.1,5265.2,7.283,1776106499999,38380.3239,459,4.739,24987.3183,0
1776106500000,5265.2,5268.0,5252.0,5265.9,22.248,1776106799999,116879.6779,430,0,0,0
1776106800000,5265.9,5265.9,5261.3,5261.3,2.052,1776107099999,10801.6381,378,0,0,0
1776107100000,5261.3,5264.0,5261.3,5262.8,2.023,1776107399999,10646.6333,380,0,0,0
1776107400000,5262.8,5265.5,5261.6,5264.1,1.812,1776107699999,9536.6679,326,0,0,0
1776107700000,5264.1,5267.1,5262.1,5267.1,2.919,1776107999999,15370.8864,541,0,0,0
1776108000000,5267.1,5273.7,5266.8,5273.7,3.076,1776108299999,16208.4051,601,0.863,4550.6320,0
1776108300000,5273.7,5287.1,5273.4,5287.1,4.195,1776108599999,22148.4973,592,3.906,20623.9484,0
1776108600000,5287.1,5289.3,5283.5,5284.1,6.758,1776108899999,35733.2305,641,4.280,22634.4164,0
1776108900000,5284.1,5290.3,5252.0,5283.9,4.43,1776109199999,23400.1559,606,0.994,5258.3110,0
1776109200000,5283.9,5284.9,5280.6,5282.4,2.619,1776109499999,13836.0706,481,0,0,0
1776109500000,5282.4,5290.3,5280.2,5280.8,3.38,1776109799999,17861.0443,438,0.951,5031.0753,0
1776109800000,5280.8,5288.9,5279.7,5285.2,2.236,1776110099999,11815.5514,507,0.132,697.9170,0
1776110100000,5288.9,5288.9,5278.3,5280.8,2.166,1776110399999,11441.0454,556,0.410,2165.2360,0
1776110400000,5280.8,5286.8,5252.0,5282.4,2.146,1776110699999,11337.5451,440,1.057,5584.5107,0
1776110700000,5282.5,5286.2,5279.6,5284.9,2.123,1776110999999,11216.2952,470,1.722,9098.5262,0
1776111000000,5286.2,5287.2,5283.1,5283.2,2.059,1776111299999,10883.5144,399,0.918,4852.7825,0
1776111300000,5284.1,5287.9,5282.5,5285.9,1.591,1776111599999,8410.3587,322,0.942,4979.7029,0
1776111600000,5285.9,5286.2,5282.1,5282.5,2.524,1776111899999,13334.9440,604,0.207,1093.5829,0
1776111900000,5282.5,5284.4,5280.1,5280.1,3.346,1776112199999,17674.3055,742,0.242,1278.5225,0
1776112200000,5280.1,5281.5,5279.2,5281.0,3.137,1776112499999,16563.4195,620,0,0,0
1776112500000,5281.0,5284.5,5280.8,5284.5,50.065,1776112799999,264552.9190,666,48.024,253771.3539,0
1776112800000,5284.5,5286.4,5284.1,5286.4,143.68,1776113099999,759415.4568,694,110.037,581613.8762,0
1776113100000,5286.4,5289.4,5286.4,5288.9,116.502,1776113399999,616023.2612,705,115.460,610513.1305,0
1776113400000,5288.9,5289.5,5287.7,5288.3,78.856,1776113699999,417032.7723,688,27.409,144974.1704,0
1776113700000,5288.3,5290.5,5288.0,5290.5,86.241,1776113999999,456183.6941,731,85.045,449858.1321,0
1776114000000,5290.5,5292.5,5289.8,5290.9,141.935,1776114299999,750957.5792,853,125.459,663800.3313,0
1776114300000,5291.1,5291.5,5289.5,5290.8,3.513,1776114599999,18584.7512,671,0,0,0
1776114600000,5290.8,5290.9,5287.4,5288.5,3.243,1776114899999,17151.8055,655,0,0,0
1776114900000,5288.5,5288.8,5282.0,5282.0,3.373,1776115199999,17823.6839,722,0,0,0
1776115200000,5282.0,5285.1,5281.0,5281.0,3.359,1776115499999,17744.6675,651,0,0,0
1776115500000,5281.0,5281.0,5275.6,5275.6,3.295,1776115799999,17391.8117,669,0,0,0
1776115800000,5275.6,5275.6,5272.9,5273.2,3.216,1776116099999,16961.2342,575,0,0,0
1776116100000,5273.2,5278.2,5272.5,5277.4,3.368,1776116399999,17768.0467,638,0,0,0
1776116400000,5277.4,5281.5,5272.7,5273.3,3.087,1776116699999,16293.0913,628,0.003,15.8199,0
1776116700000,5273.4,5276.4,5272.3,5272.3,2.936,1776116999999,15484.2907,857,0.788,4156.4468,0
1776117000000,5273.3,5273.3,5267.1,5269.6,3.229,1776117299999,17017.2245,749,0.766,4039.3478,0
1776117300000,5273.3,5273.3,5268.5,5268.7,3.067,1776117599999,16163.9859,697,0.606,3195.6198,0
1776117600000,5273.3,5273.6,5268.5,5272.9,3.029,1776117899999,15967.5543,647,0.511,2694.6566,0
1776117900000,5272.9,5292.5,5265.5,5265.5,4.885,1776118199999,25733.4339,652,0.237,1249.9406,0
1776118200000,5265.5,5265.5,5256.9,5257.0,3.104,1776118499999,16329.8707,604,0,0,0
1776118500000,5257.0,5292.5,5251.8,5251.8,2.993,1776118799999,15733.4751,566,0.125,661.3749,0
1776118800000,5251.8,5251.8,5234.3,5237.9,1435.266,1776119099999,7524313.6000,965,12.229,64121.0486,0
1776119100000,5237.9,5239.6,5234.5,5235.6,3.133,1776119399999,16406.7708,567,0,0,0
1776119400000,5235.6,5239.9,5221.5,5226.5,6.903,1776119699999,36131.6449,619,3.883,20346.5317,0
1776119700000,5226.5,5226.8,5220.5,5220.9,3.24,1776119999999,16923.6080,603,0,0,0
1776120000000,5220.9,5223.0,5219.7,5223.0,3.297,1776120299999,17213.0096,632,0,0,0
1776120300000,5221.7,5225.4,5218.7,5225.3,3.225,1776120599999,16838.3828,616,0,0,0
1776120600000,5225.3,5239.9,5224.9,5229.1,3.013,1776120899999,15748.3859,592,0.038,199.1162,0
1776120900000,5229.1,5239.9,5228.0,5231.9,2.575,1776121199999,13472.4686,510,0.019,99.5581,0
1776121200000,5231.9,5238.3,5230.2,5233.8,2.769,1776121499999,14494.5202,552,0.016,83.8106,0
1776121500000,5233.8,5236.9,5233.1,5235.7,2.947,1776121799999,15426.1787,585,0,0,0
1776121800000,5235.7,5239.0,5230.3,5232.0,3.053,1776122099999,15976.8787,637,0.005,26.1936,0
1776122100000,5232.0,5239.9,4972.2,5228.9,2800.58,1776122399999,14635581.9697,829,0.951,4983.1440,0
1776122400000,5228.9,5228.9,5214.1,5218.0,2.999,1776122699999,15659.7363,608,0,0,0
1776122700000,5218.0,5220.0,5201.4,5201.4,125.141,1776122999999,651784.4487,586,0.217,1130.1360,0
1776123000000,5201.4,5208.0,5201.4,5208.0,3.959,1776123299999,20608.9306,619,1.706,8884.7848,0
1776123300000,5208.0,5208.0,5208.0,5208.0,3.597,1776123599999,18733.1760,640,3.597,18733.1760,0
1776123600000,5208.0,5208.0,5206.6,5206.9,3.436,1776123899999,17893.3526,640,2.240,11665.7201,0
1776123900000,5206.9,5208.0,5202.5,5206.8,3.322,1776124199999,17293.5354,624,0.297,1546.5158,0
1776124200000,5206.8,5208.0,5203.5,5207.9,3.48,1776124499999,18117.0777,629,0.491,2557.1280,0
1776124500000,5207.9,5208.0,5202.4,5202.6,3.505,1776124799999,18244.1151,718,1.747,9094.6727,0
1776124800000,5201.4,5204.3,5198.0,5200.9,4.238,1776125099999,22041.9535,663,0.760,3954.5632,0
1776125100000,5201.1,5202.5,5198.8,5201.0,3.265,1776125399999,16981.0315,602,1.048,5450.9386,0
1776125400000,5201.0,5202.9,5200.5,5202.8,3.131,1776125699999,16287.2308,597,0.817,4250.5727,0
1776125700000,5202.8,5204.0,5200.4,5204.0,2.869,1776125999999,14925.1093,647,1.878,9770.5987,0
1776126000000,5204.0,5206.2,5202.1,5206.2,3.252,1776126299999,16925.4993,633,1.661,8645.8497,0
1776126300000,5206.2,5207.8,5206.1,5206.7,3.207,1776126599999,16697.6153,702,1.685,8773.5177,0
1776126600000,5206.7,5208.0,5206.4,5208.0,3.455,1776126899999,17992.1806,651,2.537,13212.3783,0
1776126900000,5208.0,5208.0,5207.1,5207.9,3.28,1776127199999,17081.9391,608,2.683,13973.0640,0
1776127200000,5207.9,5211.1,5206.7,5211.1,174.552,1776127499999,909114.5096,800,173.520,903740.3222,0
1776127500000,5211.1,5211.9,5209.1,5209.1,175.271,1776127799999,913315.6266,844,113.772,592901.8707,0
1776127800000,5209.1,5209.3,4948.0,5209.3,5217.402,1776128099999,27125428.4093,943,0,0,0
1776128100000,5209.3,5212.1,5209.3,5212.1,37.935,1776128399999,197668.3124,746,1.498,7807.0523,0
1776128400000,5212.1,5213.1,5209.3,5212.1,3.344,1776128699999,17428.6403,679,1.366,7120.1242,0
1776128700000,5212.1,5214.2,5211.7,5212.6,3.204,1776128999999,16702.0004,645,1.159,6041.9005,0
1776129000000,5212.6,5215.0,5211.8,5215.0,3.341,1776129299999,17418.2472,662,1.755,9150.7256,0
1776129300000,5214.6,5215.6,5214.6,5215.3,3.364,1776129599999,17543.2935,688,3.091,16119.6797,0
1776129600000,5215.6,5215.7,5213.6,5215.7,93.739,1776129899999,488891.9647,745,92.423,482029.7370,0
1776129900000,5215.7,5219.9,5215.7,5219.9,81.124,1776130199999,423336.8535,746,80.336,419224.2459,0
1776130200000,5219.9,5221.4,5219.2,5219.2,140.532,1776130499999,733575.7803,722,59.514,310664.3648,0
1776130500000,5219.2,5219.2,5214.1,5214.4,275.86,1776130799999,1439166.3157,817,0.529,2758.4506,0
1776130800000,5214.4,5215.1,5210.1,5210.1,13.146,1776131099999,68543.5572,714,10.122,52781.1673,0
1776131100000,5210.1,5215.1,5210.1,5213.2,3.544,1776131399999,18475.3201,716,0.001,5.2151,0
1776131400000,5213.2,5214.2,5212.6,5213.3,3.478,1776131699999,18131.3708,687,0,0,0
1776131700000,5213.3,5214.7,5212.0,5214.2,3.653,1776131999999,19042.6115,668,0,0,0
1776132000000,5214.2,5215.9,5213.7,5213.7,24.889,1776132299999,129805.1176,665,22.216,115866.6430,0
1776132300000,5213.7,5216.1,5213.5,5215.7,12.951,1776132599999,67547.3865,673,10.007,52195.6725,0
1776132600000,5215.7,5215.8,5212.4,5212.5,3.222,1776132899999,16797.6861,684,0,0,0
1776132900000,5212.5,5215.0,5212.1,5213.3,3.401,1776133199999,17730.1474,663,0,0,0
1776133200000,5213.3,5215.0,5213.3,5213.5,3.467,1776133499999,18076.6491,621,0,0,0
1776133500000,5213.5,5214.6,5213.2,5213.4,3.489,1776133799999,18190.5774,723,0,0,0
1776133800000,5213.4,5215.5,5213.4,5213.7,3.247,1776134099999,16930.7764,656,0,0,0
1776134100000,5213.7,5214.0,5213.0,5213.0,2.972,1776134399999,15493.7827,679,0,0,0
1776134400000,5213.0,5214.3,5213.0,5214.3,3.23,1776134699999,16840.0110,693,0,0,0
1776134700000,5214.3,5214.3,5213.0,5213.5,4.262,1776134999999,22219.7531,774,0,0,0
1776135000000,5213.5,5213.5,5211.9,5212.0,3.48,1776135299999,18139.8033,819,0,0,0
1776135300000,5212.0,5212.6,5211.0,5211.2,3.339,1776135599999,17402.1146,796,0,0,0
1776135600000,5211.2,5211.8,5210.7,5211.8,3.253,1776135899999,16951.9465,664,0,0,0
1776135900000,5211.8,5212.7,5211.8,5212.7,3.377,1776136199999,17601.8642,632,0,0,0
1776136200000,5212.7,5214.0,5212.5,5214.0,3.269,1776136499999,17041.3346,617,0,0,0
1776136500000,5214.0,5214.4,5213.3,5213.3,3.036,1776136799999,15828.1201,580,0,0,0
1776136800000,5213.3,5213.8,5213.3,5213.4,3.342,1776137099999,17423.2331,611,0,0,0
1776137100000,5213.4,5214.4,5213.3,5214.1,3.228,1776137399999,16829.8718,598,0,0,0
1776137400000,5214.1,5214.7,5213.3,5213.6,3.033,1776137699999,15813.8939,545,0,0,0
1776137700000,5213.6,5215.0,5213.6,5213.9,3.121,1776137999999,16273.3482,578,0,0,0
1776138000000,5213.9,5214.3,5213.7,5213.7,3.248,1776138299999,16934.1214,611,0,0,0
1776138300000,5213.7,5214.9,5213.3,5214.2,3.215,1776138599999,16762.3483,602,0,0,0
1776138600000,5214.2,5215.5,5214.2,5214.9,3.176,1776138899999,16562.8359,583,0,0,0
1776138900000,5214.9,5217.2,5214.9,5217.2,3.194,1776139199999,16658.9253,599,1.297,6765.6019,0
1776139200000,5217.2,5218.5,5216.9,5218.5,3.126,1776139499999,16311.6441,597,2.503,13061.1136,0
1776139500000,5218.5,5219.9,5218.5,5219.9,3.28,1776139799999,17120.0128,676,3.280,17120.0128,0
1776139800000,5219.9,5220.3,5210.7,5219.4,3.492,1776140099999,18225.2609,724,2.057,10736.0100,0
1776140100000,5219.4,5221.5,5219.4,5221.2,3.354,1776140399999,17511.5235,634,1.308,6828.8536,0
1776140400000,5221.2,5221.3,5219.9,5221.0,3.257,1776140699999,17003.3830,663,2.681,13996.5703,0
1776140700000,5221.0,5224.4,5221.0,5224.4,3.532,1776140999999,18447.3383,738,2.880,15041.5197,0
1776141000000,5224.4,5224.9,5221.8,5221.8,3.347,1776141299999,17483.5673,676,1.093,5709.9296,0
1776141300000,5221.8,5225.6,5221.6,5221.9,3.427,1776141599999,17898.6990,624,0.720,3761.1997,0
1776141600000,5221.9,5222.5,5220.4,5221.1,3.42,1776141899999,17856.7379,611,0,0,0
1776141900000,5221.1,5225.3,5221.1,5224.2,3.172,1776142199999,16570.2369,590,0,0,0
1776142200000,5224.2,5225.0,5223.0,5223.1,3.252,1776142499999,16987.9965,855,0.051,266.4750,0
1776142500000,5223.1,5224.4,5221.0,5221.8,3.041,1776142799999,15880.6713,758,1.218,6360.3784,0
1776142800000,5221.8,5221.9,5220.3,5220.3,12.415,1776143099999,64815.7803,629,1.194,6234.5632,0
1776143100000,5220.4,5222.7,5219.4,5222.2,123.144,1776143399999,642928.3347,681,99.528,519648.4983,0
1776143400000,5222.2,5223.2,5221.0,5223.2,10.884,1776143699999,56846.5244,506,9.520,49723.6990,0
1776143700000,5223.2,5225.5,5222.5,5224.4,140.454,1776143999999,733736.0678,576,139.235,727367.3304,0
1776144000000,5224.4,5224.4,5220.0,5221.2,375.231,1776144299999,1959747.9509,893,1.023,5340.9441,0
1776144300000,5221.2,5221.2,5216.5,5217.0,257.94,1776144599999,1346253.2983,932,20.285,105911.4604,0
1776144600000,5217.0,5219.4,5216.7,5218.4,156.133,1776144899999,814749.6767,877,65.120,339801.2837,0
1776144900000,5218.4,5218.6,5217.5,5218.1,339.508,1776145199999,1771469.9630,805,1.367,7133.5846,0
1776145200000,5218.1,5222.2,5218.1,5222.2,3.544,1776145499999,18500.4308,797,2.983,15572.0799,0
1776145500000,5222.2,5222.9,5220.4,5222.9,3.274,1776145799999,17095.1646,844,1.440,7519.7123,0
1776145800000,5222.9,5225.0,5220.4,5223.6,3.059,1776146099999,15980.8568,634,1.277,6671.2942,0
1776146100000,5223.6,5224.4,5222.1,5224.2,2.98,1776146399999,15566.2405,535,0,0,0
1776146400000,5224.2,5224.2,5221.6,5221.6,3.105,1776146699999,16216.7802,587,0,0,0
1776146700000,5221.9,5224.4,5221.9,5222.1,3.627,1776146999999,18942.3513,651,0,0,0
1776147000000,5222.1,5225.0,5220.4,5222.0,3.381,1776147299999,17657.8035,727,0.005,26.1250,0
1776147300000,5222.0,5225.0,5217.5,5222.1,8.162,1776147599999,42601.7007,619,0.010,52.2500,0
1776147600000,5222.1,5225.0,5217.5,5222.0,8.062,1776147899999,42113.6503,656,4.902,25612.6073,0
1776147900000,5222.0,5225.0,5217.5,5221.0,3.541,1776148199999,18488.7057,647,0.053,276.8600,0
1776148200000,5221.0,5225.0,5217.5,5221.1,3.835,1776148499999,20021.3740,622,0.010,52.2500,0
1776148500000,5221.1,5225.0,5217.5,5220.1,3.136,1776148799999,16372.0422,543,0.021,109.7250,0
1776148800000,5220.1,5221.2,5217.5,5220.5,3.083,1776149099999,16095.1879,544,0,0,0
1776149100000,5220.5,5225.0,5217.5,5219.2,3.308,1776149399999,17266.5012,670,0.159,830.1360,0
1776149400000,5219.2,5225.0,5217.5,5218.3,3.611,1776149699999,18845.9350,712,0.378,1973.0938,0
1776149700000,5218.3,5225.0,5217.0,5218.2,3.306,1776149999999,17250.1757,635,0.010,52.2500,0
1776150000000,5218.2,5225.0,5216.4,5219.2,3.434,1776150299999,17917.0769,633,0.020,104.5000,0
1776150300000,5219.2,5225.0,5219.2,5224.0,2.98,1776150599999,15560.1058,572,0.005,26.1250,0
1776150600000,5224.0,5226.3,5222.6,5226.2,60.997,1776150899999,318727.5830,668,58.277,304518.5460,0
1776150900000,5226.2,5226.5,5223.6,5223.6,49.176,1776151199999,256910.4335,713,1.650,8623.0129,0
1776151200000,5223.6,5223.8,5221.2,5222.1,213.755,1776151499999,1116368.0948,828,6.194,32345.6624,0
1776151500000,5222.1,5224.0,5221.2,5221.3,125.944,1776151799999,657752.7444,766,36.060,188343.9905,0
1776151800000,5221.3,5222.5,5221.3,5222.5,91.801,1776152099999,479392.4292,672,90.915,474766.1895,0
1776152100000,5222.5,5223.9,5222.0,5223.9,159.154,1776152399999,831234.0451,836,139.302,727561.0343,0
1776152400000,5223.9,5224.4,5222.8,5223.2,40.023,1776152699999,209054.3122,837,9.552,49898.7071,0
1776152700000,5223.2,5224.1,5220.0,5220.1,75.775,1776152999999,395797.3242,823,72.646,379458.8529,0
1776153000000,5220.1,5221.0,5219.0,5219.0,3.438,1776153299999,17944.8451,729,0,0,0
1776153300000,5219.0,5220.1,5218.0,5218.1,3.436,1776153599999,17931.5484,731,0,0,0
1776153600000,5218.5,5224.1,5218.0,5218.4,2.521,1776153899999,13156.1786,522,0.087,454.0737,0
1776153900000,5218.4,5219.1,5218.3,5218.3,3.563,1776154199999,18594.1585,696,0,0,0
1776154200000,5218.3,5224.1,5218.3,5219.6,3.214,1776154499999,16775.0227,701,0.204,1064.8010,0
1776154500000,5219.6,5219.6,5219.0,5219.1,3.301,1776154799999,17228.9822,673,0,0,0
1776154800000,5219.1,5224.1,5216.3,5216.3,4.026,1776155099999,21012.9223,760,0.497,2596.3777,0
1776155100000,5216.3,5217.1,5215.0,5216.7,3.87,1776155399999,20186.0610,646,0,0,0
1776155400000,5216.7,5220.6,5216.5,5216.6,3.052,1776155699999,15927.6195,593,0,0,0
1776155700000,5216.6,5219.0,5214.9,5214.9,2.88,1776155999999,15023.2721,592,0,0,0
1776156000000,5214.9,5214.9,5211.0,5211.0,3.292,1776156299999,17159.5563,686,0,0,0
1776156300000,5211.0,5211.8,5208.2,5210.3,3.267,1776156599999,17019.4855,694,0,0,0
1776156600000,5210.3,5216.0,5210.3,5212.0,3.239,1776156899999,16884.5566,620,0.020,104.3152,0
1776156900000,5212.0,5215.3,5211.1,5212.5,3.239,1776157199999,16885.5518,659,0,0,0
1776157200000,5212.5,5212.6,5210.5,5210.5,3.26,1776157499999,16989.6720,649,0,0,0
1776157500000,5210.5,5211.5,5206.6,5206.7,3.374,1776157799999,17574.1552,704,0,0,0
1776157800000,5206.7,5210.5,5206.6,5208.1,3.291,1776158099999,17138.9905,612,0,0,0
1776158100000,5208.1,5224.1,5208.1,5208.5,3.184,1776158399999,16584.3364,582,0.005,26.0881,0
1776158400000,5208.5,5224.1,5208.5,5209.3,2.471,1776158699999,12873.5841,496,0.005,26.1205,0
1776158700000,5209.3,5209.5,5206.9,5207.7,2.978,1776158999999,15508.7953,581,0,0,0
1776159000000,5207.7,5224.1,5204.6,5205.5,3.235,1776159299999,16842.8043,645,0.010,52.2410,0
1776159300000,5205.4,5224.1,5205.3,5205.6,3.353,1776159599999,17456.3335,605,0.005,26.1205,0
1776159600000,5205.6,5205.6,5200.2,5200.2,3.227,1776159899999,16788.2803,722,0,0,0
1776159900000,5200.2,5201.9,5198.9,5198.9,3.151,1776160199999,16385.8657,723,0,0,0
1776160200000,5198.9,5224.1,5197.0,5198.0,6.236,1776160499999,32411.9508,805,0.349,1814.4904,0
1776160500000,5197.9,5224.1,5196.0,5196.0,3.222,1776160799999,16743.0069,607,0.005,26.1205,0
1776160800000,5196.0,5199.0,5196.0,5196.4,3.025,1776161099999,15720.7966,633,0.095,493.8860,0
1776161100000,5196.4,5198.5,5196.3,5197.3,2.885,1776161399999,14993.4884,597,0,0,0
1776161400000,5197.3,5224.1,5197.3,5202.2,6.056,1776161699999,31482.1034,696,0.312,1622.1123,0
1776161700000,5202.2,5205.9,5200.4,5205.9,3.463,1776161999999,18015.9858,734,0,0,0
1776162000000,5205.9,5224.1,5200.4,5205.8,3.164,1776162299999,16472.7420,615,0.034,177.2374,0
1776162300000,5205.8,5224.1,5200.4,5206.5,3.169,1776162599999,16498.9160,628,0.038,197.9571,0
1776162600000,5206.5,5224.1,5200.4,5205.8,3.975,1776162899999,20711.5429,736,0.907,4735.9871,0
1776162900000,5205.8,5224.1,5200.4,5204.8,3.237,1776163199999,16849.5365,604,0.015,78.3450,0
1776163200000,5204.8,5224.1,5199.7,5204.8,312.741,1776163499999,1626383.0539,708,0.005,26.1205,0
1776163500000,5204.8,5224.1,5203.7,5204.5,2.648,1776163799999,13782.4459,537,0.010,52.2410,0
1776163800000,5204.5,5224.1,5202.4,5202.4,3.225,1776164099999,16784.0267,644,0.005,26.1205,0
1776164100000,5202.4,5205.0,5202.1,5203.4,3.209,1776164399999,16698.2089,691,0.217,1129.3599,0
1776164400000,5203.4,5206.2,5201.8,5206.2,240.117,1776164699999,1249639.9502,807,178.942,931364.2663,0
1776164700000,5206.2,5206.8,5201.8,5204.7,188.209,1776164999999,979767.2953,791,155.987,812124.7565,0
1776165000000,5206.8,5208.4,5202.4,5206.0,325.741,1776165299999,1695521.9062,829,140.675,732485.4894,0
1776165300000,5206.2,5209.5,5202.6,5205.1,115.756,1776165599999,602399.5283,756,13.009,67765.6382,0
1776165600000,5209.4,5211.1,5202.0,5211.1,619.512,1776165899999,3225799.2213,858,83.769,436438.6094,0
1776165900000,5211.1,5213.8,5201.9,5213.8,751.041,1776166199999,3910840.6633,845,131.275,684079.0872,0
1776166200000,5213.8,5214.4,5211.8,5213.2,3.412,1776166499999,17787.9124,616,2.415,12590.6746,0
1776166500000,5213.2,5213.2,5207.4,5207.5,3.633,1776166799999,18926.3510,763,0.617,3214.9869,0
1776166800000,5207.5,5210.2,5203.5,5206.6,2.864,1776167099999,14916.7400,629,0.875,4557.7375,0
1776167100000,5206.6,5210.2,5203.5,5206.0,2.843,1776167399999,14796.9552,562,0.036,187.4328,0
1776167400000,5206.0,5207.9,5202.4,5202.4,2.993,1776167699999,15579.2561,678,0.092,479.0836,0
1776167700000,5202.4,5207.6,5202.4,5207.5,3.057,1776167999999,15911.2457,656,0,0,0
1776168000000,5207.5,5208.9,5207.4,5207.9,2.997,1776168299999,15608.5132,689,0.127,661.4674,0
1776168300000,5207.9,5210.2,5204.6,5205.4,3.202,1776168599999,16671.1361,689,0.015,78.1517,0
1776168600000,5205.4,5210.2,5205.4,5206.3,2.98,1776168899999,15516.9650,658,0.005,26.0510,0
1776168900000,5206.3,5208.2,5205.9,5207.3,3.416,1776169199999,17786.5255,568,0,0,0
1776169200000,5207.3,5208.5,5205.3,5205.3,184.893,1776169499999,962675.5031,887,11.973,62346.4883,0
1776169500000,5205.3,5207.0,5205.3,5206.8,31.389,1776169799999,163424.3668,597,30.656,159608.0691,0
1776169800000,5206.8,5208.4,5204.9,5207.0,755.358,1776170099999,3932346.1490,763,2.253,11731.1454,0
1776170100000,5207.0,5207.0,5204.7,5205.4,3.061,1776170399999,15935.3485,560,0,0,0
1776170400000,5205.4,5208.2,5205.4,5208.2,3.113,1776170699999,16210.5152,560,1.864,9708.0848,0
1776170700000,5208.2,5209.2,5207.8,5209.2,2.99,1776170999999,15572.4859,576,2.558,13322.7066,0
1776171000000,5209.2,5212.1,5209.2,5210.6,3.08,1776171299999,16049.2430,715,2.496,13005.9993,0
1776171300000,5210.6,5210.6,5210.3,5210.6,2.306,1776171599999,12015.6229,419,2.237,11656.1122,0
1776171600000,5210.6,5213.2,5210.6,5213.0,2.944,1776171899999,15343.5543,632,1.696,8838.9877,0
1776171900000,5213.0,5214.4,5212.8,5214.1,3.024,1776172199999,15764.7469,594,1.699,8857.6718,0
1776172200000,5214.1,5214.1,5209.1,5209.1,3.167,1776172499999,16504.6723,577,1.554,8098.6903,0
1776172500000,5209.1,5213.3,5209.1,5210.0,2.929,1776172799999,15263.5629,688,1.247,6498.3376,0
1776172800000,5209.9,5214.3,5208.5,5212.1,3.175,1776173099999,16545.5863,605,0.669,3487.9125,0
1776173100000,5212.1,5212.6,5209.9,5210.2,3.155,1776173399999,16440.5089,567,0,0,0
1776173400000,5210.2,5214.8,5208.1,5212.1,2.854,1776173699999,14874.2204,539,0.478,2492.6604,0
1776173700000,5212.1,5212.1,5207.8,5211.8,2.867,1776173999999,14938.3832,571,1.283,6685.5466,0
1776174000000,5211.8,5211.8,5211.8,5211.8,3.032,1776174299999,15802.1776,549,3.032,15802.1776,0
1776174300000,5211.8,5211.8,5209.0,5209.0,2.871,1776174599999,14959.0322,542,2.870,14953.8228,0
1776174600000,5209.0,5209.0,5209.0,5209.0,3.026,1776174899999,15762.4340,535,3.026,15762.4340,0
1776174900000,5209.0,5209.0,5209.0,5209.0,3.047,1776175199999,15871.8230,550,3.047,15871.8230,0
1776175200000,5209.0,5231.5,5209.0,5229.9,415.735,1776175499999,2174137.8919,816,316.189,1653464.6992,0
1776175500000,5229.9,5244.4,5229.9,5244.4,824.421,1776175799999,4316335.2921,985,824.306,4315733.4081,0
1776175800000,5244.6,5248.7,5244.6,5247.4,125.456,1776176099999,658165.1128,712,123.704,648972.0473,0
1776176100000,5247.4,5252.5,5246.8,5252.5,58.399,1776176399999,306437.6146,573,1.949,10230.2447,0
1776176400000,5252.5,5256.6,5252.5,5254.0,2.617,1776176699999,13751.1309,605,1.852,9731.1815,0
1776176700000,5254.0,5257.7,5246.8,5256.9,2.819,1776176999999,14813.6375,545,0.530,2786.3059,0
1776177000000,5256.9,5257.2,5245.8,5252.2,3.209,1776177299999,16846.9428,477,0,0,0
1776177300000,5252.2,5254.8,5244.0,5249.8,4.63,1776177599999,24295.4411,520,0.126,661.3028,0
1776177600000,5249.8,5258.5,5244.0,5257.8,2.322,1776177899999,12199.2159,493,0.598,3143.5201,0
1776177900000,5257.8,5257.9,5244.0,5257.0,3.606,1776178199999,18940.1805,500,1.125,5912.8773,0
1776178200000,5257.0,5257.4,5244.0,5255.9,4.407,1776178499999,23164.3850,379,2.404,12638.7569,0
1776178500000,5255.9,5258.5,5244.0,5257.7,3.207,1776178799999,16859.4322,569,0.602,3165.3857,0
1776178800000,5257.7,5259.9,5255.3,5258.2,4.02,1776179099999,21138.9170,573,1.429,7515.9987,0
1776179100000,5258.2,5260.0,5244.0,5256.5,4.789,1776179399999,25167.8333,542,1.066,5607.0594,0
1776179400000,5256.5,5260.0,5253.3,5255.0,3.043,1776179699999,15995.0054,555,0.034,178.8400,0
1776179700000,5255.0,5260.7,5255.0,5260.7,4.222,1776179999999,22200.1837,583,1.885,9912.8086,0
1776180000000,5260.7,5263.5,5260.7,5260.9,3.227,1776180299999,16982.6693,638,1.942,10220.7209,0
1776180300000,5260.9,5264.8,5260.4,5264.8,2.939,1776180599999,15466.3838,521,2.285,12025.0181,0
1776180600000,5264.8,5265.8,5261.9,5262.7,2.798,1776180899999,14730.0215,576,1.598,8412.7846,0
1776180900000,5262.7,5264.9,5260.0,5260.0,2.763,1776181199999,14542.3126,539,1.019,5364.0896,0
1776181200000,5258.9,5263.1,5244.0,5260.5,20.478,1776181499999,107689.7096,467,11.779,61957.8928,0
1776181500000,5260.5,5260.6,5258.5,5260.6,23.502,1776181799999,123607.6361,496,15.710,82625.6443,0
1776181800000,5260.6,5264.6,5260.6,5264.6,62.833,1776182099999,330659.9630,421,62.668,329791.5845,0
1776182100000,5264.6,5268.8,5264.6,5267.1,263.439,1776182399999,1387451.8865,651,192.900,1015871.1008,0
1776182400000,5267.1,5269.5,5266.9,5269.2,90.221,1776182699999,475309.9373,414,72.928,384225.6678,0
1776182700000,5269.1,5276.0,5268.4,5276.0,255.867,1776182999999,1348947.9591,696,255.428,1346633.7376,0
1776183000000,5276.0,5282.2,5276.0,5282.2,202.726,1776183299999,1069939.9962,613,202.235,1067346.9035,0
1776183300000,5282.2,5282.2,5279.3,5280.4,3.083,1776183599999,16278.4514,561,0.030,158.4660,0
1776183600000,5280.4,5282.3,5280.4,5281.7,2.441,1776183899999,12892.9323,473,0.739,3903.5951,0
1776183900000,5281.7,5282.4,5280.7,5280.8,358.228,1776184199999,1891854.7982,652,86.259,455550.8890,0
1776184200000,5280.8,5280.8,5278.1,5278.1,371.171,1776184499999,1959549.6287,727,51.258,270641.7004,0
1776184500000,5278.1,5282.7,5278.1,5282.7,2.628,1776184799999,13876.7587,523,2.139,11294.9553,0
1776184800000,5282.7,5285.3,5279.6,5281.4,2.704,1776185099999,14285.5889,607,1.002,5294.4083,0
1776185100000,5281.4,5281.4,5278.7,5279.4,1.776,1776185399999,9377.3594,355,0,0,0
1776185400000,5279.0,5282.6,5277.8,5277.8,1.749,1776185699999,9234.0959,337,0.029,153.1641,0
1776185700000,5277.8,5285.3,5270.0,5270.0,1431.291,1776185999999,7545048.0006,631,709.850,3741154.3907,0
1776186000000,5270.0,5273.1,5269.9,5273.1,761.993,1776186299999,4015704.8287,641,760.756,4009185.6782,0
1776186300000,5273.4,5274.5,5273.1,5274.5,21.388,1776186599999,112800.3859,380,20.662,108971.7113,0
1776186600000,5274.5,5274.5,5267.8,5267.8,378.602,1776186899999,1995533.5188,762,0.222,1170.5107,0
1776186900000,5267.8,5267.8,5267.0,5267.3,352.327,1776187199999,1855852.3582,426,101.379,533992.7260,0
1776187200000,5267.3,5267.3,5262.8,5262.8,2.488,1776187499999,13102.0937,457,0.324,1706.6052,0
1776187500000,5262.8,5262.8,5256.2,5257.0,2.08,1776187799999,10937.0127,397,0,0,0
1776187800000,5257.0,5259.1,5255.6,5255.6,39.584,1776188099999,208071.8097,473,6.933,36454.2891,0
1776188100000,5255.5,5257.9,5254.8,5256.8,16.226,1776188399999,85271.5226,448,1.052,5530.6552,0
1776188400000,5256.5,5258.4,5255.7,5257.6,2.061,1776188699999,10834.9844,379,0.672,3533.2177,0
1776188700000,5257.6,5263.8,5257.6,5261.6,2.399,1776188999999,12620.0992,494,1.629,8569.0586,0
1776189000000,5261.5,5264.5,5254.8,5264.5,1.74,1776189299999,9158.0096,340,0.946,4979.4896,0
1776189300000,5264.5,5268.1,5254.8,5263.0,2.883,1776189599999,15181.7254,588,1.487,7831.2316,0
1776189600000,5263.0,5264.0,5254.8,5261.3,3.052,1776189899999,16060.9942,585,1.090,5736.7261,0
1776189900000,5261.3,5264.0,5254.5,5262.1,126.475,1776190199999,664603.3035,596,1.626,8555.8264,0
1776190200000,5262.1,5262.1,5259.3,5259.4,2.389,1776190499999,12569.1647,559,1.059,5572.5639,0
1776190500000,5259.4,5262.1,5254.5,5262.1,2.71,1776190799999,14259.2045,500,1.415,7445.8715,0
1776190800000,5262.1,5262.1,5254.5,5262.1,12.383,1776191099999,65124.3399,529,7.614,40065.6294,0
1776191100000,5262.1,5264.0,5262.1,5264.0,4.862,1776191399999,25584.5563,564,4.862,25584.5563,0
1776191400000,5264.0,5264.0,5254.5,5262.2,2.963,1776191699999,15593.0841,532,0.724,3810.5222,0
1776191700000,5262.2,5263.1,5254.5,5260.6,2.749,1776191999999,14464.4066,523,0.143,752.5527,0
1776192000000,5260.6,5263.1,5260.6,5263.1,2.553,1776192299999,13435.9956,467,2.129,11205.1399,0
1776192300000,5263.1,5263.1,5254.5,5263.1,2.171,1776192599999,11425.8837,374,1.809,9520.9479,0
1776192600000,5263.1,5263.1,5254.5,5263.1,2.601,1776192899999,13689.0995,468,2.575,13552.4825,0
1776192900000,5263.1,5263.1,5254.5,5263.1,2.121,1776193199999,11162.8115,377,2.095,11026.1945,0
1776193200000,5263.1,5263.1,5263.1,5263.1,3.12,1776193499999,16420.8720,571,3.120,16420.8720,0
1776193500000,5263.1,5263.1,5263.1,5263.1,4.217,1776193799999,22194.4927,566,4.217,22194.4927,0
1776193800000,5263.1,5263.1,5254.5,5263.1,225.417,1776194099999,1186392.1267,578,225.407,1186339.5817,0
1776194100000,5263.1,5263.1,5254.5,5263.1,161.633,1776194399999,850690.5993,531,161.628,850664.3268,0
1776194400000,5263.1,5263.1,5254.5,5263.1,364.593,1776194699999,1918889.3323,586,364.583,1918836.7873,0
1776194700000,5263.1,5263.1,5263.1,5263.1,3.159,1776194999999,16626.1329,559,3.159,16626.1329,0
1776195000000,5263.1,5263.1,5254.5,5263.1,125.689,1776195299999,661513.7329,478,125.684,661487.4604,0
1776195300000,5263.1,5263.1,5254.5,5263.1,142.748,1776195599999,751296.8354,574,142.729,751196.9999,0
1776195600000,5263.1,5263.1,5254.5,5263.1,3.127,1776195899999,16457.5503,564,3.108,16357.7148,0
1776195900000,5263.1,5263.1,5254.5,5263.1,93.815,1776196199999,493757.5631,621,93.796,493657.7276,0
1776196200000,5263.1,5279.1,5263.1,5278.8,3.149,1776196499999,16586.5762,596,3.149,16586.5762,0
1776196500000,5278.8,5278.8,5254.5,5277.8,3.286,1776196799999,17344.0060,603,0.983,5189.0584,0
1776196800000,5277.8,5278.8,5277.8,5278.7,3.182,1776197099999,16796.9825,571,2.459,12980.5692,0
1776197100000,5278.7,5278.8,5277.8,5278.8,3.212,1776197399999,16955.3559,604,2.744,14485.0272,0
1776197400000,5278.8,5278.8,5277.8,5278.8,3.293,1776197699999,17383.0784,612,3.283,17330.3004,0
1776197700000,5278.8,5278.8,5278.8,5278.8,3.353,1776197999999,17699.8164,609,3.353,17699.8164,0
1776198000000,5278.8,5278.8,5278.8,5278.8,3.059,1776198299999,16147.8492,553,3.059,16147.8492,0
1776198300000,5278.8,5278.8,5278.8,5278.8,3.337,1776198599999,17615.3556,605,3.337,17615.3556,0
1776198600000,5278.8,5278.8,5278.8,5278.8,3.191,1776198899999,16844.6508,576,3.191,16844.6508,0
1776198900000,5278.8,5278.8,5277.8,5278.7,12.831,1776199199999,67731.9374,588,12.174,64264.1112,0
1776199200000,5278.5,5278.8,5277.8,5278.4,130.999,1776199499999,691516.5698,601,129.204,682042.0752,0
1776199500000,5278.4,5278.8,5278.4,5278.8,501.41,1776199799999,2646842.9912,628,500.314,2641057.5432,0
1776199800000,5278.8,5280.9,5278.8,5280.9,370.047,1776200099999,1953444.7146,676,370.047,1953444.7146,0
1776200100000,5280.9,5280.9,5277.8,5277.8,380.346,1776200399999,2007826.3971,839,0.932,4921.6604,0
1776200400000,5277.8,5277.8,5269.5,5269.5,557.96,1776200699999,2942077.8024,1054,0.677,3571.0745,0
1776200700000,5269.5,5270.4,5267.5,5269.2,133.871,1776200999999,705379.1260,694,62.175,327606.7266,0
1776201000000,5269.2,5271.9,5268.6,5271.8,39.333,1776201299999,207333.1110,638,38.029,200461.0744,0
1776201300000,5271.8,5271.8,5270.3,5271.3,17.855,1776201599999,94113.5203,525,1.315,6931.5293,0
1776201600000,5271.3,5271.3,5270.9,5271.3,73.081,1776201899999,385211.6690,613,1.596,8412.9948,0
1776201900000,5271.3,5271.3,5265.2,5266.3,163.684,1776202199999,862493.4249,765,5.499,28959.3924,0
1776202200000,5266.3,5266.5,5256.9,5256.9,591.005,1776202499999,3110403.0406,1117,7.748,40803.3379,0
1776202500000,5256.9,5260.3,5256.4,5258.5,91.186,1776202799999,479505.1417,745,77.397,407018.2685,0
1776202800000,5258.5,5260.7,5258.5,5260.7,13.824,1776203099999,72717.5725,537,12.061,63445.8061,0
1776203100000,5260.7,5260.7,5258.5,5260.2,51.674,1776203399999,271775.1442,583,1.195,6285.7143,0
1776203400000,5260.2,5263.5,5260.2,5263.5,55.024,1776203699999,289518.0290,652,53.910,283656.9715,0
1776203700000,5263.5,5268.8,5263.5,5268.8,334.735,1776203999999,1763029.2357,904,334.637,1762513.0041,0
1776204000000,5268.8,5269.4,5265.2,5265.2,17.708,1776204299999,93298.3127,580,15.033,79208.3224,0
1776204300000,5265.2,5267.6,5263.0,5263.0,2.984,1776204599999,15709.8067,597,0,0,0
1776204600000,5262.9,5265.9,5262.5,5262.7,2.948,1776204899999,15518.6555,598,0,0,0
1776204900000,5262.7,5263.6,5260.9,5260.9,2.829,1776205199999,14887.0148,545,0,0,0
1776205200000,5260.9,5263.3,5260.8,5263.3,2.933,1776205499999,15432.1968,549,0,0,0
1776205500000,5263.3,5263.3,5258.2,5258.7,2.849,1776205799999,14985.4976,564,0,0,0
1776205800000,5258.7,5262.8,5258.2,5261.5,2.81,1776206099999,14781.0802,540,0,0,0
1776206100000,5261.5,5265.1,5261.5,5265.1,2.923,1776206399999,15385.3386,545,0,0,0
1776206400000,5265.1,5269.6,5265.1,5269.1,2.867,1776206699999,15101.7969,542,0.132,695.5806,0
1776206700000,5267.9,5270.9,5267.9,5269.7,2.996,1776206999999,15787.2985,537,0.912,4806.6463,0
1776207000000,5269.7,5272.3,5269.7,5271.8,2.969,1776207299999,15649.8937,532,1.218,6420.6866,0
1776207300000,5272.2,5272.4,5268.9,5269.0,2.82,1776207599999,14862.9833,598,1.133,5971.9099,0
1776207600000,5269.0,5270.7,5268.1,5268.1,3.116,1776207899999,16419.4864,682,1.039,5475.1385,0
1776207900000,5268.1,5269.4,5258.2,5268.7,3.17,1776208199999,16698.7236,723,1.363,7181.0009,0
1776208200000,5268.7,5268.7,5267.7,5268.4,2.663,1776208499999,14029.5243,712,1.417,7465.2528,0
1776208500000,5268.4,5268.4,5267.9,5267.9,3.206,1776208799999,16890.0053,677,1.842,9704.3926,0
1776208800000,5267.9,5267.9,5266.8,5266.9,3.161,1776209099999,16649.5706,702,2.299,12109.1475,0
1776209100000,5266.9,5268.1,5266.8,5268.1,3.036,1776209399999,15991.5741,664,1.875,9876.1443,0
1776209400000,5268.1,5268.6,5267.1,5267.6,3.079,1776209699999,16219.9329,617,1.574,8292.1070,0
1776209700000,5267.6,5268.0,5266.6,5267.0,22.091,1776209999999,116353.2806,691,5.825,30681.5969,0
1776210000000,5267.0,5267.0,5265.2,5265.2,611.517,1776210299999,3220420.7022,969,0.964,5077.3669,0
1776210300000,5265.2,5266.1,5264.6,5266.1,40.142,1776210599999,211341.2503,815,1.599,8419.2394,0
1776210600000,5266.1,5266.1,5262.8,5263.0,3.159,1776210899999,16629.9225,710,0.571,3006.6579,0
1776210900000,5262.8,5267.4,5262.4,5265.6,122.702,1776211199999,646194.5487,785,120.784,636096.8775,0
1776211200000,5265.6,5271.0,5265.5,5271.0,59.25,1776211499999,312171.7123,615,56.470,297528.7747,0
1776211500000,5271.0,5276.3,5271.0,5274.7,182.088,1776211799999,960174.8545,733,175.659,926256.3667,0
1776211800000,5274.7,5276.8,5273.2,5274.5,28.203,1776212099999,148733.6676,623,17.876,94273.8344,0
1776212100000,5274.5,5277.8,5274.5,5277.0,187.524,1776212399999,989324.4603,759,186.972,986411.5586,0
1776212400000,5277.0,5278.7,5275.7,5276.8,78.11,1776212699999,412216.5744,628,54.314,286665.8522,0
1776212700000,5276.8,5277.7,5274.2,5274.4,62.069,1776212999999,327435.7988,609,14.604,77041.5437,0
1776213000000,5274.4,5276.3,5274.2,5276.3,111.773,1776213299999,589683.7290,712,110.391,582393.0423,0
1776213300000,5276.3,5279.2,5276.2,5279.2,169.948,1776213599999,896961.9343,746,169.647,895373.4124,0
1776213600000,5279.2,5279.2,5278.7,5279.0,53.508,1776213899999,282466.5418,639,16.394,86541.2440,0
1776213900000,5279.0,5279.1,5276.0,5276.1,590.196,1776214199999,3114727.6382,1064,1.058,5583.0618,0
1776214200000,5276.1,5278.3,5276.0,5277.5,3.127,1776214499999,16502.8077,718,2.697,14233.5508,0
1776214500000,5277.5,5278.3,5276.0,5278.3,3.357,1776214799999,17717.9472,735,2.278,12023.3377,0
1776214800000,5278.3,5278.3,5276.0,5277.9,2.992,1776215099999,15791.3525,758,1.802,9510.8986,0
1776215100000,5278.0,5278.0,5276.0,5276.9,3.035,1776215399999,16018.0198,728,1.544,8149.1335,0
1776215400000,5276.9,5279.2,5276.0,5279.1,3.187,1776215699999,16821.9481,641,2.617,13812.8842,0
1776215700000,5279.1,5279.4,5276.0,5279.1,3.199,1776215999999,16887.3910,689,1.651,8715.8521,0
1776216000000,5279.3,5279.3,5276.0,5279.2,3.063,1776216299999,16170.0576,584,1.291,6815.4529,0
1776216300000,5279.2,5280.0,5276.0,5280.0,3.18,1776216599999,16786.6227,683,2.604,13746.2604,0
1776216600000,5280.0,5282.3,5276.0,5282.3,3.02,1776216899999,15946.9936,610,2.285,12066.0834,0
1776216900000,5282.3,5283.1,5276.0,5276.0,2.839,1776217199999,14992.4203,562,1.168,6169.1010,0
1776217200000,5276.5,5276.5,5274.5,5274.5,80.472,1776217499999,424521.6518,778,0.025,131.8865,0
1776217500000,5274.5,5274.5,5270.9,5271.2,218.531,1776217799999,1152422.6633,802,0.531,2799.0943,0
1776217800000,5271.2,5273.6,5269.7,5273.6,568.053,1776218099999,2994257.7081,965,215.802,1137659.9558,0
1776218100000,5273.6,5275.5,5271.9,5271.9,2.837,1776218399999,14960.6511,599,0.844,4451.3909,0
1776218400000,5275.5,5275.5,5270.1,5270.1,3.05,1776218699999,16074.3500,580,0.028,147.6981,0
1776218700000,5270.2,5275.5,5269.1,5269.1,3.173,1776218999999,16719.9087,756,0.015,79.1166,0
1776219000000,5269.1,5275.5,5267.4,5267.4,3.135,1776219299999,16516.1946,778,0.075,395.2500,0
1776219300000,5268.0,5275.5,5266.6,5268.2,3.938,1776219599999,20743.4019,661,0.015,79.1025,0
1776219600000,5275.5,5275.5,5266.6,5270.4,3.095,1776219899999,16305.5904,620,0.040,210.8604,0
1776219900000,5275.5,5275.5,5266.6,5267.2,3.081,1776220199999,16232.5664,584,0.025,131.8875,0
1776220200000,5275.5,5275.5,5266.6,5270.5,3.052,1776220499999,16080.9416,593,0.058,305.6885,0
1776220500000,5270.6,5275.5,5266.6,5271.0,3.234,1776220799999,17047.6214,630,0.119,627.6612,0
1776220800000,5275.5,5275.5,5266.6,5272.9,3.366,1776221099999,17747.3053,623,0.099,522.0795,0
1776221100000,5272.9,5274.1,5266.6,5274.0,3.523,1776221399999,18573.3775,653,2.013,10614.6354,0
1776221400000,5274.1,5274.7,5266.6,5274.4,2.872,1776221699999,15147.2891,645,1.569,8275.2201,0
1776221700000,5274.4,5274.7,5266.6,5271.9,2.991,1776221999999,15769.3176,790,0.226,1191.5747,0
1776222000000,5271.9,5274.7,5266.6,5271.0,3.139,1776222299999,16549.0340,709,0.145,764.5826,0
1776222300000,5274.7,5274.7,5266.6,5269.7,3.242,1776222599999,17087.8888,617,0.025,131.8675,0
1776222600000,5274.7,5274.7,5266.6,5269.7,3.189,1776222899999,16805.8978,650,0.060,316.3126,0
1776222900000,5274.7,5274.7,5266.6,5267.9,3.124,1776223199999,16459.3743,577,0.020,105.4940,0
1776223200000,5274.7,5274.7,5265.9,5265.9,2.805,1776223499999,14774.3603,585,0.043,226.6216,0
1776223500000,5274.7,5274.7,5265.9,5267.5,3.007,1776223799999,15838.8421,636,0.010,52.7470,0
1776223800000,5267.5,5274.7,5265.4,5267.4,3.123,1776224099999,16447.4346,683,0.029,152.8943,0
1776224100000,5267.4,5274.7,5266.6,5266.6,3.369,1776224399999,17745.3792,582,0.005,26.3735,0
1776224400000,5274.7,5274.7,5265.7,5267.5,3.048,1776224699999,16054.4714,672,0.110,579.5857,0
1776224700000,5274.7,5274.7,5265.7,5267.3,2.997,1776224999999,15785.8253,568,0.020,105.4940,0
1776225000000,5274.7,5274.7,5265.7,5267.0,3.222,1776225299999,16972.0041,627,0.165,869.2534,0
1776225300000,5267.0,5267.0,5265.7,5267.0,2.981,1776225599999,15700.6921,612,2.309,12161.4887,0
1776225600000,5267.0,5267.0,5264.6,5264.6,97.642,1776225899999,514106.0473,632,0.868,4571.6972,0
1776225900000,5264.6,5264.6,5263.5,5263.5,49.148,1776226199999,258730.8499,686,1.242,6537.5252,0
1776226200000,5263.5,5265.5,5263.5,5265.4,144.826,1776226499999,762419.3839,695,127.265,669961.5169,0
1776226500000,5265.4,5266.5,5263.9,5266.5,3.088,1776226799999,16259.7295,739,1.777,9357.1446,0
1776226800000,5266.5,5267.0,5263.9,5266.2,3.952,1776227099999,20812.1565,654,2.584,13609.8477,0
1776227100000,5266.2,5266.7,5263.9,5266.7,3.205,1776227399999,16877.1742,666,2.361,12433.2043,0
1776227400000,5266.7,5267.0,5263.9,5267.0,3.148,1776227699999,16580.3917,605,3.043,16027.4414,0
1776227700000,5267.0,5267.0,5263.9,5266.5,3.311,1776227999999,17438.4791,698,2.685,14141.6733,0
1776228000000,5266.5,5267.0,5263.9,5267.0,2.903,1776228299999,15289.9205,560,2.776,14621.1009,0
1776228300000,5267.0,5267.0,5263.9,5267.0,3.224,1776228599999,16980.4116,595,2.633,13867.9757,0
1776228600000,5267.0,5267.0,5263.9,5265.4,3.264,1776228899999,17187.5892,689,1.081,5692.4544,0
1776228900000,5265.5,5265.9,5263.3,5263.3,30.343,1776229199999,159714.9572,683,0.868,4570.3821,0
1776229200000,5263.5,5263.5,5259.4,5259.4,356.38,1776229499999,1875162.3083,1139,0.025,131.5420,0
1776229500000,5259.5,5261.2,5259.4,5261.2,140.682,1776229799999,740052.0897,757,140.028,736611.9006,0
1776229800000,5261.2,5261.3,5258.8,5260.2,142.074,1776230099999,747234.5225,841,2.029,10672.3229,0
1776230100000,5260.2,5263.4,5258.8,5263.3,3.302,1776230399999,17373.6470,661,2.585,13601.8650,0
1776230400000,5263.4,5264.3,5258.8,5263.2,2.836,1776230699999,14927.2222,552,1.499,7890.2718,0
1776230700000,5263.3,5263.3,5258.8,5259.1,2.657,1776230999999,13976.6582,582,0.876,4607.9827,0
1776231000000,5259.2,5259.4,5256.9,5258.3,133.487,1776231299999,701902.1027,722,0.495,2603.0871,0
1776231300000,5258.3,5259.6,5256.8,5259.6,65.345,1776231599999,343651.2777,678,63.616,334559.8772,0
1776231600000,5259.5,5261.2,5258.9,5261.2,146.621,1776231899999,771182.3671,787,134.068,705159.7616,0
1776231900000,5261.2,5261.8,5259.4,5261.0,6.154,1776232199999,32376.1267,582,4.745,24964.4769,0
1776232200000,5261.8,5263.2,5259.4,5263.2,3.123,1776232499999,16432.5718,652,2.112,11113.5653,0
1776232500000,5263.2,5263.2,5259.4,5262.3,2.886,1776232799999,15187.2532,622,1.418,7462.2280,0
1776232800000,5262.3,5264.8,5259.4,5264.8,2.849,1776233099999,14995.6193,657,2.270,11948.5338,0
1776233100000,5264.8,5265.0,5259.4,5263.7,2.809,1776233399999,14787.1651,626,1.397,7354.9136,0
1776233400000,5263.7,5264.0,5259.4,5263.9,2.553,1776233699999,13436.8018,598,0.922,4852.7967,0
1776233700000,5264.0,5264.9,5259.4,5264.9,2.823,1776233999999,14858.9563,599,1.373,7227.2933,0
1776234000000,5264.9,5265.7,5259.4,5264.0,2.73,1776234299999,14373.3270,549,1.247,6565.9795,0
1776234300000,5264.0,5264.3,5259.4,5264.3,2.402,1776234599999,12641.8544,519,1.038,5463.4966,0
1776234600000,5264.3,5265.4,5259.4,5264.9,2.796,1776234899999,14720.6010,543,1.975,10398.4565,0
1776234900000,5265.0,5266.0,5259.4,5266.0,2.53,1776235199999,13321.2089,531,1.063,5597.2891,0
1776235200000,5266.0,5267.0,5259.4,5265.9,2.471,1776235499999,13013.7443,523,1.795,9454.0324,0
1776235500000,5266.0,5266.2,5259.4,5263.1,2.4,1776235799999,12633.3494,535,0.639,3364.0355,0
1776235800000,5263.1,5263.3,5259.4,5263.2,2.637,1776236099999,13878.5194,550,1.599,8415.7728,0
1776236100000,5263.3,5263.3,5259.4,5263.3,2.573,1776236399999,13541.0716,564,0.740,3894.6940,0
1776236400000,5263.3,5263.3,5259.4,5261.3,3.339,1776236699999,17568.5299,604,1.689,8886.8971,0
1776236700000,5261.3,5261.7,5259.4,5261.3,4.617,1776236999999,24288.4736,478,1.241,6529.6205,0
1776237000000,5261.5,5261.5,5259.4,5260.6,2.603,1776237299999,13694.0128,447,1.991,10474.3780,0
1776237300000,5260.7,5260.7,5258.3,5258.3,77.56,1776237599999,407870.6165,636,0.562,2956.4531,0
1776237600000,5258.5,5258.5,5257.2,5258.5,61.414,1776237899999,322871.7968,562,2.024,10642.5526,0
1776237900000,5258.5,5258.5,5256.2,5257.3,44.193,1776238199999,232318.8729,586,15.213,79970.5028,0
1776238200000,5257.8,5258.2,5250.5,5250.5,363.037,1776238499999,1907517.2350,808,0.421,2213.2404,0
1776238500000,5250.9,5252.9,5250.3,5252.9,74.052,1776238799999,388960.6316,549,73.463,385867.8401,0
1776238800000,5252.9,5256.0,5251.7,5253.7,121.632,1776239099999,638993.9836,512,119.638,628520.4413,0
1776239100000,5253.7,5256.0,5251.7,5255.2,2.655,1776239399999,13946.2258,552,0.015,78.8400,0
1776239400000,5256.0,5257.9,5253.6,5257.5,166.89,1776239699999,877384.1595,504,166.043,872932.8795,0
1776239700000,5257.5,5262.9,5257.5,5260.7,95.308,1776239999999,501290.1593,625,93.613,492372.0314,0
1776240000000,5260.7,5262.9,5258.8,5260.2,3.617,1776240299999,19029.9322,399,1.453,7646.9937,0
1776240300000,5262.9,5262.9,5259.7,5259.7,2.497,1776240599999,13134.4261,495,0.039,205.2025,0
1776240600000,5259.7,5262.9,5258.4,5258.4,2.281,1776240899999,11995.9221,466,0.015,78.9435,0
1776240900000,5262.9,5262.9,5258.4,5261.0,2.122,1776241199999,11162.0635,406,0.020,105.2580,0
1776241200000,5262.9,5262.9,5259.9,5260.0,2.347,1776241499999,12346.4835,497,0.028,147.3612,0
1776241500000,5260.0,5262.9,5258.8,5258.8,2.005,1776241799999,10544.8706,398,0.010,52.6290,0
1776241800000,5258.8,5262.9,5258.1,5258.1,2.647,1776242099999,13920.2855,599,0.059,310.3511,0
1776242100000,5262.9,5262.9,5258.0,5259.8,2.056,1776242399999,10812.3424,506,0.141,741.6920,0
1776242400000,5259.8,5262.9,5258.0,5260.1,2.669,1776242699999,14038.6323,615,0.221,1162.4406,0
1776242700000,5260.1,5262.9,5258.0,5259.5,2.729,1776242999999,14354.5460,497,0.020,105.2580,0
1776243000000,5262.9,5262.9,5258.0,5260.1,2.847,1776243299999,14975.0309,678,0.159,836.3896,0
1776243300000,5262.9,5262.9,5258.0,5261.2,2.749,1776243599999,14462.1016,568,0.058,305.1647,0
1776243600000,5261.2,5262.9,5258.0,5261.0,2.687,1776243899999,14136.8602,654,0.177,931.2885,0
1776243900000,5261.0,5263.7,5258.0,5261.7,2.774,1776244199999,14597.6834,533,0.472,2484.2149,0
1776244200000,5261.7,5263.7,5258.0,5260.1,1.676,1776244499999,8818.0276,370,0.052,273.6259,0
1776244500000,5260.1,5263.7,5258.0,5262.9,2.08,1776244799999,10941.7007,390,0.010,52.6370,0
1776244800000,5263.0,5263.7,5258.0,5262.6,1.827,1776245099999,9612.8319,359,0.042,221.0457,0
1776245100000,5262.6,5264.1,5258.0,5264.1,3.264,1776245399999,17178.1187,686,0.883,4647.8659,0
1776245400000,5264.1,5266.5,5258.0,5264.8,3.2,1776245699999,16847.5826,683,2.735,14399.6215,0
1776245700000,5265.0,5265.4,5258.0,5265.3,3.22,1776245999999,16954.1514,619,1.614,8498.3318,0
1776246000000,5265.3,5265.3,5258.0,5265.2,3.458,1776246299999,18206.9724,695,3.432,18070.2577,0
1776246300000,5265.2,5265.2,5258.0,5265.2,2.788,1776246599999,14679.1976,560,2.763,14547.7476,0
1776246600000,5265.2,5265.2,5258.0,5265.2,3.37,1776246899999,17743.5440,645,3.345,17612.0940,0
1776246900000,5265.2,5265.2,5258.0,5265.2,3.37,1776247199999,17743.5800,646,3.350,17638.4200,0
1776247200000,5265.2,5265.2,5258.0,5265.2,3.359,1776247499999,17685.7348,637,3.349,17633.1548,0
1776247500000,5265.2,5265.2,5258.0,5265.2,3.375,1776247799999,17769.7908,633,3.278,17259.3256,0
1776247800000,5265.2,5265.2,5258.0,5265.2,3.59,1776248099999,18901.9240,638,3.570,18796.7640,0
1776248100000,5265.2,5265.2,5258.0,5265.0,3.399,1776248399999,17896.2222,632,3.311,17433.0772,0
1776248400000,5265.2,5265.2,5258.0,5265.2,3.37,1776248699999,17743.5232,635,3.241,17064.5132,0
1776248700000,5265.2,5265.2,5258.0,5265.2,3.299,1776248999999,17369.6792,622,3.100,16322.1200,0
1776249000000,5265.2,5265.2,5258.0,5263.9,3.107,1776249299999,16356.3868,608,1.751,9218.3984,0
1776249300000,5263.9,5263.9,5260.8,5261.0,3.024,1776249599999,15913.9727,612,1.157,6089.6693,0
1776249600000,5261.0,5262.5,5258.0,5260.4,3.789,1776249899999,19933.4536,566,0,0,0
1776249900000,5260.4,5263.9,5258.0,5261.0,3.166,1776250199999,16660.5105,655,0.750,3947.6392,0
1776250200000,5263.9,5263.9,5256.6,5256.7,3.099,1776250499999,16299.2584,655,0.040,210.4867,0
1776250500000,5263.9,5263.9,5256.7,5257.2,2.81,1776250799999,14775.0807,556,0.010,52.6390,0
1776250800000,5263.9,5263.9,5255.7,5255.7,3.252,1776251099999,17099.2619,670,0.010,52.6390,0
1776251100000,5263.9,5263.9,5253.6,5256.8,3.326,1776251399999,17478.9096,688,0.025,131.5975,0
1776251400000,5263.9,5263.9,5251.5,5251.7,3.227,1776251699999,16957.5229,642,0.025,131.5975,0
1776251700000,5263.9,5263.9,5251.5,5252.9,3.351,1776251999999,17604.3004,648,0.025,131.5975,0
1776252000000,5263.9,5263.9,5250.7,5251.2,3.45,1776252299999,18116.4236,687,0.039,205.0413,0
1776252300000,5263.9,5263.9,5250.4,5250.9,3.561,1776252599999,18698.9158,778,0.025,131.5975,0
1776252600000,5263.9,5263.9,5247.6,5247.8,4.01,1776252899999,21049.1087,825,0.045,236.6193,0
1776252900000,5263.9,5263.9,5247.5,5248.0,4.339,1776253199999,22771.3480,750,0.072,378.2120,0
1776253200000,5263.9,5263.9,5246.9,5246.9,3.392,1776253499999,17799.5148,819,0.054,283.7759,0
1776253500000,5263.9,5263.9,5241.5,5241.7,3.094,1776253799999,16224.3472,710,0.052,272.9473,0
1776253800000,5241.7,5263.9,5241.7,5246.2,4.147,1776254099999,21747.9937,693,1.511,7921.4915,0
1776254100000,5263.9,5263.9,5244.5,5244.5,3.3,1776254399999,17310.7786,688,0.025,131.5975,0
1776254400000,5263.9,5263.9,5243.9,5244.5,2.925,1776254699999,15343.3691,582,0.038,199.7797,0
1776254700000,5263.9,5263.9,5243.0,5245.7,3.322,1776254999999,17422.9556,681,0.025,131.5975,0
1776255000000,5263.9,5263.9,5245.7,5246.9,3.254,1776255299999,17074.1648,641,0.025,131.5975,0
1776255300000,5263.9,5263.9,5245.5,5246.5,3.329,1776255599999,17467.1758,668,0.148,778.4482,0
1776255600000,5246.5,5263.9,5246.3,5247.4,3.979,1776255899999,20890.8656,692,0.864,4546.7940,0
1776255900000,5263.9,5263.9,5246.0,5246.0,3.317,1776256199999,17402.6101,692,0.152,797.7491,0
1776256200000,5246.4,5263.9,5244.4,5245.7,5.525,1776256499999,28977.7858,858,0.472,2475.8049,0
1776256500000,5245.7,5263.9,5245.2,5248.8,3.154,1776256799999,16546.5999,710,0.464,2434.2370,0
1776256800000,5249.2,5263.9,5244.6,5245.7,7.643,1776257099999,40175.9385,731,4.907,25823.8186,0
1776257100000,5245.7,5263.9,5244.8,5245.4,3.112,1776257399999,16325.5067,720,0.415,2177.2798,0
1776257400000,5263.9,5263.9,5244.5,5244.8,3.348,1776257699999,17560.6571,778,0.170,892.0847,0
1776257700000,5245.0,5263.9,5244.7,5246.5,3.218,1776257999999,16880.2231,759,0.248,1301.3821,0
1776258000000,5246.5,5263.9,5246.0,5250.3,2.687,1776258299999,14102.8042,654,0.360,1890.2579,0
1776258300000,5250.3,5263.9,5247.6,5249.5,2.945,1776258599999,15460.3339,625,0.121,635.4575,0
1776258600000,5249.6,5263.9,5249.0,5251.4,2.994,1776258899999,15720.6937,665,0.124,651.3076,0
1776258900000,5263.9,5263.9,5250.6,5251.7,2.602,1776259199999,13664.5697,597,0.122,640.9065,0
1776259200000,5263.9,5263.9,5251.5,5252.3,2.337,1776259499999,12273.6878,484,0.048,252.3105,0
1776259500000,5252.3,5263.9,5251.2,5251.9,2.807,1776259799999,14741.5728,527,0.020,105.2780,0
1776259800000,5263.9,5263.9,5249.5,5250.1,2.92,1776260099999,15332.5786,627,0.197,1034.8820,0
1776260100000,5263.9,5263.9,5244.5,5244.8,3.006,1776260399999,15773.6013,623,0.025,131.5975,0
1776260400000,5263.9,5263.9,5241.9,5242.0,32.716,1776260699999,171533.6431,682,0.025,131.5975,0
1776260700000,5263.9,5263.9,5241.1,5242.5,7.203,1776260999999,37758.9944,719,0.722,3785.5027,0
1776261000000,5243.9,5263.9,5239.3,5240.5,3.391,1776261299999,17772.4217,724,0.025,131.1575,0
1776261300000,5263.9,5263.9,5238.8,5242.5,44.762,1776261599999,234540.4592,830,1.892,9916.5219,0
1776261600000,5242.5,5242.6,5239.6,5239.6,3.319,1776261899999,17394.5963,746,0.066,345.9632,0
1776261900000,5239.6,5242.6,5236.9,5237.5,3.543,1776262199999,18556.2511,815,0.067,351.0400,0
1776262200000,5237.5,5242.6,5236.7,5238.3,3.387,1776262499999,17738.9936,682,0.020,104.8469,0
1776262500000,5238.3,5242.6,5236.2,5236.2,3.002,1776262799999,15725.1713,645,0.041,214.8852,0
1776262800000,5242.6,5242.6,4974.4,5236.8,2644.511,1776263099999,13828111.7033,1004,0.234,1225.5217,0
1776263100000,5242.6,5242.6,5236.2,5237.0,2.972,1776263399999,15566.5423,842,0.761,3986.4831,0
1776263400000,5237.0,5239.7,5236.2,5236.5,2.833,1776263699999,14836.5869,739,0.616,3226.5487,0
1776263700000,5236.5,5242.6,5233.6,5233.6,2.682,1776263999999,14041.6022,701,0.055,288.0942,0
1776264000000,5233.6,5242.6,5230.8,5230.8,2.424,1776264299999,12683.7610,493,0.040,209.5445,0
1776264300000,5242.6,5242.6,5225.9,5225.9,1.926,1776264599999,10072.2327,387,0.025,131.0650,0
1776264600000,5242.6,5242.6,5225.9,5226.2,2.72,1776264899999,14216.9309,579,0.105,549.2177,0
1776264900000,5226.2,5242.6,5225.9,5226.0,2.195,1776265199999,11472.1880,460,0.065,340.0763,0
1776265200000,5242.6,5242.6,5219.3,5219.4,2.993,1776265499999,15627.3565,587,0.084,438.9294,0
1776265500000,5219.4,5221.6,5214.9,5216.4,168.6,1776265799999,879444.9349,612,0.630,3286.1663,0
1776265800000,5216.4,5216.5,5214.0,5214.0,2.548,1776266099999,13287.9369,524,0.025,130.4124,0
1776266100000,5216.5,5216.5,4953.2,5215.0,2938.671,1776266399999,15298024.1442,708,0.020,104.3300,0
1776266400000,5215.0,5216.5,5214.9,5214.9,2.477,1776266699999,12917.6543,470,0.025,130.4092,0
1776266700000,5216.5,5216.5,5214.9,5216.2,2.405,1776266999999,12542.2558,445,0.025,130.4125,0
1776267000000,5216.2,5217.7,5212.6,5212.6,35.574,1776267299999,185582.1461,568,33.550,175028.1906,0
1776267300000,5217.7,5217.7,5209.6,5210.3,75.791,1776267599999,394927.9233,703,0.261,1360.0236,0
1776267600000,5210.3,5213.2,5210.2,5210.8,11.96,1776267899999,62336.7822,513,10.250,53425.9190,0
1776267900000,5213.2,5213.2,5209.4,5210.9,2.862,1776268199999,14913.9084,603,0.066,343.9524,0
1776268200000,5213.2,5213.2,5209.4,5209.6,3.017,1776268499999,15718.8856,449,0.026,135.5392,0
1776268500000,5213.2,5213.2,5209.3,5209.4,2.242,1776268799999,11680.1644,468,0.010,52.1320,0
1776268800000,5209.4,5213.2,5209.3,5209.8,3.692,1776269099999,19234.6252,460,0.039,203.2565,0
1776269100000,5213.2,5213.2,5209.3,5209.4,2.757,1776269399999,14363.6084,524,0.010,52.1320,0
1776269400000,5209.4,5213.2,5204.3,5204.7,2.485,1776269699999,12938.4582,583,0.020,104.2640,0
1776269700000,5213.2,5213.2,5204.4,5204.4,2.28,1776269999999,11866.9338,498,0.042,218.6811,0
1776270000000,5213.2,5213.2,5201.6,5201.6,1.952,1776270299999,10160.1835,488,0.020,104.2640,0
1776270300000,5213.2,5213.2,5200.5,5200.8,2.746,1776270599999,14282.1874,550,0.025,130.3300,0
1776270600000,5213.2,5213.2,5200.0,5200.0,2.427,1776270899999,12621.3421,445,0.025,130.3300,0
1776270900000,5213.2,5213.2,5198.5,5200.5,2.35,1776271199999,12218.2054,493,0.015,78.1980,0
1776271200000,5213.2,5213.2,5198.5,5198.5,2.458,1776271499999,12782.6323,553,0.025,130.3300,0
1776271500000,5213.2,5213.2,5198.0,5198.0,55.773,1776271799999,289913.2859,636,0.010,52.1320,0
1776271800000,5198.1,5198.1,5194.2,5195.3,96.782,1776272099999,502884.3887,632,8.384,43556.1899,0
1776272100000,5195.3,5196.4,5193.0,5193.0,152.652,1776272399999,792941.6330,646,31.470,163508.3492,0
1776272400000,5193.0,5195.0,5193.0,5194.1,50.136,1776272699999,260410.8740,511,29.152,151427.9007,0
1776272700000,5194.1,5194.9,5190.5,5190.5,314.375,1776272999999,1632627.9138,776,0.055,285.6698,0
1776273000000,5190.6,5192.6,5190.5,5192.6,187.923,1776273299999,975690.7318,633,180.937,939424.9029,0
1776273300000,5192.6,5193.9,5192.2,5193.9,55.258,1776273599999,286967.2008,533,54.531,283192.3137,0
1776273600000,5194.2,5194.6,5193.4,5193.9,17.417,1776273899999,90472.3232,337,16.945,88020.7359,0
1776273900000,5193.9,5195.0,5190.8,5190.8,35.682,1776274199999,185349.9723,477,34.208,177696.4808,0
1776274200000,5195.0,5195.0,5190.2,5193.0,2.38,1776274499999,12356.3775,593,0.025,129.8750,0
1776274500000,5195.0,5195.0,5190.6,5194.0,2.896,1776274799999,15034.6141,661,0.055,285.6165,0
1776274800000,5194.0,5195.2,5192.4,5195.2,19.57,1776275099999,101665.1639,541,17.438,90592.1013,0
1776275100000,5195.3,5196.5,5195.3,5196.3,56.129,1776275399999,291634.5417,592,55.084,286204.5627,0
1776275400000,5196.2,5196.5,5193.8,5196.4,2.68,1776275699999,13923.6915,537,0.069,358.5585,0
1776275700000,5196.3,5197.4,5194.5,5194.5,22.009,1776275999999,114374.8864,548,20.111,104513.7941,0
1776276000000,5197.4,5197.4,5193.8,5193.8,2.459,1776276299999,12774.0021,488,0.020,103.9480,0
1776276300000,5197.4,5197.4,5192.5,5195.6,2.31,1776276599999,11998.7677,447,0.025,129.9350,0
1776276600000,5197.4,5197.9,5193.4,5194.5,26.661,1776276899999,138514.6827,526,0.882,4582.5659,0
1776276900000,5194.5,5197.6,5194.5,5197.6,142.654,1776277199999,741239.4807,581,142.291,739353.4509,0
1776277200000,5197.8,5199.1,5197.8,5199.0,393.765,1776277499999,2047162.1222,580,393.575,2046174.3182,0
1776277500000,5199.2,5199.9,5198.5,5199.2,519.453,1776277799999,2700803.9610,640,91.539,475972.8343,0
1776277800000,5199.3,5199.9,5198.6,5198.9,642.913,1776278099999,3342905.3379,694,458.588,2384467.2897,0
1776278100000,5199.3,5199.3,5194.8,5194.8,139.468,1776278399999,724623.4671,692,37.830,196519.3350,0
1776278400000,5194.8,5197.0,5184.1,5197.0,3018.448,1776278699999,15663521.7421,847,1908.164,9901405.0355,0
1776278700000,5197.0,5197.2,5195.1,5195.4,165.781,1776278999999,861584.9231,498,164.086,852777.0989,0
1776279000000,5195.4,5196.0,5194.2,5194.2,2.351,1776279299999,12213.0598,470,0,0,0
1776279300000,5194.2,5197.4,5193.0,5194.8,2.557,1776279599999,13282.0092,468,0.010,51.9740,0
1776279600000,5194.8,5196.8,5194.7,5196.0,2.227,1776279899999,11572.0637,424,0,0,0
1776279900000,5197.4,5201.5,5195.9,5200.8,325.309,1776280199999,1691292.3079,689,324.650,1687866.2008,0
1776280200000,5201.3,5205.9,5200.6,5204.5,1112.207,1776280499999,5788642.3142,831,847.110,4408665.6577,0
1776280500000,5205.2,5207.9,5204.5,5205.5,212.956,1776280799999,1108795.1597,641,211.134,1099310.7565,0
1776280800000,5205.5,5208.0,5204.6,5205.0,2.847,1776281099999,14819.6449,571,0.010,52.0800,0
1776281100000,5205.0,5208.0,5205.0,5207.8,2.59,1776281399999,13483.7725,543,0.015,78.1200,0
1776281400000,5208.0,5210.5,5205.0,5206.7,2.801,1776281699999,14589.6547,556,1.714,8928.4192,0
1776281700000,5207.3,5208.4,5202.7,5207.4,177.628,1776281999999,924403.8102,655,1.421,7398.5403,0
1776282000000,5207.4,5207.8,5202.7,5206.6,2.756,1776282299999,14346.7574,566,1.846,9610.5565,0
1776282300000,5206.6,5206.6,5202.5,5204.9,9.023,1776282599999,46947.3805,534,3.351,17435.8016,0
1776282600000,5204.9,5208.9,5202.6,5207.1,2.72,1776282899999,14162.5074,538,2.339,12178.6584,0
1776282900000,5208.9,5208.9,5202.6,5202.8,2.231,1776283199999,11613.5486,461,0.665,3461.7463,0
1776283200000,5205.0,5205.0,5202.5,5204.2,8.045,1776283499999,41857.2357,415,6.887,35831.8926,0
1776283500000,5204.2,5210.4,5202.5,5208.5,1414.493,1776283799999,7366503.7629,649,1176.142,6124610.0859,0
1776283800000,5208.5,5208.5,5206.5,5206.6,2.326,1776284099999,12113.8163,409,0.245,1276.0825,0
1776284100000,5206.6,5208.5,5206.6,5208.4,211.315,1776284399999,1100235.0140,446,0.682,3551.9745,0
1776284400000,5208.5,5216.7,5208.4,5213.9,2176.692,1776284699999,11350155.5231,930,1184.283,6173897.0278,0
1776284700000,5213.9,5217.1,5211.9,5217.1,2.127,1776284999999,11089.5695,439,0.894,4662.2903,0
1776285000000,5217.1,5219.6,5216.5,5219.6,116.267,1776285299999,606685.7082,629,115.092,600555.0274,0
1776285300000,5219.6,5219.8,5217.5,5217.5,227.087,1776285599999,1185023.3355,624,0.526,2745.4952,0
1776285600000,5217.8,5220.2,5217.5,5220.2,337.77,1776285899999,1762761.4868,604,337.356,1760601.3222,0
1776285900000,5220.2,5222.3,5219.6,5222.3,43.471,1776286199999,226960.9639,583,42.000,219282.0400,0
1776286200000,5222.4,5224.2,5222.4,5222.7,33.986,1776286499999,177516.1376,520,33.134,173066.1520,0
1776286500000,5224.2,5224.2,5221.3,5222.3,2.72,1776286799999,14204.6267,560,0.020,104.4840,0
1776286800000,5224.2,5226.5,5222.3,5226.5,69.97,1776287099999,365633.2846,464,69.330,362290.1770,0
1776287100000,5226.5,5228.8,5226.5,5228.1,109.863,1776287399999,574370.6079,625,91.687,479345.7269,0
1776287400000,5228.1,5230.7,5228.1,5230.7,153.038,1776287699999,800279.2921,600,153.013,800148.5858,0
1776287700000,5230.7,5233.6,5230.7,5231.9,63.754,1776287999999,333553.6581,556,55.859,292245.3416,0
1776288000000,5231.9,5232.1,5229.5,5229.8,461.115,1776288299999,2412188.8418,523,46.879,245223.6754,0
1776288300000,5229.8,5229.8,5227.6,5227.6,154.34,1776288599999,807024.3290,493,0.370,1935.0165,0
1776288600000,5229.0,5229.0,5224.0,5224.0,68.292,1776288899999,356858.3514,495,11.359,59364.4290,0
1776288900000,5224.4,5226.5,5222.5,5222.5,211.354,1776289199999,1103987.8577,528,11.667,60968.7369,0
1776289200000,5222.2,5224.8,5220.6,5224.6,116.129,1776289499999,606394.9368,453,1.041,5437.0212,0
1776289500000,5224.9,5226.1,5218.3,5220.0,1.838,1776289799999,9597.3362,422,0.212,1107.7707,0
1776289800000,5220.0,5226.1,5218.3,5220.3,1.568,1776290099999,8185.0691,308,0.010,52.2610,0
1776290100000,5220.3,5226.1,5218.0,5218.7,1.489,1776290399999,7771.7321,331,0.039,203.8179,0
1776290400000,5218.7,5224.5,5215.8,5216.0,2.098,1776290699999,10945.7184,462,0.049,255.7670,0
1776290700000,5216.0,5224.5,5210.4,5210.4,2.364,1776290999999,12325.3900,490,0.020,104.4350,0
1776291000000,5209.9,5213.5,5209.8,5213.0,2.344,1776291299999,12216.9284,469,0.032,166.8141,0
1776291300000,5213.5,5213.5,5209.8,5213.5,2.495,1776291599999,13007.5944,465,2.446,12752.2210,0
1776291600000,5213.5,5215.6,5211.6,5215.6,2.377,1776291899999,12392.5134,467,2.352,12262.2234,0
1776291900000,5215.6,5215.7,5211.6,5215.7,2.591,1776292199999,13512.4472,525,1.448,7551.9622,0
1776292200000,5215.7,5216.3,5211.6,5215.5,2.494,1776292499999,13008.2669,579,0.928,4840.5668,0
1776292500000,5216.3,5220.4,5211.6,5220.4,2.52,1776292799999,13150.0216,514,1.935,10097.3570,0
1776292800000,5220.4,5222.7,5211.6,5219.6,2.762,1776293099999,14418.2704,544,0.299,1561.2123,0
1776293100000,5222.7,5222.7,5211.6,5220.4,1.756,1776293399999,9164.6811,334,0.025,130.5636,0
1776293400000,5222.7,5222.7,5211.6,5220.4,2.965,1776293699999,15479.7035,592,0.066,344.6275,0
1776293700000,5220.4,5222.8,5209.8,5222.8,3.205,1776293999999,16725.3270,584,0.674,3520.1550,0
1776294000000,5222.8,5222.8,5221.3,5221.3,2.631,1776294299999,13738.8396,482,0.017,88.7876,0
1776294300000,5221.3,5222.8,5209.8,5218.6,2.242,1776294599999,11701.9216,531,0.091,475.0085,0
1776294600000,5218.6,5222.9,5218.6,5222.9,2.569,1776294899999,13414.7968,466,0.276,1441.5146,0
1776294900000,5222.9,5226.6,5209.8,5226.0,2.977,1776295199999,15555.8175,630,1.690,8830.5890,0
1776295200000,5226.1,5227.2,5209.8,5226.7,2.829,1776295499999,14784.7719,623,1.147,5995.2143,0
1776295500000,5226.7,5227.2,5209.8,5223.9,2.903,1776295799999,15167.6654,547,0.020,104.5435,0
1776295800000,5227.2,5227.2,5209.8,5226.1,2.695,1776296099999,14083.0424,487,0.124,648.1728,0
1776296100000,5226.1,5228.4,5225.9,5227.6,2.582,1776296399999,13497.4312,557,1.380,7214.3156,0
1776296400000,5227.6,5227.6,5226.0,5226.0,2.549,1776296699999,13322.9407,609,0.565,2953.4870,0
1776296700000,5226.0,5226.8,5209.8,5223.7,2.477,1776296999999,12942.7485,552,0.569,2973.8407,0
1776297000000,5226.8,5226.8,5209.8,5224.3,2.277,1776297299999,11892.9613,428,0.025,130.6700,0
1776297300000,5226.8,5226.8,5209.8,5223.4,2.123,1776297599999,11089.5753,443,0.025,130.6700,0
1776297600000,5226.8,5227.0,5222.8,5227.0,2.346,1776297899999,12261.6049,395,1.666,8707.9318,0
1776297900000,5227.0,5229.7,5225.9,5226.0,2.44,1776298199999,12754.8865,475,1.420,7423.6739,0
1776298200000,5226.0,5227.0,5226.0,5226.9,2.681,1776298499999,14012.8023,506,1.970,10296.5322,0
1776298500000,5226.9,5227.0,5226.5,5227.0,2.056,1776298799999,10746.5746,375,1.487,7772.5308,0
1776298800000,5226.3,5226.4,5222.8,5224.3,1.673,1776299099999,8741.6985,373,0.493,2576.1052,0
1776299100000,5224.3,5224.5,5223.8,5224.5,1.757,1776299399999,9179.0809,431,0.668,3489.9381,0
1776299400000,5224.5,5227.0,5223.8,5227.0,2.392,1776299699999,12499.1515,464,1.486,7765.0267,0
1776299700000,5227.0,5229.1,5209.8,5228.5,2.562,1776299999999,13393.8002,582,2.019,10554.7800,0
1776300000000,5228.5,5228.6,5226.3,5226.3,2.365,1776300299999,12363.5473,435,0.825,4313.3504,0
1776300300000,5226.3,5228.0,5226.0,5226.7,2.811,1776300599999,14692.2724,586,1.893,9893.9813,0
1776300600000,5226.7,5226.8,5225.9,5226.5,2.402,1776300899999,12553.7956,481,0.830,4337.9244,0
1776300900000,5226.5,5227.7,5224.0,5224.1,2.589,1776301199999,13530.1766,481,0.867,4532.1258,0
1776301200000,5224.1,5225.6,5222.6,5225.6,2.41,1776301499999,12590.0528,454,2.094,10939.6497,0
1776301500000,5225.6,5226.8,5225.5,5226.5,2.477,1776301799999,12944.9584,486,0.975,5095.3228,0
1776301800000,5226.5,5226.5,5209.8,5224.7,2.802,1776302099999,14641.2456,513,0,0,0
1776302100000,5224.7,5224.7,5222.8,5222.8,3.11,1776302399999,16246.3541,552,0,0,0
1776302400000,5222.8,5222.8,5219.9,5222.0,2.295,1776302699999,11983.1288,422,0,0,0
1776302700000,5222.0,5226.8,5209.8,5223.6,2.793,1776302999999,14590.7473,591,0.049,256.0102,0
1776303000000,5223.9,5223.9,5222.0,5222.1,2.244,1776303299999,11719.5874,418,0,0,0
1776303300000,5222.1,5222.1,5220.0,5221.3,2.584,1776303599999,13491.7133,471,0,0,0
1776303600000,5221.3,5221.9,5221.2,5221.3,2.407,1776303899999,12567.6522,447,0,0,0
1776303900000,5221.3,5226.8,5209.8,5220.1,1.588,1776304199999,8290.9167,297,0.005,26.1340,0
1776304200000,5220.1,5221.0,5220.0,5220.1,2.664,1776304499999,13906.8106,491,0,0,0
1776304500000,5220.1,5222.4,5220.0,5220.0,2.043,1776304799999,10666.2354,399,0,0,0
1776304800000,5220.0,5220.6,5209.8,5217.1,2.578,1776305099999,13450.4508,469,0,0,0
1776305100000,5217.1,5218.6,5217.0,5217.1,1.912,1776305399999,9975.7773,357,0,0,0
1776305400000,5217.1,5226.8,5209.8,5219.2,2.318,1776305699999,12094.2500,418,0.005,26.1340,0
1776305700000,5219.2,5225.8,5219.2,5225.8,1.577,1776305999999,8235.5700,281,0,0,0
1776306000000,5225.8,5227.7,5224.3,5227.7,2.335,1776306299999,12201.8760,436,0.395,2064.7856,0
1776306300000,5227.7,5228.9,5226.0,5226.0,2.071,1776306599999,10826.0273,415,0.729,3811.3321,0
1776306600000,5226.0,5228.5,5209.8,5227.3,2.359,1776306899999,12327.1025,567,1.879,9819.4245,0
1776306900000,5227.7,5231.2,5227.7,5228.7,2.435,1776307199999,12733.3329,456,1.202,6286.0758,0
1776307200000,5228.7,5228.9,5209.8,5227.8,2.6,1776307499999,13592.3134,550,1.075,5620.1494,0
1776307500000,5227.9,5227.9,5209.8,5226.2,2.527,1776307799999,13207.3182,551,0.873,4562.9165,0
1776307800000,5226.2,5226.6,5209.8,5225.4,2.383,1776308099999,12450.9537,612,1.698,8871.9429,0
1776308100000,5225.5,5226.5,5209.8,5224.6,2.641,1776308399999,13800.2240,520,1.160,6061.9729,0
1776308400000,5224.6,5227.6,5209.8,5225.3,1.839,1776308699999,9610.2401,363,1.308,6835.8226,0
1776308700000,5225.3,5226.5,5224.2,5225.9,2.012,1776308999999,10513.6324,400,0.756,3950.6929,0
1776309000000,5225.9,5226.6,5224.2,5225.8,2.377,1776309299999,12420.8583,526,1.254,6552.9148,0
1776309300000,5225.8,5225.8,5222.0,5223.1,2.45,1776309599999,12799.9128,523,0.415,2168.3228,0
1776309600000,5223.5,5224.0,5209.8,5221.2,2.39,1776309899999,12480.1383,467,0.845,4412.7688,0
1776309900000,5221.3,5222.2,5209.8,5222.2,1.913,1776310199999,9985.8869,398,1.075,5611.9993,0
1776310200000,5222.2,5224.5,5209.8,5224.4,2.249,1776310499999,11746.2121,528,2.227,11631.4213,0
1776310500000,5224.4,5225.2,5209.8,5223.9,2.248,1776310799999,11744.3600,416,0.673,3516.3558,0
1776310800000,5223.9,5224.7,5223.0,5223.4,2.94,1776311099999,15357.6320,549,0.780,4074.6423,0
1776311100000,5223.2,5223.3,5222.7,5223.3,2.014,1776311399999,10518.8726,452,1.584,8273.0888,0
1776311400000,5223.3,5224.6,5209.8,5222.8,2.984,1776311699999,15586.9155,618,0.789,4121.6139,0
1776311700000,5224.6,5224.6,5209.8,5222.9,2.497,1776311999999,13038.7749,489,0.047,245.4831,0
1776312000000,5222.9,5224.6,5209.8,5220.6,3.372,1776312299999,17609.2107,504,0.652,3406.4375,0
1776312300000,5220.6,5224.6,5209.8,5224.0,1.757,1776312599999,9175.8969,347,0.014,73.1384,0
1776312600000,5224.0,5224.6,5209.8,5220.3,2.247,1776312899999,11731.5555,443,0.005,26.1230,0
1776312900000,5224.6,5224.6,5209.8,5217.8,2.508,1776313199999,13090.1403,478,0.015,78.3690,0
1776313200000,5217.8,5224.6,5209.8,5219.7,2.105,1776313499999,10986.4053,398,0.005,26.1230,0
1776313500000,5224.6,5224.6,5209.8,5221.1,1.914,1776313799999,9992.7890,422,0.077,402.0434,0
1776313800000,5224.6,5224.6,5209.8,5221.4,1.31,1776314099999,6839.0080,326,0.010,52.2300,0
1776314100000,5224.6,5224.6,5209.8,5222.8,1.773,1776314399999,9258.6001,329,0.010,52.2460,0
1776314400000,5224.6,5224.6,5209.8,5222.2,1.304,1776314699999,6809.3265,254,0.010,52.2460,0
1776314700000,5224.6,5224.9,5209.8,5224.9,1.637,1776314999999,8549.7930,301,0.262,1368.9052,0
1776315000000,5224.9,5226.6,5209.8,5226.6,1.542,1776315299999,8058.1312,307,1.284,6710.1978,0
1776315300000,5226.6,5227.0,5209.8,5226.6,2.48,1776315599999,12961.8679,478,1.943,10155.4673,0
1776315600000,5226.6,5227.3,5209.8,5226.7,2.471,1776315899999,12915.0490,522,1.422,7432.5051,0
1776315900000,5226.7,5230.0,5209.8,5230.0,2.406,1776316199999,12578.1425,550,2.396,12526.0445,0
1776316200000,5230.0,5233.0,5209.8,5231.4,68.953,1776316499999,360751.0310,594,68.377,357737.8229,0
1776316500000,5231.4,5234.4,5209.8,5234.4,25.543,1776316799999,133697.5265,617,25.135,131563.2230,0
1776316800000,5234.4,5234.9,5209.8,5233.6,2.5,1776317099999,13084.8959,475,1.123,5878.3472,0
1776317100000,5233.6,5234.9,5233.6,5233.6,2.113,1776317399999,11059.1831,465,0.015,78.5235,0
1776317400000,5233.6,5234.9,5232.9,5233.0,7.142,1776317699999,37374.7498,489,0.044,230.2636,0
1776317700000,5232.9,5234.9,5232.0,5232.0,2.905,1776317999999,15199.9893,572,0.005,26.1745,0
1776318000000,5232.0,5234.9,5230.4,5230.4,2.656,1776318299999,13893.8667,690,0.085,444.7138,0
1776318300000,5230.4,5234.9,5230.4,5231.1,2.889,1776318599999,15113.4716,563,0.010,52.3490,0
1776318600000,5231.1,5234.9,5230.4,5231.3,2.392,1776318899999,12512.9101,483,0.010,52.3490,0
1776318900000,5231.3,5234.9,5230.4,5231.6,2.824,1776319199999,14776.1061,558,0.035,183.1765,0
1776319200000,5233.4,5234.9,5228.5,5228.5,2.213,1776319499999,11574.6773,515,0.010,52.3475,0
1776319500000,5228.5,5234.9,5227.4,5227.8,2.873,1776319799999,15021.8342,536,0.042,219.6618,0
1776319800000,5227.8,5234.9,5227.4,5228.0,2.105,1776320099999,11005.0151,424,0.030,156.8679,0
1776320100000,5228.2,5234.9,5226.5,5226.7,3.363,1776320399999,17578.4740,491,0.005,26.1745,0
1776320400000,5226.8,5227.2,5226.6,5227.2,2.358,1776320699999,12325.2098,435,0,0,0
1776320700000,5227.2,5233.4,5227.1,5230.8,2.532,1776320999999,13243.0803,454,0,0,0
1776321000000,5234.9,5234.9,5229.0,5229.1,2.29,1776321299999,11975.5897,447,0.010,52.3490,0
1776321300000,5229.1,5229.2,5229.0,5229.1,2.103,1776321599999,10996.8413,410,0,0,0
1776321600000,5229.1,5234.9,5226.2,5226.2,2.314,1776321899999,12098.2354,635,0.005,26.1745,0
1776321900000,5226.2,5234.9,5224.1,5225.1,133.307,1776322199999,696436.0226,695,0.045,235.2275,0
1776322200000,5225.1,5234.9,5224.0,5224.0,3.047,1776322499999,15920.0083,573,0.023,120.2604,0
1776322500000,5224.0,5234.9,5223.0,5224.0,3.304,1776322799999,17258.7178,585,0.010,52.3490,0
1776322800000,5234.9,5234.9,5221.4,5221.7,2.79,1776323099999,14571.0794,614,0.015,78.5235,0
1776323100000,5221.4,5234.9,5219.3,5220.3,2.727,1776323399999,14235.5603,610,0.010,52.3490,0
1776323400000,5220.3,5234.9,5218.9,5219.3,2.905,1776323699999,15163.6371,580,0.005,26.1745,0
1776323700000,5234.9,5234.9,5218.0,5218.0,2.585,1776323999999,13489.5327,531,0.010,52.3490,0
1776324000000,5218.0,5234.9,5218.0,5218.7,2.444,1776324299999,12753.6611,523,0.010,52.3490,0
1776324300000,5218.7,5234.9,5218.1,5220.6,2.287,1776324599999,11938.5874,455,0.005,26.1745,0
1776324600000,5234.9,5234.9,5219.8,5221.1,2.518,1776324899999,13145.9591,462,0.015,78.5235,0
1776324900000,5221.1,5234.9,5221.0,5221.4,2.119,1776325199999,11064.4231,409,0.010,52.3490,0
1776325200000,5221.4,5234.9,5220.6,5220.8,2.248,1776325499999,11736.7707,474,0.005,26.1745,0
1776325500000,5234.9,5234.9,5217.5,5217.5,2.565,1776325799999,13387.4406,515,0.010,52.3490,0
1776325800000,5234.9,5234.9,5216.0,5222.9,2.28,1776326099999,11896.7087,443,0.015,78.5235,0
1776326100000,5222.9,5234.9,5220.3,5220.9,1.869,1776326399999,9759.2660,368,0.010,52.3490,0
1776326400000,5222.5,5234.9,5220.9,5223.0,1.762,1776326699999,9202.5941,367,0.040,209.3960,0
1776326700000,5234.9,5234.9,5222.1,5222.8,2.761,1776326999999,14421.3521,553,0.005,26.1745,0
1776327000000,5222.8,5234.9,5222.1,5223.0,2.371,1776327299999,12384.6987,465,0.005,26.1745,0
1776327300000,5223.0,5225.1,5223.0,5224.3,2.383,1776327599999,12448.5840,425,0,0,0
1776327600000,5224.3,5225.3,5224.3,5225.3,2.475,1776327899999,12931.5790,469,0,0,0
1776327900000,5225.3,5225.3,5224.0,5225.2,2.081,1776328199999,10872.1443,383,0,0,0
1776328200000,5225.2,5225.3,5224.3,5224.6,2.792,1776328499999,14587.6362,505,0,0,0
1776328500000,5224.6,5224.7,5224.3,5224.3,2.008,1776328799999,10490.8207,387,0,0,0
1776328800000,5224.3,5225.1,5224.1,5224.9,2.742,1776329099999,14326.0337,534,0,0,0
1776329100000,5224.7,5225.1,5224.2,5225.1,2.131,1776329399999,11133.9408,382,0,0,0
1776329400000,5225.1,5225.1,5224.2,5225.0,2.391,1776329699999,12492.6227,452,0,0,0
1776329700000,5225.0,5228.1,5224.5,5227.3,1.204,1776329999999,6292.0280,266,0,0,0
1776330000000,5227.3,5234.9,5225.5,5225.5,1.34,1776330299999,7003.3817,331,0.004,20.9396,0
1776330300000,5225.1,5225.1,5224.3,5224.3,2.239,1776330599999,11697.7101,226,0,0,0
1776330600000,5224.3,5224.7,5224.2,5224.2,0.719,1776330899999,3756.2683,164,0,0,0
1776330900000,5224.2,5224.2,5224.1,5224.1,1.607,1776331199999,8395.1542,277,0,0,0
1776331200000,5224.1,5224.1,5224.1,5224.1,1.638,1776331499999,8557.0758,286,0,0,0
1776331500000,5224.1,5224.1,5224.1,5224.1,2.604,1776331799999,13603.5564,483,0,0,0
1776331800000,5224.1,5224.1,5224.1,5224.1,2.045,1776332099999,10683.2845,372,0,0,0
1776332100000,5224.1,5224.1,5224.1,5224.1,2.937,1776332399999,15343.1817,522,0,0,0
1776332400000,5224.1,5234.9,5224.1,5224.2,1.928,1776332699999,10072.0992,352,0.003,15.7047,0
1776332700000,5224.2,5234.9,5219.7,5219.7,2.7,1776332999999,14102.3074,731,0.004,20.9396,0
1776333000000,5219.3,5219.3,5216.1,5217.9,1.981,1776333299999,10336.1240,394,0,0,0
1776333300000,5217.9,5218.6,5216.1,5216.7,2.268,1776333599999,11832.4546,461,0.124,646.8832,0
1776333600000,5216.8,5219.8,5213.8,5218.4,2.145,1776333899999,11189.4910,462,0.285,1487.1271,0
1776333900000,5218.4,5220.9,5216.8,5218.3,2.273,1776334199999,11861.0909,434,0.040,208.8250,0
1776334200000,5218.3,5219.4,5215.0,5216.5,2.394,1776334499999,12490.2948,447,0,0,0
1776334500000,5216.5,5218.8,5215.6,5216.2,2.365,1776334799999,12339.0471,434,0,0,0
1776334800000,5216.2,5217.3,5212.9,5213.0,119.431,1776335099999,622643.0671,582,43.996,229351.1480,0
1776335100000,5213.0,5213.0,5212.1,5212.4,27.227,1776335399999,141921.2704,458,8.851,46140.1577,0
1776335400000,5212.4,5213.0,5211.0,5211.0,20.229,1776335699999,105440.1132,563,17.991,93776.6209,0
1776335700000,5211.0,5211.7,5209.2,5209.2,1.718,1776335999999,8951.3592,401,0,0,0
1776336000000,5209.2,5210.6,5209.2,5209.4,2.052,1776336299999,10690.0993,460,0,0,0
1776336300000,5209.4,5210.4,5208.8,5208.8,1.674,1776336599999,8721.1138,320,0,0,0
1776336600000,5208.8,5213.0,5206.7,5206.7,3.013,1776336899999,15692.3247,579,0.002,10.4260,0
1776336900000,5206.7,5207.1,5206.6,5206.6,2.819,1776337199999,14677.7472,536,0,0,0
1776337200000,5207.3,5210.5,5206.6,5210.5,3.046,1776337499999,15864.6717,544,0,0,0
1776337500000,5210.5,5212.4,5210.5,5212.1,2.629,1776337799999,13700.6469,528,0,0,0
1776337800000,5212.1,5213.0,5211.5,5211.5,12.671,1776338099999,66038.3201,689,0.057,297.1410,0
1776338100000,5211.5,5212.4,5211.4,5212.4,3.36,1776338399999,17510.8431,643,0,0,0
1776338400000,5212.4,5212.7,5211.5,5211.6,3.542,1776338699999,18460.6334,635,0,0,0
1776338700000,5211.6,5212.2,5211.5,5211.6,3.236,1776338999999,16865.1610,628,0,0,0
1776339000000,5211.6,5213.0,5211.6,5212.2,3.229,1776339299999,16829.5890,582,0.159,828.8670,0
1776339300000,5212.2,5214.9,5212.1,5214.9,143.632,1776339599999,748814.4857,789,142.086,740754.8239,0
1776339600000,5214.9,5216.2,5214.9,5216.2,80.61,1776339899999,420466.5017,910,80.343,419073.8297,0
1776339900000,5216.2,5219.6,5216.2,5219.1,182.736,1776340199999,953367.5153,763,181.755,948247.5366,0
1776340200000,5219.1,5219.6,4956.6,5217.8,5526.763,1776340499999,28783228.2026,1138,2.249,11736.9982,0
1776340500000,5217.8,5218.0,5216.7,5217.9,3.354,1776340799999,17498.6543,686,0.834,4351.5567,0
1776340800000,5216.8,5216.9,5216.5,5216.5,13.471,1776341099999,70273.3859,774,0.359,1872.7594,0
1776341100000,5216.6,5216.6,5215.1,5215.3,159.677,1776341399999,832833.0443,934,5.043,26302.3035,0
1776341400000,5215.3,5216.3,5211.4,5212.2,39.294,1776341699999,204945.0009,642,36.935,192647.9896,0
1776341700000,5216.4,5216.4,5211.4,5214.7,2.99,1776341999999,15586.6885,603,0.047,245.1095,0
1776342000000,5214.7,5216.4,5213.1,5214.6,2.939,1776342299999,15324.8380,580,0.010,52.1640,0
1776342300000,5216.4,5216.4,5213.2,5214.2,2.79,1776342599999,14546.4165,578,0.020,104.3280,0
1776342600000,5216.4,5216.7,5213.9,5216.7,2.734,1776342899999,14259.8778,538,0.868,4527.9671,0
1776342900000,5216.7,5217.0,5216.1,5216.3,42.302,1776343199999,220672.0586,601,17.779,92747.7314,0
1776343200000,5216.3,5216.3,5214.7,5214.7,191.865,1776343499999,1000689.4788,704,0.024,125.1586,0
1776343500000,5214.9,5215.0,5214.1,5214.5,56.557,1776343799999,294921.0450,654,9.240,48181.1710,0
1776343800000,5214.5,5215.0,5214.1,5215.0,103.454,1776344099999,539459.7488,719,17.883,93249.9890,0
1776344100000,5215.0,5215.0,5214.1,5214.2,49.019,1776344399999,255595.0023,549,0.656,3420.7234,0
1776344400000,5214.2,5214.2,5212.7,5213.7,146.432,1776344699999,763420.5767,799,16.590,86485.4160,0
1776344700000,5213.7,5214.0,5211.0,5211.0,283.723,1776344999999,1478805.9962,600,0.346,1803.8644,0
1776345000000,5211.3,5212.6,5211.0,5211.3,19.033,1776345299999,99198.9851,535,13.176,68674.6019,0
1776345300000,5211.3,5211.4,5208.5,5209.1,149.074,1776345599999,776776.4361,696,0.607,3161.9775,0
1776345600000,5209.1,5211.3,5209.1,5209.6,102.049,1776345899999,531747.9606,523,101.072,526657.2431,0
1776345900000,5211.3,5211.3,5207.1,5208.9,2.734,1776346199999,14241.5011,560,0.021,109.4331,0
1776346200000,5211.3,5211.3,5207.1,5209.0,2.165,1776346499999,11277.1092,446,0.067,349.0651,0
1776346500000,5209.0,5211.3,5203.8,5203.8,3.043,1776346799999,15842.9063,620,0.025,130.2802,0
1776346800000,5211.3,5211.3,5197.9,5197.9,77.296,1776347099999,401886.3419,702,0.033,171.8349,0
1776347100000,5211.3,5211.3,5196.9,5198.3,3.298,1776347399999,17145.7232,674,0.025,130.2825,0
1776347400000,5211.3,5211.3,5195.5,5196.0,6.808,1776347699999,35378.4385,578,0.465,2416.3623,0
1776347700000,5196.0,5196.0,5195.5,5196.0,3.044,1776347999999,15816.6140,572,3.024,15712.7040,0
1776348000000,5196.0,5196.0,5195.5,5196.0,5.263,1776348299999,27345.5170,597,3.201,16632.3960,0
1776348300000,5196.0,5196.0,5195.5,5196.0,3.357,1776348599999,17442.9645,613,3.342,17365.0320,0
1776348600000,5196.0,5209.0,5195.5,5209.0,3.321,1776348899999,17286.0065,757,2.339,12173.6644,0
1776348900000,5209.0,5217.2,5195.5,5213.8,95.406,1776349199999,497694.0929,670,94.226,491541.3662,0
1776349200000,5217.2,5218.1,5195.5,5218.1,3.177,1776349499999,16570.7635,655,0.475,2478.2704,0
1776349500000,5218.1,5226.9,5195.5,5225.4,110.51,1776349799999,577337.1276,692,109.077,569851.4390,0
1776349800000,5225.4,5227.2,5195.5,5225.1,27.453,1776350099999,143490.6459,657,25.853,135130.5093,0
1776350100000,5227.2,5227.2,5223.6,5225.2,3.223,1776350399999,16840.6730,668,0.020,104.5440,0
1776350400000,5227.2,5227.2,5195.5,5225.7,3.349,1776350699999,17494.4369,768,0.099,517.3024,0
1776350700000,5225.7,5227.2,5195.5,5217.6,3.494,1776350999999,18241.9874,748,0.030,156.7735,0
1776351000000,5217.6,5227.2,5195.5,5213.5,3.336,1776351299999,17396.9204,688,0.065,339.2625,0
1776351300000,5214.5,5227.2,5195.5,5213.4,2.999,1776351599999,15633.9765,659,0.107,558.0662,0
1776351600000,5227.2,5227.2,5195.5,5211.1,2.228,1776351899999,11614.1412,443,0.020,104.5440,0
1776351900000,5227.2,5227.2,5195.5,5201.9,2.837,1776352199999,14771.5249,559,0.072,375.0320,0
1776352200000,5201.9,5202.3,5195.5,5201.9,2.636,1776352499999,13712.9370,498,2.407,12521.8296,0
1776352500000,5201.9,5202.3,5195.5,5202.1,2.722,1776352799999,14158.7595,588,1.510,7854.7359,0
1776352800000,5202.1,5202.1,5199.2,5200.0,2.499,1776353099999,12995.2054,522,1.377,7160.8336,0
1776353100000,5200.0,5201.2,5198.0,5201.2,1.77,1776353399999,9204.2246,365,0.847,4404.7975,0
1776353400000,5201.2,5202.3,5195.5,5198.5,3.11,1776353699999,16173.8214,588,1.211,6299.7861,0
1776353700000,5202.3,5202.3,5195.5,5199.9,4.142,1776353999999,21529.4051,587,0.020,104.0460,0
1776354000000,5199.9,5202.3,5192.2,5192.2,3.451,1776354299999,17930.9802,667,0.022,114.4361,0
1776354300000,5202.3,5202.3,5191.5,5192.5,3.04,1776354599999,15784.8716,658,0.063,327.3912,0
1776354600000,5202.3,5202.3,5191.0,5192.6,3.18,1776354899999,16510.6907,646,0.037,192.3523,0
1776354900000,5202.3,5202.3,5192.6,5195.4,3.183,1776355199999,16536.0020,646,0.065,337.8735,0
1776355200000,5195.4,5202.3,5190.9,5191.7,4.062,1776355499999,21093.4243,623,0.025,130.0506,0
1776355500000,5202.3,5202.3,5190.3,5191.2,3.016,1776355799999,15657.4452,605,0.053,275.3851,0
1776355800000,5191.8,5202.3,5190.0,5192.1,2.878,1776356099999,14941.2146,609,0.066,342.9171,0
1776356100000,5202.3,5202.3,5188.4,5189.0,3.029,1776356399999,15720.8871,629,0.026,135.2392,0
1776356400000,5202.3,5202.3,5188.4,5190.1,3.121,1776356699999,16197.1107,589,0.031,161.1873,0
1776356700000,5191.8,5202.3,5186.2,5186.6,3.391,1776356999999,17592.7357,694,0.074,384.1445,0
1776357000000,5186.6,5202.3,5184.5,5190.7,3.167,1776357299999,16430.3005,655,0.015,78.0188,0
1776357300000,5202.3,5202.3,5186.0,5186.0,3.42,1776357599999,17748.5514,700,0.025,130.0575,0
1776357600000,5202.3,5202.3,5186.0,5191.4,2.698,1776357899999,14001.1919,528,0.010,52.0230,0
1776357900000,5202.3,5202.3,5190.0,5190.5,2.868,1776358199999,14891.5861,622,0.025,130.0575,0
1776358200000,5202.3,5202.3,5190.5,5195.3,2.582,1776358499999,13412.5619,521,0.025,130.0575,0
1776358500000,5202.3,5202.3,5192.2,5193.0,2.711,1776358799999,14082.0917,571,0.020,104.0460,0
1776358800000,5202.3,5202.3,5190.2,5191.0,2.605,1776359099999,13523.3682,569,0.058,301.3288,0
1776359100000,5202.3,5202.3,5190.2,5190.2,2.432,1776359399999,12624.7275,473,0.030,155.9602,0
1776359400000,5202.3,5202.3,5187.4,5189.8,2.103,1776359699999,10913.1724,486,0.025,130.0575,0
1776359700000,5189.8,5202.3,5187.4,5187.4,1.308,1776359999999,6788.5103,319,0.029,150.6707,0
1776360000000,5202.3,5202.3,5187.1,5187.1,1.569,1776360299999,8139.1127,340,0.019,98.8437,0
1776360300000,5202.3,5202.3,5184.0,5184.0,3.898,1776360599999,20243.9316,420,1.769,9202.8687,0
1776360600000,5202.3,5202.3,5182.9,5184.8,1.444,1776360899999,7485.8734,330,0.025,130.0575,0
1776360900000,5202.3,5202.3,5182.9,5185.5,2.922,1776361199999,15152.2340,536,0.020,104.0460,0
1776361200000,5202.3,5202.3,5182.3,5182.9,1.914,1776361499999,9922.1083,437,0.025,130.0575,0
1776361500000,5202.3,5202.3,5182.7,5183.2,2.73,1776361799999,14151.2881,555,0.010,52.0230,0
1776361800000,5202.3,5202.3,5179.7,5179.7,2.095,1776362099999,10857.2092,433,0.025,130.0575,0
1776362100000,5202.3,5202.8,5178.0,5179.9,10.64,1776362399999,55097.9761,527,0.015,78.0370,0
1776362400000,5180.0,5202.8,5175.4,5178.0,4.0,1776362699999,20711.3674,498,0.143,740.8660,0
1776362700000,5178.0,5202.8,5175.4,5178.7,3.382,1776362999999,17514.9376,673,1.536,7954.7070,0
1776363000000,5178.7,5182.4,5175.4,5180.8,3.4,1776363299999,17615.2083,786,0.816,4227.5403,0
1776363300000,5182.4,5182.4,4922.1,5177.4,5653.689,1776363599999,29098602.3771,933,1.027,5322.3248,0
1776363600000,5177.4,5182.4,5175.4,5177.1,3.624,1776363899999,18759.9353,663,0.010,51.8240,0
1776363900000,5177.1,5182.4,5176.0,5177.4,3.179,1776364199999,16458.2116,634,0.005,25.9120,0
1776364200000,5177.4,5182.4,5174.6,5174.6,3.388,1776364499999,17535.2539,707,0.021,108.8304,0
1776364500000,5182.4,5182.4,5171.3,5171.6,3.24,1776364799999,16760.2304,607,0.025,129.5600,0
1776364800000,5182.4,5182.4,5170.0,5170.7,2.299,1776365099999,11888.1962,523,0.066,341.5563,0
1776365100000,5170.7,5182.4,5164.1,5164.1,2.881,1776365399999,14886.7079,628,0.025,129.5129,0
1776365400000,5182.4,5182.4,5164.1,5176.1,3.149,1776365699999,16270.7361,652,0.015,77.7360,0
1776365700000,5182.4,5182.4,5174.9,5178.9,3.266,1776365999999,16909.3243,693,0.079,409.0312,0
1776366000000,5178.9,5182.4,5174.0,5174.0,3.269,1776366299999,16917.5848,659,0.035,181.2286,0
1776366300000,5182.4,5182.4,5173.3,5173.3,3.298,1776366599999,17066.3312,655,0.010,51.8240,0
1776366600000,5182.4,5182.4,5173.0,5173.5,3.261,1776366899999,16873.6352,736,0.020,103.6480,0
1776366900000,5182.4,5182.4,5170.8,5170.9,3.429,1776367199999,17735.7831,677,0.015,77.7360,0
1776367200000,5182.4,5182.4,5170.8,5171.2,4.222,1776367499999,21834.0689,685,0.024,124.3241,0
1776367500000,5182.4,5182.4,5168.6,5170.9,3.313,1776367799999,17129.7661,701,0.020,103.6480,0
1776367800000,5170.9,5182.4,5169.6,5169.6,4.126,1776368099999,21346.0956,741,1.027,5321.7315,0
1776368100000,5169.8,5182.4,5166.1,5166.2,3.05,1776368399999,15761.6212,632,0.025,129.5474,0
1776368400000,5166.2,5182.4,5161.7,5161.8,3.13,1776368699999,16163.0449,648,0.030,155.4720,0
1776368700000,5161.8,5163.1,5160.9,5161.4,2.787,1776368999999,14385.5462,578,0,0,0
1776369000000,5161.4,5166.9,5161.0,5166.2,2.504,1776369299999,12929.9237,710,0.257,1327.1059,0
1776369300000,5166.2,5169.1,5166.2,5166.9,2.737,1776369599999,14145.7019,540,0.086,444.5242,0
1776369600000,5166.9,5169.4,5164.4,5167.6,2.576,1776369899999,13309.7881,509,0.033,170.5638,0
1776369900000,5167.6,5168.6,5165.7,5168.6,2.748,1776370199999,14199.9555,667,0.397,2051.9342,0
1776370200000,5168.6,5172.1,5168.5,5171.4,3.258,1776370499999,16847.6715,765,0.616,3185.5916,0
1776370500000,5171.9,5171.9,5168.8,5168.8,3.267,1776370799999,16890.3255,687,0.145,749.9255,0
1776370800000,5168.8,5173.2,5168.8,5170.5,3.213,1776371099999,16614.0801,708,0.077,398.2927,0
1776371100000,5170.5,5172.8,5170.5,5172.5,3.202,1776371399999,16560.8613,648,0.032,165.5216,0
1776371400000,5172.5,5175.1,5172.5,5174.3,3.265,1776371699999,16892.3854,634,0.239,1236.6500,0
1776371700000,5174.3,5182.4,5174.3,5177.2,3.185,1776371999999,16485.6838,610,0.019,98.3720,0
1776372000000,5177.2,5181.9,5177.2,5181.4,3.419,1776372299999,17714.8550,975,0.365,1891.1540,0
1776372300000,5181.4,5181.4,5178.6,5178.6,3.417,1776372599999,17702.3782,735,0,0,0
1776372600000,5178.6,5182.9,5178.6,5181.4,14.325,1776372899999,74234.7312,653,11.071,57374.9694,0
1776372900000,5181.4,5182.9,5180.2,5180.2,3.392,1776373199999,17576.0494,722,0.050,259.1450,0
1776373200000,5180.2,5180.2,5175.8,5175.8,18.365,1776373499999,95065.2327,664,0,0,0
1776373500000,5175.8,5182.9,5172.1,5172.1,18.311,1776373799999,94874.9921,664,14.923,77344.4167,0
1776373800000,5172.1,5173.1,5171.1,5172.8,3.097,1776374099999,16018.9267,690,0,0,0
1776374100000,5172.8,5172.8,5168.8,5168.9,2.894,1776374399999,14965.9353,615,0,0,0
1776374400000,5168.9,5176.5,5167.3,5176.4,2.309,1776374699999,11942.3490,469,0,0,0
1776374700000,5176.4,5178.8,5175.5,5177.7,3.086,1776374999999,15978.5634,579,0,0,0
1776375000000,5177.7,5177.8,5175.9,5177.7,2.952,1776375299999,15282.7916,811,0,0,0
1776375300000,5177.7,5182.9,5176.1,5177.7,2.905,1776375599999,15037.6700,586,0.001,5.1829,0
1776375600000,5177.7,5180.7,5177.4,5179.6,2.812,1776375899999,14562.2804,521,0,0,0
1776375900000,5178.8,5182.6,5177.3,5182.2,2.92,1776376199999,15126.4565,547,0,0,0
1776376200000,5182.2,5182.2,5178.8,5178.8,2.809,1776376499999,14549.7332,524,0,0,0
1776376500000,5178.8,5179.3,5176.2,5176.8,3.304,1776376799999,17109.3261,611,0,0,0
1776376800000,5176.8,5178.4,5170.2,5170.2,3.246,1776377099999,16792.7216,727,0,0,0
1776377100000,5170.2,5171.7,5168.9,5168.9,3.178,1776377399999,16430.5904,643,0,0,0
1776377400000,5168.8,5174.3,5168.8,5174.2,3.269,1776377699999,16909.7120,596,0,0,0
1776377700000,5174.2,5174.9,5172.6,5174.8,3.361,1776377999999,17389.3792,605,0,0,0
1776378000000,5174.8,5175.0,5173.5,5174.2,3.372,1776378299999,17447.8685,621,0,0,0
1776378300000,5174.2,5174.2,5169.5,5169.8,3.155,1776378599999,16315.4986,656,0,0,0
1776378600000,5169.8,5171.6,5169.1,5169.7,3.241,1776378899999,16755.9531,771,0.537,2776.7912,0
1776378900000,5169.7,5172.0,5169.7,5171.3,3.242,1776379199999,16765.9174,914,1.176,6082.2016,0
1776379200000,5171.3,5171.3,5167.3,5167.7,3.171,1776379499999,16394.4071,653,0,0,0
1776379500000,5167.7,5182.9,5166.1,5166.1,3.187,1776379799999,16466.3959,644,0.010,51.7854,0
1776379800000,5166.1,5182.9,5163.7,5163.7,3.256,1776380099999,16817.7898,648,0.010,51.8290,0
1776380100000,5163.7,5182.9,5160.8,5162.2,32.11,1776380399999,165729.8843,923,0.182,939.9344,0
1776380400000,5162.2,5182.9,5160.8,5164.4,3.472,1776380699999,17930.4775,652,0.235,1217.5612,0
1776380700000,5182.9,5182.9,5160.8,5169.8,3.223,1776380999999,16656.5658,692,0.096,496.5676,0
1776381000000,5169.8,5182.9,5160.8,5169.7,3.227,1776381299999,16680.6740,698,0.105,543.0215,0
1776381300000,5182.9,5182.9,5160.6,5170.3,3.093,1776381599999,15991.2997,589,0.025,129.5725,0
1776381600000,5182.9,5182.9,5160.6,5167.8,2.926,1776381899999,15128.5819,588,0.060,310.5238,0
1776381900000,5182.9,5182.9,5139.8,5168.2,1188.368,1776382199999,6128274.2133,841,0.545,2816.8446,0
1776382200000,5182.9,5182.9,5164.2,5164.2,2.794,1776382499999,14434.4971,542,0.025,129.5725,0
1776382500000,5182.9,5182.9,5162.1,5162.9,2.464,1776382799999,12721.9106,545,0.053,274.1347,0
1776382800000,5163.0,5182.9,5162.0,5164.2,3.246,1776383099999,16759.7074,696,0.128,661.2808,0
1776383100000,5182.9,5182.9,5161.8,5166.1,3.393,1776383399999,17525.9160,700,0.099,511.7944,0
1776383400000,5166.1,5182.9,5161.8,5170.6,3.429,1776383699999,17722.5050,732,0.140,723.7903,0
1776383700000,5182.9,5182.9,5161.8,5173.1,3.384,1776383999999,17501.3110,663,0.039,201.7665,0
1776384000000,5173.4,5182.9,5161.8,5170.2,3.06,1776384299999,15818.2457,617,0.058,300.1534,0
1776384300000,5170.7,5182.9,5161.8,5170.9,2.995,1776384599999,15483.6074,580,0.039,201.8374,0
1776384600000,5170.9,5182.9,5161.8,5173.3,3.264,1776384899999,16883.6261,662,0.079,408.8927,0
1776384900000,5182.9,5182.9,5145.2,5173.1,1459.457,1776385199999,7531338.0981,816,0.019,98.4751,0
1776385200000,5173.1,5182.9,5170.3,5171.2,3.556,1776385499999,18391.0607,697,0.028,144.8979,0
1776385500000,5182.9,5182.9,5170.3,5176.8,3.394,1776385799999,17558.5276,698,0.067,346.9783,0
1776385800000,5182.9,5182.9,5175.7,5177.0,3.581,1776386099999,18539.5479,669,0.015,77.7435,0
1776386100000,5182.9,5182.9,5172.5,5172.5,3.278,1776386399999,16968.2459,685,0.028,145.0372,0
1776386400000,5172.5,5182.9,5172.3,5175.3,3.324,1776386699999,17200.5290,634,0.015,77.7435,0
1776386700000,5175.3,5182.9,5174.2,5175.9,3.61,1776386999999,18682.3151,707,0.050,258.8986,0
1776387000000,5182.9,5182.9,5175.9,5177.6,3.347,1776387299999,17326.6215,620,0.025,129.4719,0
1776387300000,5177.6,5182.9,5177.0,5177.0,3.224,1776387599999,16692.9423,633,0.044,227.8702,0
1776387600000,5177.0,5182.9,5172.8,5173.7,3.041,1776387899999,15734.8062,605,0.020,103.6580,0
1776387900000,5173.7,5182.9,5173.7,5175.1,3.219,1776388199999,16657.3995,678,0.052,269.1832,0
1776388200000,5175.1,5182.9,5175.1,5176.2,3.344,1776388499999,17310.5099,625,0.070,362.7952,0
1776388500000,5176.2,5182.9,5174.4,5174.9,3.286,1776388799999,17004.8924,685,0.020,103.6580,0
1776388800000,5182.9,5182.9,5174.4,5181.3,2.879,1776389099999,14910.2845,555,0.020,103.6580,0
1776389100000,5182.9,5183.8,5174.4,5183.8,3.38,1776389399999,17516.0512,704,0.442,2290.9973,0
1776389400000,5183.8,5184.0,5174.4,5182.1,3.299,1776389699999,17098.4499,738,1.803,9345.3921,0
1776389700000,5182.1,5182.1,5181.0,5181.0,3.297,1776389999999,17082.3351,1120,0.094,487.0984,0
1776390000000,5181.0,5187.1,5174.4,5185.9,3.212,1776390299999,16651.2460,756,1.707,8846.9462,0
1776390300000,5185.9,5187.1,5174.4,5184.8,3.251,1776390599999,16856.2476,674,0.064,331.8810,0
1776390600000,5184.8,5187.9,5174.4,5187.9,3.269,1776390899999,16955.9953,744,1.789,9280.2614,0
1776390900000,5187.9,5187.9,5174.4,5186.0,3.023,1776391199999,15675.7694,705,2.372,12299.9940,0
1776391200000,5186.0,5186.8,5174.4,5184.6,3.371,1776391499999,17481.5391,741,1.449,7515.0688,0
1776391500000,5184.6,5187.7,5174.4,5187.3,3.275,1776391799999,16979.5202,806,1.937,10044.2155,0
1776391800000,5187.7,5188.1,5174.4,5187.4,3.403,1776392099999,17653.2684,740,0.520,2697.6886,0
1776392100000,5188.1,5189.0,5174.4,5189.0,2.979,1776392399999,15455.9893,600,0.923,4789.2846,0
1776392400000,5189.0,5189.4,5174.4,5189.4,2.93,1776392699999,15204.0101,791,2.369,12293.2982,0
1776392700000,5189.4,5192.7,5174.4,5192.6,3.273,1776392999999,16987.5646,724,1.862,9665.6989,0
1776393000000,5192.6,5194.2,5174.4,5194.0,3.326,1776393299999,17273.4117,677,2.475,12853.9585,0
1776393300000,5194.1,5194.2,5174.4,5193.8,3.322,1776393599999,17251.5464,651,0.288,1495.8909,0
1776393600000,5193.9,5194.2,5174.4,5192.9,3.087,1776393899999,16030.5266,626,0.062,321.9923,0
1776393900000,5194.2,5194.2,5174.4,5193.3,3.07,1776394199999,15942.3600,616,0.038,197.3659,0
1776394200000,5194.2,5194.2,5174.4,5193.4,3.454,1776394499999,17937.0590,636,0.025,129.8550,0
1776394500000,5194.2,5194.2,5174.4,5194.0,3.372,1776394799999,17512.2961,668,0.053,275.2723,0
1776394800000,5194.0,5194.4,5174.4,5194.2,3.345,1776395099999,17374.4244,616,1.066,5537.1031,0
1776395100000,5194.2,5195.0,5174.4,5192.8,3.095,1776395399999,16076.0924,754,1.290,6700.8839,0
1776395400000,5192.8,5194.2,5174.4,5194.2,3.399,1776395699999,17651.7591,812,2.162,11228.2710,0
1776395700000,5194.2,5195.9,5174.4,5195.9,30.085,1776395999999,156291.9714,783,29.753,154567.5894,0
1776396000000,5195.9,5196.6,5195.9,5196.6,54.687,1776396299999,284152.4402,769,54.677,284100.4792,0
1776396300000,5196.6,5198.9,5196.6,5198.0,147.231,1776396599999,765347.0519,870,31.872,165659.2978,0
1776396600000,5197.9,5198.4,5196.3,5196.3,62.862,1776396899999,326722.9197,767,0.457,2375.6258,0
1776396900000,5196.3,5196.6,5195.8,5195.8,126.829,1776397199999,659027.2467,839,0.345,1792.7736,0
1776397200000,5195.8,5198.4,5195.6,5196.3,239.338,1776397499999,1243866.1676,601,232.369,1207654.8912,0
1776397500000,5196.3,5198.4,5196.2,5197.3,3.393,1776397799999,17633.8812,653,0.005,25.9920,0
1776397800000,5197.3,5198.5,5192.5,5192.5,13.12,1776398099999,68165.6937,814,4.807,24989.1873,0
1776398100000,5192.5,5198.5,5192.0,5195.9,22.087,1776398399999,114800.8294,677,18.780,97627.8300,0
1776398400000,5195.9,5198.5,5194.1,5194.1,3.338,1776398699999,17342.8239,642,0.031,161.1535,0
1776398700000,5194.1,5195.3,5192.9,5195.1,3.004,1776398999999,15603.0657,701,0.102,529.9206,0
1776399000000,5195.3,5195.5,5194.4,5195.2,3.237,1776399299999,16816.5544,749,0.545,2831.4757,0
1776399300000,5195.2,5198.5,5194.5,5194.5,3.362,1776399599999,17464.9417,678,0.185,961.2225,0
1776399600000,5194.5,5198.5,5193.7,5196.3,3.326,1776399899999,17278.8857,686,0.015,77.9775,0
1776399900000,5196.3,5198.5,5195.6,5197.9,3.429,1776400199999,17820.4695,666,0.005,25.9925,0
1776400200000,5198.5,5198.5,5196.4,5198.5,3.491,1776400499999,18143.5050,691,0.042,218.3370,0
1776400500000,5198.5,5199.6,5198.5,5199.6,61.132,1776400799999,317812.3572,854,60.405,314032.8296,0
1776400800000,5199.6,5199.6,5196.5,5196.5,3.455,1776401099999,17958.9341,738,0.357,1856.2572,0
1776401100000,5199.6,5199.6,5195.7,5198.0,3.593,1776401399999,18671.7909,776,0.092,478.2098,0
1776401400000,5198.0,5199.9,5195.7,5198.1,3.373,1776401699999,17537.5360,784,1.273,6619.2043,0
1776401700000,5198.4,5202.1,5195.7,5201.2,3.413,1776401999999,17749.8219,662,1.662,8643.7532,0
1776402000000,5201.4,5205.0,5195.7,5205.0,3.18,1776402299999,16546.0941,783,2.310,12019.4102,0
1776402300000,5205.0,5207.9,5195.7,5207.3,3.123,1776402599999,16258.2646,609,1.034,5383.6630,0
1776402600000,5207.9,5208.5,5195.7,5206.2,3.092,1776402899999,16100.4997,650,0.809,4213.0898,0
1776402900000,5206.2,5207.9,5195.7,5206.7,10.576,1776403199999,55015.5096,777,3.758,19570.1228,0
1776403200000,5207.0,5207.0,5195.7,5205.4,3.235,1776403499999,16841.0440,723,0.815,4242.9506,0
1776403500000,5206.5,5208.6,5195.7,5208.6,3.014,1776403799999,15691.8683,584,1.024,5332.6545,0
1776403800000,5208.6,5209.5,5195.2,5208.1,149.603,1776404099999,777560.1452,715,1.273,6630.1785,0
1776404100000,5208.1,5209.5,5208.0,5208.7,8.95,1776404399999,46622.7055,660,5.949,30991.3155,0
1776404400000,5208.7,5211.0,5208.4,5211.0,118.607,1776404699999,617975.7593,832,117.217,610734.8009,0
1776404700000,5211.0,5212.0,5210.1,5212.0,36.765,1776404999999,191586.7220,675,29.426,153341.1032,0
1776405000000,5212.0,5214.7,5211.9,5214.5,105.915,1776405299999,552155.3229,740,104.143,542917.1872,0
1776405300000,5214.5,5215.2,5213.4,5215.2,25.345,1776405599999,132176.1089,673,23.185,120912.9986,0
1776405600000,5215.2,5215.2,5213.4,5215.2,205.091,1776405899999,1069299.5700,817,1.746,9104.1840,0
1776405900000,5215.2,5215.5,5213.4,5215.1,98.809,1776406199999,515237.3043,683,81.193,423396.0137,0
1776406200000,5215.4,5215.5,5213.8,5214.3,21.378,1776406499999,111494.2652,691,18.513,96554.5422,0
1776406500000,5214.3,5215.5,5213.8,5214.4,3.528,1776406799999,18396.3576,660,0.020,104.3100,0
1776406800000,5214.4,5215.5,5213.3,5214.7,3.41,1776407099999,17780.9853,658,0.045,234.6975,0
1776407100000,5215.5,5215.5,5212.7,5213.4,3.073,1776407399999,16022.4301,577,0.025,130.3875,0
1776407400000,5213.4,5215.5,5211.9,5211.9,3.413,1776407699999,17791.6894,659,0.038,198.1554,0
1776407700000,5215.5,5215.5,5211.0,5211.1,3.023,1776407999999,15754.2948,639,0.054,281.5266,0
1776408000000,5215.5,5215.5,5208.4,5208.9,2.921,1776408299999,15219.4972,740,0.035,182.4974,0
1776408300000,5215.5,5215.5,5208.1,5210.4,3.164,1776408599999,16481.3308,579,0.015,78.2325,0
1776408600000,5210.4,5210.4,5207.2,5207.9,3.033,1776408899999,15796.3832,574,0,0,0
1776408900000,5207.9,5215.5,5207.8,5208.3,3.193,1776409199999,16630.9158,607,0.005,26.0775,0
1776409200000,5208.3,5215.5,5205.0,5205.9,3.112,1776409499999,16202.9340,630,0.015,78.2325,0
1776409500000,5215.5,5215.5,5201.9,5202.6,3.231,1776409799999,16812.3952,659,0.025,130.3875,0
1776409800000,5215.5,5215.5,5200.7,5202.2,3.266,1776410099999,16990.1973,663,0.025,130.3875,0
1776410100000,5215.5,5215.5,5200.7,5204.4,5.533,1776410399999,28784.7343,693,0.112,583.0039,0
1776410400000,5215.5,5215.5,5200.7,5205.7,3.79,1776410699999,19725.7889,666,0.107,557.2101,0
1776410700000,5215.5,5215.5,5200.7,5203.7,3.249,1776410999999,16909.9949,642,0.056,291.6744,0
1776411000000,5215.5,5215.5,5200.7,5202.5,2.84,1776411299999,14776.8438,585,0.049,255.2570,0
1776411300000,5215.5,5215.5,5200.7,5201.2,2.974,1776411599999,15471.3085,555,0.035,182.3865,0
1776411600000,5215.5,5215.5,5200.7,5202.8,2.745,1776411899999,14279.9043,614,0.152,790.9824,0
1776411900000,5202.8,5215.5,5200.7,5204.8,2.785,1776412199999,14495.6526,546,0.025,130.3748,0
1776412200000,5204.8,5215.5,5200.7,5206.7,3.059,1776412499999,15926.2642,567,0.015,78.2325,0
1776412500000,5215.5,5215.5,5200.7,5207.3,3.273,1776412799999,17041.4879,651,0.098,510.3906,0
1776412800000,5207.9,5215.5,5200.7,5207.0,2.903,1776413099999,15115.8086,730,0.502,2613.9659,0
1776413100000,5215.5,5215.5,5200.7,5206.4,6.11,1776413399999,31842.0984,673,2.823,14723.0289,0
1776413400000,5206.4,5215.5,5200.7,5205.5,3.237,1776413699999,16851.8865,641,0.051,265.7518,0
1776413700000,5215.5,5215.5,5200.7,5202.6,3.141,1776413999999,16345.9644,620,0.025,130.3875,0
1776414000000,5215.5,5215.5,5200.7,5202.8,3.215,1776414299999,16727.3727,661,0.078,406.1115,0
1776414300000,5202.8,5215.5,5200.7,5203.1,3.018,1776414599999,15702.7531,684,0.100,520.5629,0
1776414600000,5215.5,5215.5,5200.7,5202.5,3.193,1776414899999,16613.4143,588,0.025,130.3875,0
1776414900000,5215.5,5215.5,5200.1,5201.3,8.017,1776415199999,41767.2876,900,4.940,25762.7593,0
1776415200000,5201.3,5215.5,5200.1,5206.3,3.224,1776415499999,16779.2957,633,0.025,130.3733,0
1776415500000,5215.5,5215.5,5200.1,5211.9,3.196,1776415799999,16647.5614,601,0.043,224.2017,0
1776415800000,5211.9,5215.6,5210.1,5215.6,3.528,1776416099999,18391.7842,777,0.343,1788.5493,0
1776416100000,5215.6,5219.9,5215.6,5218.0,177.915,1776416399999,928096.8086,690,175.615,916094.0285,0
1776416400000,5218.0,5224.1,5218.0,5222.8,189.123,1776416699999,987496.0797,734,188.936,986519.5458,0
1776416700000,5223.9,5224.2,5221.9,5224.1,34.677,1776416999999,181140.3667,597,33.723,176157.7268,0
1776417000000,5224.1,5224.2,5222.5,5224.2,441.853,1776417299999,2307793.5021,801,1.094,5714.6570,0
1776417300000,5224.2,5226.4,5222.5,5226.4,3.249,1776417599999,16974.3477,659,1.711,8940.1009,0
1776417600000,5226.4,5226.4,5222.5,5223.9,3.246,1776417899999,16961.9971,665,1.470,7681.9498,0
1776417900000,5223.8,5224.3,5222.0,5223.1,8.799,1776418199999,45954.6563,623,1.075,5615.3178,0
1776418200000,5223.1,5224.3,5220.1,5221.0,3.138,1776418499999,16384.3297,678,0.020,104.4860,0
1776418500000,5221.0,5224.3,5215.4,5215.4,3.356,1776418799999,17509.8713,760,0.020,104.4860,0
1776418800000,5224.3,5224.3,5215.4,5215.9,3.349,1776419099999,17469.4319,678,0.015,78.3645,0
1776419100000,5224.3,5224.3,5215.9,5217.5,3.323,1776419399999,17337.3548,635,0.073,381.3495,0
1776419400000,5218.2,5224.3,5216.2,5216.2,3.24,1776419699999,16905.6241,632,0.025,130.6014,0
1776419700000,5224.3,5224.3,5213.3,5214.3,3.477,1776419999999,18134.8278,854,0.015,78.3645,0
1776420000000,5224.3,5224.3,5213.3,5213.9,3.229,1776420299999,16838.2658,596,0.014,73.0937,0
1776420300000,5213.9,5224.3,5212.5,5214.4,3.412,1776420599999,17788.3609,631,0.015,78.3645,0
1776420600000,5224.3,5224.3,5212.5,5217.2,3.168,1776420899999,16526.3561,633,0.025,130.6013,0
1776420900000,5224.3,5224.3,5212.5,5216.1,3.268,1776421199999,17046.4236,749,0.278,1450.2204,0
1776421200000,5216.2,5224.3,5212.5,5217.1,2.59,1776421499999,13511.4985,534,0.100,521.7505,0
1776421500000,5217.1,5224.3,5212.5,5214.1,2.613,1776421799999,13633.8696,599,0.123,642.0577,0
1776421800000,5224.3,5224.3,5212.5,5216.4,3.058,1776422099999,15952.7079,574,0.039,203.6110,0
1776422100000,5224.3,5224.3,5212.5,5214.1,3.311,1776422399999,17268.4658,649,0.061,318.3671,0
1776422400000,5224.3,5224.3,5212.5,5219.2,3.275,1776422699999,17084.9515,625,0.025,130.6075,0
1776422700000,5224.3,5224.3,5212.5,5216.4,3.225,1776422999999,16827.8483,633,0.042,219.2641,0
1776423000000,5216.4,5224.3,5212.5,5216.6,3.333,1776423299999,17386.7088,650,0.037,193.0816,0
1776423300000,5224.3,5224.3,5212.5,5216.1,3.362,1776423599999,17534.5273,623,0.025,130.6075,0
1776423600000,5224.3,5224.3,5212.5,5215.1,3.098,1776423899999,16156.8738,661,0.080,417.4322,0
1776423900000,5215.1,5224.3,5212.5,5215.3,3.215,1776424199999,16768.0791,688,0.107,558.2752,0
1776424200000,5224.3,5224.3,5212.5,5213.0,3.251,1776424499999,16951.0120,618,0.025,130.6075,0
1776424500000,5224.3,5224.3,5208.7,5209.0,3.243,1776424799999,16897.5230,680,0.025,130.6075,0
1776424800000,5224.3,5224.3,5206.5,5206.9,3.282,1776425099999,17093.4382,641,0.020,104.4860,0
1776425100000,5224.3,5224.3,5205.5,5207.9,3.307,1776425399999,17219.1124,735,0.082,427.2704,0
1776425400000,5224.3,5224.3,5206.1,5207.4,3.034,1776425699999,15798.3984,626,0.015,78.3645,0
1776425700000,5207.4,5224.3,5204.8,5206.1,3.372,1776425999999,17554.8763,772,0.015,78.3645,0
1776426000000,5206.1,5224.3,5204.8,5205.4,2.914,1776426299999,15170.6627,556,0.005,26.1215,0
1776426300000,5224.3,5224.3,5204.1,5207.3,2.4,1776426599999,12492.7980,536,0.025,130.6075,0
1776426600000,5207.3,5224.3,5204.5,5206.8,2.926,1776426899999,15232.7242,598,0.005,26.1215,0
1776426900000,5224.3,5224.3,5206.1,5206.1,3.411,1776427199999,17760.8976,706,0.049,255.3922,0
1776427200000,5206.1,5224.3,5205.3,5211.3,3.213,1776427499999,16737.4276,607,0.052,271.6636,0
1776427500000,5224.3,5224.3,5205.3,5206.4,3.468,1776427799999,18063.0597,635,0.027,140.9313,0
1776427800000,5224.3,5224.3,5204.5,5208.7,3.371,1776428099999,17551.4534,659,0.061,318.1239,0
1776428100000,5208.7,5224.3,5208.4,5209.1,3.315,1776428399999,17267.6083,621,0.012,62.6916,0
1776428400000,5209.1,5224.3,5209.1,5217.2,3.147,1776428699999,16404.6906,615,0.015,78.3645,0
1776428700000,5224.3,5224.3,5213.4,5213.4,3.318,1776428999999,17304.3958,725,0.084,438.2884,0
1776429000000,5224.3,5224.3,5210.9,5211.0,3.291,1776429299999,17158.0836,733,0.037,193.1425,0
1776429300000,5211.0,5224.3,5211.0,5211.8,3.387,1776429599999,17655.2471,717,0.024,125.3352,0
1776429600000,5212.3,5224.3,5211.3,5213.7,3.474,1776429899999,18109.9866,682,0.062,323.4388,0
1776429900000,5224.3,5224.3,5213.5,5213.5,2.9,1776430199999,15124.3047,672,0.099,516.3994,0
1776430200000,5224.3,5224.3,5208.9,5211.1,3.016,1776430499999,15716.8007,683,0.051,265.8958,0
1776430500000,5211.1,5224.3,5208.9,5213.4,3.332,1776430799999,17369.5282,642,0.047,245.2599,0
1776430800000,5224.3,5224.3,5208.9,5215.2,3.309,1776431099999,17253.6905,639,0.029,151.5047,0
1776431100000,5215.2,5224.3,5208.9,5210.1,2.512,1776431399999,13096.0470,500,0.025,130.6075,0
1776431400000,5224.3,5224.3,5201.7,5201.8,48.132,1776431699999,250672.4231,578,3.860,20165.7980,0
1776431700000,5224.3,5224.3,5190.1,5190.1,711.997,1776431999999,3699652.4424,963,0.640,3327.3027,0
1776432000000,5190.2,5190.2,5177.1,5180.3,661.832,1776432299999,3431331.1665,997,1.185,6137.7040,0
1776432300000,5180.3,5188.4,5177.1,5187.7,3.105,1776432599999,16098.3780,655,2.331,12084.2130,0
1776432600000,5187.7,5190.1,5177.1,5189.7,2.993,1776432899999,15522.1550,580,0.381,1977.2204,0
1776432900000,5189.7,5190.1,5174.4,5174.4,3.09,1776433199999,16006.3290,642,0.015,77.8515,0
1776433200000,5190.1,5190.1,5174.4,5177.9,3.184,1776433499999,16487.9122,611,0.015,77.8515,0
1776433500000,5177.9,5190.1,5177.9,5182.0,31.707,1776433799999,164305.4788,654,25.120,130171.8805,0
1776433800000,5182.0,5187.7,5181.5,5182.8,179.942,1776434099999,932982.8407,789,178.373,924848.6128,0
1776434100000,5182.8,5188.6,5182.8,5186.4,47.987,1776434399999,248949.4548,673,45.529,236201.0535,0
1776434400000,5188.6,5188.6,5181.5,5183.9,3.222,1776434699999,16702.8123,657,0.031,160.8417,0
1776434700000,5188.6,5188.6,5181.5,5184.5,3.306,1776434999999,17143.5636,691,0.097,503.0928,0
1776435000000,5188.6,5188.6,5178.0,5179.4,3.217,1776435299999,16664.8527,642,0.020,103.7720,0
1776435300000,5179.4,5188.6,5179.2,5187.4,6.407,1776435599999,33214.3080,566,0.140,726.2882,0
1776435600000,5188.6,5196.5,5187.3,5196.5,335.851,1776435899999,1743753.1772,790,335.272,1740749.4326,0
1776435900000,5196.5,5202.8,5196.5,5199.3,193.252,1776436199999,1004777.4643,874,191.781,997127.8887,0
1776436200000,5202.8,5202.8,5197.5,5198.6,2.987,1776436499999,15529.1336,673,0.096,499.2391,0
1776436500000,5200.1,5202.8,5197.5,5200.0,3.071,1776436799999,15967.2818,591,0.025,130.0673,0
1776436800000,5202.8,5202.9,5192.6,5202.9,3.23,1776437099999,16788.3000,670,0.786,4089.4687,0
1776437100000,5202.9,5202.9,5192.6,5201.1,3.381,1776437399999,17585.1855,656,2.075,10793.7311,0
1776437400000,5201.1,5202.9,5192.6,5202.9,3.192,1776437699999,16601.3156,652,1.689,8785.8989,0
1776437700000,5202.9,5205.9,5192.6,5205.9,3.334,1776437999999,17349.2452,712,2.362,12292.2768,0
1776438000000,5205.9,5210.5,5192.6,5210.5,3.11,1776438299999,16194.0892,633,1.547,8057.0290,0
1776438300000,5210.5,5212.1,5192.6,5205.9,2.989,1776438599999,15568.4817,604,0.510,2657.7477,0
1776438600000,5205.9,5210.8,5204.4,5210.7,3.172,1776438899999,16520.8756,655,0.231,1203.6693,0
1776438900000,5210.7,5212.2,5192.6,5212.2,4.09,1776439199999,21294.5462,733,0.419,2183.4289,0
1776439200000,5212.2,5213.2,5192.6,5213.2,3.381,1776439499999,17622.5069,711,2.137,11139.1058,0
1776439500000,5213.2,5213.4,5192.6,5207.9,3.136,1776439799999,16335.6110,751,0.261,1360.1112,0
1776439800000,5207.9,5213.4,5192.6,5206.1,3.23,1776440099999,16819.4761,630,0.058,302.2249,0
1776440100000,5206.1,5213.4,5192.6,5206.6,3.358,1776440399999,17485.6436,638,0.033,171.9694,0
1776440400000,5213.4,5213.4,5192.6,5206.6,2.682,1776440699999,13964.0460,557,0.065,338.5725,0
1776440700000,5213.4,5213.4,5192.6,5210.1,2.733,1776440999999,14232.7796,523,0.025,130.3350,0
1776441000000,5213.4,5213.4,5192.6,5212.9,3.25,1776441299999,16938.5935,622,0.029,151.1861,0
1776441300000,5213.4,5213.8,5192.6,5213.0,50.051,1776441599999,260940.3362,789,48.408,252376.0699,0
1776441600000,5213.3,5213.3,5208.4,5211.8,3.058,1776441899999,15933.5589,681,1.668,8691.2806,0
1776441900000,5211.8,5213.4,5192.6,5211.8,3.199,1776442199999,16672.4766,644,0.845,4404.6414,0
1776442200000,5211.8,5214.2,5192.6,5214.2,5.932,1776442499999,30925.2985,682,3.416,17811.2905,0
1776442500000,5214.2,5214.4,5192.6,5213.5,45.029,1776442799999,234784.1736,663,43.232,225416.8902,0
1776442800000,5213.5,5221.1,5192.6,5218.0,154.588,1776443099999,806453.9982,752,152.028,793096.4624,0
1776443100000,5218.2,5218.4,5213.6,5215.5,97.549,1776443399999,508823.5641,839,1.041,5428.5142,0
1776443400000,5215.5,5216.3,5208.9,5208.9,245.416,1776443699999,1279059.6099,860,0.964,5027.8972,0
1776443700000,5208.9,5209.9,5207.8,5209.9,106.123,1776443999999,552785.6780,945,61.333,319497.1996,0
1776444000000,5209.9,5210.7,5208.8,5208.8,41.46,1776444299999,216030.3760,987,39.293,204741.3603,0
1776444300000,5208.8,5208.8,5200.5,5202.5,3.117,1776444599999,16221.5554,632,0,0,0
1776444600000,5202.5,5202.7,5197.5,5197.5,2.609,1776444899999,13567.5611,513,0,0,0
1776444900000,5197.5,5198.1,5197.5,5197.5,5.125,1776445199999,26637.7184,640,0.431,2240.2773,0
1776445200000,5197.6,5197.9,5197.4,5197.5,8.692,1776445499999,45177.0763,867,0.970,5041.8123,0
1776445500000,5197.5,5197.6,5191.8,5196.9,302.157,1776445799999,1569869.5208,979,30.613,159046.7072,0
1776445800000,5196.9,5197.3,5195.1,5196.1,101.831,1776446099999,529085.0597,699,14.365,74655.6662,0
1776446100000,5196.1,5196.1,5192.7,5194.4,184.567,1776446399999,958686.5277,808,23.520,122188.3210,0
1776446400000,5194.4,5199.7,5192.7,5199.7,2.962,1776446699999,15391.0908,600,1.959,10179.2174,0
1776446700000,5199.7,5202.4,5192.7,5200.0,3.055,1776446999999,15888.9165,614,1.746,9080.9126,0
1776447000000,5200.0,5203.0,5192.7,5201.8,2.92,1776447299999,15186.7147,611,0.369,1919.7574,0
1776447300000,5202.1,5202.5,5192.7,5200.5,3.069,1776447599999,15957.9688,616,1.535,7982.0283,0
1776447600000,5200.5,5201.3,5192.7,5199.4,2.863,1776447899999,14887.9102,552,0.588,3058.0019,0
1776447900000,5199.4,5201.0,5197.5,5198.5,2.644,1776448199999,13746.7976,516,0,0,0
1776448200000,5198.5,5202.2,5192.7,5201.5,2.809,1776448499999,14608.8818,544,1.278,6647.2311,0
1776448500000,5201.6,5201.6,5197.4,5199.2,119.913,1776448799999,623315.5173,851,0.478,2485.2335,0
1776448800000,5199.2,5203.2,5197.4,5203.2,3.094,1776449099999,16090.3936,636,2.236,11629.3261,0
1776449100000,5203.2,5205.8,5197.4,5205.8,3.086,1776449399999,16064.1029,613,2.973,15476.0000,0
1776449400000,5205.8,5212.8,5197.4,5212.5,2.994,1776449699999,15597.3225,602,0.965,5027.0817,0
1776449700000,5212.5,5213.5,5197.4,5209.5,3.096,1776449999999,16134.1028,607,1.499,7812.8327,0
1776450000000,5209.6,5214.4,5197.4,5214.4,3.286,1776450299999,17126.3859,710,2.412,12572.1833,0
1776450300000,5214.4,5214.4,5197.4,5212.8,3.119,1776450599999,16253.9982,634,1.740,9067.8024,0
1776450600000,5212.8,5213.4,5197.4,5210.6,3.07,1776450899999,15997.1066,578,0.140,729.8621,0
1776450900000,5213.4,5213.4,5197.4,5210.4,2.919,1776451199999,15210.6668,700,0.525,2736.4899,0
1776451200000,5210.4,5211.4,5197.4,5207.3,2.924,1776451499999,15231.1014,570,0.872,4543.3071,0
1776451500000,5207.4,5207.4,5197.4,5206.7,2.936,1776451799999,15286.4997,577,0.895,4659.9581,0
1776451800000,5206.7,5208.8,5197.4,5207.4,2.898,1776452099999,15091.8267,605,1.155,6014.5630,0
1776452100000,5208.8,5208.8,5197.4,5207.6,2.795,1776452399999,14554.8993,551,0.074,385.4512,0
1776452400000,5207.6,5208.8,5197.4,5205.4,2.93,1776452699999,15255.6032,558,0.037,192.6490,0
1776452700000,5208.8,5208.8,5197.4,5205.6,2.944,1776452999999,15325.2480,617,0.090,468.6144,0
1776453000000,5205.6,5208.8,5197.4,5206.6,7.294,1776453299999,37987.6244,499,4.829,25153.2714,0
1776453300000,5208.8,5208.8,5197.4,5204.6,3.165,1776453599999,16476.7363,651,0.060,312.3572,0
1776453600000,5204.6,5208.8,5197.4,5206.0,3.273,1776453899999,17039.1146,641,0.053,275.9613,0
1776453900000,5208.8,5208.8,5197.4,5205.4,3.285,1776454199999,17100.0467,652,0.096,499.8347,0
1776454200000,5208.8,5208.8,5197.4,5202.4,3.325,1776454499999,17304.0458,679,0.069,359.1828,0
1776454500000,5203.7,5208.8,5197.4,5199.6,3.388,1776454799999,17618.8830,697,0.075,390.2170,0
1776454800000,5208.8,5208.8,5197.4,5199.3,3.191,1776455099999,16592.2870,619,0.020,104.1760,0
1776455100000,5208.8,5208.8,5197.4,5201.6,3.394,1776455399999,17654.2015,678,0.062,322.6859,0
1776455400000,5202.2,5208.8,5197.4,5201.6,3.397,1776455699999,17670.8550,714,0.104,541.0912,0
1776455700000,5201.6,5209.0,5197.4,5209.0,3.318,1776455999999,17270.1073,703,0.337,1754.9376,0
1776456000000,5209.0,5210.5,5197.4,5210.1,3.306,1776456299999,17219.9357,635,0.811,4225.0668,0
1776456300000,5210.1,5212.7,5197.4,5212.7,3.193,1776456599999,16640.6966,667,2.876,14988.9815,0
1776456600000,5212.7,5212.9,5211.1,5211.7,4.314,1776456899999,22485.2555,736,2.923,15235.9070,0
1776456900000,5211.7,5212.8,5197.4,5211.8,4.264,1776457199999,22209.7527,596,2.200,11466.7416,0
1776457200000,5211.8,5212.7,5197.4,5212.7,3.238,1776457499999,16875.9798,736,1.353,7052.1579,0
1776457500000,5212.7,5213.8,5197.4,5212.1,8.195,1776457799999,42645.5790,638,1.972,10280.3677,0
1776457800000,5212.3,5218.3,5197.4,5217.3,98.324,1776458099999,512826.6649,635,97.625,509180.7668,0
1776458100000,5218.3,5218.3,5197.4,5215.0,2.176,1776458399999,11350.4941,450,0.048,250.4240,0
1776458400000,5218.3,5218.3,5197.4,5216.5,2.889,1776458699999,15066.5638,569,0.050,260.8000,0
1776458700000,5218.3,5218.3,5197.4,5213.8,3.292,1776458999999,17169.5090,649,0.043,224.3319,0
1776459000000,5218.3,5218.3,5197.4,5213.4,3.231,1776459299999,16845.5974,649,0.037,192.9674,0
1776459300000,5213.4,5218.3,5197.4,5214.2,3.383,1776459599999,17635.1472,645,0.020,104.3660,0
1776459600000,5214.2,5218.4,5197.4,5207.7,3.124,1776459899999,16274.1252,624,0.035,182.4205,0
1776459900000,5207.7,5218.4,5197.4,5208.9,3.445,1776460199999,17946.6045,677,0.071,369.9781,0
1776460200000,5208.9,5211.5,5207.4,5210.6,3.176,1776460499999,16545.0415,589,0,0,0
1776460500000,5210.6,5211.8,5207.3,5207.4,3.287,1776460799999,17121.7728,598,0,0,0
1776460800000,5207.4,5211.9,5207.4,5211.9,3.211,1776461099999,16727.0190,583,0,0,0
1776461100000,5211.9,5213.4,5209.2,5212.6,3.304,1776461399999,17219.7015,612,0,0,0
1776461400000,5212.6,5214.9,5197.4,5214.8,3.309,1776461699999,17252.8198,699,0.084,438.0432,0
1776461700000,5214.8,5218.8,5197.4,5214.6,3.2,1776461999999,16687.5734,825,0.615,3208.2644,0
1776462000000,5218.8,5218.8,5197.4,5214.6,2.725,1776462299999,14211.7934,646,0.330,1721.1434,0
1776462300000,5214.6,5218.8,5212.0,5214.6,3.07,1776462599999,16004.4376,876,0.480,2503.0086,0
1776462600000,5214.6,5214.6,5211.8,5214.6,3.118,1776462899999,16256.6693,891,0.663,3457.2798,0
1776462900000,5214.6,5215.0,5213.1,5214.4,3.139,1776463199999,16368.2084,947,0.867,4521.2484,0
1776463200000,5214.4,5217.1,5212.9,5215.5,2.914,1776463499999,15197.5547,740,0.959,5001.7785,0
1776463500000,5215.6,5218.8,5197.4,5214.5,3.35,1776463799999,17468.7345,886,0.015,78.2441,0
1776463800000,5214.5,5218.8,5197.4,5215.4,3.324,1776464099999,17334.2679,651,0.058,302.4988,0
1776464100000,5218.8,5218.8,5197.4,5215.3,3.481,1776464399999,18155.9531,633,0.010,52.1880,0
1776464400000,5215.3,5218.8,5197.4,5211.1,3.42,1776464699999,17826.0838,627,0.005,26.0940,0
1776464700000,5218.8,5218.8,5197.4,5206.6,3.543,1776464999999,18455.5157,645,0.015,78.2742,0
1776465000000,5218.8,5218.8,5197.4,5198.9,3.35,1776465299999,17433.6924,615,0.016,83.4668,0
1776465300000,5218.8,5218.8,5197.4,5199.6,3.208,1776465599999,16679.4418,651,0.059,306.9656,0
1776465600000,5199.6,5218.8,5197.4,5201.0,3.406,1776465899999,17714.6922,635,0.021,109.4566,0
1776465900000,5201.0,5218.8,5197.4,5201.0,3.311,1776466199999,17222.4294,639,0.020,104.3585,0
1776466200000,5218.8,5218.8,5197.4,5199.4,3.51,1776466499999,18250.0980,637,0.015,78.2820,0
1776466500000,5199.4,5218.8,5197.4,5200.6,3.415,1776466799999,17756.4326,635,0.010,52.1880,0
1776466800000,5200.6,5218.8,5197.4,5201.1,3.212,1776467099999,16711.0258,763,0.428,2226.9386,0
1776467100000,5218.8,5218.8,5197.4,5201.1,3.352,1776467399999,17431.1900,675,0.101,525.5934,0
1776467400000,5218.8,5218.8,5197.4,5204.2,3.432,1776467699999,17855.6823,680,0.067,348.9501,0
1776467700000,5218.8,5218.8,5197.4,5205.8,3.177,1776467999999,16532.3863,641,0.046,239.7436,0
1776468000000,5218.8,5218.8,5197.4,5203.1,3.266,1776468299999,16998.1368,741,0.152,791.4582,0
1776468300000,5218.8,5218.8,5197.4,5203.8,3.108,1776468599999,16172.6597,686,0.147,765.3538,0
1776468600000,5203.8,5218.8,5197.4,5204.9,3.376,1776468899999,17567.4499,726,0.038,197.8501,0
1776468900000,5218.8,5218.8,5197.4,5204.9,3.184,1776469199999,16570.4887,656,0.058,302.0927,0
1776469200000,5204.9,5218.8,5197.4,5203.0,3.31,1776469499999,17223.4393,662,0.051,265.6425,0
1776469500000,5218.8,5218.8,5197.4,5206.9,3.526,1776469799999,18356.7562,697,0.112,583.3825,0
1776469800000,5218.8,5218.8,5197.4,5206.4,3.369,1776470099999,17542.7888,618,0.009,46.9692,0
1776470100000,5206.4,5218.8,5197.4,5208.8,3.481,1776470399999,18125.1047,685,0.060,312.5826,0
1776470400000,5218.8,5218.8,5197.4,5212.9,2.924,1776470699999,15235.6478,568,0.016,83.5008,0
1776470700000,5218.8,5218.8,5197.4,5213.2,3.199,1776470999999,16674.1350,658,0.107,557.8659,0
1776471000000,5213.2,5218.8,5197.4,5212.7,3.252,1776471299999,16954.3588,615,0.037,192.9646,0
1776471300000,5212.7,5218.8,5197.4,5212.0,3.076,1776471599999,16032.2752,636,0.057,297.1860,0
1776471600000,5212.0,5218.8,5197.4,5213.5,3.198,1776471899999,16671.8725,584,0.011,57.3932,0
1776471900000,5213.5,5218.8,5197.4,5210.5,3.185,1776472199999,16600.4362,581,0.010,52.1880,0
1776472200000,5210.5,5218.8,5197.4,5218.2,2.554,1776472499999,13314.8539,519,0.047,245.1681,0
1776472500000,5218.8,5219.7,5197.4,5214.7,28.926,1776472799999,150965.7512,559,26.927,140537.0190,0
1776472800000,5215.3,5219.7,5213.3,5215.8,3.074,1776473099999,16026.8913,806,0.025,130.4837,0
1776473100000,5219.7,5219.7,5211.5,5211.5,2.638,1776473399999,13752.7700,625,0.020,104.3940,0
1776473400000,5211.5,5219.7,5211.0,5212.3,2.73,1776473699999,14229.0886,604,0.020,104.3940,0
1776473700000,5219.7,5219.7,5210.9,5214.3,3.147,1776473999999,16405.4443,651,0.025,130.4925,0
1776474000000,5219.7,5219.7,5197.4,5211.5,3.175,1776474299999,16549.8876,652,0.048,250.3800,0
1776474300000,5219.7,5219.7,5197.4,5207.1,3.46,1776474599999,18020.0733,636,0.025,130.4925,0
1776474600000,5219.7,5219.7,5197.4,5206.1,3.238,1776474899999,16858.5132,699,0.097,505.3203,0
1776474900000,5206.1,5219.7,5197.4,5210.7,3.292,1776475199999,17148.4863,664,0.057,297.1949,0
1776475200000,5219.7,5219.7,5197.4,5208.9,3.452,1776475499999,17987.4468,700,0.115,599.5308,0
1776475500000,5219.7,5219.7,5197.4,5213.2,3.477,1776475799999,18119.3108,748,0.113,588.9939,0
1776475800000,5219.7,5219.7,5197.4,5213.4,3.333,1776476099999,17373.7839,666,0.063,328.5643,0
1776476100000,5219.7,5219.7,5197.4,5216.2,3.164,1776476399999,16502.6021,658,0.070,365.2088,0
1776476400000,5219.7,5219.7,5197.4,5214.2,3.195,1776476699999,16663.9543,639,0.058,302.5677,0
1776476700000,5214.4,5219.7,5197.4,5214.9,3.231,1776476999999,16847.1561,632,0.056,292.1246,0
1776477000000,5219.7,5219.7,5197.4,5215.6,3.247,1776477299999,16933.7844,738,0.608,3171.3086,0
1776477300000,5219.7,5219.7,5197.4,5213.7,3.478,1776477599999,18135.1643,646,0.025,130.4925,0
1776477600000,5219.7,5219.7,5197.4,5214.7,3.344,1776477899999,17437.6250,675,0.072,375.5834,0
1776477900000,5214.7,5219.7,5197.4,5213.7,3.228,1776478199999,16830.5547,656,0.063,328.6091,0
1776478200000,5213.7,5219.7,5197.4,5219.3,3.241,1776478499999,16906.0204,647,0.064,333.8285,0
1776478500000,5219.7,5222.3,5219.3,5220.7,225.629,1776478799999,1177941.2753,855,106.604,556519.7262,0
1776478800000,5220.7,5220.7,5216.7,5217.0,248.214,1776479099999,1295509.0208,964,0.655,3417.5399,0
1776479100000,5217.8,5218.0,5216.4,5216.4,130.635,1776479399999,681557.5817,837,0.456,2379.3985,0
1776479400000,5216.5,5216.5,5215.1,5215.2,22.621,1776479699999,117998.1668,878,0.600,3129.6268,0
1776479700000,5215.2,5216.4,5215.1,5216.4,3.236,1776479999999,16879.0382,593,1.853,9665.8176,0
1776480000000,5216.4,5217.9,5215.9,5217.7,3.815,1776480299999,19903.3138,695,2.957,15426.5752,0
1776480300000,5217.7,5219.8,5215.9,5218.0,3.478,1776480599999,18147.0804,823,2.157,11255.3749,0
1776480600000,5219.2,5220.6,5215.9,5220.1,3.224,1776480899999,16828.0955,680,0.588,3069.4172,0
1776480900000,5220.1,5220.2,5218.8,5219.2,3.317,1776481199999,17312.5299,601,0,0,0
1776481200000,5219.6,5224.0,5215.9,5224.0,3.087,1776481499999,16124.1826,660,2.868,14980.5110,0
1776481500000,5224.0,5226.1,5215.9,5225.9,3.086,1776481799999,16123.8281,656,2.560,13375.4337,0
1776481800000,5226.0,5227.0,5215.9,5227.0,3.08,1776482099999,16097.4668,596,2.628,13735.5282,0
1776482100000,5227.0,5228.2,5215.9,5228.2,3.25,1776482399999,16989.0278,773,3.230,16884.7098,0
1776482400000,5228.2,5228.3,5215.9,5228.3,3.399,1776482699999,17769.5591,777,1.950,10194.8374,0
1776482700000,5228.3,5228.7,5215.9,5228.6,3.283,1776482999999,17165.0298,851,2.729,14268.6394,0
1776483000000,5228.7,5229.6,5215.9,5229.6,3.439,1776483299999,17982.3254,835,1.798,9401.7234,0
1776483300000,5229.6,5229.6,5215.9,5226.4,3.23,1776483599999,16889.7888,601,1.768,9245.9328,0
1776483600000,5226.5,5226.9,5225.1,5226.9,3.422,1776483899999,17884.3553,703,1.884,9846.6878,0
1776483900000,5226.9,5228.0,5226.3,5227.8,3.351,1776484199999,17517.9361,672,1.777,9289.6164,0
1776484200000,5227.8,5230.6,5223.2,5230.6,164.47,1776484499999,859363.6995,853,1.487,7771.8961,0
1776484500000,5230.6,5235.4,5223.2,5231.7,28.466,1776484799999,148953.2352,697,1.881,9843.6603,0
1776484800000,5231.9,5236.3,5231.7,5233.7,3.236,1776485099999,16938.5857,631,1.072,5611.9088,0
1776485100000,5233.7,5233.7,5231.5,5232.2,54.457,1776485399999,284914.7911,787,52.314,273702.4636,0
1776485400000,5232.2,5233.0,5232.2,5232.3,153.793,1776485699999,804727.8210,820,82.418,431252.7803,0
1776485700000,5232.3,5232.3,5228.7,5228.7,299.417,1776485999999,1566192.3436,990,0.679,3551.8053,0
1776486000000,5228.8,5228.8,5227.2,5228.1,39.555,1776486299999,206818.5814,1066,1.397,7303.8170,0
1776486300000,5228.1,5232.6,5227.2,5232.6,3.521,1776486599999,18413.6723,809,3.181,16635.8249,0
1776486600000,5232.6,5233.6,5227.2,5231.9,3.323,1776486899999,17386.4491,697,0.485,2538.0542,0
1776486900000,5231.9,5234.7,5227.2,5234.0,3.044,1776487199999,15932.5829,668,2.159,11300.9605,0
1776487200000,5234.0,5235.0,5227.2,5232.8,3.14,1776487499999,16437.4318,646,2.409,12610.9036,0
1776487500000,5232.8,5235.0,5227.2,5233.6,2.682,1776487799999,14036.3761,526,1.543,8076.0182,0
1776487800000,5233.6,5235.0,5227.0,5231.7,2.303,1776488099999,12050.3045,462,0.025,130.8722,0
1776488100000,5235.0,5235.0,5227.0,5233.4,2.995,1776488399999,15670.3548,582,0.046,240.7484,0
1776488400000,5235.0,5235.6,5227.0,5230.9,2.666,1776488699999,13953.6383,607,0.572,2994.6567,0
1776488700000,5231.6,5231.6,5226.5,5226.5,39.072,1776488999999,204227.3290,664,1.376,7195.9582,0
1776489000000,5226.8,5226.8,5225.2,5225.2,147.06,1776489299999,768549.4383,761,1.389,7258.0127,0
1776489300000,5225.2,5226.3,5225.2,5226.2,1.854,1776489599999,9688.5366,476,1.692,8841.9286,0
1776489600000,5226.2,5227.7,5225.2,5225.3,3.287,1776489899999,17177.6214,818,1.598,8351.7927,0
1776489900000,5225.3,5227.8,5225.2,5227.3,3.248,1776490199999,16976.1472,673,1.436,7505.0943,0
1776490200000,5227.4,5228.5,5225.1,5226.0,3.41,1776490499999,17824.5654,711,1.344,7026.0623,0
1776490500000,5228.5,5231.0,5225.1,5230.3,3.327,1776490799999,17396.1355,655,1.091,5705.6602,0
1776490800000,5230.3,5232.0,5230.3,5231.0,3.35,1776491099999,17524.3524,695,2.047,10708.2334,0
1776491100000,5231.0,5231.9,5228.7,5231.4,3.29,1776491399999,17206.7487,607,0,0,0
1776491400000,5231.4,5232.0,5225.1,5230.4,3.242,1776491699999,16957.6794,665,0.060,313.8847,0
1776491700000,5232.0,5232.0,5225.1,5229.2,2.901,1776491999999,15171.0641,646,0.121,632.8187,0
1776492000000,5229.5,5232.0,5225.1,5229.8,3.062,1776492299999,16013.9389,629,0.085,444.5857,0
1776492300000,5229.9,5232.0,5225.1,5230.9,3.116,1776492599999,16296.4747,613,0.043,224.9460,0
1776492600000,5232.0,5232.8,5225.1,5232.4,2.917,1776492899999,15261.9735,635,1.160,6069.8376,0
1776492900000,5232.4,5235.0,5225.1,5234.3,3.279,1776493199999,17159.9364,832,1.086,5683.6643,0
1776493200000,5235.0,5235.3,5225.1,5235.2,3.363,1776493499999,17602.8355,741,0.645,3376.5141,0
1776493500000,5235.2,5235.7,5225.1,5233.2,3.321,1776493799999,17384.6371,610,0.894,4680.4156,0
1776493800000,5233.2,5233.2,5230.0,5230.0,3.214,1776494099999,16812.6785,851,1.095,5728.3619,0
1776494100000,5230.0,5232.4,5225.1,5230.3,3.25,1776494399999,16999.3733,783,2.519,13176.2527,0
1776494400000,5230.3,5230.3,5225.1,5228.1,3.254,1776494699999,17014.8056,741,2.305,12052.5792,0
1776494700000,5228.1,5228.3,5225.1,5228.2,3.304,1776494999999,17272.8536,640,1.747,9133.3329,0
1776495000000,5228.2,5228.7,5225.1,5227.5,3.375,1776495299999,17644.1286,664,0.807,4219.2759,0
1776495300000,5228.7,5228.7,5225.1,5227.2,3.399,1776495599999,17767.5493,645,0.025,130.7175,0
1776495600000,5228.7,5229.7,5225.1,5225.7,3.347,1776495899999,17496.8933,813,1.248,6525.1087,0
1776495900000,5225.7,5227.8,5225.1,5226.5,3.27,1776496199999,17090.6132,654,1.621,8472.4049,0
1776496200000,5226.5,5226.5,5225.1,5225.3,2.934,1776496499999,15332.6505,588,0.717,3747.3834,0
1776496500000,5225.3,5226.5,5225.3,5226.4,78.8,1776496799999,411829.9933,690,77.007,402460.3706,0
1776496800000,5226.4,5226.4,5224.4,5224.8,3.251,1776497099999,16987.3814,746,0.078,407.6020,0
1776497100000,5226.4,5226.4,5224.4,5225.7,3.337,1776497399999,17435.9546,755,0.057,297.8326,0
1776497400000,5226.4,5226.4,5223.8,5223.8,3.202,1776497699999,16729.2215,668,0.020,104.5280,0
1776497700000,5226.4,5226.4,5221.1,5221.2,3.119,1776497999999,16286.4074,700,0.053,276.8417,0
1776498000000,5226.4,5226.4,5217.7,5219.8,3.528,1776498299999,18417.8056,670,0.260,1358.8640,0
1776498300000,5219.8,5226.4,5215.7,5215.8,3.328,1776498599999,17365.5087,717,0.010,52.2640,0
1776498600000,5226.4,5226.4,5213.4,5213.4,3.27,1776498899999,17053.6903,615,0.025,130.6600,0
1776498900000,5213.4,5226.4,5213.3,5217.9,3.853,1776499199999,20094.1876,657,0.253,1322.2792,0
1776499200000,5217.4,5226.4,5217.4,5221.5,3.223,1776499499999,16822.5433,601,0.039,203.7168,0
1776499500000,5221.7,5226.4,5219.2,5221.5,3.609,1776499799999,18842.6902,708,0.028,146.2566,0
1776499800000,5226.4,5226.4,5219.1,5220.1,3.456,1776500099999,18043.5113,793,0.015,78.3960,0
1776500100000,5220.1,5236.0,5220.0,5232.8,428.172,1776500399999,2239572.5679,979,426.890,2232869.8322,0
1776500400000,5236.0,5239.8,5232.8,5237.7,82.371,1776500699999,431453.2981,669,79.846,418231.6154,0
1776500700000,5237.7,5242.9,5237.7,5240.5,159.904,1776500999999,838043.2415,826,158.065,828406.1798,0
1776501000000,5242.9,5244.6,5239.8,5244.6,161.233,1776501299999,845382.0157,738,129.174,677311.8981,0
1776501300000,5244.6,5257.7,5244.6,5254.8,500.817,1776501599999,2629653.5266,899,499.890,2624781.4785,0
1776501600000,5257.7,5258.3,5254.6,5255.4,153.339,1776501899999,806077.8253,778,20.349,106996.3134,0
1776501900000,5255.6,5257.7,5255.2,5255.2,72.305,1776502199999,380123.9810,629,66.432,349258.9368,0
1776502200000,5255.2,5258.4,5255.2,5258.4,3.401,1776502499999,17879.9281,641,0.796,4185.5939,0
1776502500000,5258.4,5258.4,5255.2,5256.8,3.128,1776502799999,16444.2426,632,1.492,7843.9471,0
1776502800000,5256.8,5258.7,5255.2,5258.7,3.545,1776503099999,18639.2595,687,2.565,13486.6876,0
1776503100000,5258.7,5258.7,5253.6,5257.0,3.253,1776503399999,17098.9613,683,0.585,3076.2112,0
1776503400000,5257.0,5257.0,5252.4,5254.0,3.379,1776503699999,17755.0656,658,0,0,0
1776503700000,5254.0,5258.7,5253.2,5258.0,3.288,1776503999999,17281.7178,684,0.103,541.6416,0
1776504000000,5258.0,5258.0,5254.2,5256.2,3.417,1776504299999,17961.0216,688,0,0,0
1776504300000,5256.2,5256.2,5254.3,5254.6,3.095,1776504599999,16264.7160,596,0,0,0
1776504600000,5254.6,5254.8,5252.7,5252.9,3.268,1776504899999,17170.1632,651,0,0,0
1776504900000,5252.9,5255.7,5252.9,5254.6,3.208,1776505199999,16856.4623,595,0,0,0
1776505200000,5254.6,5257.4,5254.1,5257.4,3.382,1776505499999,17774.0779,632,0,0,0
1776505500000,5257.4,5260.6,5257.4,5258.9,75.123,1776505799999,395083.5542,838,73.002,383930.0431,0
1776505800000,5258.9,5259.1,5257.8,5257.8,3.429,1776506099999,18030.8697,705,0,0,0
1776506100000,5257.8,5257.8,5255.0,5255.5,3.156,1776506399999,16588.5044,713,0,0,0
1776506400000,5255.5,5260.6,5255.4,5260.6,2.734,1776506699999,14378.2358,662,0.645,3392.3947,0
1776506700000,5260.6,5264.7,5259.9,5264.3,261.364,1776506999999,1375309.8792,786,225.657,1187476.0374,0
1776507000000,5264.7,5265.2,5263.3,5263.3,154.481,1776507299999,813132.2095,757,0.648,3411.6382,0
1776507300000,5263.3,5263.3,5260.1,5260.4,148.142,1776507599999,779557.5298,699,24.164,127129.5450,0
1776507600000,5260.4,5263.3,5260.4,5262.4,113.319,1776507899999,596327.6247,650,111.650,587545.3585,0
1776507900000,5263.3,5263.4,5261.3,5262.4,2.899,1776508199999,15255.3293,576,0.151,794.7614,0
1776508200000,5263.4,5264.3,5257.5,5257.5,2.985,1776508499999,15702.3902,599,0.266,1400.1323,0
1776508500000,5257.5,5264.3,5256.6,5256.6,3.085,1776508799999,16217.7709,592,0.010,52.6430,0
1776508800000,5264.3,5264.3,5256.3,5261.2,3.274,1776509099999,17214.6787,725,0.020,105.2860,0
1776509100000,5264.3,5264.3,5257.7,5257.7,3.32,1776509399999,17458.4002,707,0.025,131.6075,0
1776509400000,5264.3,5264.3,5257.6,5257.8,3.371,1776509699999,17727.2019,777,0.060,315.6305,0
1776509700000,5257.8,5264.3,5256.6,5256.6,3.439,1776509999999,18079.1327,848,0.020,105.2795,0
1776510000000,5264.3,5264.3,5254.4,5254.4,3.297,1776510299999,17328.7637,782,0.152,799.0450,0
1776510300000,5256.5,5264.3,5252.5,5252.5,2.899,1776510599999,15232.1133,676,0.025,131.5997,0
1776510600000,5264.3,5264.3,5251.8,5256.1,2.816,1776510899999,14794.7659,549,0.015,78.9645,0
1776510900000,5264.3,5264.3,5251.8,5257.0,3.18,1776511199999,16720.9693,606,0.020,105.2860,0
1776511200000,5264.3,5264.3,5251.8,5256.6,3.412,1776511499999,17936.8956,659,0.058,305.0914,0
1776511500000,5264.3,5264.3,5251.8,5257.4,3.508,1776511799999,18441.1435,649,0.020,105.2860,0
1776511800000,5264.3,5264.3,5251.8,5256.5,3.416,1776512099999,17957.5720,634,0.020,105.2860,0
1776512100000,5264.3,5264.3,5251.8,5259.9,3.141,1776512399999,16516.9729,645,0.067,352.4662,0
1776512400000,5262.0,5264.3,5251.8,5260.6,2.93,1776512699999,15413.2612,581,0.048,252.6029,0
1776512700000,5261.4,5264.3,5251.8,5258.8,3.27,1776512999999,17196.6159,698,0.099,520.6905,0
1776513000000,5264.3,5264.3,5251.8,5258.9,3.291,1776513299999,17306.7442,617,0.020,105.2860,0
1776513300000,5258.9,5264.3,5251.8,5263.1,2.855,1776513599999,15023.0796,540,0.025,131.6075,0
1776513600000,5264.3,5266.7,5251.8,5266.7,2.585,1776513899999,13610.2327,522,0.879,4628.5818,0
1776513900000,5266.7,5268.4,5251.8,5268.4,3.198,1776514199999,16843.7463,653,0.912,4803.9888,0
1776514200000,5268.4,5268.6,5251.8,5266.9,3.327,1776514499999,17525.7023,633,1.198,6311.2889,0
1776514500000,5266.9,5267.9,5251.8,5267.7,3.055,1776514799999,16091.7615,620,1.531,8064.3729,0
1776514800000,5267.9,5267.9,5251.8,5267.6,3.085,1776515099999,16248.7749,661,0.142,747.9373,0
1776515100000,5267.9,5268.7,5251.8,5267.0,3.23,1776515399999,17015.2570,711,1.581,8329.1381,0
1776515400000,5267.1,5268.3,5251.8,5268.3,3.309,1776515699999,17431.1913,707,2.505,13196.2019,0
1776515700000,5268.3,5270.0,5251.8,5269.0,3.202,1776515999999,16872.1137,665,1.415,7456.1579,0
1776516000000,5269.1,5270.0,5251.8,5268.3,3.302,1776516299999,17399.3149,706,1.485,7825.5511,0
1776516300000,5268.7,5270.0,5251.8,5269.7,3.322,1776516599999,17504.3099,758,1.686,8884.4241,0
1776516600000,5269.7,5269.8,5251.8,5267.3,3.429,1776516899999,18065.5846,668,1.634,8609.3248,0
1776516900000,5269.0,5269.0,5251.8,5266.4,3.318,1776517199999,17476.6666,659,0.058,305.5458,0
1776517200000,5269.0,5269.0,5251.8,5263.6,3.247,1776517499999,17098.1195,636,0.064,337.0063,0
1776517500000,5269.0,5269.0,5251.8,5267.5,2.96,1776517799999,15584.4082,608,0.045,237.0280,0
1776517800000,5269.0,5269.0,5251.8,5268.2,3.505,1776518099999,18461.4035,744,0.123,647.9566,0
1776518100000,5268.2,5269.6,5251.8,5268.3,3.227,1776518399999,17002.3790,758,1.446,7619.3625,0
1776518400000,5268.4,5268.4,5251.8,5267.1,3.294,1776518699999,17345.9973,755,2.425,12769.8133,0
1776518700000,5267.1,5267.9,5251.8,5266.7,3.169,1776518999999,16690.6370,605,0.964,5077.7359,0
1776519000000,5267.9,5268.3,5251.8,5268.3,2.931,1776519299999,15439.4433,561,1.673,8813.4491,0
1776519300000,5268.3,5268.3,5251.8,5268.3,3.161,1776519599999,16651.8373,623,1.263,6653.8521,0
1776519600000,5268.3,5268.5,5251.8,5266.6,3.272,1776519899999,17233.2426,652,1.705,8980.3449,0
1776519900000,5266.6,5266.7,5251.8,5264.1,3.352,1776520199999,17649.6171,645,1.225,6451.2747,0
1776520200000,5266.7,5266.7,5251.8,5264.7,3.157,1776520499999,16617.9136,625,0.056,294.8648,0
1776520500000,5266.7,5266.7,5251.8,5265.9,3.325,1776520799999,17502.4777,647,0.037,194.8193,0
1776520800000,5266.7,5268.1,5251.8,5268.1,3.363,1776521099999,17712.8766,699,2.408,12683.8400,0
1776521100000,5268.1,5268.1,5251.8,5268.1,3.245,1776521399999,17094.1290,719,1.614,8502.5991,0
1776521400000,5268.1,5269.4,5251.8,5269.2,3.723,1776521699999,19612.4766,952,2.053,10816.2639,0
1776521700000,5269.2,5269.6,5251.8,5269.4,3.304,1776521999999,17410.0003,715,2.283,12030.4334,0
1776522000000,5269.6,5269.6,5251.8,5268.1,3.216,1776522299999,16946.0253,602,1.201,6328.7769,0
1776522300000,5268.1,5268.6,5251.8,5268.3,2.868,1776522599999,15108.4768,604,1.490,7849.6798,0
1776522600000,5268.6,5268.6,5251.8,5268.3,3.078,1776522899999,16215.6179,626,1.131,5958.5776,0
1776522900000,5268.3,5269.9,5251.8,5269.3,2.858,1776523199999,15057.9803,657,1.726,9093.9033,0
1776523200000,5269.9,5270.4,5251.8,5269.5,2.288,1776523499999,12057.6656,459,1.399,7373.0459,0
1776523500000,5270.4,5270.4,5262.0,5262.0,2.113,1776523799999,11131.3995,394,0.005,26.3520,0
1776523800000,5262.0,5265.8,5251.8,5264.3,1.554,1776524099999,8181.6498,325,0.030,157.9320,0
1776524100000,5264.4,5265.5,5263.2,5264.4,2.332,1776524399999,12277.1198,475,0.005,26.3220,0
1776524400000,5264.3,5267.5,5263.1,5267.5,2.497,1776524699999,13146.1732,496,0,0,0
1776524700000,5267.5,5268.8,5267.2,5267.6,2.786,1776524999999,14676.0924,492,0,0,0
1776525000000,5267.6,5267.9,5262.3,5262.9,1.948,1776525299999,10256.2877,420,0,0,0
1776525300000,5262.9,5264.5,5262.9,5263.7,2.96,1776525599999,15580.9186,557,0,0,0
1776525600000,5263.7,5263.9,5261.7,5261.7,3.136,1776525899999,16504.6050,641,0,0,0
1776525900000,5261.7,5261.7,5260.0,5261.0,3.314,1776526199999,17433.7455,702,0,0,0
1776526200000,5261.0,5261.0,5254.0,5254.0,3.405,1776526499999,17899.7393,911,0,0,0
1776526500000,5254.0,5254.3,5253.3,5253.6,3.224,1776526799999,16937.8187,874,0,0,0
1776526800000,5253.6,5270.4,5251.8,5255.1,3.484,1776527099999,18305.7694,600,0.047,247.7088,0
1776527100000,5254.9,5270.4,5251.8,5255.8,3.268,1776527399999,17175.4013,707,0.192,1009.1469,0
1776527400000,5255.8,5256.5,5254.5,5255.5,3.098,1776527699999,16282.2193,575,0,0,0
1776527700000,5255.5,5255.6,5254.9,5255.6,3.059,1776527999999,16075.4721,569,0,0,0
1776528000000,5256.3,5270.4,5255.8,5257.2,2.66,1776528299999,13983.1799,497,0.002,10.5408,0
1776528300000,5257.2,5270.4,5251.8,5258.2,2.702,1776528599999,14206.2202,594,0.070,368.0866,0
1776528600000,5258.2,5258.3,5251.8,5257.3,2.728,1776528899999,14341.6153,494,0,0,0
1776528900000,5257.3,5257.4,5248.6,5249.9,2.83,1776529199999,14867.0704,535,0,0,0
1776529200000,5249.9,5250.6,5243.9,5247.1,3.218,1776529499999,16883.8962,644,0,0,0
1776529500000,5247.1,5249.0,5246.4,5249.0,3.209,1776529799999,16838.8451,579,0,0,0
1776529800000,5249.0,5249.5,5249.0,5249.5,3.304,1776530099999,17343.2956,599,0,0,0
1776530100000,5249.5,5251.8,5249.4,5251.8,3.259,1776530399999,17110.6879,590,0,0,0
1776530400000,5251.8,5251.8,5250.1,5250.1,3.371,1776530699999,17701.4693,620,0,0,0
1776530700000,5250.1,5250.1,5247.0,5248.6,3.285,1776530999999,17240.8141,664,0,0,0
1776531000000,5248.6,5250.3,5247.8,5247.8,3.169,1776531299999,16634.9854,586,0,0,0
1776531300000,5247.8,5248.5,5247.6,5247.7,3.357,1776531599999,17617.8628,611,0,0,0
1776531600000,5247.7,5250.0,5247.5,5249.9,3.187,1776531899999,16728.6611,595,0,0,0
1776531900000,5249.9,5251.8,5249.9,5250.3,3.215,1776532199999,16882.0466,582,0,0,0
1776532200000,5250.3,5254.4,5250.3,5251.6,3.213,1776532499999,16873.2865,596,0,0,0
1776532500000,5251.6,5251.9,5249.0,5249.1,3.366,1776532799999,17672.1711,616,0,0,0
1776532800000,5249.1,5251.0,5249.1,5250.6,2.947,1776533099999,15473.0841,558,0,0,0
1776533100000,5250.6,5250.7,5249.8,5249.8,3.183,1776533399999,16711.8524,576,0,0,0
1776533400000,5249.8,5249.8,5244.2,5245.8,2.38,1776533699999,12486.2386,497,0,0,0
1776533700000,5245.8,5246.6,5243.4,5246.5,2.681,1776533999999,14061.6901,480,0,0,0
1776534000000,5246.5,5248.0,5246.0,5247.1,2.916,1776534299999,15300.7119,592,0,0,0
1776534300000,5247.1,5247.1,5244.4,5245.5,2.974,1776534599999,15602.2712,638,0,0,0
1776534600000,5245.5,5245.5,5243.1,5243.1,2.883,1776534899999,15119.2498,549,0,0,0
1776534900000,5243.1,5245.3,5243.0,5245.3,3.421,1776535199999,17939.9862,639,0,0,0
1776535200000,5245.3,5270.4,5241.7,5241.7,3.274,1776535499999,17167.8645,669,0.003,15.8112,0
1776535500000,5241.7,5242.9,5240.2,5242.3,3.237,1776535799999,16967.6778,643,0,0,0
1776535800000,5242.3,5270.4,5241.9,5245.0,3.456,1776536099999,18122.1518,615,0.014,73.7856,0
1776536100000,5245.0,5245.9,5241.5,5243.9,111.006,1776536399999,581867.8041,612,0,0,0
1776536400000,5243.9,5270.4,5243.9,5246.5,3.27,1776536699999,17154.1645,589,0.048,252.9792,0
1776536700000,5246.5,5249.0,5245.7,5249.0,3.131,1776536999999,16428.6867,580,0,0,0
1776537000000,5249.0,5255.1,5248.5,5254.0,2.782,1776537299999,14610.9970,511,0,0,0
1776537300000,5254.0,5256.5,5252.9,5255.4,3.083,1776537599999,16201.0759,560,0,0,0
1776537600000,5255.4,5257.7,5253.8,5254.6,3.12,1776537899999,16397.2394,577,0,0,0
1776537900000,5254.0,5270.4,5253.5,5258.0,3.309,1776538199999,17392.9072,635,0.001,5.2704,0
1776538200000,5258.0,5260.3,5257.6,5258.8,3.298,1776538499999,17344.9347,600,0,0,0
1776538500000,5258.8,5265.0,5253.5,5264.6,3.414,1776538799999,17962.1478,701,0.215,1131.8715,0
1776538800000,5265.0,5270.4,5254.2,5256.7,3.096,1776539099999,16277.3879,557,0.005,26.3304,0
1776539100000,5256.7,5257.1,5255.6,5255.8,3.294,1776539399999,17314.6936,578,0,0,0
1776539400000,5255.8,5258.4,5253.5,5258.1,3.141,1776539699999,16514.1785,582,0,0,0
1776539700000,5258.1,5260.3,5257.6,5260.0,3.035,1776539999999,15960.8340,569,0,0,0
1776540000000,5260.0,5261.7,5241.5,5260.7,2.959,1776540299999,15563.2621,527,0,0,0
1776540300000,5259.9,5270.4,5241.5,5259.6,2.898,1776540599999,15243.5435,603,0.150,789.0967,0
1776540600000,5259.6,5262.3,5258.4,5260.3,2.802,1776540899999,14739.5315,519,0,0,0
1776540900000,5260.0,5263.0,5259.3,5262.8,2.506,1776541199999,13185.6980,473,0,0,0
1776541200000,5262.8,5263.2,5262.5,5262.9,3.416,1776541499999,17978.1178,614,0,0,0
1776541500000,5262.9,5263.1,5260.8,5260.8,3.39,1776541799999,17838.9515,612,0,0,0
1776541800000,5260.8,5270.4,5241.5,5260.0,3.194,1776542099999,16801.2838,663,0.067,352.5511,0
1776542100000,5260.0,5270.4,5259.5,5261.4,3.148,1776542399999,16560.5306,592,0.002,10.5408,0
1776542400000,5261.4,5270.4,5261.3,5264.9,3.41,1776542699999,17951.3503,601,0.059,310.9536,0
1776542700000,5264.9,5265.0,5263.8,5264.5,3.434,1776542999999,18078.5437,612,0,0,0
1776543000000,5264.5,5265.0,5263.1,5264.9,3.437,1776543299999,18093.8845,639,0,0,0
1776543300000,5264.9,5265.0,5264.2,5264.2,3.432,1776543599999,18068.2619,622,0,0,0
1776543600000,5264.2,5265.0,5264.2,5264.8,3.512,1776543899999,18489.8097,643,0,0,0
1776543900000,5264.8,5265.0,5264.8,5265.0,3.462,1776544199999,18227.2853,645,0,0,0
1776544200000,5265.0,5268.4,5264.9,5268.4,3.436,1776544499999,18095.9896,628,0,0,0
1776544500000,5268.4,5269.6,5267.4,5267.7,3.37,1776544799999,17754.5701,656,0,0,0
1776544800000,5267.7,5267.7,5263.0,5263.0,3.121,1776545099999,16434.0893,674,0,0,0
1776545100000,5263.0,5263.8,5261.6,5262.6,2.767,1776545399999,14562.0779,558,0,0,0
1776545400000,5262.6,5262.6,5260.3,5260.3,3.277,1776545699999,17242.0283,625,0,0,0
1776545700000,5260.3,5261.1,5259.1,5259.4,3.194,1776545999999,16800.7723,787,0,0,0
1776546000000,5259.4,5259.9,5259.1,5259.5,3.095,1776546299999,16278.2317,602,0,0,0
1776546300000,5259.5,5261.9,5259.4,5261.3,3.064,1776546599999,16120.0865,580,0,0,0
1776546600000,5261.3,5261.3,5258.0,5258.0,3.373,1776546899999,17741.7023,804,0,0,0
1776546900000,5258.0,5258.1,5256.5,5256.5,3.435,1776547199999,18058.8642,662,0,0,0
1776547200000,5256.5,5258.5,5256.5,5257.4,3.432,1776547499999,18044.2547,619,0,0,0
1776547500000,5257.4,5257.6,5255.4,5255.4,3.302,1776547799999,17357.2737,713,0,0,0
1776547800000,5255.4,5258.2,5254.0,5254.0,3.331,1776548099999,17505.8502,759,0,0,0
1776548100000,5254.0,5254.1,5253.1,5254.1,3.399,1776548399999,17857.0120,755,0,0,0
1776548400000,5254.1,5254.1,5250.2,5250.8,3.647,1776548699999,19152.9888,797,0,0,0
1776548700000,5250.8,5253.0,5250.5,5252.3,3.237,1776548999999,16999.3981,623,0,0,0
1776549000000,5252.3,5270.4,5252.3,5253.9,3.432,1776549299999,18033.9626,699,0.048,252.9792,0
1776549300000,5253.9,5254.3,5252.8,5253.1,3.497,1776549599999,18372.0827,679,0,0,0
1776549600000,5253.1,5255.8,5251.1,5255.8,3.484,1776549899999,18301.4936,642,0,0,0
1776549900000,5255.8,5255.8,5252.8,5254.3,2.933,1776550199999,15409.6576,580,0.441,2317.1463,0
1776550200000,5254.3,5255.3,5253.6,5253.6,159.423,1776550499999,837685.4501,920,87.800,461338.7374,0
1776550500000,5253.6,5254.2,5252.0,5254.1,136.642,1776550799999,717830.2299,777,57.518,302172.7760,0
1776550800000,5254.1,5254.2,5252.8,5252.8,111.577,1776551099999,586146.8048,667,34.083,179065.2615,0
1776551100000,5252.8,5252.8,5250.5,5252.5,153.379,1776551399999,805491.4962,835,16.762,88037.4586,0
1776551400000,5252.5,5254.1,5251.9,5253.2,186.972,1776551699999,982127.9428,893,131.944,693076.0085,0
1776551700000,5253.2,5254.1,5251.1,5254.1,262.488,1776551999999,1378731.4131,858,62.376,327675.2061,0
1776552000000,5254.1,5255.7,5254.1,5255.6,59.52,1776552299999,312782.5754,761,58.515,307500.9236,0
1776552300000,5255.6,5255.6,5252.8,5253.2,366.506,1776552599999,1925819.9143,918,1.648,8658.4643,0
1776552600000,5253.2,5255.2,5252.6,5252.6,3.605,1776552899999,18938.2558,770,1.850,9719.5144,0
1776552900000,5252.6,5255.4,5252.2,5255.0,112.68,1776553199999,591881.8407,899,36.874,193702.0808,0
1776553200000,5255.1,5255.6,5254.3,5254.4,3.32,1776553499999,17445.9872,749,2.092,10993.1312,0
1776553500000,5254.4,5254.9,5252.2,5253.9,3.265,1776553799999,17154.8892,819,1.778,9342.4949,0
1776553800000,5253.9,5255.8,5252.2,5255.8,3.486,1776554099999,18318.6868,756,2.565,13479.5590,0
1776554100000,5255.8,5255.8,5255.1,5255.8,3.478,1776554399999,18279.4214,635,2.731,14353.5501,0
1776554400000,5255.8,5258.1,5255.1,5258.0,3.388,1776554699999,17810.9656,747,2.814,14793.1174,0
1776554700000,5258.1,5258.4,5252.2,5258.0,2.877,1776554999999,15127.4462,567,1.346,7077.4459,0
1776555000000,5258.4,5258.4,5252.2,5255.9,2.453,1776555299999,12894.4171,572,0.870,4573.5497,0
1776555300000,5255.9,5257.5,5252.2,5257.5,3.03,1776555599999,15928.1498,898,3.014,15844.1066,0
1776555600000,5257.5,5257.5,5252.2,5257.5,2.607,1776555899999,13706.1840,582,1.682,8843.1150,0
1776555900000,5257.5,5257.5,5257.4,5257.5,2.392,1776556199999,12575.8975,444,1.967,10341.5025,0
1776556200000,5257.5,5257.6,5252.2,5257.6,1.896,1776556499999,9968.1754,433,1.575,8280.5760,0
1776556500000,5257.6,5260.2,5252.2,5259.4,2.456,1776556799999,12916.3127,525,2.368,12453.6475,0
1776556800000,5259.8,5261.5,5252.2,5261.5,2.246,1776557099999,11815.7016,430,1.711,9001.5045,0
1776557100000,5261.5,5262.2,5252.2,5262.2,2.393,1776557399999,12591.6971,504,2.082,10955.2335,0
1776557400000,5262.2,5264.7,5252.2,5263.1,2.483,1776557699999,13068.1367,515,1.753,9226.1723,0
1776557700000,5263.1,5265.8,5252.2,5263.0,2.71,1776557999999,14266.5599,533,2.013,10597.9932,0
1776558000000,5263.0,5263.0,5252.2,5258.4,2.237,1776558299999,11766.4110,453,0.655,3445.1480,0
1776558300000,5258.5,5259.5,5252.2,5259.4,3.048,1776558599999,16030.2341,566,2.679,14089.7770,0
1776558600000,5259.4,5261.2,5252.2,5261.2,2.641,1776558899999,13891.0653,598,1.481,7790.0888,0
1776558900000,5261.2,5265.3,5252.2,5265.3,2.903,1776559199999,15281.1093,564,2.290,12054.1809,0
1776559200000,5265.3,5265.7,5252.2,5263.7,2.102,1776559499999,11065.8808,442,1.539,8102.3754,0
1776559500000,5263.7,5263.8,5260.5,5260.5,2.478,1776559799999,13039.0442,625,0.904,4757.5412,0
1776559800000,5260.5,5262.1,5260.5,5261.8,2.494,1776560099999,13121.7323,469,1.929,10149.3197,0
1776560100000,5261.8,5263.2,5252.2,5262.3,2.323,1776560399999,12224.8944,447,1.680,8841.1838,0
1776560400000,5262.3,5262.3,5252.2,5261.0,1.848,1776560699999,9721.1311,380,1.127,5928.5366,0
1776560700000,5261.0,5261.0,5252.2,5258.7,2.754,1776560999999,14483.8597,571,0.598,3145.5455,0
1776561000000,5258.7,5258.7,5252.2,5258.0,2.552,1776561299999,13419.3241,501,1.209,6357.7336,0
1776561300000,5258.0,5258.3,5252.2,5256.8,2.897,1776561599999,15229.8692,573,0.723,3801.3514,0
1776561600000,5256.8,5257.6,5252.2,5257.6,2.44,1776561899999,12826.3662,631,1.279,6723.5861,0
1776561900000,5257.6,5257.6,5252.2,5257.3,2.68,1776562199999,14089.4915,576,1.428,7507.4421,0
1776562200000,5257.3,5258.1,5252.2,5257.7,2.441,1776562499999,12833.4822,571,0.915,4810.7384,0
1776562500000,5257.8,5260.4,5252.2,5260.3,2.782,1776562799999,14629.2008,574,1.992,10475.4340,0
1776562800000,5260.4,5260.4,5252.2,5259.4,2.37,1776563099999,12465.2577,547,0.571,3003.1795,0
1776563100000,5259.4,5260.5,5252.2,5260.5,2.804,1776563399999,14746.5440,660,1.309,6884.6702,0
1776563400000,5260.5,5260.5,5252.2,5258.6,2.536,1776563699999,13338.3312,455,1.369,7200.9858,0
1776563700000,5258.6,5261.0,5252.2,5261.0,2.783,1776563999999,14636.6717,659,2.178,11455.5023,0
1776564000000,5261.0,5263.0,4950.0,5263.0,3002.193,1776564299999,15758316.6705,716,49.169,258770.4544,0
1776564300000,5263.0,5264.4,5261.7,5264.3,2.798,1776564599999,14728.1325,578,2.150,11317.1279,0
1776564600000,5264.3,5264.6,5261.7,5264.0,3.07,1776564899999,16161.4119,653,1.424,7496.4619,0
1776564900000,5264.6,5266.0,5261.7,5265.7,2.901,1776565199999,15274.4609,622,1.150,6055.1061,0
1776565200000,5266.0,5268.6,5261.7,5268.6,2.232,1776565499999,11753.0846,466,0.972,5119.3588,0
1776565500000,5268.6,5271.9,5261.7,5271.9,2.834,1776565799999,14937.1135,528,2.171,11442.5949,0
1776565800000,5271.9,5271.9,5261.7,5268.7,2.54,1776566099999,13384.7122,475,0.692,3647.6011,0
1776566100000,5268.7,5271.7,5261.7,5270.7,2.808,1776566399999,14798.6140,598,1.648,8685.4643,0
1776566400000,5270.7,5270.7,5261.7,5265.2,2.654,1776566699999,13979.7768,590,1.543,8127.8389,0
1776566700000,5265.2,5267.6,5261.7,5267.5,2.383,1776566999999,12547.4261,535,1.182,6224.2541,0
1776567000000,5267.6,5269.1,5261.7,5267.0,2.897,1776567299999,15260.1919,580,1.524,8028.5987,0
1776567300000,5267.2,5268.0,5261.7,5265.6,2.35,1776567599999,12375.8967,438,1.196,6298.6874,0
1776567600000,5265.6,5267.9,5261.7,5267.0,2.713,1776567899999,14289.2536,557,1.488,7837.1985,0
1776567900000,5267.0,5270.6,5261.7,5269.1,2.268,1776568199999,11947.2720,592,1.884,9923.8617,0
1776568200000,5269.3,5270.6,5261.7,5265.8,2.872,1776568499999,15129.5512,592,0.075,395.0899,0
1776568500000,5265.9,5270.6,5261.7,5265.4,2.773,1776568799999,14601.1145,560,0.057,300.2786,0
1776568800000,5270.6,5270.6,5261.7,5264.3,2.499,1776569099999,13157.3807,562,0.084,442.4347,0
1776569100000,5270.6,5270.6,5261.7,5263.4,2.778,1776569399999,14624.4850,633,0.107,563.4160,0
1776569400000,5264.5,5270.6,5261.7,5265.6,2.826,1776569699999,14879.5443,575,0.062,326.5257,0
1776569700000,5270.6,5270.6,5261.7,5264.8,2.502,1776569999999,13173.9802,548,0.091,479.2728,0
1776570000000,5270.6,5270.6,5261.7,5263.8,2.041,1776570299999,10745.5023,424,0.069,363.4092,0
1776570300000,5270.6,5270.6,5261.7,5264.7,2.766,1776570599999,14561.5308,525,0.057,300.2292,0
1776570600000,5270.6,5270.6,5261.7,5267.1,3.275,1776570899999,17248.2497,668,0.075,395.1389,0
1776570900000,5267.1,5270.6,5261.7,5268.3,3.691,1776571199999,19439.9505,641,0.047,247.6106,0
1776571200000,5270.6,5272.0,5261.7,5271.0,3.27,1776571499999,17235.5419,646,0.883,4654.5338,0
1776571500000,5272.0,5272.0,5261.7,5270.8,3.32,1776571799999,17497.6154,680,0.066,347.9058,0
1776571800000,5270.9,5272.0,5261.7,5268.7,3.383,1776572099999,17825.4412,614,0.020,105.4389,0
1776572100000,5272.0,5272.0,5261.7,5268.4,3.373,1776572399999,17773.0468,722,0.245,1291.1053,0
1776572400000,5272.0,5272.0,5261.7,5270.0,3.429,1776572699999,18070.6425,690,0.064,337.3260,0
1776572700000,5270.0,5272.0,5261.7,5268.4,3.303,1776572999999,17400.7770,722,0.099,521.5750,0
1776573000000,5272.0,5275.0,5261.7,5275.0,3.334,1776573299999,17576.8833,633,1.552,8184.2816,0
1776573300000,5275.0,5279.0,5275.0,5279.0,3.572,1776573599999,18852.0839,730,3.529,18625.0958,0
1776573600000,5279.0,5287.0,5279.0,5286.3,3.027,1776573899999,15994.8849,648,1.962,10366.3439,0
1776573900000,5286.3,5286.3,5283.1,5286.2,3.297,1776574199999,17427.3816,680,2.308,12200.0278,0
1776574200000,5286.2,5288.7,5286.1,5288.7,3.132,1776574499999,16559.6276,655,2.463,13022.0864,0
1776574500000,5288.7,5289.4,5288.6,5288.8,3.36,1776574799999,17771.0268,757,2.516,13307.1019,0
1776574800000,5288.8,5289.5,5261.7,5287.8,3.249,1776575099999,17180.6454,742,1.825,9651.2966,0
1776575100000,5287.8,5287.9,5261.7,5287.3,3.111,1776575399999,16447.9164,688,1.927,10188.3053,0
1776575400000,5287.6,5287.6,5282.9,5284.3,7.86,1776575699999,41535.3223,712,1.139,6019.6342,0
1776575700000,5284.7,5287.1,5282.9,5286.6,3.58,1776575999999,18923.5513,783,2.409,12734.2088,0
1776576000000,5286.8,5286.8,5282.9,5283.4,3.541,1776576299999,18715.1933,726,1.778,9397.8197,0
1776576300000,5283.5,5284.0,5280.8,5282.7,18.728,1776576599999,98937.1845,866,2.319,12250.9517,0
1776576600000,5282.7,5282.7,5261.7,5280.1,3.407,1776576899999,17992.4869,701,1.750,9242.2813,0
1776576900000,5281.1,5281.2,5261.7,5280.4,3.289,1776577199999,17361.8787,725,1.648,8699.6061,0
1776577200000,5280.4,5281.3,5261.7,5278.0,3.346,1776577499999,17664.8671,795,1.507,7957.1198,0
1776577500000,5278.3,5278.3,5261.7,5274.7,3.503,1776577799999,18484.2389,771,0.563,2971.3072,0
1776577800000,5274.8,5274.8,5261.7,5274.2,3.355,1776578099999,17693.7346,864,1.071,5648.1341,0
1776578100000,5274.2,5275.2,5261.7,5274.7,3.361,1776578399999,17727.5811,694,1.487,7843.1956,0
1776578400000,5274.7,5276.8,5261.7,5276.4,3.067,1776578699999,16179.8768,758,1.156,6099.0362,0
1776578700000,5276.7,5276.7,5261.7,5272.9,3.309,1776578999999,17451.5742,606,0.580,3059.8515,0
1776579000000,5273.0,5282.1,5261.7,5282.1,3.267,1776579299999,17236.4889,670,2.107,11118.4442,0
1776579300000,5282.1,5283.9,5261.7,5277.2,3.336,1776579599999,17610.0261,658,0.348,1838.1137,0
1776579600000,5277.2,5283.9,5261.7,5273.8,3.137,1776579899999,16545.6415,664,0.091,480.2187,0
1776579900000,5274.9,5283.9,5261.7,5273.6,3.228,1776580199999,17023.4845,637,0.061,321.8445,0
1776580200000,5273.6,5283.9,5261.7,5273.8,3.055,1776580499999,16109.7118,590,0.020,105.6677,0
1776580500000,5283.9,5283.9,5268.5,5269.6,3.346,1776580799999,17638.7874,720,0.020,105.6780,0
1776580800000,5283.9,5283.9,5267.9,5268.1,5.582,1776581099999,29409.6603,666,0.015,79.2585,0
1776581100000,5283.9,5283.9,5267.9,5268.9,3.602,1776581399999,18985.4920,667,0.348,1838.1637,0
1776581400000,5268.9,5283.9,5267.9,5274.2,3.356,1776581699999,17688.7540,654,0.030,158.3661,0
1776581700000,5283.9,5283.9,5267.9,5271.4,3.192,1776581999999,16830.3012,677,0.069,364.0217,0
1776582000000,5271.5,5283.9,5267.9,5273.2,3.288,1776582299999,17336.0658,681,0.074,390.4250,0
1776582300000,5273.2,5283.9,5267.9,5274.3,3.287,1776582599999,17335.7809,705,0.108,569.7970,0
1776582600000,5283.9,5283.9,5267.9,5275.7,3.024,1776582899999,15949.2937,603,0.064,337.9124,0
1776582900000,5283.9,5283.9,5267.9,5278.7,3.099,1776583199999,16352.3039,652,0.099,522.5390,0
1776583200000,5283.9,5288.9,5267.9,5288.2,70.182,1776583499999,371122.6115,661,68.100,360125.3969,0
1776583500000,5288.2,5289.9,5267.9,5289.8,29.157,1776583799999,154212.4331,578,22.148,117139.0916,0
1776583800000,5289.8,5290.5,5287.0,5287.9,125.971,1776584099999,666177.2378,782,43.174,228326.0497,0
1776584100000,5288.7,5289.9,5284.8,5284.8,167.643,1776584399999,886109.4931,785,1.073,5673.5463,0
1776584400000,5284.9,5286.4,5284.0,5284.0,54.916,1776584699999,290196.6646,657,1.805,9541.0145,0
1776584700000,5284.5,5284.8,5280.5,5281.5,169.735,1776584999999,896706.2750,775,0.474,2504.4041,0
1776585000000,5281.5,5281.7,5280.1,5280.6,26.133,1776585299999,137994.2044,632,1.236,6527.4274,0
1776585300000,5280.6,5285.0,5280.2,5285.0,236.438,1776585599999,1248913.6261,829,235.866,1245893.0081,0
1776585600000,5285.0,5288.0,5283.5,5284.6,372.719,1776585899999,1969957.3461,763,370.511,1958287.3138,0
1776585900000,5284.6,5288.0,5284.3,5287.0,2.816,1776586199999,14884.6854,544,0.005,26.4400,0
1776586200000,5287.0,5288.0,5284.7,5286.3,2.793,1776586499999,14765.0845,547,0.015,79.3200,0
1776586500000,5288.0,5288.0,5284.2,5284.2,2.731,1776586799999,14434.2395,551,0.057,301.3022,0
1776586800000,5284.1,5288.0,5280.0,5280.0,2.356,1776587099999,12442.6778,581,0.020,105.7600,0
1776587100000,5288.0,5288.0,5276.7,5277.4,2.912,1776587399999,15370.5049,552,0.020,105.7600,0
1776587400000,5277.4,5288.0,5276.3,5276.3,2.124,1776587699999,11210.1448,423,0.010,52.8800,0
1776587700000,5288.0,5288.0,5275.1,5276.5,2.553,1776587999999,13469.9589,560,0.025,132.2000,0
1776588000000,5276.5,5288.0,5274.8,5276.1,1.756,1776588299999,9264.4609,370,0.059,311.4383,0
1776588300000,5276.1,5288.0,5274.8,5274.8,2.62,1776588599999,13823.5188,536,0.010,52.8681,0
1776588600000,5274.8,5288.0,5274.7,5276.2,2.3,1776588899999,12135.6635,451,0.010,52.8800,0
1776588900000,5288.0,5288.0,5275.5,5279.1,2.462,1776589199999,12993.0896,499,0.014,74.0320,0
1776589200000,5279.1,5288.0,5276.0,5276.1,2.368,1776589499999,12496.8784,467,0.019,100.2976,0
1776589500000,5276.2,5288.0,5276.1,5278.1,2.497,1776589799999,13178.0418,475,0.005,26.4282,0
1776589800000,5278.1,5288.0,5275.5,5275.6,3.031,1776590099999,15993.6598,562,0.020,105.7600,0
1776590100000,5288.0,5288.0,5275.2,5275.2,2.396,1776590399999,12641.6423,463,0.015,79.3200,0
1776590400000,5275.2,5277.6,5275.1,5275.1,2.628,1776590699999,13866.1146,504,0,0,0
1776590700000,5275.1,5288.0,5275.1,5276.0,2.705,1776590999999,14273.6629,569,0.015,79.3200,0
1776591000000,5288.0,5288.0,5275.6,5278.0,2.788,1776591299999,14709.9535,527,0.010,52.8800,0
1776591300000,5288.0,5288.0,5278.0,5280.8,2.916,1776591599999,15396.9583,549,0.015,79.2978,0
1776591600000,5288.0,5288.0,5279.8,5280.5,3.394,1776591899999,17929.4165,527,0.980,5182.1314,0
1776591900000,5288.0,5288.0,5278.0,5278.0,2.725,1776592199999,14387.3985,609,0.025,132.2000,0
1776592200000,5288.0,5288.0,5277.4,5277.4,2.071,1776592499999,10932.6341,417,0.015,79.3200,0
1776592500000,5277.4,5288.0,5277.2,5278.9,2.227,1776592799999,11753.9059,406,0.010,52.8800,0
1776592800000,5278.9,5288.0,5277.0,5277.3,2.302,1776593099999,12150.9399,499,0.036,190.0980,0
1776593100000,5288.0,5288.0,5276.6,5276.6,3.666,1776593399999,19346.7822,591,0.041,216.6361,0
1776593400000,5288.0,5288.0,5275.9,5277.7,2.784,1776593699999,14690.3690,552,0.005,26.4400,0
1776593700000,5277.7,5280.3,5277.7,5280.2,2.545,1776593999999,13435.8973,498,0,0,0
1776594000000,5280.2,5283.6,5279.7,5283.6,3.031,1776594299999,16006.7190,594,0.123,649.6391,0
1776594300000,5283.6,5285.4,5280.1,5285.4,3.095,1776594599999,16350.9024,572,0,0,0
1776594600000,5285.4,5289.1,5285.4,5287.4,3.108,1776594899999,16433.0239,614,0.876,4632.9440,0
1776594900000,5287.4,5287.4,5283.3,5287.2,2.045,1776595199999,10810.4416,393,0,0,0
1776595200000,5287.2,5288.8,5286.1,5287.4,2.365,1776595499999,12504.8764,426,0,0,0
1776595500000,5287.4,5287.4,5283.2,5285.3,2.597,1776595799999,13725.1294,554,0,0,0
1776595800000,5285.3,5289.1,5285.1,5288.9,2.44,1776596099999,12900.6076,484,0.091,481.3081,0
1776596100000,5288.9,5291.1,5288.5,5291.1,80.918,1776596399999,428055.4357,602,79.890,422618.3364,0
1776596400000,5291.1,5291.6,5288.6,5289.3,7.563,1776596699999,40017.4163,504,5.735,30347.2539,0
1776596700000,5291.6,5291.6,5286.3,5286.3,2.456,1776596999999,12990.2697,477,0.025,132.2900,0
1776597000000,5286.3,5291.6,5284.6,5284.8,2.227,1776597299999,11771.1166,444,0.020,105.8320,0
1776597300000,5291.6,5291.6,5284.6,5288.9,1.999,1776597599999,10569.3213,380,0.032,169.2617,0
1776597600000,5288.9,5291.6,5285.1,5285.6,2.248,1776597899999,11883.5324,447,0.022,116.4014,0
1776597900000,5291.6,5291.6,5284.8,5286.0,2.603,1776598199999,13758.0139,543,0.093,491.7844,0
1776598200000,5286.0,5291.6,5283.7,5284.0,2.673,1776598499999,14126.4916,538,0.036,190.3370,0
1776598500000,5291.6,5291.6,5283.7,5287.2,2.873,1776598799999,15185.2527,657,0.155,819.4860,0
1776598800000,5287.2,5291.6,5283.7,5287.5,2.991,1776599099999,15816.0443,602,0.058,306.7792,0
1776599100000,5291.6,5291.6,5283.7,5287.8,2.727,1776599399999,14417.0669,515,0.036,190.4424,0
1776599400000,5291.6,5291.6,5283.7,5286.4,2.483,1776599699999,13127.4306,488,0.048,253.8721,0
1776599700000,5291.6,5291.6,5283.7,5286.4,2.664,1776599999999,14082.6852,612,0.332,1755.1727,0
1776600000000,5286.4,5291.6,5283.7,5286.0,2.658,1776600299999,14050.2217,565,0.072,380.6790,0
1776600300000,5291.6,5291.6,5283.7,5286.2,2.082,1776600599999,11006.9986,419,0.043,227.3980,0
1776600600000,5286.2,5291.6,5281.4,5286.0,2.475,1776600899999,13076.4234,542,0.039,206.1726,0
1776600900000,5291.6,5291.6,5281.4,5285.6,2.256,1776601199999,11925.3126,445,0.030,158.6996,0
1776601200000,5291.6,5291.6,5281.4,5283.9,2.396,1776601499999,12661.8613,465,0.021,111.1116,0
1776601500000,5291.6,5291.6,5281.4,5284.0,2.356,1776601799999,12447.5586,449,0.025,132.2900,0
1776601800000,5291.6,5291.6,5281.4,5284.1,2.566,1776602099999,13557.1311,497,0.025,132.2900,0
1776602100000,5291.6,5291.6,5281.4,5287.1,2.09,1776602399999,11046.4083,424,0.043,227.4401,0
1776602400000,5291.6,5291.6,5281.4,5287.7,2.852,1776602699999,15077.1276,550,0.048,253.8834,0
1776602700000,5291.6,5291.6,5281.4,5283.6,2.667,1776602999999,14095.8186,535,0.025,132.2900,0
1776603000000,5291.6,5291.6,5281.4,5284.1,2.552,1776603299999,13486.3299,516,0.050,264.4146,0
1776603300000,5291.6,5291.6,5276.3,5276.3,2.788,1776603599999,14719.9414,585,0.037,195.6792,0
1776603600000,5291.6,5291.6,5275.8,5277.0,6.927,1776603899999,36621.7574,447,4.797,25383.4394,0
1776603900000,5291.6,5291.6,5274.3,5275.7,2.633,1776604199999,13890.2620,536,0.049,258.7900,0
1776604200000,5276.0,5291.6,5274.1,5274.1,1.78,1776604499999,9388.9520,348,0.015,79.3740,0
1776604500000,5274.1,5291.6,5272.7,5278.4,2.141,1776604799999,11292.3917,412,0.015,79.3740,0
1776604800000,5291.6,5291.6,5272.7,5275.4,2.314,1776605099999,12208.5567,442,0.025,132.2140,0
1776605100000,5291.6,5291.6,5272.7,5276.3,2.17,1776605399999,11448.8626,421,0.028,148.0051,0
1776605400000,5276.3,5291.6,5272.7,5275.8,2.809,1776605699999,14817.2058,543,0.030,158.4569,0
1776605700000,5291.6,5291.6,5272.7,5279.7,1.972,1776605999999,10407.4428,417,0.041,216.6991,0
1776606000000,5291.6,5291.6,5272.7,5276.7,2.735,1776606299999,14438.7829,535,0.025,132.2580,0
1776606300000,5291.6,5291.6,5272.7,5274.9,2.2,1776606599999,11608.5737,430,0.026,137.5388,0
1776606600000,5291.6,5291.6,5272.1,5277.2,3.188,1776606899999,16816.4545,649,0.020,105.8320,0
1776606900000,5277.2,5278.3,5274.6,5277.7,3.103,1776607199999,16371.6287,694,0.374,1973.5263,0
1776607200000,5278.3,5280.7,5274.6,5278.7,3.176,1776607499999,16765.0564,629,1.579,8335.0011,0
1776607500000,5280.7,5280.9,5274.6,5279.3,3.301,1776607799999,17427.8069,626,1.266,6684.0423,0
1776607800000,5279.3,5280.9,5274.6,5278.7,3.3,1776608099999,17423.7208,675,1.638,8648.9183,0
1776608100000,5279.0,5279.8,5274.6,5278.1,3.181,1776608399999,16790.2212,684,1.340,7072.7513,0
1776608400000,5278.7,5279.4,5274.6,5277.3,3.3,1776608699999,17418.5576,657,1.448,7643.9258,0
1776608700000,5277.5,5277.5,5272.4,5272.4,47.845,1776608999999,252312.9215,646,0.510,2690.7736,0
1776609000000,5272.5,5274.2,5271.0,5271.6,214.935,1776609299999,1133216.2679,652,84.502,445607.3474,0
1776609300000,5272.8,5276.7,5271.0,5276.7,2.701,1776609599999,14245.2179,577,2.236,11793.8857,0
1776609600000,5276.7,5276.7,5271.0,5272.5,2.482,1776609899999,13092.5756,467,0.169,891.7413,0
1776609900000,5272.5,5276.7,5271.0,5274.0,2.814,1776610199999,14840.2508,580,0.020,105.5340,0
1776610200000,5276.7,5276.7,5271.0,5273.8,2.334,1776610499999,12307.4259,507,0.124,653.9191,0
1776610500000,5273.8,5277.1,5271.0,5277.1,2.751,1776610799999,14512.5110,576,0.615,3245.1373,0
1776610800000,5277.1,5279.5,5271.0,5278.5,2.715,1776611099999,14330.4622,510,1.020,5383.5212,0
1776611100000,5279.5,5279.5,5271.0,5279.1,2.552,1776611399999,13470.7084,505,0.665,3510.5220,0
1776611400000,5279.1,5282.2,5271.0,5282.2,2.798,1776611699999,14777.1034,555,1.869,9870.7274,0
1776611700000,5282.2,5284.3,5271.0,5282.7,2.158,1776611999999,11401.3367,512,1.482,7830.1933,0
1776612000000,5282.7,5285.1,5271.0,5283.2,2.329,1776612299999,12306.1258,468,1.461,7719.9715,0
1776612300000,5283.5,5285.3,5271.0,5283.9,2.551,1776612599999,13479.8640,518,0.896,4734.7283,0
1776612600000,5283.9,5285.9,5271.0,5283.1,2.654,1776612899999,14024.7398,615,1.550,8191.1408,0
1776612900000,5283.1,5286.2,5271.0,5283.2,2.295,1776613199999,12127.5167,511,0.765,4043.2350,0
1776613200000,5283.4,5287.5,5271.0,5286.7,19.176,1776613499999,101374.0366,541,18.757,99159.5180,0
1776613500000,5286.8,5291.2,5271.0,5290.7,6.025,1776613799999,31869.1207,536,5.322,28152.2705,0
1776613800000,5291.2,5292.5,5271.0,5292.2,5.097,1776614099999,26923.4031,491,1.992,10541.5046,0
1776614100000,5292.2,5292.2,5271.0,5289.0,1.95,1776614399999,10316.4278,403,1.008,5333.6183,0
1776614400000,5289.1,5289.4,5271.0,5285.4,2.519,1776614699999,13321.0369,502,0.609,3221.0777,0
1776614700000,5286.1,5286.7,5271.0,5284.5,2.845,1776614999999,15036.1480,602,0.909,4804.3353,0
1776615000000,5284.5,5285.5,5271.0,5283.4,2.812,1776615299999,14859.2072,562,1.005,5311.0692,0
1776615300000,5283.5,5285.9,5271.0,5285.9,3.0,1776615599999,15854.6151,679,2.024,10697.1231,0
1776615600000,5285.9,5287.9,5271.0,5286.5,2.612,1776615899999,13808.9726,632,1.726,9125.0814,0
1776615900000,5286.5,5287.9,5270.9,5271.0,43.679,1776616199999,230263.5473,622,1.675,8839.6047,0
1776616200000,5271.0,5271.0,5270.9,5271.0,2.367,1776616499999,12476.4550,461,2.347,12371.0370,0
1776616500000,5271.0,5271.0,5270.9,5271.0,2.579,1776616799999,13593.9065,491,2.554,13462.1340,0
1776616800000,5271.0,5271.0,5270.9,5271.0,2.162,1776617099999,11395.8995,428,2.137,11264.1270,0
1776617100000,5271.0,5271.0,5270.9,5271.0,2.245,1776617399999,11833.3925,425,2.220,11701.6200,0
1776617400000,5271.0,5271.0,5270.9,5271.0,2.637,1776617699999,13899.6245,511,2.612,13767.8520,0
1776617700000,5271.0,5271.0,5270.9,5271.0,2.238,1776617999999,11796.4955,437,2.213,11664.7230,0
1776618000000,5271.0,5271.0,5270.9,5271.0,2.457,1776618299999,12950.8450,468,2.437,12845.4270,0
1776618300000,5271.0,5271.0,5270.9,5271.0,1.922,1776618599999,10130.8595,376,1.897,9999.0870,0
1776618600000,5271.0,5271.0,5270.9,5271.0,2.735,1776618899999,14416.1777,505,2.662,14031.4020,0
1776618900000,5271.0,5271.0,5270.9,5271.0,2.449,1776619199999,12908.6765,465,2.424,12776.9040,0
1776619200000,5271.0,5271.0,5270.9,5271.0,2.808,1776619499999,14800.9655,529,2.783,14669.1930,0
1776619500000,5271.0,5290.4,5270.9,5290.4,2.81,1776619799999,14817.5287,585,2.785,14685.7562,0
1776619800000,5290.4,5293.1,5270.9,5293.1,3.032,1776620099999,16041.8023,621,2.849,15073.9003,0
1776620100000,5293.2,5295.2,5289.1,5289.2,3.031,1776620399999,16042.2085,647,1.661,8791.0242,0
1776620400000,5289.2,5291.2,5288.7,5290.9,2.939,1776620699999,15547.9425,694,2.418,12791.9317,0
1776620700000,5290.9,5290.9,5270.9,5288.8,2.292,1776620999999,12123.6434,464,0.498,2634.4426,0
1776621000000,5289.4,5290.2,5270.9,5284.5,2.041,1776621299999,10788.7335,438,0.315,1666.0333,0
1776621300000,5284.5,5290.5,5270.9,5290.5,2.864,1776621599999,15146.5351,458,1.064,5628.7359,0
1776621600000,5290.5,5291.6,5270.9,5291.6,42.097,1776621899999,222752.6909,530,41.109,217526.3349,0
1776621900000,5291.7,5291.7,5270.9,5288.8,2.154,1776622199999,11392.0714,497,1.145,6056.2659,0
1776622200000,5288.8,5288.9,5270.9,5288.9,1.949,1776622499999,10305.8487,384,0.978,5172.0343,0
1776622500000,5288.9,5289.1,5270.9,5287.3,1.705,1776622799999,9015.5634,388,0.588,3109.5340,0
1776622800000,5287.7,5288.0,5270.9,5285.5,1.513,1776623099999,7998.3809,285,0.493,2606.6783,0
1776623100000,5285.6,5285.6,5270.9,5283.8,1.297,1776623399999,6852.2645,310,0.769,4062.8440,0
1776623400000,5283.8,5286.0,5270.9,5285.4,1.994,1776623699999,10537.2912,365,0.639,3377.0177,0
1776623700000,5285.6,5287.3,5270.9,5284.7,2.696,1776623999999,14251.1130,520,1.500,7929.9136,0
1776624000000,5287.3,5287.3,5270.9,5285.1,2.418,1776624299999,12780.6694,510,1.101,5819.9717,0
1776624300000,5285.1,5286.9,5270.9,5285.6,2.523,1776624599999,13335.2764,528,0.664,3510.0061,0
1776624600000,5286.9,5286.9,5270.9,5286.3,2.931,1776624899999,15492.8739,620,0.478,2527.1382,0
1776624900000,5286.9,5287.5,5270.9,5285.7,3.367,1776625199999,17797.8582,692,0.661,3494.7894,0
1776625200000,5287.5,5287.6,5270.9,5285.9,8.054,1776625499999,42570.5415,671,4.813,25448.5312,0
1776625500000,5287.6,5287.6,5270.9,5284.6,3.26,1776625799999,17233.1243,612,0.025,132.1900,0
1776625800000,5287.6,5288.0,5270.9,5287.8,3.334,1776626099999,17625.9200,669,0.468,2474.6752,0
1776626100000,5287.8,5287.9,5270.9,5285.0,3.169,1776626399999,16751.8182,686,1.481,7829.5255,0
1776626400000,5285.1,5286.9,5270.9,5286.4,3.016,1776626699999,15940.5483,662,2.323,12279.1368,0
1776626700000,5286.4,5288.3,5270.9,5287.4,3.038,1776626999999,16062.4007,752,2.513,13287.0547,0
1776627000000,5287.4,5289.2,5270.9,5289.1,2.951,1776627299999,15604.1856,640,2.200,11633.4380,0
1776627300000,5289.2,5290.0,5270.9,5289.2,2.83,1776627599999,14968.0229,529,1.253,6627.6236,0
1776627600000,5289.2,5289.9,5270.9,5289.9,2.677,1776627899999,14158.8451,561,1.533,8108.7249,0
1776627900000,5289.9,5290.0,5270.9,5289.7,2.186,1776628199999,11562.3853,473,1.007,5326.7449,0
1776628200000,5289.7,5289.7,5270.9,5288.0,1.424,1776628499999,7530.6907,284,0.122,645.2674,0
1776628500000,5288.1,5288.2,5270.9,5287.2,3.059,1776628799999,16173.3100,655,1.466,7751.1529,0
1776628800000,5288.2,5288.2,5270.9,5284.5,3.195,1776629099999,16890.7516,627,0.453,2395.0130,0
1776629100000,5285.2,5288.0,5270.9,5288.0,3.345,1776629399999,17681.1836,693,2.282,12064.0702,0
1776629400000,5288.0,5288.0,5286.0,5286.0,3.284,1776629699999,17361.5165,744,1.112,5879.1998,0
1776629700000,5286.0,5288.8,5270.9,5285.5,3.36,1776629999999,17764.3097,717,1.443,7629.8561,0
1776630000000,5288.8,5288.8,5270.9,5286.7,3.266,1776630299999,17265.3117,633,0.025,132.2200,0
1776630300000,5288.8,5288.8,5270.9,5287.2,3.368,1776630599999,17806.3929,761,0.263,1390.5692,0
1776630600000,5287.2,5288.8,5270.9,5286.1,3.144,1776630899999,16621.0984,620,0.025,132.2184,0
1776630900000,5288.8,5290.0,5270.9,5290.0,3.396,1776631199999,17956.1464,705,0.954,5045.8128,0
1776631200000,5290.0,5292.2,5270.9,5288.5,66.973,1776631499999,354422.4331,764,66.026,349412.1992,0
1776631500000,5292.2,5292.5,5270.9,5292.1,7.898,1776631799999,41790.0593,615,5.260,27837.0197,0
1776631800000,5292.5,5293.0,5292.1,5293.0,86.425,1776632099999,457407.0831,632,84.395,446663.6282,0
1776632100000,5293.0,5296.0,5292.9,5296.0,111.909,1776632399999,592489.6581,741,111.253,589017.1905,0
1776632400000,5296.0,5298.0,5295.3,5296.9,37.226,1776632699999,197174.5031,726,35.201,186448.9689,0
1776632700000,5296.9,5297.5,5295.6,5295.6,43.265,1776632999999,229154.6695,733,6.212,32905.1681,0
1776633000000,5296.1,5296.1,5290.2,5290.6,168.204,1776633299999,890251.8654,776,0.746,3947.9462,0
1776633300000,5290.7,5293.8,5290.6,5293.8,162.301,1776633599999,858855.3788,809,161.169,852864.0204,0
1776633600000,5293.8,5294.1,5291.9,5293.9,3.462,1776633899999,18325.9479,708,1.143,6050.8845,0
1776633900000,5293.9,5294.5,5292.0,5293.1,3.568,1776634199999,18886.5817,642,1.145,6061.6982,0
1776634200000,5293.1,5293.3,5291.0,5292.7,3.278,1776634499999,17348.5153,612,0,0,0
1776634500000,5292.7,5293.0,5290.2,5290.2,3.372,1776634799999,17843.1558,679,0,0,0
1776634800000,5290.2,5294.5,5289.1,5289.1,3.416,1776635099999,18073.0831,763,0.124,656.2828,0
1776635100000,5294.5,5294.5,5288.9,5289.7,3.264,1776635399999,17266.5491,699,0.062,328.0420,0
1776635400000,5289.7,5294.5,5287.4,5289.7,3.445,1776635699999,18222.4787,654,0.025,132.3625,0
1776635700000,5294.5,5294.5,5287.4,5290.4,3.51,1776635999999,18566.0780,687,0.153,809.8765,0
1776636000000,5294.5,5294.5,5287.4,5287.4,3.014,1776636299999,15946.8281,615,0.064,338.7594,0
1776636300000,5294.5,5294.5,5282.2,5287.5,3.444,1776636599999,18205.5126,666,0.238,1259.8986,0
1776636600000,5294.5,5294.5,5282.2,5291.0,3.451,1776636899999,18251.8817,647,0.041,216.9444,0
1776636900000,5294.5,5294.6,5282.2,5294.5,3.203,1776637199999,16954.8552,699,1.234,6532.7436,0
1776637200000,5294.5,5295.8,5282.2,5294.7,3.231,1776637499999,17106.8677,642,1.981,10489.0039,0
1776637500000,5294.7,5294.9,5282.2,5288.9,3.327,1776637799999,17606.8381,704,0.962,5091.5302,0
1776637800000,5289.0,5289.5,5282.2,5287.9,2.652,1776638099999,14023.1511,576,0.426,2252.8937,0
1776638100000,5288.2,5288.2,5282.2,5285.8,3.22,1776638399999,17023.9269,597,0.933,4933.5362,0
1776638400000,5285.8,5286.3,5282.2,5283.0,2.975,1776638699999,15722.7850,690,0.569,3007.3651,0
1776638700000,5283.1,5283.1,5281.6,5281.6,20.766,1776638999999,109689.4443,846,0.715,3776.9905,0
1776639000000,5282.2,5283.0,5281.0,5282.4,85.301,1776639299999,450586.7216,712,83.389,440487.8097,0
1776639300000,5283.0,5283.2,5282.4,5282.7,36.74,1776639599999,194100.6367,620,34.143,180381.6390,0
1776639600000,5283.2,5286.6,5282.7,5286.5,314.959,1776639899999,1664211.0657,747,314.717,1662931.9336,0
1776639900000,5286.5,5288.2,5286.5,5287.8,59.075,1776640199999,312338.6375,628,58.178,307595.6329,0
1776640200000,5288.2,5290.3,5287.8,5290.3,206.669,1776640499999,1093059.9683,444,206.360,1091426.0163,0
1776640500000,5290.3,5290.5,5285.8,5286.1,319.6,1776640799999,1690119.2190,894,0.986,5214.6431,0
1776640800000,5286.1,5286.1,5284.3,5285.4,291.56,1776641099999,1540896.0506,840,1.049,5544.2925,0
1776641100000,5285.4,5286.6,5284.0,5284.1,87.723,1776641399999,463541.6637,757,1.275,6738.9626,0
1776641400000,5284.1,5284.2,5282.5,5283.1,108.742,1776641699999,574517.4542,827,3.348,17689.5286,0
1776641700000,5283.1,5283.2,5279.0,5279.0,24.948,1776641999999,131795.9111,862,21.835,115357.7821,0
1776642000000,5283.2,5283.2,5277.2,5278.7,3.538,1776642299999,18673.8715,736,0.025,132.0800,0
1776642300000,5283.2,5283.4,5278.6,5283.3,14.231,1776642599999,75180.1053,681,11.328,59849.2486,0
1776642600000,5283.4,5284.0,5282.1,5283.9,38.872,1776642899999,205379.4614,755,36.261,191584.9335,0
1776642900000,5284.0,5284.0,5280.4,5280.4,68.269,1776643199999,360560.7368,757,0.805,4252.2637,0
1776643200000,5280.5,5283.1,5278.1,5283.1,202.162,1776643499999,1067303.5895,755,2.253,11897.9563,0
1776643500000,5283.1,5285.6,4950.0,5285.5,9117.186,1776643799999,48079002.1858,1177,59.914,316671.8890,0
1776643800000,5285.5,5285.5,5284.1,5284.7,228.119,1776644099999,1205504.2347,895,200.416,1059104.7620,0
1776644100000,5284.7,5284.7,5282.4,5284.0,3.434,1776644399999,18144.2752,703,0.171,903.6633,0
1776644400000,5284.7,5285.2,5283.1,5284.3,253.853,1776644699999,1341412.5045,756,11.327,59862.1786,0
1776644700000,5284.3,5284.3,5280.9,5280.9,312.569,1776644999999,1651140.6202,884,0.306,1616.8731,0
1776645000000,5280.9,5281.0,5278.2,5278.2,183.807,1776645299999,970499.4845,1010,0.166,876.3742,0
1776645300000,5278.3,5281.5,5278.1,5281.5,3.181,1776645599999,16794.7287,707,2.182,11521.2226,0
1776645600000,5281.5,5283.0,5277.5,5278.7,131.498,1776645899999,694013.5703,890,1.894,10003.2254,0
1776645900000,5278.7,5280.0,5277.4,5277.4,3.55,1776646199999,18739.9974,745,2.158,11393.2094,0
1776646200000,5280.0,5280.0,5277.0,5278.0,4.23,1776646499999,22325.6489,702,1.034,5457.8623,0
1776646500000,5278.0,5279.7,5277.0,5279.7,3.859,1776646799999,20370.6277,701,1.683,8884.6358,0
1776646800000,5279.7,5279.7,5277.0,5277.5,3.289,1776647099999,17358.8530,645,0.086,453.9555,0
1776647100000,5277.5,5279.7,5276.6,5276.6,3.226,1776647399999,17024.1981,677,0.010,52.7970,0
1776647400000,5276.6,5279.7,5274.5,5274.5,3.386,1776647699999,17865.2972,795,0.015,79.1955,0
1776647700000,5274.5,5279.7,5274.5,5276.0,3.105,1776647999999,16382.2113,694,0.005,26.3985,0
1776648000000,5279.7,5279.7,5275.3,5276.3,3.272,1776648299999,17263.3283,637,0.005,26.3985,0
1776648300000,5276.3,5279.7,5275.7,5276.1,3.46,1776648599999,18257.2122,716,0.039,205.8378,0
1776648600000,5276.1,5279.7,5273.6,5275.9,3.132,1776648899999,16522.3731,649,0.051,269.0464,0
1776648900000,5279.7,5280.3,5273.6,5280.3,3.34,1776649199999,17631.3468,741,1.389,7334.1111,0
1776649200000,5280.3,5283.1,5273.6,5283.1,3.348,1776649499999,17680.0675,762,2.658,14037.6126,0
1776649500000,5283.1,5285.1,5273.6,5285.1,3.169,1776649799999,16745.3141,640,2.169,11461.4828,0
1776649800000,5285.1,5286.5,5273.6,5285.6,3.243,1776650099999,17141.1518,672,1.666,8806.2003,0
1776650100000,5285.7,5285.9,5273.6,5285.6,3.468,1776650399999,18325.8260,661,2.279,12043.7947,0
1776650400000,5285.6,5287.1,5273.6,5286.1,3.411,1776650699999,18030.7929,660,2.828,14949.3476,0
1776650700000,5286.1,5289.3,5273.6,5289.1,3.608,1776650999999,19078.3867,709,2.474,13080.9600,0
1776651000000,5289.3,5290.8,5273.6,5290.8,3.531,1776651299999,18676.2402,811,1.990,10526.0488,0
1776651300000,5290.8,5292.0,5273.6,5289.5,3.413,1776651599999,18053.1291,732,0.585,3095.2754,0
1776651600000,5292.0,5292.0,5273.6,5290.0,3.298,1776651899999,17444.1919,642,0.025,132.3000,0
1776651900000,5292.0,5292.3,5273.6,5292.3,3.522,1776652199999,18637.9934,710,1.569,8303.5055,0
1776652200000,5292.3,5292.3,5273.6,5292.1,3.543,1776652499999,18749.1360,684,1.601,8472.7705,0
1776652500000,5292.1,5292.2,5273.6,5292.2,3.255,1776652799999,17224.8876,620,1.276,6752.8195,0
1776652800000,5292.2,5292.3,5273.6,5292.2,3.168,1776653099999,16765.3141,736,1.632,8636.9041,0
1776653100000,5292.2,5292.3,5273.6,5287.9,3.446,1776653399999,18234.1084,632,1.594,8434.1429,0
1776653400000,5287.9,5287.9,5273.6,5287.4,3.549,1776653699999,18763.3375,668,1.506,7962.1005,0
1776653700000,5287.5,5287.8,5273.6,5285.3,3.409,1776653999999,18020.6159,769,1.467,7755.0896,0
1776654000000,5285.4,5285.4,5273.6,5284.2,3.052,1776654299999,16127.0286,742,1.003,5299.9822,0
1776654300000,5284.3,5285.5,5273.6,5282.2,3.431,1776654599999,18128.8672,734,1.523,8048.9452,0
1776654600000,5282.3,5283.8,5273.6,5280.7,3.437,1776654899999,18148.8745,695,1.561,8243.5179,0
1776654900000,5280.7,5282.3,5273.6,5282.3,3.541,1776655199999,18698.5443,767,2.529,13355.6281,0
1776655200000,5282.3,5284.4,5273.6,5283.0,3.545,1776655499999,18727.1733,669,0.987,5214.3274,0
1776655500000,5284.4,5285.7,5273.6,5285.7,3.356,1776655799999,17733.5892,684,1.966,10390.0628,0
1776655800000,5285.7,5285.7,5273.6,5284.5,3.109,1776656099999,16427.6168,672,1.988,10504.7947,0
1776656100000,5284.5,5285.5,5273.6,5285.5,3.123,1776656399999,16503.9594,599,2.342,12377.2004,0
1776656400000,5285.5,5286.4,5273.6,5286.4,2.751,1776656699999,14541.6839,602,2.542,13437.1763,0
1776656700000,5286.4,5288.5,5273.6,5288.4,2.789,1776656999999,14747.8704,655,2.196,11612.1600,0
1776657000000,5288.5,5288.8,5273.6,5283.9,1.765,1776657299999,9330.8099,382,0.741,3918.2383,0
1776657300000,5284.9,5284.9,5273.6,5284.9,2.732,1776657599999,14434.7510,578,1.526,8062.9561,0
1776657600000,5284.9,5286.1,5273.6,5285.1,7.429,1776657899999,39208.5657,537,0.554,2928.1842,0
1776657900000,5286.1,5286.1,5273.6,5285.6,3.25,1776658199999,17178.1172,802,0.666,3520.4039,0
1776658200000,5285.7,5285.7,5273.6,5282.4,3.108,1776658499999,16420.9048,691,0.964,5093.6540,0
1776658500000,5282.4,5283.1,5273.6,5283.1,2.839,1776658799999,14994.7241,631,1.464,7732.8458,0
1776658800000,5283.1,5286.4,5273.6,5286.3,2.505,1776659099999,13238.9021,521,1.864,9851.2011,0
1776659100000,5286.3,5286.4,5273.6,5286.2,1.837,1776659399999,9710.1266,382,0.713,3769.1070,0
1776659400000,5286.2,5286.2,5273.6,5285.9,2.346,1776659699999,12399.9119,523,1.051,5555.5278,0
1776659700000,5286.2,5286.2,5273.6,5284.8,1.498,1776659999999,7916.3693,298,0.182,962.0884,0
1776660000000,5286.2,5286.2,5273.6,5284.8,3.222,1776660299999,17028.5389,615,0.025,132.1550,0
1776660300000,5284.8,5286.2,5273.6,5284.2,2.98,1776660599999,15746.6224,619,0.095,502.0189,0
1776660600000,5286.2,5286.2,5273.6,5284.5,3.288,1776660899999,17373.6402,715,0.125,660.5247,0
1776660900000,5286.2,5286.2,5273.6,5284.2,3.569,1776661199999,18859.0289,655,0.020,105.7240,0
1776661200000,5286.2,5286.2,5273.6,5282.5,3.142,1776661499999,16598.5161,630,0.045,237.7845,0
1776661500000,5282.5,5288.7,5273.6,5287.7,3.464,1776661799999,18309.0502,663,1.104,5837.5420,0
1776661800000,5287.7,5290.7,5273.6,5288.9,2.807,1776662099999,14847.4109,534,0.629,3327.2336,0
1776662100000,5290.7,5290.7,5273.6,5290.6,2.653,1776662399999,14034.3986,545,0.308,1629.5233,0
1776662400000,5290.7,5291.5,5273.6,5291.5,2.956,1776662699999,15639.1386,579,0.829,4386.2552,0
1776662700000,5291.5,5291.6,5273.6,5290.2,3.016,1776662999999,15956.7373,660,1.050,5555.7891,0
1776663000000,5290.3,5291.3,5273.6,5291.3,2.981,1776663299999,15770.7156,683,1.304,6899.0740,0
1776663300000,5291.3,5291.3,5273.6,5290.3,3.045,1776663599999,16107.9361,617,0.104,550.2000,0
1776663600000,5291.3,5291.5,5273.6,5291.5,2.703,1776663899999,14299.6439,544,0.539,2852.0629,0
1776663900000,5291.5,5292.6,5273.6,5292.0,3.355,1776664199999,17754.7962,689,1.995,10557.8697,0
1776664200000,5292.1,5292.1,5273.6,5289.4,3.208,1776664499999,16974.7716,790,1.455,7699.9842,0
1776664500000,5289.6,5291.9,5273.6,5291.5,3.616,1776664799999,19129.0375,696,2.082,11014.8799,0
1776664800000,5291.5,5291.5,5273.6,5289.8,3.101,1776665099999,16404.0671,627,1.276,6750.2666,0
1776665100000,5289.8,5290.5,5273.6,5287.6,3.457,1776665399999,18282.5540,797,1.773,9376.6230,0
1776665400000,5287.6,5289.4,5273.6,5289.4,3.481,1776665699999,18408.4891,779,2.712,14342.5704,0
1776665700000,5289.4,5289.8,5273.6,5287.7,3.245,1776665999999,17162.6054,653,1.196,6326.3009,0
1776666000000,5287.8,5287.8,5273.6,5286.4,2.937,1776666299999,15527.6723,672,1.067,5641.0057,0
1776666300000,5286.4,5286.4,5273.6,5284.7,2.87,1776666599999,15167.9734,703,0.801,4233.4115,0
1776666600000,5284.8,5284.8,5273.6,5280.4,2.842,1776666899999,15009.9011,699,0.411,2170.4262,0
1776666900000,5280.4,5285.7,5273.6,5285.7,3.251,1776667199999,17176.9252,695,2.859,15105.8453,0
1776667200000,5285.7,5288.6,5273.6,5286.1,2.787,1776667499999,14734.3413,597,1.757,9289.2607,0
1776667500000,5286.1,5287.9,5273.6,5286.6,3.488,1776667799999,18441.1166,670,1.528,8079.2051,0
1776667800000,5286.6,5287.7,5273.6,5284.9,3.244,1776668099999,17149.1400,612,0,0,0
1776668100000,5288.0,5288.0,5284.9,5286.5,3.371,1776668399999,17818.9001,614,0.005,26.4400,0
1776668400000,5286.5,5288.0,5273.6,5284.3,3.352,1776668699999,17719.7161,620,0.016,84.6080,0
1776668700000,5288.0,5288.0,5273.6,5284.5,3.25,1776668999999,17174.1268,650,0.036,190.2595,0
1776669000000,5284.5,5288.0,5283.3,5283.4,3.293,1776669299999,17400.7142,606,0.005,26.4365,0
1776669300000,5283.4,5284.0,5281.4,5282.7,3.353,1776669599999,17713.3457,627,0,0,0
1776669600000,5282.7,5288.0,5273.3,5273.3,2.851,1776669899999,15052.7358,528,0.005,26.4400,0
1776669900000,5288.0,5288.0,5263.7,5266.3,11.154,1776670199999,58735.3126,626,0.020,105.7600,0
1776670200000,5266.3,5288.0,5263.7,5269.1,3.261,1776670499999,17184.2569,618,0.023,121.3732,0
1776670500000,5288.0,5288.0,5263.7,5276.2,3.122,1776670799999,16466.5235,644,0.058,306.3470,0
1776670800000,5288.0,5288.0,5263.7,5278.2,8.128,1776671099999,42831.2841,656,0.104,549.2480,0
1776671100000,5288.0,5288.0,5263.7,5277.3,3.306,1776671399999,17447.9044,625,0.032,169.0967,0
1776671400000,5278.1,5288.0,5263.7,5279.4,3.613,1776671699999,19060.5691,573,0.185,976.8821,0
1776671700000,5280.2,5280.2,5272.1,5272.1,2.896,1776671999999,15279.2512,527,0,0,0
1776672000000,5270.7,5288.0,5263.7,5271.6,4.859,1776672299999,25620.6562,556,0.946,5002.4212,0
1776672300000,5271.6,5274.3,5270.2,5270.3,3.399,1776672599999,17919.6419,789,0.906,4776.6344,0
1776672600000,5270.3,5270.5,5270.3,5270.5,3.411,1776672899999,17977.6623,630,3.345,17629.8225,0
1776672900000,5270.5,5270.5,5269.1,5270.2,3.482,1776673199999,18351.5936,645,3.207,16902.4662,0
1776673200000,5270.2,5270.5,5269.1,5269.2,3.592,1776673499999,18929.5847,640,1.828,9634.3945,0
1776673500000,5269.2,5270.5,5263.7,5270.5,3.492,1776673799999,18401.8710,664,2.428,12796.6340,0
1776673800000,5270.5,5270.5,5263.7,5270.5,3.542,1776674099999,18667.9410,673,3.517,18536.3485,0
1776674100000,5270.5,5270.5,5263.7,5270.5,3.613,1776674399999,19042.1465,673,3.588,18910.5540,0
1776674400000,5270.5,5280.3,5263.7,5280.3,3.631,1776674699999,19146.4568,793,3.606,19014.8643,0
1776674700000,5280.3,5280.6,5263.7,5275.4,3.078,1776674999999,16249.4112,701,0.722,3812.3414,0
1776675000000,5275.5,5278.0,5263.7,5278.0,3.364,1776675299999,17747.0620,755,2.774,14635.1469,0
1776675300000,5278.0,5278.0,5263.7,5276.5,3.256,1776675599999,17179.6156,725,1.732,9139.1372,0
1776675600000,5276.5,5277.6,5263.7,5276.2,3.296,1776675899999,17392.8793,626,1.484,7831.5234,0
1776675900000,5276.4,5277.7,5263.7,5277.1,3.007,1776676199999,15866.9779,739,0.676,3567.4434,0
1776676200000,5277.1,5280.1,5263.7,5278.8,2.951,1776676499999,15577.0239,703,0.848,4476.3234,0
1776676500000,5278.8,5280.9,5263.7,5280.0,2.807,1776676799999,14817.1935,592,1.492,7876.8984,0
1776676800000,5280.0,5280.4,5263.7,5277.7,3.004,1776677099999,15856.1598,574,0.468,2470.7458,0
1776677100000,5277.7,5278.8,5263.7,5276.7,3.219,1776677399999,16987.1828,663,1.116,5889.8369,0
1776677400000,5276.7,5276.7,5263.7,5274.9,3.313,1776677699999,17473.5153,713,1.644,8671.1605,0
1776677700000,5274.9,5274.9,5263.7,5273.8,3.291,1776677999999,17357.3095,626,0.777,4098.5776,0
1776678000000,5274.9,5275.5,5263.7,5274.2,3.393,1776678299999,17895.5729,673,0.697,3676.7482,0
1776678300000,5275.5,5275.5,5263.7,5272.9,3.184,1776678599999,16792.5827,598,0.020,105.5100,0
1776678600000,5275.5,5275.5,5263.7,5269.7,3.332,1776678899999,17567.0926,645,0.061,321.6632,0
1776678900000,5275.5,5275.5,5263.7,5271.3,3.105,1776679199999,16362.9508,633,0.070,369.1275,0
1776679200000,5272.0,5275.5,5263.7,5271.9,3.53,1776679499999,18607.4036,635,0.027,142.4234,0
1776679500000,5271.9,5275.6,5263.7,5275.0,4.18,1776679799999,22035.2293,662,0.383,2020.5342,0
1776679800000,5275.6,5276.5,5263.7,5276.0,3.33,1776680099999,17568.4124,694,1.632,8610.8739,0
1776680100000,5276.1,5276.1,5263.7,5272.3,3.292,1776680399999,17357.4975,687,1.232,6494.8845,0
1776680400000,5272.6,5273.2,5263.7,5273.0,3.149,1776680699999,16602.8224,667,1.273,6712.2557,0
1776680700000,5273.0,5273.8,5263.7,5273.5,3.246,1776680999999,17116.2884,749,1.499,7904.7942,0
1776681000000,5273.5,5277.1,5263.7,5277.1,3.052,1776681299999,16100.9171,666,2.083,10989.2446,0
1776681300000,5277.1,5278.2,5263.7,5277.2,2.84,1776681599999,14986.0612,565,1.539,8121.7193,0
1776681600000,5277.2,5277.2,5263.7,5276.6,3.244,1776681899999,17116.4031,619,0.890,4696.7017,0
1776681900000,5276.6,5277.2,5275.0,5275.0,3.23,1776682199999,17041.7906,667,0.704,3714.5293,0
1776682200000,5275.0,5275.0,5271.8,5271.9,3.287,1776682499999,17333.7886,839,1.068,5631.9162,0
1776682500000,5271.9,5278.2,5271.9,5277.6,3.506,1776682799999,18494.2129,648,2.635,13899.1730,0
1776682800000,5277.6,5282.0,5277.5,5282.0,3.304,1776683099999,17443.3217,647,2.206,11647.4855,0
1776683100000,5282.0,5283.2,5279.7,5282.0,3.281,1776683399999,17330.3594,617,1.093,5773.6704,0
1776683400000,5282.0,5282.5,5279.1,5279.2,3.257,1776683699999,17199.0716,598,0,0,0
1776683700000,5279.2,5282.7,5279.1,5282.1,3.138,1776683999999,16569.9525,588,0,0,0
1776684000000,5282.1,5282.2,5279.2,5282.0,3.176,1776684299999,16773.4052,599,0,0,0
1776684300000,5282.0,5283.2,5281.3,5283.2,3.529,1776684599999,18641.1281,646,0.244,1289.1008,0
1776684600000,5283.2,5284.0,5282.4,5282.9,3.241,1776684899999,17121.8534,609,1.024,5409.8463,0
1776684900000,5282.9,5286.6,5282.9,5285.9,3.384,1776685199999,17884.4749,702,2.549,13470.7952,0
1776685200000,5284.8,5286.0,5283.6,5283.6,3.27,1776685499999,17280.7923,605,0,0,0
1776685500000,5283.6,5283.7,5280.8,5281.0,3.202,1776685799999,16912.2436,694,0,0,0
1776685800000,5281.0,5287.1,5281.0,5287.0,3.428,1776686099999,18114.3064,664,0.597,3156.2939,0
1776686100000,5287.0,5287.1,5282.7,5287.1,9.706,1776686399999,51309.4171,600,6.919,36581.4168,0
1776686400000,5287.1,5287.9,5286.7,5287.9,33.72,1776686699999,178296.3343,621,32.917,174050.9699,0
1776686700000,5287.9,5289.7,5287.9,5289.7,157.107,1776686999999,830836.2073,807,94.376,499093.0810,0
1776687000000,5289.8,5292.5,5289.6,5292.5,108.518,1776687299999,574159.4851,752,97.628,516533.5075,0
1776687300000,5292.5,5294.0,5292.4,5293.4,65.881,1776687599999,348691.4204,817,64.445,341090.2071,0
1776687600000,5294.0,5295.0,5293.2,5293.3,179.975,1776687899999,952812.8244,718,30.540,161679.9419,0
1776687900000,5293.6,5295.8,5292.7,5295.8,78.701,1776688199999,416670.4436,778,53.956,285689.3793,0
1776688200000,5295.8,5296.7,5294.2,5294.2,99.243,1776688499999,525513.3579,760,33.697,178469.6524,0
1776688500000,5294.2,5295.3,5293.1,5293.5,227.527,1776688799999,1204656.5234,866,166.528,881730.3969,0
1776688800000,5293.5,5295.3,5287.6,5287.6,3.308,1776689099999,17496.2881,729,0.067,354.4433,0
1776689100000,5287.6,5295.3,5285.1,5287.0,3.515,1776689399999,18580.7964,771,0.039,206.2642,0
1776689400000,5287.0,5295.3,5285.5,5286.2,3.221,1776689699999,17028.0629,666,0.006,31.7718,0
1776689700000,5295.3,5295.3,5281.9,5282.7,3.443,1776689999999,18192.6124,707,0.025,132.3825,0
1776690000000,5282.7,5295.3,5281.1,5281.1,3.219,1776690299999,17002.4594,644,0.020,105.9060,0
1776690300000,5295.3,5295.3,5274.6,5274.6,3.363,1776690599999,17755.4269,702,0.015,79.4295,0
1776690600000,5295.3,5295.3,5273.7,5274.0,3.401,1776690899999,17941.6943,643,0.025,132.3825,0
1776690900000,5295.3,5295.3,5272.0,5274.4,2.74,1776691199999,14450.6037,563,0.020,105.9060,0
1776691200000,5274.4,5295.3,5271.7,5271.7,13.31,1776691499999,70168.9077,468,0.075,395.8831,0
1776691500000,5295.3,5295.3,5270.7,5270.7,2.479,1776691799999,13069.9727,555,0.025,132.3596,0
1776691800000,5295.3,5295.3,5270.0,5271.0,48.489,1776692099999,255578.1751,782,0.577,3041.7691,0
1776692100000,5271.0,5277.5,5271.0,5277.4,272.829,1776692399999,1438790.7989,918,271.607,1432342.6771,0
1776692400000,5277.5,5278.3,5274.7,5274.7,52.23,1776692699999,275660.7943,738,49.027,258761.9636,0
1776692700000,5278.3,5278.3,5272.3,5273.2,3.338,1776692999999,17601.9690,724,0.035,184.6715,0
1776693000000,5273.7,5278.3,5270.1,5270.1,4.473,1776693299999,23584.0313,754,0.066,348.2084,0
1776693300000,5278.3,5278.3,5266.2,5269.6,3.41,1776693599999,17966.6296,680,0.025,131.9575,0
1776693600000,5278.3,5278.3,5266.2,5275.8,4.175,1776693899999,22024.5942,614,0.987,5209.6427,0
1776693900000,5275.9,5280.6,5266.2,5280.6,3.288,1776694199999,17351.4234,625,1.208,6377.8229,0
1776694200000,5280.6,5284.0,5266.2,5282.0,3.554,1776694499999,18771.2947,736,2.904,15338.5218,0
1776694500000,5282.0,5284.6,5266.2,5284.6,3.206,1776694799999,16937.7524,631,1.688,8919.0084,0
1776694800000,5284.6,5287.8,5266.2,5287.8,29.841,1776695099999,157773.8639,681,28.734,151921.5434,0
1776695100000,5287.8,5299.3,5266.2,5299.3,65.024,1776695399999,344169.6760,741,64.733,342631.3476,0
1776695400000,5299.3,5300.2,5266.2,5298.4,26.061,1776695699999,138120.1935,698,24.705,130935.3211,0
1776695700000,5300.2,5302.8,5266.2,5302.8,91.256,1776695999999,483772.2969,715,90.162,477976.1757,0
1776696000000,5302.8,5304.8,5266.2,5302.8,128.945,1776696299999,683889.8865,695,127.583,676667.1453,0
1776696300000,5304.8,5304.8,5300.6,5302.2,3.133,1776696599999,16612.4913,637,0.202,1071.4868,0
1776696600000,5303.4,5306.4,5302.0,5303.9,42.907,1776696899999,227631.2740,642,40.615,215476.3236,0
1776696900000,5303.9,5309.7,5303.8,5306.6,127.792,1776697199999,678278.5710,681,125.071,663837.0896,0
1776697200000,5306.9,5309.7,5304.7,5305.8,3.082,1776697499999,16353.2209,661,0.178,944.4360,0
1776697500000,5309.7,5309.7,5304.6,5306.3,3.223,1776697799999,17104.2402,622,0.028,148.6664,0
1776697800000,5309.7,5310.7,5304.6,5310.6,3.295,1776698099999,17487.6161,626,0.445,2362.9674,0
1776698100000,5310.7,5310.9,5304.6,5305.4,3.246,1776698399999,17231.3831,663,0.436,2314.7486,0
1776698400000,5305.7,5305.7,5297.9,5297.9,718.036,1776698699999,3807491.3244,1033,0.865,4585.6786,0
1776698700000,5298.1,5298.6,5293.5,5294.7,500.41,1776698999999,2650325.3026,876,1.290,6831.7409,0
1776699000000,5294.7,5296.7,5293.5,5296.7,3.276,1776699299999,17349.5682,640,2.516,13324.4342,0
1776699300000,5296.8,5297.7,5293.5,5297.2,3.19,1776699599999,16897.2689,668,1.067,5651.9851,0
1776699600000,5297.7,5300.4,5293.5,5299.6,4.261,1776699899999,22579.5245,663,2.863,15172.6775,0
1776699900000,5299.8,5300.4,5293.5,5300.4,3.089,1776700199999,16370.3664,598,1.140,6041.9963,0
1776700200000,5300.4,5303.1,5293.5,5300.7,2.994,1776700499999,15872.9151,673,1.082,5736.4196,0
1776700500000,5303.1,5303.6,5293.5,5301.1,4.204,1776700799999,22278.3502,639,0.625,3314.4867,0
1776700800000,5301.1,5301.8,5293.5,5301.8,2.981,1776701099999,15800.2171,583,2.503,13267.6279,0
1776701100000,5301.8,5301.9,5293.5,5300.8,3.224,1776701399999,17090.7850,694,1.101,5837.0677,0
1776701400000,5300.9,5300.9,5293.5,5296.5,2.981,1776701699999,15793.1894,594,0.913,4835.9022,0
1776701700000,5296.5,5298.7,5293.5,5297.0,3.145,1776701999999,16659.6739,756,1.772,9386.2502,0
1776702000000,5297.6,5298.5,5293.5,5298.1,3.203,1776702299999,16965.3476,644,1.290,6833.5993,0
1776702300000,5298.3,5300.6,5293.5,5300.6,3.511,1776702599999,18606.1039,693,3.302,17498.9348,0
1776702600000,5300.6,5304.2,5293.5,5304.1,3.29,1776702899999,17445.1349,670,1.172,6214.1477,0
1776702900000,5304.2,5305.7,5293.5,5305.1,3.321,1776703199999,17616.7310,688,1.757,9320.8265,0
1776703200000,5305.2,5305.8,5293.5,5303.5,3.343,1776703499999,17732.5910,707,0.760,4031.9634,0
1776703500000,5303.6,5304.6,5293.5,5304.6,3.126,1776703799999,16580.5364,719,1.900,10078.0119,0
1776703800000,5304.7,5307.3,5293.5,5304.3,3.461,1776704099999,18359.7745,719,1.166,6186.0907,0
1776704100000,5307.3,5307.3,5293.5,5303.3,3.316,1776704399999,17587.9719,704,0.108,572.8847,0
1776704400000,5304.0,5307.3,5293.5,5304.8,3.087,1776704699999,16373.9912,615,0.025,132.6792,0
1776704700000,5307.3,5307.3,5293.5,5301.8,3.229,1776704999999,17125.8137,716,0.117,620.6673,0
1776705000000,5304.4,5307.3,5293.5,5298.2,3.318,1776705299999,17585.2089,664,0.070,371.1381,0
1776705300000,5307.3,5307.3,5293.5,5299.4,3.247,1776705599999,17209.5927,642,0.058,307.6092,0
1776705600000,5307.3,5307.3,5293.5,5301.9,3.365,1776705899999,17837.4691,670,0.076,403.0612,0
1776705900000,5301.9,5307.3,5293.5,5303.7,3.153,1776706199999,16719.7517,691,0.121,641.8115,0
1776706200000,5303.7,5308.4,5293.5,5306.7,3.247,1776706499999,17229.5330,632,0.648,3439.3784,0
1776706500000,5306.9,5309.9,5293.5,5309.4,3.24,1776706799999,17196.2454,679,1.593,8456.4939,0
1776706800000,5309.4,5309.9,5293.5,5308.4,3.293,1776707099999,17481.5216,639,1.574,8356.3498,0
1776707100000,5308.5,5308.9,5293.5,5307.5,3.431,1776707399999,18212.2323,735,0.699,3710.6842,0
1776707400000,5308.9,5308.9,5293.5,5307.8,3.247,1776707699999,17234.6345,652,0.064,339.7428,0
1776707700000,5308.9,5309.0,5293.5,5308.7,3.4,1776707999999,18047.9727,727,0.286,1518.3490,0
1776708000000,5308.9,5312.5,5293.5,5312.5,2.972,1776708299999,15777.6126,672,1.982,10522.8880,0
1776708300000,5312.5,5312.5,5293.5,5311.4,3.263,1776708599999,17330.1444,628,1.122,5959.7562,0
1776708600000,5311.4,5314.3,5293.5,5313.7,3.197,1776708899999,16985.9554,743,1.706,9064.4556,0
1776708900000,5314.1,5314.7,5293.5,5310.1,3.247,1776709199999,17252.7986,750,1.687,8965.0787,0
1776709200000,5310.3,5310.3,5293.5,5308.3,3.213,1776709499999,17053.7000,687,1.636,8683.6794,0
1776709500000,5308.3,5309.3,5293.5,5308.1,3.352,1776709799999,17792.1498,647,1.418,7527.4856,0
1776709800000,5309.3,5309.3,5293.5,5306.7,2.852,1776710099999,15137.4652,590,0.062,329.0804,0
1776710100000,5306.7,5309.3,5293.5,5308.1,3.035,1776710399999,16107.2415,781,0.274,1454.3066,0
1776710400000,5308.1,5309.3,5293.5,5302.9,3.111,1776710699999,16499.7793,642,0.068,360.7560,0
1776710700000,5302.9,5309.3,5293.5,5305.7,3.355,1776710999999,17797.9375,625,0.025,132.7261,0
1776711000000,5309.3,5309.3,5293.5,5306.5,3.14,1776711299999,16662.9369,733,0.121,642.1533,0
1776711300000,5306.6,5309.3,5293.5,5307.8,3.24,1776711599999,17195.5025,639,0.079,419.3024,0
1776711600000,5309.3,5309.3,5293.5,5308.6,3.456,1776711899999,18345.0027,677,0.069,366.2990,0
1776711900000,5309.3,5311.1,5293.5,5311.1,3.308,1776712199999,17566.7089,684,2.456,13043.0122,0
1776712200000,5311.1,5313.1,5293.5,5309.7,3.386,1776712499999,17985.1346,834,2.428,12896.7755,0
1776712500000,5311.0,5311.0,5293.5,5310.5,3.463,1776712799999,18387.3410,738,2.819,14968.2321,0
1776712800000,5310.5,5311.8,5293.5,5310.7,3.252,1776713099999,17271.3018,731,1.593,8460.8916,0
1776713100000,5311.8,5311.8,5293.5,5309.5,3.209,1776713399999,17041.1728,664,0.068,361.1035,0
1776713400000,5309.5,5311.8,5293.5,5308.4,3.28,1776713699999,17413.8425,664,0.109,578.7541,0
1776713700000,5311.8,5311.8,5293.5,5310.8,3.314,1776713999999,17596.9324,678,0.085,451.3566,0
1776714000000,5311.8,5314.3,5293.5,5314.2,3.493,1776714299999,18556.5300,716,2.258,11996.2323,0
1776714300000,5314.2,5314.2,5293.5,5314.2,3.375,1776714599999,17934.1181,755,2.140,11371.9495,0
1776714600000,5314.2,5314.2,5293.5,5309.4,3.282,1776714899999,17435.8876,682,0.921,4893.4528,0
1776714900000,5309.4,5312.3,5293.5,5312.3,2.934,1776715199999,15581.7532,638,2.059,10934.8633,0
1776715200000,5312.3,5314.2,5293.5,5313.2,3.204,1776715499999,17022.3430,636,1.603,8516.8283,0
1776715500000,5313.3,5318.9,5293.5,5318.7,174.239,1776715799999,926276.5365,725,172.913,919228.3199,0
1776715800000,5318.9,5319.9,5318.4,5319.9,15.254,1776716099999,81135.7145,668,13.223,70333.5533,0
1776716100000,5319.9,5320.4,5313.4,5313.4,508.458,1776716399999,2703225.6175,899,14.274,75937.7885,0
1776716400000,5313.4,5318.9,5313.4,5318.3,3.25,1776716699999,17280.8289,669,3.003,15967.4127,0
1776716700000,5318.3,5318.3,5316.1,5316.9,3.373,1776716999999,17935.0691,808,2.098,11155.4731,0
1776717000000,5316.9,5317.2,5313.2,5313.2,3.238,1776717299999,17208.0603,686,0.373,1983.0581,0
1776717300000,5313.2,5313.3,5311.7,5313.3,60.673,1776717599999,322340.7945,988,1.081,5743.0302,0
1776717600000,5313.3,5316.0,5313.1,5313.1,3.444,1776717899999,18303.1640,693,1.982,10532.9125,0
1776717900000,5313.1,5315.0,5307.0,5307.0,3.169,1776718199999,16836.0964,643,0.659,3501.9186,0
1776718200000,5307.0,5308.0,5304.0,5307.0,3.246,1776718499999,17225.5117,628,0,0,0
1776718500000,5307.0,5308.5,5301.9,5303.1,3.403,1776718799999,18054.5595,700,0,0,0
1776718800000,5303.1,5305.9,5298.9,5298.9,3.166,1776719099999,16787.9378,643,0,0,0
1776719100000,5298.9,5298.9,5292.3,5297.4,3.295,1776719399999,17450.4731,611,0,0,0
1776719400000,5297.4,5302.6,5297.4,5299.8,3.086,1776719699999,16357.6989,750,0.260,1378.5049,0
1776719700000,5299.8,5300.7,5298.2,5300.7,3.043,1776719999999,16127.2631,722,0,0,0
1776720000000,5300.7,5302.3,5300.7,5301.7,3.161,1776720299999,16758.4900,600,0.041,217.3907,0
1776720300000,5301.6,5301.7,5299.5,5299.5,3.426,1776720599999,18159.7038,605,0,0,0
1776720600000,5299.5,5299.5,5293.3,5293.5,3.339,1776720899999,17683.1204,854,0,0,0
1776720900000,5293.5,5294.1,5292.1,5292.2,3.089,1776721199999,16350.5952,681,0,0,0
1776721200000,5292.2,5296.2,5292.2,5295.8,3.251,1776721499999,17210.8060,671,0,0,0
1776721500000,5295.8,5296.8,5294.4,5295.0,3.551,1776721799999,18803.4224,658,0,0,0
1776721800000,5295.0,5296.4,5292.7,5292.7,103.689,1776722099999,548884.9084,752,0.339,1794.4947,0
1776722100000,5292.7,5294.3,5291.8,5291.8,25.058,1776722399999,132653.3366,745,22.682,120077.9369,0
1776722400000,5291.8,5296.3,5291.7,5294.9,87.039,1776722699999,460831.8286,721,54.405,288072.6964,0
1776722700000,5294.5,5295.0,5292.3,5292.7,97.118,1776722999999,514090.6573,675,18.152,96110.9209,0
1776723000000,5292.7,5297.2,5292.7,5295.9,2.924,1776723299999,15483.3129,570,1.558,8249.3872,0
1776723300000,5295.9,5298.8,5292.3,5298.8,2.666,1776723599999,14123.6325,570,1.889,10007.9430,0
1776723600000,5298.8,5299.8,5292.2,5298.3,49.407,1776723899999,261495.3143,697,1.256,6655.6562,0
1776723900000,5298.3,5298.3,5293.2,5293.8,2.987,1776724199999,15819.0642,621,0.530,2807.0058,0
1776724200000,5293.8,5295.7,5292.2,5295.7,2.958,1776724499999,15660.3865,570,1.365,7227.3820,0
1776724500000,5295.7,5298.2,5292.2,5298.2,2.834,1776724799999,15012.3823,644,1.978,10478.5168,0
1776724800000,5298.2,5298.2,5292.2,5298.2,2.362,1776725099999,12513.4107,540,0.919,4868.8680,0
1776725100000,5298.2,5303.9,5292.2,5303.9,2.949,1776725399999,15633.3037,654,2.716,14398.7886,0
1776725400000,5303.9,5309.4,5292.2,5308.5,2.901,1776725699999,15395.2098,579,1.510,8011.6458,0
1776725700000,5309.4,5311.0,5292.2,5311.0,2.813,1776725999999,14935.4982,653,1.608,8538.1757,0
1776726000000,5311.0,5316.7,5292.2,5316.5,97.584,1776726299999,518694.8205,560,93.985,499560.7927,0
1776726300000,5316.6,5317.2,5316.3,5316.4,2.341,1776726599999,12446.2505,567,0.876,4657.3877,0
1776726600000,5317.2,5317.2,5314.7,5316.0,2.303,1776726899999,12242.1399,526,0.035,186.0921,0
1776726900000,5317.2,5317.2,5292.2,5314.8,2.241,1776727199999,11912.4405,470,0.028,148.8759,0
1776727200000,5314.8,5317.2,5292.2,5314.7,2.337,1776727499999,12419.9896,435,0.005,26.5860,0
1776727500000,5314.7,5317.2,5314.7,5315.0,2.807,1776727799999,14919.4560,553,0.010,53.1720,0
1776727800000,5315.0,5317.5,5315.0,5316.1,24.82,1776728099999,131974.5908,613,22.117,117604.9836,0
1776728100000,5316.1,5317.8,5315.9,5317.1,49.397,1776728399999,262640.4903,698,0.997,5301.4784,0
1776728400000,5317.1,5317.4,5316.2,5317.1,26.451,1776728699999,140643.9102,671,24.329,129362.0974,0
1776728700000,5316.7,5320.0,5316.4,5319.9,3.23,1776728999999,17178.3110,637,1.612,8573.2967,0
1776729000000,5319.9,5320.6,5319.2,5320.4,3.331,1776729299999,17720.9859,598,1.041,5538.3137,0
1776729300000,5320.4,5320.4,5316.2,5320.0,3.235,1776729599999,17208.8368,595,0,0,0
1776729600000,5320.6,5320.6,5314.7,5314.7,2.633,1776729899999,13997.3424,519,0.085,452.2510,0
1776729900000,5320.6,5320.6,5308.1,5308.3,3.938,1776730199999,20921.4295,647,0.963,5123.7378,0
1776730200000,5320.6,5320.6,5308.3,5313.5,2.723,1776730499999,14462.3923,586,0.023,122.2861,0
1776730500000,5320.6,5320.6,5312.6,5313.2,2.921,1776730799999,15521.4100,589,0.025,133.0150,0
1776730800000,5320.6,5320.6,5312.7,5314.7,2.727,1776731099999,14492.1098,706,0.449,2386.4150,0
1776731100000,5314.7,5320.6,5312.6,5312.6,2.737,1776731399999,14544.5571,638,0.203,1079.0081,0
1776731400000,5313.9,5320.6,5311.0,5313.3,2.511,1776731699999,13340.7102,582,0.250,1328.2273,0
1776731700000,5320.6,5320.6,5311.0,5313.6,2.673,1776731999999,14199.4399,614,0.427,2268.6628,0
1776732000000,5313.6,5320.6,5311.0,5313.6,1.848,1776732299999,9817.1717,411,0.082,435.8232,0
1776732300000,5313.6,5320.6,5309.5,5309.5,2.201,1776732599999,11690.6654,497,0.053,281.7220,0
1776732600000,5309.5,5320.6,5309.4,5311.3,2.624,1776732899999,13933.6899,475,0.005,26.6030,0
1776732900000,5320.6,5320.6,5304.3,5314.4,1411.673,1776733199999,7495382.2716,808,0.054,287.0436,0
1776733200000,5320.6,5320.6,5312.1,5317.2,2.865,1776733499999,15227.3000,584,0.086,457.2917,0
1776733500000,5320.6,5320.6,5312.1,5317.7,2.799,1776733799999,14883.6285,637,0.162,861.5052,0
1776733800000,5317.7,5320.6,5312.1,5313.4,2.416,1776734099999,12842.3893,460,0.025,133.0121,0
1776734100000,5320.6,5320.6,5310.2,5310.2,2.474,1776734399999,13141.5504,517,0.020,106.4120,0
1776734400000,5320.6,5320.6,5310.2,5311.1,2.574,1776734699999,13670.9612,533,0.025,133.0150,0
1776734700000,5320.6,5320.6,5310.4,5312.6,2.127,1776734999999,11297.3856,432,0.025,133.0150,0
1776735000000,5320.6,5320.6,5311.5,5311.5,2.439,1776735299999,12959.7677,506,0.025,133.0150,0
1776735300000,5320.6,5320.6,5311.5,5313.6,2.494,1776735599999,13251.9958,579,0.307,1631.5432,0
1776735600000,5313.5,5320.6,5313.5,5313.5,3.361,1776735899999,17859.0203,623,0.020,106.3856,0
1776735900000,5320.6,5320.6,5313.5,5314.1,3.245,1776736199999,17244.4939,643,0.085,451.7902,0
1776736200000,5314.1,5320.6,5314.1,5315.0,3.016,1776736499999,16029.2526,616,0.044,233.8664,0
1776736500000,5320.6,5320.6,5314.9,5317.4,3.007,1776736799999,15986.4019,570,0.020,106.4120,0
1776736800000,5317.4,5320.6,5317.0,5317.9,2.771,1776737099999,14734.8481,522,0.005,26.6030,0
1776737100000,5317.9,5320.6,5317.8,5318.0,3.008,1776737399999,15996.2387,558,0.010,53.2060,0
1776737400000,5318.0,5320.6,5314.2,5314.2,3.399,1776737699999,18070.7145,733,0.160,850.9060,0
1776737700000,5320.6,5320.6,5314.0,5314.1,3.226,1776737999999,17143.7477,683,0.050,265.8410,0
1776738000000,5314.3,5320.6,5314.0,5315.5,3.241,1776738299999,17226.7725,665,0.062,329.6405,0
1776738300000,5320.6,5320.6,5313.9,5313.9,3.141,1776738599999,16694.6971,656,0.096,510.3922,0
1776738600000,5320.6,5320.6,5313.2,5313.9,2.928,1776738899999,15558.9558,631,0.065,345.5177,0
1776738900000,5320.6,5320.6,5310.2,5310.2,3.412,1776739199999,18125.7240,796,0.020,106.4120,0
1776739200000,5320.6,5320.6,5308.8,5309.9,3.421,1776739499999,18165.2877,680,0.020,106.4120,0
1776739500000,5309.9,5320.6,5309.9,5312.4,3.3,1776739799999,17530.4626,641,0.010,53.2060,0
1776739800000,5314.0,5320.6,5309.8,5310.3,3.65,1776740099999,19384.2738,718,0.025,133.0084,0
1776740100000,5320.6,5320.6,5309.1,5309.8,3.313,1776740399999,17591.2697,715,0.020,106.3605,0
1776740400000,5309.8,5311.5,5309.1,5311.0,27.081,1776740699999,143794.5659,700,12.108,64296.8915,0
1776740700000,5311.0,5311.4,5311.0,5311.3,32.716,1776740999999,173757.9751,792,31.735,168547.5908,0
1776741000000,5311.3,5311.4,5311.1,5311.4,3.882,1776741299999,20618.4957,729,0.985,5231.7213,0
1776741300000,5311.4,5313.9,5311.1,5313.9,3.105,1776741599999,16494.0387,706,2.084,11070.6560,0
1776741600000,5313.9,5315.0,5311.1,5315.0,3.312,1776741899999,17600.5346,662,3.230,17164.8300,0
1776741900000,5315.0,5315.1,5311.1,5313.1,2.906,1776742199999,15440.4829,662,1.378,7321.7835,0
1776742200000,5313.1,5313.1,5308.2,5308.2,152.066,1776742499999,807396.1937,800,0.690,3664.9537,0
1776742500000,5308.4,5309.3,5307.1,5309.3,52.405,1776742799999,278156.6486,749,1.184,6285.6713,0
1776742800000,5309.3,5309.3,5307.1,5309.1,189.994,1776743099999,1008514.9594,797,151.677,805140.4325,0
1776743100000,5309.1,5309.6,5308.8,5309.6,15.708,1776743399999,83400.6772,790,15.388,81701.6631,0
1776743400000,5309.6,5309.9,5309.5,5309.9,50.529,1776743699999,268288.9903,829,49.145,260940.4912,0
1776743700000,5309.9,5313.1,5309.9,5313.1,230.975,1776743999999,1226707.0318,834,230.734,1225426.5988,0
1776744000000,5313.1,5314.1,5311.1,5311.1,183.801,1776744299999,976418.9710,954,2.737,14543.1987,0
1776744300000,5311.1,5311.1,5301.4,5301.9,247.917,1776744599999,1315487.8889,959,0.521,2762.2893,0
1776744600000,5301.9,5305.5,5301.7,5305.5,75.931,1776744899999,402669.5137,825,75.475,400250.5093,0
1776744900000,5305.5,5306.4,5304.6,5306.4,52.749,1776745199999,279853.5142,792,41.984,222747.1056,0
1776745200000,5306.4,5309.4,5306.3,5309.3,50.777,1776745499999,269534.4703,720,49.624,263414.2549,0
1776745500000,5309.3,5309.3,5304.6,5304.6,154.339,1776745799999,819023.9502,794,0,0,0
1776745800000,5304.6,5305.4,5303.7,5305.4,36.01,1776746099999,191009.5735,807,2.073,10995.6184,0
1776746100000,5305.4,5306.7,5303.7,5306.7,77.73,1776746399999,412379.3531,711,11.758,62375.4253,0
1776746400000,5306.7,5307.3,5306.5,5306.5,41.962,1776746699999,222679.6643,805,40.919,217144.8999,0
1776746700000,5307.3,5307.3,5304.1,5304.2,3.483,1776746999999,18476.3162,725,0.020,106.1460,0
1776747000000,5307.3,5307.3,5301.9,5302.6,3.382,1776747299999,17936.6450,722,0.059,313.0067,0
1776747300000,5307.3,5307.3,5301.8,5303.4,3.308,1776747599999,17542.4681,621,0.025,132.6825,0
1776747600000,5303.4,5307.3,5301.8,5304.1,3.177,1776747899999,16850.9832,618,0.027,143.2413,0
1776747900000,5307.3,5307.3,5300.8,5300.8,3.179,1776748199999,16858.4280,645,0.025,132.6825,0
1776748200000,5307.3,5307.3,5300.7,5302.8,3.085,1776748499999,16355.2155,655,0.025,132.6825,0
1776748500000,5307.3,5307.3,5302.7,5304.8,3.008,1776748799999,15953.2227,665,0.102,541.0146,0
1776748800000,5307.3,5307.3,5303.9,5304.6,3.448,1776749099999,18290.4128,900,0.033,175.0857,0
1776749100000,5304.6,5307.3,5302.7,5302.7,3.442,1776749399999,18256.4377,756,0.020,106.1460,0
1776749400000,5307.3,5307.3,5301.4,5302.3,3.418,1776749699999,18121.9424,707,0.025,132.6825,0
1776749700000,5307.3,5307.3,5300.7,5301.4,3.552,1776749999999,18831.3019,757,0.047,249.3133,0
1776750000000,5301.4,5307.3,5300.7,5301.9,3.408,1776750299999,18068.1277,740,0.129,683.9295,0
1776750300000,5307.3,5307.3,5301.8,5303.2,3.244,1776750599999,17199.3200,604,0.010,53.0730,0
1776750600000,5307.3,5307.5,5303.0,5303.1,3.215,1776750899999,17049.7058,598,0.015,79.6099,0
1776750900000,5303.1,5307.5,5303.1,5303.1,2.961,1776751199999,15702.6273,594,0.041,217.4699,0
1776751200000,5303.1,5307.5,5302.2,5302.9,2.616,1776751499999,13872.7206,618,0.025,132.6425,0
1776751500000,5303.0,5307.5,5302.1,5303.3,2.757,1776751799999,14620.7444,539,0.025,132.6830,0
1776751800000,5303.3,5307.5,5302.1,5307.5,2.928,1776752099999,15530.3462,600,0.077,408.4617,0
1776752100000,5307.5,5309.4,5302.1,5309.2,142.672,1776752399999,757474.4216,631,142.590,757039.1726,0
1776752400000,5309.2,5309.2,5302.1,5309.2,2.772,1776752699999,14716.9249,513,2.747,14584.3724,0
1776752700000,5309.2,5309.2,5302.1,5309.2,2.386,1776752999999,12667.6092,461,2.366,12561.5672,0
1776753000000,5309.2,5309.2,5302.1,5306.8,2.179,1776753299999,11566.7242,405,0.713,3785.3773,0
1776753300000,5306.9,5306.9,5302.0,5303.0,2.202,1776753599999,11676.9433,421,1.304,6914.9978,0
1776753600000,5303.0,5304.1,5301.9,5304.0,3.515,1776753899999,18642.8746,721,1.600,8486.0610,0
1776753900000,5304.0,5305.6,5304.0,5305.5,3.523,1776754199999,18689.8250,843,2.358,12509.3877,0
1776754200000,5305.5,5306.6,5304.0,5306.6,3.466,1776754499999,18392.2145,664,3.430,18201.2225,0
1776754500000,5306.6,5306.7,5301.9,5306.7,3.447,1776754799999,18291.9541,767,1.928,10231.2610,0
1776754800000,5306.7,5308.0,5301.9,5307.9,3.401,1776755099999,18051.0058,751,2.506,13300.5253,0
1776755100000,5307.9,5308.0,5301.9,5306.6,3.429,1776755399999,18198.1364,698,0.633,3359.8377,0
1776755400000,5306.6,5306.6,5305.7,5306.6,3.501,1776755699999,18575.7284,751,1.072,5688.0548,0
1776755700000,5306.6,5309.1,5301.9,5309.0,3.552,1776755999999,18856.8096,691,2.077,11026.1931,0
1776756000000,5309.1,5309.2,5301.9,5309.2,3.212,1776756299999,17052.6689,713,2.607,13840.9014,0
1776756300000,5309.2,5309.2,5301.9,5309.2,3.234,1776756599999,17169.8068,629,3.214,17063.7688,0
1776756600000,5309.2,5309.2,5301.9,5309.2,3.46,1776756899999,18369.6860,651,3.440,18263.6480,0
1776756900000,5309.2,5309.2,5301.9,5309.2,3.628,1776757199999,19261.6681,670,3.613,19182.1396,0
1776757200000,5309.2,5309.2,5301.9,5309.2,3.636,1776757499999,19304.0687,679,3.611,19171.5212,0
1776757500000,5309.2,5309.2,5301.9,5309.2,3.64,1776757799999,19325.4515,648,3.635,19298.9420,0
1776757800000,5309.2,5309.2,5309.2,5309.2,3.534,1776758099999,18762.7128,633,3.534,18762.7128,0
1776758100000,5309.2,5309.2,5301.9,5309.2,3.135,1776758399999,16644.3055,568,3.130,16617.7960,0
1776758400000,5309.2,5309.2,5301.9,5309.2,3.271,1776758699999,17366.3499,595,3.265,17334.5380,0
1776758700000,5309.2,5309.2,5301.9,5309.2,3.488,1776758999999,18518.3095,655,3.463,18385.7596,0
1776759000000,5309.2,5309.2,5301.9,5309.2,3.427,1776759299999,18194.4459,636,3.402,18061.8984,0
1776759300000,5309.2,5309.2,5301.9,5309.2,3.24,1776759599999,17201.6255,621,3.215,17069.0780,0
1776759600000,5309.2,5309.2,5301.9,5309.2,2.931,1776759899999,15561.0827,553,2.906,15428.5352,0
1776759900000,5309.2,5309.2,5301.9,5309.2,2.915,1776760199999,15476.1355,564,2.890,15343.5880,0
1776760200000,5309.2,5309.2,5301.9,5309.2,2.532,1776760499999,13442.7484,468,2.512,13336.7104,0
1776760500000,5309.2,5309.2,5301.9,5309.2,2.956,1776760799999,15693.8127,562,2.931,15561.2652,0
1776760800000,5309.2,5309.2,5301.9,5309.2,2.304,1776761099999,12232.2143,439,2.279,12099.6668,0
1776761100000,5309.2,5309.2,5301.9,5309.2,18.016,1776761399999,95650.3647,416,17.991,95517.8172,0
1776761400000,5309.2,5326.6,5301.9,5326.2,121.146,1776761699999,644143.0566,525,120.976,643238.2354,0
1776761700000,5326.6,5327.6,5301.9,5326.4,2.555,1776761999999,13608.9267,517,0.744,3963.1695,0
1776762000000,5326.4,5327.6,5301.9,5323.5,5.918,1776762299999,31516.2877,669,1.087,5788.6522,0
1776762300000,5323.6,5323.9,5321.8,5322.9,34.435,1776762599999,183278.6534,655,9.197,48956.3775,0
1776762600000,5323.3,5323.3,5321.6,5322.1,34.453,1776762899999,183356.6998,697,0.626,3331.7584,0
1776762900000,5322.1,5322.2,5318.3,5318.3,320.81,1776763199999,1706995.2425,828,0.129,686.5449,0
1776763200000,5318.4,5318.5,5313.6,5313.6,101.177,1776763499999,537845.5026,673,0.070,372.2550,0
1776763500000,5313.6,5313.6,5304.7,5304.7,248.138,1776763799999,1317615.9103,824,0.005,26.5375,0
1776763800000,5304.7,5304.8,5301.2,5302.4,215.431,1776764099999,1142585.3270,738,0.345,1829.3895,0
1776764100000,5302.4,5302.4,5300.4,5300.9,73.091,1776764399999,387444.2648,728,0.384,2035.9511,0
1776764400000,5300.4,5302.1,5300.0,5300.0,55.757,1776764699999,295554.0964,501,35.687,189173.1669,0
1776764700000,5300.0,5302.7,5300.0,5301.7,149.022,1776764999999,790083.0574,681,147.781,783505.4199,0
1776765000000,5302.7,5302.8,5301.0,5301.6,75.733,1776765299999,401554.0092,591,5.725,30358.4840,0
1776765300000,5302.0,5302.0,5300.5,5300.5,2.297,1776765599999,12176.2488,470,0.015,79.5270,0
1776765600000,5300.5,5301.4,5297.7,5298.9,2.015,1776765899999,10678.6315,449,0.015,79.5210,0
1776765900000,5301.4,5302.0,5297.7,5301.6,2.453,1776766199999,13003.9872,460,0.736,3902.1140,0
1776766200000,5301.2,5302.0,5297.7,5302.0,2.537,1776766499999,13449.7879,477,1.004,5323.0644,0
1776766500000,5302.0,5302.0,5297.7,5302.0,2.372,1776766799999,12576.0086,446,2.006,10635.8040,0
1776766800000,5302.0,5302.0,5297.7,5302.0,2.545,1776767099999,13493.5470,479,2.535,13440.5700,0
1776767100000,5302.0,5302.0,5297.7,5302.0,2.911,1776767399999,15434.0712,560,2.841,15062.9820,0
1776767400000,5302.0,5302.0,5297.7,5302.0,2.842,1776767699999,15068.2407,500,2.727,14458.5540,0
1776767700000,5302.0,5302.0,5297.7,5302.0,3.032,1776767999999,16075.6425,561,3.027,16049.1540,0
1776768000000,5302.0,5302.0,5297.7,5302.0,2.667,1776768299999,14140.4125,510,2.662,14113.9240,0
1776768300000,5302.0,5302.0,5297.7,5302.0,2.496,1776768599999,13233.7490,481,2.486,13180.7720,0
1776768600000,5302.0,5302.0,5297.7,5302.0,2.161,1776768899999,11457.6005,390,2.156,11431.1120,0
1776768900000,5302.0,5302.0,5297.7,5302.0,2.632,1776769199999,13954.8210,485,2.622,13901.8440,0
1776769200000,5302.0,5302.0,5297.7,5302.0,2.388,1776769499999,12661.1330,431,2.378,12608.1560,0
1776769500000,5302.0,5302.0,5297.7,5302.0,2.725,1776769799999,14447.8769,509,2.708,14357.8160,0
1776769800000,5302.0,5302.0,5297.7,5302.0,2.541,1776770099999,13472.2745,482,2.516,13339.8320,0
1776770100000,5302.0,5320.8,5297.7,5320.8,106.065,1776770399999,563622.2502,539,105.929,562898.8793,0
1776770400000,5320.8,5321.4,5297.7,5321.4,79.709,1776770699999,424133.4435,433,79.321,422069.4344,0
1776770700000,5321.4,5327.8,5297.7,5327.8,190.521,1776770999999,1014249.4569,545,190.496,1014117.0144,0
1776771000000,5327.8,5329.4,5297.7,5329.1,36.088,1776771299999,192309.0075,516,35.424,188771.7105,0
1776771300000,5329.2,5330.3,5328.7,5330.3,18.197,1776771599999,96968.3967,384,0.621,3309.7315,0
1776771600000,5330.3,5332.1,5327.2,5327.4,3.057,1776771899999,16293.8388,653,1.124,5992.1673,0
1776771900000,5332.1,5332.1,5326.3,5326.9,3.366,1776772199999,17932.6346,653,0.055,293.1019,0
1776772200000,5332.1,5332.1,5326.7,5328.7,3.265,1776772499999,17399.4711,669,0.060,319.6898,0
1776772500000,5328.7,5332.1,5326.9,5329.6,3.334,1776772799999,17765.7562,613,0.010,53.3210,0
1776772800000,5329.6,5330.4,5325.6,5325.6,3.331,1776773099999,17746.3534,647,0,0,0
1776773100000,5325.6,5332.1,5324.6,5325.3,4.239,1776773399999,22583.5132,596,1.003,5348.0963,0
1776773400000,5325.3,5327.5,5324.3,5324.5,3.239,1776773699999,17252.4830,605,0,0,0
1776773700000,5324.5,5326.7,5324.2,5326.7,3.443,1776773999999,18335.1364,643,0,0,0
1776774000000,5326.7,5327.5,5325.7,5326.9,3.659,1776774299999,19490.6190,715,0,0,0
1776774300000,5326.9,5327.5,5326.6,5326.8,3.465,1776774599999,18457.9884,663,0.037,197.1101,0
1776774600000,5326.8,5331.2,5326.6,5330.1,3.181,1776774899999,16950.5316,739,0.737,3927.3261,0
1776774900000,5330.1,5330.2,5325.3,5325.3,3.226,1776775199999,17188.2125,683,0,0,0
1776775200000,5325.3,5326.6,5321.8,5321.8,3.151,1776775499999,16774.9040,594,0,0,0
1776775500000,5321.8,5332.1,5321.8,5321.8,3.781,1776775799999,20135.1091,569,0.948,5054.8218,0
1776775800000,5321.8,5321.8,5315.6,5316.8,2.996,1776776099999,15934.6450,622,0,0,0
1776776100000,5316.8,5320.3,5316.3,5318.0,3.341,1776776399999,17768.8431,710,0,0,0
1776776400000,5318.0,5320.1,5317.7,5317.7,3.072,1776776699999,16340.3243,628,0,0,0
1776776700000,5317.7,5319.3,5316.5,5319.3,3.271,1776776999999,17394.6749,613,0,0,0
1776777000000,5319.3,5322.3,5316.5,5320.4,4.292,1776777299999,22832.0133,655,0.093,494.7657,0
1776777300000,5320.4,5321.8,5319.7,5321.0,3.521,1776777599999,18734.0107,862,1.673,8902.3367,0
1776777600000,5321.0,5321.0,5319.5,5319.9,3.335,1776777899999,17742.6704,600,0,0,0
1776777900000,5319.9,5321.2,5316.5,5319.3,3.065,1776778199999,16304.6427,564,0,0,0
1776778200000,5319.3,5319.3,5314.1,5314.1,3.377,1776778499999,17953.3222,688,0,0,0
1776778500000,5314.1,5314.9,5311.0,5311.4,4.099,1776778799999,21776.7501,652,0,0,0
1776778800000,5311.4,5313.9,5310.8,5313.9,3.155,1776779099999,16759.8140,705,0,0,0
1776779100000,5313.9,5313.9,5306.0,5306.0,3.189,1776779399999,16929.9429,668,0,0,0
1776779400000,5305.9,5321.8,5301.8,5301.8,2.924,1776779699999,15508.3199,572,0.003,15.9654,0
1776779700000,5301.8,5304.5,5300.9,5301.1,2.89,1776779999999,15324.4611,554,0,0,0
1776780000000,5301.1,5332.1,5298.5,5298.6,3.978,1776780299999,21110.4945,591,0.891,4750.8496,0
1776780300000,5298.6,5298.7,5298.5,5298.6,3.355,1776780599999,17776.5650,617,0,0,0
1776780600000,5298.6,5298.9,5298.5,5298.8,3.39,1776780899999,17962.2006,621,0,0,0
1776780900000,5298.9,5301.9,5298.9,5301.9,3.195,1776781199999,16934.2127,697,0,0,0
1776781200000,5301.9,5303.7,5301.1,5301.1,3.377,1776781499999,17907.1527,691,0,0,0
1776781500000,5301.1,5332.1,5298.5,5298.5,3.179,1776781799999,16850.7270,634,0.038,202.6198,0
1776781800000,5298.5,5298.6,5295.6,5296.0,3.367,1776782099999,17838.3825,618,0,0,0
1776782100000,5296.0,5298.5,5295.8,5297.5,2.968,1776782399999,15722.6142,563,0,0,0
1776782400000,5297.5,5302.9,5297.5,5302.4,2.899,1776782699999,15364.0954,528,0,0,0
1776782700000,5302.4,5308.4,5302.4,5306.3,2.835,1776782999999,15039.0334,647,0.338,1793.4870,0
1776783000000,5306.3,5306.3,5298.4,5300.8,3.113,1776783299999,16504.4856,641,0,0,0
1776783300000,5300.8,5301.3,5293.0,5293.0,3.073,1776783599999,16278.6641,712,0,0,0
1776783600000,5293.0,5299.2,5292.4,5296.0,3.08,1776783899999,16312.1993,614,0,0,0
1776783900000,5296.0,5297.8,5295.3,5295.3,3.287,1776784199999,17408.6110,680,0,0,0
1776784200000,5295.3,5295.4,5291.1,5291.1,3.494,1776784499999,18492.8276,698,0,0,0
1776784500000,5291.2,5293.4,5290.7,5293.4,3.176,1776784799999,16804.9139,634,0,0,0
1776784800000,5293.4,5332.1,5292.1,5292.4,6.784,1776785099999,35960.1140,690,1.414,7539.5183,0
1776785100000,5292.4,5294.6,5292.3,5294.6,3.403,1776785399999,18012.8846,687,0,0,0
1776785400000,5294.6,5296.0,5293.7,5293.7,3.458,1776785699999,18308.4239,743,0,0,0
1776785700000,5293.7,5295.3,5291.7,5291.7,3.327,1776785999999,17610.8296,682,0,0,0
1776786000000,5291.7,5292.1,5291.2,5291.4,3.457,1776786299999,18292.7810,722,0,0,0
1776786300000,5291.4,5291.8,5288.6,5289.0,3.482,1776786599999,18420.5396,715,0,0,0
1776786600000,5289.0,5289.6,5286.8,5288.8,3.491,1776786899999,18460.6981,678,0,0,0
1776786900000,5288.8,5291.2,5288.4,5290.0,3.325,1776787199999,17588.0282,619,0,0,0
1776787200000,5332.1,5332.1,5287.2,5290.5,4.932,1776787499999,26092.0160,545,1.108,5868.7436,0
1776787500000,5290.6,5293.6,5287.2,5292.5,3.645,1776787799999,19285.8197,622,0.794,4202.3414,0
1776787800000,5292.5,5293.8,5287.2,5291.0,3.443,1776788099999,18220.8360,620,0.405,2143.8472,0
1776788100000,5291.0,5291.1,5287.8,5289.8,3.388,1776788399999,17918.8159,798,1.682,8895.8416,0
1776788400000,5289.9,5292.5,5289.9,5292.5,3.528,1776788699999,18665.6541,739,3.528,18665.6541,0
1776788700000,5292.5,5293.4,5290.2,5292.3,3.334,1776788999999,17642.1822,745,1.258,6657.2150,0
1776789000000,5292.3,5294.0,5290.0,5290.0,3.309,1776789299999,17512.8845,632,1.839,9733.9224,0
1776789300000,5290.0,5293.5,5290.0,5291.5,3.389,1776789599999,17934.9098,666,1.018,5387.7229,0
1776789600000,5291.5,5292.5,5288.4,5288.7,3.072,1776789899999,16252.0541,580,0,0,0
1776789900000,5288.7,5293.5,5288.7,5292.9,4.165,1776790199999,22040.1553,652,0.707,3742.5045,0
1776790200000,5292.9,5296.1,5292.9,5296.0,3.44,1776790499999,18213.5789,655,1.901,10064.8803,0
1776790500000,5296.0,5297.6,5296.0,5296.7,3.339,1776790799999,17684.8216,729,2.902,15369.9960,0
1776790800000,5296.7,5298.0,5296.0,5297.9,3.372,1776791099999,17863.0482,654,1.482,7851.4738,0
1776791100000,5297.9,5298.4,5297.9,5298.3,3.298,1776791399999,17473.0498,650,1.714,9081.0540,0
1776791400000,5298.3,5299.5,5297.9,5299.5,3.333,1776791699999,17659.8749,702,2.192,11614.7929,0
1776791700000,5299.5,5300.3,5299.0,5299.1,2.954,1776791999999,15655.2107,588,1.349,7149.6926,0
1776792000000,5299.0,5300.5,5296.1,5299.5,3.119,1776792299999,16525.7041,620,2.266,12006.1572,0
1776792300000,5299.3,5303.2,5297.7,5303.2,3.019,1776792599999,16002.2407,612,1.733,9187.9918,0
1776792600000,5303.2,5307.0,5303.1,5306.9,3.489,1776792899999,18508.8985,751,3.206,17007.7336,0
1776792900000,5306.9,5306.9,5305.0,5305.5,7.529,1776793199999,39949.1896,638,6.451,34229.5027,0
1776793200000,5305.5,5305.5,5287.2,5303.1,7.28,1776793499999,38539.2877,614,1.341,7112.9581,0
1776793500000,5303.1,5304.6,5301.2,5302.3,51.837,1776793799999,274834.9695,696,0.908,4814.4767,0
1776793800000,5302.3,5306.9,5301.2,5306.9,3.529,1776794099999,18721.9833,669,1.823,9670.5413,0
1776794100000,5306.9,5307.0,5302.8,5303.0,3.459,1776794399999,18349.8141,610,0.187,992.3922,0
1776794400000,5303.0,5306.7,5301.2,5306.3,3.556,1776794699999,18864.6075,634,0,0,0
1776794700000,5305.9,5307.8,5303.0,5306.8,3.406,1776794999999,18074.5388,659,1.059,5620.4575,0
1776795000000,5306.8,5308.0,5303.6,5305.2,3.478,1776795299999,18454.8163,777,1.312,6961.8829,0
1776795300000,5305.2,5305.3,5299.5,5299.5,22.874,1776795599999,121246.7889,819,0.268,1420.8816,0
1776795600000,5299.5,5299.9,5297.9,5297.9,239.259,1776795899999,1267830.9235,1026,0.849,4499.3276,0
1776795900000,5297.9,5298.1,5295.4,5296.3,102.221,1776796199999,541408.4113,790,0.218,1154.8047,0
1776796200000,5296.3,5296.7,5294.5,5294.5,119.513,1776796499999,632898.8789,774,0.472,2499.1037,0
1776796500000,5294.5,5294.5,5291.5,5291.5,153.491,1776796799999,812400.6325,988,0.736,3894.9067,0
1776796800000,5291.5,5291.6,5290.6,5290.6,47.585,1776797099999,251787.4941,854,0.483,2555.8188,0
1776797100000,5290.6,5291.0,5290.6,5290.7,3.362,1776797399999,17787.2632,709,1.686,8920.2056,0
1776797400000,5290.7,5291.1,5285.8,5289.1,420.525,1776797699999,2224195.6793,951,35.469,187663.6623,0
1776797700000,5289.1,5289.2,5284.2,5284.2,75.515,1776797999999,399100.0047,686,0.684,3617.3757,0
1776798000000,5284.2,5287.1,5280.7,5282.0,164.459,1776798299999,868836.2728,828,1.149,6071.1775,0
1776798300000,5282.0,5282.7,5279.7,5280.2,55.076,1776798599999,290814.6470,717,9.338,49317.6069,0
1776798600000,5280.2,5281.2,5279.3,5281.2,27.217,1776798899999,143700.2360,644,1.623,8570.2236,0
1776798900000,5281.2,5281.4,5279.3,5281.4,134.493,1776799199999,710204.8536,659,106.068,560126.9312,0
1776799200000,5281.4,5282.0,5280.3,5280.7,135.457,1776799499999,715362.0829,639,115.248,608644.4031,0
1776799500000,5280.7,5282.3,5280.4,5282.3,198.981,1776799799999,1050900.4139,743,185.997,982335.9202,0
1776799800000,5282.3,5287.0,5282.3,5287.0,192.193,1776800099999,1015805.8732,812,189.212,1000055.9394,0
1776800100000,5287.0,5291.2,5286.5,5291.2,155.101,1776800399999,820367.4979,773,108.126,571890.0553,0
1776800400000,5291.2,5291.2,5285.8,5287.9,2.837,1776800699999,15003.2705,527,0.008,42.3296,0
1776800700000,5287.9,5288.1,5286.6,5287.1,2.952,1776800999999,15608.4313,562,0,0,0
1776801000000,5287.1,5289.3,5287.1,5289.1,2.828,1776801299999,14954.4310,548,0,0,0
1776801300000,5289.1,5289.4,5288.3,5289.4,2.849,1776801599999,15068.4504,603,0.199,1052.5441,0
1776801600000,5288.3,5294.7,5288.3,5294.7,2.597,1776801899999,13747.0913,534,2.349,12435.2425,0
1776801900000,5294.7,5295.2,5289.0,5289.0,180.724,1776802199999,955965.0286,764,11.566,61191.7652,0
1776802200000,5289.0,5289.0,5284.5,5286.8,394.607,1776802499999,2086417.7274,911,1.160,6132.3330,0
1776802500000,5286.8,5286.9,5282.0,5286.5,2.992,1776802799999,15811.4244,591,0.174,919.9131,0
1776802800000,5286.5,5289.9,5286.1,5289.9,3.535,1776803099999,18693.0577,692,2.843,15034.4378,0
1776803100000,5289.9,5292.4,5289.5,5292.4,3.091,1776803399999,16353.2475,634,1.276,6751.3649,0
1776803400000,5292.4,5293.5,5291.5,5291.5,3.444,1776803699999,18227.3024,669,1.463,7743.4150,0
1776803700000,5291.5,5293.4,5289.8,5291.1,3.243,1776803999999,17160.1725,710,1.223,6471.9819,0
1776804000000,5291.1,5292.5,5291.0,5292.1,3.364,1776804299999,17801.9894,687,2.127,11256.1463,0
1776804300000,5292.1,5295.0,5292.1,5293.4,3.401,1776804599999,18002.5547,675,2.010,10639.1471,0
1776804600000,5293.4,5293.5,5290.2,5290.5,3.628,1776804899999,19197.7883,781,1.014,5364.7836,0
1776804900000,5290.5,5291.0,5290.1,5290.8,3.565,1776805199999,18860.8785,742,2.382,12602.4376,0
1776805200000,5290.8,5294.4,5290.1,5294.4,3.626,1776805499999,19191.9249,756,3.428,18143.6745,0
1776805500000,5294.4,5297.2,5290.1,5296.1,3.627,1776805799999,19206.5160,704,2.094,11088.6251,0
1776805800000,5296.1,5296.2,5282.0,5291.0,3.329,1776806099999,17622.6485,636,1.100,5823.3164,0
1776806100000,5291.0,5292.4,5291.0,5291.5,3.308,1776806399999,17505.3982,811,1.924,10181.5984,0
1776806400000,5291.5,5291.5,5290.1,5290.6,3.367,1776806699999,17812.4174,837,1.934,10231.6159,0
1776806700000,5290.6,5292.5,5288.9,5292.5,3.582,1776806999999,18950.6352,794,1.935,10238.2700,0
1776807000000,5292.5,5294.7,5282.0,5291.5,3.573,1776807299999,18910.1152,793,2.680,14184.2878,0
1776807300000,5291.5,5292.2,5291.0,5291.9,3.357,1776807599999,17764.0997,747,1.725,9128.6058,0
1776807600000,5291.9,5294.0,5290.0,5291.7,3.321,1776807899999,17575.4695,733,1.853,9806.7688,0
1776807900000,5291.7,5292.6,5290.2,5290.9,3.655,1776808199999,19339.2692,758,1.217,6439.8118,0
1776808200000,5290.9,5291.0,5290.0,5291.0,3.561,1776808499999,18840.6209,688,1.913,10121.5521,0
1776808500000,5291.0,5293.2,5291.0,5292.8,3.585,1776808799999,18972.5643,716,1.292,6837.1708,0
1776808800000,5292.8,5295.6,5292.4,5295.6,3.187,1776809099999,16870.4068,594,1.801,9534.5677,0
1776809100000,5295.6,5297.4,5282.0,5291.9,3.778,1776809399999,20003.1453,826,2.797,14811.2552,0
1776809400000,5291.9,5293.5,5282.0,5288.8,3.718,1776809699999,19668.6953,659,0.113,598.1582,0
1776809700000,5288.8,5290.9,5288.8,5290.9,3.519,1776809999999,18614.7693,655,0,0,0
1776810000000,5290.9,5291.6,5290.4,5291.2,3.334,1776810299999,17640.0587,632,0,0,0
1776810300000,5291.2,5293.5,5290.6,5292.5,3.503,1776810599999,18539.1057,637,0.411,2175.5978,0
1776810600000,5292.5,5294.9,5291.6,5294.7,3.37,1776810899999,17839.1057,712,2.573,13620.2868,0
1776810900000,5294.7,5295.7,5294.7,5295.7,3.477,1776811199999,18410.7048,791,1.708,9044.2360,0
1776811200000,5295.6,5295.6,5282.0,5294.3,3.548,1776811499999,18784.0261,764,1.549,8200.6207,0
1776811500000,5294.3,5296.0,5294.3,5296.0,3.612,1776811799999,19124.9179,780,3.612,19124.9179,0
1776811800000,5296.0,5297.8,5296.0,5297.7,3.688,1776812099999,19537.1600,813,2.928,15510.9080,0
1776812100000,5297.7,5297.8,5297.3,5297.8,3.177,1776812399999,16830.7800,623,1.657,8778.4153,0
1776812400000,5297.8,5299.6,5297.8,5297.9,3.585,1776812699999,18994.3427,735,2.063,10930.7191,0
1776812700000,5297.9,5299.5,5297.3,5298.1,3.437,1776812999999,18209.4345,736,0.765,4053.2709,0
1776813000000,5298.1,5300.0,5298.0,5299.6,3.5,1776813299999,18546.0665,645,0.953,5050.4443,0
1776813300000,5299.6,5299.8,5298.8,5299.8,3.689,1776813599999,19549.2238,674,2.159,11441.8732,0
1776813600000,5299.8,5300.7,5299.8,5300.7,3.265,1776813899999,17305.8402,762,3.263,17295.2390,0
1776813900000,5300.7,5301.5,5300.2,5301.5,3.298,1776814199999,17482.3534,812,3.228,17111.3233,0
1776814200000,5301.5,5301.9,5300.2,5300.2,3.302,1776814499999,17504.1392,671,1.591,8435.2564,0
1776814500000,5300.2,5303.7,5300.2,5302.6,3.309,1776814799999,17544.0707,687,1.628,8632.9813,0
1776814800000,5302.6,5306.6,5302.0,5306.5,3.361,1776815099999,17824.8695,674,2.348,12453.3008,0
1776815100000,5306.5,5311.7,5306.5,5311.7,3.343,1776815399999,17749.3787,690,3.324,17648.5552,0
1776815400000,5311.7,5315.6,5311.7,5314.8,3.558,1776815699999,18905.3165,700,2.504,13305.1577,0
1776815700000,5314.8,5315.3,5312.8,5312.8,23.099,1776815999999,122743.0590,736,0.659,3502.6072,0
1776816000000,5312.8,5316.2,5312.8,5316.2,211.337,1776816299999,1123106.4003,670,210.470,1118499.2912,0
1776816300000,5316.2,5318.7,5315.5,5315.5,146.838,1776816599999,780738.2404,784,145.050,771231.4608,0
1776816600000,5315.5,5315.5,5310.9,5315.5,3.471,1776816899999,18440.3826,681,0,0,0
1776816900000,5315.5,5316.5,5311.1,5311.1,3.461,1776817199999,18389.1193,702,0,0,0
1776817200000,5311.1,5313.3,5310.9,5313.3,3.427,1776817499999,18204.4689,641,0,0,0
1776817500000,5313.3,5313.3,5310.6,5310.6,3.511,1776817799999,18648.9068,701,0,0,0
1776817800000,5310.6,5314.6,5309.6,5314.6,3.386,1776818099999,17988.9441,617,0,0,0
1776818100000,5314.6,5315.2,5312.8,5314.9,3.291,1776818399999,17489.5175,594,0,0,0
1776818400000,5314.9,5316.2,5314.2,5314.4,3.244,1776818699999,17241.2169,604,0,0,0
1776818700000,5314.4,5316.0,5314.0,5315.2,3.199,1776818999999,17002.6111,585,0,0,0
1776819000000,5314.8,5318.7,5313.4,5317.3,3.185,1776819299999,16932.3741,612,0.051,271.2537,0
1776819300000,5317.6,5318.3,5316.9,5318.3,3.306,1776819599999,17580.2573,611,0,0,0
1776819600000,5318.3,5319.9,5316.1,5317.1,3.361,1776819899999,17873.4412,674,0.847,4505.3866,0
1776819900000,5317.1,5318.1,5315.7,5318.1,3.345,1776820199999,17783.5601,745,2.376,12632.0096,0
1776820200000,5318.1,5321.4,5309.6,5321.3,3.319,1776820499999,17657.4246,651,2.773,14752.9126,0
1776820500000,5321.3,5324.9,5317.4,5321.0,3.254,1776820799999,17318.3912,634,1.907,10150.3346,0
1776820800000,5321.0,5322.2,5319.2,5321.9,88.993,1776821099999,473550.6396,655,87.615,466219.4990,0
1776821100000,5321.9,5326.7,5321.9,5326.2,123.127,1776821399999,655413.9613,787,122.530,652234.9460,0
1776821400000,5326.2,5326.6,5325.2,5325.9,42.828,1776821699999,228112.1764,828,40.730,216938.5993,0
1776821700000,5325.9,5326.3,5324.3,5325.6,78.71,1776821999999,419127.3806,770,1.572,8371.9225,0
1776822000000,5325.4,5325.6,5323.4,5325.2,28.492,1776822299999,151694.6375,760,1.842,9808.4233,0
1776822300000,5325.2,5325.7,4950.0,5324.7,3638.766,1776822599999,19342650.0212,1117,1.729,9206.8414,0
1776822600000,5324.7,5324.7,5321.9,5321.9,90.135,1776822899999,479807.8989,819,0.919,4891.7212,0
1776822900000,5321.9,5321.9,5321.2,5321.8,100.684,1776823199999,535796.9493,791,1.430,7610.0592,0
1776823200000,5321.8,5322.1,5319.1,5319.2,3.382,1776823499999,17993.4682,705,0.873,4646.0159,0
1776823500000,5322.1,5322.1,5317.5,5317.5,3.337,1776823799999,17747.4347,691,0.015,79.8315,0
1776823800000,5317.5,5322.1,5313.2,5314.2,3.12,1776824099999,16582.7819,709,0.090,478.3951,0
1776824100000,5314.2,5322.1,5314.2,5316.9,2.978,1776824399999,15831.4167,603,0.062,329.6650,0
1776824400000,5316.9,5322.1,5316.6,5321.7,3.317,1776824699999,17640.9202,703,0.110,585.0134,0
1776824700000,5322.1,5324.2,5316.6,5316.9,3.38,1776824999999,17989.8984,723,1.029,5477.3413,0
1776825000000,5324.2,5324.2,5312.8,5312.8,3.46,1776825299999,18388.6263,693,0.068,361.5736,0
1776825300000,5313.4,5324.2,5308.0,5308.0,3.204,1776825599999,17013.0562,652,0.048,255.5400,0
1776825600000,5324.2,5324.2,5298.6,5298.7,3.248,1776825899999,17225.0886,701,0.020,106.4840,0
1776825900000,5298.7,5324.2,5298.5,5299.5,3.212,1776826199999,17025.3471,676,0.020,106.4840,0
1776826200000,5299.5,5324.2,5299.5,5304.0,68.735,1776826499999,364493.3736,756,66.527,352788.8984,0
1776826500000,5304.5,5308.6,5302.5,5308.6,458.554,1776826799999,2432513.3438,909,424.589,2252373.8372,0
1776826800000,5308.6,5309.5,5307.8,5308.3,40.75,1776827099999,216343.5806,740,37.832,200852.9395,0
1776827100000,5309.5,5309.5,5305.3,5307.7,3.406,1776827399999,18076.7784,718,0.054,286.6338,0
1776827400000,5307.7,5309.5,5303.3,5307.6,3.376,1776827699999,17910.8673,687,0.020,106.1882,0
1776827700000,5309.5,5310.1,5304.8,5310.1,66.847,1776827999999,354935.0597,694,65.065,345477.8650,0
1776828000000,5310.1,5313.0,5310.1,5313.0,75.443,1776828299999,400686.2131,804,75.104,398885.8652,0
1776828300000,5313.0,5315.3,5312.9,5315.3,87.394,1776828599999,464410.1021,849,77.335,410961.5718,0
1776828600000,5315.3,5325.4,5314.9,5323.6,377.158,1776828899999,2006137.2240,938,333.203,1772117.5450,0
1776828900000,5323.8,5325.5,5323.5,5325.3,157.968,1776829199999,841135.9479,771,142.578,759201.5237,0
1776829200000,5325.5,5328.0,5325.3,5328.0,80.748,1776829499999,430111.3408,695,80.143,426889.0674,0
1776829500000,5328.0,5328.0,5326.1,5326.1,486.761,1776829799999,2592798.9003,814,1.070,5700.8399,0
1776829800000,5326.2,5328.0,5325.7,5326.3,21.63,1776830099999,115201.9060,703,1.440,7671.3073,0
1776830100000,5326.3,5327.5,5325.3,5326.3,33.019,1776830399999,175869.9520,708,16.985,90476.7593,0
1776830400000,5326.2,5327.4,5325.0,5327.4,43.865,1776830699999,233617.4885,699,16.928,90174.9452,0
1776830700000,5327.4,5328.0,5327.2,5327.8,29.947,1776830999999,159545.9686,724,28.485,151756.8594,0
1776831000000,5327.8,5330.4,5326.9,5330.3,196.619,1776831299999,1047555.9121,845,123.590,658526.1453,0
1776831300000,5330.4,5332.7,5330.1,5332.7,36.777,1776831599999,196031.4510,739,3.141,16746.2747,0
1776831600000,5332.7,5333.0,5330.1,5331.9,3.588,1776831899999,19133.0593,726,1.440,7679.1357,0
1776831900000,5333.0,5333.1,5330.1,5332.9,3.469,1776832199999,18497.5431,725,1.647,8782.6418,0
1776832200000,5332.9,5335.9,5330.1,5334.3,3.609,1776832499999,19252.2050,721,2.658,14178.7194,0
1776832500000,5334.3,5339.1,5330.1,5339.0,3.385,1776832799999,18067.1090,746,2.162,11539.6909,0
1776832800000,5339.0,5339.0,5334.3,5334.5,19.041,1776833099999,101583.2575,733,1.218,6499.8016,0
1776833100000,5334.5,5338.0,5334.3,5337.3,135.842,1776833399999,724837.5244,813,134.468,717505.7536,0
1776833400000,5337.3,5337.3,5334.0,5334.0,117.282,1776833699999,625729.8005,791,0.955,5096.0925,0
1776833700000,5334.0,5335.6,5334.0,5334.1,32.115,1776833999999,171313.7402,739,8.191,43693.2582,0
1776834000000,5334.2,5334.6,5331.4,5331.4,270.068,1776834299999,1440280.8500,956,0.620,3306.9419,0
1776834300000,5331.4,5331.4,5326.1,5328.1,165.976,1776834599999,884473.2199,917,22.739,121146.1626,0
1776834600000,5328.1,5331.2,5327.6,5330.3,458.36,1776834899999,2442732.7870,970,456.673,2433742.7936,0
1776834900000,5331.2,5331.9,5320.8,5320.8,15.519,1776835199999,82731.8918,711,12.686,67637.9912,0
1776835200000,5331.9,5331.9,5318.7,5328.0,2.853,1776835499999,15187.0807,593,0.025,133.2975,0
1776835500000,5331.9,5334.9,5318.7,5334.0,3.447,1776835799999,18375.9599,614,1.300,6932.7344,0
1776835800000,5334.9,5334.9,5317.0,5320.9,3.141,1776836099999,16717.8668,655,0.051,271.6803,0
1776836100000,5334.9,5334.9,5310.8,5315.8,23.814,1776836399999,126512.2063,681,0.447,2375.5249,0
1776836400000,5334.9,5334.9,5311.5,5311.5,3.438,1776836699999,18276.8155,708,0.052,276.7459,0
1776836700000,5334.9,5334.9,5302.5,5302.5,23.51,1776836999999,124707.2566,708,0.026,138.6788,0
1776837000000,5306.3,5306.3,5292.3,5298.1,3.53,1776837299999,18702.1225,686,0.041,217.3580,0
1776837300000,5306.3,5306.3,5292.3,5301.6,3.446,1776837599999,18271.7416,707,0.048,254.6097,0
1776837600000,5301.6,5306.3,5292.3,5300.4,3.087,1776837899999,16369.2267,664,0.139,737.3060,0
1776837900000,5306.3,5306.3,5292.3,5298.0,3.45,1776838199999,18279.4133,716,0.064,339.2094,0
1776838200000,5306.3,5306.3,5292.3,5299.9,3.7,1776838499999,19606.1711,670,0.141,748.1555,0
1776838500000,5300.2,5306.3,5292.3,5300.5,3.373,1776838799999,17876.7438,693,0.069,365.7919,0
1776838800000,5306.3,5306.3,5292.3,5300.8,3.468,1776839099999,18385.7440,742,0.156,827.2473,0
1776839100000,5302.5,5306.3,5292.3,5298.4,3.307,1776839399999,17528.3292,664,0.046,243.9631,0
1776839400000,5306.3,5306.3,5292.3,5298.6,3.219,1776839699999,17054.8240,601,0.025,132.6575,0
1776839700000,5306.3,5306.3,5292.3,5300.0,3.105,1776839999999,16453.1362,593,0.025,132.6575,0
1776840000000,5306.3,5306.3,5292.3,5299.8,3.291,1776840299999,17437.4696,649,0.020,106.1260,0
1776840300000,5306.3,5306.3,5292.3,5301.1,3.478,1776840599999,18433.1774,798,0.151,800.5031,0
1776840600000,5306.3,5306.3,5292.3,5301.5,3.405,1776840899999,18052.0670,701,0.071,376.5265,0
1776840900000,5301.5,5306.3,5292.3,5303.3,3.567,1776841199999,18913.3589,781,0.152,806.0275,0
1776841200000,5303.3,5306.3,5292.3,5300.3,5.357,1776841499999,28382.8456,703,0.110,583.2255,0
1776841500000,5306.3,5306.3,5292.3,5302.2,3.44,1776841799999,18235.4088,705,0.067,355.3499,0
1776841800000,5302.2,5306.3,5292.3,5303.4,3.423,1776842099999,18141.6220,692,0.051,270.4399,0
1776842100000,5306.3,5334.9,5292.3,5303.8,5.411,1776842399999,28739.9252,699,2.057,10950.4750,0
1776842400000,5334.9,5334.9,5292.3,5303.1,3.999,1776842699999,21212.4393,694,2.599,13787.1914,0
1776842700000,5305.4,5305.4,5292.3,5304.9,3.467,1776842999999,18384.0660,717,0.082,434.9316,0
1776843000000,5305.0,5305.4,5292.3,5301.0,3.552,1776843299999,18833.2934,730,0.080,424.2765,0
1776843300000,5305.4,5305.4,5292.3,5300.8,3.543,1776843599999,18783.5803,715,0.084,445.4484,0
1776843600000,5305.4,5305.4,5292.3,5304.3,3.514,1776843899999,18635.7163,716,0.116,615.2169,0
1776843900000,5305.4,5310.6,5292.3,5308.5,3.471,1776844199999,18424.7742,709,2.112,11210.3931,0
1776844200000,5308.5,5313.4,5292.3,5313.3,3.463,1776844499999,18392.5190,762,2.428,12896.7115,0
1776844500000,5313.3,5315.5,5313.1,5314.7,3.115,1776844799999,16554.1129,668,2.340,12436.1473,0
1776844800000,5292.3,5316.3,5292.3,5314.3,56.512,1776845099999,300374.4120,646,54.357,288923.3445,0
1776845100000,5314.3,5314.7,5312.5,5314.0,3.383,1776845399999,17976.0399,621,0,0,0
1776845400000,5314.0,5321.0,5313.8,5321.0,3.55,1776845699999,18880.2250,700,2.364,12575.0919,0
1776845700000,5321.0,5322.9,5321.0,5322.1,3.405,1776845999999,18121.6720,685,2.109,11224.1111,0
1776846000000,5322.1,5325.0,5322.1,5325.0,3.467,1776846299999,18456.7167,754,3.443,18328.9863,0
1776846300000,5325.0,5327.0,5325.0,5327.0,3.316,1776846599999,17661.8833,644,3.217,17134.5341,0
1776846600000,5327.0,5330.2,5326.7,5330.2,3.652,1776846899999,19459.4312,788,3.632,19352.8562,0
1776846900000,5330.3,5330.4,5292.3,5329.4,3.653,1776847199999,19464.3856,651,0.198,1055.4171,0
1776847200000,5329.4,5331.6,5292.3,5330.4,3.787,1776847499999,20185.4990,657,2.853,15208.3318,0
1776847500000,5330.4,5330.7,5330.0,5330.7,3.399,1776847799999,18118.3624,727,2.175,11594.0547,0
1776847800000,5330.7,5330.7,5328.4,5328.5,209.474,1776848099999,1116412.5438,802,1.128,6011.9763,0
1776848100000,5328.5,5328.5,5326.5,5326.5,132.233,1776848399999,704421.2835,767,5.141,27388.1314,0
1776848400000,5326.5,5327.0,5321.8,5322.5,253.403,1776848699999,1349294.0985,942,0.782,4162.9531,0
1776848700000,5322.5,5323.8,5320.5,5320.5,157.893,1776848999999,840207.7514,989,18.918,100686.9141,0
1776849000000,5320.5,5320.5,5318.1,5318.1,158.729,1776849299999,844398.5651,888,30.995,164856.7278,0
1776849300000,5318.1,5319.0,5316.6,5317.0,4.24,1776849599999,22546.5153,612,0.934,4967.9460,0
1776849600000,5317.0,5320.1,5317.0,5320.1,47.373,1776849899999,252008.5759,853,46.807,248998.4705,0
1776849900000,5320.1,5320.9,5318.4,5318.4,13.122,1776850199999,69813.9692,921,10.536,56058.8752,0
1776850200000,5320.9,5320.9,5315.1,5315.1,3.62,1776850499999,19246.8741,777,0.036,191.5218,0
1776850500000,5315.1,5320.9,5315.1,5315.1,4.274,1776850799999,22718.2259,673,0.005,26.6045,0
1776850800000,5315.1,5320.9,5314.4,5314.4,3.796,1776851099999,20178.6785,741,0.005,26.6045,0
1776851100000,5320.9,5320.9,5314.1,5315.6,3.602,1776851399999,19143.8319,712,0.010,53.2090,0
1776851400000,5320.9,5320.9,5314.6,5316.7,3.39,1776851699999,18020.0439,628,0.015,79.8135,0
1776851700000,5316.7,5320.9,5315.8,5315.8,3.223,1776851999999,17134.9702,683,0.010,53.2090,0
1776852000000,5315.8,5320.9,5314.6,5314.7,3.225,1776852299999,17140.6651,738,0.061,324.3187,0
1776852300000,5320.9,5320.9,5314.6,5316.6,3.12,1776852599999,16583.2857,712,0.159,845.1301,0
1776852600000,5320.9,5320.9,5315.4,5316.0,3.426,1776852899999,18213.2959,712,0.010,53.2090,0
1776852900000,5320.9,5320.9,5315.4,5315.5,3.47,1776853199999,18447.7059,661,0.005,26.6045,0
1776853200000,5315.5,5315.5,5314.5,5314.5,3.366,1776853499999,17891.4963,637,0,0,0
1776853500000,5314.5,5320.9,5314.2,5316.2,3.572,1776853799999,18986.0523,714,0.193,1025.9541,0
1776853800000,5316.2,5320.9,5315.5,5316.9,3.327,1776854099999,17688.0573,684,0.058,308.4120,0
1776854100000,5316.9,5318.9,5316.0,5318.9,3.118,1776854399999,16579.3815,603,0,0,0
1776854400000,5318.9,5320.0,5318.5,5320.0,3.056,1776854699999,16255.5970,572,0,0,0
1776854700000,5320.9,5320.9,5318.9,5319.8,3.099,1776854999999,16484.8961,618,0.065,345.7597,0
1776855000000,5319.8,5320.2,5319.8,5319.9,3.232,1776855299999,17193.8322,589,0,0,0
1776855300000,5319.9,5322.9,5319.9,5322.9,193.372,1776855599999,1029000.0808,852,191.851,1020908.3169,0
1776855600000,5322.9,5329.9,5322.9,5329.9,190.149,1776855899999,1012780.2877,782,189.791,1010873.9978,0
1776855900000,5329.8,5330.0,5329.8,5330.0,9.15,1776856199999,48768.6913,580,8.106,43204.3015,0
1776856200000,5330.0,5330.3,5325.3,5327.1,123.661,1776856499999,659122.4771,795,121.243,646238.6358,0
1776856500000,5330.3,5330.3,5325.3,5328.5,3.351,1776856799999,17853.5767,625,0.025,133.2575,0
1776856800000,5330.3,5330.3,5325.2,5330.2,3.356,1776857099999,17885.5896,687,0.400,2131.9244,0
1776857100000,5330.3,5336.8,5325.2,5336.8,3.221,1776857399999,17177.6616,656,2.359,12583.2750,0
1776857400000,5336.8,5338.9,5325.2,5337.9,2.885,1776857699999,15399.6061,609,2.271,12122.4027,0
1776857700000,5338.2,5338.2,5325.2,5335.6,2.954,1776857999999,15763.7740,644,0.761,4061.3029,0
1776858000000,5335.6,5335.6,5325.2,5332.9,2.777,1776858299999,14809.4533,625,1.992,10622.7337,0
1776858300000,5332.9,5335.4,5325.2,5331.9,2.742,1776858599999,14624.9737,652,1.877,10012.4285,0
1776858600000,5331.9,5334.1,5325.2,5331.1,2.212,1776858899999,11793.9754,443,0.628,3349.4097,0
1776858900000,5334.1,5334.2,5325.2,5330.8,3.099,1776859199999,16518.2722,693,0.118,629.0398,0
1776859200000,5330.6,5334.2,5325.2,5327.4,3.143,1776859499999,16751.5202,625,0.063,335.9372,0
1776859500000,5334.2,5334.2,5325.2,5327.4,3.195,1776859799999,17023.0121,653,0.140,746.4012,0
1776859800000,5327.4,5334.2,5325.2,5331.1,3.457,1776860099999,18425.5813,653,0.059,314.5966,0
1776860100000,5331.2,5334.3,5325.2,5327.7,3.43,1776860399999,18288.1768,655,0.681,3631.7350,0
1776860400000,5328.0,5328.7,5325.2,5327.2,3.479,1776860699999,18534.5073,831,1.306,6958.2072,0
1776860700000,5327.2,5327.8,5324.3,5325.0,3.296,1776860999999,17553.9986,651,0.576,3068.6061,0
1776861000000,5327.8,5327.8,5320.3,5320.3,3.433,1776861299999,18270.8326,695,0.029,154.4322,0
1776861300000,5327.8,5327.8,5320.2,5321.8,3.246,1776861599999,17272.3963,712,0.020,106.5560,0
1776861600000,5327.8,5327.8,5320.0,5320.0,5.36,1776861899999,28517.5893,637,0.015,79.9170,0
1776861900000,5327.8,5327.8,5315.4,5315.4,3.157,1776862199999,16786.7238,746,0.020,106.5560,0
1776862200000,5315.4,5327.8,5312.1,5312.6,3.427,1776862499999,18208.7516,712,0.045,239.2930,0
1776862500000,5312.7,5327.8,5311.4,5311.4,3.376,1776862799999,17936.3840,742,0.192,1020.3583,0
1776862800000,5311.4,5327.8,5310.7,5310.8,3.417,1776863099999,18149.0224,661,0.027,143.7309,0
1776863100000,5310.8,5327.8,5310.1,5311.5,3.225,1776863399999,17128.1480,681,0.031,164.8847,0
1776863400000,5327.8,5327.8,5310.1,5312.3,3.362,1776863699999,17855.7485,705,0.138,733.2133,0
1776863700000,5312.3,5327.8,5310.0,5310.0,2.944,1776863999999,15640.1981,569,0.025,133.1795,0
1776864000000,5311.8,5327.8,5310.0,5310.8,2.967,1776864299999,15757.5573,591,0.020,106.5560,0
1776864300000,5327.8,5327.8,5308.0,5308.2,3.158,1776864599999,16768.7600,654,0.025,133.1950,0
1776864600000,5327.8,5327.8,5308.0,5312.4,2.928,1776864899999,15548.5269,582,0.133,708.0608,0
1776864900000,5312.4,5327.8,5308.0,5309.4,3.324,1776865199999,17652.5633,714,0.072,382.6537,0
1776865200000,5309.4,5311.2,5304.6,5304.6,3.503,1776865499999,18593.3151,660,0.875,4646.2860,0
1776865500000,5311.2,5311.2,5303.5,5305.1,3.409,1776865799999,18082.9013,682,0.028,148.6896,0
1776865800000,5311.2,5311.5,5305.1,5311.3,3.352,1776866099999,17793.0033,655,0.167,886.9940,0
1776866100000,5311.5,5311.5,5310.7,5311.0,8.297,1776866399999,44065.4120,695,3.280,17420.0825,0
1776866400000,5311.0,5311.0,5310.7,5311.0,3.403,1776866699999,18073.3285,645,3.388,17993.6680,0
1776866700000,5311.0,5311.0,5310.7,5311.0,3.193,1776866999999,16958.0170,587,3.173,16851.8030,0
1776867000000,5311.0,5311.0,5310.7,5311.0,2.849,1776867299999,15131.0360,526,2.839,15077.9290,0
1776867300000,5311.0,5311.0,5310.7,5311.0,3.058,1776867599999,16241.0305,581,3.033,16108.2630,0
1776867600000,5311.0,5332.4,5310.7,5332.4,493.19,1776867899999,2626518.2840,876,492.072,2620570.6772,0
1776867900000,5332.4,5335.4,5332.4,5333.7,141.709,1776868199999,755856.9770,640,81.419,434267.3160,0
1776868200000,5333.8,5337.9,5333.8,5336.3,132.708,1776868499999,708143.1378,631,131.348,700886.5431,0
1776868500000,5336.3,5345.3,5336.1,5345.3,224.561,1776868799999,1199680.9995,594,224.050,1196953.9340,0
1776868800000,5345.3,5356.4,5345.3,5356.4,227.645,1776869099999,1218175.9187,610,227.070,1215096.6034,0
1776869100000,5356.4,5357.0,5352.7,5352.7,8.555,1776869399999,45824.0890,473,7.068,37860.6952,0
1776869400000,5357.0,5360.1,5352.2,5358.1,2.705,1776869699999,14488.7059,518,0.745,3991.7674,0
1776869700000,5358.1,5362.1,5352.2,5362.1,2.826,1776869999999,15147.0902,535,1.305,6996.0038,0
1776870000000,5362.1,5373.7,5352.2,5370.6,45.769,1776870299999,245907.1831,552,45.112,242379.6265,0
1776870300000,5370.6,5373.7,5352.2,5368.5,2.848,1776870599999,15288.8885,551,0.054,290.1394,0
1776870600000,5373.7,5373.7,5352.2,5372.3,2.656,1776870899999,14262.4976,521,0.041,220.2976,0
1776870900000,5372.7,5376.0,5352.2,5374.0,25.647,1776871199999,137843.3534,708,23.631,127013.3227,0
1776871200000,5376.0,5376.3,5352.2,5376.3,2.792,1776871499999,15006.3494,591,0.490,2634.3161,0
1776871500000,5376.3,5381.1,5352.2,5381.1,50.438,1776871799999,271200.3061,629,44.640,240137.1899,0
1776871800000,5381.1,5384.4,5352.2,5383.3,10.164,1776872099999,54720.7342,500,8.558,46075.6498,0
1776872100000,5384.4,5384.4,5374.5,5375.3,2.585,1776872399999,13906.3963,588,0.062,333.8328,0
1776872400000,5384.4,5384.4,5372.1,5372.1,2.302,1776872699999,12370.9748,576,0.025,134.6100,0
1776872700000,5384.4,5384.4,5369.6,5373.9,2.238,1776872999999,12023.3014,453,0.065,349.5369,0
1776873000000,5375.0,5378.8,5374.5,5376.1,2.292,1776873299999,12322.9703,431,0,0,0
1776873300000,5376.1,5384.5,5376.0,5383.9,1.904,1776873599999,10242.5377,354,0.114,613.7793,0
1776873600000,5384.0,5386.6,5369.6,5383.5,2.613,1776873899999,14063.7044,509,0.559,3010.1897,0
1776873900000,5383.9,5383.9,5369.6,5380.1,1.498,1776874199999,8060.1973,325,0.548,2948.5076,0
1776874200000,5380.1,5385.1,5369.6,5380.9,3.282,1776874499999,17662.5430,632,1.308,7040.3383,0
1776874500000,5385.1,5385.3,5369.6,5384.5,3.484,1776874799999,18749.8944,684,0.095,511.5421,0
1776874800000,5384.5,5385.7,5369.6,5383.0,3.237,1776875099999,17428.2864,680,0.715,3850.6049,0
1776875100000,5385.7,5385.7,5369.6,5381.2,3.375,1776875399999,18164.2134,718,0.104,559.8731,0
1776875400000,5385.7,5385.7,5369.6,5381.5,3.331,1776875699999,17926.1707,667,0.058,312.2292,0
1776875700000,5385.7,5387.2,5369.6,5385.2,3.427,1776875999999,18451.6093,677,1.081,5822.9350,0
1776876000000,5387.2,5387.2,5369.6,5382.4,3.517,1776876299999,18935.4082,675,0.052,280.0549,0
1776876300000,5387.2,5387.2,5369.6,5380.8,3.367,1776876599999,18117.7224,633,0.025,134.6800,0
1776876600000,5387.2,5387.2,5369.6,5380.0,3.233,1776876899999,17392.9304,729,0.161,866.3217,0
1776876900000,5380.0,5387.2,5369.6,5379.8,3.378,1776877199999,18173.3887,722,0.100,538.1397,0
1776877200000,5379.8,5387.2,5369.6,5380.0,2.954,1776877499999,15891.7263,649,0.073,392.8552,0
1776877500000,5380.0,5387.2,5369.6,5379.6,3.061,1776877799999,16467.7451,637,0.086,462.8301,0
1776877800000,5379.6,5387.2,5369.6,5379.8,2.954,1776878099999,15892.1726,568,0.047,252.9937,0
1776878100000,5379.9,5387.2,5369.6,5379.8,2.634,1776878399999,14170.7196,500,0.025,134.6727,0
1776878400000,5387.2,5387.2,5369.6,5379.4,2.233,1776878699999,12012.4846,436,0.025,134.6800,0
1776878700000,5387.2,5387.2,5369.6,5378.2,2.432,1776878999999,13079.8922,504,0.060,322.9205,0
1776879000000,5378.2,5387.2,5369.6,5378.9,1.69,1776879299999,9090.3008,399,0.146,785.5613,0
1776879300000,5379.0,5387.2,5369.6,5373.4,2.841,1776879599999,15272.0339,543,0.025,134.6718,0
1776879600000,5387.2,5387.2,5369.6,5373.3,2.698,1776879899999,14493.8501,541,0.077,413.9840,0
1776879900000,5387.2,5387.2,5369.6,5373.5,2.839,1776880199999,15254.1732,560,0.025,134.6800,0
1776880200000,5387.2,5387.2,5369.6,5373.1,2.584,1776880499999,13882.1412,547,0.123,661.6578,0
1776880500000,5373.1,5387.2,5369.6,5373.2,2.613,1776880799999,14039.1092,517,0.025,134.6659,0
1776880800000,5373.2,5387.2,5368.3,5369.4,2.487,1776881099999,13355.8337,518,0.016,86.1952,0
1776881100000,5387.2,5387.2,5368.4,5369.7,2.839,1776881399999,15243.2216,665,0.005,26.9360,0
1776881400000,5369.7,5387.2,5366.2,5366.2,2.4,1776881699999,12885.5877,553,0.015,80.8080,0
1776881700000,5387.2,5387.2,5366.2,5367.0,2.556,1776881999999,13718.3234,554,0.111,595.9657,0
1776882000000,5367.0,5368.7,5367.0,5367.8,52.329,1776882299999,280916.3241,700,41.538,222989.4458,0
1776882300000,5367.8,5368.4,5366.1,5366.3,294.165,1776882599999,1578877.9930,770,2.367,12704.6130,0
1776882600000,5366.3,5369.8,5366.1,5367.5,271.109,1776882899999,1455154.7226,914,261.578,1404005.8936,0
1776882900000,5367.5,5369.8,5367.5,5367.7,3.644,1776883199999,19560.5990,688,0.151,810.5332,0
1776883200000,5367.6,5369.8,5365.3,5367.9,8.276,1776883499999,44421.1429,832,2.844,15271.0420,0
1776883500000,5369.8,5370.1,5367.8,5368.9,7.328,1776883799999,39347.8472,716,4.415,23708.1418,0
1776883800000,5370.1,5372.2,5368.5,5372.2,3.129,1776884099999,16802.1275,734,1.513,8125.8608,0
1776884100000,5372.2,5375.4,5368.5,5375.3,3.261,1776884399999,17521.6298,720,2.486,13358.2029,0
1776884400000,5375.3,5376.6,5368.5,5373.4,3.293,1776884699999,17699.1070,662,0.642,3451.1368,0
1776884700000,5373.5,5376.6,5368.5,5371.7,3.585,1776884999999,19260.8648,698,0.066,354.6894,0
1776885000000,5376.6,5376.6,5368.5,5375.2,3.456,1776885299999,18574.2607,724,0.111,596.6708,0
1776885300000,5376.6,5378.7,5368.5,5373.5,3.378,1776885599999,18160.3810,789,1.325,7125.1991,0
1776885600000,5373.4,5374.3,5371.4,5371.9,3.198,1776885899999,17182.9440,665,1.195,6421.2105,0
1776885900000,5371.9,5376.0,5368.5,5376.0,3.135,1776886199999,16847.7679,749,2.443,13128.6635,0
1776886200000,5376.0,5379.9,5368.5,5379.9,2.987,1776886499999,16063.6842,608,2.405,12934.2717,0
1776886500000,5379.9,5380.0,5368.5,5379.9,3.216,1776886799999,17298.7913,635,1.207,6493.3212,0
1776886800000,5379.9,5379.9,5368.5,5379.9,3.332,1776887099999,17923.1990,777,1.238,6660.0103,0
1776887100000,5379.9,5379.9,5368.5,5378.9,3.148,1776887399999,16933.7838,644,1.097,5901.6413,0
1776887400000,5379.7,5379.9,5368.5,5378.6,3.188,1776887699999,17149.9321,623,1.901,10227.0344,0
1776887700000,5379.9,5379.9,5368.5,5378.1,2.976,1776887999999,16008.6316,587,1.377,7407.8834,0
1776888000000,5378.7,5380.0,5368.5,5378.4,2.729,1776888299999,14680.8409,604,1.212,6520.3556,0
1776888300000,5378.8,5379.4,5368.5,5376.9,3.279,1776888599999,17632.8747,645,1.253,6738.4764,0
1776888600000,5376.9,5376.9,5368.5,5375.9,3.12,1776888899999,16773.7109,586,1.369,7360.4604,0
1776888900000,5375.9,5376.1,5368.5,5375.0,3.464,1776889199999,18621.3319,685,2.028,10902.3209,0
1776889200000,5375.0,5375.4,5371.7,5371.7,3.321,1776889499999,17843.0232,725,1.076,5780.7707,0
1776889500000,5371.7,5371.7,5365.7,5365.7,306.564,1776889799999,1645532.8457,998,0.542,2910.1295,0
1776889800000,5365.7,5366.0,5361.0,5361.0,142.414,1776890099999,763907.9164,888,0.531,2848.7746,0
1776890100000,5361.0,5361.7,5356.1,5356.6,260.536,1776890399999,1396140.2401,997,0.914,4898.8395,0
1776890400000,5356.9,5356.9,5353.5,5354.4,71.438,1776890699999,382569.4109,726,0.530,2838.2361,0
1776890700000,5354.4,5356.0,5353.4,5354.6,64.591,1776890999999,345866.0952,701,43.516,233033.0078,0
1776891000000,5354.6,5355.0,5353.2,5353.2,59.026,1776891299999,316014.2877,709,19.474,104278.9891,0
1776891300000,5353.6,5355.6,5352.8,5355.1,74.796,1776891599999,400492.4009,786,61.649,330115.6839,0
1776891600000,5355.1,5356.5,5353.0,5356.5,147.298,1776891899999,788896.8067,799,144.391,773331.1797,0
1776891900000,5356.5,5358.0,5356.0,5357.5,33.919,1776892199999,181716.8639,756,27.999,150002.8571,0
1776892200000,5357.5,5358.2,5356.2,5357.0,89.704,1776892499999,480546.2915,738,25.162,134813.8798,0
1776892500000,5357.0,5360.3,5357.0,5357.5,115.83,1776892799999,620637.8668,767,113.065,605822.8754,0
1776892800000,5357.8,5360.4,5352.4,5352.4,3.937,1776893099999,21086.5708,793,0.254,1361.5256,0
1776893100000,5352.4,5360.4,5349.8,5351.0,3.602,1776893399999,19275.1722,735,0.025,134.0027,0
1776893400000,5360.4,5360.4,5349.8,5356.1,4.392,1776893699999,23514.0577,656,0.992,5317.3409,0
1776893700000,5356.1,5356.7,5349.8,5355.0,3.432,1776893999999,18381.7078,630,0,0,0
1776894000000,5355.0,5356.4,5353.3,5354.6,3.593,1776894299999,19240.2097,643,0,0,0
1776894300000,5354.6,5360.4,5352.7,5357.7,3.564,1776894599999,19091.6098,650,0.013,69.6852,0
1776894600000,5357.7,5358.4,5353.3,5356.9,3.565,1776894899999,19093.7224,652,0,0,0
1776894900000,5356.9,5360.4,5356.0,5357.8,3.555,1776895199999,19047.1894,660,0.177,948.7908,0
1776895200000,5357.8,5360.9,5356.2,5358.3,3.477,1776895499999,18630.6423,751,0.411,2203.0058,0
1776895500000,5358.1,5360.1,5358.1,5359.8,3.498,1776895799999,18747.4717,643,0,0,0
1776895800000,5359.8,5360.9,5357.7,5359.6,14.586,1776896099999,78188.2767,696,11.303,60594.2527,0
1776896100000,5359.7,5360.2,5358.4,5359.1,3.341,1776896399999,17904.9226,627,0,0,0
1776896400000,5359.1,5359.1,5356.9,5358.0,3.631,1776896699999,19454.4709,686,0,0,0
1776896700000,5358.0,5358.9,5356.1,5357.1,3.322,1776896999999,17797.2313,655,0,0,0
1776897000000,5357.2,5359.4,5357.2,5357.7,2.806,1776897299999,15034.8121,539,0,0,0
1776897300000,5357.7,5360.0,5357.7,5359.7,3.279,1776897599999,17571.7822,657,0,0,0
1776897600000,5359.7,5361.0,5359.3,5359.3,126.961,1776897899999,680500.6874,700,0.603,3232.6681,0
1776897900000,5359.3,5361.9,5359.0,5361.9,13.964,1776898199999,74839.0803,622,2.202,11803.6887,0
1776898200000,5361.9,5368.3,5361.6,5368.3,2.852,1776898499999,15298.8086,719,2.299,12333.8427,0
1776898500000,5368.3,5369.9,5359.0,5369.6,2.589,1776898799999,13899.9089,478,2.247,12064.1209,0
1776898800000,5369.6,5373.0,5359.0,5372.9,2.269,1776899099999,12186.7738,472,2.070,11118.0665,0
1776899100000,5373.0,5373.4,5359.0,5372.1,2.567,1776899399999,13792.3370,524,1.611,8656.2288,0
1776899400000,5372.1,5373.5,5371.3,5373.5,2.78,1776899699999,14935.9843,554,2.331,12524.0704,0
1776899700000,5373.5,5373.6,5358.6,5373.6,297.87,1776899999999,1596257.5509,669,2.052,11026.5642,0
1776900000000,5373.6,5376.9,5373.5,5375.7,2.751,1776900299999,14785.4710,574,2.466,13253.9399,0
1776900300000,5375.7,5380.0,5373.5,5380.0,2.256,1776900599999,12133.5973,452,2.101,11300.3781,0
1776900600000,5380.0,5380.0,5373.5,5380.0,3.371,1776900899999,18135.5982,581,3.009,16188.4200,0
1776900900000,5380.0,5380.0,5373.5,5380.0,3.469,1776901199999,18661.9064,590,2.655,14283.8874,0
1776901200000,5380.0,5380.0,5373.5,5380.0,3.495,1776901499999,18802.8139,780,3.100,16677.9162,0
1776901500000,5380.0,5385.6,5373.5,5385.6,3.881,1776901799999,20891.0245,861,3.645,19620.7839,0
1776901800000,5385.6,5389.1,5373.5,5387.9,3.439,1776902099999,18526.6137,719,2.582,13910.3742,0
1776902100000,5388.1,5391.9,5373.5,5391.9,3.329,1776902399999,17939.4935,670,2.448,13193.6115,0
1776902400000,5391.9,5398.9,5373.5,5398.9,128.193,1776902699999,691848.8966,679,127.916,690354.3038,0
1776902700000,5398.9,5400.0,5373.5,5399.1,5.837,1776902999999,31496.8842,635,3.749,20243.5149,0
1776903000000,5399.2,5399.9,5395.4,5395.5,106.074,1776903299999,572564.0756,669,0.726,3919.7747,0
1776903300000,5395.9,5398.7,5395.3,5398.7,20.006,1776903599999,107977.8358,450,19.094,103055.9651,0
1776903600000,5398.7,5399.9,5397.9,5399.8,36.315,1776903899999,196047.5673,488,21.649,116880.5543,0
1776903900000,5399.8,5405.6,5399.3,5405.6,213.125,1776904199999,1151317.6889,788,212.517,1148034.6344,0
1776904200000,5405.6,5408.7,5404.7,5407.0,92.493,1776904499999,500080.5815,490,91.009,492057.5292,0
1776904500000,5407.0,5408.7,5404.1,5404.1,2.826,1776904799999,15278.2974,688,0.341,1844.0449,0
1776904800000,5408.7,5408.8,5403.0,5403.0,2.792,1776905099999,15085.6962,574,0.015,81.1319,0
1776905100000,5408.8,5408.8,5402.0,5402.0,2.719,1776905399999,14691.3371,610,0.250,1351.0262,0
1776905400000,5408.8,5408.8,5399.5,5399.6,2.82,1776905699999,15230.1926,662,0.025,135.2200,0
1776905700000,5399.6,5400.0,5399.4,5399.4,2.64,1776905999999,14255.4066,502,0,0,0
1776906000000,5399.4,5408.8,5397.4,5400.0,3.014,1776906299999,16272.8704,567,0.015,81.1320,0
1776906300000,5400.0,5408.8,5399.9,5405.8,2.63,1776906599999,14211.6901,543,0.053,286.5339,0
1776906600000,5405.8,5408.8,5402.8,5402.8,2.976,1776906899999,16085.1978,576,0.016,86.5378,0
1776906900000,5408.8,5408.8,5402.1,5402.2,2.301,1776907199999,12431.3701,458,0.268,1447.9216,0
1776907200000,5402.2,5404.6,5402.0,5404.6,125.947,1776907499999,680515.1984,848,125.468,677927.4562,0
1776907500000,5404.6,5404.8,5402.7,5404.2,17.19,1776907799999,92905.0300,548,15.351,82967.6731,0
1776907800000,5404.2,5404.3,5404.1,5404.2,3.899,1776908099999,21071.0344,549,0.872,4712.5496,0
1776908100000,5404.3,5404.3,5404.1,5404.1,3.411,1776908399999,18433.5614,436,0.253,1367.2731,0
1776908400000,5404.1,5404.3,5402.3,5402.3,104.97,1776908699999,567178.8309,692,0.944,5101.6442,0
1776908700000,5402.4,5402.4,5401.1,5401.2,32.727,1776908999999,176783.8082,612,0.668,3608.7021,0
1776909000000,5401.5,5401.5,5400.7,5400.8,22.464,1776909299999,121327.2996,479,1.246,6729.9126,0
1776909300000,5400.8,5400.8,5400.7,5400.7,2.804,1776909599999,15143.7720,609,2.092,11298.4736,0
1776909600000,5400.7,5402.7,5400.7,5402.1,158.297,1776909899999,855037.7075,961,157.759,852131.7693,0
1776909900000,5402.7,5402.7,5401.6,5402.3,3.64,1776910199999,19663.4219,789,0.064,345.7413,0
1776910200000,5402.7,5402.8,5402.3,5402.5,27.929,1776910499999,150889.4574,800,1.975,10670.4322,0
1776910500000,5402.6,5402.7,5400.5,5401.1,331.582,1776910799999,1791175.8239,912,0.979,5287.8190,0
1776910800000,5401.2,5401.2,5400.5,5401.2,13.328,1776911099999,71981.7225,655,11.922,64388.0622,0
1776911100000,5401.2,5402.7,5401.0,5402.7,240.155,1776911399999,1297237.5943,926,240.092,1296897.2977,0
1776911400000,5402.7,5402.8,5402.6,5402.8,3.307,1776911699999,17866.8938,611,1.817,9816.8769,0
1776911700000,5402.8,5402.8,5398.4,5399.3,851.691,1776911999999,4600481.2988,887,1.852,10003.6060,0
1776912000000,5399.3,5399.3,5397.0,5399.1,148.286,1776912299999,800399.7966,719,1.637,8837.0920,0
1776912300000,5399.1,5399.4,5396.2,5396.2,3.224,1776912599999,17402.4227,710,1.279,6904.8541,0
1776912600000,5398.3,5398.6,5396.2,5398.6,3.035,1776912899999,16383.1381,584,1.705,9204.6001,0
1776912900000,5398.5,5398.6,5396.6,5397.2,325.234,1776913199999,1755533.9694,738,1.559,8414.6989,0
1776913200000,5397.2,5404.0,5397.2,5404.0,134.553,1776913499999,726545.9930,704,134.227,724784.3858,0
1776913500000,5404.0,5404.0,5402.9,5403.5,75.542,1776913799999,408177.0407,906,8.798,47537.1196,0
1776913800000,5403.6,5403.9,5401.5,5403.5,172.198,1776914099999,930372.4316,941,23.980,129567.0179,0
1776914100000,5403.9,5403.9,5401.5,5402.0,254.654,1776914399999,1375884.8417,837,1.255,6780.9006,0
1776914400000,5402.0,5404.2,5401.9,5404.2,66.577,1776914699999,359712.0913,837,66.456,359058.3516,0
1776914700000,5404.2,5405.0,5402.0,5402.0,57.407,1776914999999,310197.9650,750,19.397,104830.4797,0
1776915000000,5402.1,5402.8,5402.0,5402.1,82.868,1776915299999,447682.3785,709,80.236,433464.0881,0
1776915300000,5402.6,5403.8,5402.0,5403.1,197.016,1776915599999,1064470.4725,888,195.642,1057047.6594,0
1776915600000,5403.8,5403.8,5402.0,5402.4,3.425,1776915899999,18503.8014,658,0.015,81.0570,0
1776915900000,5403.8,5403.8,5402.0,5402.1,3.352,1776916199999,18109.6681,649,0.025,135.0950,0
1776916200000,5403.8,5403.8,5402.0,5403.2,3.203,1776916499999,17304.2060,679,0.060,324.1653,0
1776916500000,5403.2,5404.8,5403.0,5403.0,3.173,1776916799999,17146.0748,633,1.520,8214.6495,0
1776916800000,5403.0,5405.7,5403.0,5405.7,3.469,1776917099999,18748.4452,728,2.290,12377.0145,0
1776917100000,5405.7,5405.8,5402.9,5405.7,4.228,1776917399999,22853.3773,768,2.003,10827.8010,0
1776917400000,5405.8,5406.0,5402.9,5406.0,3.377,1776917699999,18254.9752,907,1.223,6611.2601,0
1776917700000,5406.0,5410.1,5402.9,5409.2,3.672,1776917999999,19860.0572,821,3.089,16707.0375,0
1776918000000,5409.2,5410.1,5402.9,5407.0,3.191,1776918299999,17258.3090,638,0.110,594.9651,0
1776918300000,5407.6,5410.8,5402.9,5410.8,3.947,1776918599999,21344.2309,779,0.729,3943.8019,0
1776918600000,5410.8,5411.0,5402.9,5411.0,3.435,1776918899999,18582.1852,720,2.361,12772.6420,0
1776918900000,5411.0,5414.4,5402.9,5414.4,3.345,1776919199999,18107.2323,698,3.084,16694.7898,0
1776919200000,5414.4,5416.2,5402.9,5415.7,3.339,1776919499999,18080.5371,854,3.031,16412.9203,0
1776919500000,5415.7,5416.9,5402.9,5416.9,3.677,1776919799999,19910.8507,776,2.816,15249.5603,0
1776919800000,5416.9,5418.8,5402.9,5417.5,4.39,1776920099999,23782.5755,769,2.775,15034.6844,0
1776920100000,5418.8,5419.0,5402.9,5417.3,3.506,1776920399999,18996.0799,729,0.812,4399.8844,0
1776920400000,5417.3,5417.3,5402.9,5415.8,3.431,1776920699999,18582.4161,667,1.007,5453.9766,0
1776920700000,5416.9,5416.9,5402.9,5414.9,3.359,1776920999999,18187.0828,626,0.005,27.0845,0
1776921000000,5416.9,5416.9,5402.9,5415.7,3.457,1776921299999,18721.7732,658,0.025,135.4225,0
1776921300000,5416.9,5416.9,5402.9,5415.8,3.189,1776921599999,17269.9493,725,0.137,741.9397,0
1776921600000,5416.9,5416.9,5402.9,5416.2,3.088,1776921899999,16725.1182,667,0.064,346.6582,0
1776921900000,5416.3,5417.1,5402.9,5416.8,3.468,1776922199999,18784.6558,710,0.837,4534.0418,0
1776922200000,5417.0,5418.7,5415.2,5418.4,3.339,1776922499999,18088.6227,643,2.513,13613.7392,0
1776922500000,5418.4,5420.5,5402.9,5420.0,3.572,1776922799999,19358.1602,729,2.552,13830.6586,0
1776922800000,5420.3,5420.3,5402.9,5418.5,3.166,1776923099999,17154.7914,651,1.495,8100.5606,0
1776923100000,5418.5,5419.5,5402.9,5418.7,3.292,1776923399999,17836.9043,705,1.432,7759.4298,0
1776923400000,5419.5,5420.4,5402.9,5416.3,3.354,1776923699999,18175.9565,686,1.035,5609.5947,0
1776923700000,5416.5,5421.9,5402.9,5421.9,3.447,1776923999999,18682.4075,776,2.815,15257.9321,0
1776924000000,5421.9,5421.9,5402.9,5420.8,3.333,1776924299999,18065.0904,682,0.444,2407.2598,0
1776924300000,5421.2,5425.5,5402.9,5424.5,3.332,1776924599999,18068.5394,709,2.185,11850.1684,0
1776924600000,5424.5,5426.3,5402.9,5426.3,24.699,1776924899999,133993.5290,832,23.635,128222.2653,0
1776924900000,5426.3,5426.8,5425.3,5425.3,8.902,1776925199999,48299.4583,719,2.222,12057.4937,0
1776925200000,5424.3,5425.5,5402.9,5423.4,68.021,1776925499999,369006.5069,749,65.563,355698.8028,0
1776925500000,5423.4,5423.9,5402.9,5419.5,3.441,1776925799999,18655.9950,685,0.909,4929.3549,0
1776925800000,5419.6,5419.8,5402.9,5419.5,3.437,1776926099999,18627.0032,944,1.414,7663.4078,0
1776926100000,5419.6,5422.0,5402.9,5420.9,3.443,1776926399999,18663.7561,728,1.836,9951.9385,0
1776926400000,5420.9,5421.2,5418.4,5418.4,3.16,1776926699999,17124.9492,949,0.155,840.1543,0
1776926700000,5418.4,5419.0,5418.0,5419.0,3.375,1776926999999,18287.5884,716,1.247,6757.0158,0
1776927000000,5419.0,5420.3,5417.4,5417.4,3.429,1776927299999,18581.3883,746,1.185,6422.1747,0
1776927300000,5417.4,5417.9,5416.9,5417.8,3.4,1776927599999,18419.2104,775,0,0,0
1776927600000,5417.8,5420.4,5417.8,5420.4,3.623,1776927899999,19633.5708,634,1.060,5745.5741,0
1776927900000,5420.4,5421.0,5420.4,5420.9,3.219,1776928199999,17449.3845,651,2.343,12700.7782,0
1776928200000,5420.9,5421.0,5419.2,5419.7,3.286,1776928499999,17810.5350,698,1.585,8590.7008,0
1776928500000,5419.7,5421.7,5419.7,5421.3,3.245,1776928799999,17590.7490,735,1.564,8477.8359,0
1776928800000,5421.3,5424.2,5421.3,5424.2,3.329,1776929099999,18051.3237,726,2.916,15812.3268,0
1776929100000,5424.2,5427.5,5424.2,5427.2,11.069,1776929399999,60046.9134,716,2.481,13461.7555,0
1776929400000,5427.3,5427.3,5422.8,5422.9,3.439,1776929699999,18657.0621,640,0,0,0
1776929700000,5422.9,5427.6,5422.8,5422.8,3.537,1776929999999,19184.1271,609,0.111,602.4589,0
1776930000000,5422.8,5423.1,5419.3,5419.3,3.316,1776930299999,17977.7482,740,0,0,0
1776930300000,5419.3,5420.2,5417.9,5419.4,3.334,1776930599999,18067.3354,652,0,0,0
1776930600000,5419.4,5427.6,5419.0,5425.9,3.312,1776930899999,17959.0133,590,0.009,48.8484,0
1776930900000,5425.9,5426.0,5424.0,5424.7,3.268,1776931199999,17729.7767,600,0,0,0
1776931200000,5424.7,5425.8,5417.9,5425.1,2.956,1776931499999,16035.8537,582,0.166,900.5552,0
1776931500000,5425.1,5432.5,5423.9,5431.7,3.066,1776931799999,16640.4928,707,0.929,5043.9817,0
1776931800000,5431.7,5433.4,5427.4,5427.7,2.863,1776932099999,15548.5245,568,0.594,3226.9460,0
1776932100000,5427.7,5427.9,5425.6,5426.0,2.902,1776932399999,15748.3335,538,0,0,0
1776932400000,5426.0,5428.0,5425.2,5428.0,2.866,1776932699999,15551.3650,541,0,0,0
1776932700000,5427.1,5433.5,5422.4,5422.4,2.849,1776932999999,15464.5594,518,0.110,597.6816,0
1776933000000,5422.4,5422.4,5416.2,5416.3,2.436,1776933299999,13200.2141,472,0,0,0
1776933300000,5416.3,5416.7,5414.0,5415.7,2.523,1776933599999,13663.3678,560,0,0,0
1776933600000,5415.7,5416.9,5415.7,5416.0,2.397,1776933899999,12982.3921,458,0,0,0
1776933900000,5416.0,5416.9,5416.0,5416.1,2.261,1776934199999,12245.9914,587,0,0,0
1776934200000,5416.1,5433.5,5415.6,5415.9,2.955,1776934499999,16004.4357,694,0.001,5.4335,0
1776934500000,5415.9,5416.2,5415.9,5416.1,2.969,1776934799999,16080.1317,549,0,0,0
1776934800000,5416.1,5417.9,5415.6,5417.9,2.94,1776935099999,15923.5076,549,0,0,0
1776935100000,5417.9,5427.3,5416.7,5424.1,2.929,1776935399999,15871.3850,552,0,0,0
1776935400000,5424.1,5433.5,5415.6,5425.6,3.234,1776935699999,17538.7035,628,0.275,1491.6249,0
1776935700000,5425.6,5425.6,5410.2,5414.1,2.931,1776935999999,15868.8238,588,0,0,0
1776936000000,5414.1,5433.5,5412.8,5413.0,3.071,1776936299999,16629.0090,568,0.018,97.8030,0
1776936300000,5413.0,5417.9,5410.1,5415.1,3.351,1776936599999,18150.9530,605,0,0,0
1776936600000,5415.1,5423.0,5415.0,5422.6,3.114,1776936899999,16879.5614,580,0,0,0
1776936900000,5422.6,5433.5,5410.1,5424.7,3.349,1776937199999,18161.8428,777,0.478,2592.3952,0
1776937200000,5433.5,5433.5,5410.1,5425.7,3.222,1776937499999,17480.1301,653,0.059,320.2849,0
1776937500000,5433.5,5433.5,5410.1,5410.2,3.169,1776937799999,17199.4772,611,0.179,969.8471,0
1776937800000,5410.2,5431.2,5410.1,5429.7,3.156,1776938099999,17130.5561,671,1.402,7607.3355,0
1776938100000,5431.2,5431.2,5410.1,5428.9,3.139,1776938399999,17042.8203,601,0.030,162.9360,0
1776938400000,5429.6,5431.2,5410.1,5429.8,3.507,1776938699999,19042.0224,722,0.085,461.5939,0
1776938700000,5430.7,5431.2,5410.1,5421.5,3.273,1776938999999,17751.8646,600,0.020,108.6216,0
1776939000000,5431.2,5431.2,5410.1,5417.1,3.189,1776939299999,17281.5077,594,0.025,135.7800,0
1776939300000,5431.2,5431.2,5410.1,5421.6,3.34,1776939599999,18103.7646,670,0.061,330.9295,0
1776939600000,5431.2,5431.2,5410.1,5422.3,3.489,1776939899999,18918.0813,650,0.025,135.7800,0
1776939900000,5431.2,5431.2,5410.1,5425.7,3.475,1776940199999,18848.1921,675,0.052,282.2068,0
1776940200000,5431.2,5431.2,5410.1,5427.0,3.547,1776940499999,19247.5031,708,0.124,672.9827,0
1776940500000,5431.2,5431.2,5410.1,5428.2,3.454,1776940799999,18751.3787,709,0.077,418.0134,0
1776940800000,5430.4,5431.2,5410.1,5428.6,3.226,1776941099999,17509.4333,673,0.073,396.2821,0
1776941100000,5431.2,5431.2,5410.1,5429.6,3.572,1776941399999,19392.6565,680,1.314,7134.0104,0
1776941400000,5429.6,5429.8,5410.1,5429.6,3.501,1776941699999,19008.8148,706,1.544,8383.4836,0
1776941700000,5429.6,5430.2,5410.1,5430.1,3.458,1776941999999,18774.3462,667,1.953,10604.5212,0
1776942000000,5430.1,5430.8,5410.1,5430.7,3.571,1776942299999,19391.7738,858,1.989,10801.0864,0
1776942300000,5430.8,5430.8,5410.1,5430.8,3.583,1776942599999,19454.7151,625,1.232,6690.7456,0
1776942600000,5430.8,5430.8,5410.1,5426.3,3.343,1776942899999,18147.3220,737,0.905,4912.8575,0
1776942900000,5426.4,5426.8,5410.1,5426.8,3.253,1776943199999,17649.8440,650,1.978,10733.3468,0
1776943200000,5426.8,5426.8,5410.0,5426.7,12.399,1776943499999,67171.9638,657,4.266,23150.7288,0
1776943500000,5426.8,5426.8,5410.0,5421.9,8.058,1776943799999,43726.8159,672,6.051,32837.5638,0
1776943800000,5422.6,5422.8,5410.0,5419.1,3.067,1776944099999,16625.2056,711,1.363,7389.3816,0
1776944100000,5419.5,5421.0,5410.0,5421.0,3.425,1776944399999,18562.4126,681,0.798,4325.5499,0
1776944400000,5421.0,5421.3,5410.0,5419.5,4.043,1776944699999,21913.9900,697,2.995,16234.6541,0
1776944700000,5419.5,5420.9,5410.0,5420.5,3.426,1776944999999,18570.0088,682,2.204,11946.7198,0
1776945000000,5420.6,5420.6,5410.0,5417.8,4.084,1776945299999,22125.4818,653,0.382,2070.4687,0
1776945300000,5417.9,5422.3,5410.0,5422.3,3.528,1776945599999,19122.8978,724,3.337,18087.7270,0
1776945600000,5422.3,5423.7,5410.0,5423.7,3.445,1776945899999,18682.5653,665,1.936,10498.8550,0
1776945900000,5423.7,5423.9,5410.0,5421.9,3.432,1776946199999,18610.3847,743,1.748,9479.6924,0
1776946200000,5421.9,5422.0,5410.0,5417.2,3.313,1776946499999,17954.8029,763,1.032,5594.0986,0
1776946500000,5417.2,5417.3,5410.0,5417.2,7.467,1776946799999,40417.6565,767,1.711,9266.9237,0
1776946800000,5417.2,5419.1,5410.0,5417.3,3.239,1776947099999,17546.6729,702,2.134,11561.2070,0
1776947100000,5417.3,5421.2,5410.0,5421.2,3.178,1776947399999,17219.4281,619,1.832,9926.6957,0
1776947400000,5421.2,5422.7,5410.0,5420.1,3.274,1776947699999,17746.3702,678,1.860,10082.5709,0
1776947700000,5420.1,5423.3,5410.0,5423.3,3.47,1776947999999,18810.9590,718,3.199,17342.2728,0
1776948000000,5423.3,5424.3,5410.0,5422.2,7.917,1776948299999,42939.6871,724,6.616,35884.5759,0
1776948300000,5424.3,5424.3,5410.0,5423.2,3.403,1776948599999,18452.6732,704,0.096,520.6374,0
1776948600000,5423.2,5424.3,5410.0,5420.0,3.496,1776948899999,18952.3319,695,0.087,471.6530,0
1776948900000,5420.1,5424.3,5410.0,5421.7,3.172,1776949199999,17196.6364,593,0.049,265.6553,0
1776949200000,5421.7,5424.3,5410.0,5419.2,3.263,1776949499999,17688.2537,637,0.020,108.4860,0
1776949500000,5424.3,5424.3,5410.0,5418.3,3.37,1776949799999,18261.2615,639,0.025,135.6075,0
1776949800000,5424.3,5424.3,5410.0,5416.5,3.44,1776950099999,18636.3960,653,0.025,135.6075,0
1776950100000,5424.3,5424.3,5410.0,5418.1,3.493,1776950399999,18922.3101,676,0.032,173.5342,0
1776950400000,5418.1,5424.3,5410.0,5418.9,3.348,1776950699999,18141.2571,696,0.100,541.9744,0
1776950700000,5424.3,5424.3,5410.0,5416.0,3.423,1776950999999,18546.0617,674,0.057,308.9890,0
1776951000000,5424.3,5424.3,5410.0,5415.0,3.068,1776951299999,16616.0615,626,0.053,287.2216,0
1776951300000,5415.0,5424.3,5410.0,5414.9,2.661,1776951599999,14410.5371,546,0.044,238.4857,0
1776951600000,5424.3,5424.3,5410.0,5414.8,4.268,1776951899999,23105.5935,668,0.095,514.6173,0
1776951900000,5424.3,5424.3,5410.0,5414.8,2.774,1776952199999,15021.0879,539,0.031,168.0931,0
1776952200000,5414.8,5424.3,5410.0,5412.1,3.352,1776952499999,18159.6350,421,1.181,6405.9993,0
1776952500000,5424.3,5424.3,5410.0,5412.0,2.927,1776952799999,15841.7623,575,0.057,308.7865,0
1776952800000,5412.0,5424.3,5409.2,5409.2,2.178,1776953099999,11784.6534,404,0.020,108.4860,0
1776953100000,5424.3,5424.3,5409.1,5410.8,2.923,1776953399999,15814.9199,554,0.015,81.3645,0
1776953400000,5424.3,5424.3,5407.3,5407.3,2.421,1776953699999,13097.3731,481,0.020,108.4860,0
1776953700000,5407.3,5424.3,5405.2,5406.3,2.573,1776953999999,13911.1685,583,0.025,135.6075,0
1776954000000,5424.3,5424.3,5404.6,5405.2,2.274,1776954299999,12291.6755,437,0.015,81.3645,0
1776954300000,5405.2,5424.3,5405.2,5411.4,2.706,1776954599999,14637.3616,573,0.010,54.2430,0
1776954600000,5424.3,5424.3,5409.7,5409.7,2.734,1776954899999,14794.2207,605,0.020,108.4860,0
1776954900000,5409.7,5424.3,5409.7,5411.4,2.427,1776955199999,13133.2073,483,0.010,54.2430,0
1776955200000,5424.3,5424.3,5407.7,5408.1,2.754,1776955499999,14895.7949,642,0.020,108.4860,0
1776955500000,5408.1,5424.3,5407.7,5407.7,2.542,1776955799999,13749.0394,520,0.015,81.3645,0
1776955800000,5424.3,5424.3,5406.8,5411.4,3.036,1776956099999,16420.0533,637,0.041,221.9964,0
1776956100000,5411.4,5424.3,5411.4,5416.0,2.565,1776956399999,13891.5999,515,0.047,254.6795,0
1776956400000,5416.0,5424.3,5415.5,5418.5,2.539,1776956699999,13755.3888,470,0.010,54.2430,0
1776956700000,5418.5,5424.3,5418.5,5419.2,2.516,1776956999999,13637.0902,487,0.005,27.1215,0
1776957000000,5419.2,5424.3,5418.7,5421.6,2.577,1776957299999,13971.1605,554,0.036,195.2046,0
1776957300000,5421.6,5426.5,5421.3,5424.2,146.249,1776957599999,793424.4658,584,144.496,783917.8112,0
1776957600000,5424.2,5431.5,5424.2,5431.5,229.178,1776957899999,1244207.6232,723,228.176,1238771.0307,0
1776957900000,5431.5,5436.6,5427.7,5436.6,163.962,1776958199999,891088.9811,606,162.949,885588.5142,0
1776958200000,5436.6,5440.0,5436.6,5438.9,49.762,1776958499999,270629.6789,507,49.006,266517.8822,0
1776958500000,5438.9,5440.4,5438.5,5439.7,44.195,1776958799999,240387.7507,562,10.556,57425.1328,0
1776958800000,5439.7,5440.4,5438.3,5440.4,30.734,1776959099999,167168.7245,348,22.865,124371.4695,0
1776959100000,5440.4,5440.4,5433.8,5433.9,347.827,1776959399999,1891235.2784,910,21.079,114678.1701,0
1776959400000,5434.4,5437.6,5433.8,5437.6,265.237,1776959699999,1441625.0510,788,264.076,1435314.7392,0
1776959700000,5437.6,5444.4,5437.6,5443.5,210.459,1776959999999,1145093.7920,885,210.041,1142818.5741,0
1776960000000,5444.4,5444.8,5442.0,5443.9,66.707,1776960299999,363121.5021,668,10.169,55365.5073,0
1776960300000,5443.9,5446.8,5443.2,5446.8,376.195,1776960599999,2048497.0640,879,374.782,2040804.8527,0
1776960600000,5445.3,5446.8,5444.7,5446.1,51.98,1776960899999,283036.2069,717,13.695,74573.3770,0
1776960900000,5446.0,5446.8,5444.9,5446.0,143.596,1776961199999,782012.2302,692,142.175,774274.6992,0
1776961200000,5446.1,5446.7,5444.9,5446.0,104.572,1776961499999,569475.4370,698,102.495,558165.2880,0
1776961500000,5446.7,5446.7,5444.9,5446.7,111.07,1776961799999,604914.7130,660,108.949,593365.0451,0
1776961800000,5446.7,5446.7,5442.6,5442.9,543.109,1776962099999,2956869.5886,838,1.273,6931.2615,0
1776962100000,5443.9,5445.0,5440.9,5440.9,156.391,1776962399999,851082.5861,785,1.244,6772.2812,0
1776962400000,5444.2,5445.2,5440.8,5442.3,302.216,1776962699999,1645270.5335,740,299.899,1632660.8494,0
1776962700000,5442.3,5445.2,5440.8,5443.6,406.734,1776962999999,2213910.6911,705,404.585,2202216.0462,0
1776963000000,5443.6,5445.2,5440.8,5443.4,504.952,1776963299999,2748688.2588,682,474.782,2584526.1336,0
1776963300000,5445.1,5445.2,5437.9,5437.9,558.072,1776963599999,3036421.8716,897,148.625,808995.3875,0
1776963600000,5441.6,5445.2,5435.4,5438.0,238.562,1776963899999,1297090.6513,746,62.511,339921.5853,0
1776963900000,5438.0,5439.5,5435.4,5436.1,580.379,1776964199999,3156072.9494,720,544.173,2959229.9573,0
1776964200000,5436.1,5439.5,5069.4,5069.4,8900.526,1776964499999,45748153.8987,1757,110.263,599432.4491,0
1776964500000,5069.4,5073.7,5067.9,5068.1,23802.733,1776964799999,120668734.7455,2716,7541.074,38228893.4935,0
1776964800000,5068.1,5439.5,5066.9,5433.2,16773.135,1776965099999,85272931.0601,2110,5094.379,25917286.7636,0
1776965100000,5435.4,5439.5,5428.6,5430.1,118.429,1776965399999,643267.6162,665,74.626,405461.4437,0
1776965400000,5432.0,5432.6,5428.6,5428.6,52.288,1776965699999,283979.3971,668,24.346,132247.4683,0
1776965700000,5432.0,5432.0,5067.4,5067.4,17064.642,1776965999999,86637430.0249,2040,2210.304,11204948.8884,0
1776966000000,5067.4,5069.7,5064.8,5068.2,36902.824,1776966299999,186990072.2342,2922,15285.580,77453361.0065,0
1776966300000,5068.2,5072.8,5067.0,5072.6,42860.357,1776966599999,217250311.0046,2887,21309.241,108039625.4526,0
1776966600000,5072.6,5077.7,5072.6,5074.0,42723.728,1776966899999,216869089.5220,2963,23076.388,117129431.2521,0
1776966900000,5074.0,5076.0,5072.5,5073.8,41407.808,1776967199999,210087462.5042,2782,17819.145,90408034.9471,0
1776967200000,5073.8,5076.3,5073.7,5074.9,51065.167,1776967499999,259153626.6613,3391,18950.013,96171371.1487,0
1776967500000,5074.9,5077.1,5074.5,5075.1,49399.68,1776967799999,250734431.8161,3235,19629.656,99634306.4474,0
1776967800000,5075.1,5077.7,5073.5,5073.9,51567.109,1776968099999,261742012.5960,3027,24226.870,122975256.0948,0
1776968100000,5073.9,5074.0,5070.1,5070.4,38323.951,1776968399999,194386963.2154,2946,5894.933,29902079.3063,0
1776968400000,5070.4,5074.4,5070.3,5073.3,43487.872,1776968699999,220597825.1328,2516,28822.764,146202772.6142,0
1776968700000,5073.3,5075.7,5073.1,5075.7,45329.705,1776968999999,230030273.8027,2956,29257.104,148471181.0561,0
1776969000000,5075.7,5078.7,5075.5,5078.0,51070.063,1776969299999,259319117.9503,3369,28714.017,145801302.4482,0
1776969300000,5078.0,5079.9,5077.9,5078.8,51707.14,1776969599999,262622040.0616,3406,29066.011,147625368.3816,0
1776969600000,5078.8,5079.7,5077.9,5078.6,50980.735,1776969899999,258913750.2533,3302,21256.750,107958140.7010,0
1776969900000,5078.6,5079.0,5077.3,5077.4,48890.731,1776970199999,248282217.6039,3261,17881.049,90807320.8499,0
1776970200000,5077.4,5077.4,5074.8,5075.6,54618.091,1776970499999,277261858.3461,3412,18715.367,95001495.0308,0
1776970500000,5075.6,5076.5,5074.3,5076.4,56293.071,1776970799999,285682086.0973,3463,21211.395,107647624.7186,0
1776970800000,5076.4,5078.6,5076.1,5078.1,55618.462,1776971099999,282388067.6166,3208,26699.255,135556052.2862,0
1776971100000,5078.1,5078.2,5074.1,5074.1,53865.837,1776971399999,273478498.6687,3601,8879.184,45087503.3988,0
1776971400000,5074.1,5442.5,5073.5,5441.5,33670.208,1776971699999,171142686.1274,2390,14974.085,76268387.8477,0
1776971700000,5441.5,5442.5,5441.5,5441.5,3.839,1776971999999,20890.5707,606,0.630,3428.7336,0
1776972000000,5441.5,5442.5,5441.5,5441.5,3.597,1776972299999,19573.0935,600,0.018,97.9650,0
1776972300000,5441.5,5442.5,5441.5,5441.5,4.013,1776972599999,21837.2935,633,0.554,3015.1450,0
1776972600000,5441.5,5442.5,5441.5,5441.5,3.848,1776972899999,20939.5990,608,0.707,3847.8475,0
1776972900000,5441.5,5442.5,5441.5,5441.5,3.517,1776973199999,19137.7875,632,0.032,174.1600,0
1776973200000,5441.5,5441.5,5432.9,5433.0,74.7,1776973499999,406033.3268,864,1.286,6986.8380,0
1776973500000,5433.0,5433.0,5429.4,5429.4,3.07,1776973799999,16676.5831,703,0.985,5351.2408,0
1776973800000,5432.1,5432.1,5428.5,5431.9,4.86,1776974099999,26389.2178,802,0.894,4856.1727,0
1776974100000,5431.9,5432.1,5426.4,5432.1,3.509,1776974399999,19052.7258,830,0.965,5241.9141,0
1776974400000,5430.0,5432.1,5426.2,5432.1,2.977,1776974699999,16162.9851,762,0.770,4182.7170,0
1776974700000,5426.4,5433.0,5422.5,5432.1,7.926,1776974999999,43045.2513,793,5.434,29522.0694,0
1776975000000,5428.8,5432.1,5422.5,5423.5,7.997,1776975299999,43374.9258,758,0.718,3899.1061,0
1776975300000,5423.5,5429.7,5421.2,5421.2,3.268,1776975599999,17723.7391,777,0.789,4281.0951,0
1776975600000,5423.5,5423.5,5420.7,5422.0,3.41,1776975899999,18489.1632,889,1.048,5683.8280,0
1776975900000,5422.0,5424.1,5420.9,5422.5,3.331,1776976199999,18062.1639,855,1.044,5662.1592,0
1776976200000,5422.5,5423.6,5421.9,5423.5,3.191,1776976499999,17305.1495,672,0.686,3720.5134,0
1776976500000,5423.5,5425.0,5421.9,5421.9,47.519,1776976799999,257693.3205,772,19.774,107248.1946,0
1776976800000,5423.2,5424.2,5418.8,5418.8,28.661,1776977099999,155439.2445,694,24.896,135028.2187,0
1776977100000,5418.8,5424.2,5412.9,5413.0,3.28,1776977399999,17763.8433,678,0.097,525.9450,0
1776977400000,5413.0,5424.2,5412.0,5412.0,3.433,1776977699999,18582.3078,849,0.031,168.1502,0
1776977700000,5412.0,5412.7,5411.9,5411.9,3.428,1776977999999,18553.9829,633,0,0,0
1776978000000,5411.9,5424.2,5409.9,5410.0,3.574,1776978299999,19340.6061,911,0.425,2300.1911,0
1776978300000,5410.0,5411.7,5400.0,5400.0,2540.796,1776978599999,13725842.3975,1029,1749.094,9445109.8698,0
1776978600000,5400.0,5400.0,5400.0,5400.0,4.589,1776978899999,24780.6000,635,4.589,24780.6000,0
1776978900000,5400.0,5400.0,5400.0,5400.0,3.576,1776979199999,19310.4000,645,3.576,19310.4000,0
1776979200000,5400.0,5400.0,5400.0,5400.0,3.504,1776979499999,18921.6000,632,3.504,18921.6000,0
1776979500000,5400.0,5400.0,5400.0,5400.0,3.561,1776979799999,19229.4000,623,3.561,19229.4000,0
1776979800000,5400.0,5400.0,5400.0,5400.0,3.295,1776980099999,17793.0000,605,3.295,17793.0000,0
1776980100000,5400.0,5400.0,5400.0,5400.0,3.546,1776980399999,19148.4000,638,3.546,19148.4000,0
1776980400000,5400.0,5400.0,5400.0,5400.0,3.543,1776980699999,19132.2000,639,3.543,19132.2000,0
1776980700000,5400.0,5400.0,5400.0,5400.0,3.523,1776980999999,19024.2000,647,3.523,19024.2000,0
1776981000000,5400.0,5400.0,5399.9,5400.0,3.571,1776981299999,19283.3828,634,3.399,18354.6000,0
1776981300000,5400.0,5400.0,5399.8,5400.0,3.413,1776981599999,18430.1853,607,3.328,17971.2000,0
1776981600000,5400.0,5400.0,5400.0,5400.0,3.292,1776981899999,17776.8000,591,3.292,17776.8000,0
1776981900000,5400.0,5400.0,5400.0,5400.0,3.42,1776982199999,18468.0000,620,3.420,18468.0000,0
1776982200000,5400.0,5400.0,5400.0,5400.0,3.579,1776982499999,19326.6000,658,3.579,19326.6000,0
1776982500000,5400.0,5400.0,5400.0,5400.0,3.412,1776982799999,18424.8000,632,3.412,18424.8000,0
1776982800000,5400.0,5400.0,5399.8,5400.0,3.634,1776983099999,19623.5974,651,3.621,19553.4000,0
1776983100000,5400.0,5400.0,5400.0,5400.0,3.194,1776983399999,17247.6000,592,3.194,17247.6000,0
1776983400000,5400.0,5400.0,5399.8,5400.0,3.025,1776983699999,16334.9992,549,3.021,16313.4000,0
1776983700000,5400.0,5400.0,5400.0,5400.0,3.714,1776983999999,20055.6000,655,3.714,20055.6000,0
1776984000000,5400.0,5400.0,5399.8,5400.0,4.522,1776984299999,24418.6926,646,3.985,21519.0000,0
1776984300000,5400.0,5400.0,5400.0,5400.0,3.474,1776984599999,18759.6000,634,3.474,18759.6000,0
1776984600000,5400.0,5400.0,5400.0,5400.0,3.514,1776984899999,18975.6000,628,3.514,18975.6000,0
1776984900000,5400.0,5400.0,5399.8,5400.0,3.432,1776985199999,18532.7928,642,3.396,18338.4000,0
1776985200000,5400.0,5400.0,5400.0,5400.0,3.547,1776985499999,19153.8000,638,3.547,19153.8000,0
1776985500000,5400.0,5400.0,5400.0,5400.0,3.498,1776985799999,18889.2000,635,3.498,18889.2000,0
1776985800000,5400.0,5400.0,5399.8,5400.0,5.304,1776986099999,28641.2298,623,3.453,18646.2000,0
1776986100000,5400.0,5400.0,5400.0,5400.0,3.568,1776986399999,19267.2000,639,3.568,19267.2000,0
1776986400000,5400.0,5400.0,5400.0,5400.0,2.998,1776986699999,16189.2000,552,2.998,16189.2000,0
1776986700000,5400.0,5400.0,5400.0,5400.0,3.06,1776986999999,16524.0000,573,3.060,16524.0000,0
1776987000000,5400.0,5400.0,5400.0,5400.0,5.885,1776987299999,31779.0000,644,5.885,31779.0000,0
1776987300000,5400.0,5400.0,5400.0,5400.0,3.036,1776987599999,16394.4000,558,3.036,16394.4000,0
1776987600000,5400.0,5400.0,5400.0,5400.0,2.699,1776987899999,14574.6000,489,2.699,14574.6000,0
1776987900000,5400.0,5400.0,5400.0,5400.0,5.306,1776988199999,28652.4000,623,5.306,28652.4000,0
1776988200000,5400.0,5400.0,5400.0,5400.0,3.41,1776988499999,18414.0000,629,3.410,18414.0000,0
1776988500000,5400.0,5400.0,5400.0,5400.0,3.57,1776988799999,19278.0000,641,3.570,19278.0000,0
1776988800000,5399.8,5400.0,5399.8,5400.0,3.275,1776989099999,17684.9988,593,3.269,17652.6000,0
1776989100000,5400.0,5400.0,5399.8,5400.0,3.518,1776989399999,18997.1850,627,3.443,18592.2000,0
1776989400000,5400.0,5400.0,5400.0,5400.0,3.543,1776989699999,19132.2000,616,3.543,19132.2000,0
1776989700000,5400.0,5400.0,5399.8,5400.0,3.386,1776989999999,18284.3962,612,3.367,18181.8000,0
1776990000000,5400.0,5400.0,5399.8,5400.0,3.294,1776990299999,17787.5992,609,3.290,17766.0000,0
1776990300000,5400.0,5400.0,5400.0,5400.0,3.514,1776990599999,18975.6000,633,3.514,18975.6000,0
1776990600000,5400.0,5427.0,5400.0,5427.0,12465.751,1776990899999,67316605.2817,720,12465.312,67314225.9456,0
1776990900000,5427.0,5427.4,5399.8,5420.6,15.82,1776991199999,85843.7834,787,13.732,74522.8336,0
1776991200000,5420.6,5426.5,5399.8,5424.4,3.258,1776991499999,17661.6725,744,1.602,8687.4232,0
1776991500000,5424.5,5427.4,5399.8,5425.5,22.255,1776991799999,120722.4070,683,20.754,112584.8818,0
1776991800000,5425.5,5426.2,5424.2,5425.7,3.312,1776992099999,17967.6602,797,1.443,7829.0024,0
1776992100000,5424.2,5426.1,5424.2,5426.1,3.533,1776992399999,19167.2924,828,2.404,13043.1622,0
1776992400000,5426.1,5427.8,5424.2,5424.5,3.554,1776992699999,19285.1075,785,2.320,12590.7030,0
1776992700000,5424.2,5428.6,5424.2,5427.8,3.064,1776992999999,16626.8856,750,1.878,10193.1832,0
1776993000000,5428.3,5428.8,5424.2,5427.8,3.332,1776993299999,18081.3733,819,1.075,5834.3493,0
1776993300000,5424.2,5429.1,5424.2,5429.0,3.472,1776993599999,18846.5227,772,1.625,8821.4595,0
1776993600000,5428.8,5429.6,5427.8,5428.8,3.34,1776993899999,18131.7091,873,1.783,9679.9897,0
1776993900000,5427.8,5430.8,5427.8,5427.8,3.457,1776994199999,18767.3647,839,1.699,9224.4994,0
1776994200000,5427.8,5431.3,5427.8,5427.8,3.757,1776994499999,20399.7170,655,2.271,12333.1714,0
1776994500000,5431.1,5431.1,5427.8,5430.9,3.19,1776994799999,17321.5412,936,1.982,10763.7453,0
1776994800000,5430.9,5431.3,5399.8,5431.3,3.565,1776995099999,19357.6972,750,3.102,16846.9946,0
1776995100000,5431.3,5431.4,5430.8,5431.3,3.43,1776995399999,18628.9996,709,2.063,11204.7893,0
1776995400000,5430.8,5432.7,5430.8,5431.9,3.383,1776995699999,18375.2132,787,1.691,9185.2073,0
1776995700000,5431.4,5432.9,5431.4,5431.4,3.413,1776995999999,18539.4090,768,1.544,8387.6729,0
1776996000000,5432.9,5433.9,5431.3,5433.9,3.183,1776996299999,17291.8674,644,2.044,11105.2899,0
1776996300000,5433.9,5434.0,5431.4,5433.9,3.197,1776996599999,17371.3345,606,1.632,8868.1172,0
1776996600000,5434.0,5435.8,5433.3,5435.8,3.046,1776996899999,16551.9610,705,2.089,11352.1430,0
1776996900000,5433.3,5438.1,5433.3,5436.0,3.288,1776997199999,17870.6879,736,1.333,7246.7890,0
1776997200000,5433.3,5438.4,5433.3,5435.8,3.276,1776997499999,17806.5835,705,1.404,7633.1263,0
1776997500000,5433.9,5439.9,5399.8,5433.4,51.17,1776997799999,278294.8947,647,48.960,266299.0247,0
1776997800000,5433.4,5441.8,5433.3,5439.2,3.652,1776998099999,19857.8273,668,2.082,11321.9285,0
1776998100000,5439.8,5441.9,5433.3,5440.6,3.538,1776998399999,19243.3072,708,1.450,7888.2382,0
1776998400000,5441.5,5443.2,5440.6,5441.6,3.311,1776998699999,18016.1461,796,1.273,6927.7929,0
1776998700000,5440.6,5443.8,5440.6,5441.1,3.404,1776998999999,18522.2613,780,1.494,8130.4555,0
1776999000000,5440.6,5443.7,5440.3,5442.1,3.131,1776999299999,17036.5387,729,1.073,5839.2388,0
1776999300000,5440.6,5442.1,5439.7,5440.6,86.36,1776999599999,469824.5132,745,13.628,74154.2879,0
1776999600000,5440.4,5441.9,5439.7,5440.2,195.267,1776999899999,1062308.5457,771,51.350,279393.9079,0
1776999900000,5439.7,5441.9,5439.7,5440.2,109.533,1777000199999,596009.7227,680,76.702,417386.5429,0
1777000200000,5441.2,5441.9,5440.2,5441.8,192.554,1777000499999,1047818.5093,665,191.255,1040750.7305,0
1777000500000,5441.9,5442.0,5440.2,5440.2,69.126,1777000799999,376178.0235,832,67.183,365606.2110,0
1777000800000,5440.2,5441.6,5437.5,5437.5,3.601,1777001099999,19588.9441,842,0.784,4265.9148,0
1777001100000,5437.5,5439.5,5434.0,5434.0,3.395,1777001399999,18453.1364,705,0.213,1158.1119,0
1777001400000,5434.0,5437.5,5433.4,5436.3,73.465,1777001699999,399360.9856,767,71.519,388785.0451,0
1777001700000,5434.6,5437.7,4913.7,5436.0,2145.675,1777001999999,11650773.7119,981,53.243,289499.5743,0
1777002000000,5436.0,5437.6,5434.5,5437.5,3.325,1777002299999,18074.1244,699,0.902,4904.0758,0
1777002300000,5434.9,5437.6,5434.6,5435.3,6.562,1777002599999,35668.1936,650,4.591,24955.7576,0
1777002600000,5435.0,5437.6,5434.5,5435.0,3.2,1777002899999,17393.0713,657,1.081,5876.5753,0
1777002900000,5436.1,5437.6,5434.6,5436.1,3.225,1777003199999,17529.9108,756,1.165,6333.2190,0
1777003200000,5436.2,5436.2,5433.8,5433.9,49.288,1777003499999,267848.0530,704,1.168,6348.3623,0
1777003500000,5435.0,5436.1,5433.8,5435.1,94.307,1777003799999,512602.6121,635,92.192,501108.2154,0
1777003800000,5435.0,5436.1,5433.8,5433.8,245.981,1777004099999,1336829.8069,787,150.082,815732.2159,0
1777004100000,5435.1,5436.1,5432.3,5433.8,301.565,1777004399999,1638702.1912,736,156.825,852322.8550,0
1777004400000,5433.6,5434.1,5432.3,5434.0,4.564,1777004699999,24796.9998,720,1.738,9443.9097,0
1777004700000,5433.8,5435.5,5432.3,5435.5,657.667,1777004999999,3574135.2522,910,656.053,3565365.7387,0
1777005000000,5434.1,5435.7,5432.3,5434.2,37.602,1777005299999,204364.9691,720,35.133,190949.1517,0
1777005300000,5432.3,5439.0,5432.3,5439.0,671.577,1777005599999,3651222.3449,899,669.857,3641874.7812,0
1777005600000,5437.8,5439.3,5437.6,5437.6,90.494,1777005899999,492153.6875,820,21.465,116748.8622,0
1777005900000,5437.6,5439.3,5436.9,5437.0,104.784,1777006199999,569735.5294,711,1.410,7667.1249,0
1777006200000,5437.0,5437.9,5436.8,5436.8,33.601,1777006499999,182697.0536,694,5.547,30161.2852,0
1777006500000,5436.8,5437.5,5436.7,5436.8,124.249,1777006799999,675560.7509,711,113.959,619615.7140,0
1777006800000,5436.8,5441.9,5436.7,5440.4,184.062,1777007099999,1001018.7685,770,183.299,996868.5705,0
1777007100000,5440.4,5441.2,5438.2,5441.2,305.938,1777007399999,1664062.9811,687,6.073,33043.7690,0
1777007400000,5438.0,5441.7,5437.8,5441.2,160.153,1777007699999,871081.5014,748,43.037,234177.1548,0
1777007700000,5441.7,5441.7,5435.1,5441.2,969.421,1777007999999,5270886.9674,1036,64.597,351454.2256,0
1777008000000,5441.2,5441.7,5435.1,5441.2,32.154,1777008299999,174776.6937,684,1.669,9080.6139,0
1777008300000,5441.2,5441.7,5438.1,5441.2,4.77,1777008599999,25951.6193,714,1.202,6540.4075,0
1777008600000,5441.2,5441.7,5438.0,5438.4,129.108,1777008899999,702209.4115,841,10.970,59676.2451,0
1777008900000,5438.5,5439.9,5437.9,5439.0,3.423,1777009199999,18618.4876,928,1.322,7191.1153,0
1777009200000,5439.0,5439.2,5438.0,5438.0,3.431,1777009499999,18660.8307,775,1.363,7413.4424,0
1777009500000,5438.0,5439.0,5437.6,5438.2,54.33,1777009799999,295436.1891,692,3.870,21046.0912,0
1777009800000,5439.0,5439.0,5437.4,5437.4,396.889,1777010099999,2158145.6864,782,1.783,9697.3567,0
1777010100000,5437.4,5439.9,5436.5,5439.4,135.835,1777010399999,738562.5935,875,1.956,10638.7174,0
1777010400000,5437.2,5442.3,5436.5,5442.3,2.889,1777010699999,15715.5458,694,1.798,9783.0566,0
1777010700000,5437.2,5442.8,5067.3,5067.4,20190.917,1777010999999,102670477.9623,2255,4560.583,23115565.1921,0
1777011000000,5067.4,5068.4,5067.1,5067.6,46048.659,1777011299999,233371792.9796,3373,15712.299,79630486.5137,0
1777011300000,5067.6,5067.6,5064.8,5064.8,49946.703,1777011599999,253031478.8931,3454,11735.701,59455527.1523,0
1777011600000,5064.8,5064.8,5062.0,5062.0,46081.378,1777011899999,233354178.3891,3302,6953.281,35215644.9378,0
1777011900000,5062.0,5062.7,5060.9,5061.3,37020.125,1777012199999,187383757.4014,2641,13706.961,69380760.5314,0
1777012200000,5061.3,5063.6,5060.2,5063.6,54036.172,1777012499999,273534251.7701,3075,35481.304,179616923.7533,0
1777012500000,5063.6,5064.3,5063.2,5063.8,51927.347,1777012799999,262947349.8570,3263,27774.226,140643076.6489,0
1777012800000,5063.8,5064.7,5063.6,5064.5,55210.814,1777013099999,279591791.7771,3341,32967.439,166950402.3510,0
1777013100000,5064.5,5064.5,5063.3,5063.3,50723.917,1777013399999,256862635.9133,3428,16187.305,81973134.3892,0
1777013400000,5063.3,5064.1,5062.9,5063.7,51444.52,1777013699999,260492310.1829,2985,27014.586,136789521.3516,0
1777013700000,5063.7,5064.3,5063.0,5063.2,50097.434,1777013999999,253677238.1664,2929,25923.222,131266492.8669,0
1777014000000,5063.2,5063.2,5058.8,5058.8,52113.258,1777014299999,263741006.2021,3727,4737.094,23975992.0276,0
1777014300000,5058.8,5059.3,5056.3,5056.4,52248.722,1777014599999,264266715.5292,3483,13147.083,66498279.1793,0
1777014600000,5056.4,5056.4,5054.0,5054.4,51870.269,1777014899999,262202194.2484,3453,11499.740,58127853.0172,0
1777014900000,5054.4,5054.4,5052.6,5052.6,46712.41,1777015199999,236070589.1276,3108,14387.855,72713261.8745,0
1777015200000,5052.6,5052.6,5050.4,5050.5,45730.008,1777015499999,231001284.5077,2583,1952.404,9861221.9504,0
1777015500000,5050.5,5051.1,5049.9,5050.0,55798.312,1777015799999,281799269.6010,3496,912.537,4608842.8146,0
1777015800000,5050.0,5050.2,5047.5,5047.5,56716.299,1777016099999,286381596.8360,3382,1739.956,8785870.9050,0
1777016100000,5047.5,5047.6,5045.6,5046.5,55798.92,1777016399999,281594635.6208,3105,2112.660,10661834.2796,0
1777016400000,5046.5,5049.5,5046.5,5049.3,50325.426,1777016699999,254067549.5095,2704,3690.135,18630835.7064,0
1777016700000,5049.3,5051.1,5049.1,5050.9,42599.587,1777016999999,215133879.5597,2206,3184.997,16083729.0213,0
1777017000000,5050.9,5052.3,5050.8,5051.8,53977.601,1777017299999,272684684.7514,2877,1448.463,7317609.2714,0
1777017300000,5051.8,5052.4,5049.4,5049.4,53980.626,1777017599999,272628439.2763,3415,546.031,2757534.2482,0
1777017600000,5049.4,5066.4,5049.4,5065.9,51648.679,1777017899999,261592257.3480,2658,5874.735,29754267.9034,0
1777017900000,5065.9,5070.1,5065.6,5069.9,58071.044,1777018199999,294268885.1179,2571,8131.040,41206706.8913,0
1777018200000,5069.9,5071.5,5069.8,5070.4,48560.497,1777018499999,246238051.3530,2480,3898.144,19766958.9503,0
1777018500000,5070.4,5071.0,5069.4,5069.4,23995.559,1777018799999,121664428.7489,1947,1044.261,5294788.9827,0
1777018800000,5069.4,5070.2,5067.6,5069.2,35740.6,1777019099999,181157499.0201,2251,1801.752,9133286.6072,0
1777019100000,5069.2,5069.3,5067.9,5068.4,51632.543,1777019399999,261709686.0862,2989,1330.356,6743338.0460,0
1777019400000,5068.4,5068.4,5067.1,5067.4,54811.039,1777019699999,277758271.8374,3000,1808.742,9165688.2151,0
1777019700000,5067.4,5069.3,5067.3,5068.5,55691.497,1777019999999,282277051.6335,2934,6066.864,30750310.6781,0
1777020000000,5068.5,5069.0,5068.3,5068.6,50210.987,1777020299999,254500570.0596,2812,3774.025,19129377.1801,0
1777020300000,5068.6,5070.2,5068.2,5068.2,59337.69,1777020599999,300785250.2101,3128,7854.217,39818246.9710,0
1777020600000,5068.2,5068.6,5067.2,5067.3,58494.54,1777020899999,296446433.2401,3330,4425.153,22426970.9969,0
1777020900000,5067.3,5068.9,5067.0,5068.5,53012.427,1777021199999,268669234.7695,2897,4915.134,24911440.8726,0
1777021200000,5068.5,5068.5,5065.9,5066.7,52099.667,1777021499999,263983499.1608,3121,5965.946,30226876.6214,0
1777021500000,5066.7,5067.0,5064.8,5065.2,52818.638,1777021799999,267583877.2795,3259,2406.732,12193456.0124,0
1777021800000,5065.2,5065.2,5063.5,5064.2,57592.352,1777022099999,291670160.6890,3217,4022.198,20369676.5775,0
1777022100000,5064.2,5067.0,5064.2,5065.3,52311.081,1777022399999,265000315.7133,2920,5184.416,26263584.4501,0
1777022400000,5065.6,5065.9,5064.1,5064.2,46630.199,1777022699999,236171900.4649,2845,3473.737,17593408.7806,0
1777022700000,5064.2,5071.3,5063.8,5064.7,49386.423,1777022999999,250106989.7546,2862,4404.477,22306169.8306,0
1777023000000,5064.6,5064.6,5060.3,5060.6,51059.942,1777023299999,258487028.0338,3223,861.236,4359171.6526,0
1777023300000,5060.6,5063.8,5060.4,5063.7,55786.446,1777023599999,282402863.6374,2343,7702.394,38992881.5782,0
1777023600000,5063.7,5063.7,5062.4,5062.9,47994.864,1777023899999,242997519.3772,2809,3170.115,16050050.6254,0
1777023900000,5062.9,5064.1,5062.5,5063.9,37575.644,1777024199999,190252547.6708,1886,5167.282,26163204.0252,0
1777024200000,5063.9,5065.1,5063.6,5064.3,45763.947,1777024499999,231763800.4711,2467,3313.849,16783022.3245,0
1777024500000,5064.3,5065.4,5063.0,5063.0,45799.6,1777024799999,231953711.7242,2568,3614.417,18306217.0999,0
1777024800000,5063.0,5063.5,5061.4,5061.7,55769.196,1777025099999,282308088.2231,3319,3482.205,17626458.0477,0
1777025100000,5061.7,5063.4,5061.6,5063.4,54855.961,1777025399999,277731605.9516,2902,4866.555,24639197.0461,0
1777025400000,5063.4,5063.6,5062.1,5063.6,48515.117,1777025699999,245617099.9397,2804,3677.770,18619188.0352,0
1777025700000,5063.5,5064.6,5063.2,5063.8,42872.758,1777025999999,217105390.3606,2696,2927.449,14824756.7109,0
1777026000000,5063.8,5064.1,5061.8,5061.8,36496.669,1777026299999,184780050.4215,2745,273.683,1385669.0161,0
1777026300000,5061.8,5062.2,5061.2,5062.2,57612.768,1777026599999,291609572.9219,3013,4276.976,21648547.9324,0
1777026600000,5062.2,5062.9,5060.0,5060.0,58547.329,1777026899999,296366921.3422,3560,3525.914,17849862.8304,0
1777026900000,5060.0,5060.2,5058.4,5060.2,56698.676,1777027199999,286847490.8923,3206,3546.890,17944763.3140,0
1777027200000,5060.2,5060.2,5058.7,5059.8,58532.566,1777027499999,296160065.8191,3398,3550.892,17966843.6046,0
1777027500000,5059.9,5060.0,5057.6,5058.6,53870.614,1777027799999,272541369.5695,3067,4521.661,22875585.8541,0
1777027800000,5058.6,5058.6,5055.0,5055.3,52153.417,1777028099999,263743706.2668,3558,1065.402,5387614.5810,0
1777028100000,5055.3,5058.3,5055.2,5058.3,56768.091,1777028399999,287041743.5892,2703,5450.214,27558962.8682,0
1777028400000,5058.3,5062.2,5057.8,5061.2,46747.273,1777028699999,236577427.8545,2754,3673.097,18590081.2332,0
1777028700000,5061.2,5064.4,5061.2,5064.2,41966.89,1777028999999,212473013.8803,2561,16039.041,81212909.9997,0
1777029000000,5064.2,5065.2,5064.0,5064.9,46399.126,1777029299999,234996994.0442,2910,28685.841,145287169.8220,0
1777029300000,5065.0,5065.2,5064.2,5064.2,55728.895,1777029599999,282252940.3853,3535,17921.345,90769936.4229,0
1777029600000,5064.2,5064.3,5062.6,5063.8,54270.845,1777029899999,274795512.4228,3448,17838.921,90324609.2384,0
1777029900000,5063.7,5063.8,5062.7,5063.1,51134.065,1777030199999,258903147.7158,3151,19392.437,98189377.9862,0
1777030200000,5063.1,5066.1,5063.0,5066.1,57036.802,1777030499999,288834700.8477,3204,38387.946,194407033.2018,0
1777030500000,5066.1,5066.2,5063.0,5063.4,51481.525,1777030799999,260721166.3127,3613,9279.994,46996114.3135,0
1777030800000,5063.4,5063.5,5060.9,5062.0,55248.332,1777031099999,279671769.1184,3437,19338.303,97889606.9153,0
1777031100000,5062.0,5062.2,5060.7,5060.8,50420.998,1777031399999,255195154.3024,3153,16526.461,83645815.7616,0
1777031400000,5060.8,5061.0,5059.2,5060.7,55509.596,1777031699999,280884170.0374,3311,21427.115,108424785.8796,0
1777031700000,5060.7,5061.6,5060.5,5061.4,53273.235,1777031999999,269623760.1392,3068,24182.145,122391286.0592,0
1777032000000,5061.4,5061.4,5059.3,5059.4,51614.777,1777032299999,261185582.2704,3353,13550.456,68569244.4676,0
1777032300000,5059.4,5059.5,5056.2,5056.2,53391.799,1777032599999,270037054.5981,3621,7648.425,38681060.4341,0
1777032600000,5056.2,5056.2,5054.0,5054.8,43039.626,1777032899999,217556998.7663,2778,14613.922,73864391.9532,0
1777032900000,5054.9,5059.9,5054.6,5059.0,52507.863,1777033199999,265503610.8830,2713,31109.668,157307211.2358,0
1777033200000,5059.0,5061.6,5058.9,5061.6,55086.427,1777033499999,278729630.7980,2782,33615.744,170093522.4377,0
1777033500000,5061.5,5062.0,5060.8,5061.3,46344.618,1777033799999,234571449.4953,2901,21329.503,107958689.1305,0
1777033800000,5061.2,5063.8,5061.2,5063.8,51632.568,1777034099999,261379373.0879,2882,31780.140,160879839.0559,0
1777034100000,5063.8,5064.3,5062.9,5063.1,46515.659,1777034399999,235531587.8007,3041,17623.853,89240727.2078,0
1777034400000,5063.1,5064.4,5062.2,5064.2,57901.26,1777034699999,293154825.8218,3410,30618.082,155026061.2224,0
1777034700000,5064.2,5064.6,5062.8,5064.6,54314.452,1777034999999,275023715.9780,3400,22161.653,112217381.1615,0
1777035000000,5064.7,5064.7,5062.9,5062.9,52240.755,1777035299999,264542131.6464,3468,17895.477,90625028.1891,0
1777035300000,5062.9,5064.7,5062.3,5064.7,54456.64,1777035599999,275709165.2114,3095,28723.001,145429889.9325,0
1777035600000,5064.7,5066.0,5064.6,5064.8,52831.372,1777035899999,267601397.9660,3296,24028.367,121709148.5214,0
1777035900000,5064.8,5064.8,5062.3,5063.2,55200.175,1777036199999,279528745.4055,3625,11271.995,57084044.6487,0
1777036200000,5063.2,5063.2,5059.9,5061.3,55366.112,1777036499999,280240044.8838,3590,13061.634,66112614.8796,0
1777036500000,5061.3,5061.5,5060.2,5061.1,56106.911,1777036799999,283930020.0234,3271,23398.909,118411911.7698,0
1777036800000,5061.1,5061.4,5059.4,5059.4,55378.563,1777037099999,280234835.7687,3383,17276.175,87423861.8626,0
1777037100000,5059.4,5059.8,5058.1,5058.3,54945.113,1777037399999,277966011.5788,3498,13871.414,70175612.1095,0
1777037400000,5058.3,5059.7,5058.2,5059.6,53030.204,1777037699999,268275279.9046,3048,22075.108,111678789.8570,0
1777037700000,5059.6,5061.1,5059.4,5060.9,56221.605,1777037999999,284477842.2594,3045,29450.789,149020202.6507,0
1777038000000,5060.9,5061.1,5060.7,5060.7,14853.124,1777038299999,75170816.0852,857,6506.187,32927776.1422,0
