open_time,open,high,low,close,volume,close_time,quote_asset_volume,number_of_trades,taker_buy_base_asset_volume,taker_buy_quote_asset_volume,ignore
1775828700000,2212.06,2223.25,2212.04,2223.11,672829.863,1775829599999,1492469787.74532,4825,657498.356,1458469307.55142,0
1775829600000,2223.03,2225.42,2221.07,2224.97,563961.633,1775830499999,1254033103.48203,4210,473120.547,1052183217.81467,0
1775830500000,2224.97,2247.39,2224.96,2243.32,1029000.829,1775831399999,2302887587.79254,6199,706147.326,1578213837.97575,0
1775831400000,2243.35,2249.0,2243.01,2243.01,472367.267,1775832299999,1061276293.94417,3866,198656.075,446229049.43949,0
1775832300000,2243.01,2244.74,2236.9,2241.19,572053.193,1775833199999,1281048692.34645,5003,338056.385,757064687.69915,0
1775833200000,2241.2,2245.24,2239.14,2244.0,692088.358,1775834099999,1551527183.64964,5426,533785.686,1196921703.23379,0
1775834100000,2244.0,2246.63,2239.14,2239.19,807322.667,1775834999999,1811096833.44912,6093,446069.733,1001173730.46427,0
1775835000000,2239.2,2239.25,2227.88,2230.54,566302.826,1775835899999,1264634193.94610,4466,188383.530,420071540.42748,0
1775835900000,2228.13,2230.97,2221.02,2221.7,565199.662,1775836799999,1257871558.13831,5280,63948.422,142434654.29911,0
1775836800000,2221.14,2230.4,2221.02,2230.14,544234.598,1775837699999,1212210961.18450,5729,539210.686,1201034834.71631,0
1775837700000,2230.14,2239.63,2229.57,2239.33,463007.58,1775838599999,1035012408.01215,3137,442998.579,990245486.00329,0
1775838600000,2239.32,2239.83,2233.88,2235.64,604357.381,1775839499999,1351917430.50927,5579,161114.431,360503262.27938,0
1775839500000,2235.64,2244.69,2235.37,2244.32,732778.799,1775840399999,1641584971.61315,6360,662722.700,1484634993.97857,0
1775840400000,2244.32,2245.53,2239.9,2240.94,528126.095,1775841299999,1184334422.78242,5570,224266.591,503186196.51471,0
1775841300000,2240.94,2245.61,2239.83,2242.91,374473.357,1775842199999,839949039.58073,4752,291126.526,653011467.50348,0
1775842200000,2242.85,2242.91,2238.43,2240.97,610169.609,1775843099999,1366986951.14659,4872,118278.467,265016833.22573,0
1775843100000,2240.97,2247.22,2240.68,2247.17,577002.028,1775843999999,1294769515.47298,6266,573842.814,1287680768.64881,0
1775844000000,2247.18,2247.29,2239.69,2246.34,880408.372,1775844899999,1974833673.29828,6928,445774.228,999643186.03273,0
1775844900000,2246.33,2246.75,2243.15,2245.91,420137.641,1775845799999,943250917.86147,4688,176247.457,395710424.46040,0
1775845800000,2245.91,2247.49,2242.86,2243.06,408048.628,1775846699999,916176941.51705,5424,174016.088,390921674.63762,0
1775846700000,2243.06,2248.32,2242.83,2248.05,487479.631,1775847599999,1094973352.58470,5494,475002.715,1066968361.87362,0
1775847600000,2248.05,2253.83,2247.71,2253.34,542949.087,1775848499999,1222048181.75927,5563,499875.110,1125175252.90952,0
1775848500000,2253.34,2253.83,2246.96,2246.96,380390.117,1775849399999,855775645.47692,4568,2489.017,5597923.63787,0
1775849400000,2246.96,2247.0,2242.83,2243.24,424867.759,1775850299999,953658661.63686,5245,2133.694,4788097.30307,0
1775850300000,2243.24,2250.4,2242.83,2250.4,777797.333,1775851199999,1748144470.39502,5324,704268.592,1582795760.94831,0
1775851200000,2250.4,2253.35,2250.09,2250.67,429556.17,1775852099999,967299501.77186,4887,362624.859,816620197.98058,0
1775852100000,2250.67,2253.54,2250.53,2251.17,266951.887,1775852999999,601220972.67986,3626,187363.408,422001085.87646,0
1775853000000,2251.17,2254.47,2244.2,2244.98,894525.072,1775853899999,2011912272.86445,5629,238177.041,535887095.93321,0
1775853900000,2244.98,2253.8,2242.83,2253.79,763898.449,1775854799999,1717030136.14240,6258,702396.320,1578991568.56658,0
1775854800000,2253.79,2254.03,2244.31,2244.68,530204.489,1775855699999,1192649138.52592,5619,156263.492,351575449.47886,0
1775855700000,2244.68,2248.22,2244.21,2246.63,345114.289,1775856599999,775183571.39461,4991,263037.969,590764264.91800,0
1775856600000,2246.63,2248.35,2244.59,2248.31,461667.176,1775857499999,1036861108.93992,4882,216026.340,485303553.09588,0
1775857500000,2248.34,2253.78,2247.8,2253.56,400487.348,1775858399999,901359756.31297,4043,399651.586,899478880.82238,0
1775858400000,2253.77,2253.85,2250.81,2251.44,290318.065,1775859299999,653785124.42115,3138,94427.740,212691831.56252,0
1775859300000,2251.39,2251.93,2246.1,2246.38,361949.041,1775860199999,814101857.64709,4519,20407.150,45951470.59005,0
1775860200000,2246.38,2246.38,2238.93,2240.3,542574.832,1775861099999,1217030029.42448,4709,1907.752,4281729.85445,0
1775861100000,2240.3,2241.77,2239.88,2241.2,266099.16,1775861999999,596326284.63590,4341,234963.563,526541959.85161,0
1775862000000,2241.2,2241.21,2238.73,2240.74,346231.844,1775862899999,775610116.20419,5130,130688.535,292803460.67186,0
1775862900000,2240.75,2242.9,2240.29,2242.08,200933.443,1775863799999,450405073.32851,3783,199552.571,447311020.50160,0
1775863800000,2242.08,2242.56,2240.09,2242.53,237609.691,1775864699999,532475682.42968,4140,117464.990,263270697.74538,0
1775864700000,2242.54,2244.23,2241.97,2243.9,202479.046,1775865599999,454106493.27665,4625,86943.830,195023004.85799,0
1775865600000,2243.91,2243.91,2239.51,2240.5,414969.657,1775866499999,930080952.55180,5098,134679.907,301898539.63918,0
1775866500000,2240.5,2240.97,2237.42,2237.43,230679.59,1775867399999,516532395.71336,4375,42369.044,94911302.48376,0
1775867400000,2237.43,2237.86,2235.94,2236.35,237672.177,1775868299999,531572682.56443,3593,43886.270,98184519.38757,0
1775868300000,2236.35,2237.86,2234.87,2237.64,192313.997,1775869199999,429995696.83812,3124,139826.994,312637559.56473,0
1775869200000,2237.64,2239.34,2235.56,2238.06,351486.708,1775870099999,786511510.88897,4067,169907.935,380275286.32836,0
1775870100000,2238.06,2238.16,2234.25,2236.91,439371.207,1775870999999,982390183.94275,4598,239361.003,535249603.55420,0
1775871000000,2236.91,2240.48,2236.84,2240.25,259055.497,1775871899999,580096158.72350,4261,255253.368,571578850.29296,0
1775871900000,2240.26,2245.0,2240.26,2242.72,416369.9,1775872799999,933922032.88805,6219,344948.492,773732819.44211,0
1775872800000,2242.73,2244.13,2241.33,2243.89,220382.827,1775873699999,494282331.15076,4161,101825.447,228405726.74866,0
1775873700000,2243.89,2248.08,2243.59,2248.0,282789.538,1775874599999,635265688.92616,5036,266852.709,599471271.40197,0
1775874600000,2248.0,2248.98,2245.45,2245.48,269560.624,1775875499999,605650027.68003,4496,72547.278,163098777.51674,0
1775875500000,2245.48,2245.68,2244.66,2245.68,100437.574,1775876399999,225477834.42608,2879,9087.245,20406589.23887,0
1775876400000,2245.68,2248.61,2240.05,2248.59,435169.187,1775877299999,977627396.00654,4495,332546.835,747329412.13005,0
1775877300000,2248.59,2248.61,2246.23,2246.23,78680.632,1775878199999,176805064.34000,2685,1215.596,2733393.86933,0
1775878200000,2246.24,2246.74,2243.5,2244.54,445425.38,1775879099999,999771119.85195,4914,93062.513,208850801.89014,0
1775879100000,2244.54,2244.63,2234.86,2235.81,555916.125,1775879999999,1245379103.29208,6107,40728.484,91049827.39967,0
1775880000000,2235.81,2241.4,2235.0,2237.12,644338.07,1775880899999,1442051161.27393,6473,350153.041,783585829.37183,0
1775880900000,2237.12,2238.37,2235.26,2237.98,206935.055,1775881799999,462877285.11073,4002,105899.119,236874475.04748,0
1775881800000,2237.98,2240.53,2237.89,2238.55,343465.656,1775882699999,769147959.02218,4366,196417.333,439933967.01901,0
1775882700000,2238.55,2240.46,2238.24,2239.65,120287.831,1775883599999,269434306.97283,3864,113687.224,254651702.70016,0
1775883600000,2239.66,2240.58,2230.0,2231.91,661092.252,1775884499999,1478666281.03185,6717,96946.708,217178033.99831,0
1775884500000,2232.01,2235.0,2229.94,2234.3,97836.846,1775885399999,218512907.24084,2898,68670.670,153390442.66022,0
1775885400000,2234.3,2234.95,2233.48,2234.08,110498.052,1775886299999,246838229.36569,3565,17363.169,38794827.54574,0
1775886300000,2234.09,2234.31,2231.48,2231.48,297312.581,1775887199999,663760740.94026,4443,2156.651,4816024.57382,0
1775887200000,2231.48,2232.82,2228.93,2230.37,624753.938,1775888099999,1393746757.71893,5822,351749.524,784795291.43484,0
1775888100000,2230.37,2232.4,2228.96,2230.63,340203.293,1775888999999,758982925.94661,4373,147560.007,329302736.46290,0
1775889000000,2230.63,2233.0,2228.96,2233.0,109647.637,1775889899999,244785080.32143,3506,104589.376,233495798.90229,0
1775889900000,2232.99,2235.09,2232.07,2234.92,304950.288,1775890799999,681313144.65138,5252,303220.696,677447714.12857,0
1775890800000,2234.92,2234.93,2232.0,2233.18,132309.442,1775891699999,295566913.13123,4101,19799.819,44221095.09277,0
1775891700000,2233.16,2235.15,2232.5,2234.16,448647.014,1775892599999,1002089908.75203,6760,341542.874,762887282.41146,0
1775892600000,2234.16,2234.18,2231.49,2231.69,240156.753,1775893499999,536264265.78391,5378,2990.639,6679747.73401,0
1775893500000,2231.69,2231.7,2229.83,2231.32,290733.399,1775894399999,648547586.30942,5399,113523.484,253243226.74111,0
1775894400000,2231.32,2232.89,2231.16,2232.82,180728.942,1775895299999,403325205.50207,4362,125247.480,279505377.77160,0
1775895300000,2232.82,2233.29,2231.76,2232.88,106416.744,1775896199999,237625147.40364,3659,83771.044,187062491.42891,0
1775896200000,2232.93,2233.35,2231.18,2232.61,154259.782,1775897099999,344388092.45190,3136,28109.660,62756215.10575,0
1775897100000,2232.62,2233.07,2232.53,2232.53,105277.129,1775897999999,235070327.19227,2802,104729.662,233848018.24123,0
1775898000000,2232.53,2233.23,2230.88,2233.23,175317.715,1775898899999,391334713.92790,3624,133105.240,297128709.63743,0
1775898900000,2233.23,2245.31,2231.74,2244.49,570046.2,1775899799999,1275977242.92808,4542,528818.341,1183458564.07467,0
1775899800000,2244.49,2254.0,2240.01,2241.27,760345.361,1775900699999,1706114544.72697,5858,385855.244,866141889.41772,0
1775900700000,2241.28,2243.0,2241.05,2242.06,336120.724,1775901599999,753591681.62996,5167,170564.028,382430120.22744,0
1775901600000,2242.06,2243.8,2237.45,2238.6,522423.172,1775902499999,1170552577.18601,5168,129981.572,291486459.24956,0
1775902500000,2238.6,2240.78,2236.99,2240.22,499970.596,1775903399999,1119446456.18501,5235,408919.680,915742303.16609,0
1775903400000,2240.22,2240.78,2237.48,2237.69,177466.839,1775904299999,397229496.86003,4053,19033.362,42619570.30301,0
1775904300000,2237.69,2239.63,2236.98,2239.45,179687.086,1775905199999,402259193.76570,3849,138797.100,310778438.57364,0
1775905200000,2239.45,2240.9,2238.28,2239.24,253149.797,1775906099999,566927608.18894,4163,169499.096,379630178.86777,0
1775906100000,2239.24,2239.96,2238.21,2238.21,192930.29,1775906999999,432008454.19114,3979,89397.828,200218706.11055,0
1775907000000,2238.21,2241.97,2236.72,2241.64,383275.31,1775907899999,858325427.37618,4567,244707.565,548187943.93246,0
1775907900000,2241.63,2245.55,2241.12,2244.98,294074.766,1775908799999,659760463.53306,4828,273906.345,614549173.91872,0
1775908800000,2244.66,2245.55,2242.59,2242.59,266862.878,1775909699999,598740667.81288,4655,71276.232,159943635.81371,0
1775909700000,2242.8,2243.52,2240.26,2240.36,138645.922,1775910599999,310743228.53239,3023,2226.102,4989877.18072,0
1775910600000,2240.36,2245.0,2240.26,2243.12,289130.696,1775911499999,648447878.20942,3797,237588.975,532840527.13604,0
1775911500000,2243.12,2245.12,2243.11,2244.25,42208.043,1775912399999,94744892.37102,2849,40513.698,90942240.01396,0
1775912400000,2244.25,2245.0,2232.64,2235.13,944758.49,1775913299999,2114378086.01290,6379,178125.482,398187907.60522,0
1775913300000,2235.13,2239.67,2234.6,2236.53,309390.485,1775914199999,692343046.59221,3930,141139.815,315850864.95710,0
1775914200000,2236.53,2239.7,2236.01,2238.9,241155.214,1775915099999,539642537.33701,4162,168948.699,378133248.27534,0
1775915100000,2238.9,2240.36,2238.26,2240.17,124226.197,1775915999999,278272404.35201,3286,123864.900,277463168.94083,0
1775916000000,2240.17,2242.84,2237.37,2240.92,473289.646,1775916899999,1060129160.00033,4399,292448.135,655225735.15877,0
1775916900000,2240.92,2241.52,2240.0,2240.45,230505.586,1775917799999,516480214.33040,3969,62364.652,139761576.53535,0
1775917800000,2240.51,2240.63,2237.21,2237.95,373844.487,1775918699999,836961448.21982,4945,49272.261,110363675.35257,0
1775918700000,2237.95,2241.32,2237.21,2241.29,171806.308,1775919599999,384953542.95147,3583,156075.586,349705666.93835,0
1775919600000,2241.25,2241.94,2240.54,2241.33,139969.612,1775920499999,313713846.92605,3249,48110.222,107841158.29329,0
1775920500000,2240.54,2250.6,2240.54,2247.42,747896.158,1775921399999,1680112635.02378,5337,452907.741,1016972081.82925,0
1775921400000,2247.42,2248.26,2245.38,2245.46,229247.954,1775922299999,515102593.27064,4500,80390.011,180711360.78703,0
1775922300000,2245.46,2247.12,2244.27,2247.0,224372.166,1775923199999,503814840.12459,3412,99239.521,222865163.52415,0
1775923200000,2246.87,2248.1,2245.8,2248.08,220449.458,1775924099999,495385307.32169,4054,166691.937,374631736.89205,0
1775924100000,2248.08,2248.27,2245.57,2245.72,89259.041,1775924999999,200542414.07819,2534,5990.538,13463396.48005,0
1775925000000,2245.72,2259.52,2245.57,2250.74,598364.369,1775925899999,1347352034.81823,4507,582047.298,1310652134.44862,0
1775925900000,2251.6,2262.96,2249.98,2258.57,384782.146,1775926799999,869616611.93062,3980,121365.512,274304627.19525,0
1775926800000,2258.57,2260.0,2255.46,2256.75,409682.385,1775927699999,924849571.69360,4889,126572.595,285807282.43146,0
1775927700000,2256.75,2258.19,2253.0,2256.91,416537.318,1775928599999,939655112.98272,4500,203164.339,458522448.93540,0
1775928600000,2256.67,2263.33,2256.67,2260.15,597038.033,1775929499999,1349727494.28439,4983,476147.262,1076429981.58124,0
1775929500000,2260.15,2260.94,2258.14,2259.12,393775.812,1775930399999,889550565.71245,4651,132010.642,298202834.74941,0
1775930400000,2259.12,2259.68,2256.07,2259.37,415128.023,1775931299999,937271126.39761,4196,165459.479,373728646.23021,0
1775931300000,2259.37,2262.18,2259.3,2260.7,280777.21,1775932199999,634640516.07334,3064,266298.385,601907574.38954,0
1775932200000,2260.7,2300.0,2260.67,2294.18,1077012.291,1775933099999,2452050819.45567,7685,812710.102,1845974224.07845,0
1775933100000,2294.17,2303.58,2292.74,2303.58,297964.707,1775933999999,685157043.37816,3260,251820.591,579014742.68025,0
1775934000000,2303.58,2315.97,2302.97,2313.55,992230.944,1775934899999,2291434554.36532,5476,636547.768,1469317357.39966,0
1775934900000,2313.55,2316.18,2310.16,2316.17,463041.763,1775935799999,1071028402.08475,3640,342991.913,793519935.76145,0
1775935800000,2316.17,2327.35,2314.62,2317.78,601173.036,1775936699999,1394973520.78582,5209,233310.977,541479295.27228,0
1775936700000,2317.78,2317.78,2312.46,2313.62,434453.15,1775937599999,1005693301.62047,5862,114966.978,266125368.60893,0
1775937600000,2313.08,2315.08,2305.33,2306.56,670370.865,1775938499999,1548120861.10020,5505,186209.202,430322439.64414,0
1775938500000,2306.51,2307.78,2301.55,2303.0,565125.348,1775939399999,1302234176.08328,4407,155991.000,359400673.14047,0
1775939400000,2303.0,2303.34,2287.69,2294.72,703575.171,1775940299999,1613879370.70895,4297,196116.158,449074287.24229,0
1775940300000,2294.72,2301.03,2294.0,2297.32,582003.203,1775941199999,1337155094.09295,3798,373859.337,858823477.23024,0
1775941200000,2297.32,2301.93,2293.06,2301.76,658860.93,1775942099999,1514053008.56377,6281,460424.973,1058591647.25594,0
1775942100000,2301.73,2302.04,2296.95,2297.35,405651.988,1775942999999,932928441.29688,4542,45365.538,104406463.78422,0
1775943000000,2297.35,2299.84,2295.68,2298.84,407311.378,1775943899999,935847130.58511,3760,131228.907,301526558.30023,0
1775943900000,2298.84,2301.35,2298.07,2298.1,555512.424,1775944799999,1277591894.47381,4455,334169.263,768576713.54985,0
1775944800000,2298.43,2303.38,2296.09,2302.51,513768.583,1775945699999,1181156013.96372,5296,280549.515,645064515.04209,0
1775945700000,2302.51,2306.35,2301.84,2305.71,633850.147,1775946599999,1460497488.77610,5633,403439.677,929637912.92449,0
1775946600000,2305.71,2305.8,2290.0,2295.82,752319.761,1775947499999,1728262774.36924,5549,227098.768,521123652.17810,0
1775947500000,2295.82,2296.48,2292.13,2295.78,418639.613,1775948399999,960468017.87842,4974,118890.864,272783638.15434,0
1775948400000,2295.78,2295.78,2278.06,2283.24,716834.244,1775949299999,1640553533.73454,4431,186212.287,425058994.72245,0
1775949300000,2283.15,2287.73,2283.04,2287.07,432084.84,1775950199999,987646377.75766,4729,430656.699,984383005.23302,0
1775950200000,2287.07,2287.49,2283.96,2283.96,545974.431,1775951099999,1247920033.14570,5478,130174.599,297642536.97654,0
1775951100000,2283.96,2286.21,2282.74,2283.85,333194.861,1775951999999,761161288.86726,4544,167131.579,381937720.52989,0
1775952000000,2284.47,2285.57,2279.66,2284.36,651443.72,1775952899999,1486689880.85872,5571,399574.429,911979779.70257,0
1775952900000,2283.08,2285.73,2281.61,2283.0,647602.992,1775953799999,1478781275.54282,5976,330075.235,753749105.98937,0
1775953800000,2282.94,2285.73,2279.14,2279.99,434035.353,1775954699999,990206053.62863,4792,81570.945,186125432.16552,0
1775954700000,2279.99,2284.67,2279.86,2284.65,415773.61,1775955599999,949079595.86235,4959,393643.843,898594304.90174,0
1775955600000,2284.65,2286.84,2281.0,2283.38,420327.438,1775956499999,960240124.67056,4135,220147.087,503083328.32411,0
1775956500000,2283.38,2285.3,2281.87,2282.45,442702.486,1775957399999,1011010458.12389,5784,206506.586,471759016.65437,0
1775957400000,2282.45,2282.51,2224.72,2224.84,1616279.004,1775958299999,3642403485.68254,8818,172690.149,386384725.83437,0
1775958300000,2224.72,2228.41,2211.58,2221.69,582162.454,1775959199999,1291920191.37160,4542,297155.288,659360717.84043,0
1775959200000,2221.43,2228.71,2207.31,2224.39,608448.316,1775960099999,1346558145.88875,4014,162054.156,359354816.96850,0
1775960100000,2224.39,2230.96,2219.32,2223.8,832818.694,1775960999999,1853024016.28528,4378,596006.164,1326637179.51046,0
1775961000000,2223.97,2228.95,2223.85,2224.36,225238.256,1775961899999,501171658.12666,3254,71088.369,158211870.23290,0
1775961900000,2224.35,2224.45,2222.09,2223.28,379866.001,1775962799999,844613968.66373,4714,137885.178,306585679.66673,0
1775962800000,2223.29,2225.27,2217.34,2219.85,693560.895,1775963699999,1540399240.50897,6756,186007.675,413158197.39965,0
1775963700000,2219.84,2221.82,2217.34,2217.37,433183.049,1775964599999,961301403.96753,4745,100396.121,222913759.71160,0
1775964600000,2217.37,2220.6,2212.95,2215.5,638713.792,1775965499999,1416300373.55890,4576,408708.648,906316263.59570,0
1775965500000,2215.5,2215.73,2213.17,2213.17,240066.683,1775966399999,531693332.37360,4217,88037.502,195038674.99662,0
1775966400000,2213.18,2214.72,2212.02,2212.78,238825.664,1775967299999,528608631.08426,4137,77984.943,172651263.33849,0
1775967300000,2212.71,2214.66,2210.16,2212.65,539407.952,1775968199999,1193161350.19006,5640,284775.147,630078772.66531,0
1775968200000,2212.65,2212.71,2210.25,2211.94,257146.532,1775969099999,568731864.57685,4647,96857.749,214259682.10697,0
1775969100000,2211.94,2212.05,2209.89,2209.89,236682.932,1775969999999,523291193.21043,3881,4867.099,10762682.84704,0
1775970000000,2209.98,2212.39,2208.32,2210.57,484637.356,1775970899999,1071389038.66089,6095,213519.146,472109550.38468,0
1775970900000,2210.57,2216.56,2209.41,2216.06,674012.821,1775971799999,1491615584.91723,5543,498320.567,1103288327.64837,0
1775971800000,2216.07,2217.0,2213.66,2214.24,271198.047,1775972699999,600666593.44908,4086,94188.565,208622526.46455,0
1775972700000,2214.27,2217.02,2214.0,2216.01,332201.475,1775973599999,736082220.10573,4419,252678.728,559842524.59377,0
1775973600000,2216.01,2218.49,2216.01,2218.04,116680.088,1775974499999,258806808.67556,3455,46903.789,104029158.08838,0
1775974500000,2218.05,2219.11,2216.81,2218.69,265670.762,1775975399999,589259216.02497,4428,75462.857,167402690.14831,0
1775975400000,2218.69,2218.8,2213.87,2214.17,279083.306,1775976299999,618462448.41334,5082,9347.073,20698538.53042,0
1775976300000,2214.18,2215.92,2213.86,2214.97,344242.675,1775977199999,762489416.36444,4977,253974.464,562540840.65368,0
1775977200000,2214.97,2215.3,2212.22,2213.12,834759.993,1775978099999,1847949289.43097,7613,351309.738,777793765.11357,0
1775978100000,2213.15,2215.36,2212.59,2213.71,424244.323,1775978999999,939079893.99458,5879,272370.294,602941989.63506,0
1775979000000,2213.71,2216.94,2213.58,2216.94,453645.407,1775979899999,1004920295.21797,5230,444112.050,983815456.70988,0
1775979900000,2216.9,2219.35,2216.9,2218.32,276209.897,1775980799999,612768683.30756,3890,266689.306,591648802.51201,0
1775980800000,2218.32,2218.93,2214.2,2215.02,381053.479,1775981699999,844266156.49598,5715,85659.626,189726787.48464,0
1775981700000,2214.97,2217.46,2214.71,2217.46,566043.485,1775982599999,1254343226.79393,6534,431945.665,957310546.59967,0
1775982600000,2217.46,2217.91,2215.8,2216.96,299295.637,1775983499999,663573679.94875,5057,232814.186,516196569.27321,0
1775983500000,2216.96,2217.16,2211.54,2212.94,681297.037,1775984399999,1508026264.95136,7020,164510.990,364040134.71823,0
1775984400000,2212.94,2213.14,2210.41,2213.14,431639.211,1775985299999,954719216.33333,5568,130470.806,288652500.23058,0
1775985300000,2213.13,2214.26,2213.13,2213.78,232220.345,1775986199999,514092331.12321,4832,206255.614,456616948.89905,0
1775986200000,2213.81,2214.28,2211.64,2212.49,341776.255,1775987099999,756415407.47411,5504,58388.241,129265754.27973,0
1775987100000,2212.49,2213.73,2211.58,2213.0,365635.191,1775987999999,809036634.99902,6554,206288.868,456474087.70043,0
1775988000000,2213.0,2216.12,2212.16,2213.41,514634.668,1775988899999,1139389690.52841,5935,322478.056,714093622.01466,0
1775988900000,2213.41,2214.73,2213.38,2214.69,96557.596,1775989799999,213805080.83503,3585,95850.342,212238857.66596,0
1775989800000,2214.69,2214.73,2211.56,2211.87,337780.931,1775990699999,747347608.46255,5288,98678.861,218305509.24231,0
1775990700000,2211.87,2211.94,2194.99,2199.36,983444.144,1775991599999,2167621739.38123,8968,383535.216,843164503.14212,0
1775991600000,2199.35,2212.05,2197.6,2203.77,629610.433,1775992499999,1386288018.88378,6689,544065.433,1198155034.55608,0
1775992500000,2203.77,2212.06,2201.96,2203.51,310655.865,1775993399999,684471645.72014,5298,174871.266,385324187.72929,0
1775993400000,2203.51,2204.49,2201.9,2202.72,326711.565,1775994299999,719744287.52854,4588,169215.215,372813919.07194,0
1775994300000,2202.71,2203.52,2201.83,2203.43,99849.485,1775995199999,219943641.06751,3917,49953.402,110055979.96752,0
1775995200000,2203.44,2203.52,2199.19,2201.64,703679.899,1775996099999,1549081904.09613,7770,343552.512,756383258.90878,0
1775996100000,2201.64,2203.6,2201.63,2203.39,203642.192,1775996999999,448540328.86379,4914,133066.198,293092527.98994,0
1775997000000,2203.59,2206.49,2199.5,2206.48,701773.418,1775997899999,1546340406.35198,6968,515090.295,1135317379.50677,0
1775997900000,2206.48,2206.49,2194.0,2194.67,819347.047,1775998799999,1802183328.85668,6832,196242.817,431238699.99019,0
1775998800000,2194.6,2198.27,2190.72,2190.72,623727.393,1775999699999,1367808815.08438,6402,373023.143,818055362.81910,0
1775999700000,2190.72,2194.91,2190.72,2194.22,331795.799,1776000599999,727725858.32777,5405,319960.553,701754825.16600,0
1776000600000,2194.22,2194.91,2188.0,2189.88,793199.805,1776001499999,1737779550.76957,7530,57951.778,126980420.23153,0
1776001500000,2189.84,2189.89,2185.45,2185.71,573463.198,1776002399999,1254589288.80974,6284,236893.770,518289681.43838,0
1776002400000,2185.75,2190.17,2183.93,2187.5,736477.304,1776003299999,1610892283.72566,7259,360444.655,788739061.56164,0
1776003300000,2187.5,2192.47,2187.49,2191.32,642992.843,1776004199999,1408436483.96662,7385,516109.549,1130467497.97184,0
1776004200000,2191.31,2191.46,2181.01,2182.44,735014.894,1776005099999,1607300097.42250,6580,60164.365,131684690.52023,0
1776005100000,2182.32,2183.32,2179.2,2180.68,538769.681,1776005999999,1174907930.16519,5884,150954.999,329305199.20380,0
1776006000000,2180.68,2182.68,2178.81,2182.31,414277.641,1776006899999,903405572.01045,5359,237739.133,518633917.57181,0
1776006900000,2182.5,2182.84,2179.34,2181.06,452701.885,1776007799999,987367103.62641,5083,134321.034,292971328.83134,0
1776007800000,2181.07,2183.06,2177.4,2181.85,633720.838,1776008699999,1381779950.76196,6999,266485.655,581302632.40355,0
1776008700000,2182.52,2186.17,2180.78,2185.23,524440.897,1776009599999,1145109070.32933,5938,402581.736,879191856.54141,0
1776009600000,2185.22,2188.96,2183.81,2186.82,658030.751,1776010499999,1438678624.58921,7507,474577.089,1037712142.32743,0
1776010500000,2186.82,2186.92,2181.99,2185.86,497168.956,1776011399999,1086086835.90782,6611,249608.719,545361911.16254,0
1776011400000,2185.86,2185.99,2182.94,2182.94,288675.915,1776012299999,630419431.73281,4829,37821.044,82578691.81965,0
1776012300000,2183.73,2186.27,2182.94,2186.25,481279.547,1776013199999,1051484187.24166,7331,243118.661,531197879.16041,0
1776013200000,2186.25,2189.26,2186.25,2186.93,765211.142,1776014099999,1674038777.52433,7341,461785.281,1010191909.40331,0
1776014100000,2186.93,2191.54,2186.85,2191.46,561151.963,1776014999999,1228834171.99262,6783,515710.088,1129303239.94709,0
1776015000000,2191.56,2194.96,2191.46,2192.97,543211.541,1776015899999,1191297857.53691,6427,370878.812,813345786.10169,0
1776015900000,2192.96,2203.29,2191.01,2201.41,756169.467,1776016799999,1660651803.17502,6712,646175.308,1419544571.85155,0
1776016800000,2201.41,2204.37,2199.22,2202.24,541400.259,1776017699999,1192400972.07630,6549,305768.082,673552443.07823,0
1776017700000,2202.24,2204.48,2199.2,2199.38,472993.767,1776018599999,1041349029.68490,6257,132486.533,291892574.96239,0
1776018600000,2199.38,2205.13,2199.37,2201.84,658859.556,1776019499999,1451394397.71029,7626,451852.717,995342347.40230,0
1776019500000,2201.84,2201.85,2199.22,2199.43,239432.311,1776020399999,526724757.37626,5283,29129.479,64075962.56850,0
1776020400000,2199.43,2203.93,2199.24,2201.47,420339.5,1776021299999,925530284.20448,6453,346005.372,761781616.76622,0
1776021300000,2201.47,2203.36,2201.01,2203.36,253998.138,1776022199999,559404941.38551,5923,208817.855,459948310.06990,0
1776022200000,2203.36,2204.02,2199.74,2200.65,412112.346,1776023099999,907520840.49325,5470,53935.911,118771338.84853,0
1776023100000,2200.65,2200.77,2196.54,2197.24,495692.665,1776023999999,1089850138.14554,6386,99570.600,218881835.28950,0
1776024000000,2197.24,2198.47,2193.41,2194.66,545254.971,1776024899999,1197389230.69206,6184,196213.432,431099670.00266,0
1776024900000,2194.66,2196.96,2192.35,2196.59,606486.695,1776025799999,1330891935.86575,7719,325130.830,713745654.99630,0
1776025800000,2196.59,2206.79,2196.36,2206.57,780318.389,1776026699999,1718535417.01367,7031,751152.172,1654419137.56250,0
1776026700000,2206.58,2212.59,2206.37,2212.51,699681.253,1776027599999,1545793820.72808,6488,520056.363,1149131595.29163,0
1776027600000,2212.52,2214.78,2205.71,2205.95,611858.915,1776028499999,1352659425.46225,6293,119021.241,263354203.65783,0
1776028500000,2205.72,2210.43,2205.71,2207.82,355190.493,1776029399999,784564888.43919,5632,203636.279,449831277.92188,0
1776029400000,2207.82,2210.53,2204.1,2209.21,750609.72,1776030299999,1656744281.09029,6805,415262.052,916800559.50772,0
1776030300000,2209.21,2210.48,2205.87,2210.48,485452.551,1776031199999,1071814218.96293,5710,271936.542,600517423.79758,0
1776031200000,2209.57,2210.48,2188.37,2194.83,841239.389,1776032099999,1848456045.18498,6566,169622.728,372104437.38260,0
1776032100000,2194.82,2195.6,2190.57,2193.57,437326.251,1776032999999,958753524.07369,4846,274104.845,600936245.78234,0
1776033000000,2191.03,2201.35,2183.57,2194.99,871592.547,1776033899999,1909349209.36197,6968,377166.386,825395867.52299,0
1776033900000,2195.0,2197.25,2193.3,2196.33,549779.822,1776034799999,1207058645.65499,5835,360695.669,791850912.19509,0
1776034800000,2196.33,2196.33,2187.92,2188.29,606549.065,1776035699999,1329060530.62067,6632,172949.583,378859460.46583,0
1776035700000,2188.29,2191.75,2186.83,2191.27,641498.832,1776036599999,1404524700.16763,6639,378097.207,827922925.73233,0
1776036600000,2191.41,2191.42,2186.32,2189.69,609921.414,1776037499999,1334739501.54693,6486,413003.111,903862584.94608,0
1776037500000,2189.69,2191.76,2186.22,2190.47,536838.281,1776038399999,1175295627.30319,6971,297869.864,652289426.68511,0
1776038400000,2190.47,2194.83,2186.63,2194.82,781094.944,1776039299999,1711545341.93923,6955,627751.358,1375798367.26460,0
1776039300000,2194.77,2203.32,2193.37,2200.96,837157.605,1776040199999,1839718084.06969,6371,552394.888,1213716025.21752,0
1776040200000,2200.97,2201.34,2196.6,2197.24,409869.976,1776041099999,901297473.55873,4985,65921.784,145062163.92851,0
1776041100000,2197.24,2203.78,2196.6,2203.78,585719.435,1776041999999,1288740040.58276,4477,574754.659,1264608084.08813,0
1776042000000,2203.78,2210.78,2202.94,2203.83,763478.61,1776042899999,1683765752.47794,5269,596294.143,1315191675.57636,0
1776042900000,2203.83,2204.31,2201.14,2203.17,423789.027,1776043799999,933332524.66804,5702,162429.177,357764060.18617,0
1776043800000,2203.17,2205.83,2200.24,2203.65,693621.214,1776044699999,1528257805.89832,7169,364516.092,803381231.93062,0
1776044700000,2203.65,2203.9,2201.35,2202.63,356808.55,1776045599999,785827896.57335,5079,188710.106,415655114.78621,0
1776045600000,2202.63,2203.93,2193.04,2193.04,535397.991,1776046499999,1177747516.21663,6911,60529.887,133308376.74036,0
1776046500000,2193.05,2202.85,2193.04,2199.73,585935.429,1776047399999,1287899695.02974,6384,490809.573,1078624324.51524,0
1776047400000,2199.7,2201.99,2192.93,2193.02,537878.158,1776048299999,1182562895.71179,6376,146809.107,323123299.58724,0
1776048300000,2193.24,2194.22,2191.95,2193.18,151799.262,1776049199999,332899730.68445,4263,51089.019,112072691.33936,0
1776049200000,2193.18,2193.75,2190.73,2190.95,544861.593,1776050099999,1194269751.48141,5830,156436.190,342907123.03390,0
1776050100000,2190.95,2194.25,2190.59,2193.48,451537.886,1776050999999,989996733.33013,5598,215679.029,472844412.78296,0
1776051000000,2194.01,2194.25,2190.07,2192.47,286256.915,1776051899999,627370706.32119,4897,67038.190,146955782.62735,0
1776051900000,2192.47,2193.94,2189.97,2193.48,282425.779,1776052799999,619164536.81560,4720,202347.869,443660398.05037,0
1776052800000,2193.48,2194.25,2190.78,2192.13,455836.526,1776053699999,999395113.56178,5872,196907.799,431681953.79091,0
1776053700000,2192.13,2194.37,2190.89,2194.26,540810.424,1776054599999,1185683778.11811,6022,266340.642,584084431.55130,0
1776054600000,2194.26,2198.29,2194.19,2196.42,769299.768,1776055499999,1689691284.35373,7727,441646.893,969999120.77587,0
1776055500000,2196.43,2196.63,2187.22,2190.04,564388.627,1776056399999,1236415438.25646,6552,39768.515,87067622.63754,0
1776056400000,2189.3,2190.05,2185.49,2186.2,483754.166,1776057299999,1058237472.01533,7227,94450.407,206710145.94518,0
1776057300000,2186.2,2188.0,2185.32,2187.79,491102.419,1776058199999,1073931767.04685,7233,303128.743,663049999.03519,0
1776058200000,2187.79,2188.0,2182.47,2184.12,559737.342,1776059099999,1222687889.00081,7961,168847.346,368804918.14241,0
1776059100000,2184.12,2188.87,2183.84,2188.87,587924.251,1776059999999,1285855123.32551,7704,521214.716,1139964089.05053,0
1776060000000,2188.87,2194.85,2188.3,2194.26,611138.203,1776060899999,1339676256.29228,6045,544384.874,1193256401.29709,0
1776060900000,2194.27,2198.0,2193.72,2195.77,554735.275,1776061799999,1218383345.17871,6056,374970.363,823526782.06778,0
1776061800000,2195.77,2198.09,2194.11,2198.09,484600.529,1776062699999,1064028995.41252,6576,240100.776,527280348.79063,0
1776062700000,2198.09,2198.71,2194.23,2196.02,354506.953,1776063599999,778948568.48872,5762,117643.644,258554135.39517,0
1776063600000,2196.02,2197.94,2191.81,2191.91,696485.763,1776064499999,1528888426.59419,7313,133571.893,293350849.36387,0
1776064500000,2191.82,2191.94,2182.79,2183.79,556527.018,1776065399999,1216966524.73033,7915,72174.582,157614244.71671,0
1776065400000,2183.79,2186.66,2183.62,2184.84,622671.384,1776066299999,1360563531.24716,7510,487105.376,1064365473.95480,0
1776066300000,2184.84,2188.0,2184.8,2185.66,414868.079,1776067199999,907192985.79553,7261,320442.198,700763616.64698,0
1776067200000,2185.69,2188.23,2183.22,2183.22,834716.426,1776068099999,1823979994.60659,8562,153244.999,335054989.44990,0
1776068100000,2183.22,2185.56,2181.09,2185.56,529602.962,1776068999999,1155931664.55344,7625,248449.317,542344235.07632,0
1776069000000,2185.4,2185.56,2180.57,2181.1,571183.95,1776069899999,1246761286.22159,8023,128621.468,280832788.84868,0
1776069900000,2181.11,2184.32,2179.6,2184.32,459331.375,1776070799999,1002458554.79412,7282,275200.982,600834020.35176,0
1776070800000,2184.32,2192.04,2184.02,2188.32,698844.642,1776071699999,1529211006.87928,6637,419387.058,917332174.27063,0
1776071700000,2188.32,2190.68,2188.32,2189.47,267245.899,1776072599999,585166102.26720,5142,203976.079,446611651.32968,0
1776072600000,2189.48,2189.67,2188.24,2188.7,153107.241,1776073499999,335141955.34872,3692,73289.498,160452646.86355,0
1776073500000,2188.7,2189.67,2184.02,2187.44,379182.108,1776074399999,829554395.93603,5350,123124.282,269380608.31732,0
1776074400000,2187.44,2187.58,2185.33,2186.17,355548.129,1776075299999,777371433.82467,5723,135442.055,296149405.98439,0
1776075300000,2186.17,2186.3,2182.4,2182.4,303652.626,1776076199999,663134024.04726,5752,64672.568,141267440.53926,0
1776076200000,2182.4,2184.12,2179.34,2182.33,637411.336,1776077099999,1390485256.21770,6357,199483.728,435078429.95000,0
1776077100000,2181.99,2184.99,2180.72,2181.68,620685.848,1776077999999,1354670726.80753,7088,273849.172,597770745.81026,0
1776078000000,2181.66,2186.81,2181.65,2185.08,443625.43,1776078899999,969147111.04918,5917,356838.216,779509588.41845,0
1776078900000,2185.08,2186.21,2183.59,2185.66,405041.017,1776079799999,885039835.68185,5254,211701.191,462639568.91115,0
1776079800000,2185.65,2188.16,2184.46,2188.16,371206.492,1776080699999,811479270.07861,5386,228066.530,498711218.09641,0
1776080700000,2188.16,2189.4,2186.34,2186.34,568136.768,1776081599999,1243068295.95962,7028,219619.902,480703464.38246,0
1776081600000,2186.35,2187.0,2183.39,2186.01,579587.327,1776082499999,1266578615.70561,7726,334994.110,732086340.97370,0
1776082500000,2186.01,2187.01,2179.45,2179.45,694824.26,1776083399999,1516744845.99516,6776,74569.657,162934602.26556,0
1776083400000,2179.45,2181.8,2177.0,2178.76,539902.988,1776084299999,1176237714.28040,6304,90140.751,196429821.87713,0
1776084300000,2178.76,2189.82,2178.57,2188.77,651519.042,1776085199999,1422425566.06042,6944,642553.890,1402851082.88579,0
1776085200000,2189.81,2199.2,2188.77,2199.2,690116.237,1776086099999,1514945908.00784,8127,572874.070,1257561308.17395,0
1776086100000,2199.2,2200.45,2195.63,2195.87,570011.317,1776086999999,1252836999.90325,6930,324754.600,713927963.52718,0
1776087000000,2195.87,2201.42,2182.91,2187.36,715655.392,1776087899999,1567084787.44018,7924,172989.399,378870775.78575,0
1776087900000,2187.37,2210.78,2184.26,2209.61,986945.455,1776088799999,2166614118.70393,9398,622483.271,1366922817.44767,0
1776088800000,2209.53,2209.67,2203.13,2206.65,717470.241,1776089699999,1583238731.14491,6254,151052.259,333234729.45688,0
1776089700000,2206.73,2210.3,2204.78,2210.3,582366.103,1776090599999,1285717787.65271,5541,336547.766,742938203.70867,0
1776090600000,2210.3,2221.23,2210.3,2221.22,727656.095,1776091499999,1612697624.46703,7097,662205.726,1467774788.91971,0
1776091500000,2221.22,2224.49,2217.98,2224.49,632526.441,1776092399999,1405155531.04418,6648,455802.728,1012835203.77649,0
1776092400000,2223.92,2230.98,2217.83,2218.95,670461.6,1776093299999,1489685919.65223,7335,169257.638,375831779.98394,0
1776093300000,2218.96,2219.19,2211.27,2212.45,567089.14,1776094199999,1256611115.43253,7666,99673.737,220672530.89573,0
1776094200000,2212.53,2212.53,2198.89,2205.6,741019.828,1776095099999,1633929726.87546,7144,228776.408,503928638.15461,0
1776095100000,2206.47,2211.3,2202.28,2208.22,576300.185,1776095999999,1270662179.10313,5242,231810.130,511423016.76204,0
1776096000000,2208.23,2214.17,2204.76,2214.17,783594.716,1776096899999,1731473720.27644,7426,531655.547,1175401654.77829,0
1776096900000,2213.78,2224.25,2213.49,2224.25,469176.793,1776097799999,1041260368.74563,5704,371858.223,825233614.99458,0
1776097800000,2224.25,2228.12,2224.02,2226.9,746186.943,1776098699999,1661039320.14368,7432,502176.954,1117872066.24339,0
1776098700000,2226.57,2228.34,2222.97,2225.43,516026.279,1776099599999,1148600109.05902,6279,167520.306,372977878.43119,0
1776099600000,2225.4,2228.49,2222.56,2225.71,814381.153,1776100499999,1812374715.61907,8199,409896.729,912230807.09914,0
1776100500000,2225.71,2227.45,2223.63,2226.16,460979.326,1776101399999,1026077433.95286,4570,181641.060,404247979.46833,0
1776101400000,2226.1,2237.87,2226.08,2234.54,528490.37,1776102299999,1179518817.09595,6254,395970.659,883236281.91728,0
1776102300000,2234.54,2236.57,2223.1,2223.91,758250.332,1776103199999,1691780730.54680,7416,252908.355,564885227.94269,0
1776103200000,2224.01,2228.78,2223.52,2226.56,623545.12,1776104099999,1388077131.70201,6130,520978.585,1159770405.12636,0
1776104100000,2226.58,2226.62,2219.97,2220.86,832226.95,1776104999999,1850729301.41905,6159,187157.288,415990634.97694,0
1776105000000,2220.86,2232.11,2220.86,2231.86,718162.5,1776105899999,1598804892.65708,6066,673280.058,1498875207.50648,0
1776105900000,2232.08,2232.11,2227.38,2231.13,426236.428,1776106799999,950645573.40040,4595,258749.707,577186867.30947,0
1776106800000,2231.13,2232.79,2227.22,2227.38,496041.752,1776107699999,1105866388.86308,4780,106664.315,238015749.72058,0
1776107700000,2227.38,2243.64,2227.3,2240.56,908270.536,1776108599999,2029345826.97337,6733,772435.889,1724813459.57761,0
1776108600000,2240.55,2248.67,2239.83,2246.85,436607.393,1776109499999,980584165.94589,4340,305482.236,685928196.74065,0
1776109500000,2246.86,2266.49,2246.85,2262.77,657499.752,1776110399999,1485862499.32635,6518,392232.011,885442574.73602,0
1776110400000,2262.77,2263.89,2251.84,2251.84,617575.192,1776111299999,1393908376.89805,6229,25873.731,58425351.78979,0
1776111300000,2251.93,2252.91,2248.28,2252.91,591801.96,1776112199999,1331653913.66733,6817,379895.045,854966784.71738,0
1776112200000,2252.91,2256.84,2251.69,2253.05,683642.746,1776113099999,1541147606.25271,6427,400501.292,902867207.69602,0
1776113100000,2253.06,2256.42,2249.14,2251.61,680412.842,1776113999999,1532953716.17848,6622,95533.967,215272043.62124,0
1776114000000,2251.61,2256.7,2249.1,2255.65,519182.615,1776114899999,1169622231.44218,7112,349371.463,787374863.28281,0
1776114900000,2255.65,2258.65,2251.25,2252.8,833670.682,1776115799999,1879069893.32102,7082,457746.978,1031830953.64324,0
1776115800000,2252.79,2263.89,2252.67,2259.21,733622.711,1776116699999,1656240614.85376,7316,444700.340,1003043156.44334,0
1776116700000,2259.21,2262.2,2256.91,2259.1,519741.387,1776117599999,1174582596.53313,6469,218419.345,493567020.07898,0
1776117600000,2259.1,2283.01,2259.01,2283.01,930135.776,1776118499999,2107284217.01320,7141,821776.642,1862234251.10844,0
1776118500000,2268.37,2326.03,2268.36,2322.85,1050636.735,1776119399999,2426095476.07962,10979,931597.619,2150226157.37421,0
1776119400000,2322.77,2342.4,2321.07,2338.8,886005.072,1776120299999,2067920296.29338,7151,800063.791,1866913512.99475,0
1776120300000,2339.12,2354.42,2338.79,2351.66,504730.665,1776121199999,1184228198.98913,5521,262145.485,614958765.82330,0
1776121200000,2351.58,2356.46,2344.03,2353.42,770197.518,1776122099999,1811055151.14929,4821,398965.552,938637218.17219,0
1776122100000,2353.4,2388.99,2349.38,2388.99,806669.406,1776122999999,1906971982.00358,6758,761253.567,1799999178.91509,0
1776123000000,2388.99,2388.99,2371.42,2371.42,725756.806,1776123899999,1726343556.71873,6253,66345.304,157468252.07965,0
1776123900000,2371.43,2373.92,2369.47,2369.47,486717.916,1776124799999,1154567715.19409,5282,225863.745,535853883.18961,0
1776124800000,2369.47,2374.32,2364.28,2364.29,614404.64,1776125699999,1455629417.37883,6477,69144.144,163939558.23560,0
1776125700000,2364.29,2370.49,2364.28,2365.47,566469.158,1776126599999,1341032889.90620,5524,227176.918,537771016.11457,0
1776126600000,2365.47,2368.77,2362.83,2367.36,736694.671,1776127499999,1742792712.84019,6429,343694.564,813044137.86524,0
1776127500000,2367.36,2367.82,2360.55,2360.55,603745.807,1776128399999,1427060863.43734,6437,137802.093,325797168.71266,0
1776128400000,2360.55,2364.53,2356.46,2364.53,679376.252,1776129299999,1603869419.49839,6984,328408.127,775699582.48733,0
1776129300000,2364.51,2367.21,2361.72,2362.82,538215.095,1776130199999,1272612621.02355,6351,205344.113,485524188.40108,0
1776130200000,2362.81,2367.62,2360.48,2366.43,650157.463,1776131099999,1536398426.98841,6668,384901.719,909868852.63437,0
1776131100000,2366.43,2372.46,2366.18,2368.51,644434.275,1776131999999,1527039399.70384,7051,482405.982,1143133711.54351,0
1776132000000,2368.51,2373.56,2368.34,2373.56,480258.993,1776132899999,1138815312.76183,6932,413247.193,979957378.80628,0
1776132900000,2373.56,2374.88,2369.99,2369.99,675389.632,1776133799999,1602464956.75556,6883,189984.825,451027957.50997,0
1776133800000,2369.99,2371.74,2366.17,2371.73,577631.169,1776134699999,1368488247.13669,5846,325833.762,772010457.00587,0
1776134700000,2371.73,2371.73,2366.41,2367.03,383097.358,1776135599999,907671964.84666,5905,15915.877,37682620.04007,0
1776135600000,2367.03,2369.06,2365.94,2367.38,522581.53,1776136499999,1237279426.32371,6411,231028.378,547087703.77601,0
1776136500000,2367.38,2367.39,2361.84,2362.14,727277.688,1776137399999,1719621302.94567,7647,19420.497,45955381.82586,0
1776137400000,2362.14,2367.99,2362.07,2367.62,636882.834,1776138299999,1506381390.52921,5450,245104.066,579872421.08708,0
1776138300000,2367.61,2367.82,2364.81,2364.81,140130.109,1776139199999,331497895.15462,3597,8649.656,20460019.59668,0
1776139200000,2364.83,2366.67,2363.3,2364.76,311863.129,1776140099999,737640797.57559,4600,121848.297,288236653.87582,0
1776140100000,2364.76,2367.07,2363.56,2363.56,401195.452,1776140999999,948969304.96373,5279,163810.925,387558840.09457,0
1776141000000,2364.78,2366.16,2363.3,2363.45,248699.947,1776141899999,588031046.77743,5226,88556.283,209459081.03370,0
1776141900000,2363.45,2363.83,2362.79,2363.49,137143.663,1776142799999,324104456.47304,3900,40164.283,94931421.76030,0
1776142800000,2362.79,2363.59,2343.79,2361.88,650351.146,1776143699999,1535045229.51877,5102,81494.408,192456087.00996,0
1776143700000,2361.88,2366.28,2359.46,2366.28,508793.956,1776144599999,1202102976.00162,4487,368336.714,870512563.90061,0
1776144600000,2366.06,2366.28,2361.01,2361.64,581546.495,1776145499999,1374237268.39193,6872,120944.814,285807991.23495,0
1776145500000,2361.64,2361.64,2355.01,2355.08,539484.416,1776146399999,1272413657.33776,6123,5627.046,13268089.18234,0
1776146400000,2356.02,2361.93,2355.02,2360.37,462445.663,1776147299999,1091432147.90974,6279,389241.219,918673808.39639,0
1776147300000,2360.37,2366.35,2359.5,2365.7,469183.498,1776148199999,1109137133.12586,6048,453219.777,1071375623.72019,0
1776148200000,2365.68,2368.3,2364.84,2367.0,280006.346,1776149099999,662606951.73999,4935,208701.031,493929713.00084,0
1776149100000,2367.0,2372.52,2366.58,2372.45,555293.344,1776149999999,1316000234.63094,6463,472325.051,1119519643.83401,0
1776150000000,2372.44,2383.97,2371.53,2380.29,761570.247,1776150899999,1810056792.74317,7296,680760.199,1618288259.95459,0
1776150900000,2379.37,2382.01,2377.69,2379.73,444671.8,1776151799999,1058188177.75199,6518,162969.422,387926525.14509,0
1776151800000,2379.73,2379.86,2370.68,2370.68,686501.667,1776152699999,1630477719.12432,7657,56942.475,135209548.90316,0
1776152700000,2370.68,2374.9,2370.61,2374.63,295232.58,1776153599999,700486095.65064,5189,288903.133,685477708.10027,0
1776153600000,2374.62,2378.0,2374.62,2377.94,449444.668,1776154499999,1068108000.42878,4431,340800.612,809971216.42578,0
1776154500000,2377.95,2378.89,2375.19,2378.89,464810.82,1776155399999,1104885919.91794,5564,256580.597,610102609.73923,0
1776155400000,2378.89,2389.29,2378.49,2387.42,684209.057,1776156299999,1630899259.98841,5486,623661.151,1486341981.62997,0
1776156300000,2387.42,2389.17,2385.75,2386.74,463482.021,1776157199999,1106413978.82682,6039,246245.067,587961697.55093,0
1776157200000,2386.74,2391.31,2385.63,2390.38,701115.919,1776158099999,1674674031.26334,6979,549576.045,1312916773.98483,0
1776158100000,2390.79,2393.44,2387.5,2387.78,491833.318,1776158999999,1175610673.11139,5227,135016.948,322973401.28890,0
1776159000000,2387.7,2391.23,2386.05,2386.14,726213.535,1776159899999,1734561568.66683,7267,239328.351,571731141.99204,0
1776159900000,2386.15,2387.38,2384.41,2386.24,384642.824,1776160799999,917793372.43019,5223,205461.118,490343551.16864,0
1776160800000,2386.23,2386.76,2383.12,2384.05,525907.941,1776161699999,1254276180.93491,5209,254166.410,606272105.85805,0
1776161700000,2384.04,2384.3,2380.73,2382.9,434704.243,1776162599999,1035663508.71249,5258,139291.545,331977796.63488,0
1776162600000,2382.98,2383.91,2375.55,2375.55,632970.331,1776163499999,1506969811.78104,5709,91049.861,216993485.58435,0
1776163500000,2375.94,2376.55,2373.03,2374.96,379612.741,1776164399999,901566586.35788,5632,228889.469,543617443.89077,0
1776164400000,2374.96,2375.0,2372.51,2372.93,280599.438,1776165299999,666123527.19201,4462,69756.600,165633207.01959,0
1776165300000,2372.86,2375.24,2369.87,2369.89,478743.191,1776166199999,1135714575.00842,5367,251066.322,595661625.82437,0
1776166200000,2369.87,2371.97,2368.38,2371.04,248802.565,1776167099999,589786209.80871,4516,171383.403,406194194.53091,0
1776167100000,2371.04,2375.75,2370.98,2373.48,652605.433,1776167999999,1549114134.73171,5802,339104.490,805196517.33837,0
1776168000000,2374.13,2375.58,2368.95,2368.95,370173.135,1776168899999,877913083.33983,4820,45297.829,107488340.38403,0
1776168900000,2368.95,2372.39,2368.65,2371.72,444198.374,1776169799999,1053007382.29589,6246,257260.213,609937067.29054,0
1776169800000,2371.72,2374.81,2369.9,2370.27,788537.93,1776170699999,1870873803.52089,6427,314223.022,745658065.72160,0
1776170700000,2370.27,2373.05,2369.83,2372.85,293835.316,1776171599999,696992493.14471,4694,195925.496,464765740.92949,0
1776171600000,2372.85,2379.34,2372.28,2379.26,583532.162,1776172499999,1386842154.58589,5600,579963.978,1378367941.73966,0
1776172500000,2379.26,2381.99,2376.01,2376.01,774461.758,1776173399999,1843082863.12846,7146,325431.101,774764405.50510,0
1776173400000,2376.02,2389.14,2374.9,2389.14,449517.004,1776174299999,1070399024.72567,4401,441161.210,1050534132.65724,0
1776174300000,2389.12,2391.13,2386.3,2389.71,697685.073,1776175199999,1666858344.49576,5193,375664.758,897573644.43369,0
1776175200000,2389.71,2390.99,2380.7,2380.73,524216.959,1776176099999,1250595686.39607,4758,149345.497,356462006.34504,0
1776176100000,2380.73,2391.23,2379.69,2390.95,747100.869,1776176999999,1781794802.36047,5444,584922.119,1395473155.76591,0
1776177000000,2390.95,2642.24,2374.05,2374.05,1045948.853,1776177899999,2506525808.82557,9665,478083.199,1152417708.12878,0
1776177900000,2374.05,2380.0,2359.06,2360.08,767243.464,1776178799999,1815702368.85949,5465,277675.759,657213174.62533,0
1776178800000,2359.07,2360.08,2341.96,2342.11,529993.353,1776179699999,1244665259.80937,4561,105390.523,247261622.86725,0
1776179700000,2342.05,2361.83,2339.55,2340.71,991121.737,1776180599999,2322840053.38934,5332,525474.083,1232064653.52639,0
1776180600000,2340.71,2364.04,2340.49,2361.98,488650.345,1776181499999,1153048729.21944,4075,435001.989,1026482195.55594,0
1776181500000,2361.99,2368.92,2361.87,2362.41,445738.05,1776182399999,1054357784.41890,4765,295270.446,698269917.29157,0
1776182400000,2362.41,2368.6,2359.61,2360.31,749997.392,1776183299999,1773349972.68841,4683,256881.982,607524779.57791,0
1776183300000,2360.31,2365.88,2348.62,2358.3,440423.218,1776184199999,1036141161.80369,4017,217450.182,511363304.76693,0
1776184200000,2353.67,2358.3,2346.6,2350.95,631098.576,1776185099999,1482580993.53476,4818,205515.409,482946166.38538,0
1776185100000,2350.94,2351.01,2337.93,2337.93,500042.464,1776185999999,1172350468.84505,3742,22796.511,53322679.42593,0
1776186000000,2338.11,2338.23,2330.94,2337.53,693913.311,1776186899999,1619886556.56086,4796,516327.781,1205370055.34712,0
1776186900000,2337.52,2343.11,2337.38,2339.68,581937.948,1776187799999,1361899947.78337,3915,368401.248,862335493.22274,0
1776187800000,2339.68,2339.69,2328.43,2333.0,465293.884,1776188699999,1085215868.53524,3306,201722.383,470582683.86074,0
1776188700000,2331.89,2336.83,2330.54,2336.4,661774.921,1776189599999,1544518345.26845,5620,389119.845,908481147.35166,0
1776189600000,2336.41,2341.69,2335.73,2338.26,350965.793,1776190499999,821005855.41950,4234,182028.869,425872936.47636,0
1776190500000,2338.26,2341.23,2332.65,2333.69,584507.897,1776191399999,1366221807.74681,4481,173813.484,406543518.07831,0
1776191400000,2333.69,2336.4,2323.54,2325.31,665570.674,1776192299999,1550940118.11193,5820,244801.022,570524397.01909,0
1776192300000,2325.31,2326.32,2310.08,2313.14,549237.694,1776193199999,1271782618.31012,4454,233617.789,541240570.35458,0
1776193200000,2313.14,2326.4,2310.59,2318.51,717728.215,1776194099999,1663101324.94228,5653,499406.389,1157305345.74535,0
1776194100000,2318.51,2320.3,2310.07,2313.56,620970.644,1776194999999,1438712471.98607,4727,281924.591,653826222.67159,0
1776195000000,2313.56,2316.47,2308.91,2308.93,561943.201,1776195899999,1299483269.64342,4401,264658.432,612236790.31997,0
1776195900000,2309.39,2313.01,2308.6,2312.12,490673.294,1776196799999,1134025354.43704,5450,418376.498,967047301.11845,0
1776196800000,2312.24,2320.06,2311.58,2319.99,634483.809,1776197699999,1469257143.06396,4589,496496.876,1150079724.82746,0
1776197700000,2320.0,2320.05,2309.12,2310.9,471727.669,1776198599999,1091396127.32592,5255,108933.238,251781248.04716,0
1776198600000,2310.64,2313.29,2307.69,2312.79,700259.203,1776199499999,1618171089.01593,6234,438316.837,1013057351.79345,0
1776199500000,2312.79,2315.48,2309.18,2311.91,524863.488,1776200399999,1213688284.37029,5118,169330.054,391633879.20106,0
1776200400000,2311.91,2321.18,2311.82,2318.86,585111.05,1776201299999,1355435568.00954,4405,531388.612,1230891547.29368,0
1776201300000,2318.86,2320.35,2314.62,2320.35,561005.16,1776202199999,1299785128.17142,5921,272816.720,632186220.95629,0
1776202200000,2320.29,2320.43,2315.24,2317.69,455191.487,1776203099999,1054758538.30714,4456,152806.625,354088703.07193,0
1776203100000,2317.7,2323.67,2317.0,2323.01,564347.675,1776203999999,1309864074.45503,5242,508741.397,1180730379.07338,0
1776204000000,2323.0,2326.19,2320.29,2325.0,464056.579,1776204899999,1077941479.30090,3547,282579.440,656522440.79744,0
1776204900000,2325.01,2325.36,2313.39,2313.39,738797.878,1776205799999,1712437937.11422,5075,2556.993,5928891.82362,0
1776205800000,2313.39,2323.16,2311.27,2311.33,455597.248,1776206699999,1053834278.76012,4013,221588.146,512732630.75053,0
1776206700000,2311.33,2315.29,2311.19,2314.14,313526.777,1776207599999,725446983.12563,4086,311659.395,721128371.12996,0
1776207600000,2314.19,2318.77,2313.96,2317.65,489534.029,1776208499999,1134098892.77224,4302,406003.396,940658623.67847,0
1776208500000,2317.61,2320.28,2316.22,2318.07,431547.334,1776209399999,1000683285.02258,4377,248102.685,575400201.83902,0
1776209400000,2318.07,2324.4,2318.07,2323.91,718826.169,1776210299999,1668577309.91365,5834,570022.006,1323326315.05733,0
1776210300000,2323.91,2324.66,2318.93,2321.47,439316.843,1776211199999,1020053542.33274,5222,184426.344,428154621.23844,0
1776211200000,2321.47,2341.04,2321.28,2336.55,854665.082,1776212099999,1992414166.15909,5464,823753.451,1920170884.63402,0
1776212100000,2336.34,2336.6,2330.4,2336.19,536256.879,1776212999999,1250883398.34162,4157,381961.847,891143523.53790,0
1776213000000,2336.0,2336.19,2331.1,2332.62,344798.588,1776213899999,804481694.64430,4182,70134.474,163652309.87857,0
1776213900000,2332.62,2333.5,2328.55,2332.71,753453.943,1776214799999,1756484511.02493,6891,394495.594,919903926.86936,0
1776214800000,2332.69,2338.33,2330.77,2338.33,731586.925,1776215699999,1708360520.17537,6360,442993.532,1034726909.78371,0
1776215700000,2338.33,2338.33,2332.57,2334.66,584883.278,1776216599999,1365874952.80184,4998,245060.968,572349679.22287,0
1776216600000,2334.66,2336.36,2330.51,2336.36,550809.853,1776217499999,1285361515.12780,5397,276063.325,644343532.88068,0
1776217500000,2336.36,2338.15,2333.01,2335.01,509280.87,1776218399999,1189665598.04662,4849,297287.056,694562905.75301,0
1776218400000,2335.08,2336.68,2331.21,2333.07,351058.083,1776219299999,819351390.06852,4808,134214.876,313438611.86635,0
1776219300000,2333.13,2334.03,2324.82,2325.44,674685.174,1776220199999,1572196868.03738,6073,168244.008,392599076.43210,0
1776220200000,2325.44,2325.46,2317.0,2321.9,608430.951,1776221099999,1411711896.16527,4188,182329.617,422755847.79119,0
1776221100000,2322.99,2323.0,2317.92,2322.2,533923.61,1776221999999,1238891474.13072,4400,364929.046,847001896.39978,0
1776222000000,2322.2,2323.93,2319.98,2322.22,276692.336,1776222899999,642414839.54869,4259,96492.794,224016339.19390,0
1776222900000,2322.21,2327.68,2319.5,2326.0,458307.279,1776223799999,1064843217.60329,4556,410374.519,953607042.12647,0
1776223800000,2327.33,2327.33,2322.76,2323.56,451260.903,1776224699999,1049076594.71118,4685,81006.726,188414779.76300,0
1776224700000,2323.56,2327.95,2322.65,2327.72,322537.543,1776225599999,750256905.70154,4041,322079.964,749193389.77331,0
1776225600000,2327.72,2331.48,2327.61,2330.65,551001.001,1776226499999,1283832901.84369,5181,459962.782,1071641317.17725,0
1776226500000,2330.65,2331.45,2327.3,2328.48,343783.518,1776227399999,800800713.87518,4391,144864.700,337514447.12813,0
1776227400000,2329.15,2331.49,2327.65,2330.48,368617.39,1776228299999,858680903.09629,4729,262786.647,612233171.94057,0
1776228300000,2330.48,2333.09,2327.64,2331.78,440509.93,1776229199999,1026631322.29928,5092,266866.719,622044756.81257,0
1776229200000,2332.09,2335.83,2328.8,2329.34,569004.054,1776230099999,1326914109.75759,4712,298264.951,695669796.07258,0
1776230100000,2329.34,2331.18,2319.91,2321.01,638431.011,1776230999999,1484147002.26940,4941,661.101,1537735.22259,0
1776231000000,2321.01,2321.59,2316.36,2316.85,472588.068,1776231899999,1095477471.32788,4164,166153.157,385330726.99406,0
1776231900000,2316.85,2319.28,2315.46,2318.88,331989.651,1776232799999,769216993.30322,4346,211899.948,491072136.64165,0
1776232800000,2318.89,2319.42,2315.49,2317.6,326463.591,1776233699999,756479367.12676,3992,179014.327,414800584.79995,0
1776233700000,2317.6,2319.64,2316.49,2316.49,381275.772,1776234599999,883720303.45294,4559,141597.238,328259332.87048,0
1776234600000,2316.49,2317.44,2314.72,2317.43,322295.03,1776235499999,746503715.98680,3892,177381.319,410941926.76471,0
1776235500000,2317.43,2318.29,2314.72,2315.0,151172.05,1776236399999,350311404.63301,3273,52375.189,121381116.70680,0
1776236400000,2315.0,2322.46,2314.79,2319.56,534014.042,1776237299999,1238672162.09157,3852,450331.665,1044497901.82906,0
1776237300000,2319.56,2319.57,2310.74,2313.54,519989.108,1776238199999,1203434496.26577,5234,191860.227,443571315.65053,0
1776238200000,2313.54,2313.54,2309.94,2311.93,552356.48,1776239099999,1276758085.43796,5217,229371.094,530210789.34405,0
1776239100000,2311.93,2316.0,2309.65,2315.85,502894.01,1776239999999,1163280711.00623,4657,292725.053,677063687.51685,0
1776240000000,2315.86,2318.49,2312.99,2315.31,688984.063,1776240899999,1595560367.34808,5430,376370.427,871728658.68673,0
1776240900000,2315.31,2322.77,2314.69,2322.76,427535.275,1776241799999,991990859.68293,3861,418002.376,969920545.54322,0
1776241800000,2322.77,2329.67,2322.65,2326.16,469290.184,1776242699999,1091314806.77551,4887,366724.607,852651268.76723,0
1776242700000,2326.17,2328.4,2322.72,2326.49,651657.465,1776243599999,1515453754.18976,5655,305570.944,710769804.48972,0
1776243600000,2326.35,2327.63,2321.05,2323.74,543696.448,1776244499999,1263357017.58165,4460,178127.816,413814445.55072,0
1776244500000,2323.74,2324.99,2318.37,2319.29,534849.88,1776245399999,1241350982.82908,4568,45580.689,105959250.97077,0
1776245400000,2319.3,2322.57,2317.89,2320.22,328031.92,1776246299999,760800295.50880,3794,165364.252,383652981.82847,0
1776246300000,2320.22,2320.33,2317.7,2319.99,153006.034,1776247199999,354822433.96590,3184,46747.076,108413314.64193,0
1776247200000,2319.99,2323.67,2317.61,2320.92,554790.265,1776248099999,1287158483.37825,6506,312710.303,725573926.54919,0
1776248100000,2320.81,2321.15,2312.69,2312.95,741313.136,1776248999999,1717231112.44512,5743,107557.311,249162750.58876,0
1776249000000,2312.94,2319.89,2312.68,2319.89,506774.905,1776249899999,1174394854.54417,4935,505496.843,1171437332.66616,0
1776249900000,2319.88,2324.54,2315.42,2315.71,625164.148,1776250799999,1450173350.34617,4585,190614.692,442536421.68888,0
1776250800000,2315.71,2323.44,2315.41,2323.44,469480.206,1776251699999,1089346257.75016,4805,467003.487,1083599694.56130,0
1776251700000,2323.44,2325.73,2322.4,2325.16,437857.191,1776252599999,1017529194.62076,5818,285128.097,662684355.15694,0
1776252600000,2325.16,2327.44,2323.42,2327.44,524434.725,1776253499999,1219744055.87519,5423,322657.604,750650248.16851,0
1776253500000,2327.44,2335.99,2327.4,2335.99,597481.564,1776254399999,1392759622.59477,5236,441611.038,1029119185.00665,0
1776254400000,2335.98,2336.32,2330.82,2333.32,529901.19,1776255299999,1236677401.79221,5518,229238.177,535098724.77603,0
1776255300000,2333.33,2333.33,2329.7,2330.3,416634.314,1776256199999,971284084.48883,5226,111621.468,260286572.86050,0
1776256200000,2330.3,2337.55,2329.74,2335.38,641783.026,1776257099999,1498389400.10225,6509,611893.951,1428603129.60364,0
1776257100000,2335.41,2335.57,2332.26,2332.36,283758.14,1776257999999,662283337.26725,5503,48782.102,113886985.75277,0
1776258000000,2332.29,2332.51,2329.32,2329.98,302022.839,1776258899999,703875931.86233,3576,55446.072,129281359.01493,0
1776258900000,2329.99,2332.52,2326.73,2332.52,481567.565,1776259799999,1121492448.45709,4852,191407.447,445960176.61977,0
1776259800000,2331.28,2332.52,2322.89,2322.89,707600.863,1776260699999,1646138561.31528,4860,274640.156,638830951.51066,0
1776260700000,2322.89,2327.42,2317.86,2326.05,708000.482,1776261599999,1643335255.93959,5611,448596.137,1041568904.87380,0
1776261600000,2326.05,2327.53,2322.04,2327.52,571893.251,1776262499999,1329324218.37974,4058,379217.146,881446488.75473,0
1776262500000,2327.52,2341.3,2327.25,2341.3,791423.427,1776263399999,1848607739.95290,4837,571348.007,1333760356.38036,0
1776263400000,2341.3,2341.3,2328.58,2328.99,780693.736,1776264299999,1822443758.19766,4724,376795.490,879120941.53480,0
1776264300000,2329.46,2338.11,2328.63,2336.03,361710.734,1776265199999,844855283.28108,3636,248844.034,581152968.35557,0
1776265200000,2336.03,2341.96,2332.52,2338.83,878224.56,1776266099999,2052871867.49080,6147,703257.219,1644141447.72279,0
1776266100000,2338.83,2341.55,2335.5,2335.51,427509.047,1776266999999,999712970.64595,4336,143350.342,335257129.59087,0
1776267000000,2335.51,2338.01,2322.26,2331.6,590496.062,1776267899999,1373815116.78663,5245,332693.324,773455025.03354,0
1776267900000,2331.61,2335.49,2328.22,2328.51,697549.566,1776268799999,1626875803.66510,4321,313168.795,730666988.91357,0
1776268800000,2328.52,2338.57,2328.22,2338.57,376921.69,1776269699999,880325115.97306,4241,361141.798,843467121.91236,0
1776269700000,2338.57,2345.0,2337.51,2343.49,625951.832,1776270599999,1465608215.43118,4579,404804.083,947811529.20097,0
1776270600000,2343.48,2347.68,2341.4,2341.4,542344.81,1776271499999,1271411628.48858,4540,291014.008,682422934.32795,0
1776271500000,2341.4,2343.13,2334.91,2340.1,779760.976,1776272399999,1822982927.65166,5036,355754.032,831745526.93836,0
1776272400000,2340.1,2345.98,2339.53,2342.67,477361.916,1776273299999,1118681813.29231,3896,325555.571,762922741.04950,0
1776273300000,2342.68,2351.37,2341.57,2351.36,623015.0,1776274199999,1461404776.44848,4309,507732.525,1191393221.42734,0
1776274200000,2351.37,2352.71,2341.03,2341.27,667081.243,1776275099999,1565180160.02599,4467,54956.176,129173602.60063,0
1776275100000,2341.04,2347.39,2341.03,2347.2,434780.93,1776275999999,1019552758.50061,4191,428542.896,1004924953.96531,0
1776276000000,2347.2,2352.59,2346.07,2352.59,658985.478,1776276899999,1548565565.87512,5166,588637.838,1383403226.56029,0
1776276900000,2352.55,2354.09,2346.48,2349.88,433017.959,1776277799999,1017700277.26163,3914,251307.936,590889954.54279,0
1776277800000,2349.88,2353.21,2347.53,2353.19,638658.321,1776278699999,1501506759.36183,4740,515407.200,1211784554.76412,0
1776278700000,2353.19,2358.09,2352.99,2357.35,329523.468,1776279599999,776109444.89368,3565,328241.179,773089241.14984,0
1776279600000,2357.21,2365.2,2356.59,2364.81,615410.139,1776280499999,1452303024.58002,4192,486217.425,1147569274.80536,0
1776280500000,2364.81,2365.2,2360.64,2364.15,734955.054,1776281399999,1736374686.97541,5380,407954.325,963993499.29450,0
1776281400000,2364.15,2381.96,2363.61,2375.22,706549.187,1776282299999,1675138213.79586,5612,563994.079,1336487162.89494,0
1776282300000,2375.22,2376.03,2370.18,2373.69,522632.921,1776283199999,1240248497.43014,4148,242664.677,575825978.26420,0
1776283200000,2373.69,2374.04,2360.64,2360.77,671707.379,1776284099999,1589988281.34179,4413,886.296,2098677.27490,0
1776284100000,2360.77,2361.28,2355.26,2358.63,568274.876,1776284999999,1339860318.12453,4314,85309.126,201145144.99030,0
1776285000000,2358.74,2363.91,2355.35,2357.72,442909.371,1776285899999,1045312478.11655,3359,371672.399,877382376.21453,0
1776285900000,2357.72,2362.79,2357.46,2361.55,513328.883,1776286799999,1211543091.77991,4620,427203.134,1008159629.08274,0
1776286800000,2361.55,2361.58,2352.47,2352.47,773598.772,1776287699999,1823138281.14248,5445,15664.412,36948089.87927,0
1776287700000,2352.47,2352.48,2350.01,2352.21,268842.057,1776288599999,632096126.84987,2741,78700.074,185035946.70566,0
1776288600000,2352.21,2358.59,2349.09,2357.33,519220.438,1776289499999,1222080974.53660,3831,404231.662,951835015.85244,0
1776289500000,2358.58,2360.7,2357.33,2360.0,338940.962,1776290399999,799674824.82268,2725,257002.542,606407773.96678,0
1776290400000,2360.0,2376.64,2359.86,2373.74,916837.217,1776291299999,2169295353.48142,4523,671863.872,1588499010.38954,0
1776291300000,2373.74,2374.14,2366.83,2367.79,217430.714,1776292199999,515389159.00161,3317,72936.940,172809638.66058,0
1776292200000,2367.79,2373.33,2366.82,2370.3,477774.049,1776293099999,1132017749.98227,4183,302245.699,716201828.52910,0
1776293100000,2370.3,2371.61,2362.31,2362.34,816191.027,1776293999999,1932351046.08308,5077,179300.351,425087729.40211,0
1776294000000,2362.33,2362.43,2355.99,2356.48,378860.032,1776294899999,893628104.32455,2759,4195.757,9909492.66659,0
1776294900000,2356.48,2356.52,2351.46,2353.67,121882.685,1776295799999,286928430.48297,2607,76539.839,180116150.63927,0
1776295800000,2353.67,2354.81,2349.15,2352.06,460297.442,1776296699999,1082272083.58308,4831,167825.786,394626479.22917,0
1776296700000,2352.06,2359.64,2351.93,2357.65,519011.594,1776297599999,1222728673.66647,3818,446331.024,1051356567.76750,0
1776297600000,2357.65,2358.5,2351.25,2353.87,633060.332,1776298499999,1490429646.34991,4471,122601.928,288528638.01219,0
1776298500000,2353.87,2354.74,2350.02,2352.99,482468.449,1776299399999,1134838124.25916,3704,226572.649,533042373.41331,0
1776299400000,2352.99,2360.24,2352.95,2358.36,469899.213,1776300299999,1107440581.20383,3732,385654.992,908765133.31388,0
1776300300000,2358.36,2360.2,2354.83,2359.14,566465.212,1776301199999,1335427213.67786,4912,294212.772,693741012.03904,0
1776301200000,2359.16,2359.17,2348.2,2348.88,662458.835,1776302099999,1558924100.09749,4258,136126.402,320382186.64533,0
1776302100000,2348.88,2354.25,2348.2,2349.33,447717.352,1776302999999,1052437638.64770,4391,322082.120,757109694.75449,0
1776303000000,2349.98,2353.69,2349.33,2353.65,427409.642,1776303899999,1005125065.02273,4457,340702.482,801229377.14307,0
1776303900000,2353.65,2354.63,2347.95,2349.81,502124.597,1776304799999,1180927521.07102,4736,163190.802,384073992.88739,0
1776304800000,2349.81,2354.97,2349.81,2351.51,622853.293,1776305699999,1465667024.48159,5113,376680.995,886414732.05634,0
1776305700000,2351.51,2356.06,2348.88,2356.06,470117.747,1776306599999,1105559678.41002,3830,167934.977,395161364.80782,0
1776306600000,2356.06,2365.57,2356.0,2364.53,761402.662,1776307499999,1797547231.50978,3785,760013.012,1794267208.35949,0
1776307500000,2364.53,2365.61,2354.07,2356.04,450320.69,1776308399999,1061284754.84875,3735,40553.440,95547262.43442,0
1776308400000,2356.04,2360.57,2355.13,2357.72,578091.49,1776309299999,1363445271.31126,4122,462094.083,1089938698.69388,0
1776309300000,2357.4,2363.39,2357.21,2360.69,611881.472,1776310199999,1444661114.94993,5145,553947.150,1307858580.38656,0
1776310200000,2360.69,2360.74,2356.82,2359.52,518950.416,1776311099999,1224137461.73404,4713,193166.627,455743087.61269,0
1776311100000,2359.52,2360.68,2356.9,2356.91,472722.802,1776311999999,1114808371.22825,4410,168245.802,396815588.71192,0
1776312000000,2356.91,2359.84,2354.51,2357.72,635447.094,1776312899999,1497863497.19482,4027,265275.040,625314205.71792,0
1776312900000,2357.72,2359.55,2356.34,2356.35,214929.601,1776313799999,506764418.42125,3325,92698.030,218584451.68938,0
1776313800000,2356.8,2361.76,2354.31,2360.75,243509.544,1776314699999,574339884.75269,2818,174252.756,411223133.59388,0
1776314700000,2360.75,2361.76,2351.41,2353.28,386438.236,1776315599999,910261396.85000,2938,13866.342,32714942.32770,0
1776315600000,2353.28,2354.42,2348.86,2350.92,618883.982,1776316499999,1455232104.11564,4233,178281.731,419300070.30174,0
1776316500000,2350.92,2357.63,2350.63,2356.17,352206.402,1776317399999,829066957.17836,4283,351415.215,827204518.73282,0
1776317400000,2356.17,2358.0,2355.01,2356.0,182088.386,1776318299999,429154519.56781,2958,39324.650,92697061.27412,0
1776318300000,2356.0,2356.0,2354.75,2355.0,39500.6,1776319199999,93019475.50463,2014,811.208,1910748.91427,0
1776319200000,2355.0,2357.99,2354.71,2357.45,304166.031,1776320099999,716758719.44662,3305,210089.011,495075385.55683,0
1776320100000,2357.02,2357.72,2354.67,2354.67,134523.329,1776320999999,316991992.59599,2725,29315.637,69111704.45318,0
1776321000000,2354.67,2355.23,2350.99,2351.53,411554.007,1776321899999,968209935.70122,3609,23936.284,56283788.83277,0
1776321900000,2351.53,2354.33,2350.82,2353.97,279660.929,1776322799999,658026425.06605,3581,277411.872,652737223.53914,0
1776322800000,2353.97,2354.8,2349.95,2351.11,212733.782,1776323699999,500322793.35045,3126,30932.461,72805346.32371,0
1776323700000,2351.11,2353.3,2350.45,2350.66,250406.371,1776324599999,588849752.26468,3505,98247.819,231129001.39183,0
1776324600000,2350.66,2350.88,2348.75,2348.99,141033.683,1776325499999,331392930.33148,2722,2306.786,5421001.11592,0
1776325500000,2349.03,2349.32,2335.6,2340.36,726757.627,1776326399999,1702615964.82390,5161,199452.539,466600186.69310,0
1776326400000,2340.35,2340.47,2334.53,2334.6,560456.026,1776327299999,1309452470.63547,4279,148484.989,346993090.65926,0
1776327300000,2334.6,2340.14,2334.53,2339.77,474767.472,1776328199999,1110005368.12049,3868,368011.450,860431834.64551,0
1776328200000,2339.77,2342.51,2339.4,2342.0,407640.311,1776329099999,954288113.52467,3693,188410.259,441241615.72475,0
1776329100000,2342.0,2344.58,2336.86,2336.86,612727.981,1776329999999,1434793024.38324,4859,243631.506,570913440.01282,0
1776330000000,2336.9,2341.95,2336.86,2341.83,285335.464,1776330899999,667564762.23943,2273,245285.512,573873465.02047,0
1776330900000,2341.95,2346.58,2341.73,2345.23,234821.629,1776331799999,550418855.02965,2603,230008.158,539133285.17103,0
1776331800000,2345.23,2346.58,2338.22,2338.42,604766.831,1776332699999,1416342575.61991,4703,42710.762,100060969.54535,0
1776332700000,2338.42,2339.55,2337.01,2337.03,130304.544,1776333599999,304607222.50893,2733,34486.938,80620392.03783,0
1776333600000,2337.03,2338.24,2328.22,2329.21,594142.047,1776334499999,1386101277.78030,4240,111861.130,260768841.33972,0
1776334500000,2329.3,2335.24,2329.05,2334.8,422734.246,1776335399999,986038390.94089,3633,414503.093,966859254.79017,0
1776335400000,2334.8,2335.56,2331.64,2331.64,385088.941,1776336299999,898667572.88703,3466,96918.354,226247801.33425,0
1776336300000,2331.64,2332.43,2328.22,2331.53,586877.698,1776337199999,1367929567.74937,5242,311132.505,725304112.55028,0
1776337200000,2331.54,2332.42,2329.23,2329.86,247519.587,1776338099999,576815056.11098,4240,15992.538,37260445.93092,0
1776338100000,2329.85,2331.11,2329.0,2331.11,284504.339,1776338999999,662932271.39445,5052,213075.501,496514686.17490,0
1776339000000,2331.1,2333.01,2330.51,2331.06,371289.953,1776339899999,865709672.17099,5146,224315.313,523093303.86678,0
1776339900000,2331.04,2334.72,2330.6,2334.43,306570.712,1776340799999,715307610.06594,4489,254098.643,592881158.62644,0
1776340800000,2334.64,2345.48,2333.25,2343.75,725138.487,1776341699999,1696033471.90659,5599,560835.133,1311451709.40421,0
1776341700000,2343.75,2343.9,2338.27,2339.23,275025.894,1776342599999,643571835.59895,3804,23249.984,54404670.79577,0
1776342600000,2339.23,2339.73,2335.85,2338.2,360103.969,1776343499999,841867250.11429,5195,118756.971,277719877.15203,0
1776343500000,2338.2,2340.35,2336.54,2340.32,312622.589,1776344399999,731024138.92143,3682,307693.370,719498890.93025,0
1776344400000,2340.32,2343.74,2337.51,2343.47,578846.194,1776345299999,1354781768.85038,4987,463266.178,1084411690.21740,0
1776345300000,2343.47,2347.54,2343.0,2347.54,582090.768,1776346199999,1365426212.73486,5517,389606.698,914046130.54580,0
1776346200000,2347.55,2347.55,2335.05,2335.75,675183.052,1776347099999,1580346313.33863,4430,235351.089,550527554.65521,0
1776347100000,2335.75,2337.96,2302.06,2307.05,928986.564,1776347999999,2157147577.75499,7396,44066.600,102421458.60604,0
1776348000000,2307.05,2326.07,2298.52,2306.32,765268.754,1776348899999,1763626042.85892,5977,278340.421,641992648.07285,0
1776348900000,2306.32,2307.37,2286.84,2294.13,589862.708,1776349799999,1352563138.16194,5690,265840.277,609334123.67909,0
1776349800000,2294.13,2303.17,2293.49,2300.85,705101.453,1776350699999,1621084521.59335,5155,651026.136,1496758852.84930,0
1776350700000,2303.17,2310.6,2300.84,2307.69,464760.886,1776351599999,1072381268.46146,4540,371789.336,857868280.53649,0
1776351600000,2307.69,2320.95,2305.24,2320.87,642857.395,1776352499999,1486850015.13019,3957,489487.366,1132686076.11548,0
1776352500000,2320.88,2326.03,2318.8,2319.26,604628.768,1776353399999,1404271972.02811,3846,348970.325,810671167.01366,0
1776353400000,2319.38,2341.26,2318.36,2337.59,814773.441,1776354299999,1898133835.44153,5792,722981.987,1684320776.64788,0
1776354300000,2337.59,2341.26,2332.08,2339.0,464049.992,1776355199999,1083214033.14168,3830,288323.865,673087246.02610,0
1776355200000,2339.0,2344.46,2333.86,2333.86,868459.937,1776356099999,2032340763.71508,5761,488543.370,1143291177.89851,0
1776356100000,2334.3,2340.71,2332.58,2333.13,420885.442,1776356999999,983842979.07497,4319,22035.876,51428508.23197,0
1776357000000,2333.13,2334.73,2319.01,2321.01,458892.601,1776357899999,1066936797.23008,3558,81637.334,189486785.41370,0
1776357900000,2321.01,2322.09,2311.0,2315.8,651347.721,1776358799999,1509109746.20798,3910,86869.886,201362677.01488,0
1776358800000,2319.37,2319.44,2313.32,2313.32,568255.472,1776359699999,1315975526.04425,4481,394498.631,913798875.90664,0
1776359700000,2313.32,2323.3,2312.11,2323.28,649551.359,1776360599999,1505901085.61084,3802,440014.212,1020669429.37690,0
1776360600000,2323.28,2324.73,2318.69,2323.86,481272.799,1776361499999,1117398371.37136,3141,359644.579,834940204.30306,0
1776361500000,2323.86,2326.66,2320.38,2324.55,576874.505,1776362399999,1340848394.41393,3765,303837.326,706162451.55524,0
1776362400000,2324.57,2328.07,2320.38,2323.62,599066.736,1776363299999,1391982749.49431,3627,362218.346,841896852.71656,0
1776363300000,2323.63,2329.37,2323.6,2323.61,395742.009,1776364199999,920776290.13334,3420,162546.618,378231567.83154,0
1776364200000,2323.61,2332.87,2323.61,2330.54,696273.964,1776365099999,1621682910.55679,5755,588398.149,1370165260.17480,0
1776365100000,2330.54,2339.35,2330.53,2339.34,454920.718,1776365999999,1062878587.97315,3212,452613.274,1057485760.77798,0
1776366000000,2339.34,2344.43,2334.44,2335.46,719438.016,1776366899999,1683179711.20759,5729,211448.030,495124031.73865,0
1776366900000,2335.47,2342.84,2334.44,2339.56,505359.259,1776367799999,1182508029.83956,4029,450575.764,1054269882.41811,0
1776367800000,2339.65,2355.88,2339.56,2355.31,972448.234,1776368699999,2283781321.06811,5860,970437.362,2279067816.48518,0
1776368700000,2354.99,2359.47,2343.56,2358.88,449261.464,1776369599999,1058941224.03545,4789,376970.018,888510431.39282,0
1776369600000,2358.88,2360.03,2353.59,2357.72,563025.634,1776370499999,1327215275.21897,5590,303283.667,715045546.84476,0
1776370500000,2357.72,2359.43,2349.19,2349.93,501779.514,1776371399999,1181407397.63062,5616,207509.849,488611350.17541,0
1776371400000,2349.94,2349.99,2341.75,2343.22,671486.671,1776372299999,1574843609.66502,5695,52643.875,123477634.45402,0
1776372300000,2343.22,2349.13,2342.43,2348.88,488634.656,1776373199999,1146770839.70710,4855,431890.111,1013604888.31464,0
1776373200000,2348.88,2353.3,2346.5,2349.87,692223.046,1776374099999,1627035743.59574,6097,412356.848,969148221.88591,0
1776374100000,2349.87,2350.21,2333.02,2333.07,687279.641,1776374999999,1611034802.16743,4661,42543.212,99749281.20468,0
1776375000000,2333.07,2341.61,2333.02,2338.62,419753.519,1776375899999,982155498.53787,4372,137538.070,321907612.87686,0
1776375900000,2338.62,2338.7,2338.46,2338.68,24801.433,1776376799999,57998687.66656,2335,317.686,742964.69426,0
1776376800000,2338.68,2348.38,2338.49,2342.66,877949.652,1776377699999,2058638151.73274,6066,556155.732,1303884848.06908,0
1776377700000,2342.66,2343.34,2338.47,2342.03,738582.568,1776378599999,1728965131.14254,5699,408891.112,957344539.83674,0
1776378600000,2342.03,2344.34,2340.89,2343.87,439479.987,1776379499999,1029601950.80014,5700,321923.895,754275591.53115,0
1776379500000,2343.87,2346.28,2340.45,2340.9,544409.383,1776380399999,1276017871.96256,5519,330769.510,775701027.57928,0
1776380400000,2340.89,2344.87,2340.44,2342.65,271021.262,1776381299999,635067998.62826,3500,234213.610,548825996.34396,0
1776381300000,2342.65,2349.33,2341.49,2347.19,607836.389,1776382199999,1425098815.38397,4908,422452.630,990586638.47605,0
1776382200000,2347.19,2353.2,2347.16,2351.52,585360.895,1776383099999,1375753220.28157,4947,463908.685,1090224873.55620,0
1776383100000,2351.52,2351.52,2345.44,2347.54,471274.798,1776383999999,1106522054.19752,6041,109715.992,257485733.59495,0
1776384000000,2347.56,2349.75,2341.88,2341.89,580984.675,1776384899999,1362840185.22032,5156,239952.140,563192604.99380,0
1776384900000,2341.89,2344.69,2340.68,2344.39,565405.589,1776385799999,1324624473.10775,6321,372114.166,871969335.88230,0
1776385800000,2344.39,2348.43,2343.67,2346.06,304357.245,1776386699999,714035749.73288,3930,225305.267,528532850.41529,0
1776386700000,2346.06,2346.2,2342.93,2343.05,315627.274,1776387599999,739941756.09516,3551,64769.728,151855446.09002,0
1776387600000,2343.14,2347.77,2340.99,2342.7,690805.601,1776388499999,1619372406.52335,4801,250494.858,587606637.20988,0
1776388500000,2342.74,2343.47,2332.66,2332.69,452090.579,1776389399999,1057029645.99184,4087,87986.061,206016543.88744,0
1776389400000,2332.67,2334.05,2327.92,2330.85,769465.356,1776390299999,1793511535.35911,5504,441009.493,1027850394.92131,0
1776390300000,2331.2,2335.97,2327.9,2334.45,440031.574,1776391199999,1025847009.52713,5001,318134.818,742005120.47611,0
1776391200000,2334.45,2337.46,2329.96,2331.52,523563.437,1776392099999,1222213780.96986,4914,238332.762,556677193.98667,0
1776392100000,2331.52,2331.71,2326.87,2327.23,429400.946,1776392999999,1000063303.83582,4574,86075.638,200440543.73620,0
1776393000000,2327.29,2331.96,2324.71,2329.08,594272.002,1776393899999,1383633816.26496,5514,292201.739,680706139.36078,0
1776393900000,2329.08,2330.74,2328.0,2330.01,220490.512,1776394799999,513549292.74398,4266,80328.215,187143271.61624,0
1776394800000,2330.01,2330.63,2326.67,2327.77,283402.032,1776395699999,659804299.71503,5349,52264.131,121699091.97586,0
1776395700000,2327.77,2329.22,2325.8,2326.38,308767.127,1776396599999,718754616.00234,4367,113216.046,263652214.50550,0
1776396600000,2326.38,2329.44,2323.38,2328.04,533534.828,1776397499999,1241363379.18050,4859,310362.844,722174604.44927,0
1776397500000,2328.08,2329.08,2324.42,2324.46,483004.645,1776398399999,1123615382.27116,5353,152979.632,356083832.98119,0
1776398400000,2324.42,2326.44,2323.81,2326.43,214706.899,1776399299999,499195446.79620,3776,131655.334,306175801.91190,0
1776399300000,2326.44,2330.51,2326.44,2328.96,608922.863,1776400199999,1418046832.82472,6075,524784.657,1222099919.95003,0
1776400200000,2328.95,2330.09,2328.94,2330.09,130689.306,1776401099999,304470275.27145,3009,129038.679,300624714.02395,0
1776401100000,2330.09,2330.11,2327.47,2327.47,211148.61,1776401999999,491729996.29040,4456,48868.950,113832226.91387,0
1776402000000,2327.8,2327.91,2318.66,2318.67,679521.214,1776402899999,1579118695.99126,5403,27455.634,63774269.08969,0
1776402900000,2318.66,2323.97,2318.66,2320.55,438829.763,1776403799999,1018508087.69841,4582,287489.365,667143469.63409,0
1776403800000,2320.54,2322.45,2319.65,2320.42,486929.998,1776404699999,1130190347.52305,5804,226893.973,526693002.28630,0
1776404700000,2320.42,2321.02,2317.73,2317.75,310732.795,1776405599999,720651285.82512,5239,15109.915,35064657.46118,0
1776405600000,2317.75,2323.67,2317.05,2323.66,623071.707,1776406499999,1445908936.67523,5521,465719.992,1080965880.65324,0
1776406500000,2323.66,2324.51,2323.64,2324.51,95751.949,1776407399999,222532595.94128,3051,94844.050,220422579.29366,0
1776407400000,2324.51,2328.01,2324.01,2328.01,261233.174,1776408299999,607657345.83968,4203,260875.920,606826755.33786,0
1776408300000,2328.01,2330.47,2326.94,2329.3,305172.068,1776409199999,710839301.14171,5036,279216.716,650381705.01239,0
1776409200000,2329.3,2340.0,2329.1,2337.72,692654.968,1776410099999,1616378726.09450,5442,598668.718,1396581659.46720,0
1776410100000,2337.73,2337.82,2333.69,2335.66,520818.234,1776410999999,1216311774.18767,6103,99729.031,232888224.49951,0
1776411000000,2335.65,2337.05,2332.39,2333.35,404341.717,1776411899999,944106955.21575,4503,169531.625,396033266.49703,0
1776411900000,2333.35,2333.87,2329.34,2332.48,541992.786,1776412799999,1263648825.26108,6349,276785.147,645389173.65095,0
1776412800000,2332.48,2337.41,2332.12,2335.62,547939.654,1776413699999,1279544638.75557,5315,526925.801,1230473767.23737,0
1776413700000,2335.62,2339.9,2334.74,2339.47,703884.668,1776414599999,1645498596.24897,5474,573547.459,1340857274.30534,0
1776414600000,2339.47,2348.55,2339.12,2347.79,451274.144,1776415499999,1058642438.08118,4391,230132.610,539662135.05554,0
1776415500000,2347.77,2355.15,2345.54,2353.46,618383.591,1776416399999,1452898135.90105,5338,479906.740,1127917045.87180,0
1776416400000,2353.46,2355.15,2348.14,2354.98,599237.999,1776417299999,1408832288.43820,5887,263601.184,619991801.53471,0
1776417300000,2354.89,2363.51,2350.84,2363.51,960675.693,1776418199999,2263924542.49225,7411,811844.034,1913801389.58032,0
1776418200000,2363.51,2363.74,2352.1,2353.62,476319.441,1776419099999,1121505764.87215,5489,303279.510,714145102.20626,0
1776419100000,2354.48,2357.7,2351.95,2357.7,448879.146,1776419999999,1056998342.25872,4789,305088.116,718489788.61140,0
1776420000000,2357.7,2359.43,2351.71,2352.95,772049.272,1776420899999,1818763820.40222,5544,190521.316,449231879.76126,0
1776420900000,2353.72,2355.79,2347.88,2347.88,486938.029,1776421799999,1145505378.36407,4017,75234.314,177138667.79587,0
1776421800000,2347.88,2350.31,2337.72,2337.72,611288.553,1776422699999,1430968612.30480,5487,204626.552,479159676.80831,0
1776422700000,2337.72,2342.75,2336.72,2342.53,487377.404,1776423599999,1140389200.65240,5535,339750.917,795315030.71287,0
1776423600000,2342.53,2347.57,2342.16,2346.91,463956.266,1776424499999,1088256502.24738,4357,460371.274,1079857089.66171,0
1776424500000,2346.91,2352.29,2346.9,2351.39,604975.774,1776425399999,1421598138.57082,5817,557624.937,1310281721.72356,0
1776425400000,2351.97,2353.02,2347.91,2348.55,448865.403,1776426299999,1055145830.42847,5552,133249.976,313453931.82570,0
1776426300000,2348.55,2355.12,2347.91,2353.87,510476.403,1776427199999,1200909169.92884,5572,470975.435,1107972127.26075,0
1776427200000,2353.87,2355.63,2348.68,2355.44,742736.889,1776428099999,1746921475.23229,6214,522579.050,1229296891.84461,0
1776428100000,2355.43,2358.02,2352.62,2358.01,532431.657,1776428999999,1253938585.39473,5290,281433.161,662998298.21840,0
1776429000000,2358.01,2361.69,2353.82,2355.11,456525.031,1776429899999,1076587053.17039,5356,340875.829,803907946.73287,0
1776429900000,2355.11,2371.7,2354.89,2371.61,844982.278,1776430799999,1997866890.21735,5613,819423.246,1937410406.20342,0
1776430800000,2371.61,2393.59,2367.58,2393.59,897656.343,1776431699999,2137072048.69921,7665,766769.350,1826775821.65452,0
1776431700000,2390.9,2424.14,2388.37,2403.72,864697.209,1776432599999,2080599609.77385,9017,651884.398,1568067721.37006,0
1776432600000,2403.72,2411.15,2391.51,2411.14,549258.417,1776433499999,1321871084.25078,5995,455287.590,1096028096.31863,0
1776433500000,2411.14,2485.0,2407.06,2435.2,710566.442,1776434399999,1721768600.72200,9504,578218.048,1400120936.73289,0
1776434400000,2435.2,2439.03,2427.83,2428.07,571059.245,1776435299999,1389601600.06686,5957,156200.505,380336367.17987,0
1776435300000,2428.3,2433.57,2427.82,2433.56,444439.665,1776436199999,1080436408.86592,3996,302535.371,735448714.67377,0
1776436200000,2433.56,2687.72,2432.84,2444.18,801865.628,1776437099999,1959575709.65611,6983,715860.331,1749371949.98741,0
1776437100000,2444.13,2451.66,2443.08,2446.17,542475.506,1776437999999,1327292354.11977,5184,383951.042,939556491.74556,0
1776438000000,2446.0,2446.62,2436.89,2443.1,730126.478,1776438899999,1784331439.80544,6161,182260.701,445517490.73992,0
1776438900000,2443.6,2446.89,2439.03,2443.9,478201.0,1776439799999,1168334134.26137,5204,295062.038,721032657.77160,0
1776439800000,2443.9,2445.58,2433.6,2436.3,806500.742,1776440699999,1969090381.51600,6265,198268.342,484336885.52371,0
1776440700000,2436.84,2442.91,2435.46,2440.64,444638.198,1776441599999,1084535679.18373,3927,244068.634,595325114.34058,0
1776441600000,2440.66,2447.4,2440.55,2443.43,626468.46,1776442499999,1531484682.33147,5758,440009.105,1075797154.93796,0
1776442500000,2443.43,2451.95,2441.35,2451.95,589796.519,1776443399999,1442398272.17522,4847,412963.617,1010281337.23792,0
1776443400000,2451.95,2461.48,2451.25,2459.0,679068.352,1776444299999,1667709318.66680,5059,500542.109,1228751008.01614,0
1776444300000,2458.0,2459.0,2448.31,2448.75,545096.92,1776445199999,1336411133.03898,5365,50958.997,124931620.72101,0
1776445200000,2448.75,2451.0,2436.13,2436.61,560433.977,1776446099999,1370427771.76805,5543,66209.187,162123760.84241,0
1776446100000,2436.61,2440.32,2423.08,2426.73,790615.085,1776446999999,1923395905.74934,6176,416310.603,1013507030.80789,0
1776447000000,2426.68,2438.13,2426.59,2433.89,474235.357,1776447899999,1153493794.15150,4803,241552.077,587468591.96214,0
1776447900000,2433.89,2440.3,2433.84,2438.56,493433.642,1776448799999,1202998898.23562,4982,303482.709,739790719.83924,0
1776448800000,2438.56,2440.37,2417.21,2417.78,690781.343,1776449699999,1679181666.34719,5669,124479.038,302869942.69044,0
1776449700000,2426.64,2428.81,2418.12,2419.05,750904.902,1776450599999,1817873038.58800,6249,198801.577,481369791.29259,0
1776450600000,2419.07,2429.0,2418.93,2428.81,428518.613,1776451499999,1039482757.33352,4499,401794.215,974681875.79339,0
1776451500000,2428.82,2428.87,2418.25,2419.33,433992.245,1776452399999,1051854155.85812,4650,73717.188,178398717.07068,0
1776452400000,2419.37,2424.1,2418.12,2420.99,578907.587,1776453299999,1401274134.77713,5323,465917.841,1127929617.53994,0
1776453300000,2420.99,2427.36,2420.98,2422.73,617777.438,1776454199999,1498033266.10142,5785,286807.024,695450688.87850,0
1776454200000,2422.73,2430.48,2422.54,2429.55,569551.35,1776455099999,1381880504.66949,5432,317261.999,769907926.99500,0
1776455100000,2429.55,2429.93,2425.19,2428.63,538067.246,1776455999999,1306393720.43295,4462,91676.951,222535218.98437,0
1776456000000,2428.63,2433.66,2427.02,2431.82,506853.045,1776456899999,1232309765.00323,5914,341749.062,830975440.05483,0
1776456900000,2431.82,2432.43,2426.88,2426.99,534040.946,1776457799999,1297386127.58055,6211,17340.385,42121987.60372,0
1776457800000,2426.99,2427.31,2417.65,2420.34,659042.662,1776458699999,1596094730.21043,4694,224276.602,542768147.45339,0
1776458700000,2420.34,2425.92,2418.92,2425.71,418616.075,1776459599999,1014329315.31925,5369,398233.170,965011864.98009,0
1776459600000,2425.71,2430.13,2425.47,2428.07,334879.189,1776460499999,813251704.68294,4842,291491.065,707898355.25176,0
1776460500000,2428.07,2431.54,2425.7,2427.81,569810.324,1776461399999,1383985322.18246,5203,315279.106,765843320.13809,0
1776461400000,2427.81,2427.81,2418.75,2426.73,597944.383,1776462299999,1449612965.45983,5418,108272.954,262496681.35278,0
1776462300000,2426.73,2429.86,2426.2,2428.99,682804.287,1776463199999,1658080399.40914,5506,499056.174,1211865214.63044,0
1776463200000,2428.99,2429.9,2426.23,2428.63,147176.753,1776464099999,357487164.39698,4082,16887.883,41006208.36086,0
1776464100000,2428.63,2429.91,2422.8,2429.89,688425.542,1776464999999,1670500807.01542,6427,401378.798,974290455.21048,0
1776465000000,2429.89,2438.36,2429.68,2435.07,688992.968,1776465899999,1677496201.02374,4306,640557.173,1559486490.79850,0
1776465900000,2435.07,2437.07,2431.88,2431.98,525869.107,1776466799999,1280155812.59401,5850,225170.047,548365493.81242,0
1776466800000,2431.97,2432.05,2427.44,2427.89,429243.029,1776467699999,1042777507.25710,6034,19837.976,48210284.08157,0
1776467700000,2427.89,2427.91,2415.3,2419.81,667831.582,1776468599999,1617083814.09339,4923,66172.161,160003314.59608,0
1776468600000,2419.81,2423.39,2419.18,2419.18,483493.13,1776469499999,1170708554.37721,4790,268266.651,649673782.22681,0
1776469500000,2419.18,2421.16,2417.41,2418.36,481568.61,1776470399999,1165164632.20828,5787,201915.482,488630915.41266,0
1776470400000,2419.46,2421.87,2415.88,2416.52,448274.556,1776471299999,1084236193.44202,5276,146883.214,355466840.24251,0
1776471300000,2416.52,2420.46,2415.88,2420.45,512982.915,1776472199999,1240753465.47296,5622,322817.012,780865920.45980,0
1776472200000,2420.45,2420.6,2411.0,2415.15,596308.985,1776473099999,1440601987.26333,4332,78480.664,189271363.19944,0
1776473100000,2415.12,2421.87,2412.53,2418.5,660058.979,1776473999999,1595498429.05022,6103,394396.701,953461625.28743,0
1776474000000,2418.47,2425.91,2416.18,2425.2,621161.916,1776474899999,1503355262.71198,5823,463411.279,1121936754.45449,0
1776474900000,2424.11,2425.2,2422.46,2422.87,344867.148,1776475799999,835654217.20691,5342,80146.064,194211718.02101,0
1776475800000,2422.88,2423.4,2417.97,2421.47,603978.375,1776476699999,1461772017.48663,6762,238835.208,578137069.87364,0
1776476700000,2421.48,2421.78,2417.75,2420.28,423070.167,1776477599999,1023659859.48037,5049,117164.566,283551908.28892,0
1776477600000,2420.28,2420.47,2415.99,2418.36,434456.043,1776478499999,1050558806.42666,5594,141227.174,341570340.52278,0
1776478500000,2418.63,2423.11,2418.38,2420.99,386375.044,1776479399999,935626976.86048,5191,268671.487,650629192.29629,0
1776479400000,2420.99,2421.62,2418.64,2419.52,577155.676,1776480299999,1396829386.90403,6905,241748.164,585129016.70450,0
1776480300000,2419.52,2419.66,2418.2,2418.29,124899.623,1776481199999,302105504.65112,4049,12362.345,29899945.09088,0
1776481200000,2418.54,2418.71,2415.19,2417.05,462765.964,1776482099999,1118411460.13018,5060,136337.434,329525383.19049,0
1776482100000,2417.07,2418.14,2415.02,2415.62,229214.688,1776482999999,553988020.51357,4151,106434.106,257311766.47402,0
1776483000000,2415.62,2415.83,2413.55,2414.4,205094.287,1776483899999,495198797.13825,4232,63293.619,152873434.78536,0
1776483900000,2414.4,2418.14,2406.88,2407.71,500074.068,1776484799999,1206910973.02933,4742,137800.541,332855640.95990,0
1776484800000,2407.57,2409.75,2405.5,2409.18,449446.833,1776485699999,1081949406.84185,5492,332102.140,799472592.02887,0
1776485700000,2409.18,2409.75,2400.87,2401.52,437940.945,1776486599999,1053648206.10470,5732,113081.994,271987475.48642,0
1776486600000,2401.52,2406.31,2398.74,2404.66,479133.466,1776487499999,1151180462.09839,5718,228471.371,549123712.47098,0
1776487500000,2405.73,2407.66,2403.22,2406.73,285659.617,1776488399999,687267859.92871,4412,218164.554,525011616.31020,0
1776488400000,2406.74,2411.93,2406.31,2410.8,419890.572,1776489299999,1011834823.37796,5199,413559.274,996594527.66445,0
1776489300000,2410.8,2411.93,2407.41,2408.05,241757.25,1776490199999,582405042.75591,3263,17033.846,41043917.57591,0
1776490200000,2408.05,2408.09,2404.72,2406.38,404273.605,1776491099999,972809564.09327,4797,1532.793,3687565.12083,0
1776491100000,2406.25,2407.49,2404.72,2407.44,118096.284,1776491999999,284247956.52121,3924,117490.898,282790871.45442,0
1776492000000,2407.44,2409.44,2406.95,2407.95,401646.562,1776492899999,967167595.34546,4732,191955.685,462273539.94150,0
1776492900000,2407.95,2407.95,2404.28,2407.38,369616.904,1776493799999,889227611.09938,5794,165287.279,397673748.99602,0
1776493800000,2407.38,2410.12,2407.36,2409.57,449712.907,1776494699999,1083435588.71396,6369,296526.364,714364307.05481,0
1776494700000,2409.57,2410.23,2408.3,2408.64,353196.345,1776495599999,850971492.46376,5161,104320.513,251402518.81352,0
1776495600000,2408.7,2409.46,2407.27,2407.68,225182.407,1776496499999,542261315.12237,4288,109405.888,263459503.94050,0
1776496500000,2407.67,2408.39,2405.0,2405.18,351829.168,1776497399999,846681586.36193,4921,143255.269,344778565.56294,0
1776497400000,2405.18,2405.59,2402.31,2402.84,249866.233,1776498299999,600501284.85695,3887,8660.699,20831148.71594,0
1776498300000,2402.84,2404.18,2401.13,2402.59,214016.802,1776499199999,514096759.22749,4273,80579.957,193599060.21655,0
1776499200000,2402.79,2404.18,2398.56,2398.56,823664.423,1776500099999,1977885000.69921,6326,238271.851,572365996.35221,0
1776500100000,2398.67,2398.76,2381.1,2382.31,630241.249,1776500999999,1505667663.34891,5960,208141.575,496078379.30488,0
1776501000000,2382.71,2386.42,2369.75,2371.67,506128.533,1776501899999,1205324222.69754,4545,97716.148,232690820.49556,0
1776501900000,2371.67,2379.9,2371.1,2379.3,744817.391,1776502799999,1769918250.18631,5554,740513.476,1759687876.54772,0
1776502800000,2379.3,2379.9,2369.43,2373.87,565381.905,1776503699999,1342177755.91185,5393,120052.720,285087505.63394,0
1776503700000,2373.87,2376.64,2369.8,2376.64,662154.813,1776504599999,1571755129.14401,6493,404879.147,961302637.86554,0
1776504600000,2376.64,2379.18,2375.25,2376.67,314950.326,1776505499999,748595465.44699,4365,124981.342,297120579.29698,0
1776505500000,2376.67,2376.68,2371.7,2374.58,292874.061,1776506399999,695325403.88041,5203,79192.458,188051340.53602,0
1776506400000,2374.59,2374.67,2354.89,2360.41,993152.387,1776507299999,2349562729.60034,6521,328098.944,774528784.00645,0
1776507300000,2360.41,2362.97,2357.49,2359.99,329976.375,1776508199999,778866157.75768,4300,284100.688,670659242.71142,0
1776508200000,2359.92,2360.0,2357.04,2357.04,341290.825,1776509099999,805006421.14492,5237,72729.204,171554066.06802,0
1776509100000,2357.04,2359.73,2356.35,2357.19,246136.209,1776509999999,580422217.56888,4993,103112.905,243182554.20200,0
1776510000000,2357.19,2358.59,2352.56,2352.56,684780.151,1776510899999,1613257348.12684,5976,228490.597,538719692.40133,0
1776510900000,2352.57,2356.79,2351.39,2354.19,415521.826,1776511799999,978369578.62663,5008,174063.443,409959939.53523,0
1776511800000,2354.19,2357.01,2345.01,2347.31,756865.674,1776512699999,1779962558.91621,6119,299261.390,704036475.56623,0
1776512700000,2347.32,2352.52,2347.07,2352.41,488548.309,1776513599999,1147915962.20132,5325,438126.048,1029403826.49290,0
1776513600000,2352.41,2357.79,2350.3,2357.01,506428.925,1776514499999,1192693795.79791,5966,394358.674,928823006.14757,0
1776514500000,2357.01,2359.44,2354.85,2354.85,614564.449,1776515399999,1448536222.28466,5453,216423.054,510398873.25486,0
1776515400000,2354.86,2355.77,2351.06,2355.39,556430.609,1776516299999,1309732089.90475,6162,335888.253,790798979.90707,0
1776516300000,2355.39,2357.07,2354.73,2357.02,295547.598,1776517199999,696390834.46999,4176,260591.762,614055837.77128,0
1776517200000,2357.06,2357.08,2354.21,2354.21,259249.998,1776518099999,610562553.89008,5196,21822.894,51401993.31644,0
1776518100000,2354.21,2359.75,2350.78,2352.75,743867.597,1776518999999,1750676267.81102,5783,403645.649,950249394.59061,0
1776519000000,2352.76,2353.14,2346.19,2348.7,600148.819,1776519899999,1410230102.94500,6026,224482.731,527530162.61067,0
1776519900000,2348.71,2360.0,2347.24,2353.94,620065.98,1776520799999,1457934595.90910,4874,549515.420,1292069714.86227,0
1776520800000,2353.94,2355.41,2352.1,2355.02,410673.161,1776521699999,966589916.18563,4605,165292.174,389204893.88649,0
1776521700000,2355.02,2355.41,2349.39,2353.79,504058.913,1776522599999,1185708055.24589,4350,194212.848,456876474.68971,0
1776522600000,2353.79,2359.55,2353.26,2358.93,188577.393,1776523499999,444734504.47614,3363,178384.754,420703068.12237,0
1776523500000,2358.93,2363.05,2358.13,2363.04,324217.822,1776524399999,765450297.68452,4307,321990.442,760189657.01445,0
1776524400000,2363.04,2366.17,2358.24,2361.47,741965.193,1776525299999,1752234207.89196,5989,336670.099,795479468.13072,0
1776525300000,2361.47,2362.99,2358.96,2362.9,436972.379,1776526199999,1031462540.91836,4775,192820.548,455289371.19248,0
1776526200000,2362.9,2364.39,2360.23,2360.24,309196.888,1776527099999,730445777.97028,5641,89764.476,212177816.80828,0
1776527100000,2360.24,2361.99,2357.76,2361.98,502752.776,1776527999999,1186332463.61680,5573,227210.685,536297680.51813,0
1776528000000,2361.98,2364.0,2357.0,2363.16,563292.975,1776528899999,1329423140.36012,4929,347235.102,819647325.51851,0
1776528900000,2363.73,2369.64,2357.3,2367.39,676121.419,1776529799999,1598138695.46698,5873,343786.070,813076109.41984,0
1776529800000,2367.39,2367.9,2361.99,2362.67,599113.523,1776530699999,1416491936.31087,6132,64278.824,152039672.92589,0
1776530700000,2362.66,2364.56,2357.3,2358.02,492251.049,1776531599999,1161894897.50412,5646,166645.686,393484534.38696,0
1776531600000,2358.02,2360.05,2354.53,2356.18,611030.499,1776532499999,1440781798.41872,5840,319048.156,752531951.99547,0
1776532500000,2356.18,2360.1,2356.17,2359.95,422769.816,1776533399999,996947308.78633,5375,243619.451,574512096.74319,0
1776533400000,2359.95,2362.1,2359.87,2360.67,191926.033,1776534299999,453166456.67054,3205,167860.141,396356635.40065,0
1776534300000,2360.64,2363.1,2360.47,2361.01,333573.328,1776535199999,787954172.01745,4942,186226.088,439917876.36785,0
1776535200000,2361.15,2364.56,2356.16,2359.8,654163.054,1776536099999,1542919158.51924,6110,308600.309,727900309.33171,0
1776536100000,2359.79,2360.24,2353.89,2353.92,610983.017,1776536999999,1439389186.73793,6772,174712.283,411559452.30196,0
1776537000000,2353.89,2354.12,2339.62,2344.13,917288.514,1776537899999,2153081818.34711,7111,183847.071,431200467.53906,0
1776537900000,2344.01,2350.65,2342.99,2345.79,440460.221,1776538799999,1033153759.64889,4194,97183.922,227922277.04715,0
1776538800000,2345.78,2353.82,2345.48,2352.54,306232.855,1776539699999,719890630.50396,4665,260782.532,613011754.92595,0
1776539700000,2352.54,2352.88,2348.0,2349.83,294248.168,1776540599999,691794494.91029,4595,98987.180,232756624.15119,0
1776540600000,2349.83,2350.47,2346.04,2346.29,458189.822,1776541499999,1075824036.69777,4963,116789.837,274446463.68156,0
1776541500000,2346.29,2348.75,2346.03,2348.2,356495.383,1776542399999,837015619.33592,4944,238382.188,559710873.12669,0
1776542400000,2348.38,2348.59,2343.75,2348.21,467427.887,1776543299999,1096613430.32044,5941,247581.102,580858168.56958,0
1776543300000,2348.22,2350.5,2346.89,2347.11,452850.951,1776544199999,1063722911.56441,6548,284113.452,667534075.77626,0
1776544200000,2347.11,2350.94,2346.05,2350.81,558613.881,1776545099999,1311886083.87837,5991,405819.907,953325653.96082,0
1776545100000,2350.81,2353.29,2350.0,2350.99,302994.391,1776545999999,712529274.54563,4921,87797.251,206504858.11118,0
1776546000000,2350.99,2353.37,2349.95,2350.83,315959.381,1776546899999,743000224.89123,4331,223962.001,526738747.15896,0
1776546900000,2350.83,2351.39,2348.39,2350.63,477364.78,1776547799999,1121693196.20077,6189,197648.311,464475965.89148,0
1776547800000,2350.63,2350.67,2347.96,2350.66,384480.399,1776548699999,903369785.42375,5268,175423.257,412246500.65743,0
1776548700000,2350.66,2353.3,2350.06,2353.3,412735.35,1776549599999,970665204.32985,6646,289287.803,680419452.11090,0
1776549600000,2353.3,2353.39,2347.97,2347.97,349461.777,1776550499999,821421053.19063,4808,23177.626,54502689.54175,0
1776550500000,2347.97,2352.39,2347.79,2352.12,349182.544,1776551399999,820742169.41403,5263,344009.087,808595295.26292,0
1776551400000,2352.12,2354.82,2351.62,2352.15,444376.134,1776552299999,1045692482.59794,6247,290526.475,683721304.33212,0
1776552300000,2352.15,2357.34,2352.0,2355.6,326075.462,1776553199999,767873238.76465,4845,289960.501,682822374.45989,0
1776553200000,2355.6,2356.99,2354.3,2354.3,205132.1,1776554099999,483211438.29241,3972,87484.338,206149030.28093,0
1776554100000,2354.3,2354.51,2353.26,2353.39,116850.475,1776554999999,275050173.43430,3862,31175.004,73367797.19573,0
1776555000000,2353.39,2353.82,2350.25,2352.11,129698.174,1776555899999,305062674.32405,3121,28287.217,66520389.06873,0
1776555900000,2352.11,2352.15,2348.6,2348.85,394381.445,1776556799999,926981313.15018,4732,30162.698,70929394.19544,0
1776556800000,2348.86,2353.82,2348.6,2350.84,398607.568,1776557699999,937640498.55490,3673,260206.074,612130608.29702,0
1776557700000,2350.84,2350.86,2346.02,2346.68,413921.976,1776558599999,972066532.35119,4553,124409.928,292290759.08501,0
1776558600000,2346.68,2347.55,2343.57,2344.68,253260.341,1776559499999,594040378.43832,3731,70484.126,165437082.66940,0
1776559500000,2344.68,2348.29,2344.67,2346.99,492993.991,1776560399999,1156956249.89664,4931,411947.800,966748277.22495,0
1776560400000,2346.98,2351.36,2345.92,2346.38,482642.649,1776561299999,1133517665.00508,4251,274745.038,645385969.68919,0
1776561300000,2346.38,2346.87,2343.88,2344.38,269119.08,1776562199999,631106008.29682,5024,26083.061,61173844.74848,0
1776562200000,2344.38,2344.61,2341.28,2343.63,390710.402,1776563099999,915374465.64312,4939,183555.635,430106603.92589,0
1776563100000,2343.63,2348.21,2343.63,2346.42,432908.987,1776563999999,1015573154.97041,4193,391754.580,918989274.82654,0
1776564000000,2346.42,2348.21,2343.7,2344.76,186088.558,1776564899999,436361946.17901,3506,28322.284,66421733.42113,0
1776564900000,2344.76,2347.48,2335.31,2336.3,707289.078,1776565799999,1657426822.77437,5317,216033.980,506729301.01915,0
1776565800000,2336.3,2345.55,2335.15,2343.45,575141.647,1776566699999,1345541755.20615,5286,511048.674,1195409227.85716,0
1776566700000,2343.46,2344.43,2338.19,2338.19,285955.37,1776567599999,669245386.91157,4137,89417.844,209357973.83241,0
1776567600000,2338.19,2338.38,2332.51,2336.15,659758.207,1776568499999,1540428163.59176,5806,158476.078,369942216.75683,0
1776568500000,2336.15,2340.95,2335.52,2340.95,352805.146,1776569399999,825251472.83985,4688,282718.772,661420977.06171,0
1776569400000,2340.95,2342.05,2340.73,2342.01,116650.165,1776570299999,273115100.73332,2396,95209.342,222918146.87319,0
1776570300000,2342.01,2342.29,2337.74,2337.93,298418.604,1776571199999,698411690.97766,5165,73700.234,172604362.47079,0
1776571200000,2337.76,2344.82,2337.74,2344.36,521096.773,1776572099999,1220385846.99769,5607,495498.929,1160451574.23357,0
1776572100000,2344.36,2344.59,2340.06,2340.07,443394.806,1776572999999,1038316141.79561,6244,55498.904,130029055.62934,0
1776573000000,2340.06,2340.31,2324.35,2326.86,776430.179,1776573899999,1811363430.06243,6556,167476.055,390001043.51146,0
1776573900000,2327.04,2332.28,2326.52,2331.86,436418.274,1776574799999,1016508504.18169,4380,429588.244,1000588121.27711,0
1776574800000,2331.86,2332.55,2328.25,2330.9,579372.154,1776575699999,1350053507.37802,5695,304613.049,709965703.07211,0
1776575700000,2330.9,2332.38,2328.2,2332.38,299376.078,1776576599999,697874769.99341,4857,222064.816,517738864.48960,0
1776576600000,2332.37,2336.98,2332.36,2334.44,687921.328,1776577499999,1606295378.42181,6990,554826.468,1295473864.76572,0
1776577500000,2334.44,2334.44,2330.5,2331.24,198629.313,1776578399999,463230720.53449,3691,46713.196,108920591.23784,0
1776578400000,2331.24,2331.74,2322.47,2322.47,600117.626,1776579299999,1396727377.62975,5512,134732.305,313901214.95411,0
1776579300000,2322.47,2329.68,2321.78,2326.98,536328.533,1776580199999,1247747395.34956,5944,245310.399,570808613.59679,0
1776580200000,2326.98,2330.39,2326.74,2328.7,347467.59,1776581099999,809222408.99494,4527,267518.007,623061058.81815,0
1776581100000,2328.7,2328.72,2323.87,2325.83,450186.229,1776581999999,1047188363.28189,5808,75842.203,176353811.46149,0
1776582000000,2325.85,2326.0,2320.0,2320.01,499524.372,1776582899999,1160257543.29881,5883,14994.048,34810874.98782,0
1776582900000,2320.01,2320.52,2300.34,2302.6,938462.881,1776583799999,2168303197.85383,7154,108270.463,249397393.35752,0
1776583800000,2302.6,2316.83,2301.38,2313.43,569832.954,1776584699999,1313967930.43832,6003,394500.059,909824342.80418,0
1776584700000,2313.44,2317.9,2312.6,2315.42,290570.267,1776585599999,672618209.31225,4457,190029.978,439936378.64664,0
1776585600000,2315.81,2315.98,2311.51,2315.46,555992.493,1776586499999,1286111565.87042,5207,278353.051,643937325.16595,0
1776586500000,2315.46,2317.86,2314.57,2314.57,592551.025,1776587399999,1372399310.08073,6685,326427.045,756189048.96983,0
1776587400000,2314.57,2318.5,2311.03,2317.52,436655.252,1776588299999,1011002361.12591,4150,221631.862,513500316.54377,0
1776588300000,2317.52,2318.5,2315.8,2317.12,172569.243,1776589199999,399803399.42821,3837,66008.566,152970470.63091,0
1776589200000,2317.12,2318.26,2315.45,2315.79,142595.276,1776590099999,330245046.39130,3535,1151.535,2667470.95806,0
1776590100000,2315.46,2315.86,2308.75,2313.56,733434.097,1776590999999,1695756049.29019,6196,112757.018,260762532.78715,0
1776591000000,2313.56,2314.66,2309.79,2310.13,188708.875,1776591899999,436378417.11008,3545,35348.789,81796294.80017,0
1776591900000,2310.13,2310.77,2305.6,2308.59,384019.3,1776592799999,886202221.52854,4378,197324.334,455381622.66687,0
1776592800000,2308.59,2310.7,2305.07,2308.89,424289.649,1776593699999,979103039.45770,4798,199009.404,459389601.05822,0
1776593700000,2308.89,2309.72,2306.22,2309.72,313470.787,1776594599999,723574068.64814,4407,183595.939,423831348.16486,0
1776594600000,2309.72,2312.86,2309.41,2312.86,363389.575,1776595499999,839954328.90012,4887,332923.425,769553839.86251,0
1776595500000,2312.86,2318.11,2312.76,2318.0,618941.543,1776596399999,1433122625.82705,5675,617557.715,1429916835.12840,0
1776596400000,2318.0,2326.44,2316.39,2324.14,805804.403,1776597299999,1870887633.75993,5762,610102.801,1416306807.97324,0
1776597300000,2324.14,2325.14,2322.51,2323.99,215498.907,1776598199999,500812786.73943,3688,157106.817,365124988.74464,0
1776598200000,2323.99,2327.21,2323.75,2325.0,500483.533,1776599099999,1163947972.27135,5127,364295.555,847281928.05427,0
1776599100000,2325.0,2328.51,2324.81,2327.54,319527.963,1776599999999,743546005.14263,4442,230705.065,536892165.27784,0
1776600000000,2328.5,2330.85,2326.2,2330.85,561248.91,1776600899999,1307204528.27137,5185,393001.636,915548970.67360,0
1776600900000,2330.85,2330.99,2326.1,2326.71,458092.082,1776601799999,1066840481.22436,5473,19486.586,45417338.71621,0
1776601800000,2326.71,2327.29,2323.27,2324.41,429911.001,1776602699999,999441028.21570,4571,49828.779,115838529.25892,0
1776602700000,2324.25,2329.58,2323.77,2329.39,479311.104,1776603599999,1115384194.00619,5331,471076.634,1096243926.90874,0
1776603600000,2329.4,2335.07,2327.93,2334.39,428229.458,1776604499999,999033765.75857,3941,337436.397,787212200.39750,0
1776604500000,2334.3,2346.0,2333.96,2341.79,749129.62,1776605399999,1752792541.49083,5430,598421.360,1399514484.01095,0
1776605400000,2342.5,2343.65,2336.86,2339.9,548185.853,1776606299999,1282044419.54952,5329,329965.024,771783044.02156,0
1776606300000,2339.9,2339.96,2335.63,2336.2,417404.692,1776607199999,975455779.29945,5628,38167.844,89222831.71755,0
1776607200000,2336.2,2338.67,2327.24,2330.04,665234.997,1776608099999,1551798386.86607,5675,324992.623,757643505.04472,0
1776608100000,2330.17,2338.39,2329.66,2338.37,539306.351,1776608999999,1258254344.26641,5509,474584.269,1107302748.03258,0
1776609000000,2338.37,2338.39,2333.89,2334.41,642896.021,1776609899999,1501462599.88670,5278,209074.670,488236342.17582,0
1776609900000,2335.79,2340.83,2334.41,2336.05,617736.235,1776610799999,1444139043.90416,5161,339988.865,794884825.95715,0
1776610800000,2336.05,2336.05,2332.0,2335.43,443740.199,1776611699999,1035615173.32778,4313,152788.361,356693027.07203,0
1776611700000,2335.43,2338.39,2332.12,2333.51,504092.289,1776612599999,1177244539.23788,4207,220033.285,513940167.91865,0
1776612600000,2333.51,2338.42,2320.36,2324.35,849854.327,1776613499999,1978171915.33534,6778,304582.090,708941639.22051,0
1776613500000,2324.01,2329.6,2322.84,2329.53,494926.348,1776614399999,1151372720.13707,3795,491524.750,1143456676.62297,0
1776614400000,2329.54,2329.6,2323.64,2324.22,607961.239,1776615299999,1414034091.73377,5202,154352.468,359062185.85967,0
1776615300000,2324.18,2326.45,2318.31,2318.8,694611.672,1776616199999,1612686692.95534,6384,112120.989,260504867.39651,0
1776616200000,2318.8,2324.36,2317.72,2318.2,581996.773,1776617099999,1350527898.94966,4602,157490.873,365514840.56111,0
1776617100000,2318.01,2322.55,2306.67,2310.27,856945.238,1776617999999,1983382378.87032,6651,462720.339,1070707561.93469,0
1776618000000,2310.09,2312.07,2299.56,2312.07,534169.502,1776618899999,1230490996.64016,3927,180699.866,416182849.24435,0
1776618900000,2307.0,2312.21,2306.0,2310.5,556612.487,1776619799999,1285271521.87403,4290,554326.947,1279993328.03369,0
1776619800000,2310.5,2313.06,2306.81,2307.89,564221.073,1776620699999,1303280267.33020,5233,412199.915,952302669.00470,0
1776620700000,2307.89,2309.45,2294.78,2294.8,644105.551,1776621599999,1483740736.15795,5664,120896.720,278746632.80012,0
1776621600000,2294.8,2297.32,2292.01,2295.0,608660.851,1776622499999,1396811170.52454,4770,229939.547,527702118.12500,0
1776622500000,2295.0,2298.05,2291.33,2294.35,577665.351,1776623399999,1325435305.36034,4072,293889.366,674653252.83493,0
1776623400000,2294.35,2296.43,2290.1,2290.52,497292.882,1776624299999,1140067736.19428,5221,102779.686,235736090.79717,0
1776624300000,2290.52,2294.6,2287.29,2294.6,523785.755,1776625199999,1200565885.76291,4927,407483.105,934305366.85273,0
1776625200000,2294.6,2300.11,2294.54,2300.01,662422.421,1776626099999,1522028273.92815,4421,485807.681,1116147927.74634,0
1776626100000,2300.01,2302.24,2294.54,2298.87,612150.241,1776626999999,1407463553.89428,5056,237931.480,547078001.64685,0
1776627000000,2298.83,2300.59,2294.99,2296.47,422862.048,1776627899999,971370052.63985,4694,246144.090,565523729.97053,0
1776627900000,2296.47,2299.5,2295.95,2299.19,156094.401,1776628799999,358715892.20031,3384,121474.047,279215797.11626,0
1776628800000,2299.19,2299.5,2291.62,2293.99,681253.429,1776629699999,1563608977.47677,4632,120973.361,277597913.06070,0
1776629700000,2293.99,2294.0,2288.13,2291.57,671858.751,1776630599999,1538736203.20974,5841,304420.123,697292450.01090,0
1776630600000,2291.75,2295.8,2284.27,2284.27,649481.063,1776631499999,1487905893.82895,6540,217595.009,498931063.53692,0
1776631500000,2284.27,2285.45,2275.57,2280.78,685839.763,1776632399999,1565522094.34105,6574,217165.145,495863008.52734,0
1776632400000,2280.78,2284.23,2279.84,2284.22,382718.022,1776633299999,873349235.13182,5052,329384.335,751712232.86061,0
1776633300000,2284.22,2285.45,2279.3,2285.28,727563.35,1776634199999,1660399280.47343,5783,338244.118,772317808.31807,0
1776634200000,2285.28,2288.47,2284.97,2287.88,479408.211,1776635099999,1096257536.75525,4468,432659.378,989393171.35257,0
1776635100000,2287.88,2289.01,2273.99,2276.61,710832.802,1776635999999,1623847773.91209,4671,151818.129,346553119.18515,0
1776636000000,2276.61,2276.91,2257.44,2267.46,851687.337,1776636899999,1931030059.34812,6186,220928.411,500644018.11582,0
1776636900000,2267.46,2267.47,2254.76,2262.57,616758.657,1776637799999,1393480482.33964,4917,196093.074,443041496.38962,0
1776637800000,2262.82,2271.59,2261.77,2271.58,580432.092,1776638699999,1315852135.17210,4446,454334.404,1030250736.48686,0
1776638700000,2271.59,2274.35,2269.58,2269.58,619854.432,1776639599999,1408082240.33201,5431,363723.917,826467991.17210,0
1776639600000,2269.58,2272.05,2260.04,2263.58,693793.311,1776640499999,1570449210.17793,5116,268903.063,608315202.85548,0
1776640500000,2263.58,2272.05,2259.85,2263.37,474017.191,1776641399999,1072279076.81850,4935,146172.846,330751850.07474,0
1776641400000,2263.4,2267.83,2262.01,2266.2,667690.27,1776642299999,1512344766.64703,6008,524579.446,1188196817.50563,0
1776642300000,2266.31,2268.03,2261.5,2261.55,762774.225,1776643199999,1727529649.00963,6962,287559.407,651718688.00225,0
1776643200000,2261.51,2269.92,2261.46,2269.11,537380.108,1776644099999,1218033783.38069,4964,476941.822,1081100481.96369,0
1776644100000,2269.11,2274.75,2269.11,2274.75,617414.788,1776644999999,1402802016.56284,4520,459309.086,1043689011.24134,0
1776645000000,2274.75,2277.72,2272.99,2273.93,482653.248,1776645899999,1098321328.19101,4775,311324.737,708561754.07051,0
1776645900000,2273.93,2281.08,2273.47,2278.5,559001.138,1776646799999,1273423854.84526,5850,467058.639,1063878405.33674,0
1776646800000,2278.5,2283.0,2278.3,2283.0,439197.16,1776647699999,1001633250.15070,5406,290250.964,662033323.83491,0
1776647700000,2283.0,2283.11,2276.87,2279.29,500129.048,1776648599999,1140056108.80673,5344,148232.757,337858351.42746,0
1776648600000,2279.29,2290.74,2279.16,2290.39,763674.707,1776649499999,1745146678.30166,4435,761328.591,1739784847.54908,0
1776649500000,2290.45,2290.74,2284.76,2284.76,464222.556,1776650399999,1062284882.54568,5468,24939.722,57108566.89160,0
1776650400000,2284.76,2284.93,2278.28,2278.29,625763.162,1776651299999,1427588088.90961,6347,155210.737,354216294.51235,0
1776651300000,2278.29,2278.36,2275.01,2277.17,362976.126,1776652199999,826243740.17133,5672,176619.417,402082348.98028,0
1776652200000,2277.17,2278.02,2275.03,2276.1,321648.357,1776653099999,732203789.54931,5277,174093.874,396396682.13204,0
1776653100000,2276.1,2279.36,2274.98,2276.55,422785.526,1776653999999,962689402.54616,5397,193310.094,440208613.91878,0
1776654000000,2276.55,2280.68,2275.01,2280.68,418574.978,1776654899999,953689037.22205,5315,359258.639,818694425.12478,0
1776654900000,2280.68,2281.3,2278.05,2279.01,354119.656,1776655799999,807369465.02729,4465,107398.084,244937722.30400,0
1776655800000,2279.02,2280.58,2278.08,2280.37,210153.516,1776656699999,478976089.16063,4316,69030.226,157374217.57235,0
1776656700000,2280.37,2286.11,2280.01,2285.08,631978.114,1776657599999,1442630202.57662,5156,572333.146,1306559931.15133,0
1776657600000,2285.96,2285.96,2281.09,2282.8,276593.677,1776658499999,631426660.22899,4314,110182.736,251504224.91334,0
1776658500000,2282.8,2283.69,2279.99,2280.71,125192.744,1776659399999,285546602.27173,3460,24581.791,56067760.50659,0
1776659400000,2280.71,2281.04,2277.86,2277.87,192038.995,1776660299999,437574439.76278,3453,5811.631,13244866.41196,0
1776660300000,2277.87,2283.41,2277.86,2282.19,421312.374,1776661199999,961391479.40681,5239,300803.443,686384390.64803,0
1776661200000,2282.19,2282.19,2270.34,2271.18,704977.567,1776662099999,1605440366.48404,5793,7423.383,16893700.47880,0
1776662100000,2271.18,2271.33,2264.4,2265.01,568925.012,1776662999999,1289986674.30465,5223,6871.956,15598629.44476,0
1776663000000,2265.05,2268.38,2263.8,2263.98,657635.347,1776663899999,1490086143.31363,5701,274250.299,621631070.06533,0
1776663900000,2263.98,2270.85,2262.59,2270.85,498916.712,1776664799999,1130639874.10390,4235,372181.582,843678060.99948,0
1776664800000,2269.31,2275.06,2269.19,2269.8,631844.303,1776665699999,1435806187.54938,6305,377602.730,858252171.30105,0
1776665700000,2269.8,2273.2,2267.9,2273.2,410413.295,1776666599999,931802192.25094,4628,266196.051,604567444.68014,0
1776666600000,2273.2,2283.48,2272.31,2283.48,789775.779,1776667499999,1799515944.49946,6443,646231.799,1472638834.19538,0
1776667500000,2283.48,2284.67,2280.56,2284.67,550196.733,1776668399999,1255818050.73518,5547,383925.692,876446054.32324,0
1776668400000,2284.67,2286.37,2281.85,2285.89,566855.791,1776669299999,1294736184.49012,5270,298232.887,681402739.27280,0
1776669300000,2285.89,2322.55,2284.01,2314.55,1145485.571,1776670199999,2637790455.10396,10378,880545.618,2025253064.49431,0
1776670200000,2314.72,2314.78,2296.7,2296.7,568531.956,1776671099999,1309405075.19880,5473,132131.452,303735557.72494,0
1776671100000,2296.7,2299.84,2287.76,2296.83,633103.92,1776671999999,1451795955.36854,5250,205742.414,471856710.81501,0
1776672000000,2296.83,2299.84,2290.24,2297.71,721765.08,1776672899999,1655543186.69103,6316,352400.425,808742472.11373,0
1776672900000,2298.25,2303.7,2296.25,2297.49,467105.175,1776673799999,1074800720.77789,5002,280576.153,645790719.00654,0
1776673800000,2297.49,2299.06,2292.74,2293.99,671606.395,1776674699999,1541969173.23963,6107,412611.500,947516397.20425,0
1776674700000,2294.03,2294.74,2289.24,2292.06,687613.207,1776675599999,1575987304.71272,5673,220719.772,506011510.92268,0
1776675600000,2292.06,2302.65,2291.45,2301.97,778592.459,1776676499999,1788787179.02498,5898,684289.938,1572346571.40391,0
1776676500000,2301.97,2305.64,2301.39,2302.44,433150.989,1776677399999,997812103.97803,4044,168896.732,389048955.22211,0
1776677400000,2302.44,2311.52,2302.44,2310.36,618093.309,1776678299999,1425356748.62531,4817,472551.273,1089916747.09813,0
1776678300000,2310.36,2311.52,2306.82,2307.79,579532.921,1776679199999,1338069920.86191,5387,200527.818,463099627.99729,0
1776679200000,2307.79,2315.21,2307.36,2314.57,601321.576,1776680099999,1390380980.56278,5073,502716.938,1162225554.31272,0
1776680100000,2314.57,2317.13,2313.31,2314.17,258238.858,1776680999999,597989125.08486,3850,189392.466,438606183.50792,0
1776681000000,2314.17,2314.5,2306.41,2307.72,611416.853,1776681899999,1412236729.82257,5367,25870.650,59693719.18344,0
1776681900000,2307.72,2308.35,2302.18,2302.18,490723.803,1776682799999,1130852015.14844,5319,1205.111,2778511.68284,0
1776682800000,2302.18,2307.4,2301.74,2307.4,513685.91,1776683699999,1183931799.26535,5306,317802.387,732660921.03377,0
1776683700000,2307.4,2310.43,2303.44,2305.8,438649.803,1776684599999,1011919478.43665,4968,259872.161,599494560.75268,0
1776684600000,2307.32,2307.67,2302.04,2306.93,512784.821,1776685499999,1181811409.62267,4607,278787.194,642624351.96191,0
1776685500000,2306.93,2310.65,2306.08,2306.82,537516.128,1776686399999,1240598205.20646,5885,283671.333,654863205.47164,0
1776686400000,2306.82,2312.81,2303.95,2311.74,766891.382,1776687299999,1770185007.16213,5936,518305.205,1196902641.33440,0
1776687300000,2311.74,2316.54,2310.47,2314.43,507730.787,1776688199999,1174909359.89105,5214,372549.280,862196989.17149,0
1776688200000,2314.43,2316.17,2307.08,2309.21,726684.965,1776689099999,1679501364.62973,5543,223896.634,517340893.39388,0
1776689100000,2309.21,2317.93,2309.11,2317.79,407755.288,1776689999999,944184997.32587,4433,391040.907,905527831.35508,0
1776690000000,2317.79,2320.4,2312.74,2318.11,757501.116,1776690899999,1754270065.04959,5217,303850.662,703745156.68362,0
1776690900000,2318.29,2320.56,2310.17,2313.89,474723.467,1776691799999,1098655304.91866,4345,268116.733,620754917.50820,0
1776691800000,2313.89,2317.53,2307.17,2312.35,569556.002,1776692699999,1318227150.92965,4253,426371.024,986981743.65252,0
1776692700000,2312.47,2315.19,2303.75,2309.89,858909.752,1776693599999,1983907533.62330,5312,578969.424,1336991270.84949,0
1776693600000,2309.89,2313.05,2302.57,2303.64,360554.741,1776694499999,831520719.80157,3515,115566.451,266732046.12806,0
1776694500000,2302.57,2317.63,2297.46,2311.83,1029394.912,1776695399999,2375555408.85651,5401,490352.348,1131659446.69383,0
1776695400000,2317.33,2317.64,2297.24,2302.11,483557.495,1776696299999,1115629762.02039,3719,156540.900,361202886.15170,0
1776696300000,2302.09,2306.75,2285.85,2288.43,919021.326,1776697199999,2109842740.83396,6730,386771.696,888997700.69013,0
1776697200000,2288.37,2305.3,2281.41,2293.73,671041.0,1776698099999,1533771195.71200,6089,415755.764,950438904.63210,0
1776698100000,2293.73,2317.64,2291.45,2313.55,539263.29,1776698999999,1239006556.37613,4557,407120.629,935535176.12386,0
1776699000000,2313.55,2314.21,2306.46,2306.53,700665.751,1776699899999,1618674656.08493,5238,244956.760,566100689.75475,0
1776699900000,2306.53,2312.35,2305.72,2312.35,679887.677,1776700799999,1569685922.61060,5594,503096.462,1161890232.84226,0
1776700800000,2312.35,2312.35,2306.42,2306.57,584221.053,1776701699999,1348806859.07740,5130,145505.871,335902374.60528,0
1776701700000,2306.57,2306.77,2300.83,2302.42,557735.697,1776702599999,1285327621.10732,4246,321817.907,741704751.91590,0
1776702600000,2302.57,2306.9,2299.72,2305.91,775678.614,1776703499999,1786398734.61141,5468,407403.637,938428933.61415,0
1776703500000,2306.74,2307.18,2297.6,2297.74,477902.799,1776704399999,1099390099.39247,4877,129664.736,298452018.34862,0
1776704400000,2297.74,2312.39,2297.17,2311.97,542300.305,1776705299999,1248645814.07865,4529,459937.886,1059254880.49300,0
1776705300000,2312.39,2315.75,2310.15,2312.92,577205.55,1776706199999,1335197817.06856,4568,338083.155,782308121.30594,0
1776706200000,2312.92,2313.49,2307.41,2313.3,694630.818,1776707099999,1605304850.38414,5209,457864.073,1058275374.88768,0
1776707100000,2313.3,2317.6,2310.25,2315.3,635379.12,1776707999999,1470286009.45524,5051,321760.484,744787518.69864,0
1776708000000,2315.3,2330.38,2315.29,2330.07,702047.905,1776708899999,1630600351.21827,4539,620595.147,1441327619.73844,0
1776708900000,2330.38,2332.59,2326.59,2326.85,377256.46,1776709799999,878759854.54676,4448,82497.422,192301218.52531,0
1776709800000,2327.03,2334.54,2323.93,2334.53,747677.493,1776710699999,1739714080.12132,6148,223965.829,521385656.63325,0
1776710700000,2334.53,2338.98,2328.78,2332.59,732386.047,1776711599999,1709554521.17442,5235,400980.258,936429010.02221,0
1776711600000,2332.59,2334.7,2330.42,2332.24,452311.032,1776712499999,1055049994.59257,4855,244343.269,570102782.08076,0
1776712500000,2332.31,2332.35,2325.87,2328.01,564867.093,1776713399999,1315455882.32747,5315,103323.585,240492734.33617,0
1776713400000,2328.01,2328.81,2326.01,2326.63,305293.575,1776714299999,710538009.24402,4367,141352.516,329042172.24108,0
1776714300000,2326.63,2331.82,2326.31,2330.75,280407.735,1776715199999,652994917.55064,3989,215404.759,501755244.69224,0
1776715200000,2330.74,2331.85,2326.31,2331.4,638521.062,1776716099999,1487787001.32668,5634,231873.258,540312620.40977,0
1776716100000,2331.4,2335.49,2329.67,2329.84,714446.01,1776716999999,1666385020.58788,5881,243127.634,567253474.65298,0
1776717000000,2329.84,2330.08,2327.21,2327.21,327209.56,1776717899999,761815955.31668,4866,39382.002,91735420.04441,0
1776717900000,2327.21,2338.98,2324.93,2337.05,699324.262,1776718799999,1630230004.98212,6141,516696.266,1205164201.89169,0
1776718800000,2337.05,2339.0,2321.0,2321.01,955568.561,1776719699999,2226845112.98441,5700,195767.427,456676896.07480,0
1776719700000,2321.22,2324.06,2317.69,2319.15,358535.678,1776720599999,831789026.42562,3768,110327.219,256066030.24172,0
1776720600000,2319.11,2320.54,2314.33,2317.1,496739.157,1776721499999,1151013220.73604,4423,253077.359,586475258.42929,0
1776721500000,2317.06,2320.59,2316.7,2319.64,220802.035,1776722399999,511949334.50853,4746,183089.575,424546897.43911,0
1776722400000,2319.64,2326.24,2319.56,2322.39,616973.167,1776723299999,1433844924.09856,4903,526255.347,1223026552.37229,0
1776723300000,2322.39,2323.51,2316.5,2317.98,488388.371,1776724199999,1132894042.53341,3437,53298.167,123577250.85335,0
1776724200000,2317.98,2322.8,2317.55,2318.97,694244.799,1776725099999,1610780512.23742,4981,397269.881,921819495.98754,0
1776725100000,2318.97,2319.57,2316.91,2318.02,265458.732,1776725999999,615305360.58519,3726,107467.739,249135237.13162,0
1776726000000,2318.15,2319.14,2309.49,2310.51,612922.765,1776726899999,1417743333.77268,4242,116269.661,268871685.73528,0
1776726900000,2310.51,2311.42,2307.71,2308.53,540584.374,1776727799999,1248673476.30292,5522,208301.462,481304632.22074,0
1776727800000,2308.53,2313.15,2307.13,2312.0,446641.477,1776728699999,1032147120.25402,5197,388587.856,898169364.55741,0
1776728700000,2313.14,2313.57,2310.34,2313.14,230754.73,1776729599999,533554601.34131,3826,165149.515,381921992.36472,0
1776729600000,2313.3,2316.32,2311.14,2315.26,714756.094,1776730499999,1653838357.76758,5043,477239.014,1104616595.10087,0
1776730500000,2315.26,2315.63,2312.13,2314.69,383627.098,1776731399999,887642587.69694,4159,125336.908,290024947.86937,0
1776731400000,2314.69,2317.41,2313.07,2315.71,329811.952,1776732299999,763643427.94321,3774,262358.983,607520816.51122,0
1776732300000,2315.67,2321.83,2315.59,2320.18,563272.997,1776733199999,1306684250.95548,3843,253590.565,588177346.98309,0
1776733200000,2320.18,2324.19,2318.6,2322.08,374358.476,1776734099999,869212153.82766,3721,314867.733,731239057.79382,0
1776734100000,2322.08,2322.11,2317.0,2319.77,527015.298,1776734999999,1221954757.81409,4499,188919.602,438108118.86632,0
1776735000000,2319.77,2324.57,2318.88,2319.88,561017.415,1776735899999,1302223018.73729,4425,315255.560,732015082.98584,0
1776735900000,2319.88,2320.0,2312.09,2313.11,502463.901,1776736799999,1164165146.05661,5269,60189.810,139615392.91220,0
1776736800000,2313.11,2313.19,2307.17,2308.87,528047.592,1776737699999,1219612864.09026,4335,111275.578,256967845.28789,0
1776737700000,2308.87,2310.51,2305.91,2310.32,665166.956,1776738599999,1535698385.79353,6558,417154.347,963343656.27379,0
1776738600000,2310.34,2310.77,2306.93,2306.95,205719.627,1776739499999,475056995.00989,4000,38495.318,88949230.47028,0
1776739500000,2306.95,2308.35,2306.32,2308.06,196998.928,1776740399999,454604148.15996,3624,146496.565,338110403.12831,0
1776740400000,2308.06,2308.35,2300.99,2302.8,474356.22,1776741299999,1092949580.10618,5368,190693.033,439354455.08178,0
1776741300000,2302.51,2304.95,2299.83,2304.7,762256.815,1776742199999,1755053312.01632,5429,382326.265,880566673.10455,0
1776742200000,2304.7,2307.67,2302.42,2305.42,527883.368,1776743099999,1216770837.45774,4347,236345.885,544773382.63052,0
1776743100000,2305.42,2310.77,2305.17,2310.13,395588.012,1776743999999,913244294.44265,4237,326564.942,753870488.04796,0
1776744000000,2310.59,2310.83,2305.48,2305.52,379278.613,1776744899999,875237130.73080,5137,15336.866,35416313.60015,0
1776744900000,2305.52,2309.25,2303.51,2309.23,442227.114,1776745799999,1019701529.25979,5692,297322.131,685675175.64135,0
1776745800000,2309.23,2309.23,2305.66,2307.74,85429.119,1776746699999,197108507.13663,2422,27333.733,63071264.99301,0
1776746700000,2307.74,2309.25,2307.71,2309.25,17512.616,1776747599999,40422969.65226,1238,16994.347,39226223.36824,0
1776747600000,2309.24,2310.91,2309.06,2310.91,35269.704,1776748499999,81489370.35864,762,31318.162,72363881.96332,0
1776748500000,2310.9,2310.98,2308.98,2310.97,10196.148,1776749399999,23560118.14332,778,8812.703,20365579.24085,0
1776749400000,2310.98,2310.99,2308.64,2308.64,2296.196,1776750299999,5304598.22130,402,846.349,1955831.59127,0
1776750300000,2308.64,2310.99,2308.58,2310.99,1382.291,1776751199999,3192800.97275,1035,681.531,1574897.32158,0
1776751200000,2310.99,2311.0,2308.57,2309.92,3613.338,1776752099999,8348630.18705,1097,2660.536,6148402.15519,0
1776752100000,2309.87,2311.0,2307.0,2311.0,16377.222,1776752999999,37797384.50261,1629,1114.513,2575554.33692,0
1776753000000,2309.9,2320.34,2302.99,2317.6,167967.161,1776753899999,388833008.67539,3974,159700.675,369783370.59486,0
1776753900000,2319.8,2320.4,2302.83,2313.75,16847.937,1776754799999,38845574.31602,3203,2287.705,5307024.47418,0
1776754800000,2313.74,2320.5,2302.82,2314.4,11684.831,1776755699999,27092688.67715,4935,10395.252,24118582.36263,0
1776755700000,2314.4,2320.5,2302.82,2319.01,5537.63,1776756599999,12794161.20999,2603,1678.755,3894437.48451,0
1776756600000,2319.0,2320.5,2312.12,2319.5,2515.434,1776757499999,5829124.91781,1818,1253.035,2906518.83075,0
1776757500000,2319.48,2320.56,2302.82,2318.25,45608.399,1776758399999,105756735.47671,2865,37893.826,87876798.38462,0
1776758400000,2318.25,2319.76,2312.98,2315.65,728109.39,1776759299999,1686943500.02049,6064,259575.906,601871295.62387,0
1776759300000,2315.65,2322.34,2315.26,2321.7,443471.392,1776760199999,1028543544.55464,4942,397586.615,922176804.25395,0
1776760200000,2321.7,2323.64,2318.17,2323.56,688887.934,1776761099999,1599185278.38389,5346,443800.714,1030531006.90345,0
1776761100000,2323.64,2326.18,2320.82,2322.74,511880.34,1776761999999,1189388948.78096,3635,200988.754,467270353.63635,0
1776762000000,2322.74,2323.16,2320.01,2322.22,295706.327,1776762899999,686480485.54233,3646,174544.514,405277539.22646,0
1776762900000,2322.22,2326.19,2318.2,2318.21,608184.877,1776763799999,1412216360.25746,4694,100924.370,234565561.18327,0
1776763800000,2318.2,2323.69,2317.75,2323.69,435907.758,1776764699999,1011826516.95278,4644,386379.660,896984154.37833,0
1776764700000,2323.53,2324.45,2321.68,2324.3,324202.276,1776765599999,753273053.63982,3999,244939.652,569191494.07622,0
1776765600000,2324.31,2328.91,2324.2,2326.6,535503.389,1776766499999,1246208482.96864,4671,515539.560,1199762449.80781,0
1776766500000,2326.6,2328.96,2324.44,2326.83,516911.422,1776767399999,1202629659.06736,4968,198202.713,461238400.49957,0
1776767400000,2326.83,2332.16,2326.39,2332.16,231332.134,1776768299999,538640958.27542,3493,190141.879,442811627.65880,0
1776768300000,2332.16,2335.21,2331.32,2331.32,394806.607,1776769199999,921156964.43745,4339,249123.965,581372309.84299,0
1776769200000,2331.32,2332.16,2319.05,2320.09,130370.11,1776770099999,303129315.90950,2738,3039.625,7084186.46235,0
1776770100000,2320.07,2332.16,2317.42,2329.99,24058.482,1776770999999,55816622.16664,1958,3117.834,7260205.83883,0
1776771000000,2329.48,2332.17,2321.42,2321.76,33850.348,1776771899999,78641772.69522,1320,1260.983,2940152.79119,0
1776771900000,2321.76,2332.17,2317.42,2321.0,69732.127,1776772799999,161824019.01878,2686,1457.143,3395234.06203,0
1776772800000,2332.07,2332.17,2315.06,2315.07,350827.604,1776773699999,812897888.48783,5550,48587.294,112617025.56383,0
1776773700000,2315.07,2316.55,2314.76,2315.98,125521.484,1776774599999,290661813.59852,4469,79480.091,184071074.47954,0
1776774600000,2316.38,2318.32,2302.42,2302.91,53860.402,1776775499999,124414713.78378,4664,6405.888,14826480.94420,0
1776775500000,2302.44,2309.16,2302.25,2309.15,192287.373,1776776399999,443418240.19302,3265,170872.185,394110953.44419,0
1776776400000,2309.15,2309.16,2303.07,2304.65,398365.038,1776777299999,918435887.19717,5373,46538.115,107273441.07857,0
1776777300000,2304.66,2309.16,2304.42,2306.57,43160.316,1776778199999,99548924.92924,1647,41247.091,95135481.82675,0
1776778200000,2306.66,2318.32,2303.07,2315.0,89636.804,1776779099999,207010200.59822,2272,83664.228,193245533.52660,0
1776779100000,2314.3,2318.32,2307.51,2311.41,50804.379,1776779999999,117397658.70818,1811,22802.019,52729811.16099,0
1776780000000,2311.41,2312.23,2304.81,2306.27,726745.941,1776780899999,1677267563.11016,5610,161609.774,372958415.95542,0
1776780900000,2306.0,2318.32,2305.75,2314.0,194208.066,1776781799999,448940083.22688,3841,156221.438,361054841.93375,0
1776781800000,2314.0,2316.64,2314.0,2315.0,28992.572,1776782699999,67140791.19801,1778,22499.383,52110545.03677,0
1776782700000,2315.89,2316.64,2303.01,2305.52,56511.573,1776783599999,130261778.58678,3677,1322.392,3058906.22950,0
1776783600000,2306.04,2316.64,2298.28,2302.89,473557.262,1776784499999,1089884933.48528,5025,306175.429,704795520.38689,0
1776784500000,2302.95,2308.83,2298.43,2300.91,575196.058,1776785399999,1325746852.41292,5085,266447.847,614405889.48727,0
1776785400000,2300.91,2306.97,2298.37,2303.61,680528.996,1776786299999,1566562780.90760,5926,479935.576,1105094249.35579,0
1776786300000,2303.5,2308.14,2297.32,2308.11,695778.826,1776787199999,1603148373.66699,5938,203346.497,468768357.48089,0
1776787200000,2307.93,2313.61,2307.82,2313.61,631793.903,1776788099999,1459738439.35255,5158,458095.209,1058313621.61792,0
1776788100000,2313.61,2314.73,2308.97,2311.91,489236.364,1776788999999,1131011062.08908,4665,144803.818,334820733.90475,0
1776789000000,2311.91,2318.74,2311.46,2312.1,676861.736,1776789899999,1567607262.73596,6287,496548.357,1150251514.16855,0
1776789900000,2311.47,2315.57,2308.81,2309.91,586165.57,1776790799999,1355222145.73407,5930,155220.270,359171035.67194,0
1776790800000,2308.82,2309.91,2296.54,2299.05,559487.595,1776791699999,1288503550.36254,5384,59452.651,136832632.26188,0
1776791700000,2299.05,2299.45,2292.77,2296.57,656590.493,1776792599999,1506981732.70199,5437,344656.141,790731983.97221,0
1776792600000,2294.73,2315.57,2292.51,2314.26,648587.93,1776793499999,1490711487.17025,6387,557632.279,1281727814.54592,0
1776793500000,2314.26,2315.57,2302.63,2305.15,630012.946,1776794399999,1454385264.78610,6006,254623.547,587697901.93282,0
1776794400000,2305.16,2306.95,2302.0,2303.79,647351.109,1776795299999,1491845581.61342,6149,293641.548,676920460.36399,0
1776795300000,2303.79,2305.96,2301.34,2304.47,533285.444,1776796199999,1228654404.94696,5483,305415.270,703737691.66685,0
1776796200000,2304.47,2308.31,2303.92,2304.03,464992.561,1776797099999,1072307722.20302,5963,335549.010,773956463.48200,0
1776797100000,2304.03,2311.99,2300.17,2311.99,715700.007,1776797999999,1648495083.59092,6137,312573.949,720511450.99067,0
1776798000000,2311.56,2318.82,2311.47,2314.21,642849.803,1776798899999,1488328077.94549,5089,474214.007,1097665280.42108,0
1776798900000,2314.25,2321.8,2312.76,2321.8,510320.077,1776799799999,1182412338.78618,3660,374882.647,869074841.06389,0
1776799800000,2321.66,2322.22,2286.74,2286.76,854822.083,1776800699999,1974862131.16675,6685,67841.962,157302343.55070,0
1776800700000,2286.76,2307.84,2286.74,2296.75,620343.44,1776801599999,1422116806.70308,5096,596662.357,1367782927.34469,0
1776801600000,2296.75,2316.84,2295.9,2316.17,522550.309,1776802499999,1203134035.41390,4164,438104.082,1008865075.59541,0
1776802500000,2316.17,2322.56,2316.16,2317.23,785916.959,1776803399999,1823009965.53649,6398,454583.019,1054687045.30931,0
1776803400000,2317.23,2322.07,2314.92,2315.07,282117.57,1776804299999,653855598.74795,3350,111713.805,259019600.65035,0
1776804300000,2315.08,2319.23,2311.11,2316.01,753110.648,1776805199999,1743774480.80893,5757,409338.979,948003683.81987,0
1776805200000,2316.02,2316.82,2308.88,2312.64,632572.06,1776806099999,1463016254.62520,4960,185307.035,428297231.89193,0
1776806100000,2312.64,2315.4,2310.79,2312.62,516074.993,1776806999999,1193906397.99052,5012,363268.512,840451231.45042,0
1776807000000,2312.62,2313.89,2309.17,2309.17,466665.741,1776807899999,1078813289.33883,5668,197190.157,456073011.15752,0
1776807900000,2309.17,2312.67,2309.03,2311.75,250901.598,1776808799999,579781322.02242,4402,140023.399,323627994.86796,0
1776808800000,2311.75,2315.41,2309.11,2315.26,726062.531,1776809699999,1678563321.09607,6227,483515.298,1118051733.99019,0
1776809700000,2315.32,2315.4,2303.27,2305.77,587104.957,1776810599999,1354910139.19628,5366,14953.852,34472933.64872,0
1776810600000,2305.78,2310.47,2301.47,2310.47,810017.609,1776811499999,1867857162.52975,6282,578413.929,1334227712.96059,0
1776811500000,2310.47,2310.48,2307.16,2310.33,418645.73,1776812399999,966712846.99672,5581,244603.365,564901366.41566,0
1776812400000,2310.33,2319.44,2310.09,2316.66,546319.438,1776813299999,1265225634.67076,5162,465585.851,1078166714.83267,0
1776813300000,2316.66,2319.18,2314.54,2314.95,382777.098,1776814199999,886677815.91648,5229,107605.668,249450841.74421,0
1776814200000,2314.94,2322.19,2314.54,2322.07,436944.073,1776815099999,1013478504.24189,5029,435523.985,1010185135.64074,0
1776815100000,2322.06,2326.96,2321.94,2326.74,590370.752,1776815999999,1372175120.91189,5068,456296.728,1060514468.06657,0
1776816000000,2326.95,2328.1,2324.2,2326.39,551388.049,1776816899999,1282652302.20659,5295,289814.055,674307659.10219,0
1776816900000,2326.23,2327.63,2322.67,2323.61,603248.721,1776817799999,1402667896.35419,6238,287137.061,667789493.03934,0
1776817800000,2323.65,2325.46,2321.96,2325.34,312471.75,1776818699999,726060751.69615,4587,165680.246,385115108.72514,0
1776818700000,2325.46,2325.52,2322.16,2322.52,31239.577,1776819599999,72612276.64634,3216,9727.411,22620027.28601,0
1776819600000,2322.51,2325.56,2322.16,2323.99,2075.948,1776820499999,4825651.29317,2253,1500.410,3488682.49459,0
1776820500000,2323.97,2324.0,2313.31,2313.31,312913.053,1776821399999,724608296.38693,4084,1297.329,3012094.53336,0
1776821400000,2313.31,2324.0,2313.26,2320.29,147336.156,1776822299999,341110537.08497,2795,145167.001,336086898.72836,0
1776822300000,2319.2,2325.56,2317.84,2322.92,4489.962,1776823199999,10428974.90866,907,2828.412,6573453.73349,0
1776823200000,2323.2,2333.63,2320.48,2333.0,481286.91,1776824099999,1118603276.92256,4764,475650.713,1105515341.55168,0
1776824100000,2333.0,2347.88,2325.1,2347.88,777554.422,1776824999999,1822076321.76926,6079,676139.971,1584449286.26988,0
1776825000000,2347.88,2357.37,2344.4,2351.32,576716.439,1776825899999,1357138752.11807,3947,404271.967,951118482.30876,0
1776825900000,2356.09,2368.96,2351.32,2368.43,782885.25,1776826799999,1849720530.77171,4548,483112.524,1142041379.77671,0
1776826800000,2368.43,2374.01,2366.69,2368.87,526852.132,1776827699999,1249168783.33934,3757,482472.190,1144097404.72231,0
1776827700000,2366.76,2369.88,2362.43,2364.05,586949.646,1776828599999,1388449640.26103,5366,120674.526,285470460.83572,0
1776828600000,2364.06,2364.07,2358.85,2362.83,627803.779,1776829499999,1482616010.43034,5580,341368.069,806180311.42406,0
1776829500000,2362.83,2364.67,2360.48,2363.19,456861.133,1776830399999,1079644397.17733,6343,288987.232,683031489.89894,0
1776830400000,2364.66,2366.0,2362.35,2362.35,340360.918,1776831299999,804708710.42754,4781,147568.145,349021451.72738,0
1776831300000,2362.43,2362.43,2358.33,2361.02,669320.156,1776832199999,1579913333.74691,6635,235965.191,557061051.63286,0
1776832200000,2361.71,2366.0,2358.36,2364.11,563971.417,1776833099999,1331872568.79029,5394,380945.650,899951038.37924,0
1776833100000,2364.11,2364.14,2360.71,2360.93,281313.643,1776833999999,664647171.70083,4328,25561.041,60405109.22506,0
1776834000000,2360.93,2366.89,2360.71,2365.5,464362.465,1776834899999,1097951044.30792,5495,394912.808,933754273.84455,0
1776834900000,2365.5,2388.29,2365.34,2386.78,717526.601,1776835799999,1706576887.40370,5205,643918.299,1530947381.22463,0
1776835800000,2386.78,2400.45,2386.76,2392.35,764704.275,1776836699999,1830458596.40715,5560,336082.784,804623388.16927,0
1776836700000,2391.89,2402.99,2391.46,2396.41,586602.162,1776837599999,1407354222.93513,3871,309106.528,741706839.13703,0
1776837600000,2396.41,2396.54,2390.5,2391.66,618949.895,1776838499999,1480999869.59609,5972,113717.760,272039508.87084,0
1776838500000,2391.52,2393.12,2389.29,2390.88,272123.526,1776839399999,650680459.00750,4386,96398.191,230533718.21900,0
1776839400000,2390.88,2393.42,2389.29,2390.5,327337.207,1776840299999,782844448.42809,4659,210463.484,503421774.94488,0
1776840300000,2390.1,2392.19,2389.45,2390.88,224784.067,1776841199999,537452051.21264,4456,143896.428,344114797.75631,0
1776841200000,2390.88,2396.57,2390.48,2396.55,625873.209,1776842099999,1497995508.60445,6134,570427.706,1365376992.00576,0
1776842100000,2396.55,2396.57,2385.49,2386.09,612319.937,1776842999999,1463263413.46365,5253,177063.969,422610616.08188,0
1776843000000,2385.99,2392.55,2385.65,2392.54,455724.358,1776843899999,1088289697.89320,5557,338596.752,808699802.25015,0
1776843900000,2392.46,2392.64,2388.27,2389.67,348611.802,1776844799999,833222763.45352,4572,68845.449,164622378.92568,0
1776844800000,2389.67,2392.65,2388.34,2389.9,500398.503,1776845699999,1196101771.92708,5424,207072.640,495068032.45755,0
1776845700000,2389.94,2389.94,2385.01,2385.03,277292.809,1776846599999,662115386.00854,4103,1315.019,3139712.30446,0
1776846600000,2385.01,2386.21,2383.51,2383.53,336569.628,1776847499999,802597684.73272,4540,103850.141,247709419.71867,0
1776847500000,2383.76,2388.64,2382.39,2387.02,631394.534,1776848399999,1506365123.80108,6521,394836.190,942077260.31848,0
1776848400000,2387.02,2390.99,2385.93,2390.77,303417.871,1776849299999,724695242.59311,4442,174445.457,416705353.03819,0
1776849300000,2390.65,2392.65,2388.46,2392.65,533701.043,1776850199999,1275670552.05080,4932,295526.079,706604460.24177,0
1776850200000,2392.65,2392.65,2389.17,2391.31,379155.462,1776851099999,906546429.24516,4987,211211.645,505086612.10756,0
1776851100000,2392.64,2392.64,2384.5,2386.82,456841.93,1776851999999,1090678174.50444,5618,105761.821,252408713.11721,0
1776852000000,2386.83,2388.86,2384.43,2388.86,577701.86,1776852899999,1378936235.47147,6170,499471.043,1192194517.76622,0
1776852900000,2388.86,2390.6,2387.01,2390.19,407030.552,1776853799999,972404023.49582,5415,214588.324,512828622.37443,0
1776853800000,2390.19,2392.45,2389.01,2389.19,249067.96,1776854699999,595358524.31992,4882,88775.850,212290788.71272,0
1776854700000,2389.19,2389.46,2388.12,2388.13,91624.297,1776855599999,218864339.27095,3165,3663.636,8753152.74374,0
1776855600000,2388.13,2391.74,2387.0,2388.94,535083.988,1776856499999,1278611272.68985,4959,285240.431,681711445.79800,0
1776856500000,2388.94,2391.71,2388.9,2391.12,189334.054,1776857399999,452701294.71853,4057,170590.667,407884843.63786,0
1776857400000,2391.12,2393.08,2388.16,2392.13,559363.049,1776858299999,1337340116.78000,5227,317486.435,759181031.09832,0
1776858300000,2392.13,2397.6,2391.89,2397.14,397146.465,1776859199999,951185623.25498,4033,375952.431,900467958.10184,0
1776859200000,2397.14,2402.02,2395.42,2402.02,634215.613,1776860099999,1521493580.07727,5922,455454.886,1092870096.88540,0
1776860100000,2402.01,2403.0,2398.29,2398.73,589322.676,1776860999999,1414633787.61357,6787,272845.448,655120580.66956,0
1776861000000,2398.73,2403.0,2396.09,2399.24,458021.149,1776861899999,1098472229.23885,4915,216280.006,518793224.47202,0
1776861900000,2399.4,2405.36,2399.24,2403.41,612325.492,1776862799999,1471186726.56823,5195,576470.904,1385054655.53932,0
1776862800000,2403.41,2408.62,2402.2,2407.59,608205.148,1776863699999,1463275915.10358,6374,462328.238,1112568088.55862,0
1776863700000,2407.59,2411.5,2405.64,2407.97,554354.518,1776864599999,1335593833.08074,5667,213050.374,513356161.52356,0
1776864600000,2407.96,2412.08,2401.99,2411.56,641342.488,1776865499999,1543625377.98574,5430,262995.339,633464834.34805,0
1776865500000,2411.56,2415.82,2410.98,2414.14,725455.483,1776866399999,1750771618.18176,6299,574375.028,1386258801.16080,0
1776866400000,2414.3,2419.24,2412.31,2419.24,623045.908,1776867299999,1505503163.69029,4447,404753.419,978220570.70844,0
1776867300000,2419.22,2419.32,2410.69,2411.09,541437.953,1776868199999,1306715385.82121,5352,186104.838,449064935.63347,0
1776868200000,2410.7,2411.57,2398.4,2400.43,598346.21,1776869099999,1437968063.89596,6069,254616.178,611485232.50253,0
1776869100000,2400.43,2403.67,2397.01,2403.54,655808.438,1776869999999,1574249438.66936,5070,598215.581,1436172815.87753,0
1776870000000,2403.55,2403.68,2395.73,2397.66,515527.562,1776870899999,1236849336.16575,4304,289056.178,693388099.65543,0
1776870900000,2397.66,2400.5,2393.15,2396.02,595650.764,1776871799999,1427232883.54260,5983,295584.807,708428363.98169,0
1776871800000,2396.02,2409.81,2395.87,2407.41,750106.801,1776872699999,1802952341.11361,5015,729596.165,1753584988.57992,0
1776872700000,2407.75,2409.34,2405.32,2405.32,417444.262,1776873599999,1005095286.61143,3790,263722.098,635135174.03641,0
1776873600000,2405.32,2411.43,2400.96,2404.3,735238.378,1776874499999,1768947019.80938,5598,538422.462,1295741553.45045,0
1776874500000,2404.3,2404.33,2393.15,2396.57,456073.993,1776875399999,1093289203.12719,5068,55504.681,132980094.53941,0
1776875400000,2396.57,2396.61,2387.78,2389.72,693473.767,1776876299999,1658281275.88421,6393,309804.690,741198124.80901,0
1776876300000,2389.72,2391.73,2384.99,2387.17,446007.716,1776877199999,1064634455.43704,4404,75004.490,179062877.31669,0
1776877200000,2385.49,2396.44,2385.14,2392.56,435021.285,1776878099999,1040602908.49626,5404,263140.624,629451027.35575,0
1776878100000,2392.56,2393.02,2386.99,2391.54,688805.876,1776878999999,1646538256.50262,5472,284512.889,680159030.39956,0
1776879000000,2391.54,2398.51,2391.4,2397.21,651098.667,1776879899999,1559491799.19536,5957,581944.885,1393983885.35790,0
1776879900000,2397.21,2401.27,2394.16,2398.24,542884.675,1776880799999,1302156007.62300,5078,330425.314,792853513.36864,0
1776880800000,2398.28,2403.47,2398.05,2401.72,593351.414,1776881699999,1424368766.02923,5844,429253.488,1030573254.96898,0
1776881700000,2401.71,2403.47,2397.11,2397.29,516262.687,1776882599999,1238557688.50852,6015,200499.458,481053260.46549,0
1776882600000,2397.28,2402.79,2395.2,2399.57,759331.56,1776883499999,1821474886.74448,7202,492750.677,1182102873.08785,0
1776883500000,2399.57,2402.99,2395.87,2395.87,532444.913,1776884399999,1277778872.75006,5157,196978.407,472881573.14315,0
1776884400000,2395.88,2395.88,2391.0,2394.0,529455.761,1776885299999,1266971947.88263,6806,253612.983,606842994.64978,0
1776885300000,2394.0,2405.35,2393.59,2404.13,724629.852,1776886199999,1739810862.45200,5223,722308.896,1734238890.23050,0
1776886200000,2404.11,2405.35,2392.73,2394.83,437309.286,1776887099999,1047518367.03641,5151,133197.355,319000732.80077,0
1776887100000,2394.89,2398.91,2393.57,2396.32,733202.054,1776887999999,1756931049.66721,6402,445854.326,1068479803.89329,0
1776888000000,2395.46,2405.35,2395.25,2399.49,502924.189,1776888899999,1206177133.86554,5511,275773.109,661456165.71584,0
1776888900000,2399.49,2399.51,2393.57,2397.0,469736.407,1776889799999,1125608153.59332,5351,152370.919,365215808.34884,0
1776889800000,2397.0,2397.47,2392.94,2392.95,296845.632,1776890699999,711172604.09897,5323,12137.009,29062258.03414,0
1776890700000,2392.96,2393.81,2390.1,2390.32,349292.81,1776891599999,835313088.36407,5980,9932.007,23770950.20816,0
1776891600000,2390.32,2394.31,2390.1,2392.99,462207.226,1776892499999,1105998726.97179,5907,356009.807,851838203.23836,0
1776892500000,2392.64,2397.04,2392.61,2396.4,349518.548,1776893399999,837162549.12245,5169,347628.457,832638144.85354,0
1776893400000,2396.32,2404.29,2396.08,2404.29,581870.005,1776894299999,1397094531.12251,7015,556422.663,1336041964.50987,0
1776894300000,2404.29,2404.29,2400.68,2401.72,364587.394,1776895199999,875764501.90480,5048,105512.431,253452873.01788,0
1776895200000,2401.72,2404.14,2400.27,2403.32,480059.889,1776896099999,1153209190.82957,5874,253558.098,609148261.23254,0
1776896100000,2403.01,2403.33,2395.37,2396.48,711165.431,1776896999999,1706084697.78218,6408,106762.674,256202259.59262,0
1776897000000,2396.19,2398.23,2393.73,2395.27,440314.524,1776897899999,1054765951.54670,4805,95612.566,229102164.17961,0
1776897900000,2395.27,2397.37,2393.23,2397.36,261159.846,1776898799999,625491969.04835,4166,120476.959,288660480.75051,0
1776898800000,2397.36,2398.42,2393.16,2396.82,484618.732,1776899699999,1161122475.96046,4723,269753.484,646477696.31594,0
1776899700000,2396.82,2397.57,2384.16,2386.35,696865.624,1776900599999,1665254571.00252,4911,1921.402,4597364.54959,0
1776900600000,2386.29,2386.35,2374.77,2377.08,467293.442,1776901499999,1111124890.85786,5197,149801.800,356151196.64505,0
1776901500000,2377.08,2378.92,2372.75,2372.88,603115.648,1776902399999,1433438158.67604,6073,227205.987,540262020.21867,0
1776902400000,2372.75,2377.61,2364.89,2364.94,539270.332,1776903299999,1279437406.95943,5884,67955.988,161395039.88102,0
1776903300000,2364.88,2373.47,2351.25,2370.04,843615.36,1776904199999,1992192085.37220,6390,330727.043,782364029.01421,0
1776904200000,2370.04,2377.67,2367.59,2374.4,521995.116,1776905099999,1238780562.66785,4433,366335.762,868957020.37962,0
1776905100000,2374.05,2374.87,2369.66,2369.71,366437.533,1776905999999,869167667.80330,3620,82731.961,196382337.11320,0
1776906000000,2369.7,2370.65,2364.87,2366.05,516802.124,1776906899999,1223593314.70956,5179,72446.477,171493774.58755,0
1776906900000,2365.98,2366.35,2360.65,2364.55,629040.091,1776907799999,1486787984.42263,5875,206586.270,488536977.92074,0
1776907800000,2364.6,2367.39,2361.2,2365.84,584881.875,1776908699999,1382766547.11095,4234,430164.461,1016954561.72138,0
1776908700000,2365.85,2368.16,2364.84,2365.82,572775.341,1776909599999,1355298942.60662,5975,296430.491,701581631.47578,0
1776909600000,2365.82,2365.82,2360.04,2360.04,724010.669,1776910499999,1710406121.69766,6633,161556.828,381771948.19174,0
1776910500000,2360.07,2363.15,2351.99,2354.17,572361.953,1776911399999,1350178457.46649,5302,187071.529,441539017.26031,0
1776911400000,2354.17,2357.53,2344.41,2347.87,795358.332,1776912299999,1869418585.22150,5694,459088.046,1078972038.81942,0
1776912300000,2348.0,2353.14,2347.0,2351.53,398538.529,1776913199999,937258072.92666,4171,248102.833,583600211.10766,0
1776913200000,2351.56,2351.99,2341.0,2341.0,714356.903,1776914099999,1675917692.58217,6169,130594.846,306839217.68894,0
1776914100000,2341.03,2342.77,2335.88,2338.31,346767.81,1776914999999,810703811.44849,4958,148332.041,346888704.28557,0
1776915000000,2338.32,2338.7,2331.74,2336.97,629325.226,1776915899999,1469272994.07491,6616,225785.674,527308028.38641,0
1776915900000,2336.99,2338.71,2335.33,2338.71,551031.237,1776916799999,1287860299.39309,6877,323842.331,756957716.95469,0
1776916800000,2338.71,2342.77,2336.13,2342.37,593334.398,1776917699999,1387763744.72837,6466,474935.057,1111056005.25716,0
1776917700000,2342.37,2342.86,2340.01,2342.01,367303.29,1776918599999,859982393.87147,4891,196522.408,460156470.23310,0
1776918600000,2342.01,2346.53,2341.83,2344.63,361364.197,1776919499999,847256804.67088,5112,288329.208,676002647.72971,0
1776919500000,2344.63,2346.2,2343.92,2345.83,283482.916,1776920399999,664785239.46083,5076,179351.396,420674263.80341,0
1776920400000,2346.2,2350.79,2345.83,2349.9,358852.068,1776921299999,842846603.85325,5206,298684.977,701499178.29564,0
1776921300000,2349.91,2350.08,2345.0,2345.45,452558.212,1776922199999,1062352999.02533,6108,111105.062,260846941.37130,0
1776922200000,2345.41,2345.45,2340.12,2342.94,661635.279,1776923099999,1549639683.76629,7040,295349.165,691512940.52872,0
1776923100000,2342.93,2349.39,2342.69,2346.92,694370.041,1776923999999,1629551705.94896,7900,512587.208,1202748878.71395,0
1776924000000,2346.86,2353.29,2346.83,2350.12,787721.034,1776924899999,1852180731.73195,7480,373477.455,878086128.26183,0
1776924900000,2350.13,2357.16,2349.9,2354.61,303304.831,1776925799999,714068624.38534,5227,292373.468,688335291.52749,0
1776925800000,2354.2,2356.63,2352.64,2353.1,331674.238,1776926699999,780976611.73219,5324,136010.980,320365190.15359,0
1776926700000,2353.22,2353.23,2348.07,2353.04,634522.037,1776927599999,1491448203.02251,6890,208086.856,489167145.72350,0
1776927600000,2353.04,2354.99,2351.79,2351.82,276622.813,1776928499999,651126829.94310,4975,141543.156,333253159.70795,0
1776928500000,2351.83,2352.19,2348.65,2349.39,360641.286,1776929399999,847627931.21310,4881,80611.104,189449296.22505,0
1776929400000,2349.39,2350.96,2347.96,2350.32,425455.42,1776930299999,999639193.15281,6247,280129.785,658284818.67394,0
1776930300000,2350.32,2351.0,2341.69,2346.29,608911.595,1776931199999,1429945748.84307,6400,126639.089,297642736.68530,0
1776931200000,2346.29,2346.3,2337.75,2342.03,578999.114,1776932099999,1354950021.31053,6565,228281.411,534408461.26177,0
1776932100000,2342.11,2343.52,2336.97,2337.84,486149.032,1776932999999,1137843538.52050,5587,126502.957,296261850.62977,0
1776933000000,2337.87,2337.97,2334.42,2334.54,510413.078,1776933899999,1192197059.01815,5129,122514.964,286230115.94452,0
1776933900000,2334.53,2339.0,2334.36,2338.87,574540.127,1776934799999,1343027085.15903,6694,562327.006,1314498775.88857,0
1776934800000,2338.87,2339.0,2315.86,2320.59,790553.355,1776935699999,1839570601.30545,6696,93262.301,216410235.86470,0
1776935700000,2320.59,2328.92,2319.75,2319.97,423105.429,1776936599999,983257290.48370,4803,225060.029,522982299.65162,0
1776936600000,2319.97,2325.0,2319.95,2324.27,516363.085,1776937499999,1199141286.77259,5776,506068.432,1175244000.32116,0
1776937500000,2324.27,2324.7,2314.61,2315.5,392254.901,1776938399999,909106867.95911,5568,136022.817,314905760.84829,0
1776938400000,2315.5,2317.7,2306.36,2306.65,767050.779,1776939299999,1774389321.48732,6160,348417.343,806734365.86812,0
1776939300000,2306.44,2312.71,2306.44,2312.7,479858.239,1776940199999,1108433696.29081,5726,426280.358,984630628.44049,0
1776940200000,2312.71,2313.66,2310.2,2311.02,578710.495,1776941099999,1337960212.57614,6376,271442.538,627708936.48601,0
1776941100000,2311.02,2313.96,2310.7,2312.75,665280.172,1776941999999,1538257812.22164,6381,416050.779,962026650.53533,0
1776942000000,2312.75,2316.36,2312.47,2316.31,359718.586,1776942899999,832761989.42518,4542,357055.495,826594794.73078,0
1776942900000,2316.31,2319.69,2316.12,2319.32,329010.828,1776943799999,762600786.49832,4660,328109.839,760511830.95466,0
1776943800000,2319.32,2324.7,2315.85,2324.55,692474.345,1776944699999,1606709490.19474,6444,471445.707,1094406494.19438,0
1776944700000,2324.55,2329.0,2324.17,2327.61,589734.333,1776945599999,1371847648.17487,6378,292932.884,681343306.31825,0
1776945600000,2327.6,2333.43,2327.3,2331.0,455193.483,1776946499999,1060731827.75916,5993,381928.919,890027103.46469,0
1776946500000,2331.0,2331.1,2325.0,2328.37,607017.021,1776947399999,1413140953.05766,6933,221918.075,516594893.17915,0
1776947400000,2328.37,2330.38,2327.46,2328.34,465445.694,1776948299999,1084115972.28678,5659,339038.867,789783944.80487,0
1776948300000,2328.34,2330.05,2322.02,2327.41,508952.283,1776949199999,1183828229.05470,5637,242605.672,564409856.24614,0
1776949200000,2327.41,2330.52,2324.76,2324.84,705274.695,1776950099999,1641591060.24626,7600,341149.126,794370904.20355,0
1776950100000,2324.84,2324.85,2320.5,2321.0,470129.446,1776950999999,1092132177.32285,5654,49215.584,114368539.85913,0
1776951000000,2320.85,2324.45,2319.24,2319.51,569232.663,1776951899999,1321730968.98400,5979,278831.616,647637380.71118,0
1776951900000,2319.52,2322.28,2315.19,2318.39,620524.044,1776952799999,1438970453.85402,5183,358369.223,831134769.73440,0
1776952800000,2318.35,2321.22,2315.24,2319.19,588962.329,1776953699999,1365780418.34222,4885,341360.256,791822044.38888,0
1776953700000,2319.2,2327.43,2318.95,2326.91,664293.251,1776954599999,1542794493.41266,5633,605750.362,1406968640.39848,0
1776954600000,2326.91,2329.54,2325.71,2329.44,653900.858,1776955499999,1522262028.01589,5884,440670.598,1026046034.97402,0
1776955500000,2329.53,2332.9,2327.93,2332.88,565712.243,1776956399999,1318440886.69928,4802,464416.632,1082540959.66525,0
1776956400000,2332.88,2333.07,2323.8,2328.25,612871.253,1776957299999,1426961629.53525,5636,257440.351,599133762.72183,0
1776957300000,2328.25,2337.31,2327.1,2330.65,659998.315,1776958199999,1539988931.36351,5215,410697.079,958086888.35300,0
1776958200000,2330.65,2338.02,2328.9,2335.4,601448.202,1776959099999,1403738881.98857,4111,422299.372,985782954.88714,0
1776959100000,2335.4,2335.51,2328.33,2332.1,524785.018,1776959999999,1222985462.38991,5521,62007.011,144490455.32806,0
1776960000000,2332.17,2332.68,2327.58,2330.94,846594.552,1776960899999,1973250400.63048,6653,377307.899,879389340.46984,0
1776960900000,2330.94,2332.68,2329.85,2332.38,437614.33,1776961799999,1020124063.22976,3712,283746.142,661313064.29910,0
1776961800000,2332.38,2332.48,2329.66,2331.26,456629.083,1776962699999,1064381142.50277,5070,161062.289,375381915.98519,0
1776962700000,2331.08,2331.26,2324.33,2329.6,503593.868,1776963599999,1173104294.28493,5788,193623.164,451088689.65952,0
1776963600000,2331.24,2331.25,2317.17,2317.17,1043370.274,1776964499999,2425826074.79254,6855,187321.358,435494932.14239,0
1776964500000,2317.18,2327.34,2313.58,2313.95,728673.253,1776965399999,1690515872.46751,6871,318892.965,739788329.78940,0
1776965400000,2313.94,2314.01,2306.01,2311.94,866131.316,1776966299999,2001710751.80868,5775,263413.395,608370125.97384,0
1776966300000,2311.94,2311.95,2294.08,2300.0,667456.961,1776967199999,1538410538.48632,6374,140150.845,323064535.27786,0
1776967200000,2302.31,2311.93,2300.0,2309.18,836559.864,1776968099999,1930426621.60367,5040,440454.559,1016150214.10907,0
1776968100000,2308.87,2313.19,2308.76,2309.94,316267.519,1776968999999,730564361.97542,3545,263213.843,608018323.45950,0
1776969000000,2309.93,2310.62,2308.81,2310.35,233033.851,1776969899999,538341660.81902,4528,152289.516,351836700.84973,0
1776969900000,2310.02,2311.58,2307.27,2307.52,692689.029,1776970799999,1600144485.87839,6059,359259.586,829872075.63929,0
1776970800000,2307.51,2311.58,2307.27,2307.27,447806.571,1776971699999,1034138286.49068,4903,119263.885,275412178.78189,0
1776971700000,2307.28,2311.58,2307.27,2311.58,416155.689,1776972599999,961164983.15661,3754,228693.592,528008460.20727,0
1776972600000,2311.52,2311.58,2307.01,2309.32,566481.295,1776973499999,1308034719.41746,4441,242316.863,559523832.08464,0
1776973500000,2309.32,2327.33,2309.01,2311.45,723558.724,1776974399999,1672972658.70035,6465,405507.247,937543188.43204,0
1776974400000,2311.07,2327.33,2310.99,2321.16,780763.587,1776975299999,1806713760.72844,5588,544979.421,1260825702.25270,0
1776975300000,2321.16,2321.36,2314.43,2318.3,707348.416,1776976199999,1640788738.44367,5122,206046.811,477869811.97922,0
1776976200000,2318.1,2327.33,2318.0,2326.3,640952.255,1776977099999,1487328717.21432,4193,435391.555,1010198592.51100,0
1776977100000,2326.3,2327.33,2321.19,2324.98,527668.597,1776977999999,1226174339.03067,6167,130897.932,304099622.96348,0
1776978000000,2324.79,2325.07,2319.99,2323.88,667671.573,1776978899999,1550946107.03341,5805,268485.683,623756568.50304,0
1776978900000,2324.01,2324.01,2319.72,2323.89,364811.44,1776979799999,847147027.06674,4559,146352.752,339751102.45971,0
1776979800000,2323.89,2327.33,2322.95,2327.1,375669.537,1776980699999,873486634.99788,5346,291919.505,678753552.50631,0
1776980700000,2327.33,2327.33,2323.81,2323.81,317553.906,1776981599999,738652788.84688,4349,82042.179,190933024.89302,0
1776981600000,2323.87,2329.7,2322.68,2329.69,693994.062,1776982499999,1614385003.48939,5609,491924.062,1144529951.48835,0
1776982500000,2329.46,2336.61,2324.47,2330.0,713945.614,1776983399999,1664255962.96103,5103,518881.408,1209246861.05135,0
1776983400000,2330.0,2335.0,2324.47,2334.29,752862.826,1776984299999,1755762664.54897,4994,404785.953,943908571.16809,0
1776984300000,2334.28,2334.62,2329.63,2330.95,453882.572,1776985199999,1058766167.49107,4283,137276.392,320293310.00275,0
1776985200000,2330.95,2331.14,2326.12,2326.15,709433.746,1776986099999,1651888912.49671,6736,283791.759,660716070.62569,0
1776986100000,2326.12,2329.0,2324.14,2326.42,208906.849,1776986999999,485871993.14290,4518,74799.767,174024862.72033,0
1776987000000,2326.59,2330.26,2326.15,2329.71,741349.38,1776987899999,1726002637.73044,5203,489180.533,1138646294.18194,0
1776987900000,2329.72,2330.26,2326.15,2329.5,72992.365,1776988799999,170048784.09309,3046,28879.048,67284533.11513,0
1776988800000,2330.26,2330.99,2327.97,2330.92,414585.743,1776989699999,965903954.16002,4802,116898.742,272417260.24065,0
1776989700000,2330.92,2334.22,2328.51,2332.52,821103.309,1776990599999,1914349397.38056,5977,608613.821,1419053628.84362,0
1776990600000,2332.51,2334.36,2331.18,2331.18,233851.248,1776991499999,545522596.41920,4465,82137.963,191673303.47090,0
1776991500000,2331.18,2334.46,2329.91,2333.89,606845.711,1776992399999,1415344186.99929,5103,289583.010,675490367.33545,0
1776992400000,2333.88,2334.46,2324.73,2324.74,637734.862,1776993299999,1485608165.78000,5025,105690.056,246128193.88277,0
1776993300000,2324.73,2325.12,2321.16,2324.91,694593.613,1776994199999,1613893896.23038,4773,247328.520,574607699.71560,0
1776994200000,2325.11,2325.12,2320.43,2320.51,473202.452,1776995099999,1098646380.67843,4337,330381.049,767035048.07462,0
1776995100000,2320.51,2331.85,2320.32,2320.37,897241.54,1776995999999,2087878421.41853,5794,528422.389,1229037682.55949,0
1776996000000,2320.36,2332.15,2320.31,2329.75,548881.407,1776996899999,1277821892.06666,5232,304579.650,709081675.98787,0
1776996900000,2329.77,2331.7,2323.6,2325.1,796345.846,1776997799999,1853669243.67058,5432,381211.048,887156281.87280,0
1776997800000,2323.84,2329.78,2323.83,2325.09,507391.094,1776998699999,1180414281.08015,4866,412178.468,958980636.90745,0
1776998700000,2325.09,2327.77,2313.61,2325.95,963849.531,1776999599999,2238228128.71860,6578,347978.337,808456053.10354,0
1776999600000,2324.2,2325.98,2313.61,2318.45,521921.198,1777000499999,1209475645.09849,5239,234162.219,542451132.28478,0
1777000500000,2318.41,2318.44,2308.6,2310.97,557947.108,1777001399999,1291319963.53015,5502,271911.243,629113795.32996,0
1777001400000,2310.98,2311.2,2301.22,2304.45,888532.289,1777002299999,2049681689.95501,5841,276619.652,637337896.84313,0
1777002300000,2304.48,2311.01,2301.26,2306.66,711775.83,1777003199999,1641481465.32230,4957,361293.031,832509511.98688,0
1777003200000,2306.66,2307.45,2306.39,2306.67,208323.321,1777004099999,480526510.07195,4334,92983.234,214489824.79787,0
1777004100000,2306.67,2308.69,2304.65,2307.01,433723.997,1777004999999,1000621231.37181,4869,118991.223,274612430.67921,0
1777005000000,2308.0,2308.52,2301.26,2302.74,639664.668,1777005899999,1473963800.80165,5914,364603.198,840375383.76499,0
1777005900000,2302.48,2307.0,2301.26,2305.19,466082.935,1777006799999,1074125174.16837,5244,228754.559,527140064.97375,0
1777006800000,2305.19,2305.21,2301.7,2302.22,619172.464,1777007699999,1426295654.99121,6259,97443.626,224384571.03470,0
1777007700000,2302.44,2303.72,2301.22,2303.65,565954.902,1777008599999,1303181282.20341,5430,164842.673,379549134.39697,0
1777008600000,2303.67,2309.33,2301.77,2306.01,735414.811,1777009499999,1696263185.70261,5998,418042.424,964171350.05396,0
1777009500000,2306.01,2315.4,2306.01,2311.37,552135.615,1777010399999,1275465979.24500,3900,405856.250,937454179.42680,0
1777010400000,2311.37,2315.19,2311.37,2312.75,34294.387,1777011299999,79310312.21575,2963,32669.055,75551779.51153,0
1777011300000,2312.75,2314.01,2311.84,2312.07,312149.926,1777012199999,721984839.64267,4879,257536.111,595701585.32762,0
1777012200000,2312.07,2313.61,2311.51,2311.62,160300.3,1777013099999,370592346.51979,4183,46700.769,107978037.51116,0
1777013100000,2311.62,2312.1,2308.16,2308.16,833364.227,1777013999999,1925616464.96929,5341,272232.121,628661595.92153,0
1777014000000,2308.17,2312.1,2307.91,2308.01,808519.299,1777014899999,1866881676.41261,4506,533189.946,1230864661.66628,0
1777014900000,2308.01,2313.0,2307.91,2312.66,171080.537,1777015799999,395607833.68331,4434,125071.346,289224474.35911,0
1777015800000,2312.99,2313.0,2310.6,2311.5,395211.21,1777016699999,913908536.28592,4949,118587.248,274260015.15646,0
1777016700000,2311.5,2313.61,2310.6,2310.61,673961.843,1777017599999,1558536440.96258,5232,211602.748,489245240.39168,0
1777017600000,2310.61,2313.61,2307.39,2307.51,657038.562,1777018499999,1519108949.49293,5268,67692.767,156433430.27812,0
1777018500000,2307.5,2314.21,2307.5,2307.52,734497.453,1777019399999,1697072674.14376,5358,532634.775,1230364020.85918,0
1777019400000,2307.52,2316.18,2307.5,2314.96,557335.12,1777020299999,1288856296.97231,4662,255513.413,590530605.04697,0
1777020300000,2314.91,2316.53,2312.61,2316.23,686626.625,1777021199999,1589048089.57368,5093,427596.704,989471771.81394,0
1777021200000,2316.23,2316.55,2310.28,2315.67,778031.918,1777022099999,1800862579.87125,5381,211924.639,490307826.22241,0
1777022100000,2315.67,2316.55,2303.79,2306.78,642281.243,1777022999999,1482190631.42985,4894,237532.817,547932843.02110,0
1777023000000,2306.78,2309.49,2306.23,2306.89,168915.074,1777023899999,389709944.08391,3979,109879.056,253504738.89795,0
1777023900000,2306.88,2309.49,2306.87,2307.89,337040.147,1777024799999,777709381.98868,3443,252383.247,582356239.75557,0
1777024800000,2307.89,2308.69,2307.49,2307.89,128575.852,1777025699999,296769397.02304,3607,102089.800,235639448.77184,0
1777025700000,2307.89,2313.7,2307.55,2310.6,629574.942,1777026599999,1454122842.34203,5002,384285.597,887507064.64711,0
1777026600000,2310.61,2313.7,2307.55,2311.12,450212.332,1777027499999,1040188820.17021,3389,225173.433,520150084.60607,0
1777027500000,2312.19,2315.62,2310.1,2315.55,581394.529,1777028399999,1344282922.48461,4642,437037.422,1010635443.55383,0
1777028400000,2315.55,2328.72,2314.3,2326.17,834357.552,1777029299999,1934208938.27425,7262,557722.308,1292182889.13620,0
1777029300000,2326.16,2328.69,2315.11,2327.0,881146.905,1777030199999,2049269169.65256,5718,398411.352,926147122.86633,0
1777030200000,2327.0,2328.8,2324.36,2328.43,480426.214,1777031099999,1117733373.69535,3979,180845.206,420730363.70450,0
1777031100000,2328.5,2329.02,2327.76,2327.76,139506.455,1777031999999,324786437.80326,4202,82038.704,191008057.32847,0
1777032000000,2327.77,2329.72,2326.66,2329.51,680739.763,1777032899999,1585025965.55253,6269,296923.525,691236825.39133,0
1777032900000,2329.52,2329.72,2325.76,2328.12,379130.933,1777033799999,882561466.23725,5176,91653.696,213357129.75510,0
1777033800000,2328.75,2329.51,2322.41,2326.5,890949.897,1777034699999,2072653074.54246,5264,366918.594,852985619.03736,0
1777034700000,2326.49,2326.5,2322.4,2326.15,424308.294,1777035599999,986102494.20058,2825,213821.602,496734936.06198,0
1777035600000,2326.44,2327.74,2319.14,2325.52,867942.544,1777036499999,2017534381.36797,4801,325067.662,755505465.37759,0
1777036500000,2325.42,2328.58,2323.01,2324.12,470420.989,1777037399999,1094279399.06652,4581,315763.839,734430707.75616,0
1777037400000,2323.01,2326.53,2320.71,2322.97,305840.225,1777038299999,710260011.54607,3973,58830.828,136668887.93714,0
