open_time,open,high,low,close,volume,close_time,quote_asset_volume,number_of_trades,taker_buy_base_asset_volume,taker_buy_quote_asset_volume,ignore
1775828700000,0.4405,0.4405,0.4404,0.4404,293317.7,1775828999999,129204.5592500,744,18161.6,8000.1848000,0
1775829000000,0.4404,0.4404,0.4403,0.4404,289166.8,1775829299999,127349.0281700,770,2270.7,1000.0162800,0
1775829300000,0.4404,0.4404,0.4402,0.4403,298297.5,1775829599999,131344.0757200,783,4542.4,2000.0187200,0
1775829600000,0.4403,0.4403,0.4401,0.4402,288923.7,1775829899999,127193.0285300,770,18173.1,8000.0257400,0
1775829900000,0.4402,0.4402,0.44,0.4401,302503.6,1775830199999,133145.7597300,737,2271.7,1000.0023400,0
1775830200000,0.4401,0.4419,0.44,0.4419,302477.0,1775830499999,133230.4621700,758,9089.2,4000.1569200,0
1775830500000,0.4419,0.4419,0.4418,0.4418,283605.9,1775830799999,125318.4142400,727,4526.0,2000.0394000,0
1775830800000,0.4418,0.4418,0.436,0.4374,258625.1,1775831099999,113214.5370000,692,4571.6,2000.0750000,0
1775831100000,0.4374,0.4374,0.4358,0.4358,281291.4,1775831399999,122778.5323400,643,16059.4,7000.2924600,0
1775831400000,0.4358,0.4358,0.4351,0.4351,171083.8,1775831699999,74469.9225400,564,4595.6,2000.0051200,0
1775831700000,0.4351,0.4351,0.4338,0.4343,232239.1,1775831999999,100905.1505400,745,4604.2,2000.0644800,0
1775832000000,0.4343,0.4343,0.4342,0.4342,294836.6,1775832299999,128044.1918200,723,6907.8,3000.0575400,0
1775832300000,0.4342,0.4342,0.4312,0.4322,265788.0,1775832599999,115316.9896800,727,11547.7,5000.0961400,0
1775832600000,0.4322,0.4322,0.432,0.4321,335930.8,1775832899999,145157.0950700,768,6942.9,3000.0270900,0
1775832900000,0.4321,0.4321,0.4319,0.432,312970.4,1775833199999,135211.7034300,749,9258.4,4000.0916600,0
1775833200000,0.432,0.432,0.4306,0.4306,280935.3,1775833499999,121184.1944700,717,0,0,0
1775833500000,0.4306,0.4306,0.4305,0.4306,313916.1,1775833799999,135172.2410300,750,2322.4,1000.0254400,0
1775833800000,0.4306,0.4306,0.4304,0.4305,304606.1,1775834099999,131134.3476600,736,4645.8,2000.0169000,0
1775834100000,0.4305,0.4305,0.4303,0.4304,290794.3,1775834399999,125165.4728700,731,0,0,0
1775834400000,0.4304,0.4304,0.4302,0.4303,295591.2,1775834699999,127206.2289500,740,2323.5,1000.0344000,0
1775834700000,0.4303,0.4303,0.4301,0.4302,309946.8,1775834999999,133358.6477300,743,2324.6,1000.0429200,0
1775835000000,0.4302,0.4302,0.4301,0.4301,319038.6,1775835299999,137244.6636400,756,16272.2,7000.3004400,0
1775835300000,0.4301,0.4301,0.43,0.4301,304977.5,1775835599999,131170.7922300,740,6975.3,3000.0765300,0
1775835600000,0.4301,0.4301,0.4299,0.43,304912.5,1775835899999,131112.8169300,725,6976.8,3000.0240000,0
1775835900000,0.43,0.43,0.4298,0.4299,262538.3,1775836199999,112870.9097000,661,9303.6,4000.0827600,0
1775836200000,0.4299,0.4299,0.4297,0.4298,192926.8,1775836499999,82928.5977200,655,13958.2,6000.1648400,0
1775836500000,0.4298,0.4298,0.4296,0.4297,182797.6,1775836799999,78556.8069300,606,0,0,0
1775836800000,0.4378,0.4378,0.4376,0.4377,271786.0,1775837099999,118966.8098300,699,11422.5,5000.0850900,0
1775837100000,0.4377,0.4417,0.4376,0.4417,320245.9,1775837399999,141246.3011700,759,2264.0,1000.0088000,0
1775837400000,0.4417,0.4462,0.4415,0.4455,310282.0,1775837699999,137299.5233700,777,6793.5,3000.0096000,0
1775837700000,0.4455,0.4482,0.4454,0.447,303400.2,1775837999999,135438.5241400,792,6726.6,3000.0561000,0
1775838000000,0.447,0.4489,0.4468,0.4477,302454.7,1775838299999,135216.9219700,763,8950.8,4000.1125200,0
1775838300000,0.4477,0.4477,0.4476,0.4476,302075.3,1775838599999,135232.6943300,757,6701.1,3000.0824700,0
1775838600000,0.4476,0.4476,0.4475,0.4475,280003.8,1775838899999,125329.2134000,771,4468.4,2000.0558400,0
1775838900000,0.4475,0.4475,0.4474,0.4475,316090.0,1775839199999,141450.2461800,805,6704.1,3000.0847500,0
1775839200000,0.4475,0.4475,0.4473,0.4474,306929.7,1775839499999,137324.0116300,785,13411.2,6000.1708800,0
1775839500000,0.4474,0.4474,0.4472,0.4473,298150.4,1775839799999,133371.8140500,788,11178.5,5000.1430500,0
1775839800000,0.4473,0.4473,0.4471,0.4472,311966.0,1775840099999,139525.8753900,776,11180.0,5000.1431400,0
1775840100000,0.4472,0.4472,0.447,0.4471,280312.1,1775840399999,125344.9856100,766,20126.3,9000.2576900,0
1775840400000,0.447,0.4471,0.447,0.447,289318.4,1775840699999,129347.8084600,789,8946.8,4000.1142800,0
1775840700000,0.447,0.447,0.4469,0.4469,288854.2,1775840999999,129116.4381400,731,6711.6,3000.0852000,0
1775841000000,0.4469,0.4469,0.4468,0.4469,167455.6,1775841299999,74835.8971400,616,2237.7,1000.0281300,0
1775841300000,0.4469,0.447,0.4468,0.4469,107590.7,1775841599999,48082.7383000,453,0,0,0
1775841600000,0.4469,0.4469,0.4467,0.4468,153236.6,1775841899999,68473.9122300,549,4475.9,2000.0558900,0
1775841900000,0.4468,0.4468,0.4466,0.4467,134759.1,1775842199999,60206.5513600,560,0,0,0
1775842200000,0.4467,0.4481,0.4466,0.4481,144473.7,1775842499999,64592.6199600,576,4463.4,2000.0495400,0
1775842500000,0.4481,0.4481,0.448,0.448,156621.2,1775842799999,70180.0257400,486,0,0,0
1775842800000,0.448,0.448,0.4479,0.4479,200732.6,1775843099999,89926.3779300,454,2232.2,1000.0256000,0
1775843100000,0.4479,0.4479,0.4478,0.4479,292503.9,1775843399999,131012.4749800,714,6698.1,3000.0789900,0
1775843400000,0.4479,0.4479,0.4477,0.4478,302284.7,1775843699999,135365.3518200,786,2233.2,1000.0269600,0
1775843700000,0.4478,0.4478,0.4476,0.4477,298091.0,1775843999999,133462.1914100,812,6700.1,3000.0814100,0
1775844000000,0.4477,0.4477,0.4475,0.4476,293442.4,1775844299999,131356.6999500,777,2234.2,1000.0279200,0
1775844300000,0.4476,0.4476,0.4422,0.4423,310054.5,1775844599999,138009.1780500,796,2261.0,1000.0403000,0
1775844600000,0.4423,0.4423,0.4421,0.4422,292496.0,1775844899999,129357.0460900,767,18088.5,8000.3174000,0
1775844900000,0.4422,0.4447,0.4421,0.4447,299979.4,1775845199999,133169.5633200,738,6771.8,3000.1119600,0
1775845200000,0.4447,0.4447,0.4445,0.4446,282005.5,1775845499999,125388.8714400,791,8996.2,4000.1602800,0
1775845500000,0.4446,0.4446,0.4444,0.4445,282359.5,1775845799999,125523.1427600,760,2249.8,1000.0361000,0
1775845800000,0.4445,0.4445,0.4443,0.4444,282051.9,1775846099999,125364.1387900,768,22500.0,10000.3498800,0
1775846100000,0.4444,0.4451,0.4443,0.445,245342.5,1775846399999,109167.6400200,726,2250.3,1000.0333200,0
1775846400000,0.445,0.4513,0.4449,0.4513,229599.1,1775846699999,103366.5773900,761,13327.6,6010.3070200,0
1775846700000,0.4513,0.4534,0.4512,0.452,224117.7,1775846999999,101347.9625200,798,4424.0,2000.0904000,0
1775847000000,0.452,0.4652,0.4515,0.4642,287219.3,1775847299999,130981.0210200,704,4428.8,2000.0460800,0
1775847300000,0.4642,0.4642,0.4529,0.4529,280905.7,1775847599999,128568.7308800,780,0,0,0
1775847600000,0.4529,0.4529,0.4498,0.4499,273518.8,1775847899999,123322.1813000,737,4445.6,2000.0754400,0
1775847900000,0.4498,0.4543,0.4497,0.4543,188607.7,1775848199999,84938.4405500,653,4424.5,2000.0455000,0
1775848200000,0.4543,0.4565,0.4542,0.4564,287760.6,1775848499999,131183.2797700,757,2191.1,1000.0180400,0
1775848500000,0.4564,0.458,0.4563,0.458,278655.2,1775848799999,127273.5279200,762,0,0,0
1775848800000,0.458,0.4606,0.4578,0.4605,286894.4,1775849099999,131532.7961900,770,4367.0,2000.0860000,0
1775849100000,0.4605,0.4605,0.4604,0.4605,298373.8,1775849399999,137401.1122600,796,2171.6,1000.0218000,0
1775849400000,0.4605,0.4615,0.4602,0.4602,276596.6,1775849699999,127459.2391500,793,4345.0,2000.0035000,0
1775849700000,0.4602,0.4606,0.4576,0.4606,277876.5,1775849999999,127519.5762400,782,19636.5,9000.2184300,0
1775850000000,0.4606,0.4606,0.4602,0.4603,289712.7,1775850299999,133406.4146100,803,0,0,0
1775850300000,0.4603,0.4603,0.4601,0.4602,289654.4,1775850599999,133314.0617900,772,21727.0,10000.0689000,0
1775850600000,0.4602,0.47,0.4601,0.4699,285940.2,1775850899999,133399.6059800,801,8590.4,4000.0862800,0
1775850900000,0.4699,0.4705,0.4606,0.465,261555.2,1775851199999,121835.0874400,791,4296.1,2000.0421900,0
1775851200000,0.465,0.4662,0.4607,0.4655,240045.0,1775851499999,111443.5154300,725,0,0,0
1775851500000,0.4655,0.4655,0.4617,0.4618,288664.0,1775851799999,133501.1575200,783,2163.6,1000.0159200,0
1775851800000,0.4618,0.4618,0.4608,0.4608,248951.0,1775852099999,114883.3597700,670,0,0,0
1775852100000,0.4608,0.4608,0.4607,0.4607,262361.5,1775852399999,120890.3673200,690,13021.2,6000.1689600,0
1775852400000,0.4607,0.4607,0.4557,0.4558,297111.6,1775852699999,135770.2760700,807,0,0,0
1775852700000,0.4558,0.456,0.4554,0.4555,288546.4,1775852999999,131517.6280500,840,8775.0,4000.0833000,0
1775853000000,0.4555,0.4575,0.4553,0.4575,322972.4,1775853299999,147351.1609400,810,15340.0,7000.0456200,0
1775853300000,0.4575,0.4575,0.4573,0.4573,308712.1,1775853599999,141222.3311900,765,10930.0,5000.0377400,0
1775853600000,0.4574,0.4584,0.4573,0.4584,274220.6,1775853899999,125478.7155000,788,10942.6,5005.1552300,0
1775853900000,0.4584,0.4599,0.4583,0.4594,285920.1,1775854199999,131387.3735300,809,4353.6,2000.0438400,0
1775854200000,0.4593,0.4593,0.4592,0.4593,281721.3,1775854499999,129394.5782500,779,4354.6,2000.0677800,0
1775854500000,0.4593,0.4593,0.4591,0.4593,286309.3,1775854799999,131484.3820500,774,4354.6,2000.0677800,0
1775854800000,0.4593,0.4593,0.4591,0.4591,312334.3,1775855099999,143433.6950800,811,6532.9,3000.1254100,0
1775855100000,0.4592,0.4609,0.4591,0.4609,296960.1,1775855399999,136577.3307500,782,0,0,0
1775855400000,0.4609,0.4609,0.4607,0.4608,280768.2,1775855699999,129391.8049200,801,10849.0,5000.0870800,0
1775855700000,0.4608,0.463,0.4607,0.4629,267100.9,1775855999999,123139.9381000,724,6510.6,3000.0844800,0
1775856000000,0.4629,0.4655,0.4629,0.4654,216489.7,1775856299999,100736.9127400,627,8594.4,4000.0485900,0
1775856300000,0.4654,0.4722,0.4653,0.4721,224174.8,1775856599999,105181.8983000,724,2117.8,1000.0251600,0
1775856600000,0.4721,0.4721,0.4705,0.4706,219400.5,1775856899999,103331.1535300,726,8499.0,4000.0543000,0
1775856900000,0.4706,0.4706,0.4704,0.4705,133243.5,1775857199999,62697.6492600,603,6375.0,3000.0750000,0
1775857200000,0.4705,0.4705,0.4703,0.4704,133073.2,1775857499999,62605.5509500,557,8501.6,4000.0028000,0
1775857500000,0.4704,0.478,0.4703,0.4775,165304.7,1775857799999,78568.7243900,577,8368.4,4000.0952000,0
1775857800000,0.4775,0.4775,0.4749,0.4749,110498.9,1775858099999,52676.2015800,708,0,0,0
1775858100000,0.4749,0.4749,0.4697,0.4697,124325.1,1775858399999,58665.4739300,545,4258.2,2000.0765400,0
1775858400000,0.4697,0.4745,0.4696,0.4745,165924.3,1775858699999,78282.4749600,520,10595.7,5000.0780500,0
1775858700000,0.4745,0.4751,0.4745,0.4749,194295.2,1775858999999,92295.3681300,548,0,0,0
1775859000000,0.4749,0.4749,0.4723,0.4723,198690.9,1775859299999,93987.1833900,443,0,0,0
1775859300000,0.4723,0.4727,0.4685,0.4685,291125.3,1775859599999,137206.0511200,710,2115.6,1000.0441200,0
1775859600000,0.4685,0.4685,0.4667,0.4683,285380.4,1775859899999,133506.6517700,788,6420.0,3000.0660000,0
1775859900000,0.4683,0.4693,0.4663,0.4663,293554.5,1775860199999,137577.1708600,803,17056.2,8000.2038600,0
1775860200000,0.4663,0.4684,0.4662,0.4683,277291.0,1775860499999,129413.2523500,787,6433.8,3000.0809400,0
1775860500000,0.4683,0.4701,0.4682,0.47,288330.0,1775860799999,135309.8006900,788,6406.2,3000.0234600,0
1775860800000,0.47,0.47,0.4687,0.4687,266400.7,1775861099999,125201.7010100,728,6383.1,3000.0570000,0
1775861100000,0.4687,0.4687,0.4684,0.4685,216113.5,1775861399999,101253.6010600,740,4268.6,2000.0525100,0
1775861400000,0.4685,0.4685,0.4639,0.4658,244340.2,1775861699999,113777.0764700,853,8579.4,4000.0521000,0
1775861700000,0.4658,0.4658,0.4656,0.4657,265298.5,1775861999999,123550.8110600,806,12883.9,6000.2469200,0
1775862000000,0.4657,0.4657,0.4655,0.4655,286686.9,1775862299999,133484.4530700,805,6442.2,3000.1325400,0
1775862300000,0.4655,0.4655,0.4591,0.4592,263803.1,1775862599999,121905.7553400,824,2177.8,1000.0457600,0
1775862600000,0.4592,0.4592,0.4584,0.4584,268651.7,1775862899999,123318.6568600,755,6534.6,3000.0348600,0
1775862900000,0.4584,0.4584,0.4583,0.4584,269522.4,1775863199999,123549.0406400,803,0,0,0
1775863200000,0.4584,0.4584,0.4582,0.4583,286339.4,1775863499999,131232.4565300,762,15274.0,7000.0742000,0
1775863500000,0.4583,0.4583,0.4581,0.4582,299240.6,1775863799999,137119.5970900,738,8728.5,4000.0533000,0
1775863800000,0.4582,0.4605,0.4562,0.4563,222925.4,1775864099999,101996.7859900,687,0,0,0
1775864100000,0.4563,0.4563,0.4561,0.4562,181266.4,1775864399999,82701.5236400,612,2191.6,1000.0270800,0
1775864400000,0.4562,0.4562,0.4561,0.4561,288172.5,1775864699999,131457.4981800,795,4384.2,2000.0720400,0
1775864700000,0.4561,0.4561,0.456,0.456,297000.3,1775864999999,135457.3297300,793,0,0,0
1775865000000,0.456,0.4568,0.4546,0.4547,302156.9,1775865299999,137646.2100600,835,13168.8,6000.1222600,0
1775865300000,0.4547,0.4547,0.4545,0.4546,297893.6,1775865599999,135435.4863200,792,2199.8,1000.0290800,0
1775865600000,0.4631,0.4631,0.463,0.463,222780.9,1775865899999,103166.6902800,712,6478.2,3000.0544200,0
1775865900000,0.463,0.463,0.4616,0.4617,171045.9,1775866199999,79145.5903100,699,0,0,0
1775866200000,0.4617,0.4617,0.4615,0.4616,245725.1,1775866499999,113429.4096400,773,10831.2,5000.1151200,0
1775866500000,0.4616,0.4616,0.4614,0.4615,293048.2,1775866799999,135249.7208900,755,0,0,0
1775866800000,0.4615,0.4615,0.4613,0.4614,314996.0,1775867099999,145352.0116400,776,4334.3,2000.0627100,0
1775867100000,0.4614,0.4614,0.4612,0.4613,276461.2,1775867399999,127548.4126400,766,6502.2,3000.1150800,0
1775867400000,0.4613,0.4613,0.4612,0.4612,140022.2,1775867699999,64586.8497800,571,0,0,0
1775867700000,0.4612,0.4612,0.4573,0.4573,170696.4,1775867999999,78719.2286100,565,4336.6,2000.0399200,0
1775868000000,0.4573,0.4585,0.4572,0.4585,119464.2,1775868299999,54655.2097400,567,4373.6,2000.0472800,0
1775868300000,0.4585,0.4585,0.4583,0.4584,140590.0,1775868599999,64452.2951400,530,2181.6,1000.0454400,0
1775868600000,0.4584,0.4584,0.4582,0.4583,157729.3,1775868899999,72294.5557100,541,0,0,0
1775868900000,0.4583,0.4583,0.4582,0.4582,127408.0,1775869199999,58387.8537500,539,2182.0,1000.0106000,0
1775869200000,0.4582,0.4582,0.4581,0.4581,127471.9,1775869499999,58405.7521900,532,2182.5,1000.0215000,0
1775869500000,0.4581,0.4581,0.458,0.458,152088.4,1775869799999,69669.0253100,392,2183.0,1000.0323000,0
1775869800000,0.458,0.458,0.4565,0.4566,281888.4,1775870099999,129061.1135400,713,4367.0,2000.0860000,0
1775870100000,0.4566,0.4566,0.4541,0.4541,256631.2,1775870399999,117055.3305700,686,2190.6,1000.0089000,0
1775870400000,0.4541,0.4541,0.454,0.454,271032.6,1775870699999,123074.5314200,722,13213.2,6000.1141200,0
1775870700000,0.454,0.454,0.4539,0.454,293816.0,1775870999999,133392.4456100,799,11013.5,5000.1290000,0
1775871000000,0.454,0.454,0.4538,0.4539,289576.6,1775871299999,131441.5089800,803,0,0,0
1775871300000,0.4539,0.4539,0.4537,0.4538,289448.2,1775871599999,131357.9226600,778,2203.7,1000.0390600,0
1775871600000,0.4538,0.4538,0.4536,0.4537,307290.9,1775871899999,139429.6125000,791,0,0,0
1775871900000,0.4537,0.4537,0.4535,0.4536,302848.6,1775872199999,137387.0389100,792,11021.5,5000.0136300,0
1775872200000,0.4536,0.4536,0.4534,0.4535,307231.2,1775872499999,139350.5449800,791,6613.8,3000.0196800,0
1775872500000,0.4535,0.4535,0.4534,0.4534,311852.2,1775872799999,141419.5271600,815,11025.5,5000.0642500,0
1775872800000,0.4534,0.4534,0.4533,0.4533,289702.4,1775873099999,131349.6962200,768,2205.6,1000.0190400,0
1775873100000,0.4533,0.4533,0.4532,0.4533,320512.2,1775873399999,145288.1480100,787,8824.4,4000.1005200,0
1775873400000,0.4533,0.4533,0.4531,0.4532,316405.2,1775873699999,143397.5298700,790,4412.7,2000.0562500,0
1775873700000,0.4532,0.4532,0.4515,0.4516,281868.6,1775873999999,127418.5170600,782,4428.8,2000.0460800,0
1775874000000,0.4516,0.4516,0.4514,0.4515,304123.2,1775874299999,137327.4824300,799,8858.1,4000.0964700,0
1775874300000,0.4515,0.4515,0.451,0.4511,268093.1,1775874599999,120972.6835000,739,0,0,0
1775874600000,0.4511,0.4511,0.4501,0.4501,130325.2,1775874899999,58772.2896800,601,4433.8,2000.0871800,0
1775874900000,0.4501,0.4501,0.4499,0.45,300937.7,1775875199999,135424.6801500,838,13333.8,6000.2100000,0
1775875200000,0.45,0.45,0.4498,0.4499,309354.0,1775875499999,139186.0713500,763,2222.8,1000.0377200,0
1775875500000,0.4499,0.4499,0.4471,0.4471,275203.9,1775875799999,123383.2194800,760,6708.6,3000.0859200,0
1775875800000,0.4471,0.4479,0.447,0.4479,303060.3,1775876099999,135509.3417000,817,6710.1,3000.0857100,0
1775876100000,0.4479,0.4479,0.4477,0.4478,262394.7,1775876399999,117517.3518000,815,6699.1,3000.0802500,0
1775876400000,0.4477,0.4478,0.4477,0.4477,306949.5,1775876699999,137445.5431900,811,6699.6,3000.0808800,0
1775876700000,0.4477,0.45,0.4476,0.45,306177.0,1775876999999,137474.0292000,803,8900.6,4000.1324900,0
1775877000000,0.45,0.45,0.4498,0.4499,327575.9,1775877299999,147385.9675200,778,17781.4,8000.2963200,0
1775877300000,0.4499,0.4499,0.4497,0.4498,279040.8,1775877599999,125527.1294900,843,17783.9,8000.3096200,0
1775877600000,0.4498,0.4498,0.4496,0.4497,292530.0,1775877899999,131571.2604900,827,6669.9,3000.1210200,0
1775877900000,0.4497,0.4497,0.4496,0.4496,282711.2,1775878199999,127130.1829300,737,13342.8,6000.2571600,0
1775878200000,0.4496,0.4496,0.4495,0.4495,273159.2,1775878499999,122811.4273700,672,22242.0,10000.0032000,0
1775878500000,0.4495,0.4496,0.4494,0.4496,282914.9,1775878799999,127177.5187500,750,8898.8,4000.0106000,0
1775878800000,0.4496,0.4502,0.4494,0.4501,305314.8,1775879099999,137316.9672100,805,11114.8,5000.1018400,0
1775879100000,0.4501,0.4501,0.45,0.45,277787.1,1775879399999,125025.1321100,724,4443.6,2000.0643600,0
1775879400000,0.45,0.45,0.4499,0.4499,206148.1,1775879699999,92764.3339300,623,8889.2,4000.1400000,0
1775879700000,0.4499,0.4499,0.4498,0.4499,224300.0,1775879999999,100912.5307100,671,4445.6,2000.0754400,0
1775880000000,0.4499,0.4499,0.4497,0.4498,255575.5,1775880299999,114958.7513200,720,11116.5,5000.2017000,0
1775880300000,0.4498,0.4498,0.4496,0.4497,292213.4,1775880599999,131413.8170200,799,4447.6,2000.0857200,0
1775880600000,0.4497,0.4497,0.4495,0.4496,302431.5,1775880899999,135983.6635100,804,8895.2,4000.1714400,0
1775880900000,0.4496,0.4496,0.4494,0.4495,221359.9,1775881199999,99512.3077300,783,8897.8,4000.0059400,0
1775881200000,0.4495,0.4495,0.4466,0.4467,244690.0,1775881499999,109455.6247700,780,0,0,0
1775881500000,0.4467,0.4467,0.4465,0.4466,290025.3,1775881799999,129529.8906800,828,8956.3,4000.1074500,0
1775881800000,0.4466,0.4467,0.4465,0.4466,290040.4,1775882099999,129535.2452000,846,11196.0,5000.1336000,0
1775882100000,0.4466,0.4466,0.4464,0.4465,290213.0,1775882399999,129596.6576500,820,11197.5,5000.1315900,0
1775882400000,0.4465,0.4487,0.4464,0.4486,302612.8,1775882699999,135598.9571400,838,8914.8,4000.0707600,0
1775882700000,0.4486,0.4486,0.4485,0.4486,288830.1,1775882999999,129569.1572700,832,13375.2,6000.1147200,0
1775883000000,0.4486,0.4486,0.4484,0.4485,292815.5,1775883299999,131331.3978300,796,8918.8,4000.0818000,0
1775883300000,0.4485,0.4485,0.4483,0.4484,305896.3,1775883599999,137171.1991000,767,13380.7,6000.1288500,0
1775883600000,0.4483,0.4484,0.4482,0.4483,297268.4,1775883899999,133278.1978800,772,13381.2,6000.1300800,0
1775883900000,0.4483,0.4483,0.4481,0.4482,301984.0,1775884199999,135367.4811100,800,11154.5,5000.1161100,0
1775884200000,0.4482,0.4482,0.4481,0.4481,269764.8,1775884499999,120902.1325400,693,11156.0,5000.1192000,0
1775884500000,0.4481,0.4484,0.448,0.4484,274693.6,1775884799999,123164.3726900,736,6690.6,3000.0650400,0
1775884800000,0.4484,0.4484,0.4482,0.4483,278985.8,1775885099999,125071.5912000,737,0,0,0
1775885100000,0.4483,0.4483,0.4481,0.4482,292487.2,1775885399999,131098.6671100,736,8924.3,4000.0943300,0
1775885400000,0.4482,0.4519,0.4481,0.4516,291291.5,1775885699999,131161.8227800,748,20003.0,9005.2393400,0
1775885700000,0.4516,0.4516,0.4514,0.4515,295432.7,1775885999999,133397.3838200,815,15502.8,7000.1785200,0
1775886000000,0.4515,0.4515,0.4513,0.4514,251247.8,1775886299999,113424.6905700,784,6646.2,3000.0946800,0
1775886300000,0.4514,0.4514,0.4512,0.4513,202282.5,1775886599999,91299.8187000,743,2215.4,1000.0315600,0
1775886600000,0.4513,0.4513,0.4511,0.4512,308731.2,1775886899999,139322.6421800,802,2215.9,1000.0356700,0
1775886900000,0.4512,0.4512,0.451,0.451,313117.9,1775887199999,141262.8933200,780,4432.8,2000.0793600,0
1775887200000,0.451,0.451,0.45,0.4501,291095.8,1775887499999,131097.7486800,780,0,0,0
1775887500000,0.4501,0.4501,0.4499,0.45,277622.0,1775887799999,124945.8174800,701,17776.4,8000.2687200,0
1775887800000,0.45,0.45,0.4498,0.4498,273839.1,1775888099999,123220.2747900,749,6666.9,3000.1050000,0
1775888100000,0.4499,0.4499,0.4498,0.4498,300518.7,1775888399999,135200.1461300,759,11114.0,5000.1886000,0
1775888400000,0.4498,0.4498,0.4497,0.4498,291914.0,1775888699999,131302.8929900,766,8893.2,4000.1613600,0
1775888700000,0.4498,0.4498,0.4496,0.4497,318869.0,1775888999999,143397.1715000,793,15566.6,7000.3000200,0
1775889000000,0.4497,0.4512,0.4495,0.4512,286687.4,1775889299999,129066.5711400,730,6683.8,3005.2762600,0
1775889300000,0.4512,0.4512,0.451,0.4511,281522.5,1775889599999,126997.4937900,738,4433.8,2000.0871800,0
1775889600000,0.4511,0.4511,0.4509,0.451,255509.8,1775889899999,115243.0481600,753,8868.8,4000.0504900,0
1775889900000,0.451,0.451,0.4508,0.4509,259774.4,1775890199999,117140.9382900,752,13305.3,6000.0249600,0
1775890200000,0.4509,0.4509,0.4507,0.4508,300575.3,1775890499999,135514.7927700,824,4435.6,2000.0120400,0
1775890500000,0.4508,0.4508,0.4492,0.4492,292365.3,1775890799999,131633.4093200,814,6669.7,3000.0236600,0
1775890800000,0.4492,0.4492,0.4491,0.4492,238903.1,1775891099999,107315.2444700,768,11131.0,5000.0452000,0
1775891100000,0.4492,0.4492,0.449,0.4491,180616.9,1775891399999,81116.8867800,693,0,0,0
1775891400000,0.4491,0.4491,0.4489,0.449,306493.9,1775891699999,137623.0579800,828,4454.4,2000.0256000,0
1775891700000,0.449,0.449,0.4488,0.4489,293083.7,1775891999999,131575.3403900,839,0,0,0
1775892000000,0.4489,0.4489,0.4487,0.4488,310985.0,1775892299999,139586.4975100,835,6684.1,3000.0468500,0
1775892300000,0.4488,0.4488,0.4486,0.4487,297678.8,1775892599999,133588.5778300,831,17825.6,8000.1292800,0
1775892600000,0.4487,0.4487,0.4486,0.4486,288789.1,1775892899999,129573.6936100,833,11143.5,5000.0884500,0
1775892900000,0.4486,0.4486,0.4485,0.4485,293165.8,1775893199999,131512.7841400,811,6687.6,3000.0573600,0
1775893200000,0.4485,0.4523,0.4484,0.4522,296547.9,1775893499999,133484.1605500,851,8887.2,4000.0781600,0
1775893500000,0.4522,0.4522,0.4521,0.4522,295154.0,1775893799999,133468.6144900,803,4423.0,2000.0806000,0
1775893800000,0.4522,0.4522,0.452,0.4521,299343.5,1775894099999,135334.0841000,802,15483.5,7000.3115000,0
1775894100000,0.4521,0.4521,0.4519,0.452,249832.9,1775894399999,112928.0908400,694,19911.6,9000.0432000,0
1775894400000,0.4604,0.4611,0.4595,0.4611,246356.5,1775894699999,113422.5061400,743,2168.8,1000.0336800,0
1775894700000,0.4611,0.4628,0.461,0.4627,214699.3,1775894999999,99167.9030900,744,2168.8,1000.0336800,0
1775895000000,0.4627,0.4631,0.4626,0.4631,220824.6,1775895299999,102196.9399700,718,6483.9,3000.1005300,0
1775895300000,0.4631,0.4663,0.463,0.4663,273724.8,1775895599999,127215.5489200,771,0,0,0
1775895600000,0.4663,0.4663,0.4638,0.4639,226030.1,1775895899999,105198.9060600,720,8611.7,4000.1146700,0
1775895900000,0.4639,0.4639,0.4637,0.4638,212888.5,1775896199999,98738.9979400,635,4312.4,2000.0911200,0
1775896200000,0.4638,0.4638,0.4636,0.4637,208695.0,1775896499999,96774.1181800,642,4313.2,2000.0308400,0
1775896500000,0.4637,0.4637,0.4635,0.4636,278316.1,1775896799999,129037.8681700,732,6470.8,3000.0785400,0
1775896800000,0.4636,0.4636,0.4634,0.4635,265582.0,1775897099999,123108.7422200,737,19415.9,9000.1324900,0
1775897100000,0.4635,0.4636,0.4627,0.4635,257405.4,1775897399999,119254.0802700,796,0,0,0
1775897400000,0.4635,0.4635,0.4582,0.4583,206998.5,1775897699999,95538.8200100,735,4315.0,2000.0025000,0
1775897700000,0.4583,0.4583,0.4582,0.4582,172780.5,1775897999999,79180.2256200,700,4364.0,2000.0212000,0
1775898000000,0.4582,0.4582,0.458,0.4581,255602.4,1775898299999,117109.8440900,746,4365.0,2000.0430000,0
1775898300000,0.4581,0.4581,0.458,0.458,277858.1,1775898599999,127284.0801900,758,8732.0,4000.1292000,0
1775898600000,0.458,0.458,0.4579,0.458,286249.4,1775898899999,131102.2024600,725,10917.5,5000.2150000,0
1775898900000,0.458,0.458,0.4578,0.4579,211265.4,1775899199999,96739.3034400,637,2183.9,1000.0078100,0
1775899200000,0.4579,0.4579,0.4577,0.4578,281857.3,1775899499999,129038.7224600,740,8737.6,4000.0732800,0
1775899500000,0.4577,0.4578,0.4576,0.4577,243180.7,1775899799999,111312.7408300,753,4368.8,2000.0366400,0
1775899800000,0.4577,0.4577,0.4561,0.4562,260695.9,1775900099999,119220.1813000,765,6554.7,3000.0861900,0
1775900100000,0.4562,0.4562,0.456,0.4561,296738.2,1775900399999,135364.7397200,792,8768.4,4000.1440800,0
1775900400000,0.4561,0.4561,0.456,0.456,283729.7,1775900699999,129405.9284100,795,24118.6,11000.4934600,0
1775900700000,0.456,0.456,0.4559,0.456,222389.0,1775900999999,101409.3681500,751,0,0,0
1775901000000,0.456,0.4571,0.4558,0.457,260801.1,1775901299999,119045.5640100,727,4387.0,2000.0333000,0
1775901300000,0.457,0.457,0.4569,0.4569,292083.1,1775901599999,133481.4828500,811,10941.0,5000.0370000,0
1775901600000,0.4569,0.461,0.4569,0.4609,281211.7,1775901899999,129385.3495200,818,13015.7,6000.0207300,0
1775901900000,0.4609,0.4609,0.4604,0.4605,311571.3,1775902199999,143524.3793700,865,4343.2,2000.0436000,0
1775902200000,0.4605,0.4605,0.4603,0.4604,281156.4,1775902499999,129458.2539100,808,2171.6,1000.0218000,0
1775902500000,0.4604,0.4604,0.4602,0.4603,298533.5,1775902799999,137433.2473200,803,13033.4,6000.1428600,0
1775902800000,0.4603,0.4603,0.4563,0.4564,294927.4,1775903099999,135713.7940600,818,6517.5,3000.0052500,0
1775903100000,0.4564,0.4564,0.4553,0.4554,288552.5,1775903399999,131544.0817400,824,4391.8,2000.0257200,0
1775903400000,0.4554,0.4554,0.4552,0.4553,301820.5,1775903699999,137421.5439900,810,10982.0,5000.1046000,0
1775903700000,0.4553,0.4553,0.4551,0.4552,244572.7,1775903999999,111334.9049100,767,6590.7,3000.0866400,0
1775904000000,0.4552,0.4552,0.455,0.4551,226568.1,1775904299999,103118.4011200,732,13181.4,6000.1732800,0
1775904300000,0.4551,0.4551,0.4549,0.455,289038.9,1775904599999,131525.8043200,821,4395.3,2000.0812400,0
1775904600000,0.455,0.455,0.4548,0.4549,274819.4,1775904899999,125032.8897400,727,6594.5,3000.0578400,0
1775904900000,0.4549,0.4549,0.4545,0.4546,280099.9,1775905199999,127401.1083300,787,6594.9,3000.0200100,0
1775905200000,0.4546,0.4561,0.4545,0.4552,289076.3,1775905499999,131435.3067300,801,4399.6,2000.0581600,0
1775905500000,0.4552,0.4552,0.455,0.4551,253950.9,1775905799999,115578.0072900,825,0,0,0
1775905800000,0.4551,0.4551,0.4549,0.455,160828.6,1775906099999,73183.3834000,699,4395.8,2000.0890000,0
1775906100000,0.455,0.4564,0.4549,0.456,310280.3,1775906399999,141279.3430100,809,6588.8,3000.0970000,0
1775906400000,0.456,0.4577,0.4558,0.4577,296802.3,1775906699999,135486.9382200,827,6580.5,3000.0499500,0
1775906700000,0.4577,0.4577,0.4575,0.4576,300355.2,1775906999999,137453.2618400,803,13110.9,6000.2033100,0
1775907000000,0.4576,0.4576,0.4574,0.4575,269764.9,1775907299999,123430.4479700,810,8741.6,4000.1561600,0
1775907300000,0.4575,0.4575,0.4573,0.4574,269934.1,1775907599999,123484.4745700,784,8743.2,4000.0140000,0
1775907600000,0.4574,0.4574,0.4572,0.4573,287318.7,1775907899999,131411.4777900,801,8745.7,4000.0645000,0
1775907900000,0.4573,0.4573,0.4572,0.4572,313620.0,1775908199999,143413.4932700,804,4373.6,2000.0472800,0
1775908200000,0.4572,0.4572,0.4571,0.4571,291799.5,1775908499999,133410.2617400,794,15311.1,7000.2349200,0
1775908500000,0.4571,0.4571,0.457,0.4571,314001.7,1775908799999,143530.1564800,833,10939.0,5000.2169000,0
1775908800000,0.4571,0.4571,0.4569,0.457,269618.1,1775909099999,123219.0352700,751,8752.8,4000.0296000,0
1775909100000,0.457,0.457,0.4568,0.4569,243405.3,1775909399999,111215.9657500,759,2188.7,1000.0170300,0
1775909400000,0.4569,0.4569,0.4567,0.4567,251997.6,1775909699999,115122.8167400,743,4377.9,2000.0435900,0
1775909700000,0.4567,0.4568,0.4566,0.4567,282951.0,1775909999999,129238.9232500,757,2189.2,1000.0265600,0
1775910000000,0.4567,0.4567,0.4565,0.4566,274017.7,1775910299999,125134.8643800,748,10949.5,5000.1986100,0
1775910300000,0.4566,0.4566,0.4565,0.4565,304688.8,1775910599999,139112.8443600,748,13141.2,6000.2719200,0
1775910600000,0.4565,0.4565,0.4564,0.4564,252384.0,1775910899999,115210.0895400,719,10953.0,5000.0445000,0
1775910900000,0.4564,0.4564,0.4531,0.4532,303470.4,1775911199999,137635.3049400,874,0,0,0
1775911200000,0.4532,0.4532,0.453,0.4531,299270.0,1775911499999,135608.3064300,837,4414.2,2000.0740200,0
1775911500000,0.4531,0.4531,0.4529,0.453,290315.8,1775911799999,131526.1900400,811,8828.4,4000.1480400,0
1775911800000,0.453,0.453,0.4528,0.4529,290343.6,1775912099999,131515.1699500,814,13246.4,6000.1776000,0
1775912100000,0.4529,0.4529,0.4528,0.4528,290377.9,1775912399999,131503.5405800,798,11040.0,5000.0160000,0
1775912400000,0.4528,0.4528,0.443,0.443,287553.4,1775912699999,129891.2219200,802,6625.5,3000.0264000,0
1775912700000,0.443,0.443,0.4428,0.4428,310616.6,1775912999999,137593.3874600,841,6772.2,3000.0846000,0
1775913000000,0.4428,0.4428,0.4404,0.4408,284050.7,1775913299999,125317.0112800,796,2270.2,1000.0231000,0
1775913300000,0.4408,0.4408,0.4407,0.4407,293253.1,1775913599999,129265.4782600,761,2268.7,1000.0429600,0
1775913600000,0.4407,0.4407,0.4406,0.4407,311812.6,1775913899999,137415.7924100,796,4538.4,2000.0728800,0
1775913900000,0.4407,0.4407,0.4405,0.4406,270129.1,1775914199999,119022.5970700,710,13616.2,6000.2054000,0
1775914200000,0.4406,0.4406,0.4395,0.4395,266685.4,1775914499999,117381.2512800,808,2269.7,1000.0298200,0
1775914500000,0.4395,0.4395,0.4394,0.4395,239148.6,1775914799999,105105.7930500,700,18203.2,8000.3064000,0
1775914800000,0.4395,0.4395,0.4393,0.4394,280534.7,1775915099999,123268.7967700,766,4551.3,2000.0687600,0
1775915100000,0.4393,0.4394,0.4392,0.4393,303680.4,1775915399999,133413.3309500,805,4552.8,2000.0450400,0
1775915400000,0.4392,0.4393,0.4391,0.4392,257442.2,1775915699999,113081.6400500,738,0,0,0
1775915700000,0.4392,0.4392,0.439,0.4391,298802.2,1775915999999,131221.2867800,769,4554.8,2000.0126800,0
1775916000000,0.4391,0.4432,0.439,0.4431,319325.4,1775916299999,141281.5554500,783,13584.8,6000.1321200,0
1775916300000,0.4431,0.4431,0.443,0.4431,300574.4,1775916599999,133184.4918700,763,6770.7,3000.0971700,0
1775916600000,0.4431,0.4431,0.4429,0.443,287618.5,1775916899999,127416.8293500,797,6772.2,3000.0846000,0
1775916900000,0.443,0.443,0.4427,0.4428,8177522.6,1775917199999,3621021.2296500,879,7611948.2,3370571.5659200,0
1775917200000,0.4428,0.4428,0.4426,0.4427,314646.9,1775917499999,139304.3398400,772,15810.8,7000.1186800,0
1775917500000,0.4427,0.4427,0.4425,0.4426,287911.2,1775917799999,127443.3963900,798,0,0,0
1775917800000,0.4425,0.4426,0.4424,0.4425,287807.1,1775918099999,127373.6353300,776,0,0,0
1775918100000,0.4425,0.4425,0.4424,0.4424,310513.5,1775918399999,137396.1849000,789,13559.4,6000.0345000,0
1775918400000,0.4424,0.4424,0.4423,0.4423,283275.4,1775918699999,125320.5313400,761,18083.2,8000.0076800,0
1775918700000,0.4423,0.4423,0.4422,0.4423,278317.3,1775918999999,123099.7217900,727,15827.0,7000.2821000,0
1775919000000,0.4423,0.4423,0.4421,0.4421,260416.3,1775919299999,115158.6090300,721,6783.5,3000.1159000,0
1775919300000,0.4421,0.4421,0.4359,0.436,222608.1,1775919599999,97292.4434100,716,6880.8,3000.0288000,0
1775919600000,0.4359,0.436,0.4358,0.4359,153102.7,1775919899999,66742.3074400,605,0,0,0
1775919900000,0.4359,0.4359,0.4355,0.4356,231855.6,1775920199999,101038.4379100,712,2295.7,1000.0069200,0
1775920200000,0.4356,0.4356,0.4354,0.4355,319455.4,1775920499999,139143.9273100,751,4591.4,2000.0138400,0
1775920500000,0.4355,0.4355,0.4354,0.4354,292737.2,1775920799999,127480.9139600,733,6888.9,3000.1159500,0
1775920800000,0.4354,0.4392,0.4354,0.438,303853.2,1775921099999,133276.6781300,780,22802.0,10000.2597900,0
1775921100000,0.438,0.4394,0.4379,0.4385,330659.2,1775921399999,145126.3645700,760,13673.0,6000.1631200,0
1775921400000,0.4385,0.4387,0.4377,0.4386,326815.1,1775921699999,143233.9344400,800,4568.4,2000.0455200,0
1775921700000,0.4386,0.4386,0.4385,0.4386,294589.2,1775921999999,129206.7944900,751,25080.0,11000.0880000,0
1775922000000,0.4386,0.4386,0.4357,0.4357,290820.1,1775922299999,127431.2879700,787,2280.6,1000.0431000,0
1775922300000,0.4357,0.4357,0.4356,0.4357,305634.5,1775922599999,133164.9289300,777,22952.0,10000.1864000,0
1775922600000,0.4357,0.4363,0.435,0.4363,8164264.7,1775922899999,3555496.2655300,834,20676.0,9000.2589600,0
1775922900000,0.4363,0.4367,0.4362,0.4366,291099.7,1775923199999,127029.7480900,722,9168.4,4000.1729200,0
1775923200000,0.4465,0.4465,0.4464,0.4465,279690.1,1775923499999,124881.5918500,680,11198.5,5000.1302500,0
1775923500000,0.4465,0.4465,0.4463,0.4464,239590.2,1775923799999,106956.2500400,686,8960.8,4000.1011200,0
1775923800000,0.4464,0.4464,0.4462,0.4463,193993.0,1775924099999,86584.1461900,594,8962.3,4000.0985100,0
1775924100000,0.4463,0.4463,0.4461,0.4462,180445.6,1775924399999,80525.3881400,585,4481.4,2000.0488200,0
1775924400000,0.4462,0.4462,0.446,0.4461,112260.6,1775924699999,50086.4432800,464,0,0,0
1775924700000,0.4461,0.4461,0.4453,0.4453,149191.8,1775924999999,66529.3097500,561,8966.8,4000.0894800,0
1775925000000,0.4453,0.4453,0.445,0.4451,184963.1,1775925299999,82330.8782000,560,2246.7,1000.0061700,0
1775925300000,0.4451,0.4451,0.4449,0.445,130916.9,1775925599999,58265.9131400,503,6740.1,3000.0185100,0
1775925600000,0.445,0.445,0.4448,0.4449,157741.4,1775925899999,70190.6709700,534,4494.4,2000.0080000,0
1775925900000,0.4449,0.4449,0.4448,0.4448,192741.7,1775926199999,85747.5725900,418,8990.8,4000.0069200,0
1775926200000,0.4448,0.4448,0.4424,0.4425,286501.5,1775926499999,127300.7031800,677,0,0,0
1775926500000,0.4425,0.4425,0.44,0.4401,293124.6,1775926799999,129599.8355800,806,9039.6,4000.0230000,0
1775926800000,0.4401,0.4401,0.4399,0.44,298850.1,1775927099999,131502.8784600,831,9090.2,4000.1424600,0
1775927100000,0.44,0.44,0.4398,0.4399,312442.9,1775927399999,137458.5254800,813,18182.4,8000.2560000,0
1775927400000,0.4399,0.4399,0.4397,0.4398,294506.8,1775927699999,129544.1267000,821,15913.1,7000.1726900,0
1775927700000,0.4398,0.4398,0.4383,0.4383,289842.1,1775927999999,127459.4540900,798,2273.8,1000.0172400,0
1775928000000,0.4383,0.4383,0.4382,0.4383,290640.7,1775928299999,127387.7997200,794,11408.0,5000.1264000,0
1775928300000,0.4383,0.4383,0.4381,0.4382,309347.9,1775928599999,135562.3046800,845,13691.6,6000.1154400,0
1775928600000,0.4382,0.4418,0.4382,0.4417,297786.2,1775928899999,131535.5328000,829,9054.5,4000.0517000,0
1775928900000,0.4417,0.4417,0.4416,0.4416,274918.8,1775929199999,121427.4013900,784,11320.0,5000.0440000,0
1775929200000,0.4416,0.4416,0.4415,0.4416,269855.0,1775929499999,119167.9406600,726,4529.0,2000.0064000,0
1775929500000,0.4416,0.4416,0.4414,0.4415,247502.8,1775929799999,109272.9246500,747,4530.2,2000.0833000,0
1775929800000,0.4415,0.4415,0.4413,0.4414,234598.5,1775930099999,103553.7268900,800,0,0,0
1775930100000,0.4414,0.4414,0.4383,0.4384,299248.4,1775930399999,131744.8115200,848,2265.6,1000.0358400,0
1775930400000,0.4384,0.4384,0.4383,0.4383,299755.8,1775930699999,131408.2334700,792,4562.2,2000.0684800,0
1775930700000,0.4383,0.4383,0.4382,0.4383,249133.3,1775930999999,109195.0932900,722,11408.0,5000.1264000,0
1775931000000,0.4383,0.4383,0.4381,0.4381,170538.1,1775931299999,74727.8916600,623,0,0,0
1775931300000,0.4381,0.4381,0.4364,0.4365,193504.0,1775931599999,84540.5940100,595,0,0,0
1775931600000,0.4365,0.4365,0.4363,0.4364,124717.6,1775931899999,54430.1803700,526,4582.0,2000.0430000,0
1775931900000,0.4364,0.4379,0.4363,0.4379,124667.8,1775932199999,54446.5110100,532,0,0,0
1775932200000,0.4379,0.4379,0.4378,0.4378,187475.6,1775932499999,82090.3992700,504,0,0,0
1775932500000,0.4378,0.4416,0.4377,0.4416,99137.6,1775932799999,43686.7803300,367,4529.0,2000.0064000,0
1775932800000,0.4416,0.4416,0.4414,0.4415,260336.5,1775933099999,114944.1061400,710,11323.1,5000.0544500,0
1775933100000,0.4415,0.4415,0.4413,0.4414,283723.0,1775933399999,125247.4195900,752,4530.2,2000.0833000,0
1775933400000,0.4414,0.4414,0.4412,0.4413,288713.7,1775933699999,127426.5678000,805,9063.9,4000.1256300,0
1775933700000,0.4413,0.4413,0.4412,0.4412,334274.2,1775933999999,147508.6583100,841,13596.6,6000.1795800,0
1775934000000,0.4412,0.4412,0.4411,0.4411,247689.2,1775934299999,109279.9709200,745,6799.8,3000.0717600,0
1775934300000,0.4411,0.4411,0.4378,0.4379,235153.2,1775934599999,103283.9639000,715,11418.5,5000.1611500,0
1775934600000,0.4379,0.4379,0.4377,0.4378,236031.9,1775934899999,103342.2829100,743,4567.4,2000.0644600,0
1775934900000,0.4378,0.4378,0.4376,0.4377,304394.0,1775935199999,133248.2036100,758,9137.8,4000.0719000,0
1775935200000,0.4377,0.4398,0.4376,0.4385,313571.8,1775935499999,137597.6132900,834,11423.5,5000.0659500,0
1775935500000,0.4385,0.4385,0.4381,0.4382,286133.2,1775935799999,125416.8314200,794,11410.5,5000.0811000,0
1775935800000,0.4382,0.4382,0.438,0.4381,276602.9,1775936099999,121187.6767500,758,0,0,0
1775936100000,0.4381,0.4396,0.4379,0.4396,300071.6,1775936399999,131529.1720200,827,13689.6,6000.1426800,0
1775936400000,0.4396,0.4396,0.4394,0.4395,326278.5,1775936699999,143416.6355500,819,9099.2,4000.0083200,0
1775936700000,0.4395,0.4413,0.4394,0.4412,293307.0,1775936999999,129404.1943100,805,4532.2,2000.0598600,0
1775937000000,0.4412,0.4412,0.4411,0.4411,302074.4,1775937299999,133272.4030200,766,13599.6,6000.1435200,0
1775937300000,0.4411,0.4432,0.441,0.4432,187775.3,1775937599999,83103.6762400,682,15794.8,7000.2553600,0
1775937600000,0.4431,0.4432,0.443,0.4431,118329.9,1775937899999,52434.3808000,548,0,0,0
1775937900000,0.4431,0.4431,0.4429,0.443,167689.4,1775938199999,74294.3186100,553,0,0,0
1775938200000,0.443,0.443,0.4429,0.4429,117399.0,1775938499999,52003.0554500,476,0,0,0
1775938500000,0.4429,0.4444,0.4428,0.4443,171771.3,1775938799999,76301.1229200,541,6758.5,3000.0905500,0
1775938800000,0.4443,0.4443,0.4428,0.4429,194442.6,1775939099999,86270.4013100,512,9017.4,4000.1087000,0
1775939100000,0.4429,0.4429,0.4427,0.4428,153413.5,1775939399999,67932.8737500,447,2258.4,1000.0195200,0
1775939400000,0.4428,0.4428,0.4422,0.4423,246174.7,1775939699999,108915.9981600,713,9044.0,4000.1612000,0
1775939700000,0.4422,0.4423,0.4421,0.4422,287856.7,1775939999999,127293.4501800,770,22615.0,10000.3530000,0
1775940000000,0.4422,0.4422,0.442,0.4421,301679.4,1775940299999,133380.3318800,822,6785.5,3000.0957000,0
1775940300000,0.4421,0.4421,0.4409,0.4409,302311.5,1775940599999,133401.9479100,806,4535.2,2000.0232000,0
1775940600000,0.4409,0.4438,0.4409,0.4427,305833.8,1775940899999,135462.6031700,833,6759.9,3000.0436200,0
1775940900000,0.4427,0.4427,0.4425,0.4426,310627.5,1775941199999,137485.5600600,850,6778.2,3000.0313200,0
1775941200000,0.4426,0.443,0.4425,0.4429,305493.1,1775941499999,135316.6879800,798,2257.9,1000.0239100,0
1775941500000,0.4429,0.4429,0.4427,0.4428,287898.7,1775941799999,127501.0136400,832,6774.2,3000.0673400,0
1775941800000,0.4428,0.4428,0.4427,0.4427,301095.1,1775942099999,133318.8781400,789,13550.4,6000.1171200,0
1775942100000,0.4427,0.4427,0.4426,0.4426,301331.3,1775942399999,133399.3299400,791,9035.6,4000.0601200,0
1775942400000,0.4426,0.4426,0.4425,0.4426,291232.1,1775942699999,128899.3075800,695,4518.8,2000.0208800,0
1775942700000,0.4426,0.4426,0.4424,0.4425,286148.9,1775942999999,126625.9341200,646,6779.7,3000.0172500,0
1775943000000,0.4425,0.4425,0.4423,0.4424,231024.2,1775943299999,102212.9419400,536,4519.8,2000.0115000,0
1775943300000,0.4424,0.4424,0.4422,0.4422,217256.0,1775943599999,96102.4822900,508,9042.2,4000.0431800,0
1775943600000,0.4423,0.4423,0.4422,0.4422,208268.0,1775943899999,92109.5188000,521,6783.0,3000.1209000,0
1775943900000,0.4422,0.4422,0.4421,0.4421,262504.0,1775944199999,116074.6452700,522,6784.5,3000.1059000,0
1775944200000,0.4421,0.443,0.442,0.4426,258112.1,1775944499999,114230.1703900,548,0,0,0
1775944500000,0.4426,0.4426,0.4424,0.4425,190249.6,1775944799999,84191.9279100,511,6778.2,3000.0313200,0
1775944800000,0.4425,0.4437,0.4424,0.4437,300349.2,1775945099999,133192.8881100,750,11281.2,5000.0446800,0
1775945100000,0.4437,0.4437,0.4435,0.4436,291339.2,1775945399999,129244.9714700,764,13524.8,6000.0520400,0
1775945400000,0.4435,0.4436,0.4434,0.4435,292044.0,1775945699999,129532.6155900,816,20291.7,9000.0452400,0
1775945700000,0.4435,0.4435,0.4433,0.4434,306186.9,1775945999999,135779.9600300,837,27060.1,12000.0267000,0
1775946000000,0.4434,0.4453,0.4433,0.4453,282728.2,1775946299999,125651.0536500,849,4491.9,2000.0184500,0
1775946300000,0.4453,0.4457,0.4452,0.4457,290464.5,1775946599999,129387.8709900,777,26936.4,12000.1638000,0
1775946600000,0.4457,0.4464,0.4456,0.4463,294673.5,1775946899999,131452.3373100,834,11211.5,5000.1018300,0
1775946900000,0.4463,0.4464,0.4462,0.4463,303290.1,1775947199999,135382.2215800,811,2240.2,1000.0252800,0
1775947200000,0.4463,0.4463,0.445,0.4451,281380.9,1775947499999,125277.4604000,782,6739.1,3000.0226500,0
1775947500000,0.4451,0.4451,0.4446,0.4447,285732.3,1775947799999,127097.8382400,740,13490.7,6000.2129700,0
1775947800000,0.4447,0.4447,0.4445,0.4446,245014.8,1775948099999,108943.2613600,689,8996.2,4000.1602800,0
1775948100000,0.4446,0.4446,0.4444,0.4445,304279.4,1775948399999,135268.7655000,759,20245.7,9000.3383000,0
1775948400000,0.4444,0.4445,0.4423,0.4424,313831.0,1775948699999,139325.5952100,780,11249.0,5000.1805000,0
1775948700000,0.4424,0.4424,0.4423,0.4423,218912.9,1775948999999,96842.4364700,658,13562.4,6000.0057600,0
1775949000000,0.4423,0.4423,0.4422,0.4423,292046.3,1775949299999,129172.0580900,737,9044.0,4000.1612000,0
1775949300000,0.4423,0.4423,0.4421,0.4422,201778.6,1775949599999,89226.4815300,726,4523.0,2000.0706000,0
1775949600000,0.4422,0.4422,0.442,0.4421,250870.5,1775949899999,110913.0983400,701,2261.5,1000.0353000,0
1775949900000,0.4421,0.4421,0.4419,0.442,264943.7,1775950199999,117114.8409500,724,4524.0,2000.0604000,0
1775950200000,0.442,0.442,0.4418,0.4419,242327.3,1775950499999,107096.9706300,708,6788.5,3000.0644000,0
1775950500000,0.4419,0.4419,0.4417,0.4418,265266.0,1775950799999,117211.2564200,754,11315.0,5000.0985000,0
1775950800000,0.4417,0.4418,0.4417,0.4417,293283.4,1775951099999,129566.9969300,827,2263.5,1000.0143000,0
1775951100000,0.4417,0.4417,0.4386,0.4387,290348.0,1775951399999,127668.2574100,845,0,0,0
1775951400000,0.4387,0.4387,0.4385,0.4386,291091.4,1775951699999,127692.3427200,855,20515.5,9000.1498500,0
1775951700000,0.4386,0.4386,0.4385,0.4385,300310.6,1775951999999,131711.0313100,851,15960.0,7000.0560000,0
1775952000000,0.4467,0.4482,0.4467,0.4482,279942.7,1775952299999,125232.3577300,746,6693.6,3000.0715200,0
1775952300000,0.4482,0.4482,0.4446,0.4447,309859.3,1775952599999,138364.1263900,813,4480.0,2000.0652000,0
1775952600000,0.4447,0.4447,0.4445,0.4446,290749.2,1775952899999,129271.6684600,781,6747.9,3000.1163400,0
1775952900000,0.4446,0.4446,0.4444,0.4445,259033.8,1775953199999,115150.1737700,723,29241.9,13000.4987800,0
1775953200000,0.4445,0.4445,0.4443,0.4444,276661.4,1775953499999,122962.1196100,699,9000.7,4000.1360600,0
1775953500000,0.4444,0.4444,0.4442,0.4443,322970.9,1775953799999,143518.0858400,837,11252.0,5000.1637200,0
1775953800000,0.4443,0.4443,0.4442,0.4442,299656.0,1775954099999,133132.0683900,733,15755.6,7000.2130800,0
1775954100000,0.4442,0.4457,0.4441,0.4456,231554.0,1775954399999,102973.3799100,700,6753.9,3000.0823800,0
1775954400000,0.4456,0.4456,0.4455,0.4456,217640.0,1775954699999,96980.3662900,694,4488.4,2000.0310400,0
1775954700000,0.4456,0.4456,0.4454,0.4455,173110.3,1775954999999,77123.4153400,717,0,0,0
1775955000000,0.4455,0.4455,0.4453,0.4454,167430.7,1775955299999,74577.8303100,591,2245.2,1000.0120800,0
1775955300000,0.4454,0.4454,0.4452,0.4453,144821.4,1775955599999,64496.4030700,544,0,0,0
1775955600000,0.4453,0.4453,0.4452,0.4452,171165.2,1775955899999,76212.9249700,556,4491.4,2000.0204200,0
1775955900000,0.4452,0.4452,0.4451,0.4451,198463.2,1775956199999,88352.5523900,545,8984.8,4000.0329600,0
1775956200000,0.4451,0.4451,0.445,0.445,175917.1,1775956499999,78300.2200400,542,2246.7,1000.0061700,0
1775956500000,0.445,0.445,0.4449,0.445,237842.0,1775956799999,105839.6864800,463,6741.6,3000.0120000,0
1775956800000,0.445,0.445,0.4448,0.4449,303697.7,1775957099999,135118.7397500,733,6743.1,3000.0051900,0
1775957100000,0.4449,0.4449,0.4441,0.4442,332038.9,1775957399999,147536.4897600,819,13507.8,6000.1647600,0
1775957400000,0.4442,0.4442,0.444,0.444,286434.5,1775957699999,127199.9971700,767,0,0,0
1775957700000,0.444,0.444,0.4423,0.4424,269584.9,1775957999999,119408.4165100,673,6781.2,3000.0028800,0
1775958000000,0.4424,0.4434,0.4423,0.4433,266626.2,1775958299999,118187.0016000,665,6765.9,3000.0000600,0
1775958300000,0.4433,0.4433,0.4378,0.4396,252474.8,1775958599999,110982.2098700,680,0,0,0
1775958600000,0.4396,0.4398,0.4391,0.4398,302834.5,1775958899999,133052.4411500,741,13661.4,6000.0868800,0
1775958900000,0.4398,0.4398,0.4396,0.4397,293805.6,1775959199999,129198.4108000,764,13643.3,6000.0959100,0
1775959200000,0.4397,0.4397,0.4395,0.4396,234419.4,1775959499999,103063.8896100,695,11371.5,5000.0485500,0
1775959500000,0.4396,0.4396,0.4395,0.4395,229925.6,1775959799999,101068.2715300,712,0,0,0
1775959800000,0.4395,0.4395,0.4394,0.4394,321087.1,1775960099999,141115.8865200,745,9101.6,4000.1532000,0
1775960100000,0.4394,0.4401,0.4358,0.4358,303760.1,1775960399999,133262.7920900,753,4551.8,2000.0609200,0
1775960400000,0.4358,0.4363,0.4358,0.4362,300510.5,1775960699999,131079.3977600,737,5992.7,2614.0157400,0
1775960700000,0.4362,0.4362,0.436,0.4361,319454.5,1775960999999,139329.1120300,786,11464.5,5000.1269700,0
1775961000000,0.4361,0.4361,0.436,0.436,287401.0,1775961299999,125325.6659400,775,6879.3,3000.0627300,0
1775961300000,0.436,0.436,0.4359,0.4359,199132.2,1775961599999,86819.2444300,635,0,0,0
1775961600000,0.4359,0.4359,0.4358,0.4359,189604.6,1775961899999,82648.6320100,607,6882.6,3000.1253400,0
1775961900000,0.4359,0.4389,0.4357,0.4389,300009.3,1775962199999,131267.5632400,770,13687.2,6000.1985100,0
1775962200000,0.4388,0.4389,0.4387,0.4388,335968.1,1775962499999,147423.2497700,829,11395.0,5000.1260000,0
1775962500000,0.4388,0.4388,0.4386,0.4387,299521.1,1775962799999,131406.4125800,801,4559.0,2000.0333000,0
1775962800000,0.4387,0.4387,0.4385,0.4386,285808.0,1775963099999,125367.0388600,771,0,0,0
1775963100000,0.4386,0.4386,0.438,0.4381,248617.0,1775963399999,108960.4057100,716,4565.2,2000.0141200,0
1775963400000,0.4381,0.4381,0.4379,0.438,294826.5,1775963699999,129147.0672300,742,9131.0,4000.0627800,0
1775963700000,0.438,0.438,0.4378,0.4379,304384.1,1775963999999,133310.3548500,772,2283.2,1000.0416000,0
1775964000000,0.4379,0.4381,0.4378,0.438,345654.5,1775964299999,151360.2104400,790,2283.7,1000.0322300,0
1775964300000,0.438,0.438,0.4379,0.438,322871.5,1775964599999,141417.6706600,796,27398.4,12000.4992000,0
1775964600000,0.438,0.438,0.4371,0.4371,322789.9,1775964899999,141271.2215300,773,0,0,0
1775964900000,0.4371,0.4371,0.437,0.437,327612.4,1775965199999,143199.3563600,773,9151.6,4000.1643600,0
1775965200000,0.437,0.437,0.4369,0.437,314399.2,1775965499999,137392.4359800,816,11442.0,5000.1540000,0
1775965500000,0.437,0.437,0.4368,0.4369,304939.9,1775965799999,133233.3977200,762,25176.9,11000.2452900,0
1775965800000,0.4369,0.4369,0.4367,0.4367,336755.1,1775966099999,147105.8218600,751,11445.5,5000.0810700,0
1775966100000,0.4367,0.4368,0.4366,0.4367,299373.6,1775966399999,130744.8536800,701,16028.2,7000.2017600,0
1775966400000,0.4367,0.4367,0.4359,0.4359,226442.2,1775966699999,98778.3282200,650,4587.2,2000.0192000,0
1775966700000,0.4359,0.4359,0.4344,0.4344,329659.9,1775966999999,143324.1214500,784,11505.0,5000.0730000,0
1775967000000,0.4344,0.4344,0.4343,0.4343,316377.9,1775967299999,137430.7538200,811,25323.1,11000.3546400,0
1775967300000,0.4343,0.4343,0.4326,0.4326,312163.0,1775967599999,135549.0291700,817,0,0,0
1775967600000,0.4326,0.4347,0.4325,0.4347,317204.9,1775967899999,137418.3245800,813,13841.8,6000.1627900,0
1775967900000,0.4347,0.436,0.4346,0.4356,302082.7,1775968199999,131423.4458700,789,18371.1,8000.1390900,0
1775968200000,0.4356,0.4372,0.4343,0.4372,295699.3,1775968499999,129047.9707000,723,4601.5,2005.3154000,0
1775968500000,0.4372,0.4372,0.4353,0.4353,315149.1,1775968799999,137472.2745700,822,4584.1,2000.0342800,0
1775968800000,0.4354,0.4354,0.4351,0.4352,292377.2,1775969099999,127274.1734800,759,6892.4,3000.0318400,0
1775969100000,0.4352,0.4352,0.4351,0.4351,315995.2,1775969399999,137510.7451700,820,13786.8,6000.0153600,0
1775969400000,0.4351,0.4351,0.435,0.435,315856.3,1775969699999,137426.2039300,796,6895.2,3000.1015200,0
1775969700000,0.435,0.435,0.4349,0.4349,325186.8,1775969999999,141456.2318900,810,9195.6,4000.0860000,0
1775970000000,0.435,0.435,0.4348,0.4349,315750.5,1775970299999,137322.2308000,774,9197.6,4000.0362400,0
1775970300000,0.4349,0.4349,0.4347,0.4348,329911.1,1775970599999,143453.3491400,817,6898.2,3000.0271800,0
1775970600000,0.4348,0.4378,0.4347,0.4378,296241.8,1775970899999,129254.3257100,752,9136.8,4000.0910400,0
1775970900000,0.4378,0.4378,0.4376,0.4377,238999.1,1775971199999,104615.0561600,618,4569.4,2000.0263800,0
1775971200000,0.4376,0.4377,0.4369,0.437,260193.8,1775971499999,113820.4216800,658,0,0,0
1775971500000,0.437,0.437,0.4368,0.4369,307759.2,1775971799999,134465.8336800,818,4577.8,2000.0408200,0
1775971800000,0.4369,0.4369,0.4367,0.4368,300384.7,1775972099999,131218.8269200,753,6868.2,3000.0297600,0
1775972100000,0.4368,0.4368,0.4366,0.4367,304715.9,1775972399999,133085.3591200,732,4578.8,2000.0198400,0
1775972400000,0.4367,0.4367,0.4365,0.4365,314110.9,1775972699999,137162.8472000,736,2290.0,1000.0430000,0
1775972700000,0.4366,0.4366,0.4365,0.4365,308017.4,1775972999999,134476.1875600,718,6871.5,3000.0969000,0
1775973000000,0.4365,0.4365,0.4364,0.4365,250038.7,1775973299999,109141.8571200,731,13746.0,6000.1290000,0
1775973300000,0.4365,0.4365,0.4363,0.4364,292304.8,1775973599999,127564.1380100,802,13748.5,6000.0745000,0
1775973600000,0.4364,0.4364,0.4362,0.4363,264922.8,1775973899999,115593.3190200,803,11457.5,5000.0530000,0
1775973900000,0.4363,0.4363,0.4361,0.4362,315189.4,1775974199999,137498.3227300,813,4585.2,2000.0642400,0
1775974200000,0.4362,0.4374,0.4361,0.4374,296207.3,1775974499999,129402.9263700,776,27486.0,12000.3674400,0
1775974500000,0.4374,0.4374,0.4372,0.4373,300407.3,1775974799999,131379.8082500,830,2286.3,1000.0276200,0
1775974800000,0.4373,0.4373,0.4371,0.4371,309152.3,1775975099999,135176.8279300,747,4573.6,2000.0352800,0
1775975100000,0.4371,0.4371,0.4342,0.4343,301582.8,1775975399999,131234.8236300,755,9210.4,4000.0767200,0
1775975400000,0.4343,0.4343,0.4341,0.4342,310881.3,1775975699999,134995.4849900,708,13815.6,6000.1150800,0
1775975700000,0.4342,0.4342,0.434,0.4341,278630.0,1775975999999,120970.2389300,697,9213.6,4000.0843800,0
1775976000000,0.4341,0.4341,0.434,0.434,232353.2,1775976299999,100857.4214600,680,2303.7,1000.0361700,0
1775976300000,0.434,0.434,0.4306,0.4307,309150.9,1775976599999,134062.1450500,774,0,0,0
1775976600000,0.4307,0.4307,0.4305,0.4305,314115.5,1775976899999,135269.5269300,768,16256.3,7000.1949700,0
1775976900000,0.4306,0.4306,0.4304,0.4305,300647.2,1775977199999,129445.2948300,799,9291.1,4000.0507900,0
1775977200000,0.4305,0.4323,0.4305,0.4322,313371.9,1775977499999,135442.1215100,806,0,0,0
1775977500000,0.4322,0.4322,0.4321,0.4321,304217.9,1775977799999,131476.7747200,832,9255.2,4000.0974400,0
1775977800000,0.4321,0.4321,0.432,0.432,289464.0,1775978099999,125076.8967000,725,6942.9,3000.0270900,0
1775978100000,0.432,0.4329,0.432,0.4328,298294.6,1775978399999,129070.1861900,759,2310.1,1000.0422900,0
1775978400000,0.4328,0.4328,0.4316,0.4317,276463.3,1775978699999,119526.7019500,794,6943.6,3000.0937800,0
1775978700000,0.4317,0.4317,0.4315,0.4316,295343.0,1775978999999,127477.1445500,798,6950.5,3000.0674500,0
1775979000000,0.4316,0.4316,0.4314,0.4315,295592.1,1775979299999,127560.8263800,818,2317.0,1000.0172000,0
1775979300000,0.4315,0.4315,0.4313,0.4314,304436.3,1775979599999,131352.8200000,781,16222.5,7000.0087500,0
1775979600000,0.4313,0.4314,0.4313,0.4313,295517.4,1775979899999,127479.9750800,808,4636.2,2000.0566800,0
1775979900000,0.4313,0.4333,0.4312,0.4332,299160.1,1775980199999,129244.1254400,769,16230.2,7000.0852600,0
1775980200000,0.4332,0.4332,0.4331,0.4332,303252.2,1775980499999,131368.8265300,803,11542.5,5000.2110000,0
1775980500000,0.4332,0.4332,0.433,0.4331,257563.6,1775980799999,111554.0956300,804,6927.0,3000.0837000,0
1775980800000,0.4411,0.4412,0.441,0.4411,192035.8,1775981099999,84716.3708300,625,0,0,0
1775981100000,0.4411,0.4411,0.4384,0.4384,278086.6,1775981399999,122641.8356400,758,4534.2,2000.0356200,0
1775981400000,0.4384,0.4384,0.4382,0.4383,286397.5,1775981699999,125529.4097800,822,13689.6,6000.1516800,0
1775981700000,0.4383,0.4383,0.4381,0.4381,295353.4,1775981999999,129427.1241500,793,9128.4,4000.0648800,0
1775982000000,0.4381,0.4381,0.4363,0.4364,286437.4,1775982299999,125062.8917300,729,2291.5,1000.0106000,0
1775982300000,0.4364,0.4381,0.4363,0.438,291122.4,1775982599999,127391.6214900,816,4565.8,2000.0486600,0
1775982600000,0.438,0.438,0.4379,0.4379,309283.2,1775982899999,135459.9235800,805,11416.0,5000.2080000,0
1775982900000,0.4379,0.4379,0.4378,0.4378,295689.7,1775983199999,129482.5016400,793,11418.5,5000.1611500,0
1775983200000,0.4378,0.4378,0.4377,0.4378,282217.4,1775983499999,123554.7560000,824,9136.8,4000.0910400,0
1775983500000,0.4378,0.4378,0.4376,0.4377,290838.8,1775983799999,127305.7602400,762,69.1,30.2450700,0
1775983800000,0.4376,0.4377,0.4375,0.4376,314100.3,1775984099999,137461.5226900,808,0,0,0
1775984100000,0.4376,0.4376,0.4374,0.4375,314212.8,1775984399999,137486.8121800,844,6856.2,3000.0445400,0
1775984400000,0.4375,0.4375,0.4374,0.4374,300343.3,1775984699999,131392.1904900,793,4571.6,2000.0750000,0
1775984700000,0.4374,0.4374,0.4373,0.4373,313602.0,1775984999999,137167.6193300,739,4572.6,2000.0552400,0
1775985000000,0.4373,0.4373,0.4372,0.4373,7056196.6,1775985299999,3085674.7408900,719,6499138.9,2842073.4409700,0
1775985300000,0.4373,0.4373,0.4371,0.4372,1375330.1,1775985599999,601404.7009700,714,1078148.0,471473.4342100,0
1775985600000,0.4372,0.4372,0.437,0.4371,276880.2,1775985899999,121033.2125100,722,6863.7,3000.1232700,0
1775985900000,0.437,0.4371,0.4369,0.437,305367.1,1775986199999,133460.9038300,803,6864.7,3000.1026900,0
1775986200000,0.437,0.437,0.4368,0.4369,286354.1,1775986499999,125128.7254300,724,13730.4,6000.1848000,0
1775986500000,0.4369,0.4369,0.4368,0.4368,236230.8,1775986799999,103205.9218700,714,9155.6,4000.0816400,0
1775986800000,0.4368,0.4368,0.4367,0.4368,296619.3,1775987099999,129563.2778900,828,2289.4,1000.0099200,0
1775987100000,0.4368,0.4368,0.4366,0.4367,296560.1,1775987399999,129509.6602400,819,6870.0,3000.1290000,0
1775987400000,0.4367,0.4394,0.4366,0.4394,295060.0,1775987699999,129420.5704300,784,2275.9,1000.0304600,0
1775987700000,0.4394,0.4394,0.4392,0.4393,303703.0,1775987999999,133419.0476800,803,13658.4,6000.1351200,0
1775988000000,0.4393,0.4393,0.4374,0.4375,299804.8,1775988299999,131464.1567300,795,9115.0,4000.1050600,0
1775988300000,0.4375,0.4375,0.4373,0.4374,231928.0,1775988599999,101455.6753400,779,9143.2,4000.1500000,0
1775988600000,0.4374,0.4374,0.4372,0.4373,302272.0,1775988899999,132200.4099200,766,2286.3,1000.0276200,0
1775988900000,0.4373,0.4373,0.4372,0.4372,293669.6,1775989199999,128415.1072800,783,11434.0,5000.0882000,0
1775989200000,0.4372,0.4372,0.4371,0.4371,286948.8,1775989499999,125453.0401400,791,6861.9,3000.0226800,0
1775989500000,0.4371,0.4371,0.437,0.4371,309095.5,1775989799999,135105.6227100,741,9151.6,4000.1643600,0
1775989800000,0.4371,0.4371,0.4369,0.437,249207.9,1775990099999,108908.0625500,668,25171.4,11000.3593800,0
1775990100000,0.437,0.437,0.4368,0.4369,230009.1,1775990399999,100498.9391000,580,13730.9,6000.1744100,0
1775990400000,0.4369,0.4369,0.4367,0.4368,272057.9,1775990699999,118848.4843600,682,4577.8,2000.0408200,0
1775990700000,0.4368,0.4368,0.4367,0.4367,304907.1,1775990999999,133174.9455100,748,4578.8,2000.0198400,0
1775991000000,0.4367,0.4367,0.4366,0.4366,286532.4,1775991299999,125126.7855100,728,16030.0,7000.3010000,0
1775991300000,0.4366,0.4366,0.4365,0.4365,263759.9,1775991599999,115150.9294500,694,2290.5,1000.0323000,0
1775991600000,0.4365,0.4365,0.4324,0.4324,307452.8,1775991899999,133305.1913500,781,4612.6,2000.0233600,0
1775991900000,0.4324,0.433,0.4323,0.433,340469.3,1775992199999,147238.2959400,775,20814.3,9000.1033200,0
1775992200000,0.433,0.433,0.4328,0.4328,303286.2,1775992499999,131307.7327200,788,16168.9,7000.2096600,0
1775992500000,0.4329,0.4329,0.4325,0.4325,298928.9,1775992799999,129350.7908100,794,0,0,0
1775992800000,0.4325,0.4325,0.4317,0.4322,303910.5,1775993099999,131361.4361800,793,2313.3,1000.0395900,0
1775993100000,0.4322,0.4322,0.432,0.4321,308949.3,1775993399999,133520.6968900,792,11569.0,5000.1218000,0
1775993400000,0.4321,0.4323,0.4312,0.4323,253179.2,1775993699999,109357.0663800,776,16208.7,7000.0695100,0
1775993700000,0.4323,0.5,0.4321,0.4321,329844.2,1775993999999,143363.5551600,809,14228.3,6957.2743600,0
1775994000000,0.4321,0.4321,0.4306,0.4307,313532.1,1775994299999,135072.0317800,734,2321.9,1000.0423300,0
1775994300000,0.4307,0.4307,0.4305,0.4306,276436.8,1775994599999,119054.6077900,704,9287.6,4000.1693200,0
1775994600000,0.4306,0.4306,0.4305,0.4305,252980.0,1775994899999,108931.2434600,682,16256.8,7000.1780800,0
1775994900000,0.4305,0.4305,0.4304,0.4305,211211.4,1775995199999,90926.4931100,676,9291.6,4000.0338000,0
1775995200000,0.4305,0.431,0.4303,0.431,247877.1,1775995499999,106691.9720800,627,0,0,0
1775995500000,0.431,0.431,0.4306,0.4307,294655.7,1775995799999,126933.3701000,710,18568.8,8000.1349300,0
1775995800000,0.4307,0.4329,0.4306,0.4329,317697.0,1775996099999,137040.4145700,730,20860.5,9000.3387500,0
1775996100000,0.4329,0.4329,0.4324,0.4325,265952.2,1775996399999,115044.8251700,719,9248.8,4000.1060000,0
1775996400000,0.4325,0.4325,0.4317,0.4317,299048.2,1775996699999,129228.1067700,791,6947.7,3000.0168600,0
1775996700000,0.4317,0.4317,0.4316,0.4317,309167.5,1775996999999,133467.5795600,807,13899.0,6000.1983000,0
1775997000000,0.4317,0.4317,0.4315,0.4316,318281.3,1775997299999,137371.1417300,815,6951.0,3000.0516000,0
1775997300000,0.4316,0.4316,0.4314,0.4315,299425.5,1775997599999,129208.7413800,753,4635.0,2000.0025000,0
1775997600000,0.4315,0.4315,0.4313,0.4314,313391.9,1775997899999,135209.6192800,759,6954.3,3000.0850200,0
1775997900000,0.4314,0.4344,0.4314,0.4343,320936.2,1775998199999,139317.3232000,792,13815.6,6000.1150800,0
1775998200000,0.4343,0.4343,0.4326,0.4327,284273.2,1775998499999,123351.3532800,789,6924.8,3000.0451200,0
1775998500000,0.4327,0.4327,0.4326,0.4326,293715.5,1775998799999,127084.4904200,689,2311.1,1000.0129700,0
1775998800000,0.4326,0.4326,0.4281,0.4282,304805.0,1775999099999,130938.1497000,689,9334.0,4000.0777200,0
1775999100000,0.4282,0.4282,0.4281,0.4281,1315655.6,1775999399999,563256.9769600,749,0,0,0
1775999400000,0.4281,0.4281,0.428,0.428,4325370.1,1775999699999,1851689.9370600,792,2198876.7,941339.1152700,0
1775999700000,0.428,0.428,0.4279,0.428,320829.0,1775999999999,137314.7914800,778,4673.0,2000.0440000,0
1776000000000,0.428,0.428,0.4278,0.4278,259901.4,1776000299999,111217.0538300,738,7011.0,3000.0069000,0
1776000300000,0.4279,0.4279,0.4277,0.4278,240930.9,1776000599999,103079.8274500,703,11686.2,5000.0574600,0
1776000600000,0.4278,0.4278,0.4276,0.4277,292744.0,1776000899999,125223.3741800,771,9351.4,4000.0613000,0
1776000900000,0.4277,0.4277,0.4272,0.4273,306629.1,1776001199999,131116.4444700,727,4676.2,2000.0107400,0
1776001200000,0.4273,0.4289,0.4273,0.4288,217418.6,1776001499999,93030.6574600,685,21033.0,9000.0207000,0
1776001500000,0.4289,0.4289,0.4288,0.4288,310728.2,1776001799999,133266.9808200,770,18652.8,8000.1859200,0
1776001800000,0.4288,0.4288,0.4287,0.4288,292170.2,1776002099999,125282.5539500,759,16324.7,7000.0313600,0
1776002100000,0.4287,0.4288,0.4286,0.4287,320083.2,1776002399999,137221.0730500,769,11662.9,5000.1184400,0
1776002400000,0.4287,0.5,0.4286,0.4297,296380.2,1776002699999,127263.3899900,734,4881.9,2110.4833400,0
1776002700000,0.4297,0.4297,0.4296,0.4297,304556.2,1776002999999,130867.7735700,685,11636.5,5000.2040500,0
1776003000000,0.4297,0.4297,0.4295,0.4296,323755.3,1776003299999,139090.0160600,745,0,0,0
1776003300000,0.4296,0.4296,0.4294,0.4295,282049.0,1776003599999,121151.4668100,731,4656.6,2000.0097000,0
1776003600000,0.4294,0.4295,0.4283,0.4283,310061.0,1776003899999,133136.1435200,754,0,0,0
1776003900000,0.4283,0.4283,0.4281,0.4282,330221.6,1776004199999,141401.8350900,805,18682.2,8000.1850200,0
1776004200000,0.4282,0.4282,0.428,0.4281,325508.2,1776004499999,139359.5627300,798,16351.4,7000.2678800,0
1776004500000,0.4281,0.4281,0.4279,0.428,325363.9,1776004799999,139271.4958600,777,9345.0,4000.1272000,0
1776004800000,0.428,0.428,0.4278,0.4279,245516.2,1776005099999,105073.1719000,706,9346.5,4000.0683000,0
1776005100000,0.4279,0.4279,0.4278,0.4278,184929.5,1776005399999,79126.9727600,682,0,0,0
1776005400000,0.4278,0.4278,0.4277,0.4278,264363.8,1776005699999,113094.8165400,715,7012.8,3000.0758400,0
1776005700000,0.4278,0.4278,0.4276,0.4277,249804.0,1776005999999,106842.1321600,665,7014.3,3000.0161100,0
1776006000000,0.4277,0.4277,0.427,0.427,159722.5,1776006299999,68294.5703200,550,4676.2,2000.0107400,0
1776006300000,0.427,0.427,0.427,0.427,160407.7,1776006599999,68494.0879000,502,0,0,0
1776006600000,0.427,0.427,0.4269,0.4269,198036.1,1776006899999,84544.1886200,506,0,0,0
1776006900000,0.4269,0.4269,0.4269,0.4269,198517.2,1776007199999,84746.9926800,525,0,0,0
1776007200000,0.4269,0.4269,0.4269,0.4269,197545.8,1776007499999,84332.3020200,472,0,0,0
1776007500000,0.4269,0.4269,0.4269,0.4269,202990.4,1776007799999,86656.6017600,537,0,0,0
1776007800000,0.4269,0.4269,0.4268,0.4268,178440.8,1776008099999,76159.3692600,438,0,0,0
1776008100000,0.4268,0.4268,0.4268,0.4268,323162.6,1776008399999,137925.7976800,793,0,0,0
1776008400000,0.4268,0.4268,0.4267,0.4267,356003.2,1776008699999,151909.2190800,791,0,0,0
1776008700000,0.4267,0.4267,0.4267,0.4267,290318.4,1776008999999,123878.8612800,776,0,0,0
1776009000000,0.4267,0.4267,0.4267,0.4267,309175.2,1776009299999,131925.0578400,781,0,0,0
1776009300000,0.4267,0.4267,0.4265,0.4265,295304.3,1776009599999,125960.9755900,792,0,0,0
1776009600000,0.4328,0.4328,0.4327,0.4328,292814.7,1776009899999,126730.1793400,746,16174.2,7000.1937600,0
1776009900000,0.4328,0.4328,0.4326,0.4327,1299264.8,1776010199999,562198.9734700,826,733646.6,317448.8838200,0
1776010200000,0.4327,0.4327,0.4325,0.4326,308409.7,1776010499999,133431.3048400,815,16179.5,7000.1761400,0
1776010500000,0.4326,0.4326,0.4324,0.4324,288862.0,1776010799999,124947.8770900,810,6935.1,3000.1242600,0
1776010800000,0.4324,0.4324,0.4309,0.4318,244433.2,1776011099999,105445.3893400,730,16241.4,7000.0434000,0
1776011100000,0.4318,0.4318,0.4314,0.4315,201700.7,1776011399999,87071.5027900,719,11256.5,4858.5692900,0
1776011400000,0.4315,0.4315,0.4313,0.4313,295165.1,1776011699999,127352.2747800,800,13907.4,6000.1158600,0
1776011700000,0.4314,0.4322,0.4313,0.4318,278996.9,1776011999999,120436.0775100,790,9270.2,4000.0906400,0
1776012000000,0.4318,0.4318,0.4316,0.4317,218668.5,1776012299999,94402.3041400,751,9266.0,4000.1322000,0
1776012300000,0.4317,0.4323,0.4316,0.4322,276624.1,1776012599999,119527.2980600,799,2313.3,1000.0395900,0
1776012600000,0.4322,0.4322,0.4321,0.4322,228902.5,1776012899999,98931.6375600,677,13882.8,6000.1461600,0
1776012900000,0.4322,0.4322,0.432,0.4321,285436.3,1776013199999,123337.9507000,790,16200.1,7000.0632100,0
1776013200000,0.4321,0.4321,0.4319,0.432,317339.3,1776013499999,137098.6094300,744,18518.6,8000.2666300,0
1776013500000,0.432,0.4344,0.432,0.4344,302548.1,1776013799999,131358.9862300,779,25348.7,11000.3637600,0
1776013800000,0.4344,0.4365,0.4342,0.4344,302067.2,1776014099999,131506.2812600,827,9198.8,4000.0790400,0
1776014100000,0.4344,0.4344,0.4342,0.4343,316540.7,1776014399999,137485.3901800,806,9209.4,4000.1028400,0
1776014400000,0.4343,0.4343,0.4341,0.4342,293361.2,1776014699999,127393.0430600,790,6907.8,3000.0575400,0
1776014700000,0.4342,0.4342,0.4341,0.4341,311891.1,1776014999999,135415.0668900,792,18424.8,8000.0481600,0
1776015000000,0.4341,0.4341,0.434,0.434,311770.6,1776015299999,135338.6430400,776,11518.5,5000.1808500,0
1776015300000,0.434,0.434,0.4339,0.434,289115.8,1776015599999,125476.2380300,798,4608.4,2000.0456000,0
1776015600000,0.434,0.434,0.4338,0.4339,275182.2,1776015899999,119407.1764800,777,9217.8,4000.0642600,0
1776015900000,0.4339,0.4339,0.4337,0.4338,278890.4,1776016199999,120992.5687100,711,4609.4,2000.0186600,0
1776016200000,0.4338,0.4338,0.4336,0.4337,292351.7,1776016499999,126808.0058100,662,11526.5,5000.1957000,0
1776016500000,0.4337,0.4337,0.4336,0.4336,320949.8,1776016799999,139188.3468700,754,16140.6,7000.1782200,0
1776016800000,0.4336,0.4336,0.4335,0.4335,298195.8,1776017099999,129296.2410100,763,6918.9,3000.0350400,0
1776017100000,0.4335,0.4335,0.4334,0.4335,288559.3,1776017399999,125090.4494100,712,4613.8,2000.0823000,0
1776017400000,0.4335,0.4335,0.4313,0.4314,257095.9,1776017699999,111337.7209200,669,4636.2,2000.0566800,0
1776017700000,0.4314,0.4314,0.4312,0.4313,220070.5,1776017999999,94918.2961000,675,9273.4,4000.0810400,0
1776018000000,0.4313,0.4313,0.4311,0.4312,323343.6,1776018299999,139436.1566300,799,9276.2,4000.1293000,0
1776018300000,0.4312,0.4312,0.431,0.4311,824963.7,1776018599999,355663.7519900,824,18554.6,8000.2795800,0
1776018600000,0.4311,0.4311,0.4309,0.431,314410.9,1776018899999,135533.4479400,815,11599.5,5000.0804100,0
1776018900000,0.431,0.431,0.4303,0.4304,319042.9,1776019199999,137462.6610900,794,6960.6,3000.0186000,0
1776019200000,0.4303,0.4304,0.4302,0.4303,291582.7,1776019499999,125488.5641500,792,18588.0,8000.2752000,0
1776019500000,0.4303,0.4303,0.4302,0.4302,324260.7,1776019799999,139527.4234200,814,18592.0,8000.1376000,0
1776019800000,0.4302,0.4302,0.4301,0.4302,314991.2,1776020099999,135509.1827100,821,13947.6,6000.2575200,0
1776020100000,0.4302,0.4302,0.43,0.4301,300895.8,1776020399999,129419.0885100,796,0,0,0
1776020400000,0.4301,0.4301,0.4289,0.4289,296320.3,1776020699999,127393.3415200,801,2325.1,1000.0255100,0
1776020700000,0.4289,0.4289,0.4288,0.4288,254747.8,1776020999999,109261.3035400,735,13989.6,6000.1394400,0
1776021000000,0.4288,0.4288,0.4287,0.4288,254691.6,1776021299999,109211.7337400,738,4664.2,2000.0089600,0
1776021300000,0.4288,0.4288,0.4286,0.4287,320370.9,1776021599999,137350.1248500,794,4665.4,2000.0569800,0
1776021600000,0.4287,0.4287,0.4285,0.4286,292653.6,1776021899999,125443.7615500,812,4665.4,2000.0569800,0
1776021900000,0.4286,0.4286,0.4284,0.4285,316179.1,1776022199999,135503.2903500,813,7000.2,3000.0523400,0
1776022200000,0.4285,0.4285,0.4284,0.4284,259063.4,1776022499999,111007.1239400,697,14002.8,6000.1998000,0
1776022500000,0.4284,0.4285,0.4283,0.4285,254714.7,1776022799999,109136.5067300,722,16338.6,7000.1563800,0
1776022800000,0.4285,0.4285,0.4283,0.4284,306237.3,1776023099999,131194.9033900,762,7002.9,3000.0423600,0
1776023100000,0.4284,0.4284,0.4282,0.4283,311496.2,1776023399999,133422.9146000,796,4669.2,2000.0517900,0
1776023400000,0.4283,0.4283,0.4281,0.4282,311705.3,1776023699999,133488.9440800,818,14010.9,6000.1678500,0
1776023700000,0.4282,0.4282,0.4281,0.4281,325862.6,1776023999999,139525.2426100,822,11677.0,5000.0914000,0
1776024000000,0.4281,0.4281,0.428,0.428,307129.2,1776024299999,131479.1253800,806,9344.0,4000.1664000,0
1776024300000,0.428,0.428,0.4261,0.4261,308899.1,1776024599999,131787.7941100,808,0,0,0
1776024600000,0.4261,0.4261,0.4259,0.4259,299441.4,1776024899999,127545.3257800,785,0,0,0
1776024900000,0.4259,0.4259,0.4257,0.4257,299584.0,1776025199999,127564.2212800,792,0,0,0
1776025200000,0.4257,0.4257,0.4256,0.4256,295006.8,1776025499999,125579.5755400,794,0,0,0
1776025500000,0.4256,0.4258,0.4256,0.4257,290290.8,1776025799999,123597.5195300,829,9394.4,4000.1355200,0
1776025800000,0.4257,0.4257,0.4256,0.4256,185710.6,1776026099999,79055.5066700,662,9396.4,4000.0474800,0
1776026100000,0.4256,0.4256,0.4256,0.4256,294649.2,1776026399999,125402.6995200,775,0,0,0
1776026400000,0.4256,0.4256,0.4256,0.4256,308097.4,1776026699999,131126.2534400,724,0,0,0
1776026700000,0.4256,0.4256,0.4255,0.4255,303366.9,1776026999999,129093.9776700,714,0,0,0
1776027000000,0.4255,0.4257,0.4255,0.4255,257231.8,1776027299999,109455.9827600,647,0,0,0
1776027300000,0.4256,0.4256,0.4253,0.4253,232520.2,1776027599999,98935.1501300,655,2349.7,1000.0323200,0
1776027600000,0.4253,0.4253,0.425,0.425,310159.2,1776027899999,131887.3978600,765,0,0,0
1776027900000,0.425,0.425,0.4246,0.4246,304603.2,1776028199999,129403.6105000,804,9415.4,4000.1321800,0
1776028200000,0.4246,0.4251,0.4245,0.4251,304495.5,1776028499999,129305.7164600,772,7065.6,3000.0537600,0
1776028500000,0.4251,0.4251,0.4249,0.425,323137.9,1776028799999,137348.9905900,792,9410.8,4000.0604800,0
1776028800000,0.425,0.425,0.4248,0.4249,314068.7,1776029099999,133468.0841000,817,16471.0,7000.1750000,0
1776029100000,0.4249,0.4249,0.4248,0.4248,314284.8,1776029399999,133535.7078000,823,18828.0,8000.0172000,0
1776029400000,0.4248,0.4248,0.4244,0.4244,300805.6,1776029699999,127694.3822200,819,0,0,0
1776029700000,0.4244,0.4244,0.4243,0.4243,296012.9,1776029999999,125603.8829100,779,0,0,0
1776030000000,0.4243,0.4246,0.4243,0.4245,295420.5,1776030299999,125413.7311300,799,16487.6,7000.1638000,0
1776030300000,0.4246,0.4246,0.4243,0.4243,271662.7,1776030599999,115327.6094300,780,0,0,0
1776030600000,0.4243,0.426,0.4243,0.426,228994.7,1776030899999,97316.2125300,733,7053.9,3000.0236700,0
1776030900000,0.426,0.426,0.4253,0.4254,284695.6,1776031199999,121226.2761800,745,4695.0,2000.0700000,0
1776031200000,0.4254,0.4254,0.4243,0.4243,279526.2,1776031499999,118757.9231600,661,0,0,0
1776031500000,0.4243,0.4253,0.4242,0.4252,303172.4,1776031799999,128840.7286800,685,7053.9,3000.0236700,0
1776031800000,0.4252,0.4252,0.4251,0.4252,260866.8,1776032099999,110920.5327700,678,4703.8,2000.0557600,0
1776032100000,0.4252,0.4252,0.425,0.4251,270996.0,1776032399999,115200.3896700,740,25876.4,11000.0576400,0
1776032400000,0.4251,0.4251,0.4249,0.425,327841.1,1776032699999,139340.6242700,787,2353.0,1000.0250000,0
1776032700000,0.425,0.425,0.4248,0.4249,313677.9,1776032999999,133295.2377700,779,9413.5,4000.0314500,0
1776033000000,0.4249,0.4249,0.4247,0.4248,327719.7,1776033299999,139235.5749600,760,11767.5,5000.0107500,0
1776033300000,0.4248,0.4248,0.4247,0.4247,327607.1,1776033599999,139163.5817100,753,9416.4,4000.0867200,0
1776033600000,0.4247,0.4247,0.4246,0.4247,290301.1,1776033899999,123290.8451300,767,4709.4,2000.0821800,0
1776033900000,0.4247,0.4247,0.4245,0.4246,313911.0,1776034199999,133288.5333800,780,11775.0,5000.1359400,0
1776034200000,0.4246,0.4246,0.4244,0.4245,300292.8,1776034499999,127482.4892300,807,7067.4,3000.1113000,0
1776034500000,0.4245,0.4245,0.4243,0.4244,300598.1,1776034799999,127588.3593300,840,14135.3,6000.1992200,0
1776034800000,0.4244,0.4244,0.4242,0.4242,305152.2,1776035099999,129483.7721200,791,0,0,0
1776035100000,0.4242,0.4242,0.424,0.424,253840.4,1776035399999,107656.4375400,782,0,0,0
1776035400000,0.424,0.424,0.4239,0.4239,300647.7,1776035699999,127459.2188400,763,0,0,0
1776035700000,0.4239,0.4239,0.4237,0.4237,290699.8,1776035999999,123190.6711000,716,0,0,0
1776036000000,0.4237,0.4237,0.4236,0.4236,281630.7,1776036299999,119306.2665400,737,0,0,0
1776036300000,0.4236,0.4236,0.4236,0.4236,290151.6,1776036599999,122908.2177600,661,0,0,0
1776036600000,0.4236,0.4236,0.4231,0.4231,252504.4,1776036899999,106876.9093200,658,0,0,0
1776036900000,0.4232,0.4232,0.423,0.4231,215454.3,1776037199999,91167.1417600,738,2363.6,1000.0391600,0
1776037200000,0.4231,0.4231,0.423,0.423,301270.6,1776037499999,127461.7321900,792,4727.2,2000.0783200,0
1776037500000,0.423,0.426,0.4229,0.426,295648.0,1776037799999,125580.9799900,812,2364.1,1000.0143000,0
1776037800000,0.426,0.426,0.4258,0.4259,308644.7,1776038099999,131469.5767100,804,9390.0,4000.1400000,0
1776038100000,0.4259,0.4259,0.4258,0.4258,351102.5,1776038399999,149524.0188700,825,9392.0,4000.0528000,0
1776038400000,0.4338,0.4338,0.4319,0.432,270525.8,1776038699999,117244.7490100,725,0,0,0
1776038700000,0.432,0.432,0.4319,0.4319,299150.6,1776038999999,129229.2149800,759,4629.8,2000.0736000,0
1776039000000,0.4319,0.4319,0.4318,0.4319,299385.7,1776039299999,129304.6586900,768,6946.2,3000.0637800,0
1776039300000,0.4319,0.4319,0.4317,0.4318,308616.8,1776039599999,133262.6189700,766,18526.2,8000.0762400,0
1776039600000,0.4318,0.4345,0.4317,0.4345,274703.3,1776039899999,118981.3884000,706,4617.4,2000.0073700,0
1776039900000,0.4345,0.4345,0.4343,0.4344,241243.3,1776040199999,104801.7292100,653,6906.3,3000.0967200,0
1776040200000,0.4344,0.4344,0.4342,0.4343,306603.4,1776040499999,133170.0929100,737,9208.4,4000.1289600,0
1776040500000,0.4343,0.4343,0.4341,0.4341,302499.0,1776040799999,131363.9235300,782,11513.5,5000.0827400,0
1776040800000,0.4342,0.4342,0.4341,0.4341,298028.2,1776041099999,129397.6837900,779,9212.4,4000.0240800,0
1776041100000,0.4341,0.4341,0.434,0.4341,242319.7,1776041399999,105190.9614600,716,9214.8,4000.1446800,0
1776041400000,0.434,0.4341,0.4339,0.434,264900.5,1776041699999,114967.2679700,698,4608.4,2000.0456000,0
1776041700000,0.434,0.434,0.4338,0.4338,260435.5,1776041999999,113009.0750000,696,2304.7,1000.0093300,0
1776042000000,0.4339,0.4339,0.4337,0.4338,293347.6,1776042299999,127265.9967800,779,2305.3,1000.0391400,0
1776042300000,0.4338,0.4338,0.4336,0.4337,307386.6,1776042599999,133332.9102800,776,9221.2,4000.1565600,0
1776042600000,0.4337,0.4337,0.4336,0.4336,298131.3,1776042899999,129294.3025200,780,18446.4,8000.2036800,0
1776042900000,0.4336,0.4336,0.4335,0.4336,293982.8,1776043199999,127470.9093400,812,16144.1,7000.0817600,0
1776043200000,0.4336,0.4336,0.4334,0.4335,293727.7,1776043499999,127331.3952700,769,4613.8,2000.0823000,0
1776043500000,0.4335,0.4335,0.4333,0.4334,307676.0,1776043799999,133353.8407400,778,4613.8,2000.0823000,0
1776043800000,0.4334,0.4334,0.4332,0.4333,307417.1,1776044099999,133215.6479800,763,4614.8,2000.0543200,0
1776044100000,0.4333,0.4333,0.4331,0.4332,312096.6,1776044399999,135219.5944300,755,6924.3,3000.0683400,0
1776044400000,0.4332,0.4332,0.4331,0.4331,270780.2,1776044699999,117298.5826100,744,13851.0,6000.2532000,0
1776044700000,0.4331,0.4331,0.433,0.4331,261243.9,1776044999999,113144.7186700,718,9236.0,4000.1116000,0
1776045000000,0.4331,0.4331,0.4329,0.433,256289.9,1776045299999,110973.5097900,714,4619.0,2000.0270000,0
1776045300000,0.433,0.433,0.4328,0.4329,321788.9,1776045599999,139309.0113400,779,16170.1,7000.2672400,0
1776045600000,0.4329,0.4329,0.4327,0.4328,326181.9,1776045899999,141185.1986600,760,6931.8,3000.0830400,0
1776045900000,0.4328,0.4328,0.4327,0.4327,270476.4,1776046199999,117053.5877800,718,6931.8,3000.0830400,0
1776046200000,0.4327,0.4327,0.4292,0.4292,225437.5,1776046499999,97012.2282000,654,11647.0,5000.0571000,0
1776046500000,0.4292,0.4292,0.4289,0.4289,8125961.1,1776046799999,3486855.1394900,720,9320.0,4000.1440000,0
1776046800000,0.4289,0.4289,0.4288,0.4289,338592.2,1776047099999,145222.1644100,786,6994.8,3000.0697200,0
1776047100000,0.4289,0.4289,0.4287,0.4288,320282.5,1776047399999,137337.1179100,783,4664.2,2000.0089600,0
1776047400000,0.4288,0.4288,0.4286,0.4287,306483.3,1776047699999,131395.6020400,788,13995.6,6000.1469300,0
1776047700000,0.4287,0.4287,0.4276,0.4276,302302.6,1776047999999,129524.3276500,818,4665.4,2000.0569800,0
1776048000000,0.4276,0.4284,0.4275,0.4284,312165.9,1776048299999,133539.6949000,821,9350.4,4000.0984800,0
1776048300000,0.4284,0.4284,0.4274,0.4279,326149.1,1776048599999,139568.8785400,849,7011.0,3000.0069000,0
1776048600000,0.4279,0.4279,0.4277,0.4278,306984.5,1776048899999,131348.5600200,775,7011.0,3000.0069000,0
1776048900000,0.4278,0.4278,0.4277,0.4277,292509.7,1776049199999,125132.2713000,738,9350.4,4000.1011200,0
1776049200000,0.4277,0.4277,0.4275,0.4276,301890.3,1776049499999,129093.0547800,742,2338.7,1000.0281200,0
1776049500000,0.4276,0.4276,0.4274,0.4275,260224.1,1776049799999,111246.2719300,746,2339.2,1000.0080000,0
1776049800000,0.4275,0.4286,0.4273,0.4286,165938.3,1776050099999,70938.4721500,635,9358.6,4000.0995600,0
1776050100000,0.4287,0.4287,0.4285,0.4286,164684.0,1776050399999,70585.4872300,608,2333.2,1000.0095200,0
1776050400000,0.4286,0.5,0.4285,0.4289,246999.8,1776050699999,107016.2360400,610,20297.2,9815.4190400,0
1776050700000,0.4289,0.4289,0.4288,0.4289,155351.2,1776050999999,66629.6053900,575,0,0,0
1776051000000,0.4289,0.4289,0.4288,0.4289,173775.7,1776051299999,74532.3782500,557,9326.4,4000.0929600,0
1776051300000,0.4289,0.4289,0.4287,0.4288,122331.3,1776051599999,52456.6633800,527,2332.1,1000.0044800,0
1776051600000,0.4288,0.4288,0.4286,0.4287,136011.7,1776051899999,58314.4610900,537,2332.7,1000.0284900,0
1776051900000,0.4287,0.4294,0.4286,0.4294,187605.2,1776052199999,80480.4318000,565,6998.1,3000.0854700,0
1776052200000,0.4294,0.4294,0.4289,0.429,228123.3,1776052499999,97921.4119400,491,0,0,0
1776052500000,0.429,0.429,0.4288,0.4289,196312.6,1776052799999,84198.4778300,530,0,0,0
1776052800000,0.4289,0.4289,0.4287,0.4288,157664.0,1776053099999,67610.1716300,435,0,0,0
1776053100000,0.4288,0.4288,0.4278,0.4278,2666833.9,1776053399999,1141221.6011600,702,469141.3,200745.5622700,0
1776053400000,0.4278,0.4278,0.427,0.4273,312379.8,1776053699999,133451.9906500,805,4681.2,2000.0424600,0
1776053700000,0.4273,0.4273,0.4272,0.4273,307525.8,1776053999999,131405.7497200,801,4680.6,2000.0203800,0
1776054000000,0.4273,0.4273,0.4258,0.4259,331753.1,1776054299999,141661.0720400,853,4681.8,2000.0649600,0
1776054300000,0.4259,0.4259,0.4258,0.4258,313451.7,1776054599999,133491.3344200,800,2348.0,1000.0132000,0
1776054600000,0.4258,0.4288,0.4257,0.4288,228068.1,1776054899999,97230.6127600,721,4697.2,2000.0677600,0
1776054900000,0.4288,0.4304,0.4287,0.4303,196549.6,1776055199999,84430.8743400,564,0,0,0
1776055200000,0.4303,0.4303,0.4302,0.4302,314190.7,1776055499999,135191.4801800,750,9296.0,4000.0688000,0
1776055500000,0.4302,0.4307,0.4301,0.4307,309966.8,1776055799999,133350.1182800,781,6973.8,3000.1287600,0
1776055800000,0.4307,0.4307,0.4306,0.4307,309511.1,1776056099999,133306.4172000,764,2321.9,1000.0423300,0
1776056100000,0.4307,0.4307,0.4304,0.4305,295859.4,1776056399999,127390.2379700,782,4645.8,2000.0169000,0
1776056400000,0.4305,0.4319,0.4304,0.4312,285984.3,1776056699999,123354.9629700,798,4638.4,2000.0780800,0
1776056700000,0.4312,0.4318,0.4309,0.4318,318537.9,1776056999999,137361.5585800,806,2319.2,1000.0390400,0
1776057000000,0.4318,0.432,0.4318,0.432,322365.3,1776057299999,139259.4261600,773,11574.5,5000.1840000,0
1776057300000,0.432,0.432,0.4318,0.4319,303921.2,1776057599999,131265.9158800,774,13892.4,6000.1275600,0
1776057600000,0.4319,0.4319,0.4317,0.4318,285557.8,1776057899999,123312.3740800,773,16209.3,7000.1019000,0
1776057900000,0.4318,0.4318,0.4316,0.4317,298959.7,1776058199999,129076.0575500,724,0,0,0
1776058200000,0.4317,0.4317,0.4315,0.4316,336458.8,1776058499999,145237.3942100,776,0,0,0
1776058500000,0.4316,0.4316,0.4315,0.4315,308656.6,1776058799999,133210.9574200,762,4634.0,2000.0344000,0
1776058800000,0.4315,0.4315,0.4314,0.4315,304409.4,1776059099999,131352.6378500,779,9270.0,4000.0050000,0
1776059100000,0.4315,0.4315,0.4313,0.4314,327711.3,1776059399999,141376.9892400,800,9272.4,4000.1133600,0
1776059400000,0.4314,0.4314,0.4287,0.4288,249969.9,1776059699999,107564.7647900,829,2332.1,1000.0044800,0
1776059700000,0.4288,0.4288,0.4286,0.4286,151182.5,1776059999999,64812.8950900,632,0,0,0
1776060000000,0.4287,0.4287,0.4285,0.4286,276821.8,1776060299999,118652.9288500,642,6998.1,3000.0854700,0
1776060300000,0.4286,0.4286,0.4284,0.4285,311031.4,1776060599999,133290.8138600,769,9334.0,4000.0856400,0
1776060600000,0.4284,0.4285,0.4283,0.4284,325254.5,1776060899999,139360.0542200,791,7001.9,3000.0807200,0
1776060900000,0.4284,0.4284,0.4283,0.4283,301865.6,1776061199999,129313.9538200,783,11671.5,5000.0706000,0
1776061200000,0.4283,0.4283,0.4282,0.4283,316039.7,1776061499999,135359.7731900,784,16344.3,7000.2636900,0
1776061500000,0.4283,0.4283,0.4281,0.4282,334884.5,1776061799999,143398.9658000,798,9341.6,4000.0731200,0
1776061800000,0.4282,0.4305,0.4282,0.4304,314815.8,1776062099999,135455.1130900,805,2322.9,1000.0084500,0
1776062100000,0.4304,0.4304,0.4302,0.4303,300762.0,1776062399999,129437.8923000,793,4648.0,2000.0344000,0
1776062400000,0.4303,0.4303,0.4302,0.4302,314722.9,1776062699999,135420.0032200,796,9296.0,4000.0688000,0
1776062700000,0.4302,0.4302,0.4301,0.4302,244819.6,1776062999999,105321.3702800,737,23246.0,10000.4292000,0
1776063000000,0.4302,0.4302,0.43,0.4301,249013.9,1776063299999,107101.8134000,713,6975.3,3000.0765300,0
1776063300000,0.4301,0.4301,0.4299,0.43,300457.3,1776063599999,129203.3034700,762,11627.0,5000.0750200,0
1776063600000,0.43,0.43,0.4298,0.4299,309596.1,1776063899999,133109.1394300,731,9304.2,4000.1081400,0
1776063900000,0.4299,0.4308,0.4298,0.4308,318297.9,1776064199999,137032.9786500,714,13937.6,6000.1309200,0
1776064200000,0.4308,0.4308,0.4306,0.4307,276601.1,1776064499999,119138.7100700,727,6965.7,3000.1269900,0
1776064500000,0.4307,0.4307,0.4305,0.4306,145701.3,1776064799999,62745.7232600,601,0,0,0
1776064800000,0.4306,0.4306,0.4304,0.4305,206254.2,1776065099999,88803.0033900,679,4645.3,2000.0338900,0
1776065100000,0.4305,0.4318,0.4304,0.4317,299471.4,1776065399999,129174.9632000,744,23201.4,10000.2508600,0
1776065400000,0.4317,0.4317,0.4315,0.4316,304066.6,1776065699999,131249.8405400,772,2316.5,1000.0330500,0
1776065700000,0.4316,0.4316,0.4314,0.4315,299655.0,1776065999999,129320.6229500,776,2317.0,1000.0172000,0
1776066000000,0.4315,0.4315,0.4314,0.4314,285879.4,1776066299999,123353.5697500,765,9270.0,4000.0050000,0
1776066300000,0.4314,0.4314,0.4313,0.4314,290601.3,1776066599999,125365.3682300,769,4636.2,2000.0566800,0
1776066600000,0.4314,0.4314,0.4312,0.4313,295401.9,1776066899999,127408.2349400,791,6955.8,3000.0365400,0
1776066900000,0.4313,0.4313,0.4311,0.4311,309310.0,1776067199999,133381.1218200,807,6957.0,3000.0902600,0
1776067200000,0.4393,0.4393,0.4391,0.4392,275645.4,1776067499999,121068.5887500,722,18213.7,8000.1399600,0
1776067500000,0.4392,0.4392,0.439,0.4391,253653.3,1776067799999,111391.3166100,764,6832.2,3000.0190200,0
1776067800000,0.4391,0.4391,0.4389,0.439,248280.6,1776068099999,109010.1658200,701,2278.0,1000.0420000,0
1776068100000,0.439,0.439,0.4389,0.4389,299027.6,1776068399999,131268.4051200,793,13668.0,6000.2520000,0
1776068400000,0.4389,0.4389,0.4388,0.4388,298641.3,1776068699999,131073.1860200,731,13671.0,6000.2019000,0
1776068700000,0.4388,0.4388,0.4387,0.4388,229804.9,1776068999999,100838.3663500,654,2279.0,1000.0252000,0
1776069000000,0.4388,0.4388,0.4386,0.4386,271062.5,1776069299999,118919.7618200,696,11397.0,5000.0918000,0
1776069300000,0.4387,0.4387,0.4385,0.4386,262881.8,1776069599999,115310.2571900,754,2279.5,1000.0166500,0
1776069600000,0.4385,0.4386,0.4384,0.4385,294094.4,1776069899999,128976.6996500,715,9120.0,4000.0320000,0
1776069900000,0.4385,0.4385,0.4383,0.4384,271512.0,1776070199999,119050.0422700,714,6841.8,3000.1293000,0
1776070200000,0.4383,0.4384,0.4383,0.4383,299573.9,1776070499999,131331.2911400,769,11405.5,5000.1712000,0
1776070500000,0.4383,0.4383,0.4382,0.4383,304088.1,1776070799999,133281.7929500,767,9126.4,4000.1011200,0
1776070800000,0.4383,0.4383,0.4381,0.4382,312691.7,1776071099999,137025.2216000,737,18255.8,8000.1478800,0
1776071100000,0.4382,0.4414,0.4381,0.4413,320034.1,1776071399999,141166.6317200,755,13644.1,6000.1443600,0
1776071400000,0.4413,0.4413,0.4411,0.4412,288512.6,1776071699999,127306.1527600,771,13596.6,6000.1795800,0
1776071700000,0.4412,0.4412,0.441,0.4411,302184.3,1776071999999,133313.0087500,782,11333.0,5000.1196000,0
1776072000000,0.4411,0.4411,0.441,0.441,292996.2,1776072299999,129236.3988800,757,11335.5,5000.0890500,0
1776072300000,0.441,0.441,0.4409,0.441,310854.1,1776072599999,137086.6259700,742,13605.6,6000.0696000,0
1776072600000,0.441,0.441,0.4408,0.4409,241929.4,1776072899999,106667.1223400,628,4536.2,2000.0105800,0
1776072900000,0.4409,0.4409,0.4407,0.4408,191982.0,1776073199999,84628.0224600,607,4537.4,2000.0859200,0
1776073200000,0.4408,0.4408,0.4406,0.4407,283378.9,1776073499999,124896.6670100,712,20418.8,9000.3801200,0
1776073500000,0.4407,0.445,0.4405,0.445,306273.0,1776073799999,135162.2903400,763,2269.7,1000.0298200,0
1776073800000,0.445,0.445,0.4448,0.4449,290864.2,1776074099999,129416.0639800,802,8989.8,4000.0114600,0
1776074100000,0.4449,0.4449,0.4447,0.4448,259703.3,1776074399999,115531.2419700,801,8990.8,4000.0069200,0
1776074400000,0.4448,0.4448,0.4435,0.4436,241992.2,1776074699999,107447.5745100,764,13513.8,6000.1176000,0
1776074700000,0.4436,0.4436,0.4434,0.4435,305317.0,1776074999999,135408.5473300,793,6764.4,3000.0114000,0
1776075000000,0.4435,0.4435,0.4433,0.4434,287557.2,1776075299999,127508.8650300,806,0,0,0
1776075300000,0.4434,0.4434,0.4432,0.4433,296025.9,1776075599999,131239.3611700,795,4511.8,2000.0809400,0
1776075600000,0.4433,0.4452,0.4432,0.4451,291256.6,1776075899999,129413.4134100,819,9013.9,4000.1296500,0
1776075900000,0.4451,0.4451,0.4448,0.4448,277324.1,1776076199999,123388.9018900,802,6742.1,3000.0096300,0
1776076200000,0.4448,0.4448,0.4447,0.4447,277559.5,1776076499999,123455.6577100,789,8993.2,4000.1753600,0
1776076500000,0.4447,0.4447,0.4442,0.4442,277616.9,1776076799999,123381.6683500,804,4501.6,2000.0608800,0
1776076800000,0.4442,0.4442,0.4441,0.4441,295902.4,1776077099999,131437.9636100,790,6753.9,3000.0823800,0
1776077100000,0.4441,0.4441,0.444,0.444,287001.1,1776077399999,127452.0602500,780,11259.0,5000.1219000,0
1776077400000,0.444,0.444,0.4434,0.4434,260174.0,1776077699999,115394.5207000,771,13528.8,6000.0228000,0
1776077700000,0.4434,0.4446,0.4433,0.444,214208.0,1776077999999,94986.4602300,702,15785.1,7000.0150600,0
1776078000000,0.444,0.444,0.4438,0.4438,186466.5,1776078299999,82779.8709900,651,0,0,0
1776078300000,0.4438,0.4438,0.4434,0.4434,259486.6,1776078599999,115093.7861300,770,0,0,0
1776078600000,0.4434,0.4434,0.4422,0.4423,264606.1,1776078899999,117045.4511500,688,2261.0,1000.0403000,0
1776078900000,0.4422,0.4422,0.4399,0.4399,279128.6,1776079199999,123325.8118400,761,6784.5,3000.1059000,0
1776079200000,0.4399,0.4399,0.4398,0.4399,235066.8,1776079499999,103405.8554300,757,2273.3,1000.0246700,0
1776079500000,0.4399,0.4399,0.4397,0.4398,298207.7,1776079799999,131152.1857700,751,13642.8,6000.1034400,0
1776079800000,0.4398,0.4398,0.4378,0.4379,294382.9,1776080099999,129223.8132900,740,4567.4,2000.0644600,0
1776080100000,0.4379,0.4379,0.4377,0.4378,276574.4,1776080399999,121094.0707600,730,13703.2,6000.1744400,0
1776080400000,0.4378,0.4383,0.4377,0.4382,299185.9,1776080699999,131113.1126700,735,15973.8,7000.1744400,0
1776080700000,0.4382,0.4382,0.4381,0.4382,267149.4,1776080999999,117064.8468800,703,9128.4,4000.0648800,0
1776081000000,0.4381,0.4382,0.438,0.4381,239652.4,1776081299999,104992.6401900,717,9130.4,4000.0282400,0
1776081300000,0.4381,0.4381,0.4379,0.438,289860.2,1776081599999,126964.8270500,697,2282.6,1000.0070600,0
1776081600000,0.438,0.438,0.4378,0.4379,244082.1,1776081899999,106893.3647400,666,18266.6,8000.3140600,0
1776081900000,0.4379,0.4387,0.4378,0.4387,258062.7,1776082199999,113025.7363400,708,6851.1,3000.0966900,0
1776082200000,0.4387,0.4387,0.4385,0.4386,276189.3,1776082499999,121140.3475800,738,15960.0,7000.0560000,0
1776082500000,0.4386,0.4386,0.4384,0.4385,239680.8,1776082799999,105108.9187500,699,0,0,0
1776082800000,0.4385,0.4395,0.4384,0.4395,271070.0,1776083099999,118938.7136600,698,13668.0,6000.2442000,0
1776083100000,0.4395,0.4395,0.4393,0.4394,257383.8,1776083399999,113095.9007400,744,9103.6,4000.1218400,0
1776083400000,0.4394,0.4394,0.4392,0.4392,298965.6,1776083699999,131343.4794400,785,11380.0,5000.1443600,0
1776083700000,0.4392,0.4392,0.4389,0.439,304097.1,1776083999999,133513.1475600,825,6834.0,3000.1260000,0
1776084000000,0.439,0.439,0.4388,0.4389,290129.2,1776084299999,127354.9849000,785,13669.0,6000.2353000,0
1776084300000,0.4389,0.4389,0.4388,0.4388,308173.5,1776084599999,135249.4083400,769,9114.0,4000.1346000,0
1776084600000,0.4388,0.4393,0.4387,0.4393,298399.7,1776084899999,130984.3843600,717,11389.8,5000.1206400,0
1776084900000,0.4393,0.4393,0.4391,0.4392,307718.4,1776085199999,135158.7362700,758,9107.1,4000.0659600,0
1776085200000,0.4392,0.4392,0.439,0.4391,266690.5,1776085499999,117116.8439600,716,15938.8,7000.0932200,0
1776085500000,0.439,0.439,0.4386,0.4387,257602.4,1776085799999,113034.9353100,728,4559.0,2000.0333000,0
1776085800000,0.4387,0.4387,0.4377,0.4378,276276.2,1776086099999,121089.1006200,727,0,0,0
1776086100000,0.4378,0.4412,0.4376,0.4412,303571.1,1776086399999,133049.8988400,727,0,0,0
1776086400000,0.4412,0.4428,0.441,0.4417,306526.2,1776086699999,135286.7810200,780,6795.1,3000.0354100,0
1776086700000,0.4417,0.4425,0.4416,0.4424,300632.3,1776086999999,132987.6098600,714,13562.4,6000.0057600,0
1776087000000,0.4423,0.4424,0.4409,0.441,282288.8,1776087299999,124796.6974200,673,9056.0,4000.0251200,0
1776087300000,0.441,0.441,0.4396,0.4396,274621.5,1776087599999,120858.1081600,673,11371.5,5000.0485500,0
1776087600000,0.4396,0.4396,0.4366,0.4377,281136.1,1776087899999,122994.1546000,663,0,0,0
1776087900000,0.4377,0.4377,0.4375,0.4376,276532.5,1776088199999,121020.9141900,719,11424.0,5000.0562800,0
1776088200000,0.4375,0.441,0.4375,0.441,289014.7,1776088499999,127074.5106400,727,13675.0,6000.0566200,0
1776088500000,0.441,0.441,0.4408,0.4409,283465.7,1776088799999,124994.4100100,698,11339.0,5000.0453800,0
1776088800000,0.4409,0.4409,0.4407,0.4408,301733.6,1776089099999,133024.5662300,718,6804.9,3000.0535400,0
1776089100000,0.4408,0.4408,0.4407,0.4407,315905.3,1776089399999,139245.9082300,755,9074.8,4000.1718400,0
1776089400000,0.4407,0.4407,0.4383,0.4407,308516.4,1776089699999,135395.4990900,805,11405.5,5000.1712000,0
1776089700000,0.4407,0.4407,0.4383,0.4384,308113.4,1776089999999,135398.8596800,763,11394.1,5000.1667800,0
1776090000000,0.4384,0.4384,0.4382,0.4383,304294.3,1776090299999,133372.6322500,779,4563.2,2000.0505600,0
1776090300000,0.4383,0.4405,0.4382,0.4404,293535.8,1776090599999,129251.3394500,763,13621.7,6000.1317800,0
1776090600000,0.4404,0.4404,0.4402,0.4403,270563.3,1776090899999,119142.5357000,733,15897.4,7000.0793600,0
1776090900000,0.4403,0.4403,0.4401,0.4402,197593.0,1776091199999,86993.1321800,680,0,0,0
1776091200000,0.4402,0.4402,0.4401,0.4401,297670.8,1776091499999,131029.5614400,734,11358.5,5000.0117000,0
1776091500000,0.4401,0.4414,0.44,0.4413,287614.5,1776091799999,126742.1513700,671,9089.2,4000.1569200,0
1776091800000,0.4412,0.4413,0.4412,0.4412,278422.7,1776092099999,122860.5002600,680,4532.2,2000.0598600,0
1776092100000,0.4412,0.4412,0.4411,0.4411,287953.7,1776092399999,127042.8011800,711,15866.2,7000.1674400,0
1776092400000,0.4411,0.4411,0.441,0.4411,219564.9,1776092699999,96850.0488100,647,2267.1,1000.0178100,0
1776092700000,0.4411,0.4411,0.4409,0.441,278843.5,1776092999999,122971.8234300,708,15873.2,7000.0812000,0
1776093000000,0.441,0.441,0.4408,0.4409,302180.8,1776093299999,133238.9209000,761,18142.3,8000.0738700,0
1776093300000,0.4409,0.4409,0.4407,0.4408,292944.5,1776093599999,129140.1829300,750,4536.2,2000.0105800,0
1776093600000,0.4408,0.4408,0.4406,0.4407,288448.1,1776093899999,127134.4240700,735,6806.1,3000.1288800,0
1776093900000,0.4407,0.4407,0.4406,0.4406,311419.9,1776094199999,137233.4416900,796,6807.6,3000.1093200,0
1776094200000,0.4406,0.4406,0.4405,0.4405,297479.1,1776094499999,131064.6470000,731,2269.7,1000.0298200,0
1776094500000,0.4405,0.4405,0.4345,0.4346,327440.0,1776094799999,143568.9632200,752,9080.8,4000.0924000,0
1776094800000,0.4346,0.4346,0.4344,0.4345,306668.5,1776095099999,133254.9785300,773,4602.0,2000.0292000,0
1776095100000,0.4345,0.4345,0.4343,0.4344,302021.2,1776095399999,131209.7976500,749,16112.3,7000.1037200,0
1776095400000,0.4344,0.4344,0.4342,0.4343,301128.9,1776095699999,130798.1427400,671,4605.2,2000.0383600,0
1776095700000,0.4343,0.4343,0.4342,0.4342,269029.5,1776095999999,116832.4404200,663,6907.8,3000.0575400,0
1776096000000,0.4423,0.4424,0.4422,0.4423,282123.8,1776096299999,124789.3551400,673,4522.0,2000.0806000,0
1776096300000,0.4423,0.4473,0.4422,0.4472,294786.7,1776096599999,131140.8392100,772,8985.6,4000.0999800,0
1776096600000,0.4471,0.4472,0.4471,0.4471,298189.6,1776096899999,133347.6130500,775,4472.4,2000.0572800,0
1776096900000,0.4471,0.4471,0.447,0.4471,302377.7,1776097199999,135193.0441300,772,2236.7,1000.0285700,0
1776097200000,0.447,0.4471,0.4469,0.447,293602.4,1776097499999,131242.5525500,770,6711.6,3000.0852000,0
1776097500000,0.447,0.447,0.4468,0.4469,293827.7,1776097799999,131318.4706900,769,8950.8,4000.1125200,0
1776097800000,0.4469,0.4469,0.4467,0.4468,298076.0,1776098099999,133192.7073200,771,11188.5,5000.1406500,0
1776098100000,0.4468,0.4468,0.4466,0.4467,284915.3,1776098399999,127288.6365800,768,15667.4,7000.1943200,0
1776098400000,0.4467,0.4467,0.4461,0.4462,321248.8,1776098699999,143485.2030500,809,8954.8,4000.1091600,0
1776098700000,0.4462,0.4462,0.446,0.4461,294369.9,1776098999999,131336.3142500,790,11206.5,5000.1161300,0
1776099000000,0.4461,0.4461,0.446,0.446,305422.8,1776099299999,136240.6290400,761,8966.8,4000.0894800,0
1776099300000,0.446,0.446,0.4459,0.4459,285121.6,1776099599999,127162.3652900,737,26906.4,12000.2544000,0
1776099600000,0.4459,0.4459,0.4458,0.4459,266634.1,1776099899999,118892.1156300,679,11213.5,5000.0996500,0
1776099900000,0.4459,0.4459,0.4457,0.4458,273249.4,1776100199999,121816.4236400,663,20187.3,9000.1711500,0
1776100200000,0.4458,0.4458,0.4456,0.4457,280094.8,1776100499999,124844.6860500,684,6730.6,3000.0527400,0
1776100500000,0.4457,0.4479,0.4456,0.447,284687.7,1776100799999,127133.3046100,733,8968.3,4000.0796700,0
1776100800000,0.447,0.4503,0.4469,0.4495,290278.2,1776101099999,130389.2937400,783,20031.7,9000.1697100,0
1776101100000,0.4495,0.4507,0.4493,0.4506,280155.1,1776101399999,126024.9570900,721,2218.8,1000.0131600,0
1776101400000,0.4506,0.4509,0.4498,0.4506,295508.3,1776101699999,133113.8222200,748,2219.3,1000.0165800,0
1776101700000,0.4506,0.4506,0.4504,0.4505,291486.1,1776101999999,131320.3583600,777,22196.5,10000.1890400,0
1776102000000,0.4505,0.4505,0.4503,0.4504,296232.6,1776102299999,133433.1704100,791,6660.4,3000.0661400,0
1776102300000,0.4504,0.4504,0.4502,0.4503,313946.9,1776102599999,141385.3027500,824,11101.5,5000.1156000,0
1776102600000,0.4503,0.4511,0.4499,0.451,278214.7,1776102899999,125318.4864300,778,2220.8,1000.0262400,0
1776102900000,0.451,0.4525,0.451,0.4524,268350.5,1776103199999,121403.5509500,786,13263.0,6000.1812000,0
1776103200000,0.4524,0.4536,0.4517,0.4532,312157.2,1776103499999,141327.9735200,790,15461.6,7000.1083200,0
1776103500000,0.4532,0.4532,0.4512,0.4512,286434.1,1776103799999,129491.5002700,835,11070.2,5000.1738000,0
1776103800000,0.4512,0.4512,0.4511,0.4511,291057.0,1776104099999,131324.8962500,784,17731.2,8000.3174400,0
1776104100000,0.4512,0.4512,0.451,0.4511,295319.6,1776104399999,133218.8701500,754,24385.9,11000.4794900,0
1776104400000,0.4511,0.4511,0.4509,0.451,286239.9,1776104699999,129098.7217500,727,8868.8,4000.0504900,0
1776104700000,0.451,0.451,0.4508,0.4509,215135.6,1776104999999,97011.4744300,702,11088.0,5000.0226600,0
1776105000000,0.4509,0.4509,0.4507,0.4508,250839.6,1776105299999,113090.7598500,706,6653.4,3000.0180600,0
1776105300000,0.4508,0.4508,0.4506,0.4506,179873.9,1776105599999,81077.9581600,698,8873.2,4000.0385600,0
1776105600000,0.4506,0.4506,0.4495,0.4499,255478.5,1776105899999,114982.5528500,680,4445.6,2000.0754400,0
1776105900000,0.4499,0.4499,0.4497,0.4497,174551.3,1776106199999,78514.5613400,567,0,0,0
1776106200000,0.4497,0.4497,0.449,0.4491,116829.0,1776106499999,52476.5888000,553,0,0,0
1776106500000,0.4491,0.4491,0.4489,0.4489,183447.3,1776106799999,82368.2967800,585,4454.4,2000.0256000,0
1776106800000,0.4489,0.4492,0.4478,0.4492,160980.1,1776107099999,72123.0185800,517,2232.7,1000.0263300,0
1776107100000,0.449,0.449,0.4489,0.4489,147325.6,1776107399999,66145.4758900,496,0,0,0
1776107400000,0.4489,0.4489,0.4488,0.4488,195754.1,1776107699999,87868.5685800,452,0,0,0
1776107700000,0.4488,0.4488,0.4487,0.4487,273745.3,1776107999999,122855.4998200,667,4456.4,2000.0323200,0
1776108000000,0.4487,0.4487,0.4486,0.4487,265203.1,1776108299999,118996.6124000,700,2228.7,1000.0176900,0
1776108300000,0.4487,0.4487,0.4485,0.4486,278638.8,1776108599999,125000.0901300,698,15603.4,7000.1309800,0
1776108600000,0.4486,0.4486,0.4484,0.4485,265688.2,1776108899999,119168.0163200,733,0,0,0
1776108900000,0.4485,0.4485,0.4483,0.4484,292398.9,1776109199999,131124.8654100,743,8920.3,4000.0854900,0
1776109200000,0.4484,0.4484,0.4482,0.4483,237613.0,1776109499999,106536.0537700,599,2230.2,1000.0216800,0
1776109500000,0.4483,0.4483,0.4482,0.4482,197111.1,1776109799999,88358.9521900,544,6692.1,3000.0684300,0
1776109800000,0.4482,0.4486,0.4474,0.4475,37388917.2,1776110099999,16731608.8549300,727,27734208.7,12411058.3932500,0
1776110100000,0.4474,0.4494,0.4474,0.4485,118217086.6,1776110399999,53057587.7611300,1180,87677710.1,39338610.8808000,0
1776110400000,0.4484,0.449,0.4484,0.4489,61052396.0,1776110699999,27395537.5324300,777,47470458.3,21299013.4678500,0
1776110700000,0.4489,0.4489,0.4488,0.4488,81880993.0,1776110999999,36754961.5426900,845,63597816.2,28549059.6921800,0
1776111000000,0.4488,0.4488,0.4481,0.4481,97696225.2,1776111299999,43844647.3272000,1065,70011040.8,31420955.1110400,0
1776111300000,0.4481,0.4481,0.448,0.448,138193836.0,1776111599999,61920687.5327500,1155,94317803.3,42263807.6587300,0
1776111600000,0.448,0.448,0.4479,0.4479,153821113.2,1776111899999,68908714.4592700,1480,105491575.7,47260225.9136000,0
1776111900000,0.4479,0.4479,0.4444,0.4445,110821759.5,1776112199999,49423779.0303300,1417,74704666.9,33278795.9889900,0
1776112200000,0.4445,0.4445,0.4443,0.4444,80490056.2,1776112499999,35771748.1366800,1316,49557580.4,22025101.9574100,0
1776112500000,0.4444,0.4444,0.4442,0.4442,77437554.2,1776112799999,34406589.5677800,1374,56995987.3,25324066.4206100,0
1776112800000,0.4443,0.4443,0.4441,0.4442,108713371.7,1776113099999,48296589.6683200,1457,78744295.0,34983304.2930900,0
1776113100000,0.4442,0.4442,0.444,0.4441,20938413.6,1776113399999,9300494.1394300,1016,11190746.0,4970917.0465600,0
1776113400000,0.4441,0.4441,0.444,0.444,9681308.2,1776113699999,4299246.7603500,1097,350242.1,155542.2913800,0
1776113700000,0.444,0.444,0.4439,0.4439,9998516.7,1776113999999,4439293.7599400,1096,255542.0,113460.6480000,0
1776114000000,0.4439,0.4439,0.4438,0.4439,9681353.7,1776114299999,4297552.8853300,1075,125519.2,55717.9728800,0
1776114300000,0.4439,0.4439,0.4437,0.4438,9998728.5,1776114599999,4437562.6317500,1109,251039.4,111417.4490400,0
1776114600000,0.4438,0.4438,0.4436,0.4437,40321372.5,1776114899999,17890878.5726700,1171,28109103.5,12472015.8369300,0
1776114900000,0.4437,0.4437,0.4435,0.4436,170838169.9,1776115199999,75791902.4126800,1669,125168447.4,55531665.8594300,0
1776115200000,0.4436,0.4436,0.4434,0.4435,62450809.5,1776115499999,27699831.0497200,1352,33516340.9,14866555.2623900,0
1776115500000,0.4435,0.4435,0.4433,0.4434,146488204.6,1776115799999,64964954.7449300,1568,111067676.4,49257813.0980700,0
1776115800000,0.4434,0.4434,0.4433,0.4433,126343549.2,1776116099999,56020650.1886400,1363,106800238.3,47355225.6622200,0
1776116100000,0.4433,0.4433,0.4432,0.4433,39528774.8,1776116399999,17523105.8134200,1150,22392203.1,9926463.6342300,0
1776116400000,0.4433,0.4433,0.4431,0.4432,7302185.8,1776116699999,3236392.2161300,928,39842.2,17658.0630400,0
1776116700000,0.4432,0.4432,0.443,0.4431,149415050.4,1776116999999,66207539.9462500,1533,106960953.6,47395795.8963300,0
1776117000000,0.4431,0.4431,0.4429,0.443,198269920.8,1776117299999,87842504.3802500,1713,154699494.6,68539889.4018800,0
1776117300000,0.443,0.443,0.4428,0.4429,123545477.7,1776117599999,54724227.9268500,1529,74921774.4,33187704.5321700,0
1776117600000,0.4429,0.4429,0.4427,0.4428,116183109.4,1776117899999,51455001.4613800,1343,88194224.5,39060001.5404300,0
1776117900000,0.4428,0.4428,0.4427,0.4427,13584240.2,1776118199999,6015053.8681800,914,5540740.4,2453439.8491200,0
1776118200000,0.4427,0.4488,0.4426,0.4487,14679036.2,1776118499999,6522381.0360100,935,7752255.1,3455852.3575900,0
1776118500000,0.4487,0.4487,0.4473,0.4483,175897.2,1776118799999,78833.3140100,640,6692.1,3000.0684300,0
1776118800000,0.4483,0.4494,0.4482,0.4493,10509991.1,1776119099999,4721260.6967500,671,10347935.4,4648458.8976500,0
1776119100000,0.4493,0.4493,0.4492,0.4492,193515.7,1776119399999,86945.6403200,667,8902.8,4000.0280400,0
1776119400000,0.4492,0.4493,0.4492,0.4493,206709.8,1776119699999,92872.3721700,638,4451.4,2000.0140200,0
1776119700000,0.4493,0.4493,0.4491,0.4492,211686.0,1776119999999,95092.9761300,686,13356.7,6000.0522100,0
1776120000000,0.4492,0.4492,0.449,0.4491,220832.9,1776120299999,99181.5693500,710,13358.2,6000.0581000,0
1776120300000,0.4491,0.4491,0.4489,0.4489,167416.1,1776120599999,75171.3130800,674,4453.4,2000.0219400,0
1776120600000,0.4489,0.4489,0.447,0.4472,162735.8,1776120899999,72778.5438400,621,0,0,0
1776120900000,0.4472,0.4472,0.4471,0.4471,233603.1,1776121199999,104463.6426100,579,15653.4,7000.2004800,0
1776121200000,0.4471,0.4471,0.447,0.4471,247298.6,1776121499999,110567.1771700,604,20130.3,9000.2571300,0
1776121500000,0.447,0.4471,0.4469,0.447,261399.4,1776121799999,116846.8713800,669,11186.0,5000.1420000,0
1776121800000,0.447,0.447,0.4468,0.4469,226028.1,1776122099999,101017.4302700,686,11188.5,5000.1406500,0
1776122100000,0.4469,0.4469,0.4467,0.4468,198807.8,1776122399999,88835.1244700,638,4476.4,2000.0555200,0
1776122400000,0.4468,0.4468,0.4466,0.4467,261415.1,1776122699999,116786.4877000,669,11191.0,5000.1388000,0
1776122700000,0.4467,0.4467,0.4465,0.4466,234293.8,1776122999999,104651.1857200,617,8954.8,4000.1091600,0
1776123000000,0.4466,0.4491,0.4465,0.4491,292115.7,1776123299999,131142.9172800,738,17838.6,8000.1192600,0
1776123300000,0.4491,0.4491,0.4488,0.4489,315103.7,1776123599999,141460.5263400,804,4455.4,2000.0290600,0
1776123600000,0.4489,0.4489,0.4487,0.4488,301409.3,1776123899999,135275.6857000,771,0,0,0
1776123900000,0.4488,0.4488,0.4488,0.4488,284380.5,1776124199999,127629.9684000,762,0,0,0
1776124200000,0.4488,0.4488,0.4488,0.4488,316005.4,1776124499999,141823.2235200,779,0,0,0
1776124500000,0.4488,0.4488,0.4488,0.4488,284767.1,1776124799999,127803.4744800,765,0,0,0
1776124800000,0.4555,0.4558,0.4554,0.4558,279159.3,1776125099999,127225.8748900,726,6582.0,3000.0756000,0
1776125100000,0.4558,0.4558,0.4556,0.4557,309743.7,1776125399999,141154.2506900,755,2194.5,1000.0336500,0
1776125400000,0.4557,0.4557,0.4555,0.4556,265586.4,1776125699999,121010.1296200,701,10973.5,5000.1849500,0
1776125700000,0.4556,0.4556,0.4554,0.4555,260936.0,1776125999999,118867.5847200,680,4390.0,2000.0840000,0
1776126000000,0.4555,0.4555,0.4553,0.4554,265872.6,1776126299999,121093.6899300,718,2195.9,1000.0128600,0
1776126300000,0.4554,0.4554,0.4553,0.4553,274562.8,1776126599999,125028.2235100,713,0,0,0
1776126600000,0.4553,0.4553,0.4552,0.4552,261914.2,1776126899999,119245.9015200,745,6589.2,3000.0627600,0
1776126900000,0.4552,0.4552,0.4551,0.4552,261764.8,1776127199999,119155.3186100,724,4393.8,2000.0577600,0
1776127200000,0.4552,0.4552,0.455,0.4551,279772.5,1776127499999,127325.3377600,781,2197.4,1000.0367400,0
1776127500000,0.4551,0.4551,0.4549,0.4549,244031.1,1776127799999,111038.6426100,707,13186.4,6000.2514800,0
1776127800000,0.455,0.455,0.4548,0.4548,266161.3,1776128099999,121083.9815400,725,0,0,0
1776128100000,0.4549,0.4549,0.4547,0.4548,297404.0,1776128399999,135272.3892200,767,0,0,0
1776128400000,0.4548,0.4548,0.4546,0.4547,284013.5,1776128699999,129157.6000800,746,8797.2,4000.0868400,0
1776128700000,0.4547,0.4547,0.4545,0.4546,292993.0,1776128999999,133216.6688400,752,4398.6,2000.0434200,0
1776129000000,0.4546,0.4546,0.4545,0.4545,293238.6,1776129299999,133302.2014300,776,4399.6,2000.0581600,0
1776129300000,0.4545,0.4545,0.4544,0.4545,306361.2,1776129599999,139241.1459300,770,15402.1,7000.2544500,0
1776129600000,0.4545,0.4545,0.4543,0.4544,293159.3,1776129899999,133212.8979800,756,6602.4,3000.1305600,0
1776129900000,0.4544,0.4544,0.4542,0.4543,244798.4,1776130199999,111217.2904100,739,2201.2,1000.0051600,0
1776130200000,0.4543,0.4543,0.4541,0.4542,213384.0,1776130499999,96926.2423300,673,13164.7,5979.8469800,0
1776130500000,0.4542,0.4542,0.454,0.4541,252679.9,1776130799999,114753.6546300,660,17614.1,8000.1040000,0
1776130800000,0.4541,0.4541,0.4539,0.454,284544.7,1776131099999,129199.5595000,747,2202.2,1000.0190200,0
1776131100000,0.454,0.454,0.4538,0.4539,285057.9,1776131399999,129409.0099600,787,15418.9,7000.1806000,0
1776131400000,0.4539,0.4539,0.4538,0.4538,311661.3,1776131699999,141459.8657100,802,15422.4,7000.2273600,0
1776131700000,0.4538,0.4538,0.4525,0.4526,246190.3,1776131999999,111509.5957900,801,6628.5,3000.0591000,0
1776132000000,0.4526,0.4526,0.4519,0.452,281475.6,1776132299999,127354.9826200,772,4421.9,2000.0245000,0
1776132300000,0.452,0.452,0.4518,0.4519,250649.7,1776132599999,113273.1053200,763,4425.3,2000.0143100,0
1776132600000,0.4519,0.4519,0.4517,0.4518,245792.3,1776132899999,111055.7739500,709,0,0,0
1776132900000,0.4518,0.4518,0.4516,0.4517,308335.6,1776133199999,139288.3203300,789,4427.3,2000.0327500,0
1776133200000,0.4517,0.4517,0.4515,0.4516,312954.3,1776133499999,141349.1594200,793,2213.9,1000.0186300,0
1776133500000,0.4516,0.4516,0.4514,0.4515,299862.1,1776133799999,135409.9747500,808,8857.6,4000.0921600,0
1776133800000,0.4515,0.4515,0.4514,0.4514,272816.8,1776134099999,123173.1266100,739,11074.5,5000.1367500,0
1776134100000,0.4514,0.4514,0.4513,0.4514,281165.9,1776134399999,126918.2595500,687,24369.4,11000.3471600,0
1776134400000,0.4514,0.4514,0.4508,0.4508,290577.8,1776134699999,131123.6113100,763,4431.8,2000.0713400,0
1776134700000,0.4508,0.4508,0.4507,0.4508,300203.5,1776134999999,135331.7158000,786,6654.9,3000.0289200,0
1776135000000,0.4508,0.4508,0.4506,0.4506,269415.4,1776135299999,121426.4175300,800,0,0,0
1776135300000,0.4507,0.4507,0.4505,0.4506,210957.7,1776135599999,95062.9780700,692,15534.6,7000.1126400,0
1776135600000,0.4506,0.4506,0.4504,0.4505,264606.5,1776135899999,119213.4112800,746,8877.2,4000.0663200,0
1776135900000,0.4505,0.4511,0.4503,0.451,282644.0,1776136199999,127337.8971300,787,4439.6,2000.0398000,0
1776136200000,0.451,0.451,0.4509,0.451,313142.1,1776136499999,141227.0570000,760,13303.8,6000.0138000,0
1776136500000,0.451,0.451,0.4508,0.4509,237336.8,1776136799999,107017.4072600,699,6653.4,3000.0180600,0
1776136800000,0.4509,0.4509,0.4507,0.4508,282454.2,1776137099999,127336.2432600,780,11090.5,5000.0409600,0
1776137100000,0.4508,0.4532,0.4507,0.4531,258753.9,1776137399999,117219.4916400,744,8826.4,4000.1244800,0
1776137400000,0.4531,0.4531,0.453,0.453,253401.6,1776137699999,114815.7809100,669,4414.2,2000.0740200,0
1776137700000,0.453,0.453,0.4524,0.4524,303344.4,1776137999999,137293.6317000,779,13260.0,6000.1500000,0
1776138000000,0.4524,0.4524,0.4522,0.4522,321511.9,1776138299999,145433.8286200,837,0,0,0
1776138300000,0.4522,0.4524,0.4522,0.4524,299071.6,1776138599999,135299.0352600,768,13263.0,6000.1812000,0
1776138600000,0.4524,0.4524,0.4522,0.4523,254473.4,1776138899999,115101.4694000,725,13266.0,6000.2118000,0
1776138900000,0.4523,0.4523,0.4521,0.4522,196932.8,1776139199999,89059.7943700,690,2211.0,1000.0353000,0
1776139200000,0.4522,0.4522,0.4496,0.4497,290022.7,1776139499999,131091.6560100,719,6634.5,3000.1209000,0
1776139500000,0.4497,0.4497,0.4495,0.4496,310015.7,1776139799999,139386.2176400,809,13345.2,6000.0019200,0
1776139800000,0.4496,0.4496,0.4494,0.4495,283845.5,1776140099999,127596.7354100,798,15571.9,7000.0138900,0
1776140100000,0.4495,0.4495,0.4493,0.4494,283320.8,1776140399999,127336.6697700,781,8899.3,4000.0128300,0
1776140400000,0.4494,0.4494,0.4488,0.4488,293442.2,1776140699999,131742.2202500,784,0,0,0
1776140700000,0.4488,0.4488,0.4488,0.4488,302526.8,1776140999999,135774.0278400,777,0,0,0
1776141000000,0.4488,0.4488,0.4488,0.4488,297738.4,1776141299999,133624.9939200,761,0,0,0
1776141300000,0.4488,0.4488,0.4488,0.4488,303515.3,1776141599999,136217.6666400,777,0,0,0
1776141600000,0.4488,0.4488,0.4488,0.4488,291339.0,1776141899999,130752.9432000,764,0,0,0
1776141900000,0.4488,0.4488,0.4488,0.4488,226806.7,1776142199999,101790.8469600,719,0,0,0
1776142200000,0.4488,0.4488,0.4488,0.4488,263132.3,1776142499999,118093.7762400,732,0,0,0
1776142500000,0.4488,0.4488,0.4453,0.4454,60875490.2,1776142799999,27127682.2163800,1050,41624279.6,18543616.5618000,0
1776142800000,0.4454,0.4459,0.4453,0.4459,30877733.6,1776143099999,13768062.0801200,862,29449192.1,13131104.3085500,0
1776143100000,0.4459,0.4459,0.4457,0.4458,114138149.3,1776143399999,50886796.9364800,1299,87851400.2,39168110.9315700,0
1776143400000,0.4458,0.4458,0.4456,0.4457,58642366.7,1776143699999,26137263.3151500,782,43446502.2,19364390.0798900,0
1776143700000,0.4457,0.4457,0.4455,0.4456,66262037.0,1776143999999,29531409.7013500,849,44990409.5,20052224.8408900,0
1776144000000,0.4456,0.4456,0.4454,0.4455,15877313.8,1776144299999,7074921.3178600,736,14755142.6,6574891.3180900,0
1776144300000,0.4455,0.4455,0.4454,0.4454,277323.1,1776144599999,123542.7941100,819,22447.0,10000.1385000,0
1776144600000,0.4454,0.4454,0.4453,0.4453,304140.1,1776144899999,135463.5184900,810,11226.0,5000.0604000,0
1776144900000,0.4453,0.4453,0.4452,0.4453,308685.5,1776145199999,137457.6270500,813,17965.6,8000.0816800,0
1776145200000,0.4453,0.4466,0.4451,0.4465,11888727.3,1776145499999,5300593.4367000,871,11598174.5,5171203.2791200,0
1776145500000,0.4465,0.4465,0.4464,0.4465,294336.9,1776145799999,131421.3998700,789,22397.0,10000.2605000,0
1776145800000,0.4465,0.4465,0.4463,0.4464,266529.8,1776146099999,118982.5499400,709,6720.6,3000.0758400,0
1776146100000,0.4464,0.4484,0.4462,0.4484,225744.0,1776146399999,100834.9278500,653,15681.4,7000.1769600,0
1776146400000,0.4484,0.4484,0.4482,0.4483,310558.6,1776146699999,139240.2951000,778,11152.5,5000.1117900,0
1776146700000,0.4483,0.4483,0.4482,0.4482,222009.8,1776146999999,99521.3793900,778,6692.1,3000.0684300,0
1776147000000,0.4482,0.4482,0.4481,0.4481,230680.7,1776147299999,103386.0318300,792,6693.6,3000.0715200,0
1776147300000,0.4481,0.4481,0.448,0.448,306571.4,1776147599999,137374.6094500,790,13390.2,6000.1486200,0
1776147600000,0.448,0.448,0.4479,0.448,292943.3,1776147899999,131238.5785000,753,2232.2,1000.0256000,0
1776147900000,0.448,0.4491,0.4478,0.449,328729.1,1776148199999,147428.3298000,817,0,0,0
1776148200000,0.449,0.449,0.4489,0.4489,288036.8,1776148499999,129328.0099400,780,4454.4,2000.0256000,0
1776148500000,0.4489,0.4489,0.4488,0.4489,219929.6,1776148799999,98726.3788700,630,4455.4,2000.0290600,0
1776148800000,0.4489,0.4494,0.4488,0.4493,287001.9,1776149099999,128914.5095300,685,2225.7,1000.0070100,0
1776149100000,0.4493,0.4493,0.4491,0.4492,292374.4,1776149399999,131350.5495800,771,4452.4,2000.0180800,0
1776149400000,0.4492,0.4492,0.4491,0.4491,283623.6,1776149699999,127395.4512100,779,13357.2,6000.0542400,0
1776149700000,0.4491,0.4491,0.449,0.449,288140.0,1776149999999,129399.0700100,791,24493.7,11000.1206700,0
1776150000000,0.449,0.449,0.4489,0.4489,300950.7,1776150299999,135126.3814000,744,11136.0,5000.0640000,0
1776150300000,0.4489,0.4495,0.4488,0.4495,296312.0,1776150599999,133025.3341800,719,13360.2,6000.0634200,0
1776150600000,0.4495,0.4495,0.4493,0.4494,278674.7,1776150899999,125249.6306800,760,4449.9,2000.0075300,0
1776150900000,0.4494,0.4505,0.4493,0.4503,264298.4,1776151199999,119019.5771300,705,11100.5,5000.1091600,0
1776151200000,0.4503,0.4516,0.4494,0.4515,237699.9,1776151499999,107254.3667600,727,11072.0,5000.1152000,0
1776151500000,0.4515,0.4515,0.4488,0.4495,309799.5,1776151799999,139602.1730900,815,8898.8,4000.0106000,0
1776151800000,0.4495,0.4495,0.4488,0.4488,279487.3,1776152099999,125583.2588200,751,4450.4,2000.0097600,0
1776152100000,0.4488,0.4488,0.4487,0.4488,328428.1,1776152399999,147398.5125800,811,6684.6,3000.0484800,0
1776152400000,0.4488,0.4488,0.4468,0.4468,293183.4,1776152699999,131538.3727200,816,13372.2,6000.1061400,0
1776152700000,0.4468,0.4468,0.4466,0.4467,289692.9,1776152999999,129415.4098400,799,6715.6,3000.0823400,0
1776153000000,0.4467,0.4467,0.4465,0.4466,303260.1,1776153299999,135449.7113900,814,2238.7,1000.0272900,0
1776153300000,0.4466,0.4466,0.4464,0.4465,277772.9,1776153599999,124041.8688400,775,8956.8,4000.1068800,0
1776153600000,0.4549,0.4561,0.4548,0.4561,211677.8,1776153899999,96459.3283800,577,8770.4,4000.1794400,0
1776153900000,0.4561,0.4561,0.4554,0.4555,301268.5,1776154199999,137364.8553600,793,6577.8,3000.1345800,0
1776154200000,0.4555,0.4562,0.4554,0.4561,292540.9,1776154499999,133386.8393300,798,15348.5,7000.2296600,0
1776154500000,0.4561,0.4561,0.456,0.456,296679.3,1776154799999,135311.3393500,769,13155.6,6000.2691600,0
1776154800000,0.456,0.456,0.4559,0.4559,292315.8,1776155099999,133295.5190700,786,10965.0,5000.0400000,0
1776155100000,0.4559,0.4559,0.4558,0.4559,287702.1,1776155399999,131163.3632100,738,6580.5,3000.0499500,0
1776155400000,0.4559,0.4606,0.4557,0.4597,247553.9,1776155699999,113034.1717300,699,4388.0,2000.0504000,0
1776155700000,0.4597,0.4597,0.4568,0.4569,251327.9,1776155999999,114905.8754100,679,6566.1,3000.0510900,0
1776156000000,0.4569,0.4569,0.4567,0.4568,260737.3,1776156299999,119108.3647800,720,10946.0,5000.1328000,0
1776156300000,0.4567,0.4575,0.4566,0.4574,305108.9,1776156599999,139428.5271900,814,4375.0,2000.0300600,0
1776156600000,0.4574,0.4574,0.4573,0.4573,274000.3,1776156899999,125326.8021100,779,10931.5,5000.0681000,0
1776156900000,0.4573,0.4573,0.4572,0.4572,274266.4,1776157199999,125415.7107300,769,0,0,0
1776157200000,0.4572,0.4572,0.4555,0.4556,283462.2,1776157499999,129160.5294800,749,4390.0,2000.0840000,0
1776157500000,0.4556,0.4556,0.4554,0.4555,283702.5,1776157799999,129232.3111600,765,6585.8,3000.0514000,0
1776157800000,0.4555,0.4555,0.4534,0.4535,302292.9,1776158099999,137424.5854700,783,22031.6,10000.1122000,0
1776158100000,0.4535,0.4535,0.4533,0.4534,280378.4,1776158399999,127131.6757000,745,6616.3,3000.0509300,0
1776158400000,0.4534,0.4534,0.4532,0.4533,195109.1,1776158699999,88452.4394500,561,0,0,0
1776158700000,0.4533,0.4533,0.4531,0.4532,288643.7,1776158999999,130828.1784600,675,8825.4,4000.1125000,0
1776159000000,0.4532,0.4532,0.4524,0.4524,307203.0,1776159299999,139206.3461700,748,8826.4,4000.1244800,0
1776159300000,0.4524,0.4524,0.4522,0.4523,303390.7,1776159599999,137233.5501500,770,8843.5,4000.1361000,0
1776159600000,0.4523,0.4523,0.4521,0.4522,290186.2,1776159899999,131236.2220300,755,8844.0,4000.1412000,0
1776159900000,0.4522,0.4522,0.452,0.452,285883.9,1776160199999,129266.2261100,755,6635.0,3000.1258000,0
1776160200000,0.4521,0.4521,0.452,0.452,299133.6,1776160499999,135231.9232800,768,11060.0,5000.2260000,0
1776160500000,0.452,0.453,0.4519,0.453,299124.1,1776160799999,135247.6166600,776,0,0,0
1776160800000,0.453,0.4546,0.4529,0.4542,253470.0,1776161099999,115054.0008100,725,8822.6,4000.1574800,0
1776161100000,0.4542,0.4542,0.4517,0.4518,267409.9,1776161399999,121101.5880400,693,6640.2,3000.0423600,0
1776161400000,0.4521,0.4522,0.452,0.4521,263796.3,1776161699999,119277.6946000,763,13269.0,6000.2418000,0
1776161700000,0.4521,0.4521,0.4519,0.452,299168.4,1776161999999,135242.7269600,757,8848.0,4000.1808000,0
1776162000000,0.452,0.452,0.4519,0.4519,303602.5,1776162299999,137222.4054300,741,17699.2,8000.0384000,0
1776162300000,0.4519,0.4519,0.4495,0.4496,296220.5,1776162599999,133303.5930000,767,20014.6,9000.3432000,0
1776162600000,0.4496,0.4496,0.4495,0.4495,300825.5,1776162899999,135243.7994500,759,13345.2,6000.0019200,0
1776162900000,0.4495,0.4495,0.4461,0.4461,332913.8,1776163199999,149513.1064900,781,6674.1,3000.0079500,0
1776163200000,0.4461,0.448,0.446,0.448,235234.1,1776163499999,105121.6430400,729,8957.3,4000.0927100,0
1776163500000,0.448,0.448,0.4478,0.4479,251350.9,1776163799999,112585.5463300,611,4465.4,2000.0526600,0
1776163800000,0.4479,0.4484,0.4478,0.4483,292653.9,1776164099999,131133.1176700,741,2230.2,1000.0216800,0
1776164100000,0.4483,0.4483,0.4482,0.4482,77299469.6,1776164399999,34651932.0509900,1191,60974916.0,27335054.8428000,0
1776164400000,0.4482,0.4482,0.4481,0.4482,179393976.1,1776164699999,80404379.6290100,1645,165668497.6,74252620.6243200,0
1776164700000,0.4482,0.4485,0.448,0.4484,133416630.8,1776164999999,59811431.2482800,1461,103390948.7,46355785.5428800,0
1776165000000,0.4483,0.4484,0.4468,0.4469,133164366.6,1776165299999,59606041.1169100,1550,68002701.3,30439707.5503100,0
1776165300000,0.4469,0.4469,0.4468,0.4468,82768717.1,1776165599999,36986978.8075900,1114,57817256.9,25838532.1086100,0
1776165600000,0.4468,0.4468,0.4467,0.4467,64129779.6,1776165899999,28653092.9124200,1024,59974305.1,26796519.5186800,0
1776165900000,0.4467,0.4476,0.4467,0.4475,43446181.4,1776166199999,19421994.8708900,971,12212135.8,5462830.2464700,0
1776166200000,0.4475,0.4475,0.4473,0.4474,288818.9,1776166499999,129239.0688000,756,6704.1,3000.0847500,0
1776166500000,0.4474,0.4474,0.4473,0.4473,258749.3,1776166799999,115760.2851500,844,4470.4,2000.0569600,0
1776166800000,0.4473,0.4473,0.4472,0.4473,279123.4,1776167099999,124851.8768900,688,8942.8,4000.1144400,0
1776167100000,0.4473,0.4473,0.4471,0.4472,288187.7,1776167399999,128877.9798700,689,26834.4,12000.3436800,0
1776167400000,0.4472,0.4472,0.447,0.4471,288477.0,1776167699999,128983.0809400,710,6708.6,3000.0859200,0
1776167700000,0.4471,0.4471,0.4469,0.447,293058.5,1776167999999,131007.6459700,717,6711.6,3000.0852000,0
1776168000000,0.447,0.447,0.4468,0.4469,297485.9,1776168299999,132960.1546500,726,4474.4,2000.0568000,0
1776168300000,0.4469,0.4469,0.4468,0.4468,293138.5,1776168599999,130993.4911000,718,15664.9,7000.1961700,0
1776168600000,0.4468,0.4468,0.4467,0.4467,292965.8,1776168899999,130890.6867800,703,22382.0,10000.2776000,0
1776168900000,0.4467,0.4467,0.4466,0.4466,288835.8,1776169199999,129022.0025300,712,20148.3,9000.2456100,0
1776169200000,0.4466,0.4505,0.4466,0.4498,305068.4,1776169499999,137040.2818000,738,24444.8,11000.3792800,0
1776169500000,0.4498,0.4498,0.4497,0.4498,300165.1,1776169799999,135014.2456500,710,15563.1,7000.2823800,0
1776169800000,0.4498,0.4498,0.4496,0.4496,295415.8,1776170099999,132849.8322200,683,11118.0,5000.2092600,0
1776170100000,0.4497,0.4497,0.4495,0.4496,277986.8,1776170399999,124988.3164500,704,8895.6,4000.1289000,0
1776170400000,0.4496,0.4496,0.4494,0.4495,291869.6,1776170699999,131204.9335100,696,6674.1,3000.0079500,0
1776170700000,0.4495,0.4495,0.4493,0.4493,282668.4,1776170999999,127045.2887600,715,13349.2,6000.0203600,0
1776171000000,0.4494,0.4494,0.4493,0.4493,224642.8,1776171299999,100948.4625300,660,13351.2,6000.0292800,0
1776171300000,0.4493,0.4493,0.4492,0.4492,151853.3,1776171599999,68227.5561000,511,4451.4,2000.0140200,0
1776171600000,0.4492,0.454,0.4491,0.454,277274.9,1776171899999,124922.8569400,708,15541.7,7005.1976900,0
1776171900000,0.454,0.454,0.4538,0.4539,319529.9,1776172199999,145056.1753800,731,15419.4,7000.1872800,0
1776172200000,0.4539,0.4539,0.4538,0.4538,301974.2,1776172499999,137059.7489300,717,11016.0,5000.1624000,0
1776172500000,0.4538,0.4538,0.4529,0.453,284417.8,1776172799999,129050.2224300,720,0,0,0
1776172800000,0.453,0.453,0.4528,0.4529,280540.9,1776173099999,127075.0440300,719,13245.6,6000.2568000,0
1776173100000,0.4529,0.4529,0.4528,0.4528,315877.6,1776173399999,143053.2740500,730,26496.0,12000.0384000,0
1776173400000,0.4528,0.4528,0.4503,0.4504,268297.3,1776173699999,121019.1770200,680,11099.5,5000.1027200,0
1776173700000,0.4504,0.4504,0.4503,0.4503,272737.8,1776173999999,122834.2822500,671,19982.7,9000.2080800,0
1776174000000,0.4503,0.4503,0.4502,0.4502,295100.4,1776174299999,132880.9575100,689,2220.8,1000.0262400,0
1776174300000,0.4502,0.4502,0.4501,0.4502,268437.8,1776174599999,120850.6755700,661,11106.5,5000.1463000,0
1776174600000,0.4502,0.4502,0.45,0.4501,286150.9,1776174899999,128797.8643900,669,4443.1,2000.0614400,0
1776174900000,0.4501,0.4501,0.4499,0.45,290832.8,1776175199999,130880.6428500,683,11111.0,5000.1721800,0
1776175200000,0.45,0.45,0.4498,0.4499,286414.9,1776175499999,128867.1378200,681,4445.6,2000.0754400,0
1776175500000,0.4499,0.4499,0.4497,0.4498,268372.8,1776175799999,120728.1398900,640,11114.0,5000.1886000,0
1776175800000,0.4498,0.4498,0.4497,0.4497,260113.5,1776176099999,116989.4460800,690,4447.1,2000.0832000,0
1776176100000,0.4497,0.4497,0.4496,0.4496,111613.1,1776176399999,50190.5244800,468,0,0,0
1776176400000,0.4496,0.4496,0.4495,0.4495,99012.3,1776176699999,44514.5334200,535,0,0,0
1776176700000,0.4495,0.4495,0.4494,0.4495,188325.1,1776176999999,84652.1301200,595,8898.8,4000.0106000,0
1776177000000,0.4495,0.4495,0.4493,0.4494,183484.7,1776177299999,82459.3833700,583,6675.6,3000.0146400,0
1776177300000,0.4494,0.4494,0.4492,0.4493,210206.6,1776177599999,94449.4933400,567,2225.7,1000.0070100,0
1776177600000,0.4493,0.4493,0.4491,0.4492,173931.7,1776177899999,78132.5341300,489,0,0,0
1776177900000,0.4492,0.4492,0.449,0.4491,196838.3,1776178199999,88406.6178600,556,4453.4,2000.0219400,0
1776178200000,0.4491,0.4491,0.4485,0.4486,267447.2,1776178499999,120085.4197300,517,4453.4,2000.0219400,0
1776178500000,0.4486,0.4486,0.4484,0.4485,292129.5,1776178799999,131035.5882100,711,11147.5,5000.0995900,0
1776178800000,0.4485,0.4485,0.4484,0.4484,287348.2,1776179099999,128866.5196200,684,8920.3,4000.0854900,0
1776179100000,0.4484,0.4484,0.4479,0.448,273911.1,1776179399999,122800.7404000,673,8920.8,4000.0867200,0
1776179400000,0.4479,0.448,0.4479,0.4479,287739.6,1776179699999,128899.5851200,699,13393.2,6000.1536000,0
1776179700000,0.4479,0.4479,0.4478,0.4478,234348.0,1776179999999,104963.0711300,673,24559.7,11000.2896300,0
1776180000000,0.4478,0.4478,0.4477,0.4478,153435.1,1776180299999,68708.2283600,606,6699.6,3000.0808800,0
1776180300000,0.4478,0.4478,0.4476,0.4477,143684.1,1776180599999,64327.4064300,538,0,0,0
1776180600000,0.4477,0.4477,0.4475,0.4476,193567.6,1776180899999,86646.3399500,620,4468.4,2000.0558400,0
1776180900000,0.4476,0.4502,0.4474,0.4502,175342.9,1776181199999,78532.7396000,586,0,0,0
1776181200000,0.4502,0.4502,0.4501,0.4501,120333.7,1776181499999,54170.5142900,465,0,0,0
1776181500000,0.4501,0.4501,0.4499,0.4499,235630.2,1776181799999,106033.1448400,496,4444.6,2000.0700000,0
1776181800000,0.4499,0.4499,0.4498,0.4499,200098.8,1776182099999,90024.4466500,505,0,0,0
1776182100000,0.4499,0.4499,0.4497,0.4498,209648.9,1776182399999,94302.3260800,567,4446.6,2000.0806800,0
1776182400000,0.4582,0.4582,0.4581,0.4581,196013.7,1776182699999,89804.5985100,442,4365.0,2000.0430000,0
1776182700000,0.4581,0.4581,0.458,0.458,162433.3,1776182999999,74405.7547000,538,4366.0,2000.0646000,0
1776183000000,0.458,0.458,0.4579,0.4579,231920.3,1776183299999,106217.2668300,532,4367.0,2000.0860000,0
1776183300000,0.4579,0.4579,0.4578,0.4579,193388.0,1776183599999,88552.3605500,581,0,0,0
1776183600000,0.4579,0.4579,0.4577,0.4578,210373.0,1776183899999,96309.2109700,543,0,0,0
1776183900000,0.4578,0.4578,0.4576,0.4577,197949.8,1776184199999,90605.2057500,592,0,0,0
1776184200000,0.4577,0.4577,0.4575,0.4576,184945.1,1776184499999,84638.0520200,599,0,0,0
1776184500000,0.4576,0.4576,0.4555,0.4556,145457.2,1776184799999,66532.8271500,543,0,0,0
1776184800000,0.4556,0.4556,0.4548,0.4549,168336.4,1776185099999,76658.3028800,604,0,0,0
1776185100000,0.4549,0.4549,0.4547,0.4547,144750.6,1776185399999,65831.1562600,476,4397.6,2000.0284800,0
1776185400000,0.4547,0.4547,0.4534,0.4534,136064.3,1776185699999,61746.1524700,413,0,0,0
1776185700000,0.4534,0.4534,0.452,0.4525,166752.2,1776185999999,75446.6143200,347,0,0,0
1776186000000,0.4525,0.4525,0.4524,0.4524,163772.9,1776186299999,74091.3227900,480,8842.0,4000.1208000,0
1776186300000,0.4524,0.4524,0.4522,0.4522,198519.7,1776186599999,89805.3329400,431,0,0,0
1776186600000,0.4522,0.4522,0.452,0.4521,239856.2,1776186899999,108447.5220500,584,2211.5,1000.0403000,0
1776186900000,0.4521,0.4521,0.4519,0.452,225187.9,1776187199999,101794.8050800,459,0,0,0
1776187200000,0.452,0.452,0.4519,0.4519,244215.1,1776187499999,110375.3056500,569,0,0,0
1776187500000,0.4519,0.4519,0.4518,0.4518,247736.1,1776187799999,111944.7068300,486,4425.8,2000.0190200,0
1776187800000,0.4518,0.4525,0.4518,0.4525,168345.8,1776188099999,76117.0190500,496,8851.6,4000.0380400,0
1776188100000,0.4525,0.4525,0.4523,0.4524,221392.8,1776188399999,100164.8713600,525,6630.0,3000.0750000,0
1776188400000,0.4524,0.4524,0.4523,0.4523,176869.6,1776188699999,80007.2416000,471,0,0,0
1776188700000,0.4523,0.4542,0.4522,0.4541,252413.4,1776188999999,114292.6445200,562,4403.4,2000.0242800,0
1776189000000,0.4541,0.4541,0.454,0.4541,193293.2,1776189299999,87774.4364100,428,4404.4,2000.0380400,0
1776189300000,0.4541,0.4541,0.4539,0.454,279219.6,1776189599999,126767.0196100,673,6608.1,3000.0774000,0
1776189600000,0.454,0.454,0.4538,0.4539,288391.7,1776189899999,130906.8177000,690,13219.2,6000.1948800,0
1776189900000,0.4538,0.4539,0.4535,0.4536,230813.1,1776190199999,104739.5049100,626,17631.2,8000.1561600,0
1776190200000,0.4536,0.4536,0.4518,0.4518,244118.5,1776190499999,110591.0297200,559,6613.8,3000.0196800,0
1776190500000,0.4518,0.4518,0.4504,0.4504,267700.2,1776190799999,120834.0834800,626,0,0,0
1776190800000,0.4504,0.4504,0.4497,0.4498,179325.5,1776191099999,80754.0152400,605,2220.3,1000.0231200,0
1776191100000,0.4498,0.4498,0.4496,0.4497,148624.5,1776191399999,66845.2830700,622,4446.6,2000.0806800,0
1776191400000,0.4497,0.4502,0.4496,0.4502,148337.7,1776191699999,66744.1275400,589,2223.8,1000.0428600,0
1776191700000,0.4502,0.4502,0.45,0.4501,134481.6,1776191999999,60532.9409500,549,0,0,0
1776192000000,0.4501,0.4519,0.45,0.4519,200908.9,1776192299999,90441.5986000,569,0,0,0
1776192300000,0.4519,0.5483,0.4518,0.4518,928094.6,1776192599999,491314.4215200,480,724549.1,397118.7679300,0
1776192600000,0.4518,0.4518,0.4515,0.4515,186958.8,1776192899999,84452.4521100,569,0,0,0
1776192900000,0.4515,0.5483,0.4514,0.4517,252459.0,1776193199999,113989.4540400,530,4448.3,2011.0074700,0
1776193200000,0.4517,0.4517,0.4508,0.4513,290417.6,1776193499999,131008.1956200,720,4435.6,2000.0120400,0
1776193500000,0.4513,0.4521,0.4512,0.4521,285612.2,1776193799999,128936.5337800,698,8863.6,4000.1426800,0
1776193800000,0.4521,0.4534,0.452,0.4534,302698.1,1776194099999,136958.9257000,709,8848.0,4000.1808000,0
1776194100000,0.4534,0.4534,0.4532,0.4533,261916.9,1776194399999,118741.3490700,648,6617.8,3000.0693000,0
1776194400000,0.4533,0.4533,0.4528,0.4528,280329.1,1776194699999,126986.8612300,709,0,0,0
1776194700000,0.4528,0.4549,0.4523,0.4549,280484.1,1776194999999,126930.1036500,712,8841.0,4000.1104000,0
1776195000000,0.4549,0.4561,0.4548,0.456,238008.4,1776195299999,108427.4195600,589,17586.4,8000.0533600,0
1776195300000,0.456,0.456,0.4559,0.4559,247543.3,1776195599999,112873.4405100,661,10965.0,5000.0400000,0
1776195600000,0.4559,0.4559,0.4555,0.4555,282800.3,1776195899999,128890.0673100,710,6580.5,3000.0499500,0
1776195900000,0.4554,0.4555,0.4554,0.4554,296675.7,1776196199999,135131.2541400,745,13172.4,6000.0282000,0
1776196200000,0.4554,0.4554,0.4547,0.4548,292330.4,1776196499999,133081.6944200,761,13184.1,6000.0813000,0
1776196500000,0.4548,0.4548,0.4547,0.4547,283969.0,1776196799999,129142.7498500,737,8795.2,4000.0569600,0
1776196800000,0.4547,0.4547,0.4546,0.4546,279237.3,1776197099999,126966.4555500,699,6597.9,3000.0651300,0
1776197100000,0.4546,0.4559,0.4537,0.4559,293159.7,1776197399999,133172.2359900,748,4406.4,2000.0649600,0
1776197400000,0.4559,0.4559,0.4558,0.4558,287579.6,1776197699999,131105.2701600,732,17548.0,8000.1332000,0
1776197700000,0.4558,0.4558,0.4548,0.4549,261786.4,1776197999999,119226.6050000,748,4396.6,2000.0133400,0
1776198000000,0.4549,0.4549,0.4547,0.4548,292140.2,1776198299999,132884.6519500,689,8794.2,4000.0418200,0
1776198300000,0.4548,0.4548,0.4547,0.4547,292882.9,1776198599999,133197.2314400,740,8795.2,4000.0569600,0
1776198600000,0.4547,0.4547,0.4532,0.4533,289047.7,1776198899999,131066.8771000,726,4412.2,2000.0502600,0
1776198900000,0.4533,0.4533,0.4533,0.4533,275868.4,1776199199999,125051.1457200,704,0,0,0
1776199200000,0.4533,0.4533,0.4531,0.4532,302025.3,1776199499999,136890.0098200,705,15445.2,7000.2058600,0
1776199500000,0.4532,0.4532,0.453,0.4531,270816.2,1776199799999,122721.6876900,641,11034.5,5000.1732700,0
1776199800000,0.4531,0.4531,0.4529,0.453,302078.9,1776200099999,136861.5507700,694,13243.1,6000.2278500,0
1776200100000,0.453,0.453,0.4529,0.4529,266946.7,1776200399999,120921.8545400,677,2207.6,1000.0428000,0
1776200400000,0.4529,0.4529,0.4528,0.4528,248808.2,1776200699999,112684.2996200,631,11040.0,5000.0160000,0
1776200700000,0.4528,0.4528,0.4527,0.4528,240074.6,1776200999999,108705.7650400,631,11042.5,5000.0440000,0
1776201000000,0.4528,0.4528,0.4526,0.4527,226917.5,1776201299999,102726.9118900,622,6627.0,3000.0429000,0
1776201300000,0.4527,0.4527,0.4525,0.4526,270873.0,1776201599999,122601.6518100,631,4418.0,2000.0286000,0
1776201600000,0.4526,0.4526,0.4524,0.4525,271649.7,1776201899999,122930.9674600,690,15467.5,7000.1485000,0
1776201900000,0.4525,0.4525,0.4523,0.4524,289399.3,1776202199999,130938.6979100,704,8840.0,4000.1000000,0
1776202200000,0.4524,0.4524,0.4523,0.4523,285109.0,1776202499999,128973.7716200,711,8843.0,4000.1310000,0
1776202500000,0.4523,0.4523,0.4522,0.4522,250016.3,1776202799999,113076.4528100,709,6633.0,3000.1059000,0
1776202800000,0.4522,0.4522,0.4521,0.4521,226973.1,1776203099999,102635.8378100,620,2211.5,1000.0403000,0
1776203100000,0.4521,0.4521,0.452,0.4521,235633.8,1776203399999,106530.0154900,587,6636.0,3000.1356000,0
1776203400000,0.4521,0.4521,0.4519,0.452,271275.2,1776203699999,122617.7290000,633,11062.0,5000.0240000,0
1776203700000,0.452,0.4561,0.4518,0.4561,279850.7,1776203999999,126884.2927200,693,4425.3,2000.0143100,0
1776204000000,0.4561,0.4561,0.4559,0.456,284734.1,1776204299999,129853.9725800,686,6579.0,3000.0240000,0
1776204300000,0.456,0.456,0.4559,0.4559,262789.5,1776204599999,119824.3437400,664,4386.0,2000.0160000,0
1776204600000,0.4559,0.4559,0.4558,0.4558,269556.7,1776204899999,122885.9172000,686,10967.5,5000.0832500,0
1776204900000,0.4558,0.4558,0.4557,0.4557,269449.4,1776205199999,122813.2154500,670,13164.0,6000.1512000,0
1776205200000,0.4557,0.4557,0.4556,0.4557,295642.1,1776205499999,134724.0900700,663,6583.5,3000.1009500,0
1776205500000,0.4557,0.4557,0.4555,0.4556,269383.9,1776205799999,122732.6388200,649,15365.0,7000.2940000,0
1776205800000,0.4556,0.4556,0.4554,0.4555,265103.6,1776206099999,120760.4825900,658,21953.2,10000.1216000,0
1776206100000,0.4555,0.461,0.4553,0.461,190394.5,1776206399999,86893.1981500,649,4390.8,2000.0094000,0
1776206400000,0.461,0.461,0.4608,0.4609,214219.3,1776206699999,98738.5803100,642,4339.4,2000.0294600,0
1776206700000,0.4609,0.4609,0.4607,0.4608,227288.6,1776206999999,104742.1615400,631,2169.7,1000.0147300,0
1776207000000,0.4608,0.4608,0.4606,0.4607,244689.9,1776207299999,112739.7571700,635,15191.9,7000.2104500,0
1776207300000,0.4607,0.4607,0.4605,0.4606,214316.6,1776207599999,98727.1518400,624,0,0,0
1776207600000,0.4606,0.4606,0.4604,0.4605,267131.6,1776207899999,123030.6107600,700,8686.4,4000.0872000,0
1776207900000,0.4605,0.461,0.4604,0.461,184611.9,1776208199999,85058.5600600,672,0,0,0
1776208200000,0.461,0.461,0.4608,0.4609,248700.4,1776208499999,114627.3521000,630,6509.1,3000.0441900,0
1776208500000,0.4609,0.4609,0.4607,0.4608,293047.3,1776208799999,135042.3750100,719,23871.2,11000.2829000,0
1776208800000,0.4608,0.4608,0.4606,0.4607,297481.0,1776209099999,137057.9417200,714,15193.4,7000.2504400,0
1776209100000,0.4607,0.4623,0.4606,0.4623,279546.9,1776209399999,129042.7874800,714,10830.7,5000.0863700,0
1776209400000,0.4623,0.4623,0.4602,0.4603,279473.3,1776209699999,129141.8093800,716,2163.1,1000.0011300,0
1776209700000,0.4603,0.4603,0.4601,0.4602,289130.3,1776209999999,133074.1892600,733,8690.0,4000.0070000,0
1776210000000,0.4602,0.4602,0.46,0.4601,306613.6,1776210299999,141092.4633400,746,10865.5,5000.0857500,0
1776210300000,0.4601,0.4601,0.46,0.46,8130045.4,1776210599999,3739843.1065300,769,8694.0,4000.1094000,0
1776210600000,0.46,0.46,0.4599,0.4599,289019.0,1776210899999,132945.1575900,703,17392.0,8000.3200000,0
1776210900000,0.4599,0.4599,0.4598,0.4599,310960.3,1776211199999,143010.6202400,730,19569.6,9000.0590400,0
1776211200000,0.4685,0.4685,0.468,0.4681,257850.9,1776211499999,120762.4818200,652,0,0,0
1776211500000,0.4681,0.4681,0.4679,0.468,254391.4,1776211799999,119058.6580700,681,8547.2,4000.0896000,0
1776211800000,0.468,0.468,0.4678,0.4679,279842.8,1776212099999,130944.5649900,700,6410.4,3000.0672000,0
1776212100000,0.4679,0.4679,0.4677,0.4678,176744.8,1776212399999,82689.9671300,605,14961.9,7000.2454700,0
1776212400000,0.4677,0.4678,0.4676,0.4677,228129.3,1776212699999,106706.5977400,627,0,0,0
1776212700000,0.4677,0.4684,0.4675,0.4684,288687.9,1776212999999,135029.2801700,731,12829.2,6000.2168400,0
1776213000000,0.4684,0.4684,0.4682,0.4683,215349.8,1776213299999,100850.5112900,657,4270.8,2000.0156400,0
1776213300000,0.4683,0.4683,0.4681,0.4682,262426.6,1776213599999,122873.3637800,678,2135.9,1000.0283800,0
1776213600000,0.4682,0.4682,0.468,0.4681,284303.3,1776213899999,133092.8353500,744,6408.1,3000.0587900,0
1776213900000,0.4681,0.4681,0.4648,0.4649,273131.1,1776214199999,127339.9076400,722,6438.5,3000.0948100,0
1776214200000,0.4649,0.4649,0.4647,0.4647,277689.7,1776214499999,129087.3381000,730,12907.0,6000.2491500,0
1776214500000,0.4648,0.4648,0.4647,0.4647,290733.6,1776214799999,135125.9082800,753,2151.5,1000.0172000,0
1776214800000,0.4647,0.4647,0.4646,0.4646,277731.4,1776215099999,129058.2349500,721,6456.0,3000.1032000,0
1776215100000,0.4646,0.4646,0.4645,0.4645,307824.5,1776215399999,143015.2287300,721,19371.6,9000.0453600,0
1776215400000,0.4645,0.4645,0.4644,0.4645,239250.0,1776215699999,111131.5978500,711,8611.6,4000.0882000,0
1776215700000,0.4645,0.4645,0.4643,0.4644,247364.8,1776215999999,114879.2767400,670,6459.7,3000.0999700,0
1776216000000,0.4644,0.4644,0.4642,0.4643,286380.9,1776216299999,132972.3685100,708,6461.0,3000.0576400,0
1776216300000,0.4643,0.4643,0.4641,0.4642,286331.4,1776216599999,132924.7123900,692,2154.3,1000.0260600,0
1776216600000,0.4642,0.4642,0.464,0.4641,52598816.4,1776216899999,24411161.3511700,1026,21960408.5,10191826.0157100,0
1776216900000,0.4641,0.4641,0.4639,0.4639,51542298.5,1776217199999,23918326.7868000,973,29659678.2,13764573.9224900,0
1776217200000,0.464,0.464,0.4636,0.4637,83242511.1,1776217499999,38614940.4177900,1155,61735701.6,28637901.5340900,0
1776217500000,0.4637,0.4637,0.4635,0.4636,98544090.6,1776217799999,45689178.5683200,1259,61337843.4,28440016.5179100,0
1776217800000,0.4636,0.4636,0.4631,0.4632,57470942.4,1776218099999,26628343.3232700,1225,14490106.3,6713264.9534500,0
1776218100000,0.4632,0.4632,0.4631,0.4631,34253285.5,1776218399999,15866104.7628900,948,30245919.9,14009910.0976800,0
1776218400000,0.4631,0.4631,0.463,0.463,602232.9,1776218699999,278884.8449300,852,30231.6,14000.2539600,0
1776218700000,0.463,0.463,0.4629,0.4629,550834.7,1776218999999,255032.5002200,829,53997.5,25000.8425000,0
1776219000000,0.4629,0.4629,0.4628,0.4629,602962.8,1776219299999,279111.4528500,883,38885.4,18000.0516600,0
1776219300000,0.4629,0.4629,0.4627,0.4628,603115.6,1776219599999,279128.3965900,873,25928.6,12000.1881400,0
1776219600000,0.4628,0.4628,0.4626,0.4627,590177.9,1776219899999,273088.3869900,869,25933.6,12000.3410400,0
1776219900000,0.4627,0.4627,0.4625,0.4626,784717.7,1776220199999,363031.3263400,941,30261.8,14000.1893300,0
1776220200000,0.4626,0.4626,0.4624,0.4625,784695.0,1776220499999,362954.0936400,927,36752.4,17000.1467000,0
1776220500000,0.4625,0.4625,0.4623,0.4623,785044.3,1776220799999,363048.9222100,946,30274.3,14000.3498600,0
1776220800000,0.4624,0.4624,0.4622,0.4623,850172.7,1776221099999,393091.0520300,985,32440.5,15000.4872000,0
1776221100000,0.4622,0.4623,0.4592,0.4592,730781.7,1776221399999,337581.1922700,905,17347.4,8000.1073200,0
1776221400000,0.4593,0.4593,0.4591,0.4592,665796.0,1776221699999,305738.7556700,835,19600.2,9000.4118400,0
1776221700000,0.4592,0.4592,0.459,0.4591,479210.2,1776221999999,220008.3293500,805,4356.4,2000.0232400,0
1776222000000,0.4591,0.464,0.459,0.464,3469518.4,1776222299999,1607108.0061400,882,2913683.1,1351066.1142700,0
1776222300000,0.464,0.464,0.4638,0.4639,291181.3,1776222599999,135088.2676900,736,15088.4,7000.1553200,0
1776222600000,0.4639,0.4639,0.4599,0.4599,283950.3,1776222899999,131346.1201400,743,2174.0,1000.0400000,0
1776222900000,0.46,0.46,0.4576,0.4577,233488.9,1776223199999,107061.3607700,675,2184.9,1000.0287300,0
1776223200000,0.4577,0.4577,0.4575,0.4576,233183.3,1776223499999,106706.4878600,627,6556.2,3000.1171200,0
1776223500000,0.4576,0.4576,0.4574,0.4575,290796.4,1776223799999,133047.3853200,726,4371.6,2000.0070000,0
1776223800000,0.4575,0.4608,0.4574,0.4608,303063.5,1776224099999,139055.7404600,727,10882.2,5000.0914800,0
1776224100000,0.4608,0.4608,0.4606,0.4607,284250.5,1776224399999,130967.9349200,712,6510.6,3000.0844800,0
1776224400000,0.4607,0.4607,0.4605,0.4606,284352.9,1776224699999,130988.9477900,709,10854.3,5000.1417900,0
1776224700000,0.4606,0.4606,0.4605,0.4605,249326.7,1776224999999,114833.1723600,682,10855.5,5000.0433000,0
1776225000000,0.4605,0.4605,0.4604,0.4604,297601.9,1776225299999,137041.1988600,728,15201.2,7000.1526000,0
1776225300000,0.4604,0.4604,0.4603,0.4603,266810.9,1776225599999,122838.8161200,684,8688.4,4000.1393600,0
1776225600000,0.4603,0.4603,0.4602,0.4603,270772.0,1776225899999,124636.3333300,640,2172.5,1000.0017500,0
1776225900000,0.4603,0.4603,0.4601,0.4602,466565.6,1776226199999,214715.2600500,750,0,0,0
1776226200000,0.4602,0.4602,0.46,0.4601,566017.8,1776226499999,260434.0329000,762,19561.0,9000.2334000,0
1776226500000,0.4601,0.4601,0.4599,0.46,684428.6,1776226799999,314860.7899900,900,8695.0,4000.1347000,0
1776226800000,0.46,0.46,0.4598,0.4599,737021.3,1776227099999,338988.9716800,917,28263.6,13000.3862400,0
1776227100000,0.4599,0.4599,0.4597,0.4598,880795.0,1776227399999,405039.4700600,1000,28270.7,13000.1725000,0
1776227400000,0.4598,0.4598,0.4597,0.4597,802641.4,1776227699999,369030.7945800,954,34798.4,16000.3043200,0
1776227700000,0.4597,0.4597,0.4596,0.4596,790011.2,1776227999999,363156.2638600,964,30455.6,14000.4393200,0
1776228000000,0.4596,0.4596,0.4595,0.4595,8542997.8,1776228299999,3925574.6077600,911,28286.7,13000.5673200,0
1776228300000,0.4595,0.4595,0.4594,0.4595,855196.4,1776228599999,392962.7218900,967,30468.2,14000.1379000,0
1776228600000,0.4595,0.4595,0.4593,0.4594,842497.8,1776228899999,387048.7250400,982,32652.0,15000.3288000,0
1776228900000,0.4594,0.4594,0.4555,0.4556,874820.1,1776229199999,399999.8055800,999,43845.4,20000.7797600,0
1776229200000,0.4556,0.4556,0.4554,0.4555,849454.8,1776229499999,386951.8411100,950,30734.0,14000.2150000,0
1776229500000,0.4555,0.4555,0.4553,0.4554,836585.2,1776229799999,381016.7194300,959,35128.9,16000.1160000,0
1776229800000,0.4554,0.4554,0.4552,0.4553,810657.8,1776230099999,369138.9684900,980,24157.9,11000.1898200,0
1776230100000,0.4552,0.4553,0.4545,0.4546,837720.3,1776230399999,381177.2423700,980,28590.6,13000.3617200,0
1776230400000,0.4546,0.4546,0.4544,0.4545,771639.0,1776230699999,350745.8154500,886,28598.9,13000.3998500,0
1776230700000,0.4545,0.4545,0.4543,0.4544,573479.3,1776230999999,260628.9044500,760,28604.9,13000.4868900,0
1776231000000,0.4544,0.4544,0.4542,0.4543,904422.7,1776231299999,410943.0514200,988,22008.8,10000.3584800,0
1776231300000,0.4543,0.4543,0.4542,0.4542,838589.4,1776231599999,380956.5002600,941,22012.0,10000.0516000,0
1776231600000,0.4542,0.4542,0.4541,0.4541,719769.5,1776231899999,326916.6321100,880,22017.0,10000.1214000,0
1776231900000,0.4541,0.4541,0.454,0.454,706286.9,1776232199999,320716.7870600,823,26426.4,12000.2282400,0
1776232200000,0.454,0.454,0.4514,0.4514,507342.7,1776232499999,229253.5488900,884,0,0,0
1776232500000,0.4514,0.4514,0.4513,0.4514,644208.2,1776232799999,290795.5746500,825,4430.8,2000.0631200,0
1776232800000,0.4514,0.4514,0.4512,0.4513,457936.4,1776233099999,206666.7008500,731,4431.8,2000.0713400,0
1776233100000,0.4513,0.4513,0.4511,0.4512,586543.3,1776233399999,264660.3874800,819,0,0,0
1776233400000,0.4512,0.4512,0.451,0.4511,643603.8,1776233699999,290345.8005700,782,0,0,0
1776233700000,0.4511,0.4511,0.4509,0.451,356331.5,1776233999999,160712.8825000,690,2216.9,1000.0435900,0
1776234000000,0.451,0.451,0.4509,0.4509,511103.4,1776234299999,230484.7654000,719,2217.3,1000.0023000,0
1776234300000,0.4509,0.4509,0.4508,0.4508,710257.0,1776234599999,320237.4273200,753,0,0,0
1776234600000,0.4508,0.452,0.4507,0.452,493602.9,1776234899999,222559.7167800,723,0,0,0
1776234900000,0.452,0.452,0.4519,0.4519,323894.5,1776235199999,146377.0804100,659,2212.4,1000.0048000,0
1776235200000,0.4519,0.4519,0.4518,0.4518,562914.7,1776235499999,254359.7353500,713,11064.5,5000.0475500,0
1776235500000,0.4518,0.4518,0.4517,0.4517,496423.3,1776235799999,224275.9935800,659,11067.0,5000.0706000,0
1776235800000,0.4517,0.4517,0.4516,0.4516,550107.2,1776236099999,248482.0829400,745,0,0,0
1776236100000,0.4516,0.4516,0.4515,0.4516,625264.8,1776236399999,282369.5779000,741,4428.8,2000.0460800,0
1776236400000,0.4516,0.4516,0.4514,0.4515,4986197.8,1776236699999,2251275.0225400,784,68277.4,30827.4675400,0
1776236700000,0.4515,0.4515,0.4513,0.4514,4597720.7,1776236999999,2075569.7761400,716,61633.2,27827.3898000,0
1776237000000,0.4514,0.4514,0.4512,0.4513,7925618.9,1776237299999,3577038.0185900,786,4430.8,2000.0631200,0
1776237300000,0.4513,0.4513,0.4511,0.4512,6500257.6,1776237599999,2933280.6263600,795,30816.6,13904.4499200,0
1776237600000,0.4512,0.4512,0.4511,0.4511,8724437.3,1776237899999,3936228.1541800,835,33033.0,14904.4896000,0
1776237900000,0.4511,0.4511,0.451,0.451,7456334.0,1776238199999,3363409.4781100,845,2216.9,1000.0435900,0
1776238200000,0.451,0.451,0.4509,0.4509,7455352.7,1776238499999,3362316.4880600,778,279566.7,126084.5817000,0
1776238500000,0.4509,0.4509,0.4508,0.4508,6663479.9,1776238799999,3004499.6128300,834,0,0,0
1776238800000,0.4508,0.4508,0.4468,0.4469,6977342.1,1776239099999,3121872.8887400,849,33054.3,14771.9666700,0
1776239100000,0.4469,0.4469,0.4467,0.4468,6339243.7,1776239399999,2832658.7895400,780,125504.6,56075.4552800,0
1776239400000,0.4468,0.4468,0.4466,0.4467,6817718.7,1776239699999,3045791.8455500,669,101402.6,45306.6816800,0
1776239700000,0.4467,0.4467,0.4466,0.4466,6823605.3,1776239999999,3047914.0459600,780,30816.6,13765.7752200,0
1776240000000,0.4466,0.455,0.4466,0.4549,666025.6,1776240299999,302998.1556900,690,11006.0,5000.2010400,0
1776240300000,0.4549,0.4549,0.4548,0.4548,585427.0,1776240599999,266288.1473800,715,2198.3,1000.0066700,0
1776240600000,0.4548,0.4548,0.4547,0.4547,690943.1,1776240899999,314228.9542500,742,0,0,0
1776240900000,0.4547,0.4547,0.4546,0.4546,659869.4,1776241199999,300039.5052300,692,6597.9,3000.0651300,0
1776241200000,0.4546,0.4551,0.4545,0.455,303985.1,1776241499999,138249.2671800,595,2197.4,1000.0367400,0
1776241500000,0.4551,0.4551,0.4549,0.455,430717.4,1776241799999,195990.2109500,578,17581.2,8000.3249600,0
1776241800000,0.455,0.455,0.4536,0.4536,336145.2,1776242099999,152785.0485500,674,11014.3,5000.0451800,0
1776242100000,0.4536,0.4536,0.4535,0.4536,595379.5,1776242399999,270064.1296800,667,15432.2,7000.0459200,0
1776242400000,0.4535,0.4535,0.4534,0.4535,455722.4,1776242699999,206670.1037400,734,0,0,0
1776242700000,0.4535,0.4535,0.4533,0.4534,543606.6,1776242999999,246480.1477100,720,11028.0,5000.0952000,0
1776243000000,0.4534,0.4534,0.4532,0.4533,548883.1,1776243299999,248823.4657300,786,2205.6,1000.0190400,0
1776243300000,0.4533,0.4533,0.4531,0.4532,456076.1,1776243599999,206717.7957300,734,4412.2,2000.0502600,0
1776243600000,0.4532,0.4532,0.4528,0.4528,668021.1,1776243899999,302693.8542100,831,11033.0,5000.1556000,0
1776243900000,0.4528,0.4528,0.4526,0.4527,639571.4,1776244199999,289567.5815200,784,2208.5,1000.0088000,0
1776244200000,0.4527,0.4527,0.4526,0.4526,543234.5,1776244499999,245902.2490800,645,4418.0,2000.0286000,0
1776244500000,0.4526,0.4526,0.4523,0.4523,442730.7,1776244799999,200290.0094900,665,4421.0,2000.0604000,0
1776244800000,0.4523,0.4523,0.452,0.452,680625.0,1776245099999,307787.9439700,656,4422.0,2000.0706000,0
1776245100000,0.452,0.452,0.4519,0.4519,843271.9,1776245399999,381141.4824100,986,42035.6,19000.0912000,0
1776245400000,0.4519,0.4519,0.4518,0.4518,909712.8,1776245699999,411093.8256700,1016,28767.7,13000.1236300,0
1776245700000,0.4518,0.4518,0.4517,0.4518,843631.5,1776245999999,381152.6817300,998,22134.0,10000.1412000,0
1776246000000,0.4518,0.4518,0.4516,0.4516,777650.6,1776246299999,351272.7814700,986,44274.5,20000.3410300,0
1776246300000,0.4517,0.4517,0.4515,0.4515,617254.6,1776246599999,278769.5963700,841,13284.4,6000.1206000,0
1776246600000,0.4515,0.4515,0.4508,0.4509,912064.2,1776246899999,411386.5776100,1031,33267.0,15000.0903000,0
1776246900000,0.4509,0.4509,0.4507,0.4508,858979.1,1776247199999,387238.4756300,1007,24400.3,11000.0988000,0
1776247200000,0.4508,0.4508,0.4506,0.4507,925717.2,1776247499999,417241.7472900,1044,35497.8,16000.1894400,0
1776247500000,0.4507,0.4507,0.4505,0.4506,898975.8,1776247799999,405117.3659400,1007,37722.6,17000.2442400,0
1776247800000,0.4506,0.4506,0.4504,0.4505,8744230.8,1776248099999,3939326.9305200,1060,2897772.8,1305448.8657000,0
1776248100000,0.4505,0.4505,0.4489,0.4489,887233.3,1776248399999,399501.4574700,1018,24417.8,11000.2189000,0
1776248400000,0.4489,0.4489,0.4488,0.4488,889200.1,1776248699999,399160.5414700,1017,64603.3,29000.4213700,0
1776248700000,0.4488,0.4491,0.4488,0.4491,888853.8,1776248999999,399119.5271400,1004,17813.6,8000.0877600,0
1776249000000,0.4491,0.4491,0.4489,0.449,875343.0,1776249299999,393062.6369300,982,13361.2,6000.0694800,0
1776249300000,0.449,0.4492,0.4488,0.4492,661534.9,1776249599999,297041.2231400,883,20043.3,9000.1094100,0
1776249600000,0.4492,0.4503,0.4491,0.4502,655608.4,1776249899999,294995.8562400,953,31100.1,14000.3713000,0
1776249900000,0.4502,0.4502,0.45,0.4501,819661.5,1776250199999,368980.6579300,952,8886.2,4000.1228800,0
1776250200000,0.4501,0.4503,0.45,0.4502,846461.9,1776250499999,381044.8587500,961,28877.4,13000.3827000,0
1776250500000,0.4502,0.4502,0.4501,0.4502,779170.1,1776250799999,350782.3543800,890,24434.3,11000.3218600,0
1776250800000,0.4502,0.4509,0.4496,0.4509,834179.2,1776251099999,375346.8582100,1017,33351.0,15000.6060600,0
1776251100000,0.4509,0.4509,0.4508,0.4508,805702.2,1776251399999,363273.6189800,990,37702.6,17000.1023400,0
1776251400000,0.4508,0.4508,0.4503,0.4504,846108.2,1776251699999,381279.9898400,1003,22192.0,10000.1573600,0
1776251700000,0.4504,0.4504,0.4487,0.4487,874943.5,1776251999999,393638.9832400,1057,13329.7,6000.1317600,0
1776252000000,0.4487,0.4487,0.4486,0.4487,843361.3,1776252299999,378416.1955000,1048,26744.4,12000.2122800,0
1776252300000,0.4487,0.4487,0.4485,0.4486,910466.7,1776252599999,408444.1024000,1082,15604.4,7000.1338400,0
1776252600000,0.4486,0.4486,0.4484,0.4485,850333.5,1776252899999,381396.1452000,1041,13378.2,6000.1227000,0
1776252900000,0.4485,0.4485,0.4483,0.4484,836852.5,1776253199999,375277.0399800,1011,17839.6,8000.1685200,0
1776253200000,0.4484,0.4487,0.4483,0.4486,930515.2,1776253499999,417362.5558800,1075,20064.3,9000.1751700,0
1776253500000,0.4486,0.4491,0.4485,0.4491,902504.6,1776253799999,405180.0461000,1014,40093.1,18000.2382100,0
1776253800000,0.4491,0.4491,0.4489,0.4489,804265.5,1776254099999,361137.6501900,968,15589.4,7000.0859400,0
1776254100000,0.449,0.449,0.4488,0.4489,848986.1,1776254399999,381147.5637900,987,42319.3,19000.2518500,0
1776254400000,0.4489,0.4489,0.4487,0.4488,781714.1,1776254699999,350876.3789000,905,13368.2,6000.0937000,0
1776254700000,0.4488,0.4488,0.4437,0.4437,896803.4,1776254999999,400247.1088500,1059,38230.8,17000.2520400,0
1776255000000,0.4437,0.4437,0.4436,0.4437,913575.8,1776255299999,405353.5552700,1045,40568.4,18000.1990800,0
1776255300000,0.4437,0.4437,0.4435,0.4436,859087.9,1776255599999,381102.2747100,978,15778.6,7000.0631000,0
1776255600000,0.4436,0.4436,0.4434,0.4435,723978.2,1776255899999,321092.6040700,915,33821.5,15000.0606800,0
1776255900000,0.4435,0.4435,0.4433,0.4433,49225590.3,1776256199999,21826667.5825700,1257,30666735.4,13597631.8292400,0
1776256200000,0.4434,0.4434,0.4432,0.4433,134927101.8,1776256499999,59823316.3808500,1605,106969450.7,47429042.0710600,0
1776256500000,0.4433,0.4433,0.4431,0.4431,96620662.9,1776256799999,42829639.7009900,1408,75540948.1,33486610.2965800,0
1776256800000,0.4432,0.4432,0.4431,0.4431,112375588.8,1776257099999,49804812.6762700,1403,103670159.8,45946614.8233600,0
1776257100000,0.4431,0.4431,0.443,0.4431,175302956.6,1776257399999,77676739.7812600,1807,139046230.4,61611384.6902400,0
1776257400000,0.443,0.4431,0.4429,0.4429,129351352.4,1776257699999,57304609.5298600,1534,98166436.5,43489477.4341700,0
1776257700000,0.443,0.443,0.4428,0.4429,114244426.1,1776257999999,50601867.9902200,1495,81038483.9,35894517.7742400,0
1776258000000,0.4429,0.4429,0.4427,0.4428,90018510.0,1776258299999,39863954.7604200,1297,58237974.1,25791006.3698700,0
1776258300000,0.4427,0.4428,0.4426,0.4427,76859917.8,1776258599999,34029923.0407400,1228,51661866.0,22874000.5815500,0
1776258600000,0.4426,0.4427,0.4426,0.4426,36506398.4,1776258899999,16161223.7521000,1005,27514708.1,12180761.2758700,0
1776258900000,0.4426,0.4426,0.4422,0.4422,28230836.1,1776259199999,12492647.2257600,987,8846096.3,3915234.0538700,0
1776259200000,0.4422,0.4422,0.4421,0.4421,8576802.8,1776259499999,3792582.8274000,797,535189.7,236660.8853400,0
1776259500000,0.4421,0.4421,0.442,0.4421,9839409.9,1776259799999,4350003.0931100,926,570532.8,252232.5508800,0
1776259800000,0.4421,0.4421,0.4419,0.4419,8729652.3,1776260099999,3858363.4350100,914,284136.4,125588.5150000,0
1776260100000,0.4419,0.4419,0.4403,0.4404,9365375.1,1776260399999,4125841.1311000,991,319518.0,140741.0615400,0
1776260400000,0.4404,0.4404,0.4402,0.4403,10635121.7,1776260699999,4683342.4865800,1096,253345.9,111569.9984600,0
1776260700000,0.4403,0.4415,0.4402,0.4415,10000238.9,1776260999999,4409771.7870600,1059,475857.9,209713.2873300,0
1776261000000,0.4415,0.4415,0.4413,0.4414,10317232.5,1776261299999,4554613.7055900,1089,314961.8,139049.2448200,0
1776261300000,0.4414,0.4414,0.4413,0.4413,10634536.9,1776261599999,4693830.6064700,1124,466780.2,206036.7802800,0
1776261600000,0.4413,0.4413,0.4412,0.4412,9841429.1,1776261899999,4342959.1402500,1050,561497.1,247788.6702300,0
1776261900000,0.4412,0.4412,0.4411,0.4412,10634626.1,1776262199999,4691997.0115000,1090,445032.0,196348.1184000,0
1776262200000,0.4412,0.4412,0.441,0.4411,10475958.0,1776262499999,4621072.0071200,1087,227051.7,100164.8315100,0
1776262500000,0.4411,0.4411,0.4409,0.441,54739258.4,1776262799999,24140250.9628700,1104,37967522.6,16743686.7115800,0
1776262800000,0.441,0.441,0.4408,0.4409,148063028.9,1776263099999,65284497.6517400,1636,98082981.0,43247675.8994400,0
1776263100000,0.4409,0.4409,0.4407,0.4408,110704901.3,1776263399999,48807125.1601900,1417,83461123.6,36797323.7740600,0
1776263400000,0.4408,0.4408,0.4406,0.4407,119384810.4,1776263699999,52622711.6713300,2026,72942501.4,32153052.3828400,0
1776263700000,0.4407,0.4433,0.4406,0.4433,135542430.3,1776263999999,59777383.9417800,1726,101427258.3,44737156.5942600,0
1776264000000,0.4433,0.4433,0.4431,0.4432,116647944.4,1776264299999,51704001.2574800,1760,78587281.3,34835017.4543800,0
1776264300000,0.4432,0.4457,0.4431,0.4456,39757371.3,1776264599999,17660798.9935900,1009,31581416.1,14025858.0539800,0
1776264600000,0.4456,0.4457,0.4455,0.4456,34564361.8,1776264899999,15403185.8567700,930,26918424.7,11995844.9403500,0
1776264900000,0.4456,0.4456,0.4455,0.4456,24942722.1,1776265199999,11114023.6420500,771,9002275.3,4011413.8736800,0
1776265200000,0.4457,0.4457,0.4455,0.4455,53041521.8,1776265499999,23636562.8167200,1207,30490233.1,13587402.3388000,0
1776265500000,0.4456,0.4456,0.4454,0.4455,75321968.2,1776265799999,33558404.7030900,1369,42607676.3,18983628.1565500,0
1776265800000,0.4455,0.4455,0.4441,0.4441,67677818.0,1776266099999,30087587.8635100,1358,30664686.7,13623688.1752200,0
1776266100000,0.4441,0.4448,0.444,0.4447,113493833.8,1776266399999,50405987.4871500,1853,74398164.2,33043219.0468200,0
1776266400000,0.4447,0.4447,0.4427,0.4427,136786006.0,1776266699999,60765219.3576900,2289,50484090.1,22425082.4111800,0
1776266700000,0.4428,0.4428,0.4426,0.4427,140372073.3,1776266999999,62153136.6173900,2206,85487638.6,37853815.5729200,0
1776267000000,0.4427,0.4427,0.4411,0.4412,115750485.9,1776267299999,51163730.3687600,1886,70648740.5,31212308.3374000,0
1776267300000,0.4412,0.4412,0.441,0.441,104622802.9,1776267599999,46152184.7842600,1790,69712042.4,30752320.1011300,0
1776267600000,0.4411,0.442,0.441,0.4419,127577811.5,1776267899999,56346166.7158400,1951,94983395.4,41948800.1101300,0
1776267900000,0.4419,0.442,0.4418,0.4419,99852222.0,1776268199999,44129135.4625300,1796,59164229.6,26148262.5441900,0
1776268200000,0.442,0.4423,0.4419,0.4421,110360328.4,1776268499999,48802142.1570200,1782,75696056.6,33473525.2350000,0
1776268500000,0.4421,0.4422,0.442,0.442,90959910.1,1776268799999,40217894.3631700,1622,53165695.5,23508187.1699800,0
1776268800000,0.4421,0.4504,0.4421,0.4493,94731500.8,1776269099999,42603507.8331500,1638,56108805.6,25231980.0519200,0
1776269100000,0.4493,0.4493,0.4489,0.4489,103130206.8,1776269399999,46309803.0517700,1772,75923181.4,34089508.4486000,0
1776269400000,0.4489,0.4489,0.4488,0.4488,145483283.3,1776269699999,65307445.4682100,1534,130604644.6,58628424.9609400,0
1776269700000,0.4488,0.4489,0.4476,0.4476,225377514.2,1776269999999,100976607.2111200,1737,100218233.6,44876303.1894100,0
1776270000000,0.4476,0.4477,0.4475,0.4475,251449243.6,1776270299999,112560836.1248900,1559,214664882.1,96096059.1351600,0
1776270300000,0.4475,0.4476,0.4474,0.4475,299226161.9,1776270599999,133926007.4204900,1853,248531479.5,111240137.0874200,0
1776270600000,0.4475,0.4477,0.4474,0.4476,264433349.3,1776270899999,118374141.4185700,1595,262428608.3,117477019.5776200,0
1776270900000,0.4476,0.4477,0.4475,0.4475,296464837.1,1776271199999,132699260.6947900,1792,249923747.4,111867469.3362400,0
1776271200000,0.4475,0.4476,0.4466,0.4466,326215230.5,1776271499999,145808608.3501600,2125,207615321.2,92776125.5121600,0
1776271500000,0.4466,0.4485,0.4466,0.4484,281975970.6,1776271799999,126061615.2700000,1713,278406559.0,124467157.6577400,0
1776271800000,0.4485,0.4485,0.4483,0.4483,299436653.3,1776272099999,134272054.6623000,1847,256597534.8,115062994.3578000,0
1776272100000,0.4484,0.4484,0.4482,0.4482,303330473.8,1776272399999,135992251.1104900,1901,252480977.5,113196422.2132500,0
1776272400000,0.4483,0.4483,0.4481,0.4481,311273520.0,1776272699999,139526085.2912000,1887,245875291.7,110214284.1209300,0
1776272700000,0.4481,0.4482,0.448,0.4481,288816182.0,1776272999999,129435957.0241700,1814,232413673.1,104161547.8921800,0
1776273000000,0.4481,0.4481,0.4479,0.4479,302501262.7,1776273299999,135544121.8789700,1830,255529448.3,114500413.1633600,0
1776273300000,0.448,0.448,0.4479,0.4479,225489638.4,1776273599999,101019357.5642700,1344,219652704.4,98404411.5712000,0
1776273600000,0.4479,0.448,0.4478,0.4479,260680108.7,1776273899999,116757460.5724100,1530,194220206.9,86991309.6324800,0
1776273900000,0.4479,0.4479,0.4466,0.4467,262403979.4,1776274199999,117457832.2922400,1858,97848601.3,43812598.9130500,0
1776274200000,0.4467,0.4468,0.4466,0.4466,281743612.6,1776274499999,125857666.1083500,1724,250623174.0,111956166.5397600,0
1776274500000,0.4466,0.4467,0.4466,0.4466,302380251.5,1776274799999,135070900.2779900,1835,276488079.8,123507225.2466600,0
1776274800000,0.4466,0.4466,0.446,0.4461,203115783.3,1776275099999,90633257.9756000,1541,145661948.3,64992807.7519300,0
1776275100000,0.4461,0.4461,0.446,0.446,294789600.9,1776275399999,131503282.9780000,1814,269209485.4,120094351.4369400,0
1776275400000,0.446,0.446,0.4459,0.4459,262154840.0,1776275699999,116921058.1660100,1613,246540972.1,109957273.5566000,0
1776275700000,0.446,0.446,0.4458,0.4459,229223994.7,1776275999999,102214378.9700400,1566,184784090.7,82398626.0431300,0
1776276000000,0.4458,0.4459,0.4457,0.4457,303154455.7,1776276299999,135154656.0385400,1811,256571974.2,114388186.0983600,0
1776276300000,0.4458,0.4458,0.4456,0.4456,256938723.3,1776276599999,114531288.8423500,1634,216172225.3,96361660.8162100,0
1776276600000,0.4457,0.4497,0.4456,0.4496,339728512.7,1776276899999,152470856.2607400,1933,339721554.0,152467728.4264200,0
1776276900000,0.4496,0.4497,0.4495,0.4495,300153978.6,1776277199999,134952828.4284200,1794,256776839.2,115450466.9043200,0
1776277200000,0.4496,0.4496,0.4494,0.4494,251670531.9,1776277499999,113134303.8618300,1659,209374309.8,94122152.2551000,0
1776277500000,0.4495,0.4495,0.4493,0.4493,322308109.2,1776277799999,144858364.0608400,1894,274422686.8,123338655.4479200,0
1776277800000,0.4494,0.4494,0.4492,0.4492,277498520.4,1776278099999,124696605.0816600,1743,243043829.0,109216112.3575000,0
1776278100000,0.4493,0.4521,0.4492,0.452,259380482.5,1776278399999,116846169.1518100,1553,258687737.5,116534912.5895700,0
1776278400000,0.4521,0.4521,0.4519,0.4519,234599577.9,1776278699999,106048264.5431100,1670,153858244.3,69557126.4236000,0
1776278700000,0.4519,0.4519,0.4508,0.4508,257999561.2,1776278999999,116341205.8125000,1582,217007562.8,97848710.0665200,0
1776279000000,0.4509,0.4509,0.4507,0.4507,166579648.4,1776279299999,75096805.2093100,1308,143300689.2,64602650.6913600,0
1776279300000,0.4507,0.4508,0.4506,0.4507,227967437.9,1776279599999,102751423.9322800,1554,177000000.0,79780400.0000000,0
1776279600000,0.4506,0.4507,0.4505,0.4505,242154149.2,1776279899999,109123459.4380400,1592,194048036.7,87446845.3370200,0
1776279900000,0.4505,0.4506,0.4504,0.4504,216155468.5,1776280199999,97389238.3811800,1538,172000000.0,77497200.0000000,0
1776280200000,0.4504,0.4505,0.4503,0.4503,222296118.9,1776280499999,100136671.8686100,1511,182000000.0,81987300.0000000,0
1776280500000,0.4503,0.4504,0.4503,0.4503,169864094.6,1776280799999,76506001.7983800,1279,162000000.0,72964800.0000000,0
1776280800000,0.4503,0.4503,0.4502,0.4502,194446654.9,1776281099999,87559328.2024300,1428,174465233.6,78561694.6900800,0
1776281100000,0.4502,0.4503,0.4501,0.4502,211296585.9,1776281399999,95125922.5068700,1541,172001488.6,77435270.1677200,0
1776281400000,0.4501,0.4502,0.45,0.45,213440104.1,1776281699999,96072690.2736200,1578,181000000.0,81471400.0000000,0
1776281700000,0.4501,0.4501,0.4499,0.4499,170579727.9,1776281999999,76766877.3542800,1340,146000000.0,65706000.0000000,0
1776282000000,0.45,0.45,0.4498,0.4499,204357060.9,1776282299999,91949941.4392300,1518,170932304.7,76912143.8845300,0
1776282300000,0.4498,0.4499,0.4497,0.4497,219450224.8,1776282599999,98721110.9636700,1505,177710304.5,79946494.9641000,0
1776282600000,0.4497,0.4498,0.4496,0.4496,226093146.0,1776282899999,101689387.6555700,1588,181808891.8,81774758.6424600,0
1776282900000,0.4496,0.4497,0.4496,0.4496,224439924.7,1776283199999,100927490.1451200,1466,193000000.0,86792100.0000000,0
1776283200000,0.4496,0.4496,0.4489,0.4489,216333645.3,1776283499999,97158290.8370000,1496,147537128.9,66256652.9436500,0
1776283500000,0.4489,0.449,0.4489,0.4489,136574733.4,1776283799999,61318896.3309200,968,98676239.9,44305631.7151000,0
1776283800000,0.4489,0.4489,0.4488,0.4488,216589298.2,1776284099999,97226935.3520300,1384,206619434.9,92751464.3266100,0
1776284100000,0.4488,0.4489,0.4487,0.4487,301240134.5,1776284399999,135196971.9826300,1810,265964138.9,119365105.5383200,0
1776284400000,0.4487,0.4488,0.4486,0.4486,331169525.2,1776284699999,148600965.5294800,2005,276163402.1,123919718.5222700,0
1776284700000,0.4486,0.4487,0.4485,0.4485,295205226.7,1776284999999,132438464.4220400,1782,243148819.7,109085960.5174200,0
1776285000000,0.4485,0.4486,0.4484,0.4484,297736763.4,1776285299999,133547767.3388500,1825,242115902.9,108601611.5622800,0
1776285300000,0.4485,0.4485,0.4483,0.4483,312021720.8,1776285599999,139929139.4560800,1870,260949621.9,117028410.4599600,0
1776285600000,0.4484,0.4484,0.4482,0.4482,317541329.2,1776285899999,142376977.8397500,1863,263313705.2,118066718.2990200,0
1776285900000,0.4482,0.4483,0.4482,0.4482,303580294.3,1776286199999,136092687.9052600,1793,280000000.0,125524000.0000000,0
1776286200000,0.4482,0.4482,0.4481,0.4481,296579364.1,1776286499999,132926870.5684200,1744,276520630.5,123936546.5901000,0
1776286500000,0.4482,0.4482,0.448,0.448,312521920.8,1776286799999,140043072.2056700,1936,262000000.0,117404200.0000000,0
1776286800000,0.448,0.4481,0.4479,0.4479,308632547.0,1776287099999,138274080.7513500,1817,268000000.0,120070700.0000000,0
1776287100000,0.4479,0.448,0.4478,0.4478,238281427.3,1776287399999,106737751.0961400,1615,221939851.7,99418359.5764300,0
1776287400000,0.4478,0.4481,0.4478,0.4479,313627827.8,1776287699999,140489866.4742700,1969,220918412.1,98961649.4562800,0
1776287700000,0.4479,0.4479,0.4468,0.4469,199469805.4,1776287999999,89171087.0234200,1474,132653008.8,59283006.6741000,0
1776288000000,0.4469,0.4469,0.4463,0.4464,221171930.6,1776288299999,98790786.1839900,1457,137383792.5,61358624.9720000,0
1776288300000,0.4464,0.4464,0.4462,0.4463,142010869.3,1776288599999,63380236.6827900,1020,92858257.1,41443325.9694400,0
1776288600000,0.4463,0.4463,0.4461,0.4461,187244450.0,1776288899999,83554273.3305400,1308,144000000.0,64258600.0000000,0
1776288900000,0.4461,0.4462,0.446,0.446,124720758.9,1776289199999,55646130.5237400,960,108000312.5,48187139.4375000,0
1776289200000,0.4461,0.4461,0.4459,0.4459,180295303.1,1776289499999,80422005.1004200,1285,141226108.5,62997144.3910000,0
1776289500000,0.446,0.446,0.4459,0.4459,159982454.9,1776289799999,71348229.9582800,1199,119793162.4,53427709.0053800,0
1776289800000,0.4459,0.4459,0.4458,0.4458,107649132.4,1776290099999,47999173.1766400,812,87898220.5,39193816.5209500,0
1776290100000,0.4458,0.4458,0.4457,0.4458,148844758.5,1776290399999,66354993.0463400,1072,131426636.4,58589994.5071200,0
1776290400000,0.4457,0.4458,0.4456,0.4456,313295860.7,1776290699999,139639764.7627700,1818,272656539.4,121526819.6105800,0
1776290700000,0.4457,0.4457,0.4455,0.4455,322493392.2,1776290999999,143711355.2448400,1927,265859966.8,118475501.2105500,0
1776291000000,0.4456,0.4456,0.4454,0.4454,310790612.2,1776291299999,138470117.4738700,1884,273277177.2,121757882.4426000,0
1776291300000,0.4455,0.4455,0.4453,0.4453,298135620.4,1776291599999,132807005.1939900,1822,249000000.0,110922000.0000000,0
1776291600000,0.4454,0.4454,0.4452,0.4452,294438663.3,1776291899999,131135636.7297000,1830,262000314.0,116690839.8556000,0
1776291900000,0.4453,0.4453,0.4451,0.4451,315870803.0,1776292199999,140652781.4932300,1913,273000000.0,121566700.0000000,0
1776292200000,0.4452,0.4452,0.4451,0.4451,279764816.4,1776292499999,124551295.7703100,1622,275649965.7,122719364.7296400,0
1776292500000,0.4452,0.4452,0.445,0.4451,228254437.5,1776292799999,101597249.8272800,1550,182756936.1,81346312.2581100,0
1776292800000,0.4451,0.4464,0.445,0.4463,293080981.6,1776293099999,130779947.8519000,1914,277356696.5,123762199.5128800,0
1776293100000,0.4463,0.4463,0.4462,0.4462,148195333.3,1776293399999,66139576.9748400,1093,122753646.7,54784952.5222100,0
1776293400000,0.4463,0.4463,0.4461,0.4461,286155526.5,1776293699999,127684481.2822500,1874,254442858.9,113534189.4632800,0
1776293700000,0.4462,0.4462,0.446,0.446,304033212.1,1776293999999,135637343.1423400,1899,267814234.7,119479857.6437400,0
1776294000000,0.4461,0.4461,0.4437,0.4437,264588636.0,1776294299999,117562364.2435900,1846,150886505.3,66976540.6789700,0
1776294300000,0.4438,0.4438,0.4436,0.4436,271033030.9,1776294599999,120268447.6448500,1714,240650872.6,106787571.1894500,0
1776294600000,0.4437,0.4437,0.4435,0.4435,260188696.4,1776294899999,115433769.3122800,1664,202482359.7,89835122.9988900,0
1776294900000,0.4436,0.4436,0.4434,0.4434,242529450.8,1776295199999,107580305.1575900,1720,207328984.4,91968244.2736000,0
1776295200000,0.4435,0.4435,0.4434,0.4434,303733134.9,1776295499999,134704072.0193900,1809,288000047.3,127728020.9775500,0
1776295500000,0.4434,0.4434,0.4433,0.4433,228091913.3,1776295799999,101135953.9614000,1565,187498931.7,83137026.3157800,0
1776295800000,0.4434,0.4434,0.4432,0.4433,225607629.7,1776296099999,100015061.9121500,1574,196996587.4,87331787.1944200,0
1776296100000,0.4433,0.4433,0.4431,0.4432,270960542.0,1776296399999,120095169.3766500,1751,239292133.3,106059454.0572500,0
1776296400000,0.4431,0.4432,0.443,0.443,282379475.5,1776296699999,125134417.0339400,1789,232121749.4,102865118.8056500,0
1776296700000,0.443,0.4431,0.4429,0.443,316925341.6,1776296999999,140415326.1723400,1894,260000000.0,115197400.0000000,0
1776297000000,0.4429,0.443,0.4428,0.4428,290154974.4,1776297299999,128529638.0818600,1729,247000094.9,109416342.0407000,0
1776297300000,0.4429,0.4429,0.4428,0.4428,262591689.3,1776297599999,116298700.0220400,1618,231000000.0,102309900.0000000,0
1776297600000,0.4429,0.4511,0.4429,0.451,266785128.0,1776297899999,119906162.1745700,1597,266781185.5,119904384.1070700,0
1776297900000,0.4511,0.4511,0.4509,0.4509,278934736.7,1776298199999,125802365.9256200,1745,233666757.4,105386507.5874000,0
1776298200000,0.451,0.451,0.4508,0.4508,317155019.6,1776298499999,143012597.9615900,1952,270795165.9,122108940.3043100,0
1776298500000,0.4508,0.4509,0.4507,0.4508,251432774.6,1776298799999,113358394.6775000,1555,215584711.4,97198087.9013700,0
1776298800000,0.4508,0.4508,0.4506,0.4507,223584724.9,1776299099999,100785136.8139500,1456,201032023.7,90620259.2425800,0
1776299100000,0.4506,0.4507,0.4505,0.4505,237880025.2,1776299399999,107202832.2021100,1484,191867105.2,86469204.3136400,0
1776299400000,0.4506,0.4506,0.4505,0.4505,277017237.4,1776299699999,124823165.4487000,1618,269000000.0,121211400.0000000,0
1776299700000,0.4505,0.4505,0.4499,0.4499,302845363.8,1776299999999,136400567.9750700,2037,193483379.5,87148744.9419500,0
1776300000000,0.45,0.45,0.4498,0.4499,253109592.9,1776300299999,113894273.0655600,1642,217180331.5,97729298.3036000,0
1776300300000,0.4498,0.4499,0.4498,0.4498,302005539.4,1776300599999,135872291.6076700,1763,299164460.1,134594090.5989900,0
1776300600000,0.4499,0.4499,0.4497,0.4498,294657671.8,1776300899999,132537820.3439500,1801,255125386.8,114756198.9826400,0
1776300900000,0.4498,0.4498,0.4496,0.4496,279316583.9,1776301199999,125611567.4300900,1795,222820960.8,100205386.0717600,0
1776301200000,0.4496,0.4497,0.4495,0.4495,220447293.4,1776301499999,99122077.0468900,1498,184434155.4,82930570.4214900,0
1776301500000,0.4496,0.4496,0.4494,0.4495,223725720.2,1776301799999,100574858.0262900,1571,183994390.0,82715469.4418000,0
1776301800000,0.4494,0.4495,0.4493,0.4494,276515550.0,1776302099999,124282886.1179600,1835,236280528.6,106201023.7773400,0
1776302100000,0.4494,0.4494,0.4492,0.4492,270850562.3,1776302399999,121714627.1719300,1811,219699987.6,98732269.2854900,0
1776302400000,0.4493,0.4493,0.4492,0.4492,307727015.4,1776302699999,138260175.3176800,1747,291001120.4,130746803.3957200,0
1776302700000,0.4492,0.4492,0.4491,0.4491,279958597.4,1776302999999,125757401.4542200,1807,240549494.8,108054833.0641600,0
1776303000000,0.4492,0.4492,0.449,0.449,310465131.9,1776303299999,139433690.3511300,1837,256119207.8,115026936.2229800,0
1776303300000,0.4491,0.4491,0.4489,0.449,279672359.3,1776303599999,125581389.0751100,1783,236806820.3,106334759.3449900,0
1776303600000,0.449,0.449,0.4488,0.4489,271296341.4,1776303899999,121798027.4262300,1714,231000000.0,103709000.0000000,0
1776303900000,0.4489,0.4489,0.4487,0.4488,189375347.9,1776304199999,85005056.1164600,1281,146778103.5,65887412.8508000,0
1776304200000,0.4487,0.4504,0.4487,0.4503,279951668.6,1776304499999,125684471.2532400,1890,248513470.4,111578150.5287400,0
1776304500000,0.4503,0.4504,0.4503,0.4503,202701737.4,1776304799999,91294504.5866100,1330,179122353.9,80676708.1965600,0
1776304800000,0.4503,0.4503,0.4502,0.4502,232299510.0,1776305099999,104604468.8748400,1592,197128255.9,88766853.6317700,0
1776305100000,0.4502,0.4503,0.4501,0.4501,262853141.6,1776305399999,118339084.0234900,1612,211000000.0,94994800.0000000,0
1776305400000,0.4502,0.4502,0.45,0.4501,279492886.8,1776305699999,125807148.0868000,1718,231758785.2,104322029.2185200,0
1776305700000,0.4501,0.4501,0.4499,0.4499,246742451.9,1776305999999,111041247.5030500,1541,204146236.4,91872735.4905000,0
1776306000000,0.45,0.45,0.4498,0.4499,258774866.2,1776306299999,116435903.1804400,1685,219127378.5,98598298.5382500,0
1776306300000,0.4499,0.4499,0.4498,0.4498,217723621.0,1776306599999,97952284.7391600,1398,202000133.6,90879860.1066400,0
1776306600000,0.4498,0.4498,0.4496,0.4497,249971427.0,1776306899999,112432123.2971300,1697,191897992.5,86315510.8631800,0
1776306900000,0.4497,0.4497,0.4496,0.4496,303925377.2,1776307199999,136675241.5957900,1705,303151178.5,136327084.9714500,0
1776307200000,0.4496,0.4497,0.4495,0.4496,316015367.7,1776307499999,142081208.6222000,1953,262121729.7,117850629.6731200,0
1776307500000,0.4495,0.4535,0.4494,0.4535,320095508.3,1776307799999,144270707.1081500,2011,268148546.8,120920540.3303500,0
1776307800000,0.4534,0.4535,0.4534,0.4534,255592023.9,1776308099999,115907823.6362600,1631,224000000.0,101584000.0000000,0
1776308100000,0.4534,0.4534,0.4528,0.4528,303498818.9,1776308399999,137474152.8904000,1887,255633003.8,115794585.2339000,0
1776308400000,0.4529,0.4544,0.4528,0.4542,271598604.1,1776308699999,123255013.5678400,1666,218262326.7,99029945.5723400,0
1776308700000,0.4543,0.4543,0.4541,0.4542,250869595.4,1776308999999,113962641.7998800,1585,201573977.9,91572458.1599700,0
1776309000000,0.4541,0.4542,0.4541,0.4541,314154259.4,1776309299999,142684149.1935400,1847,267000000.0,121271400.0000000,0
1776309300000,0.4541,0.4541,0.454,0.454,281969455.3,1776309599999,128042329.2015300,1595,272280589.2,123642615.5557200,0
1776309600000,0.4541,0.4541,0.4539,0.4539,305597926.7,1776309899999,138742558.2806100,1855,264000065.9,119857129.9186000,0
1776309900000,0.4539,0.454,0.4538,0.4539,283624767.7,1776310199999,128742781.8344400,1661,239033796.8,108502940.3675200,0
1776310200000,0.4538,0.4539,0.4537,0.4538,284909134.5,1776310499999,129301164.9830700,1759,227618895.4,103302854.7325200,0
1776310500000,0.4537,0.4538,0.4536,0.4537,281417240.0,1776310799999,127689542.1386800,1726,228378462.1,103625848.7576100,0
1776310800000,0.4536,0.4537,0.4535,0.4535,314155418.6,1776311099999,142518697.6949900,1974,273143016.5,123915472.2844000,0
1776311100000,0.4536,0.4536,0.4534,0.4535,288177030.4,1776311399999,130709184.3271900,1746,241005007.4,109316671.9567800,0
1776311400000,0.4534,0.4535,0.4534,0.4534,275501839.4,1776311699999,124936940.3059800,1814,238926944.9,108353369.5121500,0
1776311700000,0.4534,0.4534,0.4533,0.4533,293863352.2,1776311999999,133237643.3778300,1716,287654365.0,130422489.0910000,0
1776312000000,0.4534,0.4534,0.4532,0.4533,152892786.8,1776312299999,69306400.0870700,1259,99011984.0,44882232.3472000,0
1776312300000,0.4532,0.4533,0.4531,0.4531,215914146.3,1776312599999,97856446.3525200,1455,177130772.0,80279721.3373300,0
1776312600000,0.4532,0.4532,0.453,0.453,262189381.0,1776312899999,118807208.3400300,1649,235000000.0,106487700.0000000,0
1776312900000,0.4531,0.4531,0.4529,0.4529,329319478.4,1776313199999,149195323.4617600,1967,277693322.5,125808675.0925000,0
1776313200000,0.453,0.453,0.4528,0.4529,293202551.7,1776313499999,132808035.5037100,1799,259634786.8,117605194.9417200,0
1776313500000,0.4529,0.4529,0.4527,0.4527,174630297.8,1776313799999,79086698.8498400,1273,146807930.1,66488730.7692000,0
1776313800000,0.4528,0.4532,0.4527,0.4531,193522381.2,1776314099999,87684116.5335600,1227,193519538.2,87682828.5035400,0
1776314100000,0.4532,0.4549,0.453,0.4548,172157963.6,1776314399999,78068215.0424000,1288,146715041.2,66540025.7202400,0
1776314400000,0.4549,0.4549,0.4547,0.4547,114339912.7,1776314699999,52004718.2909200,967,87488972.0,39792910.6137700,0
1776314700000,0.4548,0.4548,0.4546,0.4547,167456461.2,1776314999999,76148852.8232100,1182,111035883.1,50494416.0455700,0
1776315000000,0.4547,0.4548,0.4546,0.4546,165998587.6,1776315299999,75488157.7006200,1130,118000000.0,53663200.0000000,0
1776315300000,0.4547,0.4547,0.4545,0.4545,256611100.6,1776315599999,116676306.3106100,1634,223854515.7,101785149.2745200,0
1776315600000,0.4545,0.4546,0.4544,0.4544,306291443.3,1776315899999,139234580.7021400,1907,261257934.1,118766850.7869300,0
1776315900000,0.4545,0.4582,0.4544,0.4582,369074795.3,1776316199999,168539237.4267400,2096,369042920.6,168524744.8621400,0
1776316200000,0.4582,0.4617,0.4582,0.4616,354975386.8,1776316499999,163363966.2482100,2356,310060459.0,142668901.2668900,0
1776316500000,0.4617,0.4617,0.4597,0.4597,325384637.6,1776316799999,149856278.9574400,2280,138251057.8,63666428.9859300,0
1776316800000,0.4598,0.4598,0.4596,0.4596,303012948.7,1776317099999,139300152.1627600,1877,249295183.3,114606095.7695300,0
1776317100000,0.4597,0.4597,0.4595,0.4595,219449961.5,1776317399999,100866102.0446400,1528,179000000.0,82275300.0000000,0
1776317400000,0.4595,0.4596,0.4594,0.4595,284137395.2,1776317699999,130570356.1215400,1803,234232434.0,107638926.6664000,0
1776317700000,0.4594,0.4613,0.4593,0.4612,284503103.0,1776317999999,130759118.8866300,1920,251064744.5,115397536.0988000,0
1776318000000,0.4612,0.462,0.4612,0.462,333336729.5,1776318299999,153835409.7452800,1960,333331606.7,153833045.8892600,0
1776318300000,0.4619,0.462,0.4618,0.4619,273389151.1,1776318599999,126281048.4947400,1828,225788479.2,104294298.5424800,0
1776318600000,0.4618,0.4619,0.4615,0.4616,301117770.7,1776318899999,139051523.5216000,1998,202524967.3,93527098.7219600,0
1776318900000,0.4615,0.4616,0.4614,0.4615,303207241.1,1776319199999,139935155.4046000,1960,237139752.8,109444909.8924800,0
1776319200000,0.4614,0.4615,0.4613,0.4614,317308121.2,1776319499999,146415766.8718300,1852,270269674.3,124712227.7220200,0
1776319500000,0.4613,0.4614,0.4612,0.4613,305986373.4,1776319799999,141164813.8268300,1893,262536093.0,121121199.7009000,0
1776319800000,0.4613,0.4613,0.4611,0.4612,243446375.5,1776320099999,112290868.2824300,1558,191377593.2,88276745.9884000,0
1776320100000,0.4612,0.4612,0.453,0.4531,249865570.6,1776320399999,114953150.6729200,1679,165187701.1,75980095.9813300,0
1776320400000,0.4531,0.4588,0.453,0.4587,311995381.2,1776320699999,142517314.2256500,1891,262238908.6,119699642.4147500,0
1776320700000,0.4586,0.4587,0.4585,0.4585,306308557.5,1776320999999,140492904.3630800,1850,262690673.8,120489743.0046800,0
1776321000000,0.4585,0.4586,0.4584,0.4585,313870465.0,1776321299999,143934008.1854300,1864,256704196.0,117723273.8705800,0
1776321300000,0.4584,0.4588,0.458,0.458,330843789.6,1776321599999,151691357.5048100,2146,233908651.7,107258620.4727500,0
1776321600000,0.4581,0.4581,0.4574,0.4575,259266340.8,1776321899999,118685220.8752800,1773,155301943.0,71095354.8842800,0
1776321900000,0.4575,0.4575,0.4573,0.4573,272438692.4,1776322199999,124629957.8707300,1800,240517389.9,110029054.1468200,0
1776322200000,0.4574,0.4574,0.4572,0.4572,317155876.9,1776322499999,145060582.4772200,2013,271201031.4,124045431.6723400,0
1776322500000,0.4573,0.4573,0.4572,0.4572,280977217.3,1776322799999,128489309.2335100,1767,258918352.3,118403362.5067900,0
1776322800000,0.4572,0.4604,0.4571,0.4603,310350485.6,1776323099999,142057802.0424200,2010,281166269.9,128714776.2433800,0
1776323100000,0.4603,0.4604,0.4598,0.4598,225923180.9,1776323399999,103999563.1519600,1671,202424597.8,93183867.0095200,0
1776323400000,0.4598,0.4599,0.4597,0.4598,290891442.3,1776323699999,133770385.0776800,1861,235491241.5,108297372.8417000,0
1776323700000,0.4598,0.4598,0.4596,0.4596,252120397.7,1776323999999,115917346.8278000,1639,207913021.9,95595116.1674300,0
1776324000000,0.4596,0.4597,0.4595,0.4595,323154836.5,1776324299999,148548362.8404800,1952,275986244.0,126869677.7663200,0
1776324300000,0.4595,0.4596,0.4571,0.4572,335765826.5,1776324599999,153842206.0212300,2083,218819305.3,100235196.9337500,0
1776324600000,0.4572,0.4572,0.4571,0.4571,250809645.6,1776324899999,114669383.6444500,1543,240791957.1,110090082.7861200,0
1776324900000,0.4571,0.4571,0.457,0.457,181303532.9,1776325199999,82873844.6202600,1302,133384903.5,60970239.3898500,0
1776325200000,0.457,0.4571,0.4569,0.4569,306449873.3,1776325499999,140049891.7307900,1825,268004148.4,122480195.8188000,0
1776325500000,0.4569,0.458,0.4568,0.4579,336694612.4,1776325799999,154006929.2297800,2252,253361727.4,115899700.2226300,0
1776325800000,0.4579,0.4579,0.4578,0.4578,303141619.6,1776326099999,138804333.0065500,1818,259997676.4,119052936.0235600,0
1776326100000,0.4578,0.4578,0.4577,0.4577,272703822.1,1776326399999,124843809.3974600,1484,265594810.7,121589304.3384600,0
1776326400000,0.4578,0.4663,0.4577,0.4662,316853544.6,1776326699999,147204813.3550700,1858,285407124.4,132544492.9471800,0
1776326700000,0.4662,0.4662,0.4661,0.4661,262879091.3,1776326999999,122554231.9301600,1747,233392048.4,108807372.9640800,0
1776327000000,0.4661,0.4662,0.466,0.4661,301846043.1,1776327299999,140692140.2909600,1856,248662432.0,115903259.5552000,0
1776327300000,0.466,0.4667,0.4654,0.4665,367854625.3,1776327599999,171554975.4044400,2340,274515682.7,128035759.7428300,0
1776327600000,0.4666,0.4666,0.4662,0.4663,324163027.3,1776327899999,151196635.0329500,2077,203028238.4,94698767.5794500,0
1776327900000,0.4662,0.4681,0.4662,0.468,310989633.2,1776328199999,145376643.1206600,2015,271840019.2,127057062.4572500,0
1776328200000,0.468,0.469,0.4679,0.4689,281103861.2,1776328499999,131675319.6709000,1991,197263792.3,92410498.1734900,0
1776328500000,0.4689,0.4689,0.4667,0.4668,314510311.6,1776328799999,147068382.2710600,1920,237809536.1,111190091.4514800,0
1776328800000,0.4668,0.4694,0.4667,0.4676,302808590.4,1776329099999,141713151.8474100,1972,280743095.3,131370564.0254100,0
1776329100000,0.4676,0.4676,0.4674,0.4675,302802513.7,1776329399999,141561939.7299300,1838,253918169.6,118708422.8412800,0
1776329400000,0.4674,0.4675,0.4649,0.465,334726139.5,1776329699999,156092817.0882900,2267,152094433.2,70890742.7961900,0
1776329700000,0.4649,0.465,0.4648,0.4648,192463681.2,1776329999999,89485550.6773400,1282,120423846.1,55996446.3506700,0
1776330000000,0.4648,0.4648,0.4645,0.4645,129205257.1,1776330299999,60030198.5836500,1028,76033458.5,35325144.8191000,0
1776330300000,0.4645,0.4653,0.4644,0.4653,115088210.5,1776330599999,53470301.8918100,805,87459843.4,40636625.3194300,0
1776330600000,0.4653,0.4654,0.4653,0.4653,23717961.6,1776330899999,11036767.5324800,362,8000000.0,3723200.0000000,0
1776330900000,0.4653,0.4653,0.4652,0.4652,63562376.8,1776331199999,29572430.4188900,709,28163071.6,13104180.7986900,0
1776331200000,0.4652,0.4652,0.4645,0.4645,210111069.2,1776331499999,97634787.8709100,1480,119183160.6,55375059.7364600,0
1776331500000,0.4646,0.4646,0.4644,0.4645,304993012.7,1776331799999,141686554.2386600,1899,261392896.6,121434300.4707000,0
1776331800000,0.4645,0.4681,0.4635,0.468,394844359.7,1776332099999,183775835.0688400,2375,330330676.6,153733331.6879900,0
1776332100000,0.468,0.468,0.4679,0.468,294890025.9,1776332399999,138008531.5565900,1769,292884257.7,137069832.6036000,0
1776332400000,0.4679,0.4688,0.4678,0.4686,343133901.7,1776332699999,160707454.4258100,2137,259020818.3,121310070.8125200,0
1776332700000,0.4686,0.4687,0.4685,0.4686,254393626.8,1776332999999,119229577.4251800,1708,208809743.8,97868769.7843500,0
1776333000000,0.4686,0.4686,0.4655,0.4656,250328020.9,1776333299999,116949856.4400700,1601,188022940.1,87783480.9105600,0
1776333300000,0.4655,0.4656,0.4651,0.4651,302765799.9,1776333599999,140910321.6541200,2027,199712979.0,92953927.3426500,0
1776333600000,0.4651,0.4651,0.465,0.465,300611692.0,1776333899999,139814497.5353600,1747,265684013.1,123569634.4928100,0
1776333900000,0.465,0.4651,0.4649,0.465,296251073.2,1776334199999,137758948.6895900,1768,241524161.1,112310934.9115000,0
1776334200000,0.4649,0.465,0.4648,0.4649,316308451.3,1776334499999,147057498.6155800,1927,268066875.4,124629990.3734600,0
1776334500000,0.4648,0.4649,0.4647,0.4648,309949598.4,1776334799999,144073973.0942400,1887,260000078.5,120857436.4868000,0
1776334800000,0.4647,0.4649,0.4646,0.4648,303753796.9,1776335099999,141185753.1272900,1883,254599611.0,118343802.8059700,0
1776335100000,0.4648,0.4649,0.4647,0.4647,265906337.2,1776335399999,123609426.4772700,1662,225685128.0,104914516.1904200,0
1776335400000,0.4647,0.4648,0.4646,0.4646,294073617.2,1776335699999,136680209.8753500,1862,260635023.4,121141295.3976400,0
1776335700000,0.4646,0.4647,0.4611,0.4611,278761312.7,1776335999999,129242104.2236000,1784,138693587.0,64389176.5029000,0
1776336000000,0.4611,0.4611,0.4603,0.4604,119406835.4,1776336299999,54977678.9123900,1084,98562381.6,45380576.7268000,0
1776336300000,0.4603,0.4604,0.4602,0.4602,245434903.9,1776336599999,112984186.1331600,1500,196971866.9,90676650.3386400,0
1776336600000,0.4602,0.4603,0.4601,0.4602,396957709.3,1776336899999,182709401.8399500,2359,346713405.4,159585914.4727600,0
1776336900000,0.4602,0.4602,0.4576,0.4577,398377697.2,1776337199999,183323353.1821500,2390,336009607.4,154631108.6942300,0
1776337200000,0.4577,0.4577,0.4575,0.4576,309852493.2,1776337499999,141809697.8578000,1951,256927779.2,117590847.9140900,0
1776337500000,0.4576,0.4576,0.4574,0.4574,434994530.1,1776337799999,199036123.1249500,2454,365253739.8,167129203.8318500,0
1776337800000,0.4575,0.4575,0.4573,0.4573,500166283.5,1776338099999,228817129.8635900,2890,453234670.6,207349873.9029200,0
1776338100000,0.4574,0.4574,0.4573,0.4573,502283754.2,1776338399999,229741445.2350800,2837,440485837.4,201478222.0267600,0
1776338400000,0.4573,0.459,0.4572,0.4589,504647285.9,1776338699999,231027136.6506900,2802,460419474.5,210788116.9103200,0
1776338700000,0.459,0.459,0.4588,0.4589,511898976.7,1776338999999,234912499.7182900,2924,452930411.9,207851726.6355200,0
1776339000000,0.4589,0.4589,0.4587,0.4588,485181794.5,1776339299999,222609658.0164800,2762,405348585.4,185981858.2654200,0
1776339300000,0.4588,0.4588,0.4586,0.4586,505417754.5,1776339599999,231848647.4148800,2891,450677324.5,206737944.6037700,0
1776339600000,0.4587,0.4587,0.4585,0.4586,455305736.7,1776339899999,208823965.8779700,2629,372277287.7,170745363.2697700,0
1776339900000,0.4586,0.4595,0.4584,0.4595,413487846.4,1776340199999,189766743.1651900,2477,360380601.3,165404236.0614300,0
1776340200000,0.4595,0.4614,0.4593,0.4614,484663233.8,1776340499999,222697196.8582400,2788,413567059.8,190035188.9917700,0
1776340500000,0.4613,0.4619,0.4613,0.4618,471727412.7,1776340799999,217747522.2606700,3011,402159911.6,185636970.7205300,0
1776340800000,0.4617,0.4618,0.4617,0.4617,422607123.1,1776341099999,195159182.9747800,2420,402934322.5,186075070.1305000,0
1776341100000,0.4617,0.4645,0.4616,0.4644,366762082.6,1776341399999,170115214.2570700,2530,280798914.4,130316286.3992000,0
1776341400000,0.4644,0.4644,0.4642,0.4643,404453250.1,1776341699999,187812886.6547900,2394,354297293.2,164524852.8052300,0
1776341700000,0.4642,0.4643,0.4641,0.4642,299750905.7,1776341999999,139169629.9892000,1962,265476210.7,123258585.7262700,0
1776342000000,0.4642,0.4642,0.464,0.4641,305001938.8,1776342299999,141575499.8002400,1970,258825052.7,120144706.9817600,0
1776342300000,0.4641,0.4641,0.464,0.464,247845340.4,1776342599999,115023450.3781100,1564,230981412.9,107198473.7268900,0
1776342600000,0.464,0.464,0.4639,0.464,156403392.8,1776342899999,72571173.9125900,1270,141289004.1,65558097.9024000,0
1776342900000,0.464,0.464,0.4625,0.4625,241392221.9,1776343199999,111818047.8171300,1820,158393189.6,73337764.7451700,0
1776343200000,0.4626,0.4626,0.4624,0.4624,315238015.7,1776343499999,145813582.0611300,1983,271917141.1,125777677.7587500,0
1776343500000,0.4625,0.4625,0.4623,0.4624,296308961.6,1776343799999,137032663.7385200,1896,257174384.4,118936835.3595400,0
1776343800000,0.4624,0.4624,0.4622,0.4623,307205402.1,1776344099999,142043062.3853500,1935,259714837.5,120087974.4092100,0
1776344100000,0.4623,0.4647,0.4622,0.4647,341784311.5,1776344399999,158426965.3366600,2019,341778983.7,158424494.7935000,0
1776344400000,0.4647,0.4647,0.4645,0.4645,264220834.4,1776344699999,122763599.1945500,1787,225161359.7,104616567.7166200,0
1776344700000,0.4646,0.4646,0.4644,0.4644,185195798.8,1776344999999,86030948.3795800,1346,140591623.1,65312308.9342500,0
1776345000000,0.4644,0.4645,0.4643,0.4644,279695716.8,1776345299999,129902747.7323900,1764,229342149.6,106518251.2659400,0
1776345300000,0.4643,0.4644,0.4626,0.4629,326675762.6,1776345599999,151547235.7480700,2114,223688682.4,103797535.4129600,0
1776345600000,0.4628,0.4629,0.4628,0.4628,282168271.4,1776345899999,130615176.1118100,1567,277001078.9,128223799.4228100,0
1776345900000,0.4628,0.4628,0.4627,0.4628,274742111.1,1776346199999,127150648.5673200,1777,226875515.4,104997988.5271200,0
1776346200000,0.4628,0.4628,0.4626,0.4626,303993814.8,1776346499999,140659937.7963100,1803,258637033.6,119673355.5003400,0
1776346500000,0.4626,0.4627,0.4625,0.4626,376683450.7,1776346799999,174260742.0414000,2269,317735057.2,146990699.0629300,0
1776346800000,0.4625,0.4626,0.4624,0.4625,480293800.0,1776347099999,222149684.8947200,2732,415543400.4,192201636.0555200,0
1776347100000,0.4624,0.4625,0.4623,0.4624,472743895.6,1776347399999,218615922.6623500,2703,386977706.7,178955672.5782300,0
1776347400000,0.4624,0.4624,0.4579,0.458,379112824.0,1776347699999,174758849.5957800,2517,223688277.3,103135974.4579400,0
1776347700000,0.458,0.458,0.4578,0.4578,440799809.6,1776347999999,201854865.5014700,2521,367686124.1,168375024.1240200,0
1776348000000,0.4579,0.4585,0.4568,0.458,454712934.2,1776348299999,208117670.2141500,2638,389700732.7,178338593.5043500,0
1776348300000,0.458,0.4604,0.4579,0.4603,507763827.7,1776348599999,233024418.2841700,2849,445408014.9,204373247.8048000,0
1776348600000,0.4603,0.4603,0.4602,0.4602,463940069.4,1776348899999,213551613.3899100,2683,392341509.3,180594796.7307900,0
1776348900000,0.4603,0.4603,0.4601,0.4602,477298607.5,1776349199999,219659195.0157300,2740,411026576.9,189160646.8340700,0
1776349200000,0.4602,0.4602,0.4565,0.4565,494542270.3,1776349499999,226049709.3245000,2974,380660048.1,173872103.4368400,0
1776349500000,0.4566,0.4566,0.4547,0.4548,426036404.4,1776349799999,193983736.8248200,2633,318931401.9,145190211.6069600,0
1776349800000,0.4547,0.4569,0.4547,0.4568,446686436.2,1776350099999,203755247.0667700,2507,410669864.7,187311977.9237700,0
1776350100000,0.4568,0.4596,0.4567,0.4595,481513386.8,1776350399999,220184865.4481900,2779,422112739.8,193042233.8214500,0
1776350400000,0.4595,0.4601,0.4594,0.4601,461488210.6,1776350699999,212081621.1026200,2700,385984734.5,177385057.4221800,0
1776350700000,0.4601,0.4601,0.46,0.46,450185448.4,1776350999999,207130323.1193100,2489,413328893.0,190172623.6693000,0
1776351000000,0.4601,0.461,0.4599,0.4609,402516992.9,1776351299999,185372402.9369100,2655,307842462.8,141775885.9184000,0
1776351300000,0.4609,0.4609,0.4598,0.4599,216471668.4,1776351599999,99753298.0332300,1625,178455680.6,82236875.1877400,0
1776351600000,0.4599,0.4613,0.4597,0.4613,188454400.8,1776351899999,86731836.3687500,1509,156314451.7,71953786.3861900,0
1776351900000,0.4613,0.4613,0.4611,0.4611,220812644.8,1776352199999,101840226.8995800,1630,190061641.7,87657840.8218600,0
1776352200000,0.4612,0.4612,0.461,0.461,290066910.7,1776352499999,133756452.2295700,1847,239143147.1,110275505.1278100,0
1776352500000,0.4611,0.4612,0.461,0.4611,273248968.8,1776352799999,126005599.3083900,1832,246627088.5,113730250.5509500,0
1776352800000,0.4611,0.4611,0.4603,0.4603,309790513.8,1776353099999,142731306.0608300,1950,273212318.1,125871651.4201900,0
1776353100000,0.4604,0.4612,0.4602,0.461,350104882.2,1776353399999,161289604.3528900,2112,265146961.2,122153092.0706100,0
1776353400000,0.4611,0.4611,0.4609,0.461,490201245.6,1776353699999,226023319.9678100,2789,447720142.1,206439115.9079200,0
1776353700000,0.461,0.461,0.4609,0.4609,441068205.7,1776353999999,203330084.7290400,2509,386160815.3,178020135.8533000,0
1776354000000,0.4609,0.4609,0.4608,0.4608,463220458.5,1776354299999,213498308.7708600,2609,414734200.6,191150993.0565400,0
1776354300000,0.4609,0.4609,0.4607,0.4608,395874986.8,1776354599999,182421654.0081600,2344,333622470.1,153735480.5967900,0
1776354600000,0.4608,0.4649,0.4606,0.4648,539485061.8,1776354899999,249496799.3298000,3135,486003250.7,224857436.2689300,0
1776354900000,0.4649,0.4657,0.4646,0.4656,526548555.0,1776355199999,244948367.0622800,3336,388668928.4,180834956.0203800,0
1776355200000,0.4656,0.4756,0.4656,0.4755,457057844.9,1776355499999,216877602.9350900,2861,417463012.1,198060039.8615000,0
1776355500000,0.4755,0.4755,0.4742,0.4743,449725524.2,1776355799999,213462022.8702000,2746,322852877.0,153190309.1673000,0
1776355800000,0.4742,0.4755,0.4731,0.4731,440180839.9,1776356099999,209022724.6233300,2572,386477262.8,183506644.5779700,0
1776356100000,0.4731,0.4732,0.473,0.4731,450209137.4,1776356399999,213033018.6514000,2580,390874378.3,184959655.2517700,0
1776356400000,0.4731,0.4731,0.473,0.473,482229080.9,1776356699999,228140990.5007900,2666,435492850.5,206031667.5715500,0
1776356700000,0.473,0.4735,0.4718,0.4735,472050072.5,1776356999999,223256487.3693400,2939,323588320.3,153104268.8766600,0
1776357000000,0.4735,0.4735,0.4709,0.4711,484186771.4,1776357299999,228808952.3773100,2882,404062631.9,190953303.6595800,0
1776357300000,0.4711,0.4712,0.471,0.471,481873378.0,1776357599999,227013947.8863600,2768,410730346.5,193498466.2361500,0
1776357600000,0.4711,0.475,0.4709,0.4749,426483108.1,1776357899999,201806855.5138500,2652,340601805.3,161204395.3895200,0
1776357900000,0.4749,0.4749,0.4747,0.4747,398668850.5,1776358199999,189321906.2494600,2323,331984588.6,157658187.3539700,0
1776358200000,0.4748,0.4748,0.4747,0.4747,343761287.2,1776358499999,163215501.2536000,1978,303204254.2,143961379.8941600,0
1776358500000,0.4747,0.4747,0.4718,0.4719,364837207.6,1776358799999,172518529.0379400,2227,290037653.2,137058042.1123600,0
1776358800000,0.4718,0.472,0.4717,0.4719,359925845.8,1776359099999,169839200.1605800,2140,306415643.8,144591769.7392800,0
1776359100000,0.472,0.472,0.4718,0.4719,240195933.1,1776359399999,113362412.8812400,1608,199138688.6,93986964.5261700,0
1776359400000,0.4719,0.4719,0.4717,0.4718,197170150.9,1776359699999,93037906.5668300,1349,144855560.1,68355567.2652200,0
1776359700000,0.4718,0.4718,0.4716,0.4716,105928753.0,1776359999999,49972801.4350100,867,74085592.1,34951982.3527800,0
1776360000000,0.4717,0.4717,0.4715,0.4715,265898647.6,1776360299999,125420262.6078000,1583,224166247.8,105738962.8508900,0
1776360300000,0.4716,0.4737,0.4715,0.4737,323194348.8,1776360599999,152458708.9262400,1770,316425836.6,149266679.1812400,0
1776360600000,0.4737,0.4737,0.4735,0.4735,233494236.3,1776360899999,110589213.1591600,1434,187983816.3,89035421.6142300,0
1776360900000,0.4735,0.4736,0.471,0.471,290185349.0,1776361199999,137018399.1329100,1954,215620732.8,101778927.2220800,0
1776361200000,0.471,0.471,0.4709,0.4709,244593569.7,1776361499999,115203570.3531200,1450,226273943.1,106575027.2001000,0
1776361500000,0.4709,0.4734,0.4708,0.4734,297535105.7,1776361799999,140307411.0569100,1932,246750443.0,116392910.8471400,0
1776361800000,0.4733,0.4748,0.4728,0.4748,403088462.3,1776362099999,190861785.6299600,2435,327202027.4,154957722.9707200,0
1776362100000,0.4747,0.4748,0.4746,0.4747,305847795.9,1776362399999,145208589.6439600,1917,273268139.1,129743026.6214900,0
1776362400000,0.4746,0.4747,0.4745,0.4745,371012410.5,1776362699999,176112190.0003100,2066,320958598.9,152356651.0423700,0
1776362700000,0.4745,0.4746,0.4729,0.4729,491578538.5,1776362999999,233088097.7731400,2810,426386995.5,202169491.9449400,0
1776363000000,0.4729,0.4729,0.4717,0.4718,517807053.6,1776363299999,244550055.5810300,3104,387153021.2,182799930.5078100,0
1776363300000,0.4717,0.4718,0.4716,0.4717,456094523.8,1776363599999,215162475.5805100,2661,381140347.3,179804863.0776700,0
1776363600000,0.4716,0.4717,0.4715,0.4716,490892179.1,1776363899999,231533913.7518400,2817,409601653.4,193195057.5348300,0
1776363900000,0.4715,0.4716,0.4714,0.4715,451431217.3,1776364199999,212881707.7415900,2622,381824683.5,180059231.7056900,0
1776364200000,0.4714,0.4715,0.4651,0.4652,460903841.3,1776364499999,215662976.2131600,3110,189856231.2,88764502.9800400,0
1776364500000,0.4652,0.4662,0.465,0.4661,408089680.5,1776364799999,189909487.2768400,2462,307722764.5,143204895.1114600,0
1776364800000,0.4661,0.4681,0.466,0.4681,385925703.2,1776365099999,180357741.9285000,2054,351964358.8,164481991.3004600,0
1776365100000,0.4681,0.4681,0.4679,0.468,406842123.7,1776365399999,190406441.3988900,2376,329336526.2,154133393.7880400,0
1776365400000,0.468,0.468,0.4678,0.4678,473162554.6,1776365699999,221403257.0558700,2703,386360894.2,180788322.9125400,0
1776365700000,0.4679,0.4679,0.4677,0.4678,466863789.1,1776365999999,218414110.9218400,2690,375728572.5,175779275.7977600,0
1776366000000,0.4677,0.4678,0.4676,0.4676,458033553.5,1776366299999,214242427.6876100,2636,383188558.5,179235811.5602900,0
1776366300000,0.4677,0.4677,0.4675,0.4676,489574918.7,1776366599999,228951549.8018400,2782,415981840.1,194537442.5354000,0
1776366600000,0.4675,0.4676,0.4674,0.4675,467010299.9,1776366899999,218358973.6148400,2713,407322869.7,190453907.5758200,0
1776366900000,0.4674,0.4675,0.4673,0.4674,460867839.1,1776367199999,215445290.9902600,2676,394885975.9,184603166.4777800,0
1776367200000,0.4673,0.4674,0.4672,0.4673,297019838.7,1776367499999,138822028.8015900,1996,253728839.2,118590962.1666900,0
1776367500000,0.4672,0.4673,0.4672,0.4672,370547753.3,1776367799999,173155389.6668300,2244,331179803.3,154760322.0820900,0
1776367800000,0.4672,0.4672,0.4671,0.4672,467405577.8,1776368099999,218371880.3778700,2606,413583945.1,193226419.1507200,0
1776368100000,0.4671,0.4672,0.467,0.467,439802781.7,1776368399999,205435578.9344600,2511,367400052.7,171616264.6161700,0
1776368400000,0.4671,0.4671,0.4669,0.467,448940257.7,1776368699999,209663644.3668600,2579,374087061.3,174706261.7605400,0
1776368700000,0.467,0.467,0.4668,0.4669,467520825.2,1776368999999,218300368.6456200,2618,396774332.7,185267723.8915600,0
1776369000000,0.4669,0.4669,0.4667,0.4668,393073723.4,1776369299999,183501129.2142400,2246,302031879.5,141001033.3869700,0
1776369300000,0.4668,0.4668,0.4666,0.4667,370637810.2,1776369599999,172994654.0664800,2153,291650765.6,136129056.6428100,0
1776369600000,0.4667,0.4667,0.4665,0.4665,345382294.9,1776369899999,161175733.2669100,2050,284475453.5,132755006.8742900,0
1776369900000,0.4665,0.4666,0.4664,0.4665,325655905.5,1776370199999,151942632.0203200,2014,275597449.5,128589150.6888300,0
1776370200000,0.4665,0.4702,0.4664,0.4701,498352688.4,1776370499999,233978346.2194800,2949,454746155.7,213494427.2129300,0
1776370500000,0.4701,0.4715,0.47,0.4705,451354646.8,1776370799999,212439205.5438800,2716,387008054.0,182138594.3598600,0
1776370800000,0.4705,0.4706,0.4704,0.4705,468925502.9,1776371099999,220643336.1298100,2720,397531889.8,187051447.6395100,0
1776371100000,0.4705,0.4705,0.4703,0.4704,500104916.1,1776371399999,235270284.3706200,2892,436733935.8,205459202.7510400,0
1776371400000,0.4704,0.4704,0.4702,0.4703,474796107.4,1776371699999,223322085.0659900,2735,408800780.2,192282784.8347200,0
1776371700000,0.4703,0.4703,0.4701,0.4701,492132695.9,1776371999999,231432167.3880100,2829,430075554.4,202251566.9277200,0
1776372000000,0.4702,0.4702,0.47,0.47,345243392.1,1776372299999,162324868.6612000,2263,277864947.2,130647868.5334900,0
1776372300000,0.47,0.4701,0.4699,0.47,416924454.1,1776372599999,195987541.1031200,2506,364538345.1,171365418.6861400,0
1776372600000,0.47,0.47,0.4699,0.4699,459218676.0,1776372899999,215828848.0730900,2667,385800028.5,181326013.3950000,0
1776372900000,0.4699,0.4699,0.4698,0.4699,483789850.5,1776373199999,227332850.0631700,2665,441925093.9,207660601.6236100,0
1776373200000,0.4699,0.4699,0.4648,0.4648,478401017.7,1776373499999,224564615.2325300,2915,361083670.3,169471950.7879500,0
1776373500000,0.4648,0.4661,0.4648,0.4661,478365278.2,1776373799999,222689021.0356500,2638,435415124.6,202692202.2484400,0
1776373800000,0.466,0.4661,0.4659,0.466,483919332.3,1776374099999,225520537.9294700,2775,408905927.9,190563008.5932500,0
1776374100000,0.4659,0.466,0.4653,0.4653,398122359.1,1776374399999,185496875.5295100,2495,294472227.0,137210740.5564200,0
1776374400000,0.4653,0.4654,0.4638,0.4642,257733597.5,1776374699999,119684797.7556000,1850,135523234.5,62915146.7984200,0
1776374700000,0.4642,0.4642,0.464,0.464,311721954.9,1776374999999,144692528.3623300,2038,247896495.8,115069302.0138100,0
1776375000000,0.4641,0.4641,0.464,0.464,366032926.5,1776375299999,169872737.4011200,2156,310823467.0,144253171.0347000,0
1776375300000,0.464,0.464,0.4639,0.4639,383153166.9,1776375599999,177782283.0938400,2167,359839519.7,166965537.1408000,0
1776375600000,0.4639,0.4639,0.4638,0.4639,360035997.4,1776375899999,167020698.7755100,2118,311452366.7,144482752.9121300,0
1776375900000,0.4639,0.466,0.4637,0.466,362268003.4,1776376199999,168208939.5479900,2231,310047722.5,143989056.2090200,0
1776376200000,0.4659,0.466,0.4658,0.4659,452831341.8,1776376499999,210988721.8378000,2539,394476169.7,183801047.4722500,0
1776376500000,0.4659,0.4659,0.4657,0.4658,491069591.5,1776376799999,228763526.6684100,2839,413816232.1,192776977.2755800,0
1776376800000,0.4658,0.4658,0.4656,0.4656,409588543.6,1776377099999,190770445.1184500,2451,335570717.2,156297872.3040200,0
1776377100000,0.4657,0.4657,0.4652,0.4653,380901128.5,1776377399999,177309876.5488500,2452,295713662.5,137660994.9269100,0
1776377400000,0.4652,0.4653,0.4651,0.4651,488343345.1,1776377699999,227208769.4980500,2824,417933412.8,194453063.7102600,0
1776377700000,0.4651,0.4652,0.4624,0.4625,461134991.1,1776377999999,213865938.1750500,2669,370910165.0,171964974.5371300,0
1776378000000,0.4625,0.4632,0.4609,0.4631,489104878.3,1776378299999,226282698.3012700,2991,376415024.0,174140535.3098400,0
1776378300000,0.463,0.4631,0.463,0.463,480599308.7,1776378599999,222562802.5219800,2658,411259555.5,190454300.1520500,0
1776378600000,0.463,0.463,0.4629,0.463,488864688.5,1776378899999,226344350.1659800,2743,437622244.5,202619099.2035000,0
1776378900000,0.4629,0.463,0.4628,0.4629,488563957.8,1776379199999,226160753.3775400,2837,424537430.1,196522774.2041200,0
1776379200000,0.4628,0.4629,0.4627,0.4627,410648422.0,1776379499999,190057219.2565800,2424,325672474.3,150729637.8680100,0
1776379500000,0.4628,0.4637,0.4626,0.4636,353905860.9,1776379799999,163841557.7166400,2256,293891854.3,136061920.0765200,0
1776379800000,0.4636,0.4636,0.4635,0.4635,478943819.0,1776380099999,222034822.5657500,2763,397148528.0,184118057.5808000,0
1776380100000,0.4634,0.4635,0.4634,0.4635,457481048.6,1776380399999,212042465.3786200,2556,435837479.4,202010671.7019000,0
1776380400000,0.4634,0.4635,0.4633,0.4634,450345511.0,1776380699999,208692052.5223100,2652,396535777.4,183756384.1697800,0
1776380700000,0.4633,0.4634,0.4632,0.4633,384193057.9,1776380999999,178003943.3413900,2405,290553631.4,134620797.4276200,0
1776381000000,0.4633,0.4633,0.4631,0.4632,243981275.0,1776381299999,113014483.8940500,1762,200246905.6,92756524.1402200,0
1776381300000,0.4632,0.4632,0.463,0.463,392156880.2,1776381599999,181622257.8862700,2348,334176481.3,154771269.6057400,0
1776381600000,0.4631,0.4631,0.4629,0.463,366615681.0,1776381899999,169764004.6038700,2203,325310350.8,150639536.9059700,0
1776381900000,0.463,0.463,0.4628,0.4628,205579415.8,1776382199999,95176573.6470400,1584,180093895.7,83379096.7885100,0
1776382200000,0.4628,0.4641,0.4628,0.4641,300199258.7,1776382499999,139221068.1006200,1930,292850400.6,135814219.7620300,0
1776382500000,0.4641,0.4641,0.4639,0.464,373716113.3,1776382799999,173416442.6336700,2204,316365321.4,146805612.2770900,0
1776382800000,0.4639,0.464,0.4638,0.4638,519445201.4,1776383099999,240994898.0895600,2958,460497717.0,213648234.7096100,0
1776383100000,0.4639,0.4639,0.4637,0.4638,518555820.0,1776383399999,240537019.3807500,2960,448667108.1,208121546.8519400,0
1776383400000,0.4638,0.4638,0.4636,0.4636,458139683.6,1776383699999,212470454.7053100,2683,376767845.8,174735246.0102700,0
1776383700000,0.4637,0.4638,0.4636,0.4636,477876640.3,1776383999999,221623953.7609900,2801,409025262.8,189695066.2178700,0
1776384000000,0.4637,0.4724,0.4636,0.4722,494280110.7,1776384299999,233026450.0071800,2901,454960877.8,214455991.5640200,0
1776384300000,0.4722,0.4722,0.4687,0.4687,360768848.4,1776384599999,169222641.0117100,2337,237474434.1,111364952.6078300,0
1776384600000,0.4687,0.4688,0.4667,0.4677,492982705.9,1776384899999,230630995.8113700,3053,331472459.6,155058061.6188900,0
1776384900000,0.4677,0.4677,0.4675,0.4676,468469672.2,1776385199999,219067271.0692800,2712,388749565.1,181789524.6648600,0
1776385200000,0.4676,0.4682,0.4674,0.4681,476501956.8,1776385499999,222907602.7258800,2927,363054411.6,169836885.6751800,0
1776385500000,0.468,0.4681,0.4658,0.4658,452311465.3,1776385799999,211453260.5127900,2683,376111506.9,175816378.4550100,0
1776385800000,0.4659,0.4659,0.4657,0.4658,463894800.2,1776386099999,216110905.1798500,2698,394976466.9,184006126.8106600,0
1776386100000,0.4658,0.4658,0.4656,0.4656,449941192.5,1776386399999,209570312.6656700,2667,384616871.3,179145281.9840800,0
1776386400000,0.4657,0.4657,0.4655,0.4655,483856312.9,1776386699999,225325083.5423300,2782,404018995.1,188149479.2615700,0
1776386700000,0.4656,0.4656,0.4655,0.4655,404927559.3,1776386999999,188531913.6221900,2386,351516916.4,163666276.2758400,0
1776387000000,0.4655,0.4655,0.4654,0.4655,383250783.3,1776387299999,178403239.0393000,2281,361391558.1,168227770.2955500,0
1776387300000,0.4654,0.4655,0.4653,0.4654,431473989.0,1776387599999,200811308.9332900,2562,381058448.4,177347798.9466400,0
1776387600000,0.4654,0.4654,0.4652,0.4653,462357869.5,1776387899999,215142746.1886600,2641,394542223.8,183587728.4463400,0
1776387900000,0.4653,0.4653,0.4651,0.4652,488222281.2,1776388199999,227136636.2145000,2806,415929702.9,193505102.6852600,0
1776388200000,0.4652,0.4652,0.465,0.465,478189067.8,1776388499999,222427238.7747200,2724,396492523.6,184428625.2436200,0
1776388500000,0.465,0.4651,0.4649,0.4649,438882049.0,1776388799999,204104619.1894600,2521,363042385.2,168837346.8211100,0
1776388800000,0.465,0.465,0.4648,0.4649,353923466.8,1776389099999,164567354.5630700,2136,281025723.9,130674742.3175000,0
1776389100000,0.4648,0.4683,0.4648,0.4682,484961783.4,1776389399999,226885470.0325800,2920,450755838.8,210870138.9662700,0
1776389400000,0.4682,0.4682,0.4681,0.4681,501536478.6,1776389699999,234819378.6814000,2724,466101665.6,218228799.8339200,0
1776389700000,0.4681,0.4692,0.468,0.4687,492158478.0,1776389999999,230798862.1336100,3084,406566839.8,190690062.5275200,0
1776390000000,0.4687,0.4688,0.4686,0.4686,487152311.4,1776390299999,228360843.7355000,2815,435880511.9,204329277.2729800,0
1776390300000,0.4687,0.4687,0.4685,0.4685,475242555.6,1776390599999,222736638.9278700,2777,416924363.5,195407531.4406900,0
1776390600000,0.4686,0.4686,0.4684,0.4684,505780310.5,1776390899999,237001779.8904800,2880,444978647.3,208514146.8929000,0
1776390900000,0.4685,0.4685,0.4667,0.4667,460579856.7,1776391199999,215181899.7277000,2735,349897935.6,163436273.6501000,0
1776391200000,0.4667,0.4667,0.466,0.466,476880873.1,1776391499999,222399627.1413300,2964,324908411.9,151518616.1139300,0
1776391500000,0.466,0.4661,0.4646,0.4646,485508390.7,1776391799999,225867277.7133700,2932,359760973.5,167358807.9165900,0
1776391800000,0.4646,0.4646,0.4645,0.4646,315488523.5,1776392099999,146575967.5500900,2009,276960358.5,128675782.5591000,0
1776392100000,0.4645,0.4646,0.4644,0.4645,439359637.1,1776392399999,204085997.9908200,2529,402433926.8,186933791.4936500,0
1776392400000,0.4645,0.4645,0.4643,0.4644,449131694.7,1776392699999,208586458.6590700,2535,382683802.8,177728058.0203200,0
1776392700000,0.4644,0.4644,0.4642,0.4642,487062698.4,1776392999999,226159312.8242600,2787,408718607.5,189783087.6129700,0
1776393000000,0.4642,0.4643,0.4633,0.4633,460599913.9,1776393299999,213558209.4775600,2682,387476005.3,179639240.2513400,0
1776393300000,0.4633,0.4633,0.4632,0.4632,467410925.5,1776393599999,216551481.2979000,2665,385685310.6,178688004.4009800,0
1776393600000,0.4632,0.4634,0.4631,0.4633,420942177.6,1776393899999,195048101.4889000,2469,354114139.6,164089661.7635100,0
1776393900000,0.4633,0.4634,0.4632,0.4632,458376841.4,1776394199999,212381651.9738700,2637,388235120.4,179884224.4604000,0
1776394200000,0.4633,0.4633,0.4631,0.4631,459063122.4,1776394499999,212661511.1169400,2696,389061360.7,180235087.1014700,0
1776394500000,0.4632,0.4632,0.463,0.4631,465428224.9,1776394799999,215568194.5222000,2768,354187398.0,164050211.6796200,0
1776394800000,0.4631,0.4631,0.4629,0.463,489158151.3,1776395099999,226516949.6941400,2803,410208485.4,189960858.6962100,0
1776395100000,0.463,0.463,0.4628,0.4628,440363320.6,1776395399999,203882686.5553000,2564,361464378.3,167356562.9377900,0
1776395400000,0.4629,0.4629,0.4628,0.4628,473909297.5,1776395699999,219371041.5674000,2634,421303891.3,195021571.2827700,0
1776395700000,0.4628,0.4628,0.4627,0.4628,469610644.2,1776395999999,217335805.5538800,2660,400909805.3,185541057.8928400,0
1776396000000,0.4628,0.4628,0.4626,0.4627,475637810.4,1776396299999,220081380.6420500,2744,393894112.4,182258253.1002800,0
1776396300000,0.4627,0.4627,0.4625,0.4626,464525445.9,1776396599999,214898916.1730100,2684,386455388.4,178782917.0440900,0
1776396600000,0.4626,0.4626,0.4624,0.4625,356749728.5,1776396899999,165009376.7622800,2252,294920948.6,136412466.2774600,0
1776396900000,0.4625,0.4625,0.4623,0.4623,275050674.5,1776397199999,127198062.0802600,1856,228969552.2,105889817.8034700,0
1776397200000,0.4624,0.4624,0.4622,0.4622,375774462.5,1776397499999,173740680.1022000,2244,309221220.9,142971466.8403500,0
1776397500000,0.4623,0.4623,0.4621,0.4621,495252596.0,1776397799999,228939600.6578200,2826,427866332.0,197791690.7975800,0
1776397800000,0.4622,0.4622,0.462,0.462,484344752.5,1776398099999,223854908.5905000,2802,427400601.8,197539270.0377900,0
1776398100000,0.462,0.4621,0.4619,0.462,486309540.0,1776398399999,224718922.8057200,2794,428606975.7,198059253.6434000,0
1776398400000,0.4619,0.4629,0.4619,0.4629,480579233.2,1776398699999,222222480.6598900,2702,479572867.0,221757537.6102700,0
1776398700000,0.4629,0.4629,0.4627,0.4628,463915158.7,1776398999999,214728609.6498200,2692,411007040.0,190242732.4867700,0
1776399000000,0.4628,0.4628,0.4626,0.4627,501650262.4,1776399299999,232150867.5374300,2877,424794177.4,196586530.8335500,0
1776399300000,0.4627,0.4627,0.4625,0.4626,492500515.9,1776399599999,227873501.4689500,2841,424455387.8,196393464.9026400,0
1776399600000,0.4626,0.4626,0.4625,0.4625,477358878.6,1776399899999,220824645.0426100,2646,420314590.9,194437529.7503400,0
1776399900000,0.4625,0.4625,0.4624,0.4625,499217213.9,1776400199999,230887960.8970500,2809,426390261.0,197205495.7125000,0
1776400200000,0.4625,0.4625,0.4623,0.4624,482351361.8,1776400499999,223044869.1997400,2786,418732491.6,193627504.1158400,0
1776400500000,0.4624,0.4624,0.4622,0.4623,468183331.1,1776400799999,216451268.2061300,2705,389020549.5,179853066.4225800,0
1776400800000,0.4623,0.4666,0.4622,0.4665,529270144.1,1776401099999,246051268.7015700,3074,473954604.4,220282795.4501900,0
1776401100000,0.4664,0.4665,0.4663,0.4664,517399260.1,1776401399999,241360274.6407200,2952,457293533.4,213325702.5589400,0
1776401400000,0.4663,0.4664,0.4663,0.4663,468932145.8,1776401699999,218707594.6872200,2719,433706266.0,202280602.4624000,0
1776401700000,0.4663,0.4663,0.4662,0.4663,440232156.4,1776401999999,205280253.9630500,2440,409953660.7,191161391.9844100,0
1776402000000,0.4663,0.4663,0.462,0.462,357561982.1,1776402299999,166174571.7443800,2531,210325043.4,97755506.2025000,0
1776402300000,0.462,0.462,0.4619,0.462,464669433.2,1776402599999,214677277.6153000,2499,421305455.4,194643120.3948000,0
1776402600000,0.462,0.462,0.4618,0.4619,451859364.6,1776402899999,208715332.0315700,2605,371698663.2,171688886.0286900,0
1776402900000,0.4619,0.4619,0.4617,0.4618,476470304.6,1776403199999,220040857.3932500,2752,409243733.7,188995073.1536600,0
1776403200000,0.4618,0.4618,0.4616,0.4617,453697589.9,1776403499999,209485519.8438100,2666,380572189.0,175722971.9949900,0
1776403500000,0.4617,0.4617,0.4615,0.4616,329643189.7,1776403799999,152179742.2924300,2055,269207445.5,124281299.6398100,0
1776403800000,0.4616,0.4616,0.4614,0.4615,441182953.1,1776404099999,203625336.2034200,2589,367395446.0,169570512.7646400,0
1776404100000,0.4615,0.4615,0.4613,0.4614,484136869.3,1776404399999,223410890.4711200,2799,408964883.8,188724323.8124600,0
1776404400000,0.4613,0.4614,0.4604,0.4605,479251723.6,1776404699999,220742444.6201200,2901,353400864.0,162753671.9767900,0
1776404700000,0.4604,0.4605,0.4603,0.4604,453590075.1,1776404999999,208848886.8091200,2644,367624709.5,169268948.4109500,0
1776405000000,0.4603,0.4604,0.4602,0.4603,451281744.8,1776405299999,207745731.6305600,2632,362749860.8,166992064.7267900,0
1776405300000,0.4602,0.4651,0.4601,0.4651,481516777.1,1776405599999,222175554.9609500,2787,399618323.2,184431936.3549600,0
1776405600000,0.465,0.4651,0.4649,0.465,486925260.5,1776405899999,226428545.2786100,2764,413959149.3,192498860.9255500,0
1776405900000,0.4649,0.4683,0.4648,0.4679,457621344.2,1776406199999,213266093.6857700,2884,346424637.7,161416221.6151500,0
1776406200000,0.4679,0.4702,0.4678,0.4702,438624820.6,1776406499999,206040250.3515700,2628,429118171.0,201592077.1119000,0
1776406500000,0.4701,0.4731,0.47,0.4729,413219803.4,1776406799999,194718900.0673800,2782,315997082.9,148863573.5372600,0
1776406800000,0.4729,0.4729,0.4718,0.4719,424052245.5,1776407099999,200159120.5065400,2639,335850984.2,158494771.5310300,0
1776407100000,0.4718,0.4719,0.4675,0.4676,425525208.1,1776407399999,200374811.5065500,2617,302503427.2,142369890.4741300,0
1776407400000,0.4675,0.4679,0.4665,0.4665,455734807.9,1776407699999,213163829.2057000,2845,294987086.6,138007308.0853200,0
1776407700000,0.4665,0.4668,0.4664,0.4667,471078973.6,1776407999999,219765287.0402400,2530,427995866.3,199666582.8816500,0
1776408000000,0.4668,0.4668,0.4666,0.4666,395901995.9,1776408299999,184775961.1846900,2329,328846597.8,153481207.1932600,0
1776408300000,0.4667,0.4668,0.4665,0.4668,525201261.7,1776408599999,245108596.8518700,2946,466203004.1,217579197.6268500,0
1776408600000,0.4668,0.4668,0.4666,0.4666,508502739.6,1776408899999,237342177.1869500,2874,456512486.8,213076767.2854300,0
1776408900000,0.4666,0.4667,0.4665,0.4665,489454936.9,1776409199999,228407000.9832600,2822,436083300.9,203502803.8498100,0
1776409200000,0.4665,0.4693,0.4665,0.4692,488795982.1,1776409499999,228475623.6273400,2631,456079540.6,213178666.3375200,0
1776409500000,0.4693,0.4693,0.4691,0.4691,478803733.8,1776409799999,224657683.8469800,2761,409388322.7,192087829.1669200,0
1776409800000,0.4692,0.4692,0.469,0.469,504331342.1,1776410099999,236588789.0898000,2893,443348346.3,207981012.0104300,0
1776410100000,0.4691,0.4691,0.4689,0.469,494102349.0,1776410399999,231746819.2709700,2830,433375756.4,203264980.1037500,0
1776410400000,0.469,0.469,0.4688,0.4689,496791806.4,1776410699999,232963425.2856700,2857,421558923.0,197685577.6898000,0
1776410700000,0.4689,0.4689,0.4687,0.4687,516057161.3,1776410999999,241950272.8397300,2920,462550339.3,216864954.0849500,0
1776411000000,0.4688,0.4688,0.4686,0.4686,357664431.4,1776411299999,167653878.3136200,2285,255248514.0,119654262.8085000,0
1776411300000,0.4686,0.4686,0.4672,0.4673,417491907.4,1776411599999,195103926.8122600,2336,376377006.6,175880975.1841800,0
1776411600000,0.4673,0.4673,0.4671,0.4672,426324161.0,1776411899999,199178647.3485000,2447,367100469.8,171509339.4969800,0
1776411900000,0.4672,0.4674,0.467,0.4674,391316413.6,1776412199999,182861433.9394600,2317,314226309.1,146844908.1795500,0
1776412200000,0.4674,0.4674,0.4662,0.4662,470405100.5,1776412499999,219752566.7744700,2975,278224414.3,130029872.9211700,0
1776412500000,0.4662,0.4701,0.4661,0.4701,513755702.6,1776412799999,239976255.7117700,2888,447458799.5,209038252.1163200,0
1776412800000,0.4701,0.4785,0.4701,0.4755,473183707.3,1776413099999,225271664.9514400,3061,332113266.5,157991329.1371700,0
1776413100000,0.4755,0.4775,0.4754,0.4769,471996353.7,1776413399999,225063220.4870800,2798,383173029.0,182763029.4959200,0
1776413400000,0.477,0.477,0.4768,0.4769,507922974.5,1776413699999,242231322.2741800,2905,442090729.0,210835541.1545300,0
1776413700000,0.4769,0.4792,0.4765,0.4791,487824487.7,1776413999999,233079961.5778600,3064,399185239.3,190753661.9814400,0
1776414000000,0.4791,0.4791,0.478,0.478,480272846.5,1776414299999,229633786.0153900,2831,399302410.6,190910555.3255700,0
1776414300000,0.4781,0.4797,0.4779,0.479,482702899.5,1776414599999,231111748.6761600,3050,395571374.3,189407785.8369100,0
1776414600000,0.479,0.479,0.4789,0.479,470730128.6,1776414899999,225479731.0138500,2689,404532644.7,193771136.8113000,0
1776414900000,0.479,0.479,0.4788,0.4789,467515998.5,1776415199999,223895767.6618500,2717,393291032.6,188349203.3175200,0
1776415200000,0.4789,0.4789,0.4787,0.4788,478746410.4,1776415499999,229231380.3416300,2782,418392762.8,200334054.8349100,0
1776415500000,0.4787,0.4788,0.4786,0.4787,492800498.2,1776415799999,235915315.4851000,2819,419020648.2,200596503.2170600,0
1776415800000,0.4787,0.4798,0.4773,0.4798,365513342.2,1776416099999,175023284.9545600,2541,257960909.4,123602359.4821600,0
1776416100000,0.4798,0.4798,0.4796,0.4796,330696095.6,1776416399999,158638979.5858100,2099,292568605.5,140349222.9504700,0
1776416400000,0.4797,0.4797,0.4791,0.4791,369197048.4,1776416699999,177049903.5830400,2311,255534170.5,122548739.2086000,0
1776416700000,0.4791,0.4791,0.479,0.4791,413929178.8,1776416999999,198313469.1480300,2360,345138907.9,165356050.7748900,0
1776417000000,0.4791,0.4791,0.4772,0.4778,465796069.5,1776417299999,222628346.4568600,2773,357352201.9,170753282.7393600,0
1776417300000,0.4779,0.4782,0.4773,0.4781,495074889.1,1776417599999,236557072.8342600,3148,342732951.2,163776292.1055800,0
1776417600000,0.4781,0.4781,0.4779,0.478,502859238.7,1776417899999,240408743.1587700,2872,429126678.6,205161662.4305600,0
1776417900000,0.478,0.478,0.4779,0.4779,451079456.4,1776418199999,215612050.5559800,2606,366635104.4,175251579.9032000,0
1776418200000,0.4779,0.4779,0.4778,0.4779,446067035.5,1776418499999,213175435.7743200,2455,404144292.8,193140557.5291200,0
1776418500000,0.4779,0.4779,0.4777,0.4777,510500417.4,1776418799999,243917698.8796100,2909,436768650.1,208688646.8431600,0
1776418800000,0.4778,0.4778,0.4776,0.4777,495018103.8,1776419099999,236475320.1150800,2857,423231411.6,202182364.2203300,0
1776419100000,0.4777,0.4777,0.4755,0.4756,489819355.9,1776419399999,233142812.8142800,2875,403131301.8,191794615.5641700,0
1776419400000,0.4756,0.4756,0.4754,0.4755,484937673.5,1776419699999,230588178.6902200,2767,399561969.9,189991955.2081400,0
1776419700000,0.4754,0.4755,0.4753,0.4754,494768608.6,1776419999999,235218496.0492600,2835,433934907.8,206298155.1681200,0
1776420000000,0.4754,0.4778,0.4753,0.4778,541659558.6,1776420299999,258528448.4116300,3073,490924623.3,234307195.5259200,0
1776420300000,0.4778,0.4778,0.4776,0.4777,457394445.3,1776420599999,218538223.9072200,2665,388722332.6,185729748.1444200,0
1776420600000,0.4777,0.4777,0.4776,0.4776,499401013.1,1776420899999,238562276.3465700,2703,455052611.5,217378632.5135500,0
1776420900000,0.4776,0.4776,0.4775,0.4776,360626430.2,1776421199999,172235182.6431500,2194,302805990.5,144620141.0628000,0
1776421200000,0.4776,0.4776,0.4765,0.4765,328896502.5,1776421499999,156972736.9234400,2176,248275186.4,118486606.9625300,0
1776421500000,0.4766,0.4766,0.4764,0.4764,317622560.5,1776421799999,151365437.4370400,1977,266632409.0,127067314.9665600,0
1776421800000,0.4765,0.4765,0.4763,0.4764,465470262.1,1776422099999,221785994.8875500,2654,392820516.9,187173120.3204300,0
1776422100000,0.4763,0.4764,0.4762,0.4762,485358314.4,1776422399999,231218213.8074400,2777,404585485.5,192742697.9194300,0
1776422400000,0.4763,0.4763,0.4762,0.4762,483512460.1,1776422699999,230293840.9254400,2789,412914263.0,196671063.4669000,0
1776422700000,0.4762,0.4762,0.4761,0.4762,487216511.9,1776422999999,232012502.3831000,2651,461508639.0,219770413.8918000,0
1776423000000,0.4762,0.4762,0.476,0.476,518600835.0,1776423299999,246907518.2888000,2927,459231889.3,218641677.6800700,0
1776423300000,0.4761,0.4761,0.4752,0.4752,480715822.6,1776423599999,228564819.2182200,2939,372725798.9,177214424.3634300,0
1776423600000,0.4752,0.4753,0.4751,0.4751,465817224.5,1776423899999,221398193.7999300,2697,389686777.7,185217110.7276100,0
1776423900000,0.4752,0.4765,0.4751,0.4764,488569023.6,1776424199999,232488402.6211600,2848,407966160.0,194116541.2318400,0
1776424200000,0.4763,0.4764,0.4762,0.4763,510358565.8,1776424499999,243124604.3502500,2907,448300938.1,213564697.1051600,0
1776424500000,0.4763,0.4763,0.4761,0.4762,464091559.0,1776424799999,221041292.8154000,2687,394248474.6,187779121.7978300,0
1776424800000,0.4762,0.4762,0.4761,0.4761,510048253.8,1776425099999,242881834.6374100,2818,448970900.0,213799942.5800000,0
1776425100000,0.4761,0.4761,0.476,0.476,485450556.7,1776425399999,231123009.5571700,2641,429256374.7,204368959.9946700,0
1776425400000,0.4761,0.4761,0.4759,0.476,474692678.6,1776425699999,225955392.3501000,2696,412764245.5,196477243.2605300,0
1776425700000,0.4759,0.476,0.4758,0.4759,494100724.8,1776425999999,235148722.9767300,2826,430862637.8,205052862.7022600,0
1776426000000,0.4759,0.4759,0.4757,0.4757,334655532.2,1776426299999,159238099.9207400,2104,274415234.0,130575004.5261200,0
1776426300000,0.4758,0.4758,0.4756,0.4756,233067217.7,1776426599999,110878335.5808700,1559,175449324.6,83468837.3576100,0
1776426600000,0.4756,0.4757,0.4755,0.4755,474307733.3,1776426899999,225596658.6628900,2704,434200305.6,206521077.0009100,0
1776426900000,0.4756,0.4756,0.4754,0.4754,503266663.2,1776427199999,239328277.8241900,2874,432175658.0,205523179.1633100,0
1776427200000,0.4754,0.4755,0.4744,0.4744,515209342.5,1776427499999,244715619.5343800,2929,472220630.7,224283247.7686500,0
1776427500000,0.4744,0.4745,0.4743,0.4744,483939119.6,1776427799999,229584806.4156800,2813,425029951.8,201638282.2898000,0
1776427800000,0.4743,0.4744,0.4742,0.4742,471039410.0,1776428099999,223421050.0023800,2724,400723450.2,190069609.7556600,0
1776428100000,0.4742,0.4743,0.4741,0.4741,508953350.1,1776428399999,241357111.6384800,2898,436330366.4,206918180.2082700,0
1776428400000,0.4742,0.4742,0.474,0.474,511415412.2,1776428699999,242480846.5802400,2931,452114649.9,214366355.5175900,0
1776428700000,0.4741,0.4751,0.474,0.4751,538939954.1,1776428999999,255832138.5214300,2922,525272082.6,249352196.9515300,0
1776429000000,0.475,0.4751,0.4749,0.4749,488987355.1,1776429299999,232272393.1712500,2828,421405662.4,200171089.6400000,0
1776429300000,0.4749,0.475,0.4728,0.4728,499294272.2,1776429599999,236826452.2424800,3143,327085015.8,155070140.0322400,0
1776429600000,0.4728,0.4729,0.4727,0.4728,486351059.8,1776429899999,229952980.6229900,2801,411304775.2,194471097.7145600,0
1776429900000,0.4728,0.4743,0.4726,0.4742,481218706.9,1776430199999,227612917.8008100,2757,413676814.6,195682022.8175600,0
1776430200000,0.4743,0.4743,0.4736,0.4736,467073744.2,1776430499999,221375800.6942000,3179,203521421.3,96471485.4988500,0
1776430500000,0.4736,0.4743,0.4731,0.4743,480195419.5,1776430799999,227526346.0997400,2815,395708082.0,187510983.8993700,0
1776430800000,0.4743,0.4743,0.4728,0.4728,405934770.4,1776431099999,192236828.9455500,2881,197195802.6,93387299.1384300,0
1776431100000,0.4728,0.4729,0.4727,0.4728,321638759.0,1776431399999,152099808.8675500,1983,286985847.4,135715376.1113200,0
1776431400000,0.4728,0.475,0.4727,0.475,428767429.5,1776431699999,203100152.5668100,2310,414301534.1,196254073.3901800,0
1776431700000,0.475,0.4752,0.4748,0.4752,429929320.5,1776431999999,204215981.2835100,2495,351260761.8,166851527.4832900,0
1776432000000,0.4752,0.4753,0.4751,0.4752,458648024.4,1776432299999,217958127.4645800,2653,385824319.6,183351778.7095500,0
1776432300000,0.4751,0.4753,0.4745,0.4746,472343642.0,1776432599999,224380510.6535800,2719,416079137.1,197649019.3215900,0
1776432600000,0.4746,0.4761,0.4742,0.4743,483937899.8,1776432899999,229778112.2769600,2925,369893237.7,175597822.8749900,0
1776432900000,0.4742,0.4743,0.4741,0.4742,483074816.8,1776433199999,229090951.7017300,2773,427514526.8,202743654.8169700,0
1776433200000,0.4742,0.4742,0.4729,0.473,491059033.6,1776433499999,232691998.7530500,3101,329375683.7,156093296.7186200,0
1776433500000,0.4729,0.473,0.4729,0.473,469487693.6,1776433799999,222067678.5402400,2549,438669142.5,207490504.4025000,0
1776433800000,0.4729,0.4732,0.4728,0.4731,456969175.0,1776434099999,216118359.8737000,2631,385776824.5,182449878.5263600,0
1776434100000,0.4732,0.4732,0.473,0.4731,474845511.0,1776434399999,224661984.1095000,2703,392912939.8,185898524.4191600,0
1776434400000,0.4731,0.4737,0.4729,0.4736,458469217.6,1776434699999,216989686.0980500,2761,355682250.9,168346584.2578600,0
1776434700000,0.4736,0.4736,0.4734,0.4735,497338338.7,1776434999999,235529478.3052800,2838,430125783.2,203701941.8107700,0
1776435000000,0.4735,0.4735,0.4733,0.4734,395492504.3,1776435299999,187261771.1116200,2410,352520590.0,166917999.5854200,0
1776435300000,0.4734,0.4734,0.4733,0.4733,383342123.4,1776435599999,181472589.0783400,2144,350317168.6,165840147.6152400,0
1776435600000,0.4733,0.4733,0.4732,0.4733,377354534.9,1776435899999,178601900.9641200,2216,324961367.6,153804215.2850800,0
1776435900000,0.4733,0.4738,0.4731,0.4738,482686671.6,1776436199999,228435085.1092800,2784,395911163.4,187370373.1146100,0
1776436200000,0.4738,0.4744,0.4736,0.4742,403858499.6,1776436499999,191370959.6280500,2438,341604187.9,161876968.0894700,0
1776436500000,0.4743,0.4743,0.4741,0.4741,484432831.1,1776436799999,229763227.5146700,2763,427699810.0,202858019.8830000,0
1776436800000,0.4742,0.4742,0.4741,0.4742,454629414.9,1776437099999,215585267.9899500,2477,426953662.9,202461426.9471800,0
1776437100000,0.4742,0.4742,0.474,0.474,475783962.8,1776437399999,225568590.4172300,2780,393257283.7,186443378.2084900,0
1776437400000,0.474,0.474,0.4737,0.4737,493373566.0,1776437699999,233766969.8427500,2822,429969070.3,203719345.5081400,0
1776437700000,0.4738,0.4738,0.4736,0.4737,462593212.1,1776437999999,219133504.1002200,2713,386399099.9,183040353.6289700,0
1776438000000,0.4737,0.4737,0.4735,0.4736,452837787.3,1776438299999,214469067.6030800,2643,398209138.3,188596333.2400200,0
1776438300000,0.4736,0.4752,0.4734,0.4751,510145161.5,1776438599999,241696045.5049400,2935,443345320.5,210065444.0574500,0
1776438600000,0.4752,0.4765,0.475,0.4759,515858141.7,1776438899999,245538031.4309100,3131,420321470.1,200085569.2564900,0
1776438900000,0.4759,0.4759,0.4757,0.4757,463220055.6,1776439199999,220432279.0529800,2730,393097528.8,187065862.8113100,0
1776439200000,0.4758,0.4758,0.4756,0.4757,486680828.1,1776439499999,231550063.7451000,2846,401089689.3,190831415.6428200,0
1776439500000,0.4757,0.4757,0.4755,0.4755,465067589.7,1776439799999,221223507.7105800,2711,384855688.2,183071727.9325100,0
1776439800000,0.4756,0.4756,0.4754,0.4754,467262250.8,1776440099999,222225264.3186800,2686,398196776.0,189382386.6656000,0
1776440100000,0.4755,0.4755,0.4754,0.4754,342291526.4,1776440399999,162758819.1057100,2069,306367638.8,145677812.2494000,0
1776440400000,0.4754,0.4754,0.4747,0.4748,342146647.8,1776440699999,162610478.1200000,2336,213324351.8,101403923.6912200,0
1776440700000,0.4748,0.4748,0.4746,0.4746,318334756.7,1776440999999,151137869.6461200,2007,268259858.2,127365609.2443100,0
1776441000000,0.4747,0.4747,0.4745,0.4746,477503044.5,1776441299999,226665979.4327800,2761,393375084.2,186735122.2361700,0
1776441300000,0.4746,0.4746,0.4727,0.4727,479060065.7,1776441599999,227302164.5283000,2823,366539890.7,173959832.1262200,0
1776441600000,0.4727,0.4808,0.4727,0.4806,552187823.5,1776441899999,265103605.4027300,3131,509338208.8,244505812.8479400,0
1776441900000,0.4806,0.4807,0.4805,0.4806,500275093.7,1776442199999,240449210.7464500,2859,438073688.4,210554071.9133700,0
1776442200000,0.4805,0.4806,0.4804,0.4805,491191898.7,1776442499999,236039337.2790900,2823,422468659.1,203016741.7894800,0
1776442500000,0.4805,0.4805,0.4803,0.4804,509641895.1,1776442799999,244859840.8840200,2901,448339479.8,215409218.5420700,0
1776442800000,0.4803,0.4804,0.4802,0.4803,502776455.3,1776443099999,241515064.2094100,2877,451126034.3,216706630.1805700,0
1776443100000,0.4802,0.4804,0.4802,0.4803,543965145.6,1776443399999,261304780.0083200,3094,504310995.1,242258301.0220400,0
1776443400000,0.4803,0.4803,0.4796,0.4796,485542823.1,1776443699999,233018692.5987500,2899,362516187.3,173971381.8759500,0
1776443700000,0.4797,0.4797,0.4795,0.4795,448922682.0,1776443999999,215328406.2485200,2638,392005679.3,188029528.9684400,0
1776444000000,0.4795,0.4805,0.4795,0.4803,516778677.8,1776444299999,248210586.1315000,2844,476980039.5,229092096.5021300,0
1776444300000,0.4803,0.4804,0.4802,0.4802,511243509.2,1776444599999,245564331.7969500,2867,447090970.5,214751652.3891700,0
1776444600000,0.4803,0.4803,0.4801,0.4802,414760474.5,1776444899999,199181351.5833400,2335,348770321.4,167491683.1948800,0
1776444900000,0.4801,0.4802,0.48,0.4801,342217609.3,1776445199999,164313234.3076700,2117,272206659.2,130700018.1212100,0
1776445200000,0.4801,0.4801,0.4799,0.4799,408917407.1,1776445499999,196300600.7481400,2442,362936792.3,174229163.3034600,0
1776445500000,0.48,0.48,0.4795,0.4795,416063673.8,1776445799999,199674109.2414400,2622,269047247.5,129138799.3030000,0
1776445800000,0.4795,0.4795,0.4756,0.4757,472793784.1,1776446099999,224984005.9983100,2744,379310669.8,180438085.6238600,0
1776446100000,0.4757,0.4774,0.4755,0.4774,465668290.5,1776446399999,222104778.9339300,2730,396073118.7,188957777.7959400,0
1776446400000,0.4774,0.4774,0.4772,0.4773,387351686.3,1776446699999,184896462.3823800,2291,326933579.6,156057788.8838200,0
1776446700000,0.4772,0.4773,0.4745,0.4746,426176513.2,1776446999999,202896057.7749300,2674,331065697.4,157641649.0377700,0
1776447000000,0.4746,0.4746,0.4745,0.4745,393738032.7,1776447299999,186865712.2657200,2257,361858181.3,171737892.8449800,0
1776447300000,0.4745,0.4745,0.4744,0.4745,345514421.6,1776447599999,163946592.5739000,2038,312276897.6,148175387.9112000,0
1776447600000,0.4744,0.4745,0.4743,0.4744,383948601.8,1776447899999,182148016.2799900,2284,332166773.2,157582717.2124000,0
1776447900000,0.4744,0.4744,0.4742,0.4743,332963583.6,1776448199999,157929788.5151500,2075,281211890.3,133383791.0413200,0
1776448200000,0.4743,0.4743,0.4741,0.4741,437902243.1,1776448499999,207663357.5484500,2525,368794053.4,174892254.3117100,0
1776448500000,0.4742,0.4742,0.474,0.4741,504236857.5,1776448799999,239076882.6544500,2894,436623302.8,207020557.7929700,0
1776448800000,0.4741,0.4769,0.4739,0.4769,533649203.4,1776449099999,253375800.8809500,3089,477252419.4,226642848.1469800,0
1776449100000,0.4769,0.4769,0.4767,0.4768,489910168.4,1776449399999,233602267.9509000,2772,431519731.6,205761708.0394900,0
1776449400000,0.4768,0.4768,0.4766,0.4767,455077927.6,1776449699999,216951581.7777500,2629,406953271.7,194009953.8087800,0
1776449700000,0.4767,0.4778,0.4765,0.4777,521462644.1,1776449999999,248780895.7924500,2948,448649242.0,214063804.1516200,0
1776450000000,0.4777,0.4788,0.4777,0.4787,491076655.3,1776450299999,235027628.7089500,2813,421551455.0,201753122.5263900,0
1776450300000,0.4786,0.4787,0.4786,0.4786,376488940.1,1776450599999,180224469.3193400,2132,347934703.6,166556342.6133200,0
1776450600000,0.4786,0.4786,0.4785,0.4785,382767434.9,1776450899999,183192493.6402900,2260,332726976.0,159243130.7136000,0
1776450900000,0.4786,0.4786,0.4784,0.4784,405137610.5,1776451199999,193860746.1626000,2387,362765282.6,173585587.7241000,0
1776451200000,0.4784,0.4785,0.4783,0.4784,462081460.2,1776451499999,221065115.0051200,2597,385813241.9,184578075.0738300,0
1776451500000,0.4784,0.4784,0.4782,0.4783,444866075.6,1776451799999,212789436.1237600,2546,365604435.3,174877615.7172800,0
1776451800000,0.4783,0.4783,0.4771,0.4772,463220496.2,1776452099999,221350674.7384800,2891,292820436.5,139924942.3933100,0
1776452100000,0.4772,0.4772,0.4761,0.4762,442327180.4,1776452399999,210808791.1298300,2498,356892852.6,170071413.0814200,0
1776452400000,0.4761,0.4762,0.476,0.4761,436755124.5,1776452699999,207951900.6380700,2477,359446013.3,171143247.6719300,0
1776452700000,0.4761,0.4761,0.4759,0.4759,389078653.3,1776452999999,185218928.8588200,2307,333672760.1,158844626.0405600,0
1776453000000,0.476,0.476,0.4758,0.4759,324756971.3,1776453299999,154568488.5037900,1992,283832772.9,135092331.8358000,0
1776453300000,0.4759,0.4759,0.4757,0.4757,423884979.8,1776453599999,201712773.2245500,2513,379278029.5,180488786.4550600,0
1776453600000,0.4758,0.4758,0.4743,0.4743,374607230.4,1776453899999,177990529.2961000,2462,281718718.1,133861673.4359000,0
1776453900000,0.4743,0.4751,0.4742,0.4744,463588997.4,1776454199999,220128582.6069500,2883,382901297.8,181811416.5284200,0
1776454200000,0.4745,0.475,0.4744,0.4749,499782328.9,1776454499999,237324425.7434700,2884,443602478.4,210645816.6214700,0
1776454500000,0.4749,0.4749,0.4737,0.4737,491642368.6,1776454799999,233416295.8848000,2992,367977262.6,174716715.3507700,0
1776454800000,0.4737,0.4741,0.4736,0.4741,501087503.0,1776455099999,237441837.1516400,2849,427534138.0,202593361.4662600,0
1776455100000,0.4741,0.4741,0.4733,0.4738,529392684.1,1776455399999,250814846.2246500,3057,459633230.4,217752331.5788000,0
1776455400000,0.4739,0.4739,0.4737,0.4737,516505376.2,1776455699999,244738291.6971900,2970,462464493.2,219132045.2344500,0
1776455700000,0.4738,0.4738,0.4736,0.4738,481212500.2,1776455999999,227986694.5397800,2821,402280778.0,190593739.5601700,0
1776456000000,0.4738,0.4741,0.4737,0.4739,508799069.5,1776456299999,241133251.3669300,2937,454146095.7,215229618.2933900,0
1776456300000,0.4739,0.474,0.4739,0.4739,507087699.6,1776456599999,240355774.5170700,2881,449012559.7,212831953.2978000,0
1776456600000,0.4739,0.4739,0.4738,0.4738,473691345.2,1776456899999,224481542.1609800,2690,418961741.7,198545969.3916300,0
1776456900000,0.4738,0.4738,0.4737,0.4738,439339858.5,1776457199999,208159224.5321900,2655,351147144.8,166373517.2062400,0
1776457200000,0.4737,0.4738,0.4736,0.4737,478871678.1,1776457499999,226845532.7960800,2758,401054570.1,189983306.9378500,0
1776457500000,0.4736,0.4737,0.4735,0.4735,483703724.5,1776457799999,229091327.5940300,2809,408533761.0,193490333.2602500,0
1776457800000,0.4736,0.4736,0.4732,0.4733,331852521.7,1776458099999,157095149.3845900,2033,281655104.4,133328935.8501000,0
1776458100000,0.4733,0.4733,0.4731,0.4731,307934430.6,1776458399999,145720858.4059200,1856,258430851.3,122295764.9340500,0
1776458400000,0.4732,0.4732,0.473,0.473,287616354.8,1776458699999,136080968.1433600,1882,237889752.5,112555121.2246700,0
1776458700000,0.4731,0.4731,0.4729,0.473,255907718.3,1776458999999,121055010.1468600,1758,213068849.9,100791610.0576700,0
1776459000000,0.473,0.4788,0.4729,0.4786,491753087.1,1776459299999,233994181.8665000,2913,456463889.0,217123630.9357700,0
1776459300000,0.4787,0.4787,0.4785,0.4786,277903088.2,1776459599999,133027492.9325500,1913,228159697.4,109217966.5644100,0
1776459600000,0.4786,0.4786,0.4784,0.4785,304760869.1,1776459899999,145851650.7597500,2017,241517032.9,115586530.3824800,0
1776459900000,0.4784,0.4785,0.4784,0.4784,325490072.5,1776460199999,155743070.1973500,2115,253970199.7,121524740.5564500,0
1776460200000,0.4784,0.4784,0.4783,0.4783,521249258.2,1776460499999,249364072.8525500,2883,484907243.2,231979625.1468800,0
1776460500000,0.4783,0.4783,0.4782,0.4782,485450946.8,1776460799999,232191187.3028200,2759,432693175.6,206957145.8894800,0
1776460800000,0.4783,0.4783,0.4781,0.4782,480845198.8,1776461099999,229943237.2342500,2766,409360625.2,195758983.7803300,0
1776461100000,0.4782,0.4782,0.478,0.4781,491800848.6,1776461399999,235137044.7197200,2851,434781460.0,207875394.1169700,0
1776461400000,0.478,0.4781,0.4779,0.478,471312700.0,1776461699999,225299670.2337100,2800,404337565.7,193285556.4046000,0
1776461700000,0.478,0.478,0.4778,0.4779,415997720.6,1776461999999,198817893.0604200,2569,335594078.8,160391406.2649400,0
1776462000000,0.4778,0.4779,0.4777,0.4778,381633702.5,1776462299999,182358977.0416200,2312,320716011.5,153251791.1390200,0
1776462300000,0.4778,0.4797,0.4777,0.4795,521515489.6,1776462599999,250027728.0629200,3111,468764792.7,224730571.5824500,0
1776462600000,0.4796,0.4796,0.4794,0.4795,466656730.4,1776462899999,223786622.1569900,2743,385470161.9,184855408.4504500,0
1776462900000,0.4795,0.4795,0.4793,0.4794,422562716.5,1776463199999,202604084.3757000,2524,352620687.0,169071194.9410700,0
1776463200000,0.4793,0.4794,0.4792,0.4792,262935916.8,1776463499999,126042551.0346600,1783,221314568.2,106091803.9950800,0
1776463500000,0.4792,0.4793,0.4791,0.4792,349093303.0,1776463799999,167314132.9519100,2183,305152602.8,146256448.9972500,0
1776463800000,0.4792,0.4792,0.479,0.4791,238907561.8,1776464099999,114479472.8813300,1757,187515720.9,89855961.8100200,0
1776464100000,0.4791,0.4791,0.479,0.479,334737400.2,1776464399999,160368760.8177300,2152,265207446.8,127060787.7618800,0
1776464400000,0.479,0.479,0.4789,0.4789,355788921.3,1776464699999,170420535.3914300,2277,300092512.8,143744313.6312000,0
1776464700000,0.4789,0.4789,0.4788,0.4789,298619875.4,1776464999999,143009057.9500500,1949,262797599.6,125853770.4484400,0
1776465000000,0.4789,0.4789,0.4787,0.4788,450252439.2,1776465299999,215581982.8716600,2663,381517376.2,182671519.7464800,0
1776465300000,0.4787,0.4788,0.4786,0.4787,493933008.3,1776465599999,236450603.0263400,2838,428147779.8,204958854.1950600,0
1776465600000,0.4786,0.4787,0.4785,0.4785,480358654.9,1776465899999,229907795.8979500,2798,399770407.2,191337306.7003900,0
1776465900000,0.4786,0.4786,0.4784,0.4785,509807473.0,1776466199999,243954680.0321500,2941,432192078.7,206815064.6189300,0
1776466200000,0.4785,0.4785,0.4783,0.4783,481724001.3,1776466499999,230473286.5059400,2820,409135798.3,195745932.0999300,0
1776466500000,0.4784,0.4784,0.4782,0.4782,488992010.4,1776466799999,233905173.0203900,2840,428015504.9,204739650.5858300,0
1776466800000,0.4783,0.4783,0.4781,0.4782,409206035.6,1776467099999,195703029.5885000,2449,348492280.5,166668182.6049900,0
1776467100000,0.4781,0.4782,0.478,0.4781,457249621.6,1776467399999,218635348.9185300,2668,396965162.6,189812370.2672200,0
1776467400000,0.478,0.4781,0.4779,0.478,473788726.5,1776467699999,226500885.8313900,2773,407391935.0,194761169.9795500,0
1776467700000,0.4779,0.478,0.4778,0.4778,436290732.0,1776467999999,208535592.8081200,2580,366007055.9,174944204.4484100,0
1776468000000,0.4779,0.4779,0.4777,0.4777,339780578.3,1776468299999,162373750.0005800,2153,279756088.2,133692063.1903600,0
1776468300000,0.4778,0.4778,0.4776,0.4776,361457209.6,1776468599999,172696825.0604700,2250,316618672.4,151276315.8495400,0
1776468600000,0.4777,0.4777,0.4751,0.4751,439026366.6,1776468899999,209636795.9426000,2636,387750994.5,185148650.0726500,0
1776468900000,0.4752,0.4752,0.475,0.4751,484830036.5,1776469199999,230381730.6056300,2826,425786643.2,202328406.7622000,0
1776469200000,0.4751,0.4751,0.4749,0.4749,519560807.4,1776469499999,246836703.2832900,2984,460554363.6,218807075.8059900,0
1776469500000,0.475,0.475,0.4749,0.4749,540831108.0,1776469799999,256892418.0946600,2991,513276286.6,243806236.1350000,0
1776469800000,0.4749,0.476,0.4748,0.4758,517554598.3,1776470099999,246192343.1993000,3099,434765686.8,206831014.8886700,0
1776470100000,0.4759,0.4759,0.4757,0.4757,489664965.3,1776470399999,233011695.1820700,2837,412931998.2,196500347.8725400,0
1776470400000,0.4758,0.4859,0.4757,0.4858,581707588.5,1776470699999,281203134.3543000,3475,542702042.6,262265164.2123000,0
1776470700000,0.4858,0.4858,0.483,0.4832,465325606.5,1776470999999,225113306.4738100,2770,384895493.6,186173620.6157100,0
1776471000000,0.4832,0.4833,0.4831,0.4831,523915848.3,1776471299999,253163736.1294100,2937,467037846.9,225680287.6220800,0
1776471300000,0.4831,0.4832,0.483,0.483,514200922.8,1776471599999,248422465.4227000,2889,459567750.6,222029180.3148600,0
1776471600000,0.483,0.4831,0.4826,0.4827,466234163.8,1776471899999,225072003.1228100,2717,388846578.6,187705043.4902200,0
1776471900000,0.4826,0.4827,0.4825,0.4826,370849668.6,1776472199999,178979507.9811000,2277,303861841.2,146650799.7163700,0
1776472200000,0.4826,0.4826,0.4824,0.4824,318808355.3,1776472499999,153829389.9011400,2072,232237726.5,112061448.3173200,0
1776472500000,0.4824,0.4824,0.4814,0.4814,265844301.2,1776472799999,128020447.4631500,1716,209155032.9,100708148.3413500,0
1776472800000,0.4814,0.4814,0.4812,0.4812,327003686.4,1776473099999,157412346.8629000,2193,263095631.0,126650879.2983300,0
1776473100000,0.4813,0.4813,0.4812,0.4812,379420270.4,1776473399999,182610049.7046800,2195,302672421.6,145676236.5160800,0
1776473400000,0.4811,0.4812,0.4811,0.4811,385371067.1,1776473699999,185439771.1324600,2092,375353240.4,180619979.2804800,0
1776473700000,0.4811,0.4819,0.481,0.4819,478143433.2,1776473999999,230178912.2663100,2783,437188393.6,210474641.4482500,0
1776474000000,0.4819,0.4819,0.4817,0.4817,483216987.9,1776474299999,232845463.4075100,2819,411511520.3,198295728.0724500,0
1776474300000,0.4818,0.4818,0.4806,0.4807,528513747.0,1776474599999,254534936.0253500,3139,430642795.8,207409446.4315500,0
1776474600000,0.4807,0.4807,0.4805,0.4805,491360737.5,1776474899999,236152869.9945700,2821,405373696.8,194827498.6883300,0
1776474900000,0.4806,0.4806,0.4804,0.4804,492077398.6,1776475199999,236450819.6901100,2858,423347993.3,203425485.1694500,0
1776475200000,0.4805,0.4805,0.4803,0.4804,457876661.3,1776475499999,219975236.2802500,2739,389678308.1,187212075.6545100,0
1776475500000,0.4804,0.4804,0.4802,0.4802,472639936.4,1776475799999,227025847.7190600,2795,406995387.5,195496464.7224800,0
1776475800000,0.4803,0.4803,0.4801,0.4801,470708732.9,1776476099999,226053293.0338600,2770,397107513.3,190708694.5603700,0
1776476100000,0.4802,0.4808,0.4801,0.4806,525752445.1,1776476399999,252706468.1081400,3198,419138645.2,201461559.5593000,0
1776476400000,0.4806,0.4806,0.4805,0.4805,451492596.3,1776476699999,216984983.8395700,2558,383599854.4,184358090.0246400,0
1776476700000,0.4805,0.4805,0.4804,0.4805,408634037.3,1776476999999,196348654.5361100,2347,358428762.8,172225020.5254000,0
1776477000000,0.4805,0.4805,0.4803,0.4804,414634200.2,1776477299999,199190869.3944900,2447,342101727.0,164346169.6570500,0
1776477300000,0.4804,0.4805,0.4802,0.4804,330336120.4,1776477599999,158714717.8500000,2160,269772589.7,129621060.2210700,0
1776477600000,0.4805,0.4805,0.4803,0.4803,403457649.5,1776477899999,193832927.6814800,2499,350989757.1,168626519.8054600,0
1776477900000,0.4804,0.4804,0.4802,0.4802,398403971.6,1776478199999,191368906.5272000,2449,327262216.1,157198126.6293900,0
1776478200000,0.4803,0.4803,0.4801,0.4802,427178830.2,1776478499999,205149775.5728000,2543,369884530.2,177636098.6848300,0
1776478500000,0.4802,0.4802,0.4787,0.4787,477670816.7,1776478799999,229105559.4712900,2875,376535933.0,180618006.6583900,0
1776478800000,0.4788,0.4788,0.4786,0.4786,496475538.5,1776479099999,237707572.2898200,2850,421737377.4,201927704.6591000,0
1776479100000,0.4787,0.4787,0.4786,0.4786,505933378.9,1776479399999,242188736.2177800,2773,456531527.4,218541642.1663800,0
1776479400000,0.4786,0.4786,0.4785,0.4785,467876354.8,1776479699999,223925622.9023200,2711,408473140.5,195495245.0433000,0
1776479700000,0.4786,0.4786,0.4784,0.4784,472488138.7,1776479999999,226088415.9227900,2760,407892261.7,195179159.6900600,0
1776480000000,0.4785,0.4785,0.4783,0.4783,506925833.3,1776480299999,242520289.8421000,2905,437317985.6,209219760.0409200,0
1776480300000,0.4784,0.4784,0.4778,0.4778,502335901.3,1776480599999,240259044.8593600,3070,396694849.9,189735790.2871900,0
1776480600000,0.4779,0.4779,0.4777,0.4778,492654439.7,1776480899999,235392190.8133900,2850,409194218.8,195514785.5370300,0
1776480900000,0.4778,0.4778,0.4776,0.4776,495454001.5,1776481199999,236684847.2537400,2857,424764353.0,202915999.5192400,0
1776481200000,0.4777,0.4777,0.4775,0.4775,483807740.9,1776481499999,231076121.9702400,2744,417749368.1,199525949.1721500,0
1776481500000,0.4775,0.4776,0.4774,0.4775,442208517.6,1776481799999,211168140.0749100,2550,357860550.4,170891062.4942400,0
1776481800000,0.4775,0.4775,0.4773,0.4774,407775372.5,1776482099999,194686507.4945400,2392,330980070.5,158023089.6291800,0
1776482100000,0.4773,0.4778,0.4772,0.4776,430003574.8,1776482399999,205295238.8693700,2558,359792581.2,171778352.4669200,0
1776482400000,0.4775,0.4776,0.4774,0.4775,492426842.9,1776482699999,235168356.5807900,2845,447141838.3,213544196.1068000,0
1776482700000,0.4775,0.4775,0.4773,0.4774,434642234.0,1776482999999,207536149.9357800,2617,384627556.5,183657416.1696500,0
1776483000000,0.4774,0.4774,0.4772,0.4772,355044630.7,1776483299999,169494748.7216000,2283,311224629.2,148577175.0965900,0
1776483300000,0.4772,0.4773,0.4762,0.4764,426213676.4,1776483599999,203212152.9741600,2690,320025653.9,152583951.7859900,0
1776483600000,0.4765,0.4765,0.4763,0.4764,510918509.9,1776483899999,243432836.9258300,2938,454776801.3,216686103.0620100,0
1776483900000,0.4764,0.4764,0.4762,0.4763,474146544.7,1776484199999,225869296.1938500,2779,408491311.8,194595758.5751600,0
1776484200000,0.4763,0.4763,0.4761,0.4762,472934479.9,1776484499999,225249262.0418300,2729,408765233.6,194690631.6691600,0
1776484500000,0.4762,0.4762,0.473,0.4731,495216846.9,1776484799999,235606565.1586800,2853,424586238.0,201992739.1112500,0
1776484800000,0.4731,0.4731,0.4729,0.473,496935255.6,1776485099999,235057463.2397400,2843,435707841.7,206096466.1169400,0
1776485100000,0.4729,0.4744,0.4728,0.4744,523492404.2,1776485399999,248027870.2656300,3018,464626748.3,220171391.9246800,0
1776485400000,0.4744,0.4744,0.4742,0.4743,514059140.8,1776485699999,243826508.2485000,2962,448606372.5,212781800.2982600,0
1776485700000,0.4743,0.4767,0.4741,0.4767,552355616.2,1776485999999,262249081.1161600,3203,495998732.4,235524544.8664100,0
1776486000000,0.4767,0.4767,0.4765,0.4766,510452765.2,1776486299999,243323287.8276500,2965,473081951.3,225512358.0147800,0
1776486300000,0.4766,0.4766,0.4762,0.4763,459227827.6,1776486599999,218773710.9268400,2830,328917911.7,156694405.6808300,0
1776486600000,0.4763,0.4763,0.4761,0.4762,463783876.0,1776486899999,220891601.3042300,2700,382037384.2,181960988.2211600,0
1776486900000,0.4762,0.4762,0.4761,0.4761,424362835.8,1776487199999,202077652.7668100,2480,363448821.1,173074328.6078200,0
1776487200000,0.4761,0.4761,0.476,0.476,373497348.8,1776487499999,177822087.2414900,2173,343927900.9,163744073.6184900,0
1776487500000,0.476,0.476,0.4759,0.476,291737160.6,1776487799999,138866887.9992800,1858,243879929.1,116086846.2516000,0
1776487800000,0.4759,0.476,0.4758,0.4758,233764750.9,1776488099999,111250944.6537300,1589,192765503.5,91739403.1219500,0
1776488100000,0.4759,0.4759,0.4757,0.4758,313874424.5,1776488399999,149346350.7551400,1942,270636128.7,128773570.0417700,0
1776488400000,0.4758,0.4758,0.4756,0.4756,221908817.6,1776488699999,105567025.5760800,1620,177090567.3,84246739.1090000,0
1776488700000,0.4757,0.4759,0.4755,0.4759,326161420.2,1776488999999,155140329.6248400,2084,293156121.0,139443009.4985100,0
1776489000000,0.4759,0.4761,0.4758,0.476,300613909.8,1776489299999,143065672.7234700,1930,281738024.0,134083895.1386700,0
1776489300000,0.476,0.476,0.4758,0.4759,273307259.1,1776489599999,130087340.0438800,1636,228486439.9,108756967.1622100,0
1776489600000,0.4758,0.4759,0.4757,0.4758,491723646.5,1776489899999,234006067.7956100,2787,433747624.8,206419424.2285200,0
1776489900000,0.4758,0.4758,0.4757,0.4757,479420153.8,1776490199999,228105751.1738200,2698,413716764.5,196846436.5491000,0
1776490200000,0.4757,0.4761,0.4756,0.476,521622638.1,1776490499999,248234746.3837500,2958,480056379.8,228461676.7132500,0
1776490500000,0.476,0.4761,0.4759,0.4759,521781335.6,1776490799999,248384215.3740900,2965,460340204.1,219138199.4416800,0
1776490800000,0.476,0.476,0.4758,0.4759,524764105.3,1776491099999,249753838.4286900,2997,462666304.7,220199984.3550100,0
1776491100000,0.4758,0.4759,0.4757,0.4758,523960801.7,1776491399999,249324039.5641800,2966,455847464.2,216914631.2269100,0
1776491400000,0.4757,0.4784,0.4756,0.4783,529569472.7,1776491699999,252257443.9608200,3208,445190985.5,212054885.3024900,0
1776491700000,0.4783,0.4783,0.4778,0.4778,396367036.7,1776491999999,189462584.2151400,2417,317231151.8,151635662.7540000,0
1776492000000,0.4779,0.478,0.4778,0.4779,460487323.6,1776492299999,220088208.9999800,2530,411396506.3,196625255.0321500,0
1776492300000,0.4779,0.4779,0.4767,0.4767,481305790.0,1776492599999,229944630.8837300,2885,397477721.0,189892272.4047400,0
1776492600000,0.4768,0.4768,0.4766,0.4767,381354939.2,1776492899999,181814974.1383800,2293,305951428.1,145868489.6293500,0
1776492900000,0.4767,0.4767,0.4765,0.4766,481376935.1,1776493199999,229454310.2782400,2743,403592257.0,192380653.2855800,0
1776493200000,0.4766,0.4766,0.4764,0.4765,484642257.7,1776493499999,230966440.3440300,2813,399578341.3,190430101.8927000,0
1776493500000,0.4765,0.4798,0.4764,0.4797,526923216.0,1776493799999,251584168.3020400,2897,501828418.9,239626493.2720900,0
1776493800000,0.4798,0.4798,0.4796,0.4796,520034384.0,1776494099999,249489893.7938100,2974,467744028.3,224406210.3900900,0
1776494100000,0.4797,0.4805,0.4796,0.4805,489251574.3,1776494399999,234812040.9490600,2759,447349199.7,214710628.2374700,0
1776494400000,0.4805,0.4805,0.4782,0.4782,446626974.1,1776494699999,213989960.5383200,2796,343002568.5,164245185.3617700,0
1776494700000,0.4783,0.4803,0.4781,0.4803,501933563.6,1776494999999,240256563.4994400,2896,429740421.4,205712382.9884200,0
1776495000000,0.4803,0.4803,0.4801,0.4801,477654461.4,1776495299999,229380573.5316100,2776,398582115.6,191409505.8209300,0
1776495300000,0.4802,0.4802,0.48,0.48,505500214.7,1776495599999,242704524.6719900,2874,431681470.5,207263210.1673300,0
1776495600000,0.48,0.4801,0.4799,0.48,492753470.9,1776495899999,236539924.3038000,2810,409861965.0,196750374.2680500,0
1776495900000,0.48,0.48,0.4798,0.4799,493074461.5,1776496199999,236648236.8949400,2780,418152620.0,200692091.8682900,0
1776496200000,0.4799,0.4799,0.4797,0.4798,484641329.4,1776496499999,232554684.3803400,2727,400939922.3,192392404.5493800,0
1776496500000,0.4797,0.4798,0.4796,0.4797,456646328.1,1776496799999,219078287.9342900,2636,388721031.7,186492680.5401000,0
1776496800000,0.4796,0.4797,0.4795,0.4796,484996311.0,1776497099999,232636089.5995500,2796,410017045.5,196674066.4232300,0
1776497100000,0.4796,0.4796,0.4794,0.4795,465800189.7,1776497399999,223383509.6967600,2722,378318747.1,181432885.6870300,0
1776497400000,0.4794,0.4812,0.4794,0.4812,495784377.2,1776497699999,237905520.2362900,2730,474408410.8,227655743.2386400,0
1776497700000,0.4812,0.4843,0.4811,0.4843,529854715.4,1776497999999,256042060.5030800,2896,513958645.7,248350204.0827800,0
1776498000000,0.4843,0.4848,0.4841,0.4847,490370942.9,1776498299999,237451983.3889000,2840,431232960.5,208816625.8390400,0
1776498300000,0.4847,0.4856,0.4847,0.4855,410383190.6,1776498599999,199228020.3073200,2351,397653927.2,193046691.1224800,0
1776498600000,0.4855,0.4856,0.4854,0.4855,426775916.6,1776498899999,207201307.0201900,2540,378150110.9,183593478.8419500,0
1776498900000,0.4855,0.4882,0.4854,0.488,513583120.6,1776499199999,250434800.0611600,3053,458545030.7,223574079.8545100,0
1776499200000,0.488,0.4972,0.488,0.4951,500146312.8,1776499499999,248135669.1383300,3089,409402882.2,203133097.3709300,0
1776499500000,0.4951,0.4974,0.4951,0.4974,512088204.5,1776499799999,254101343.6024500,3070,467733584.2,232093176.5028400,0
1776499800000,0.4974,0.4981,0.4973,0.498,504628207.3,1776500099999,251237173.7375800,3025,462314639.6,230165018.5269800,0
1776500100000,0.498,0.498,0.4951,0.4963,427916854.8,1776500399999,212901331.9215800,2513,349022148.6,173643426.4624000,0
1776500400000,0.4963,0.4964,0.4949,0.4949,522382787.2,1776500699999,259044404.0519700,2954,458285580.7,227252170.7175800,0
1776500700000,0.4949,0.495,0.4948,0.4948,487500147.8,1776500999999,241266250.5531000,2813,412230166.1,204015075.6036800,0
1776501000000,0.4949,0.4949,0.4946,0.4946,381235714.9,1776501299999,188617237.8295300,2439,267939439.1,132563620.5402900,0
1776501300000,0.4946,0.4947,0.4923,0.4925,381931447.6,1776501599999,188840858.8661600,2402,285730757.7,141274161.4499700,0
1776501600000,0.4926,0.4926,0.4916,0.4916,483987996.1,1776501899999,238285482.6553500,2785,406709775.5,200234583.0040200,0
1776501900000,0.4917,0.4919,0.4916,0.4918,496078327.4,1776502199999,243980271.6559800,2857,432266441.0,212596273.1053400,0
1776502200000,0.4918,0.4918,0.4915,0.4916,485355774.8,1776502499999,238638972.8322200,2973,383771254.8,188695178.1942200,0
1776502500000,0.4916,0.4916,0.4914,0.4914,450903527.9,1776502799999,221646241.6873200,2614,389658869.8,191543661.5634600,0
1776502800000,0.4915,0.493,0.4913,0.493,521306253.5,1776503099999,256352326.6711900,2979,452510521.2,222537720.3511300,0
1776503100000,0.493,0.5051,0.4929,0.5018,461407724.0,1776503399999,229941278.3745700,2978,394617254.5,196416819.6900900,0
1776503400000,0.5018,0.5018,0.4967,0.4996,326816724.1,1776503699999,163073056.1643700,2273,250217487.7,124757667.5154800,0
1776503700000,0.4995,0.4996,0.4971,0.4972,457866956.6,1776503999999,228553376.5109100,2822,377358289.4,188357909.2510600,0
1776504000000,0.4972,0.4972,0.497,0.4971,511795982.7,1776504299999,254448874.4748100,2938,455353814.4,226389738.6283100,0
1776504300000,0.497,0.4971,0.4969,0.4969,477945889.7,1776504599999,237573812.4822000,2757,409821208.9,203713278.1712600,0
1776504600000,0.4969,0.5062,0.4969,0.5062,511135151.2,1776504899999,256612260.2517800,2948,495983012.3,249081577.7145400,0
1776504900000,0.5062,0.5135,0.5062,0.5134,471151720.3,1776505199999,241384913.3769000,3025,439881086.2,225428136.5579900,0
1776505200000,0.5134,0.5134,0.5055,0.5056,490883048.6,1776505499999,249791615.2215000,3033,397548228.2,202150780.1570600,0
1776505500000,0.5056,0.5056,0.5054,0.5055,500500022.2,1776505799999,253018234.0483200,2892,445067743.0,224996564.0438400,0
1776505800000,0.5055,0.5075,0.5053,0.5074,487366793.9,1776506099999,246510164.7174200,2856,423677557.9,214308764.3270900,0
1776506100000,0.5075,0.5087,0.5073,0.5087,442924788.9,1776506399999,224791402.5980900,2624,404234288.7,205157848.9500600,0
1776506400000,0.5087,0.5087,0.5069,0.5072,429948473.8,1776506699999,218441372.0081500,2565,348641454.5,177125391.5691600,0
1776506700000,0.5073,0.5074,0.5067,0.5068,375971393.0,1776506999999,190708334.5062900,2269,294104533.3,149182601.0417100,0
1776507000000,0.5068,0.5068,0.5051,0.5051,355016333.0,1776507299999,179462222.1566800,2353,284030763.5,143564243.8499000,0
1776507300000,0.5052,0.511,0.5051,0.511,452469102.3,1776507599999,230062634.6129300,2528,449095085.6,228352320.2446000,0
1776507600000,0.511,0.511,0.5091,0.5091,400248928.9,1776507899999,203906187.8748500,2397,366222692.5,186532509.6313600,0
1776507900000,0.5092,0.5092,0.5068,0.5075,350727603.6,1776508199999,178236949.5729900,2326,261024280.5,132584891.0035700,0
1776508200000,0.5076,0.5076,0.5074,0.5074,337319724.3,1776508499999,171199532.9440700,2112,302018399.2,153283939.9054800,0
1776508500000,0.5074,0.5095,0.5073,0.5094,366580022.1,1776508799999,186097814.9659400,2393,306070584.0,155390274.1516500,0
1776508800000,0.5095,0.5095,0.5093,0.5093,415042866.9,1776509099999,211442094.9559100,2769,343081289.9,174787540.3762100,0
1776509100000,0.5093,0.5093,0.5089,0.509,445034667.3,1776509399999,226541965.8517700,2771,350139763.5,178236623.3249300,0
1776509400000,0.509,0.509,0.5076,0.5077,448302085.0,1776509699999,227926869.9997700,2832,334557289.9,170104736.0881200,0
1776509700000,0.5076,0.5077,0.5075,0.5075,427029496.3,1776509999999,216793372.2328300,2594,386098638.8,196016869.0548800,0
1776510000000,0.5076,0.5076,0.5074,0.5074,409427679.8,1776510299999,207817174.6639800,2432,366047123.2,185801160.7038100,0
1776510300000,0.5075,0.5075,0.5068,0.5069,400693099.9,1776510599999,203297368.3133400,2501,284368702.9,144281641.0421400,0
1776510600000,0.5068,0.5069,0.5067,0.5068,281867507.7,1776510899999,142869016.7894200,1846,230035285.9,116599477.7525900,0
1776510900000,0.5068,0.5068,0.5052,0.5052,466043680.0,1776511199999,235760526.3475100,2851,361131008.4,182690151.9957400,0
1776511200000,0.5053,0.5064,0.5052,0.5064,500778726.2,1776511499999,253276882.0692500,2724,466349865.4,235865097.6765900,0
1776511500000,0.5064,0.5077,0.5039,0.5064,477808799.1,1776511799999,241591513.7681100,2901,372238365.2,188240448.8501600,0
1776511800000,0.5064,0.5064,0.5062,0.5062,463079238.1,1776512099999,234478750.7169700,2787,370913094.1,187815491.4686100,0
1776512100000,0.5062,0.5062,0.5041,0.5041,441504332.8,1776512399999,222675530.0237200,2732,315956963.9,159316968.4506400,0
1776512400000,0.5042,0.5042,0.504,0.5041,440531347.8,1776512699999,222089972.6913200,2522,375761099.7,189438016.5261900,0
1776512700000,0.5041,0.5041,0.4981,0.4982,482515279.1,1776512999999,240682548.2579900,2881,364360259.7,181536081.3825400,0
1776513000000,0.4982,0.4982,0.498,0.498,462482542.3,1776513299999,230369382.9738600,2710,409198305.8,203828151.4598000,0
1776513300000,0.4981,0.4981,0.4979,0.498,313712355.7,1776513599999,156236752.8655700,1965,277384925.5,138145692.8990000,0
1776513600000,0.498,0.498,0.4973,0.4973,289969025.2,1776513899999,144292912.5991200,1866,212623813.1,105800484.6495000,0
1776513900000,0.4973,0.4987,0.4972,0.4985,515181910.4,1776514199999,256536232.9634500,3037,437673419.1,217930481.2217600,0
1776514200000,0.4986,0.4986,0.4984,0.4985,524213529.4,1776514499999,261361849.3592500,2973,477467695.9,238058265.1279400,0
1776514500000,0.4985,0.4985,0.4961,0.4962,422654922.7,1776514799999,210386247.8491900,2461,364303209.9,181311320.1625500,0
1776514800000,0.4962,0.4962,0.496,0.4961,463797697.7,1776515099999,230117556.6859400,2675,409208300.5,203034283.7273500,0
1776515100000,0.4961,0.4961,0.4959,0.496,480845359.0,1776515399999,238531495.4297400,2825,425063094.3,210862252.9380000,0
1776515400000,0.4959,0.496,0.4958,0.4959,507692785.2,1776515699999,251800790.5244300,2886,440936536.3,218694226.8318700,0
1776515700000,0.4959,0.4959,0.4957,0.4958,491626693.7,1776515999999,243784390.9290300,2804,427405552.2,211941467.8206500,0
1776516000000,0.4958,0.4958,0.4949,0.4949,526209046.2,1776516299999,260647241.4663200,2989,452718446.2,224239664.9207600,0
1776516300000,0.4949,0.495,0.4941,0.4941,519364574.7,1776516599999,256712790.2551400,2956,460389859.1,227539068.4157800,0
1776516600000,0.4942,0.4986,0.494,0.4985,559057022.3,1776516899999,276827683.9251500,3225,506256436.0,250738909.9656100,0
1776516900000,0.4986,0.4986,0.4984,0.4984,494887465.2,1776517199999,246730501.2140500,2848,445013390.6,221868275.2177600,0
1776517200000,0.4985,0.502,0.4984,0.5018,510006001.0,1776517499999,255315812.9446400,2892,470694233.8,235607393.7593100,0
1776517500000,0.5019,0.5025,0.5018,0.5024,450824869.9,1776517799999,226387023.9225800,2699,372889608.9,187242242.9410900,0
1776517800000,0.5023,0.5046,0.5023,0.5045,456288885.5,1776518099999,230042170.3616100,2561,413851053.5,208642779.4935100,0
1776518100000,0.5045,0.5051,0.503,0.503,367940625.2,1776518399999,185726566.6077100,2669,233797642.2,118027879.1092100,0
1776518400000,0.503,0.5036,0.5022,0.5027,496228945.6,1776518699999,249458368.9072400,2915,421562485.7,211910587.7071500,0
1776518700000,0.5026,0.5069,0.5026,0.5064,462888984.3,1776518999999,233816315.7785500,2802,371152163.4,187513224.6570900,0
1776519000000,0.5063,0.5095,0.5059,0.508,527074158.3,1776519299999,267839379.5937700,3064,472569282.9,240119757.9194000,0
1776519300000,0.5081,0.5089,0.5066,0.5067,488628143.7,1776519599999,248327059.8752300,3071,367301375.9,186654270.1168700,0
1776519600000,0.5066,0.5067,0.5057,0.5058,471373714.9,1776519899999,238645407.6172200,2890,362675304.7,183591392.0190300,0
1776519900000,0.5058,0.5129,0.5057,0.5126,504563683.8,1776520199999,258007044.8401800,3049,422516359.9,215963681.7823400,0
1776520200000,0.5125,0.5165,0.5125,0.5145,483604514.5,1776520499999,248398487.5311300,2965,423447675.4,217415675.6137200,0
1776520500000,0.5145,0.5194,0.5144,0.5167,487417895.5,1776520799999,251839503.6021500,2966,433891338.9,224120718.6845800,0
1776520800000,0.5167,0.5168,0.5146,0.5146,448183358.7,1776521099999,231040670.0377700,3021,242909526.7,125106393.9498600,0
1776521100000,0.5146,0.5146,0.5105,0.5111,482016643.9,1776521399999,246849576.3796800,2927,347457092.4,177882207.0954700,0
1776521400000,0.511,0.5111,0.5109,0.5109,505542568.7,1776521699999,258342797.4173200,2857,443250351.2,226510769.9580700,0
1776521700000,0.5109,0.511,0.5108,0.5109,488666462.6,1776521999999,249672095.3793000,2797,429353947.5,219369331.7777500,0
1776522000000,0.5109,0.5109,0.5107,0.5108,406648170.2,1776522299999,207727029.8477600,2431,349377403.4,178472009.0448800,0
1776522300000,0.5107,0.5143,0.5106,0.5143,433522767.2,1776522599999,222123192.3717000,2596,389049588.1,199391770.6812200,0
1776522600000,0.5143,0.5143,0.5078,0.5078,394136230.9,1776522899999,202148987.8884400,2673,244515507.5,125671030.1253000,0
1776522900000,0.5078,0.5079,0.5037,0.5038,296421530.4,1776523199999,149821197.0391900,2009,218379678.1,110285346.2042500,0
1776523200000,0.5038,0.5047,0.5038,0.5046,205436501.7,1776523499999,103648559.4262700,1599,168744910.7,85137651.7131200,0
1776523500000,0.5046,0.5047,0.5029,0.503,132535797.5,1776523799999,66791519.7537700,1274,81865589.7,41264304.4490000,0
1776523800000,0.503,0.503,0.5029,0.5029,116578022.5,1776524099999,58637173.3520900,971,98919865.0,49756692.0950000,0
1776524100000,0.5029,0.5029,0.5027,0.5027,233009040.0,1776524399999,117173032.0871700,1557,196167191.9,98647951.1493400,0
1776524400000,0.5028,0.5051,0.5027,0.5049,292699417.2,1776524699999,147312611.1244700,1792,254415438.9,128033433.4255500,0
1776524700000,0.505,0.505,0.5049,0.505,295794984.9,1776524999999,149374108.5853400,1834,272207093.3,137464582.1165000,0
1776525000000,0.505,0.5052,0.505,0.5052,264558399.3,1776525299999,133654222.7103000,1492,263554601.2,133147104.2454900,0
1776525300000,0.5051,0.5101,0.505,0.5101,543183190.6,1776525599999,275447230.9397700,3063,491233448.9,249168520.0283800,0
1776525600000,0.5101,0.5102,0.51,0.51,493594922.4,1776525899999,251795363.9033900,2939,401543038.4,204840334.6021000,0
1776525900000,0.5101,0.5101,0.5091,0.5091,495937415.0,1776526199999,252574123.3929100,2973,364423618.5,185571334.2177100,0
1776526200000,0.5092,0.5104,0.509,0.5098,527742062.6,1776526499999,269054435.8548800,3189,428498968.9,218468021.8690600,0
1776526500000,0.5097,0.5098,0.5092,0.5096,471476608.4,1776526799999,240251772.6731700,2753,396202082.7,201890279.0295100,0
1776526800000,0.5096,0.5132,0.5094,0.5132,504681596.7,1776527099999,257559909.4996300,2911,450901809.6,230139712.7036800,0
1776527100000,0.5132,0.5132,0.5095,0.5095,509813437.1,1776527399999,261133560.6084800,3041,403013802.8,206381380.8363400,0
1776527400000,0.5096,0.5134,0.5095,0.5133,486730140.6,1776527699999,248764121.8397400,2656,443118226.8,226469736.7327300,0
1776527700000,0.5134,0.5134,0.5131,0.5132,467128316.8,1776527999999,239780098.6672400,2805,345662006.3,177436193.9316100,0
1776528000000,0.5132,0.5242,0.5132,0.5241,413123647.9,1776528299999,215202324.8077000,2701,319799711.6,166557204.2214600,0
1776528300000,0.5242,0.5261,0.5227,0.5253,417492768.7,1776528599999,218792443.4112500,2708,339901370.8,178100980.6571900,0
1776528600000,0.5254,0.5268,0.5231,0.5232,288031750.3,1776528899999,151226802.0191600,1978,225541366.6,118363452.4989700,0
1776528900000,0.5231,0.5232,0.523,0.5231,417989585.4,1776529199999,218651950.7380800,2454,366511862.8,191723941.3111100,0
1776529200000,0.5231,0.5268,0.5229,0.5268,509061891.6,1776529499999,266313658.7318100,2994,439391766.6,229876183.7845800,0
1776529500000,0.5268,0.5324,0.5229,0.5294,429697835.6,1776529799999,227682500.7368100,2832,347626150.5,184088683.5414100,0
1776529800000,0.5294,0.5294,0.5292,0.5293,404022583.6,1776530099999,213858106.5668800,2463,326978479.2,173077542.9592500,0
1776530100000,0.5293,0.5293,0.5262,0.5262,392684180.1,1776530399999,206799812.0991100,2607,283924968.5,149453689.4209100,0
1776530400000,0.5262,0.5262,0.5201,0.5247,526553478.4,1776530699999,274872330.7366000,3261,400424024.6,208911342.0072000,0
1776530700000,0.5247,0.5247,0.5207,0.5209,479338267.8,1776530999999,250224570.4164700,2931,378298412.3,197358331.0312800,0
1776531000000,0.5208,0.5209,0.5179,0.518,499285594.2,1776531299999,258840113.8238600,3106,353349457.5,183038403.0907500,0
1776531300000,0.518,0.5204,0.5178,0.5204,488941532.7,1776531599999,253294674.0099200,2835,414641580.2,214810697.7915300,0
1776531600000,0.5204,0.5204,0.5202,0.5203,514197883.1,1776531899999,267581178.8656100,2947,452768031.7,235616570.6239500,0
1776531900000,0.5203,0.5203,0.5074,0.5074,475379688.6,1776532199999,245430581.1143800,3296,249804324.2,129238847.9792000,0
1776532200000,0.5074,0.5096,0.506,0.5096,458389220.3,1776532499999,233182636.0740500,2641,385445559.5,196130083.3142200,0
1776532500000,0.5095,0.5096,0.5094,0.5095,444884414.6,1776532799999,226683019.0756800,2661,386622531.5,196998474.7910100,0
1776532800000,0.5094,0.512,0.5094,0.5119,347522582.5,1776533099999,177672955.2563400,2039,325165898.2,166252853.1120100,0
1776533100000,0.5119,0.5119,0.5104,0.5105,266637918.5,1776533399999,136141986.6880700,1901,229804253.1,117315071.2075500,0
1776533400000,0.5105,0.5105,0.5065,0.5066,287445368.6,1776533699999,146486256.4364500,2076,178240559.1,90870052.4986700,0
1776533700000,0.5066,0.5066,0.5064,0.5064,346433503.4,1776533999999,175491668.4891400,2170,263878308.3,133680550.9847800,0
1776534000000,0.5064,0.5064,0.5007,0.5007,263354599.4,1776534299999,131917375.5021800,1825,177425319.1,88861708.7142600,0
1776534300000,0.5008,0.5008,0.4995,0.4995,368158954.5,1776534599999,184286598.9427600,2403,286899671.4,143605065.4978000,0
1776534600000,0.4996,0.4996,0.4994,0.4994,464162692.2,1776534899999,231884864.6811000,2624,420711737.4,210181112.8355100,0
1776534900000,0.4995,0.4995,0.4993,0.4994,364626630.0,1776535199999,182123800.3976200,2292,303066802.7,151378447.3395400,0
1776535200000,0.4993,0.4994,0.4967,0.4986,440233343.1,1776535499999,219807435.2320400,2617,387521146.5,193493629.7903700,0
1776535500000,0.4987,0.4987,0.4985,0.4985,497048553.1,1776535799999,247853854.7107600,2876,432429110.9,215632947.0818400,0
1776535800000,0.4986,0.4991,0.4964,0.4965,510515891.3,1776536099999,253876034.9934800,2996,442370530.6,219955222.5288200,0
1776536100000,0.4965,0.4966,0.4964,0.4964,498377937.7,1776536399999,247462661.4793600,2858,436936165.8,216955960.3709100,0
1776536400000,0.4965,0.4965,0.4963,0.4963,484208856.6,1776536699999,240382878.4952400,2785,412072917.6,204573418.6040600,0
1776536700000,0.4964,0.4964,0.4938,0.4938,444215152.5,1776536999999,220294589.7914200,2752,318472212.9,157910526.0051100,0
1776537000000,0.4939,0.4939,0.4872,0.4879,411638686.2,1776537299999,201625614.5681100,2950,180817686.1,88432075.5807000,0
1776537300000,0.4879,0.4888,0.4878,0.4887,503790944.9,1776537599999,246170677.7297500,2775,455310124.0,222478540.9500300,0
1776537600000,0.4887,0.4887,0.4885,0.4886,473233689.1,1776537899999,231231566.9541200,2728,406399199.5,198575545.9140100,0
1776537900000,0.4886,0.4886,0.4884,0.4884,470846354.5,1776538199999,230020836.1764500,2701,387302143.1,189208424.1521200,0
1776538200000,0.4884,0.4885,0.4878,0.4878,469486271.7,1776538499999,229181995.1000700,2751,400179639.0,195340931.2674000,0
1776538500000,0.4878,0.4879,0.4848,0.4848,443656076.3,1776538799999,215405764.6763700,2837,306812595.8,148820366.4179400,0
1776538800000,0.4849,0.486,0.4848,0.4859,499476204.9,1776539099999,242579432.8207700,2676,481497561.0,233842914.3801200,0
1776539100000,0.486,0.486,0.4858,0.4859,471497038.6,1776539399999,229108910.5958300,2724,425361600.1,206691701.4885900,0
1776539400000,0.4858,0.4859,0.4857,0.4857,375675385.4,1776539699999,182513975.0706300,2305,326291868.9,158522918.0771800,0
1776539700000,0.4857,0.4858,0.4856,0.4856,267853668.7,1776539999999,130101312.0259700,1887,229850864.3,111643078.6443000,0
1776540000000,0.4856,0.4883,0.4856,0.4882,378224847.7,1776540299999,184590345.8282400,2245,362502997.3,176914938.7960200,0
1776540300000,0.4882,0.4882,0.4881,0.4882,427031678.4,1776540599999,208476864.7431200,2415,402641665.4,196569661.0482800,0
1776540600000,0.4881,0.4881,0.488,0.4881,424350986.8,1776540899999,207125716.0343500,2441,374335140.7,182712982.1756700,0
1776540900000,0.4881,0.4881,0.4836,0.4837,417059844.9,1776541199999,203021180.5379200,2529,315530709.0,153531847.9860500,0
1776541200000,0.4838,0.4838,0.4836,0.4836,484374106.9,1776541499999,234329981.2063300,2748,406800147.9,196803811.5540200,0
1776541500000,0.4837,0.4837,0.4835,0.4836,515126327.6,1776541799999,249158573.5835700,2932,445042668.0,215263503.3052600,0
1776541800000,0.4836,0.4844,0.4835,0.4844,476482271.5,1776542099999,230649666.4530000,2654,473432645.2,229173157.2854800,0
1776542100000,0.4844,0.4844,0.4842,0.4843,467336487.5,1776542399999,226351861.1266600,2710,416404179.6,201685305.3454700,0
1776542400000,0.4843,0.4862,0.4842,0.486,484560468.1,1776542699999,235079097.2011900,2732,429860069.0,208526823.3625800,0
1776542700000,0.4861,0.4871,0.4859,0.4871,485826209.8,1776542999999,236191191.3239400,2834,415221021.4,201872887.9275000,0
1776543000000,0.4871,0.4871,0.4869,0.4869,519227662.7,1776543299999,252879059.4185300,2989,450090774.0,219208194.8604000,0
1776543300000,0.487,0.487,0.4868,0.4869,412739227.3,1776543599999,200980025.0317500,2524,346855713.6,168900391.4321100,0
1776543600000,0.4869,0.4869,0.4867,0.4868,440331782.9,1776543899999,214372152.8439100,2631,386858413.0,188340702.8943900,0
1776543900000,0.4868,0.4913,0.4867,0.4901,559346620.8,1776544199999,273923378.0416000,3375,476059599.8,233064735.8912800,0
1776544200000,0.4902,0.4928,0.4901,0.4923,470207694.5,1776544499999,231084286.5507800,2771,390421681.4,191837531.6960600,0
1776544500000,0.4923,0.494,0.4922,0.4939,489218204.1,1776544799999,241209779.2627900,2852,412128259.9,203160852.2974000,0
1776544800000,0.4939,0.4939,0.4937,0.4938,405788621.8,1776545099999,200409254.4058800,2404,326474468.4,161241061.9157300,0
1776545100000,0.4938,0.4957,0.4937,0.4951,430483671.9,1776545399999,213003096.9688600,2539,378432911.1,187221950.5300100,0
1776545400000,0.495,0.4954,0.495,0.4953,490509036.9,1776545699999,242950824.4486200,2826,420464018.0,208257995.3198000,0
1776545700000,0.4953,0.4953,0.4951,0.4952,521205907.1,1776545999999,258141826.3939200,2947,474160970.1,234843681.1838100,0
1776546000000,0.4952,0.4952,0.495,0.495,475939704.0,1776546299999,235673718.2601400,2775,368148347.9,182307061.8800800,0
1776546300000,0.495,0.495,0.4924,0.4924,447084441.0,1776546599999,220214724.7311200,2627,381293971.3,187807622.1630300,0
1776546600000,0.4925,0.4925,0.4903,0.4903,461260858.7,1776546899999,227114948.1920600,2918,331250234.2,163126477.8094900,0
1776546900000,0.4904,0.4919,0.4903,0.4918,475077303.4,1776547199999,233618759.7198100,2815,411012977.2,202114410.7672800,0
1776547200000,0.4917,0.4918,0.4916,0.4916,515070517.8,1776547499999,253275932.8510600,2931,456813282.3,224630350.2362300,0
1776547500000,0.4917,0.4917,0.4915,0.4915,484080733.9,1776547799999,237990979.6654000,2790,407744522.2,200462620.0162200,0
1776547800000,0.4916,0.4916,0.4914,0.4915,537158693.4,1776548099999,264036897.5007700,3035,484884760.5,238344259.7857500,0
1776548100000,0.4915,0.4915,0.4913,0.4914,485432080.2,1776548399999,238566199.4388300,2800,413058540.3,203001326.5593400,0
1776548400000,0.4914,0.4914,0.4912,0.4913,438572942.4,1776548699999,215493025.3825200,2641,375708427.5,184606221.8604700,0
1776548700000,0.4912,0.4913,0.4908,0.4909,486742331.7,1776548999999,239036431.4989200,2798,428538266.1,210451262.0490500,0
1776549000000,0.4908,0.4917,0.4908,0.4916,523027682.1,1776549299999,257130186.8373000,3001,459864870.0,226076516.8689600,0
1776549300000,0.4915,0.4937,0.4915,0.4937,558500405.6,1776549599999,275010766.2429300,3273,502081592.5,247211623.5891700,0
1776549600000,0.4936,0.4945,0.4935,0.4944,432493497.8,1776549899999,213768951.5929300,2648,368634656.0,182206484.7219200,0
1776549900000,0.4944,0.4944,0.4923,0.4923,390309771.0,1776550199999,192571917.4288600,2612,254837351.4,125741600.9965600,0
1776550200000,0.4923,0.4924,0.4916,0.4917,504654275.6,1776550499999,248256077.4526700,2895,438213099.0,215561592.8759000,0
1776550500000,0.4916,0.4917,0.4915,0.4916,493593467.7,1776550799999,242667162.1268800,2842,418280269.8,205643094.3358800,0
1776550800000,0.4915,0.4916,0.4914,0.4914,519768651.7,1776551099999,255485779.2843000,2980,465046822.7,228589939.2092400,0
1776551100000,0.4914,0.4915,0.4913,0.4914,465006040.3,1776551399999,228523657.5462900,2667,405503970.1,199283718.8822000,0
1776551400000,0.4914,0.4916,0.4913,0.4915,524705369.1,1776551699999,257917770.2317100,2991,472596982.4,232305222.6133000,0
1776551700000,0.4914,0.4928,0.4914,0.4928,553916282.5,1776551999999,272632768.6450700,2989,538509312.6,265042818.0155200,0
1776552000000,0.4928,0.4928,0.4926,0.4927,469654262.4,1776552299999,231413285.4657900,2734,386647871.8,190514201.4821200,0
1776552300000,0.4926,0.4939,0.4926,0.4938,487487972.7,1776552599999,240419325.8061400,2806,404280822.9,199387212.8483800,0
1776552600000,0.4939,0.4943,0.4938,0.4942,518248766.3,1776552899999,256123024.9114900,2982,455275617.9,225000624.5804700,0
1776552900000,0.4942,0.4942,0.494,0.4941,516074933.5,1776553199999,255007169.1053400,2959,442079143.1,218444996.5123800,0
1776553200000,0.4941,0.4941,0.4939,0.4939,456620608.3,1776553499999,225585051.9771800,2694,389467734.2,192410590.8557800,0
1776553500000,0.4939,0.494,0.4938,0.4938,379909943.5,1776553799999,187653508.0935900,2365,331132773.3,163562716.1230800,0
1776553800000,0.4938,0.4954,0.4914,0.4954,476080614.4,1776554099999,235016694.1473300,3218,367203071.1,181300872.9434100,0
1776554100000,0.4954,0.5029,0.4953,0.5016,494792742.9,1776554399999,246507427.4773400,3134,454815982.7,226628357.5570400,0
1776554400000,0.5015,0.5016,0.5003,0.5011,408792820.3,1776554699999,204713878.1122000,2665,334251928.9,167380347.5158300,0
1776554700000,0.5011,0.5011,0.5009,0.501,198167078.2,1776554999999,99285505.9141000,1549,166140471.1,83240076.0211000,0
1776555000000,0.5009,0.5027,0.5009,0.5014,303518851.6,1776555299999,152233236.1752800,1954,279922416.9,140378465.4303500,0
1776555300000,0.5013,0.5014,0.5012,0.5013,301933023.9,1776555599999,151372824.6741900,1944,259561211.9,130131835.5254700,0
1776555600000,0.5012,0.5029,0.5012,0.5026,347997626.8,1776555899999,174788435.4194300,2117,296714349.5,149003640.7929400,0
1776555900000,0.5026,0.5029,0.501,0.5029,229919572.6,1776556199999,115543638.4141100,1763,156559191.9,78678479.4531200,0
1776556200000,0.5029,0.5049,0.5022,0.5022,309030673.8,1776556499999,155817969.4600900,2166,184997976.0,93315424.9745200,0
1776556500000,0.5022,0.5022,0.5001,0.5001,312903058.7,1776556799999,156950960.3916500,2033,192514143.3,96520254.9149400,0
1776556800000,0.5001,0.5102,0.5001,0.51,315379932.4,1776557099999,160329964.2243000,2037,276147293.9,140317418.0849000,0
1776557100000,0.5101,0.5101,0.5099,0.5099,318286699.8,1776557399999,162335872.2307500,2039,236008690.7,120378032.6939300,0
1776557400000,0.5099,0.5099,0.5068,0.5068,306317010.3,1776557699999,155849865.7577700,1953,228696420.3,116383608.2906700,0
1776557700000,0.5068,0.5068,0.506,0.506,298182434.2,1776557999999,150978207.4043500,2003,167314951.5,84684166.8433500,0
1776558000000,0.506,0.5061,0.5047,0.5047,265855716.9,1776558299999,134377104.6562800,1848,155951154.3,78792968.4425200,0
1776558300000,0.5047,0.5047,0.5017,0.5017,277329966.3,1776558599999,139650560.0813000,2322,87801181.8,44176698.9224200,0
1776558600000,0.5017,0.5017,0.5002,0.5003,278331307.6,1776558899999,139473112.3347000,2035,137276655.3,68777030.3006300,0
1776558900000,0.5003,0.5003,0.5001,0.5001,207137424.5,1776559199999,103625615.4696400,1535,164281674.6,82188721.7963800,0
1776559200000,0.5002,0.5002,0.5,0.5,308775628.3,1776559499999,154436936.1617600,1949,231485811.3,115787242.0494500,0
1776559500000,0.5,0.5,0.4995,0.4995,263495004.6,1776559799999,131661363.2700200,1736,208929719.6,104390915.6408900,0
1776559800000,0.4996,0.4996,0.4994,0.4994,321154294.1,1776560099999,160433469.7532700,1870,276296236.8,138026793.8474200,0
1776560100000,0.4995,0.4995,0.4993,0.4993,304630749.0,1776560399999,152151523.7733500,1836,262897084.5,131309603.4214900,0
1776560400000,0.4994,0.4994,0.4972,0.4972,317485004.5,1776560699999,158141608.3799400,2091,166850601.2,83127128.3719100,0
1776560700000,0.4972,0.4972,0.4952,0.4952,236264693.8,1776560999999,117393784.9480800,1723,141581151.7,70336448.9315300,0
1776561000000,0.4953,0.4953,0.4942,0.4942,273733582.5,1776561299999,135458183.7716400,1935,203790005.9,100840029.5914700,0
1776561300000,0.4943,0.4943,0.4941,0.4942,206062529.9,1776561599999,101851992.9369900,1586,170127499.7,84092400.9248900,0
1776561600000,0.4942,0.4942,0.494,0.494,316419890.0,1776561899999,156368467.6527200,1938,274889418.7,135848147.6398800,0
1776561900000,0.4941,0.4941,0.4932,0.4932,268489484.0,1776562199999,132551201.9510300,1739,229724311.1,113403493.1345100,0
1776562200000,0.4933,0.4933,0.4923,0.4923,339596454.4,1776562499999,167420266.8183700,2169,214571995.0,105786704.5728800,0
1776562500000,0.4923,0.4923,0.4922,0.4922,310438759.9,1776562799999,152829000.9757900,1854,278000286.3,136859540.9454900,0
1776562800000,0.4923,0.4938,0.4915,0.4915,354989212.0,1776563099999,174799141.9984600,2410,244058021.1,120200229.8053400,0
1776563100000,0.4916,0.4916,0.4914,0.4914,312123889.5,1776563399999,153431874.3435100,1983,271799189.9,133612184.5599500,0
1776563400000,0.4915,0.4934,0.4914,0.4933,331321755.4,1776563699999,163219363.9956300,1928,331317109.7,163217075.2888300,0
1776563700000,0.4934,0.4946,0.4925,0.4945,264178222.1,1776563999999,130465064.0124200,1990,221188985.4,109259573.4422700,0
1776564000000,0.4945,0.4945,0.4943,0.4944,213553362.4,1776564299999,105598994.0380700,1563,167251777.1,82705718.5576000,0
1776564300000,0.4944,0.4944,0.4926,0.4926,313304618.9,1776564599999,154469013.1810400,2067,218384896.7,107606738.7072800,0
1776564600000,0.4926,0.4926,0.4925,0.4925,280374220.3,1776564899999,138110768.7282400,1834,251881163.5,124076661.1401000,0
1776564900000,0.4925,0.4925,0.4924,0.4924,273735416.1,1776565199999,134814691.8196900,1800,253525719.9,124861417.0507500,0
1776565200000,0.4925,0.4925,0.4913,0.4913,198391284.9,1776565499999,97603561.0056100,1621,73566566.0,36187277.0433900,0
1776565500000,0.4913,0.4913,0.4843,0.4861,223370045.6,1776565799999,108808053.7739600,2027,65328996.1,31762957.9038200,0
1776565800000,0.4862,0.4862,0.4826,0.4826,296321667.2,1776566099999,143416503.3309300,2009,198645946.6,96090653.0202600,0
1776566100000,0.4827,0.4827,0.4794,0.4794,261861974.7,1776566399999,125937181.5887000,1956,151610876.1,72959029.5472000,0
1776566400000,0.4795,0.4826,0.4794,0.4824,321676420.7,1776566699999,155119924.1119100,1990,273886103.4,132061065.2824800,0
1776566700000,0.4825,0.4825,0.4823,0.4823,312265306.1,1776566999999,150657994.4993500,1882,264841685.9,127780740.2879800,0
1776567000000,0.4824,0.4824,0.4822,0.4822,251336641.9,1776567299999,121238644.9340800,1670,207825217.9,100252885.1149600,0
1776567300000,0.4823,0.4823,0.4821,0.4821,312296863.4,1776567599999,150615147.6173200,1831,272001140.4,131184550.0149200,0
1776567600000,0.4822,0.4822,0.4821,0.4821,192932264.9,1776567899999,93028794.2667000,1503,154028877.5,74272724.7305000,0
1776567900000,0.4821,0.4842,0.482,0.4842,336030584.3,1776568199999,162068736.4434300,1850,334876157.0,161512186.5988800,0
1776568200000,0.4842,0.4842,0.484,0.4841,223378599.5,1776568499999,108144779.8383300,1618,178498919.0,86418526.7003000,0
1776568500000,0.4841,0.4867,0.484,0.4851,304607872.3,1776568799999,147764054.4385500,1907,297644334.6,144381430.7806700,0
1776568800000,0.4852,0.4935,0.485,0.4924,379890064.0,1776569099999,186106665.7299900,2692,302846139.0,148392347.3417600,0
1776569100000,0.4924,0.4949,0.492,0.4947,297957939.1,1776569399999,146977440.4532300,2162,191421020.5,94418898.4018700,0
1776569400000,0.4947,0.4947,0.4932,0.4932,283196340.5,1776569699999,139764574.7458000,1820,204906775.0,101080512.1075000,0
1776569700000,0.4933,0.4964,0.4931,0.4962,372774250.5,1776569999999,184210471.2645000,2293,325360671.8,160798522.4420100,0
1776570000000,0.4963,0.4972,0.4962,0.4964,259471705.3,1776570299999,128818289.0066500,1589,258467780.9,128319840.5168700,0
1776570300000,0.4965,0.4988,0.4963,0.4975,345298859.9,1776570599999,171570212.8892000,2256,285429674.0,141819286.4493700,0
1776570600000,0.4976,0.4976,0.4974,0.4974,473654305.7,1776570899999,235684765.7810300,2767,391865929.5,194991078.8869300,0
1776570900000,0.4975,0.4975,0.4945,0.4946,464783842.5,1776571199999,230586638.7219600,3027,285927755.8,141781773.7902800,0
1776571200000,0.4946,0.4953,0.4944,0.4951,482366244.4,1776571499999,238650961.6882700,2888,392639214.2,194258272.4629600,0
1776571500000,0.4952,0.4977,0.4944,0.4976,479979833.8,1776571799999,237898224.4260700,3063,360196466.2,178614887.4388200,0
1776571800000,0.4977,0.4977,0.4975,0.4975,454370830.7,1776572099999,226106113.1116900,2687,392627435.5,195381744.2181000,0
1776572100000,0.4976,0.5026,0.4975,0.5011,512161201.2,1776572399999,256168190.3924900,3020,435431458.0,217726264.0623400,0
1776572400000,0.5011,0.5028,0.4995,0.5028,496537976.7,1776572699999,248904409.2958500,3086,388392580.3,194686846.4245300,0
1776572700000,0.5027,0.5052,0.5027,0.5051,495552230.2,1776572999999,249625294.4364700,3258,322565789.8,162490630.1348200,0
1776573000000,0.5051,0.5051,0.5014,0.5015,456455951.1,1776573299999,229752060.0980600,3036,312341815.8,157172965.7344400,0
1776573300000,0.5016,0.5026,0.5002,0.5002,416391250.2,1776573599999,208742226.7171200,2600,363562839.7,182205419.5658700,0
1776573600000,0.5003,0.5003,0.4993,0.4998,374456342.6,1776573899999,187109792.6939600,2277,335499344.4,167632151.1404800,0
1776573900000,0.4999,0.5098,0.4998,0.5084,522239691.4,1776574199999,263734961.6615100,3429,367116367.4,185279816.4771400,0
1776574200000,0.5085,0.5149,0.5084,0.5128,555731334.7,1776574499999,284286392.9670100,3223,486908397.9,248933465.7875200,0
1776574500000,0.5128,0.5139,0.5127,0.5132,504495373.6,1776574799999,258972061.9264300,3122,394219146.9,202374936.4693000,0
1776574800000,0.5132,0.5249,0.5132,0.5248,480398816.3,1776575099999,248898561.3822500,2860,432041765.4,223842661.4550200,0
1776575100000,0.5249,0.5278,0.5185,0.5185,384030340.7,1776575399999,201742417.5896900,2918,191712283.7,100777026.6650600,0
1776575400000,0.5185,0.5185,0.5127,0.5129,453793187.4,1776575699999,233436425.3541100,3212,243778929.0,125336575.4868600,0
1776575700000,0.5129,0.5129,0.5058,0.5059,438741572.8,1776575999999,222836826.6211200,3148,209778793.0,106314965.3153900,0
1776576000000,0.5059,0.5059,0.5046,0.5047,479081688.6,1776576299999,242317679.9698400,2837,399613664.3,202127445.5188100,0
1776576300000,0.5047,0.5047,0.4999,0.5019,472813538.3,1776576599999,237625511.4306300,3105,322208823.9,161864779.7972200,0
1776576600000,0.5019,0.504,0.5005,0.504,454632883.3,1776576899999,228462758.8971700,2860,325387285.7,163606170.9571700,0
1776576900000,0.504,0.5045,0.5014,0.5045,461330730.6,1776577199999,232326698.8290900,2870,351849047.5,177180852.8027000,0
1776577200000,0.5045,0.506,0.5022,0.5023,497089402.8,1776577499999,250772784.0553200,3470,251301828.1,126877888.7709200,0
1776577500000,0.5023,0.5026,0.5022,0.5025,493933566.0,1776577799999,248185357.6586600,2905,425513020.1,213804806.6407900,0
1776577800000,0.5025,0.5025,0.4979,0.4979,465368157.7,1776578099999,232303672.8060100,3173,269051496.0,134168076.3249500,0
1776578100000,0.4979,0.4979,0.4946,0.4966,447264857.9,1776578399999,222154950.6360400,3033,269234415.1,133728259.0690600,0
1776578400000,0.4966,0.4966,0.4964,0.4965,339902046.2,1776578699999,168782166.7426000,2178,279076175.9,138579926.8280000,0
1776578700000,0.4965,0.4977,0.4958,0.4959,456180217.8,1776578999999,226572052.0644500,2780,374949018.0,186195322.1787200,0
1776579000000,0.4959,0.4959,0.4957,0.4957,492916380.4,1776579299999,244405615.6771800,2865,402639588.7,199644924.6616000,0
1776579300000,0.4958,0.4958,0.4956,0.4956,476241106.8,1776579599999,236092664.6466300,2765,419710935.9,208069931.0100900,0
1776579600000,0.4957,0.4957,0.4955,0.4956,463125658.5,1776579899999,229546351.5600100,2694,404054977.8,200269862.0188500,0
1776579900000,0.4956,0.4986,0.4954,0.4986,492671025.8,1776580199999,244235574.3550400,2923,449595184.5,222891180.8563200,0
1776580200000,0.4986,0.4993,0.4984,0.4993,507787560.6,1776580499999,253261804.5184200,2893,471976012.0,235408023.2746900,0
1776580500000,0.4993,0.4993,0.4989,0.4989,489780743.3,1776580799999,244434839.4066400,2970,382025182.1,190655043.4069500,0
1776580800000,0.499,0.499,0.4988,0.4988,489044874.2,1776581099999,244007046.4251800,2848,442439310.4,220755430.9402700,0
1776581100000,0.4989,0.4989,0.4987,0.4987,473989538.5,1776581399999,236449150.6476200,2812,429764766.2,214388895.8233600,0
1776581400000,0.4988,0.4988,0.4986,0.4987,481260127.7,1776581699999,240029916.9521800,2798,443649279.3,221272735.9728200,0
1776581700000,0.4987,0.4993,0.4985,0.4992,539593153.9,1776581999999,269095956.4456600,3125,488813496.3,243776888.4570300,0
1776582000000,0.4993,0.4993,0.4992,0.4992,524875534.4,1776582299999,262068496.9455600,2961,501799233.0,250548357.0369000,0
1776582300000,0.4992,0.4992,0.4971,0.4989,478116217.0,1776582599999,238405692.2374900,2958,363902062.3,181416001.5283200,0
1776582600000,0.4989,0.502,0.4988,0.5019,508359648.3,1776582899999,254633802.9230400,2766,488296218.0,244590923.6118700,0
1776582900000,0.502,0.5028,0.5008,0.5027,459541316.1,1776583199999,230491631.4712200,2705,372737444.5,186929231.5633500,0
1776583200000,0.5027,0.5027,0.4973,0.4973,415781739.1,1776583499999,208443981.5151000,2733,262707583.0,131622322.6870400,0
1776583500000,0.4974,0.4995,0.4973,0.4993,382320607.9,1776583799999,190779335.5390300,2290,327246600.5,163288920.3407000,0
1776583800000,0.4994,0.5002,0.4993,0.5001,494898110.3,1776584099999,247388305.0342200,2889,431074553.4,215469899.7758900,0
1776584100000,0.5001,0.5001,0.4999,0.5,450067092.9,1776584399999,225072265.9962000,2646,382792813.1,191432605.2505300,0
1776584400000,0.5,0.5003,0.4999,0.5002,328068238.1,1776584699999,164081656.8320200,1967,308612970.5,154351667.9224400,0
1776584700000,0.5003,0.5003,0.5001,0.5001,403310820.6,1776584999999,201736887.3125000,2448,376674607.6,188413338.7215200,0
1776585000000,0.5002,0.5047,0.5,0.5046,270153741.5,1776585299999,135296111.4206800,1819,230067105.6,115248783.1634300,0
1776585300000,0.5047,0.5055,0.5043,0.5055,314982146.0,1776585599999,158948749.3032100,2184,270511471.1,136509892.7517500,0
1776585600000,0.5055,0.515,0.5054,0.5149,268336334.2,1776585899999,137625506.4252200,1949,251851876.2,129137665.8666400,0
1776585900000,0.5149,0.5149,0.5139,0.514,200042660.9,1776586199999,102978722.0777700,1651,115690088.2,59559801.4484600,0
1776586200000,0.514,0.5145,0.5138,0.5144,309394113.0,1776586499999,159047554.6705000,2065,263190064.0,135303303.1653500,0
1776586500000,0.5145,0.5145,0.5143,0.5144,278793544.9,1776586799999,143423799.2479000,1807,240232222.9,123587855.4772500,0
1776586800000,0.5144,0.5144,0.5128,0.5128,314387091.5,1776587099999,161616525.9847500,2031,215280650.3,110652866.0620900,0
1776587100000,0.5129,0.5129,0.5124,0.5124,302730841.1,1776587399999,155236876.3392400,1999,233499145.3,119738312.0365700,0
1776587400000,0.5125,0.5125,0.5123,0.5123,292541027.2,1776587699999,149909521.5989700,1750,253337560.1,129821665.8069600,0
1776587700000,0.5124,0.5128,0.512,0.512,352241212.9,1776587999999,180441128.3630300,2271,299294564.8,153314048.6404500,0
1776588000000,0.5121,0.5128,0.5119,0.5128,246273845.8,1776588299999,126106098.5905100,1576,208115192.4,106568768.1473800,0
1776588300000,0.5128,0.5134,0.5048,0.5048,385414496.0,1776588599999,196702781.7838700,2971,113574797.2,58175506.3949700,0
1776588600000,0.5048,0.5057,0.5042,0.5054,320904677.7,1776588899999,162065598.1534300,1917,288311664.4,145618360.2521300,0
1776588900000,0.5053,0.5054,0.5052,0.5053,190850003.9,1776589199999,96440518.9292400,1463,163137484.6,82437183.0296800,0
1776589200000,0.5053,0.5053,0.5041,0.5042,288631066.4,1776589499999,145671343.0258200,1872,203642254.0,102780925.2972900,0
1776589500000,0.5042,0.5042,0.5031,0.5032,207187537.1,1776589799999,104286466.3171800,1570,135272496.0,68070420.0467000,0
1776589800000,0.5032,0.5032,0.493,0.4955,133923043.4,1776590099999,66336200.1195200,1382,40779935.2,20158406.9761400,0
1776590100000,0.4955,0.4955,0.4943,0.4943,186805621.2,1776590399999,92532196.2542700,1617,107056867.4,53043667.3325200,0
1776590400000,0.4943,0.4943,0.4942,0.4942,301581540.4,1776590699999,149069397.3474900,1875,276859017.4,136851412.3008200,0
1776590700000,0.4942,0.4942,0.4941,0.4941,257217253.0,1776590999999,127115194.3394600,1689,225515390.7,111449706.0839400,0
1776591000000,0.4941,0.4941,0.4932,0.4933,267342839.9,1776591299999,131919766.4784700,1925,181769510.5,89679566.9425800,0
1776591300000,0.4933,0.4933,0.4901,0.4901,267848253.7,1776591599999,131589110.6793000,1934,197913878.2,97223683.4961000,0
1776591600000,0.4902,0.491,0.4898,0.4899,280160122.4,1776591899999,137315254.7677900,1804,250259587.4,122661287.3728500,0
1776591900000,0.4899,0.4904,0.4898,0.4899,268627412.4,1776592199999,131654843.5606600,1786,226699101.1,111098086.4227800,0
1776592200000,0.49,0.4902,0.4895,0.4896,259572729.3,1776592499999,127193971.8860200,1663,209398982.9,102604928.4882800,0
1776592500000,0.4896,0.4896,0.4894,0.4894,254890765.5,1776592799999,124786387.8375100,1620,211328160.1,103462177.6717800,0
1776592800000,0.4894,0.4903,0.4873,0.4873,419666477.8,1776593099999,204994513.7174000,2698,194549600.6,95026704.0713600,0
1776593100000,0.4874,0.49,0.4861,0.4861,232836820.3,1776593399999,113684966.7133100,1762,203080100.8,99113939.8346100,0
1776593400000,0.4861,0.4861,0.4853,0.4853,322058095.6,1776593699999,156374539.1932700,2103,231581798.4,112425816.9679800,0
1776593700000,0.4853,0.4854,0.4852,0.4853,233902526.8,1776593999999,113530268.9011300,1613,195847582.2,95061673.4376900,0
1776594000000,0.4853,0.4867,0.4852,0.4867,244054092.0,1776594299999,118585275.2641100,1687,237740519.6,115517795.3926600,0
1776594300000,0.4867,0.487,0.4865,0.4865,230190065.4,1776594599999,112034573.2873200,1716,207670179.9,101074850.1807400,0
1776594600000,0.4866,0.4886,0.4865,0.4886,227138731.0,1776594899999,110622060.7810900,1653,218747620.8,106531788.4144800,0
1776594900000,0.4885,0.4896,0.4884,0.4894,268208504.3,1776595199999,131100096.7250700,1783,245660937.0,120084454.5594500,0
1776595200000,0.4895,0.4895,0.4893,0.4893,249764335.6,1776595499999,122252509.8372900,1637,207473236.0,101555073.1394000,0
1776595500000,0.4893,0.4894,0.4892,0.4892,284981640.9,1776595799999,139462513.7406100,1760,236977499.6,115973987.4596600,0
1776595800000,0.4893,0.4908,0.4892,0.4906,310292535.9,1776596099999,152171022.1617500,1995,277854240.9,136253551.2666000,0
1776596100000,0.4907,0.4907,0.4905,0.4905,283309063.6,1776596399999,139012626.5682200,1762,237696169.1,116634940.5849400,0
1776596400000,0.4906,0.4909,0.4905,0.4908,283035757.8,1776596699999,138865032.0370100,1650,282030711.2,138371956.5248100,0
1776596700000,0.4908,0.4917,0.4904,0.4904,252646700.9,1776596999999,124118310.1324500,1866,178873604.7,87887497.8698800,0
1776597000000,0.4904,0.4921,0.4903,0.492,314294935.8,1776597299999,154345615.4117600,2129,276478880.4,135750080.3039900,0
1776597300000,0.492,0.492,0.4919,0.4919,187523320.5,1776597599999,92260687.5460700,1193,160834573.1,79130609.9652000,0
1776597600000,0.4919,0.4919,0.4918,0.4918,223580026.3,1776597899999,109979014.5716700,1439,201035455.5,98889340.5604500,0
1776597900000,0.4919,0.4919,0.4917,0.4918,193287225.6,1776598199999,95059657.2400200,1378,174115146.7,85630829.1531700,0
1776598200000,0.4918,0.4918,0.4915,0.4916,260954516.9,1776598499999,128305084.0052300,1856,185106112.6,91015054.9644000,0
1776598500000,0.4916,0.4917,0.4915,0.4915,295297257.0,1776598799999,145172431.0946200,1910,255000244.1,125362420.0056700,0
1776598800000,0.4915,0.4915,0.4909,0.4909,239373648.4,1776599099999,117550758.1139700,1667,196055474.4,96263237.9304000,0
1776599100000,0.4909,0.4909,0.4908,0.4908,276871289.7,1776599399999,135916115.6922800,1852,213329679.9,104723539.8629100,0
1776599400000,0.4908,0.4916,0.4902,0.4902,265901340.6,1776599699999,130560710.2733000,2003,175854414.7,86336161.4556200,0
1776599700000,0.4902,0.4902,0.4899,0.4899,267635090.6,1776599999999,131167405.2704800,1893,195646069.4,95883379.3920300,0
1776600000000,0.49,0.4901,0.4899,0.4899,330890089.8,1776600299999,162150286.3696800,2147,267596414.7,131138743.2152400,0
1776600300000,0.49,0.49,0.4878,0.488,324290559.3,1776600599999,158583492.1531400,1983,219823043.0,107516182.0666900,0
1776600600000,0.488,0.4887,0.4878,0.4886,281011425.4,1776600899999,137303423.9980900,1802,232066544.0,113388955.5957800,0
1776600900000,0.4886,0.4915,0.4884,0.4914,324960848.3,1776601199999,158936763.2065100,2077,254825095.8,124587031.5180300,0
1776601200000,0.4914,0.4914,0.4913,0.4913,241793823.0,1776601499999,118815912.5255100,1450,220071938.9,108143350.7754600,0
1776601500000,0.4913,0.493,0.4912,0.4929,365015421.6,1776601799999,179562784.7120300,2417,302203849.2,148655126.1251100,0
1776601800000,0.4929,0.4935,0.4923,0.4935,323228758.1,1776602099999,159334246.9351000,2052,316415447.7,155977465.6923700,0
1776602100000,0.4935,0.4935,0.4915,0.4915,284728932.6,1776602399999,140241413.3763300,1745,220439841.1,108552526.1733700,0
1776602400000,0.4916,0.4937,0.4915,0.4935,296453242.7,1776602699999,146116021.9997700,1970,253576012.8,124951825.1460200,0
1776602700000,0.4935,0.4941,0.4932,0.4932,289675092.8,1776602999999,142988075.6775900,2031,205049846.7,101213837.1170100,0
1776603000000,0.4933,0.4933,0.4931,0.4931,269296480.3,1776603299999,132831123.9441800,1708,230185730.1,113541702.1035600,0
1776603300000,0.4932,0.4955,0.4931,0.4953,305824446.1,1776603599999,151100097.4435100,1992,267216641.6,131973797.7841000,0
1776603600000,0.4954,0.4954,0.4952,0.4952,286161368.2,1776603899999,141734496.2299200,1790,187906069.0,93072575.9817600,0
1776603900000,0.4952,0.4952,0.4931,0.4931,261469085.7,1776604199999,129342453.7259500,1850,170241689.6,84279201.7597200,0
1776604200000,0.4931,0.4931,0.493,0.493,163408853.8,1776604499999,80574224.4294200,1145,129073519.3,63646152.3668300,0
1776604500000,0.493,0.4937,0.4929,0.4937,305366337.7,1776604799999,150662108.7710300,1761,289785154.7,142980584.5221500,0
1776604800000,0.4937,0.4937,0.4935,0.4936,298318257.6,1776605099999,147259891.6908100,1793,258000243.2,127358920.0556800,0
1776605100000,0.4936,0.4936,0.4934,0.4934,315153863.4,1776605399999,155540031.4135800,1797,271994301.7,134240787.9011100,0
1776605400000,0.4935,0.4935,0.4898,0.4899,270434378.3,1776605699999,133239064.6036600,1843,178503251.4,87918700.4024200,0
1776605700000,0.4898,0.4899,0.4897,0.4898,296754508.1,1776605999999,145367903.8892500,1729,254692494.0,124765529.4665400,0
1776606000000,0.4898,0.4898,0.4896,0.4897,314499392.8,1776606299999,154031143.7482700,1947,266132784.5,130345715.5549400,0
1776606300000,0.4897,0.4897,0.4895,0.4896,300209758.5,1776606599999,147004197.7301900,1834,249507396.9,122180321.5467600,0
1776606600000,0.4896,0.4896,0.4894,0.4895,456480208.7,1776606899999,223484093.7595000,2633,401309355.4,196476742.2439700,0
1776606900000,0.4895,0.4895,0.4893,0.4894,335897593.3,1776607199999,164415584.8064700,2128,277203976.5,135689017.0967400,0
1776607200000,0.4894,0.4894,0.4876,0.4877,375044561.1,1776607499999,183331944.0688700,2307,319676392.9,156244061.6747800,0
1776607500000,0.4877,0.4877,0.4875,0.4876,431029881.8,1776607799999,210170600.4811800,2541,362063348.7,176542504.0382500,0
1776607800000,0.4876,0.4884,0.4872,0.4873,432864223.2,1776608099999,211049335.8000300,2781,341615343.3,166556259.1360500,0
1776608100000,0.4873,0.4873,0.4863,0.4864,228078467.9,1776608399999,111010339.9178500,1902,136391302.7,66360252.9848000,0
1776608400000,0.4864,0.4864,0.4862,0.4863,275907226.5,1776608699999,134192786.5614200,1935,200840654.8,97687515.7855200,0
1776608700000,0.4863,0.4863,0.4861,0.4861,280116419.7,1776608999999,136215474.8881300,1864,242203442.7,117782085.4994300,0
1776609000000,0.4862,0.4862,0.486,0.486,233584643.4,1776609299999,113564641.6350800,1610,198091798.3,96311332.3334600,0
1776609300000,0.4861,0.4902,0.486,0.4901,309135705.4,1776609599999,150701173.7864800,1974,291414687.4,142024734.8180600,0
1776609600000,0.4901,0.4901,0.49,0.4901,294654642.8,1776609899999,144410240.0032000,1677,282842728.0,138621220.9928000,0
1776609900000,0.4901,0.4938,0.4899,0.4937,243661244.5,1776610199999,119879840.8657900,1794,211326482.6,104028198.0709200,0
1776610200000,0.4937,0.4937,0.4936,0.4937,260733790.7,1776610499999,128724272.0689600,1714,240556977.5,118762979.7917500,0
1776610500000,0.4937,0.4937,0.4935,0.4936,259858733.0,1776610799999,128266470.2121100,1799,223420264.9,110280442.7607300,0
1776610800000,0.4935,0.4936,0.4934,0.4935,281572866.9,1776611099999,138957608.4143200,1810,242320070.3,119586354.6930500,0
1776611100000,0.4935,0.4956,0.4933,0.4955,398266815.9,1776611399999,197029921.8289900,2440,365389714.1,180808349.3147800,0
1776611400000,0.4956,0.4956,0.4952,0.4952,274030296.9,1776611699999,135777397.1446800,1962,184990136.9,91662556.8281300,0
1776611700000,0.4952,0.4953,0.4951,0.4951,260606497.9,1776611999999,129056537.4614100,1657,213886626.0,105920857.2012600,0
1776612000000,0.4952,0.4952,0.495,0.495,239351310.0,1776612299999,118506533.2959800,1547,187990366.1,93077730.2621700,0
1776612300000,0.4951,0.4962,0.495,0.4961,344860931.4,1776612599999,170990008.5309700,2186,310988454.0,154185873.3532500,0
1776612600000,0.496,0.4961,0.4947,0.4948,303042194.4,1776612899999,150101885.7856700,1914,255846092.0,126696198.7959500,0
1776612900000,0.4948,0.4948,0.4946,0.4946,253845659.1,1776613199999,125584447.3515500,1587,198336560.9,98124096.6833000,0
1776613200000,0.4946,0.5043,0.4946,0.4954,289646664.0,1776613499999,144108602.6745900,2146,253860582.2,126267558.8020800,0
1776613500000,0.4954,0.4972,0.4953,0.4971,205077180.5,1776613799999,101736290.8173900,1327,194782694.9,96622795.7280300,0
1776613800000,0.4971,0.4971,0.4969,0.497,207189441.9,1776614099999,102989156.1097400,1542,178546801.6,88753548.4922900,0
1776614100000,0.497,0.497,0.4968,0.4969,202970261.9,1776614399999,100868361.4427100,1400,165667971.2,82332653.2443000,0
1776614400000,0.4971,0.5124,0.4971,0.5123,337199796.5,1776614699999,171776305.4602600,2142,305762665.3,155671067.9508800,0
1776614700000,0.5123,0.5123,0.5121,0.5121,273673477.4,1776614999999,140199217.5510900,1878,223838783.6,114672408.8382800,0
1776615000000,0.5122,0.5122,0.5092,0.5092,299982877.7,1776615299999,153180804.6333100,1900,260519375.0,132976076.7084400,0
1776615300000,0.5093,0.5093,0.5091,0.5091,258593014.8,1776615599999,131677562.7499600,1732,227015291.3,115598186.3358500,0
1776615600000,0.5092,0.5092,0.5065,0.5082,273209737.2,1776615899999,139024423.1735500,1977,202830466.8,103201375.1206100,0
1776615900000,0.5082,0.5118,0.5082,0.5117,351918634.0,1776616199999,179436412.4247300,2278,310468079.4,158233498.1026300,0
1776616200000,0.5117,0.5117,0.5097,0.5097,299012489.2,1776616499999,152959877.7001100,1826,248443903.6,127093702.3898700,0
1776616500000,0.5097,0.5145,0.5097,0.5131,343274208.2,1776616799999,175895872.3710200,2210,291398669.6,149237337.2830700,0
1776616800000,0.5131,0.5131,0.5125,0.5125,240043086.1,1776617099999,123112581.2432200,1837,126587059.2,64924685.2985600,0
1776617100000,0.5126,0.5145,0.5125,0.5144,348271516.1,1776617399999,178969307.8479400,2030,324692804.2,166840420.2968000,0
1776617400000,0.5144,0.5144,0.5143,0.5143,293718863.0,1776617699999,151087410.9761800,1766,255632008.7,131497105.2752800,0
1776617700000,0.5143,0.5143,0.5086,0.5086,264586940.0,1776617999999,135920648.3116200,1750,198054394.1,101718337.1221900,0
1776618000000,0.5087,0.5087,0.5085,0.5086,227766388.1,1776618299999,115852447.7301100,1507,183032866.9,93100650.6076400,0
1776618300000,0.5086,0.5086,0.5064,0.5066,213988788.6,1776618599999,108653622.9938600,1448,172459275.3,87542172.7233600,0
1776618600000,0.5066,0.5067,0.5065,0.5065,298134662.8,1776618899999,151047119.9209300,1933,256635484.9,130023636.6622000,0
1776618900000,0.5066,0.5066,0.5064,0.5064,288276044.3,1776619199999,146024216.2656400,1833,246975777.8,125105631.4764300,0
1776619200000,0.5065,0.5065,0.5063,0.5064,315615280.1,1776619499999,159841393.3109000,1994,277107092.2,140340634.2398000,0
1776619500000,0.5064,0.5064,0.5046,0.5046,228508171.4,1776619799999,115539595.5124100,1837,130497565.3,66006921.4081900,0
1776619800000,0.5047,0.5047,0.5045,0.5045,249631333.6,1776620099999,125975488.9292800,1905,219891419.5,110968028.4601900,0
1776620100000,0.5046,0.5046,0.5044,0.5044,292297190.8,1776620399999,147480532.6089000,1966,251609348.8,126953421.3827500,0
1776620400000,0.5045,0.5045,0.5043,0.5043,312155985.9,1776620699999,157468879.2124200,2021,267010795.5,134697645.3314500,0
1776620700000,0.5044,0.5044,0.5042,0.5042,233139177.2,1776620999999,117590387.0431000,1538,208405478.8,105117182.9866600,0
1776621000000,0.5043,0.5043,0.4973,0.4973,251182946.9,1776621299999,126143438.5801000,1746,200848997.0,100787521.4252100,0
1776621300000,0.4974,0.4986,0.4973,0.4984,297673077.9,1776621599999,148351638.7835100,1796,278900255.9,138993387.7851300,0
1776621600000,0.4985,0.4987,0.4983,0.4986,165252072.6,1776621899999,82374468.1059200,1375,141051948.7,70313126.4419900,0
1776621900000,0.4987,0.4987,0.4985,0.4987,187273124.9,1776622199999,93378944.6069700,1513,104108705.5,51917094.2952800,0
1776622200000,0.4987,0.5023,0.4987,0.5022,154994167.1,1776622499999,77518087.2578300,1198,127619288.9,63827910.6601100,0
1776622500000,0.5023,0.5023,0.5022,0.5022,157862544.5,1776622799999,79293569.8777800,1038,150000298.8,75345150.0872400,0
1776622800000,0.5022,0.5022,0.5021,0.5021,160641845.8,1776623099999,80672763.0352700,1150,119003025.1,59763319.2052200,0
1776623100000,0.5021,0.5037,0.5021,0.5036,106139254.7,1776623399999,53355621.5962100,882,90420627.9,45463297.0105300,0
1776623400000,0.5036,0.5036,0.5009,0.501,230721185.9,1776623699999,115662450.2457300,1613,160278678.2,80299945.6310700,0
1776623700000,0.501,0.501,0.5008,0.5009,313150209.3,1776623999999,156869039.1322000,1990,266444687.8,133474043.6553000,0
1776624000000,0.5009,0.5009,0.5007,0.5008,222651566.2,1776624299999,111512605.8111400,1545,181295392.9,90801154.1375300,0
1776624300000,0.5008,0.5008,0.5006,0.5006,279210987.9,1776624599999,139814874.4764100,1891,234606151.1,117480902.0027600,0
1776624600000,0.5007,0.5007,0.5005,0.5006,364600793.1,1776624899999,182535514.0744300,2222,308249062.3,154325737.8216400,0
1776624900000,0.5006,0.5006,0.5004,0.5005,513210438.0,1776625199999,256890271.0424200,2981,468640786.7,234582404.2423200,0
1776625200000,0.5005,0.5005,0.5003,0.5004,492643401.3,1776625499999,246549319.2863100,2833,431302745.7,215853468.7533300,0
1776625500000,0.5004,0.5004,0.5002,0.5003,500803452.4,1776625799999,250583972.8846200,2899,434308954.1,217315005.3854000,0
1776625800000,0.5003,0.5005,0.5002,0.5004,493005553.7,1776626099999,246719016.8324000,2879,426232996.7,213305130.4623600,0
1776626100000,0.5003,0.5004,0.5003,0.5003,382484949.6,1776626399999,191392324.8836300,2378,332436443.2,166351196.1772800,0
1776626400000,0.5003,0.5003,0.5002,0.5002,292921447.0,1776626699999,146544654.8489700,1959,241977824.6,121061505.6473800,0
1776626700000,0.5002,0.5002,0.5001,0.5001,235849799.9,1776626999999,117968926.1587300,1749,193117483.1,96597365.0466200,0
1776627000000,0.5001,0.5021,0.4998,0.5021,346994926.1,1776627299999,173718124.9211100,2362,305919773.4,153181054.0603900,0
1776627300000,0.5021,0.5021,0.5019,0.502,229019014.5,1776627599999,114970545.0204600,1614,190625744.7,95697123.8453700,0
1776627600000,0.502,0.502,0.5016,0.5016,224711851.9,1776627899999,112771292.8432300,1758,165981449.9,83298082.7381500,0
1776627900000,0.5017,0.5017,0.5015,0.5015,176328271.7,1776628199999,88447360.7971300,1344,125861091.2,63133023.3519000,0
1776628200000,0.5016,0.5016,0.5014,0.5015,166436100.1,1776628499999,83468704.0492000,1138,134735073.5,67570639.3662300,0
1776628500000,0.5015,0.5015,0.5013,0.5013,478229702.7,1776628799999,239788172.4664500,2747,397891517.4,199506606.8303400,0
1776628800000,0.5014,0.5014,0.5012,0.5013,478279789.2,1776629099999,239767574.0921000,2797,406157309.7,203612047.0143400,0
1776629100000,0.5013,0.5013,0.5011,0.5012,512458703.1,1776629399999,256852397.5482100,2947,447854059.9,224471925.5327200,0
1776629400000,0.5012,0.5012,0.501,0.5011,479820538.4,1776629699999,240448626.1512300,2802,402129621.3,201517313.7158000,0
1776629700000,0.5011,0.5011,0.5009,0.501,468067255.4,1776629999999,234511994.9119700,2753,387055071.4,193923650.2224200,0
1776630000000,0.501,0.501,0.5008,0.5009,484908016.8,1776630299999,242902811.3609200,2855,419700697.4,210239704.8610400,0
1776630300000,0.5009,0.5009,0.4987,0.4988,530192822.6,1776630599999,265247338.3088300,3190,424021540.2,212095641.9691400,0
1776630600000,0.4988,0.5006,0.4986,0.5005,480134902.1,1776630899999,239486144.4723000,2770,394049957.9,196548211.4023800,0
1776630900000,0.5006,0.5006,0.5004,0.5004,477500166.8,1776631199999,239002692.1889500,2784,398776806.7,199600811.9022800,0
1776631200000,0.5005,0.5005,0.5003,0.5003,481512242.5,1776631499999,240964542.3076000,2822,408309995.8,204332973.7845600,0
1776631500000,0.5004,0.5015,0.5002,0.5014,527208553.2,1776631799999,263900508.9659100,3041,466477571.8,233507022.3068900,0
1776631800000,0.5014,0.5054,0.5013,0.5046,537822510.3,1776632099999,270081048.1982500,3280,453699637.9,227801360.1700200,0
1776632100000,0.5047,0.5047,0.5045,0.5046,485062442.3,1776632399999,244807084.9270900,2838,420982569.8,212469659.9241800,0
1776632400000,0.5046,0.5053,0.5045,0.5053,474358004.1,1776632699999,239529515.4304700,2600,424747825.9,214479326.0943500,0
1776632700000,0.5053,0.5062,0.5052,0.506,457285637.0,1776632999999,231319769.4749900,2728,401136998.3,202911479.7166600,0
1776633000000,0.5061,0.5061,0.5059,0.506,252327188.8,1776633299999,127699646.6037100,1799,206671882.0,104596516.1517100,0
1776633300000,0.506,0.5098,0.5059,0.5096,316780967.2,1776633599999,160722026.6766200,2158,273473122.1,138694054.4140100,0
1776633600000,0.5096,0.5099,0.5096,0.5098,493761948.3,1776633899999,251678795.9947500,2776,467162149.6,238120879.0698300,0
1776633900000,0.5099,0.5099,0.5097,0.5097,495783993.6,1776634199999,252752879.4490300,2897,429323109.2,218871121.0701600,0
1776634200000,0.5098,0.5116,0.5096,0.5115,485570704.4,1776634499999,247552189.3494500,2867,441552072.1,225115692.2714300,0
1776634500000,0.5116,0.5116,0.5114,0.5114,459742899.1,1776634799999,235161492.3326900,2761,424695489.2,217234742.7258000,0
1776634800000,0.5115,0.5115,0.5113,0.5113,455679255.0,1776635099999,233037870.4926600,2775,402761549.4,205975756.3631600,0
1776635100000,0.5114,0.5114,0.5112,0.5112,476788663.4,1776635399999,243785572.2102300,2840,414172538.6,211769432.6924600,0
1776635400000,0.5113,0.5147,0.5112,0.5144,537055323.3,1776635699999,275914483.1552800,3333,429710877.5,220738777.5680300,0
1776635700000,0.5144,0.5144,0.5127,0.5127,498371629.0,1776635999999,256138471.8737200,2952,411217696.3,211355182.3717600,0
1776636000000,0.5127,0.5127,0.5084,0.5089,408430343.8,1776636299999,208295856.9447300,2680,284168987.2,144764155.4886100,0
1776636300000,0.5089,0.5089,0.5087,0.5088,470765585.6,1776636599999,239525941.8196900,2751,389107614.5,197978257.3451600,0
1776636600000,0.5088,0.5115,0.5086,0.5113,471660582.3,1776636899999,240730886.9736400,3042,349746324.3,178505408.1759400,0
1776636900000,0.5113,0.5113,0.5111,0.5111,459175668.9,1776637199999,234746773.0560500,2668,391924762.2,200366800.5060000,0
1776637200000,0.5112,0.5112,0.5082,0.5085,489668737.0,1776637499999,249356238.8150200,2841,430915135.5,219365768.0230800,0
1776637500000,0.5086,0.5086,0.5084,0.5084,443509592.2,1776637799999,225529735.9877100,2679,388310003.4,197460439.3359000,0
1776637800000,0.5085,0.5085,0.5063,0.5063,306351141.7,1776638099999,155267151.3525000,2258,152151349.3,77087325.3334100,0
1776638100000,0.5064,0.5092,0.5063,0.5091,297384538.7,1776638399999,151121595.6369300,2013,263078462.6,133666933.3922800,0
1776638400000,0.509,0.5091,0.5089,0.509,267622447.2,1776638699999,136233272.1739900,1885,235567641.0,119917172.8433600,0
1776638700000,0.509,0.509,0.5072,0.5072,244735525.6,1776638999999,124228178.1136800,2049,157891940.1,80111570.5009800,0
1776639000000,0.5073,0.5081,0.5072,0.5081,257538810.5,1776639299999,130796946.2729600,1652,254532987.7,129271289.6022000,0
1776639300000,0.5081,0.5128,0.508,0.5126,348556566.3,1776639599999,178309609.8344300,2305,315908441.8,161570920.5790300,0
1776639600000,0.5127,0.5127,0.5096,0.5097,218619754.2,1776639899999,111857857.2260400,1759,152564463.1,78055122.2499900,0
1776639900000,0.5097,0.5097,0.506,0.506,230774132.8,1776640199999,117468123.0831600,1693,145343591.0,73943440.7991600,0
1776640200000,0.5061,0.5067,0.506,0.5065,308735815.3,1776640499999,156406872.6445000,1819,263975565.3,133731830.2362300,0
1776640500000,0.5066,0.5066,0.5064,0.5065,470488732.9,1776640799999,238336709.8226800,2755,414476385.5,209964694.2642800,0
1776640800000,0.5065,0.5066,0.5064,0.5064,475587929.6,1776641099999,240893060.9841700,2806,402248203.6,203745845.1411300,0
1776641100000,0.5065,0.5065,0.5063,0.5064,470268299.7,1776641399999,238183320.7133400,2827,399660332.7,202424609.3310200,0
1776641400000,0.5063,0.5064,0.5062,0.5062,475654267.4,1776641699999,240863947.9864900,2797,402028118.2,203583662.6352600,0
1776641700000,0.5063,0.5063,0.5061,0.5062,513229092.0,1776641999999,259840300.7858200,3003,458413954.5,232091474.1540700,0
1776642000000,0.5062,0.5062,0.506,0.5061,485937902.0,1776642299999,245975320.8457100,2869,417273131.5,211221036.8077600,0
1776642300000,0.506,0.5102,0.506,0.5101,559123782.7,1776642599999,283721455.1862100,3225,507099808.0,257222578.3121600,0
1776642600000,0.5101,0.5152,0.51,0.5152,530880851.5,1776642899999,271994207.5767000,3059,507282892.3,259907871.7881300,0
1776642900000,0.5152,0.5152,0.5142,0.5142,322327492.8,1776643199999,165869552.9220900,2121,274170258.8,141072753.7336100,0
1776643200000,0.5151,0.524,0.5142,0.5238,494104683.2,1776643499999,258434609.9213700,2861,438698745.8,229406651.8585900,0
1776643500000,0.5239,0.5239,0.5212,0.5213,511937323.5,1776643799999,267109422.4292700,3140,400636255.8,208941775.9865700,0
1776643800000,0.5212,0.5213,0.5211,0.5212,481904714.8,1776644099999,251207340.6558100,2791,416666983.7,217202948.5971900,0
1776644100000,0.5211,0.5264,0.521,0.5263,510644530.9,1776644399999,266263328.7753500,2961,455554988.7,237554441.0560300,0
1776644400000,0.5264,0.5337,0.5262,0.5336,510335799.7,1776644699999,269319439.8924400,3006,440503119.1,232479463.0264300,0
1776644700000,0.5336,0.5336,0.5296,0.531,437501489.7,1776644999999,232408738.8889700,2705,359133151.0,190737923.0573600,0
1776645000000,0.5311,0.5405,0.531,0.5384,282913378.2,1776645299999,151933996.5833300,2454,227770316.4,122219710.5833300,0
1776645300000,0.5384,0.5385,0.5371,0.5371,326433658.2,1776645599999,175417850.4336200,2428,215488988.6,115764023.5080800,0
1776645600000,0.5371,0.5371,0.5339,0.534,463636251.3,1776645899999,247598722.1828200,2772,399020802.2,213090037.8942200,0
1776645900000,0.534,0.5344,0.5336,0.5344,522941905.8,1776646199999,279216773.4485200,3130,465681830.3,248649014.2448800,0
1776646200000,0.5343,0.5344,0.5342,0.5344,485107608.2,1776646499999,259234432.6929400,2840,440442837.8,235368955.0478900,0
1776646500000,0.5343,0.5344,0.5342,0.5343,523333566.3,1776646799999,279649826.5404100,3032,474997774.7,253823163.4433900,0
1776646800000,0.5343,0.5366,0.5342,0.5364,457900154.4,1776647099999,245514520.9166400,2754,390936304.4,209603786.9492500,0
1776647100000,0.5364,0.5391,0.5316,0.539,542675793.2,1776647399999,289931306.3468500,3296,433852111.9,231621125.5393000,0
1776647400000,0.5391,0.5391,0.5389,0.5389,481682705.3,1776647699999,259660929.2105800,2850,441302124.8,237895796.4445700,0
1776647700000,0.5389,0.5484,0.5389,0.5436,484827394.0,1776647999999,263423785.3703400,3222,352720394.2,191598205.9679000,0
1776648000000,0.5436,0.552,0.5434,0.5519,514585524.9,1776648299999,281093321.8514800,3320,399791226.9,218208349.0436200,0
1776648300000,0.5519,0.5529,0.5399,0.5455,479518508.3,1776648599999,263436450.3139100,3436,302460025.1,166308428.1931400,0
1776648600000,0.5456,0.5456,0.5425,0.5442,452774981.0,1776648899999,246357936.4465000,2824,356915152.9,194166074.3613200,0
1776648900000,0.5442,0.5442,0.5402,0.5402,472766366.8,1776649199999,256608241.3428400,3488,201649181.2,109573575.6519700,0
1776649200000,0.5402,0.5409,0.5388,0.5408,485938735.5,1776649499999,262448971.5365700,2786,418232953.2,225875651.5586000,0
1776649500000,0.5408,0.5408,0.5381,0.5382,451561046.1,1776649799999,243161877.3222600,2954,277615375.3,149421672.1374600,0
1776649800000,0.5382,0.5382,0.5374,0.5374,329774096.2,1776650099999,177386278.2082100,2305,228386840.4,122852004.0604000,0
1776650100000,0.5374,0.5379,0.5373,0.5378,380154706.0,1776650399999,204312536.5588000,2434,356765384.0,191742538.0374000,0
1776650400000,0.5379,0.5394,0.5364,0.5364,431191890.7,1776650699999,231920111.9509800,2738,365353474.3,196434626.5674000,0
1776650700000,0.5365,0.5365,0.5315,0.5315,479064447.8,1776650999999,256082189.5986700,3036,378048430.6,201933065.2628000,0
1776651000000,0.5315,0.533,0.5314,0.5329,471439741.9,1776651299999,250651963.1421100,2806,420368479.0,223507371.9753300,0
1776651300000,0.533,0.533,0.5199,0.5199,435441057.1,1776651599999,228356090.1831100,3261,207393793.9,108853245.3793100,0
1776651600000,0.5199,0.5215,0.5195,0.521,487768716.7,1776651899999,253717823.7915100,3013,422565037.6,219829383.5790700,0
1776651900000,0.5211,0.5211,0.5174,0.5174,463507539.2,1776652199999,240387000.6042900,2790,414423543.5,214838631.6376500,0
1776652200000,0.5174,0.5175,0.5071,0.5071,457940347.2,1776652499999,235447749.8987500,2995,336428666.9,172866612.8405200,0
1776652500000,0.5071,0.5083,0.5045,0.5045,327396688.8,1776652799999,166099950.5883800,2432,221110458.2,112272134.4533900,0
1776652800000,0.5045,0.5045,0.502,0.502,444749934.5,1776653099999,223811685.1793100,2854,326186989.3,164090237.0128300,0
1776653100000,0.5021,0.5045,0.502,0.5039,563617153.1,1776653399999,283811920.8227000,3215,509275686.0,256423809.5061600,0
1776653400000,0.504,0.504,0.5027,0.5028,506388601.5,1776653699999,255105278.6903200,3226,341352357.6,172015789.2315200,0
1776653700000,0.5028,0.5028,0.5023,0.5023,500216306.6,1776653999999,251354750.1303800,3045,379207171.4,190544042.3282400,0
1776654000000,0.5023,0.5042,0.5016,0.5041,362763581.8,1776654299999,182682386.5353800,2332,289805337.4,145976291.6314900,0
1776654300000,0.5041,0.5057,0.504,0.5056,523958243.0,1776654599999,264636200.6650100,3141,460132898.4,232387498.5575700,0
1776654600000,0.5056,0.5056,0.4989,0.4989,488918111.7,1776654899999,245401870.2559100,3312,262447702.7,131751279.6752200,0
1776654900000,0.4989,0.501,0.4988,0.501,468634433.3,1776655199999,234223327.3804200,3166,319381571.7,159663228.0312500,0
1776655200000,0.501,0.501,0.5008,0.5009,383186491.0,1776655499999,191947912.9935300,2429,331177374.5,165896546.8990300,0
1776655500000,0.5009,0.5009,0.4982,0.4983,376835105.9,1776655799999,188591017.9155200,2715,254229049.1,127305494.2186100,0
1776655800000,0.4983,0.4983,0.4965,0.4977,235024111.7,1776656099999,117055643.5962600,1904,192341300.4,95814162.8316800,0
1776656100000,0.4977,0.4979,0.494,0.4941,291041514.5,1776656399999,144166458.3740000,2224,180046946.8,89204068.5354400,0
1776656400000,0.4941,0.4941,0.4939,0.4939,255117508.5,1776656699999,126043645.1615500,1779,227192250.9,112248467.9437300,0
1776656700000,0.494,0.495,0.4939,0.495,313643381.9,1776656999999,155067749.8596500,1904,313495598.7,154994614.8160700,0
1776657000000,0.495,0.495,0.4922,0.4922,230890199.9,1776657299999,114178266.7246900,1700,106247960.4,52585471.2321600,0
1776657300000,0.4922,0.4922,0.4912,0.4913,225230597.1,1776657599999,110691640.9626800,1818,148126496.0,72779665.6296300,0
1776657600000,0.4913,0.4948,0.4912,0.4927,297280717.6,1776657899999,146538317.3294400,2001,232934689.9,114734087.1041500,0
1776657900000,0.4928,0.4928,0.4923,0.4924,317582310.4,1776658199999,156430056.6155900,2103,272578608.6,134257197.6159600,0
1776658200000,0.4924,0.4924,0.4922,0.4922,288446680.6,1776658499999,142009654.8983700,1941,252870793.1,124495430.4255600,0
1776658500000,0.4923,0.4923,0.4908,0.4908,308531775.9,1776658799999,151666216.0133600,2297,161776772.3,79543548.5065400,0
1776658800000,0.4908,0.4908,0.4902,0.4902,208258848.8,1776659099999,102122017.1643500,1590,148198275.0,72667455.1400200,0
1776659100000,0.4903,0.4931,0.4901,0.493,193066032.8,1776659399999,94889931.7485200,1420,149132802.7,73331755.9596700,0
1776659400000,0.493,0.493,0.4893,0.4893,166846904.3,1776659699999,81788220.4566500,1327,118063847.0,57780446.7218000,0
1776659700000,0.4894,0.4894,0.4892,0.4893,156185517.1,1776659999999,76422744.2696000,1167,118985757.1,58220702.5943300,0
1776660000000,0.4893,0.4893,0.4891,0.4891,316309870.1,1776660299999,154741072.1119400,2056,260230411.0,127306676.3809600,0
1776660300000,0.4892,0.4892,0.489,0.489,418095355.0,1776660599999,204498837.7215300,2500,377380143.3,184585028.0941600,0
1776660600000,0.4891,0.4891,0.4878,0.4881,475699812.7,1776660899999,232242805.0598900,3018,378675483.7,184854662.6574700,0
1776660900000,0.4882,0.4897,0.4881,0.4896,532961342.4,1776661199999,260517526.0296600,3017,520741965.4,254548627.4286500,0
1776661200000,0.4897,0.4915,0.4896,0.4914,510809234.0,1776661499999,250531234.3749200,2980,477492761.0,234188269.2193500,0
1776661500000,0.4915,0.4915,0.4913,0.4914,469026413.9,1776661799999,230522552.6769800,2757,424832426.1,208805072.4750800,0
1776661800000,0.4914,0.4915,0.4907,0.4907,337491275.6,1776662099999,165860958.4491600,2155,302584025.2,148707823.4327200,0
1776662100000,0.4907,0.4907,0.4905,0.4906,304607767.4,1776662399999,149463172.6930200,1940,254189900.6,124727668.6276800,0
1776662400000,0.4906,0.4906,0.4904,0.4905,353055923.3,1776662699999,173196848.0942700,2175,297185688.2,145791211.2939400,0
1776662700000,0.4905,0.4954,0.4904,0.4953,414482486.2,1776662999999,204903342.7112200,2493,367435772.1,181623259.8055400,0
1776663000000,0.4952,0.4953,0.4949,0.495,350903935.1,1776663299999,173773635.4186000,2361,281609832.1,139462466.4862300,0
1776663300000,0.495,0.495,0.4948,0.4949,353307346.2,1776663599999,174862704.6120900,2196,292454001.5,144745421.9844800,0
1776663600000,0.4949,0.4958,0.4948,0.4957,475908936.7,1776663899999,235904569.0248700,2769,434968962.5,215610624.0162200,0
1776663900000,0.4957,0.4957,0.4922,0.494,484838335.0,1776664199999,239160016.7940000,3110,302401488.3,149138223.1918300,0
1776664200000,0.494,0.494,0.4938,0.4939,454688352.3,1776664499999,224570876.7141700,2570,399527670.5,197327016.4660400,0
1776664500000,0.4939,0.5002,0.4938,0.5002,400637685.1,1776664799999,198815376.6112700,2705,354027674.4,175748940.7020200,0
1776664800000,0.5001,0.5002,0.4956,0.4957,423848785.9,1776665099999,210955683.3517700,2822,268805101.2,133749346.2810600,0
1776665100000,0.4957,0.4978,0.4956,0.4978,490795797.7,1776665399999,244190115.5049200,2898,430138358.6,214009319.1553600,0
1776665400000,0.4978,0.5001,0.4976,0.499,537876941.3,1776665699999,268113000.8608000,3253,451985273.6,225277345.0266600,0
1776665700000,0.4991,0.4991,0.4989,0.4989,474622175.8,1776665999999,236840004.6136700,2754,388516555.3,193874618.0874000,0
1776666000000,0.4989,0.4989,0.4974,0.4975,439895498.7,1776666299999,218932318.7750900,2875,264081592.9,131399051.5136000,0
1776666300000,0.4975,0.4981,0.4973,0.498,413491573.8,1776666599999,205750481.8423900,2463,326452684.8,162440911.5478400,0
1776666600000,0.498,0.498,0.4978,0.4978,342767830.0,1776666899999,170689750.2558400,2174,276216333.4,137551990.6042100,0
1776666900000,0.4978,0.4978,0.4976,0.4977,493522772.8,1776667199999,245666885.5095500,2985,391011112.7,194640453.8211100,0
1776667200000,0.4977,0.4987,0.4976,0.4985,440821211.2,1776667499999,219727336.2830100,2463,382787698.1,190798411.5937800,0
1776667500000,0.4986,0.4986,0.497,0.4971,450616091.3,1776667799999,224513756.9341700,2803,333596227.6,166196012.4310400,0
1776667800000,0.497,0.4971,0.4947,0.4947,472294107.1,1776668099999,234024987.6307300,2882,359653951.7,178177572.0587400,0
1776668100000,0.4948,0.4977,0.4947,0.4976,487430170.5,1776668399999,242031986.1536300,2678,448556684.6,222731734.9430400,0
1776668400000,0.4977,0.4977,0.4945,0.4962,465221279.8,1776668699999,230838973.1631100,2856,365342048.2,181238428.2330900,0
1776668700000,0.4962,0.4962,0.4929,0.4929,455649634.4,1776668999999,225229568.5641900,3259,210025962.4,103817314.4393900,0
1776669000000,0.4929,0.495,0.4917,0.4949,485831246.8,1776669299999,240240755.5845100,2824,398369163.8,197031910.1767200,0
1776669300000,0.4949,0.4949,0.4931,0.4931,392367743.8,1776669599999,193544979.9069800,2512,298886553.0,147416085.5052800,0
1776669600000,0.4931,0.4964,0.4931,0.4962,356880850.5,1776669899999,176390211.2502900,2375,273561403.9,135209554.3012400,0
1776669900000,0.4963,0.4963,0.4961,0.4961,466622849.3,1776670199999,231578420.6107600,2717,410772876.0,203863441.8996000,0
1776670200000,0.4961,0.4962,0.496,0.4961,456002679.2,1776670499999,226263795.0697400,2676,391966377.0,194492316.2674000,0
1776670500000,0.4961,0.4961,0.496,0.496,443885306.2,1776670799999,220207615.5524400,2637,376120537.0,186593311.7963200,0
1776670800000,0.496,0.496,0.4936,0.4937,438955022.8,1776671099999,217377933.8999300,2784,310313234.5,153690053.4904200,0
1776671100000,0.4937,0.4937,0.4928,0.4928,424188520.3,1776671399999,209345562.7524500,2624,356354891.3,175884403.7552900,0
1776671400000,0.4928,0.4928,0.4915,0.4916,201961703.7,1776671699999,99304988.7458800,1602,134754211.8,66245170.5208800,0
1776671700000,0.4915,0.4922,0.4914,0.4922,451533602.3,1776671999999,222127429.7215900,2648,399672383.9,196627051.7020700,0
1776672000000,0.4922,0.5014,0.4921,0.5013,536342586.3,1776672299999,268559659.1482900,3115,484210209.2,242425092.5321400,0
1776672300000,0.5012,0.5013,0.5011,0.5012,484226183.3,1776672599999,242730796.6331600,2862,419362555.6,210217556.3863600,0
1776672600000,0.5012,0.5012,0.501,0.5011,493068395.9,1776672899999,247117235.2134200,2855,425522024.4,213266972.6306300,0
1776672900000,0.5011,0.5011,0.5009,0.501,472526904.4,1776673199999,236776172.5233000,2782,410518989.5,205707100.8575400,0
1776673200000,0.5009,0.5045,0.5009,0.5045,481671182.5,1776673499999,242585149.8457000,2702,452526047.8,227904831.2512400,0
1776673500000,0.5044,0.5047,0.5043,0.5047,449785537.0,1776673799999,226950593.1559100,2697,373871726.0,188651555.7145900,0
1776673800000,0.5047,0.5047,0.5045,0.5046,509087600.4,1776674099999,256906920.1121100,2946,429758555.0,216875836.9141400,0
1776674100000,0.5046,0.5046,0.5044,0.5044,496779103.0,1776674399999,250647230.6629000,2914,434033348.4,218990820.8021200,0
1776674400000,0.5045,0.5058,0.5044,0.5057,375332668.8,1776674699999,189784527.1000000,2430,326052394.5,164866677.6778300,0
1776674700000,0.5057,0.5057,0.5046,0.5047,394867241.5,1776674999999,199585375.3616900,2664,305829888.0,154584082.8175500,0
1776675000000,0.5047,0.5048,0.5046,0.5046,488654219.1,1776675299999,246655217.1910300,2925,425433294.9,214745066.1311700,0
1776675300000,0.5047,0.5065,0.5046,0.5065,557252072.1,1776675599999,282100638.1332800,3039,538835474.9,272781770.1028400,0
1776675600000,0.5065,0.5065,0.5063,0.5064,500944053.5,1776675899999,253681082.9772300,2893,440580575.3,223112822.4742800,0
1776675900000,0.5064,0.5081,0.5063,0.5081,453377798.4,1776676199999,230001551.4915400,2653,393843718.2,199816093.1137200,0
1776676200000,0.5081,0.5081,0.5079,0.508,399195935.3,1776676499999,202803250.0177700,2413,354317563.9,180004837.6787000,0
1776676500000,0.508,0.5089,0.5079,0.508,384353329.5,1776676799999,195401305.5857800,2347,336095426.1,170857554.3686200,0
1776676800000,0.5081,0.5104,0.508,0.509,474523669.4,1776677099999,242005897.4217800,2775,411156721.5,209675717.9293200,0
1776677100000,0.509,0.509,0.5066,0.5067,478416540.7,1776677399999,243160710.0817000,3028,329557021.2,167450233.7325300,0
1776677400000,0.5066,0.5067,0.5046,0.5046,489643611.6,1776677699999,247741501.3809900,3105,345121249.8,174609178.6165400,0
1776677700000,0.5047,0.5059,0.5045,0.5059,505302561.4,1776677999999,255184984.4381300,2939,437145352.5,220782466.9846800,0
1776678000000,0.5059,0.5062,0.5058,0.5061,531822701.7,1776678299999,269184104.3911500,3071,472663296.0,239242124.9257400,0
1776678300000,0.5061,0.5061,0.5059,0.5059,515072319.1,1776678599999,260660897.5986400,2934,454023953.2,229769867.2542200,0
1776678600000,0.506,0.5084,0.5059,0.5069,490913081.0,1776678899999,248820957.3908900,3002,390309439.7,197778896.2630000,0
1776678900000,0.5069,0.5077,0.5067,0.5074,375668855.9,1776679199999,190500337.8135200,2562,299548220.3,151904846.4983000,0
1776679200000,0.5075,0.5075,0.5069,0.5074,451937701.0,1776679499999,229345608.5341300,2764,366381615.4,185932783.0982300,0
1776679500000,0.5074,0.5081,0.5073,0.508,434486459.4,1776679799999,220632847.9642800,2599,386081707.1,196065551.0057100,0
1776679800000,0.5081,0.509,0.508,0.5089,464326709.2,1776680099999,236191180.1466600,2902,370859578.8,188661170.8550900,0
1776680100000,0.5089,0.5089,0.5086,0.5086,489052201.1,1776680399999,248836948.1331000,2969,383639071.2,195206047.0829100,0
1776680400000,0.5087,0.5087,0.5073,0.5074,485764862.7,1776680699999,246687038.5580600,2785,409635175.8,208004891.9588300,0
1776680700000,0.5074,0.5074,0.5072,0.5073,521800731.7,1776680999999,264756189.9391600,2995,456556913.6,231654875.1070600,0
1776681000000,0.5074,0.5074,0.5052,0.5053,468222011.6,1776681299999,237359371.7546600,2897,347562866.2,176189480.4104000,0
1776681300000,0.5053,0.506,0.5053,0.5054,232866507.0,1776681599999,117752388.3945600,1772,175401720.8,88695824.5322500,0
1776681600000,0.5054,0.5062,0.5053,0.5061,484216491.9,1776681899999,245017731.6907100,2913,381785903.3,193196930.6146800,0
1776681900000,0.5061,0.5061,0.5059,0.506,491925394.9,1776682199999,248946282.6278800,2837,425625897.4,215396104.7744800,0
1776682200000,0.5059,0.506,0.5054,0.5055,480512019.5,1776682499999,242977862.6757300,2941,356118852.9,180075729.3422100,0
1776682500000,0.5055,0.5055,0.5053,0.5054,478783222.7,1776682799999,241998843.5918300,2748,407946445.7,206196474.1324500,0
1776682800000,0.5053,0.5054,0.5052,0.5053,472223774.1,1776683099999,238637393.4165500,2722,415599897.2,210023959.2589900,0
1776683100000,0.5052,0.5053,0.5051,0.5051,484943847.4,1776683399999,245017764.7649700,2782,414943517.6,209652237.4523300,0
1776683400000,0.5052,0.5052,0.505,0.5051,442909782.1,1776683699999,223738375.6211900,2622,369182881.4,186497527.6121700,0
1776683700000,0.5051,0.5051,0.5023,0.5024,416495142.5,1776683999999,209934449.4426900,2629,321668451.2,162086660.6264700,0
1776684000000,0.5024,0.5027,0.5022,0.5027,494304077.7,1776684299999,248318013.6295400,2866,423127995.9,212563654.4224300,0
1776684300000,0.5027,0.5027,0.5025,0.5026,324927480.2,1776684599999,163317595.4036300,2233,267256306.1,134331180.6063600,0
1776684600000,0.5025,0.5026,0.5004,0.5005,449698582.0,1776684899999,225654422.2868000,2797,349964676.8,175574069.3995800,0
1776684900000,0.5004,0.5005,0.5003,0.5004,472266766.9,1776685199999,236331782.0643400,2769,398030951.9,199183618.1822200,0
1776685200000,0.5003,0.5004,0.5002,0.5003,497216479.7,1776685499999,248769005.9482900,2868,426717628.0,213497941.5656300,0
1776685500000,0.5002,0.5009,0.5002,0.5008,479558602.5,1776685799999,240164548.3555200,2853,414388604.6,207526477.7802400,0
1776685800000,0.5008,0.5008,0.5006,0.5007,463487860.7,1776686099999,232101360.9079500,2768,407474355.4,204053223.9816400,0
1776686100000,0.5007,0.5007,0.5005,0.5006,354264045.8,1776686399999,177370423.3327600,2192,313195811.6,156810452.2151200,0
1776686400000,0.5005,0.5006,0.5004,0.5004,452539670.9,1776686699999,226528285.3840100,2634,399858912.1,200160915.6173100,0
1776686700000,0.5005,0.5005,0.5003,0.5003,510089951.2,1776686999999,255288687.7302100,2943,452507452.9,226472989.0568500,0
1776687000000,0.5004,0.5051,0.5003,0.505,520385238.5,1776687299999,262444540.3087900,3045,456027556.6,229963023.4896000,0
1776687300000,0.505,0.505,0.5048,0.5048,513945375.1,1776687599999,259511508.9275600,2980,453887592.0,229186832.6515100,0
1776687600000,0.5049,0.5049,0.5047,0.5048,471795672.8,1776687899999,238182115.1811200,2722,390285146.5,197033614.9359300,0
1776687900000,0.5048,0.5048,0.5032,0.5033,500925385.5,1776688199999,252392546.9838500,3078,383563429.1,193239882.8038300,0
1776688200000,0.5033,0.505,0.5031,0.505,489618202.5,1776688499999,246435041.5301600,2885,444349577.2,223655738.7970100,0
1776688500000,0.505,0.5057,0.5048,0.5057,477293128.1,1776688799999,241037497.7342700,2906,432951646.3,218648825.5883500,0
1776688800000,0.5057,0.5057,0.5055,0.5056,503769014.2,1776689099999,254713813.1892600,2922,441861062.5,223413153.2565700,0
1776689100000,0.5056,0.507,0.5054,0.507,480793835.6,1776689399999,243467235.3315100,2868,428535024.1,217038956.4430400,0
1776689400000,0.507,0.507,0.5068,0.5068,405565407.5,1776689699999,205579648.3350500,2492,345136475.0,174949779.1834200,0
1776689700000,0.5068,0.5068,0.5041,0.5042,503808280.7,1776689999999,254515531.5019700,3210,379318977.1,191588585.9457800,0
1776690000000,0.5042,0.5042,0.504,0.5041,493804972.7,1776690299999,248960977.0128700,2882,435073389.4,219352260.8500300,0
1776690300000,0.5041,0.5055,0.504,0.5055,531825615.9,1776690599999,268335729.3763600,2908,511589287.4,258131578.3165600,0
1776690600000,0.5055,0.5055,0.5048,0.5049,498308739.8,1776690899999,251795790.7684000,3146,332197696.4,167862417.0194700,0
1776690900000,0.5049,0.5049,0.5047,0.5047,368610632.9,1776691199999,186086847.2095000,2251,314575057.0,158809688.7855000,0
1776691200000,0.5048,0.5067,0.5047,0.5065,373776847.9,1776691499999,189222875.1858600,2080,352668125.2,178535756.8957100,0
1776691500000,0.5066,0.5066,0.5064,0.5064,413691696.0,1776691799999,209546443.6882100,2349,361928230.9,183328248.9627100,0
1776691800000,0.5065,0.5065,0.5054,0.5054,441106736.5,1776692099999,223223878.6158200,2883,274294849.3,138811835.6964500,0
1776692100000,0.5055,0.5055,0.5053,0.5054,467571231.0,1776692399999,236351487.8097900,2749,392189215.0,198250100.0433800,0
1776692400000,0.5054,0.5054,0.5052,0.5053,469843949.4,1776692699999,237455556.5548100,2752,401488664.8,202912071.1899200,0
1776692700000,0.5053,0.5075,0.5052,0.5074,560971134.7,1776692999999,284503869.1034400,3111,546219340.7,277021735.3134100,0
1776693000000,0.5075,0.5075,0.5062,0.5063,449954799.4,1776693299999,228004805.7733600,3028,302765564.8,153386410.9017400,0
1776693300000,0.5063,0.5063,0.5051,0.5051,395026091.6,1776693599999,199760813.3455700,2482,342478633.7,173170093.2097800,0
1776693600000,0.5052,0.5052,0.505,0.505,482544568.8,1776693899999,243733950.3664400,2789,418935950.5,211605137.7754200,0
1776693900000,0.5051,0.5051,0.5034,0.5034,466973622.9,1776694199999,235816044.7310700,2905,357334681.9,180453214.3654400,0
1776694200000,0.5035,0.5035,0.5023,0.5023,367760417.5,1776694499999,185129126.9010000,2448,272955160.0,137408630.0793200,0
1776694500000,0.5024,0.5052,0.5022,0.5051,500774558.3,1776694799999,251669136.4649600,2921,469749224.4,236085110.5002600,0
1776694800000,0.5052,0.5052,0.505,0.505,488917307.9,1776695099999,246967149.5645200,2839,433724059.3,219088199.6169700,0
1776695100000,0.5051,0.5051,0.5049,0.5049,502516864.3,1776695399999,253787290.5239900,2877,450531043.2,227533811.1405100,0
1776695400000,0.505,0.505,0.5048,0.5048,492353019.8,1776695699999,248605955.4136600,2787,422394800.4,213282637.2899000,0
1776695700000,0.5049,0.5049,0.5047,0.5047,484849524.5,1776695999999,244769527.7820300,2751,414392971.7,209201455.4158000,0
1776696000000,0.5048,0.5048,0.501,0.5028,348977954.3,1776696299999,175485834.4965600,2229,242186681.7,121804091.4058500,0
1776696300000,0.5028,0.5028,0.5026,0.5026,320245503.9,1776696599999,160999679.7003600,2060,279369053.1,140450117.7153000,0
1776696600000,0.5027,0.5027,0.5025,0.5026,454907456.7,1776696899999,228657987.5305600,2642,397209425.0,199658957.0229400,0
1776696900000,0.5026,0.5026,0.4995,0.4995,468914563.6,1776697199999,235066501.2918300,2715,393914637.4,197426755.6260400,0
1776697200000,0.4996,0.4996,0.4979,0.4979,461499637.6,1776697499999,230411203.9246100,2830,360546202.8,180002802.5238800,0
1776697500000,0.498,0.498,0.4977,0.4978,457558661.6,1776697799999,227817733.5760500,2815,332092064.4,165351738.8205100,0
1776697800000,0.4978,0.4991,0.4977,0.499,471836751.3,1776698099999,235231572.4636500,2724,401416273.9,200157778.8263000,0
1776698100000,0.4991,0.4991,0.4989,0.499,401917822.2,1776698399999,200557692.8147500,2457,334296571.4,166814689.1346100,0
1776698400000,0.4989,0.5032,0.4988,0.5031,477107830.7,1776698699999,239109479.4858600,2925,412067206.6,206615235.5085400,0
1776698700000,0.5032,0.5033,0.503,0.5032,472937448.1,1776698999999,237976866.4205700,2741,391168634.2,196834778.3045800,0
1776699000000,0.5033,0.5033,0.5031,0.5032,405798988.8,1776699299999,204211966.1767200,2502,329903481.0,166019918.0429300,0
1776699300000,0.5032,0.5032,0.502,0.502,356328174.9,1776699599999,179110170.6989400,2381,273856520.6,137646050.1824500,0
1776699600000,0.502,0.502,0.5018,0.5018,450362970.6,1776699899999,226075209.8949300,2700,380163407.9,190838504.1161000,0
1776699900000,0.5019,0.5019,0.5017,0.5017,468801958.6,1776700199999,235286257.3000600,2704,396409968.3,198956792.6759700,0
1776700200000,0.5018,0.5018,0.5009,0.501,496863129.8,1776700499999,249194600.2737700,2802,438132399.7,219734782.3462600,0
1776700500000,0.501,0.501,0.5007,0.5008,486651837.3,1776700799999,243755674.7945700,2893,357464324.1,179051482.6273700,0
1776700800000,0.5009,0.5102,0.5007,0.51,444918354.8,1776701099999,226313773.4109500,2668,391154064.6,198888609.7137300,0
1776701100000,0.5101,0.5105,0.5091,0.5104,373107232.0,1776701399999,190386417.7192500,2544,295714431.7,150904808.2715500,0
1776701400000,0.5104,0.5104,0.5102,0.5103,449048826.1,1776701699999,229182717.4451700,2608,392143424.6,200142903.1804900,0
1776701700000,0.5103,0.5103,0.5089,0.5089,501885172.6,1776701999999,255645271.4486000,3022,413171224.7,210446319.6241900,0
1776702000000,0.5089,0.5102,0.5088,0.5101,494535071.0,1776702299999,252219367.6451500,2887,423181588.5,215834365.8444000,0
1776702300000,0.51,0.5101,0.5099,0.5099,503375408.6,1776702599999,256762164.9664300,2898,424931428.1,216752388.3247700,0
1776702600000,0.51,0.5104,0.5099,0.5103,497249424.2,1776702899999,253705152.9233200,2745,460752550.2,235084068.0615700,0
1776702900000,0.5104,0.5104,0.5102,0.5102,460639295.3,1776703199999,235070031.9321900,2743,398880359.8,203554447.6118200,0
1776703200000,0.5103,0.5103,0.5101,0.5101,466187086.6,1776703499999,237853851.9341400,2743,393402157.0,200718881.2561000,0
1776703500000,0.5102,0.5102,0.51,0.51,481917590.6,1776703799999,245833462.5202400,2798,429789432.8,219242860.0850800,0
1776703800000,0.5101,0.5101,0.5099,0.5099,478230838.4,1776704099999,243905271.1788200,2818,418761998.6,213575863.3311700,0
1776704100000,0.51,0.5111,0.5098,0.511,485623625.1,1776704399999,247928789.8942100,3039,426222426.1,217622749.6162400,0
1776704400000,0.511,0.511,0.51,0.5107,433701957.9,1776704699999,221539645.6416900,2908,330955748.5,169054506.4069400,0
1776704700000,0.5106,0.5107,0.5081,0.5081,454671627.2,1776704999999,231700156.3079200,2991,321736313.3,164015407.3068700,0
1776705000000,0.5082,0.5082,0.508,0.5081,476706467.4,1776705299999,242230421.4671100,2800,424904069.7,215909089.0565300,0
1776705300000,0.5081,0.5081,0.5079,0.5079,479644210.8,1776705599999,243676791.8903900,2790,434632060.2,220810301.0470500,0
1776705600000,0.508,0.508,0.5078,0.5078,413487478.8,1776705899999,210027595.2533400,2496,355333380.2,180490462.1648400,0
1776705900000,0.5079,0.5079,0.5077,0.5077,347187058.4,1776706199999,176314974.8097600,2185,303276362.4,154016331.0748100,0
1776706200000,0.5078,0.5091,0.5073,0.5073,465563868.0,1776706499999,236343194.0613800,2838,379090891.4,192431998.7791400,0
1776706500000,0.5073,0.5073,0.5058,0.5068,451531234.1,1776706799999,228526761.4038000,3004,304785080.9,154233555.8008800,0
1776706800000,0.5068,0.5068,0.5067,0.5067,452877543.2,1776707099999,229518338.2373100,2646,438866589.0,222417587.3052000,0
1776707100000,0.5068,0.5068,0.5066,0.5066,435101724.9,1776707399999,220466643.4447800,2635,393677971.7,199477228.2663100,0
1776707400000,0.5067,0.5067,0.5065,0.5065,438331676.6,1776707699999,222060826.7840000,2651,397000296.0,201122349.9595200,0
1776707700000,0.5066,0.5083,0.5064,0.5082,424781440.9,1776707999999,215417677.7637700,2798,378377890.3,191914275.7198300,0
1776708000000,0.5083,0.5083,0.5081,0.5082,378315797.7,1776708299999,192268987.4771800,2354,344007527.5,174833526.2105500,0
1776708300000,0.5082,0.5082,0.5061,0.5061,457183077.1,1776708599999,231914650.7634700,2889,328276662.9,166434290.1546000,0
1776708600000,0.5062,0.5062,0.506,0.5061,440301741.4,1776708899999,222840210.1459300,2655,386902892.8,195814935.4775600,0
1776708900000,0.5061,0.5061,0.5027,0.5027,419753496.4,1776709199999,211919478.1105700,2747,310537003.7,156721849.8114200,0
1776709200000,0.5028,0.5028,0.5026,0.5026,366532653.1,1776709499999,184263521.2880300,2316,324609439.9,163188292.8515700,0
1776709500000,0.5027,0.5027,0.5025,0.5025,435656522.7,1776709799999,218970867.8819200,2625,391256024.5,196655177.9256400,0
1776709800000,0.5026,0.5026,0.5024,0.5024,407686069.4,1776710099999,204873728.7656100,2413,352459868.2,177122462.9567200,0
1776710100000,0.5025,0.5031,0.5023,0.503,525029444.4,1776710399999,263871233.1033500,3010,458655117.4,230523958.0709600,0
1776710400000,0.5031,0.5031,0.5029,0.503,503001835.4,1776710699999,253050600.4488100,2873,432927030.7,217800071.8257300,0
1776710700000,0.503,0.503,0.5018,0.502,519316624.6,1776710999999,260979289.3252800,2961,444642689.3,223434109.9529400,0
1776711000000,0.5021,0.5021,0.5019,0.502,453775533.0,1776711299999,227811318.8225400,2668,387587563.3,194584175.6899600,0
1776711300000,0.502,0.502,0.5018,0.5018,434620569.8,1776711599999,218151080.6069800,2558,386455222.6,193976078.0393600,0
1776711600000,0.5019,0.5019,0.5011,0.5012,459085733.8,1776711899999,230237860.5011200,2728,416314326.7,208777284.4767400,0
1776711900000,0.5012,0.5012,0.501,0.5011,461420374.7,1776712199999,231219935.2438500,2748,414014059.3,207464645.1212100,0
1776712200000,0.501,0.5011,0.5009,0.501,446178855.4,1776712499999,223539306.0544900,2663,384395116.0,192585653.1219800,0
1776712500000,0.501,0.501,0.5008,0.5008,435911100.0,1776712799999,218353039.9018100,2641,385795837.9,193250172.4801300,0
1776712800000,0.5009,0.5009,0.5007,0.5007,359984827.2,1776713099999,180285301.7755700,2290,320143557.2,160332590.5041000,0
1776713100000,0.5008,0.5008,0.5006,0.5006,417298014.8,1776713399999,208947515.5111200,2540,377000240.0,188770420.1740000,0
1776713400000,0.5007,0.5007,0.5005,0.5005,451092646.5,1776713699999,225826778.4287100,2691,400494064.7,200497128.8008200,0
1776713700000,0.5006,0.5006,0.5004,0.5004,468194331.0,1776713999999,234343262.2853400,2736,403175477.2,201801326.3506000,0
1776714000000,0.5005,0.5059,0.5003,0.5058,493007176.2,1776714299999,246922307.6084800,3074,449854856.1,225328539.4733700,0
1776714300000,0.5058,0.5059,0.5057,0.5057,404298008.2,1776714599999,204511332.2495000,2540,370858518.5,187597638.6751700,0
1776714600000,0.5058,0.5058,0.5056,0.5057,404646655.3,1776714899999,204648544.7734400,2486,341962931.2,172948204.3328000,0
1776714900000,0.5057,0.5057,0.5055,0.5056,326051328.1,1776715199999,164866752.4763800,2078,270205451.4,136629750.7630500,0
1776715200000,0.5056,0.5056,0.5054,0.5055,458889676.7,1776715499999,231993504.9051700,2671,387676001.1,195993020.1917600,0
1776715500000,0.5055,0.5055,0.5053,0.5053,453789469.1,1776715799999,229369930.3298100,2622,372948268.6,188510433.0098400,0
1776715800000,0.5054,0.5054,0.5052,0.5053,438069873.9,1776716099999,221382439.1779400,2547,364776167.4,184345291.5503700,0
1776716100000,0.5052,0.5053,0.5037,0.5038,369496041.8,1776716399999,186445918.6630300,2396,278650642.1,140623353.3711000,0
1776716400000,0.5037,0.5038,0.5036,0.5036,451227145.6,1776716699999,227322403.1498500,2665,393750846.8,198369705.7211000,0
1776716700000,0.5036,0.5037,0.5035,0.5036,422036155.1,1776716999999,212574895.8244900,2576,373132829.0,187945554.6643200,0
1776717000000,0.5036,0.5036,0.5035,0.5035,379218188.6,1776717299999,190971921.7891000,2338,335187994.4,168800673.9798400,0
1776717300000,0.5035,0.5046,0.5034,0.5044,433216250.8,1776717599999,218459244.3185400,2666,357247524.4,180147471.6375100,0
1776717600000,0.5045,0.5045,0.5043,0.5044,482060174.8,1776717899999,243177469.9618900,2828,415976140.7,209843307.6716500,0
1776717900000,0.5043,0.5044,0.5042,0.5043,475798397.5,1776718199999,239972165.3714900,2782,406105746.8,204823978.4291000,0
1776718200000,0.5042,0.5043,0.5041,0.5042,450955849.4,1776718499999,227399446.0548600,2664,375614672.3,189409904.4591600,0
1776718500000,0.5041,0.5042,0.504,0.5041,449623254.4,1776718799999,226682443.4003500,2658,390367185.8,196810427.7137400,0
1776718800000,0.504,0.5041,0.5039,0.504,501653815.8,1776719099999,252864770.1366700,2877,432368649.8,217943318.5215400,0
1776719100000,0.5039,0.504,0.5038,0.5038,484459291.9,1776719399999,244151612.0722300,2752,411606826.8,207439541.6261100,0
1776719400000,0.5039,0.5039,0.5037,0.5037,440359705.0,1776719699999,221883695.7328200,2579,363649044.6,183234078.7334300,0
1776719700000,0.5037,0.5038,0.5036,0.5037,380739593.9,1776719999999,191805605.4001200,2265,305534506.2,153922184.0163100,0
1776720000000,0.5037,0.5037,0.5035,0.5036,363616923.4,1776720299999,183139384.8032500,2261,297990279.1,150087559.9699000,0
1776720300000,0.5036,0.5036,0.5034,0.5035,472513497.3,1776720599999,237944808.0580400,2760,391867411.3,197336377.3551000,0
1776720600000,0.5035,0.5035,0.5033,0.5034,446066928.4,1776720899999,224584867.9998900,2624,365108471.6,183826842.4196900,0
1776720900000,0.5034,0.5034,0.5032,0.5033,396775277.7,1776721199999,199726558.5642700,2396,329190068.2,165708200.6785500,0
1776721200000,0.5033,0.5033,0.5031,0.5032,467201024.5,1776721499999,235132160.0676200,2705,402963212.9,202805484.7863800,0
1776721500000,0.5032,0.5082,0.5031,0.5082,600139037.0,1776721799999,302422034.2639300,3288,567558663.7,286028376.7017800,0
1776721800000,0.5082,0.5085,0.5078,0.5078,511801398.4,1776722099999,260226774.5353600,3216,431108631.9,219208082.1892200,0
1776722100000,0.5079,0.5079,0.5077,0.5078,442565467.6,1776722399999,224753237.1757900,2665,400013683.1,203144906.7842900,0
1776722400000,0.5078,0.5092,0.5076,0.5091,455829688.5,1776722699999,231573752.3333100,2726,406215012.3,206382611.8120700,0
1776722700000,0.5092,0.51,0.509,0.5097,453370414.1,1776722999999,230981460.3563900,2686,366489461.1,186721239.9377200,0
1776723000000,0.5098,0.5098,0.5078,0.5079,459212570.9,1776723299999,233932033.7493800,2727,356208043.2,181446058.1334300,0
1776723300000,0.5079,0.5079,0.5077,0.5077,382601870.6,1776723599999,194313830.0520200,2249,335802295.8,170549006.1271000,0
1776723600000,0.5078,0.5078,0.5045,0.5045,460178004.8,1776723899999,233088773.3436100,2646,407112703.7,206197070.8543800,0
1776723900000,0.5046,0.5046,0.5044,0.5044,451363524.4,1776724199999,227715955.1224500,2612,384489195.3,193977656.5248000,0
1776724200000,0.5044,0.509,0.5043,0.5089,492754851.3,1776724499999,249717477.4735900,2864,410943708.6,208328597.2228900,0
1776724500000,0.509,0.509,0.5088,0.5089,378201229.3,1776724799999,192486351.0348100,2256,322423031.0,164099388.9034200,0
1776724800000,0.5088,0.5089,0.507,0.5071,333009838.5,1776725099999,169017634.5848000,2144,228713225.7,116059739.1452700,0
1776725100000,0.5071,0.5071,0.506,0.5061,411070656.0,1776725399999,208137997.8196600,2373,341031453.0,172645700.8185000,0
1776725400000,0.5061,0.5061,0.5059,0.506,405928955.3,1776725699999,205407323.5341500,2350,327082583.8,165510428.9911700,0
1776725700000,0.506,0.507,0.5059,0.5068,396665463.6,1776725999999,201034991.0589900,2335,334891478.5,169726275.4359500,0
1776726000000,0.5069,0.5069,0.5067,0.5067,376744058.8,1776726299999,190959833.7566200,2192,328583527.0,166551003.5609700,0
1776726300000,0.5068,0.5068,0.5039,0.5039,388548659.6,1776726599999,196757169.1088700,2379,278843894.1,141242201.3201200,0
1776726600000,0.504,0.5042,0.5038,0.5042,393839029.2,1776726899999,198480265.5793900,2251,342947078.8,172835344.0659000,0
1776726900000,0.5042,0.5042,0.5022,0.5023,371837680.4,1776727199999,187044773.9310500,2445,245164330.7,123316030.7574500,0
1776727200000,0.5023,0.5023,0.5021,0.5021,397582882.2,1776727499999,199694193.9063700,2262,351209410.0,176405241.0100000,0
1776727500000,0.5021,0.5022,0.5014,0.5015,461788969.9,1776727799999,231775335.1096500,2623,408014313.2,204780921.0292900,0
1776727800000,0.5015,0.5015,0.5004,0.5004,534909815.3,1776728099999,267967151.9405200,3018,471413981.8,236140039.1175000,0
1776728100000,0.5004,0.5014,0.5003,0.5006,476400889.3,1776728399999,238477261.3789300,2965,362671602.3,181534448.8442300,0
1776728400000,0.5005,0.5006,0.5,0.5,378902589.8,1776728699999,189613472.6914600,2543,273689462.9,136967031.0852600,0
1776728700000,0.5,0.5,0.4999,0.4999,403053829.9,1776728999999,201525342.5462800,2503,351391013.1,175695506.5500000,0
1776729000000,0.4999,0.4999,0.499,0.4991,398978968.3,1776729299999,199172519.9807200,2565,314746375.9,157110824.3702700,0
1776729300000,0.499,0.4991,0.4989,0.499,407744580.2,1776729599999,203492211.6609500,2489,362107903.0,180719164.0844200,0
1776729600000,0.499,0.5099,0.499,0.5099,490344778.8,1776729899999,248551809.9001400,2871,480778542.4,243689286.6396800,0
1776729900000,0.5098,0.5099,0.5097,0.5098,230552310.3,1776730199999,117538434.9236400,1708,200445000.2,102189528.4234400,0
1776730200000,0.5098,0.5098,0.5072,0.5073,323785158.8,1776730499999,164837295.0050700,2350,177472960.9,90401000.3975200,0
1776730500000,0.5073,0.5073,0.5037,0.5038,272677099.7,1776730799999,138205994.2091900,1939,197305086.1,100051434.4317300,0
1776730800000,0.5038,0.5038,0.5036,0.5036,319518639.7,1776731099999,160961487.2081600,2197,225214818.1,113463225.3587800,0
1776731100000,0.5036,0.5036,0.5015,0.5031,317066438.0,1776731399999,159443315.3639000,2276,230743788.4,116034509.8883500,0
1776731400000,0.5031,0.5031,0.5029,0.503,286632909.9,1776731699999,144187553.9520600,1908,245223142.2,123358440.9936200,0
1776731700000,0.5029,0.5038,0.5027,0.5027,306747333.6,1776731999999,154281512.4769700,2077,223016775.8,112165634.2229300,0
1776732000000,0.5027,0.5028,0.5026,0.5027,238526748.6,1776732299999,119918796.5296700,1567,205057217.9,103093663.6262700,0
1776732300000,0.5027,0.5027,0.5025,0.5026,143577411.6,1776732599999,72168488.5873600,1173,105597769.1,53079480.1950700,0
1776732600000,0.5025,0.5026,0.5024,0.5024,312456655.3,1776732899999,157022968.9894100,1985,272537315.6,136963458.5945900,0
1776732900000,0.5024,0.5025,0.5004,0.5005,312739984.2,1776733199999,156619845.4389200,2208,216150556.7,108198353.6283500,0
1776733200000,0.5004,0.5005,0.5003,0.5004,281136093.1,1776733499999,140689600.7319900,1864,235677322.5,117942032.1790000,0
1776733500000,0.5003,0.5004,0.5001,0.5002,306655640.8,1776733799999,153398951.1692500,2104,226893081.0,113498532.3521500,0
1776733800000,0.5001,0.5002,0.5,0.5001,210383373.9,1776734099999,105222525.1576600,1449,172458975.9,86256533.8475900,0
1776734100000,0.5001,0.5001,0.4999,0.4999,267591610.4,1776734399999,133802106.2259700,1769,240660051.0,120336093.6003200,0
1776734400000,0.4999,0.5,0.4998,0.4998,312749482.8,1776734699999,156355506.2409100,1949,270028003.4,134998939.1007400,0
1776734700000,0.4998,0.4999,0.4997,0.4998,237743821.3,1776734999999,118837361.7848100,1574,188947485.9,94448953.4528200,0
1776735000000,0.4997,0.4998,0.4996,0.4996,310298186.4,1776735299999,155070403.7195900,1909,269453945.7,134660482.0608600,0
1776735300000,0.4996,0.4997,0.4995,0.4996,371127549.1,1776735599999,185430823.3201300,2150,312271765.8,156026474.1936800,0
1776735600000,0.4996,0.4996,0.4994,0.4994,458761191.5,1776735899999,229176798.3332000,2729,384043168.4,191853105.0799900,0
1776735900000,0.4994,0.4995,0.4993,0.4994,481563407.0,1776736199999,240521945.8729700,2769,401982587.2,200777392.8333200,0
1776736200000,0.4994,0.4994,0.4992,0.4993,462768297.6,1776736499999,231090665.5492100,2682,393123175.0,196314676.8509000,0
1776736500000,0.4993,0.5009,0.4992,0.5009,530493484.7,1776736799999,265025852.0493800,2973,476294321.6,237952859.6158900,0
1776736800000,0.5008,0.5009,0.5007,0.5007,461794479.6,1776737099999,231298709.4607500,2716,360052676.2,180349454.2534000,0
1776737100000,0.5007,0.5019,0.4976,0.4976,480075266.1,1776737399999,240291378.0061200,3017,320556624.8,160477046.9622200,0
1776737400000,0.4976,0.4976,0.4975,0.4975,515218404.1,1776737699999,256371105.4892800,2982,437508505.1,217704232.1377600,0
1776737700000,0.4975,0.4975,0.4974,0.4974,507384445.7,1776737999999,252423761.1592000,2863,463913137.1,230796785.7072500,0
1776738000000,0.4975,0.4975,0.4973,0.4973,519378949.7,1776738299999,258339688.1983400,2948,454696711.2,226166744.1508800,0
1776738300000,0.4973,0.4974,0.4972,0.4972,513135399.8,1776738599999,255185033.7923400,2934,473151336.4,235300959.5917200,0
1776738600000,0.4973,0.4973,0.4971,0.4972,455076190.3,1776738899999,226269178.1294700,2603,399142087.4,198458745.8552800,0
1776738900000,0.4972,0.4972,0.497,0.497,493864683.5,1776739199999,245507079.3151500,2852,420286790.3,208930993.6085400,0
1776739200000,0.497,0.4971,0.4969,0.4969,481487516.2,1776739499999,239308423.8492200,2759,397202508.1,197418243.8787100,0
1776739500000,0.4969,0.5008,0.4969,0.5006,556262421.5,1776739799999,278245131.2357800,3186,503441779.2,251805464.7035000,0
1776739800000,0.5007,0.5007,0.5005,0.5005,445756372.0,1776740099999,223172534.1111100,2650,397679014.5,199103916.4917800,0
1776740100000,0.5006,0.5006,0.5004,0.5004,392179786.0,1776740399999,196310221.6891400,2440,343388148.4,171889464.6771600,0
1776740400000,0.5004,0.5005,0.4976,0.4977,465462000.8,1776740699999,232804481.4226200,2884,377057362.0,188580514.7554800,0
1776740700000,0.4977,0.4977,0.4975,0.4977,493525522.1,1776740999999,245615078.5824500,2769,411679879.4,204886330.5470700,0
1776741000000,0.4977,0.4977,0.4975,0.4976,473565441.1,1776741299999,235651163.8895100,2686,402332559.4,200205063.8265500,0
1776741300000,0.4975,0.4976,0.496,0.496,414623786.7,1776741599999,206006356.2992000,2832,225736294.0,112156886.9072700,0
1776741600000,0.4961,0.4961,0.495,0.495,447540126.1,1776741899999,221896865.3577100,3085,243714757.7,120843430.0741500,0
1776741900000,0.495,0.4951,0.495,0.495,373655771.4,1776742199999,184996971.1683300,2139,363410971.6,179924772.0391600,0
1776742200000,0.495,0.495,0.4949,0.495,463641319.2,1776742499999,229502452.5328800,2675,404849949.0,200400724.7550000,0
1776742500000,0.495,0.495,0.4948,0.4949,518760668.2,1776742799999,256735454.1562600,2958,462116557.6,228702184.3562400,0
1776742800000,0.4949,0.4949,0.4922,0.4933,474875364.3,1776743099999,234269607.2570300,3119,316871916.0,156277541.6927000,0
1776743100000,0.4933,0.4952,0.4931,0.4952,509384203.5,1776743399999,251563288.9995700,2957,451184502.1,222853305.1064300,0
1776743400000,0.4952,0.4952,0.495,0.495,368205814.0,1776743699999,182317116.1269700,2295,310369490.6,153681156.8308700,0
1776743700000,0.4951,0.4951,0.4949,0.4949,474659685.9,1776743999999,234980649.8019300,2761,418332331.8,207097809.7192000,0
1776744000000,0.495,0.4964,0.4949,0.4962,526834612.1,1776744299999,261324903.5939500,3090,448253501.2,222330846.9589700,0
1776744300000,0.4962,0.4962,0.4958,0.4958,481225761.5,1776744599999,238650524.9542100,2862,392529904.5,194661503.5660100,0
1776744600000,0.4958,0.4959,0.4957,0.4958,475935939.4,1776744899999,235980483.4068000,2733,418121963.2,207315928.1771500,0
1776744900000,0.4958,0.4958,0.4956,0.4957,400509275.1,1776745199999,198544378.5318900,2440,325575493.9,161398799.2707000,0
1776745200000,0.4956,0.4957,0.4904,0.4916,493091544.9,1776745499999,242551528.9638600,2990,382042451.9,187828991.1130500,0
1776745500000,0.4915,0.492,0.4914,0.492,514920659.4,1776745799999,253112932.5765200,2946,453909863.8,223125897.1168700,0
1776745800000,0.4919,0.492,0.4918,0.4919,3972120.9,1776746099999,1954224.8044700,171,3477514.0,1710927.6430200,0
1776746100000,0.4919,0.4919,0.4917,0.4917,837324.5,1776746399999,411818.0156900,542,0,0,0
1776746400000,0.4917,0.4917,0.4915,0.4916,2116465.9,1776746699999,1040569.0146200,593,0,0,0
1776746700000,0.4916,0.4916,0.4916,0.4916,0.0,1776746999999,0,0,0,0,0
1776747000000,0.4923,0.4923,0.4923,0.4923,11.1,1776747299999,5.4645300,2,0,0,0
1776747300000,0.4923,0.4923,0.4923,0.4923,0.0,1776747599999,0,0,0,0,0
1776747600000,0.4945,0.4945,0.4945,0.4945,6804.3,1776747899999,3364.7263500,2,0,0,0
1776747900000,0.4945,0.4945,0.4945,0.4945,0.0,1776748199999,0,0,0,0,0
1776748200000,0.4945,0.4945,0.4945,0.4945,0.0,1776748499999,0,0,0,0,0
1776748500000,0.4944,0.4944,0.4944,0.4944,9605.6,1776748799999,4749.0086400,1,0,0,0
1776748800000,0.4944,0.4944,0.4944,0.4944,0.0,1776749099999,0,0,0,0,0
1776749100000,0.4944,0.4944,0.4944,0.4944,0.0,1776749399999,0,0,0,0,0
1776749400000,0.4957,0.4958,0.4941,0.4958,10430592.5,1776749699999,5170729.5757600,70,10420580.0,5165781.5060000,0
1776749700000,0.4958,0.4959,0.4958,0.4958,4450573.8,1776749999999,2206687.1787400,40,4278833.2,2121531.3258800,0
1776750000000,0.496,0.5004,0.496,0.5004,35049350.3,1776750299999,17403649.5365600,186,35049350.3,17403649.5365600,0
1776750300000,0.4985,0.4985,0.4984,0.4984,134.7,1776750599999,67.1365800,7,0,0,0
1776750600000,0.4984,0.4984,0.4984,0.4984,0.0,1776750899999,0,0,0,0,0
1776750900000,0.4984,0.4984,0.4984,0.4984,0.0,1776751199999,0,0,0,0,0
1776751200000,0.4984,0.4984,0.4984,0.4984,0.0,1776751499999,0,0,0,0,0
1776751500000,0.4984,0.4984,0.4984,0.4984,0.0,1776751799999,0,0,0,0,0
1776751800000,0.5004,0.5028,0.5004,0.5028,104371957.3,1776752099999,52332871.9586100,614,104371957.3,52332871.9586100,0
1776752100000,0.5033,0.5033,0.5033,0.5033,3414.0,1776752399999,1718.2662000,1,0,0,0
1776752400000,0.5033,0.5033,0.5033,0.5033,0.0,1776752699999,0,0,0,0,0
1776752700000,0.5033,0.5033,0.5033,0.5033,0.0,1776752999999,0,0,0,0,0
1776753000000,0.5013,0.5013,0.5013,0.5013,837.6,1776753299999,419.8888800,3,0,0,0
1776753300000,0.5013,0.5013,0.5013,0.5013,0.0,1776753599999,0,0,0,0,0
1776753600000,0.5013,0.5013,0.5013,0.5013,0.0,1776753899999,0,0,0,0,0
1776753900000,0.5013,0.5013,0.5013,0.5013,0.0,1776754199999,0,0,0,0,0
1776754200000,0.5013,0.5013,0.5013,0.5013,0.0,1776754499999,0,0,0,0,0
1776754500000,0.5013,0.5013,0.5013,0.5013,0.0,1776754799999,0,0,0,0,0
1776754800000,0.5013,0.5013,0.5013,0.5013,0.0,1776755099999,0,0,0,0,0
1776755100000,0.5013,0.5013,0.5013,0.5013,0.0,1776755399999,0,0,0,0,0
1776755400000,0.5013,0.5013,0.5013,0.5013,0.0,1776755699999,0,0,0,0,0
1776755700000,0.5013,0.5013,0.5013,0.5013,0.0,1776755999999,0,0,0,0,0
1776756000000,0.5013,0.5013,0.5013,0.5013,0.0,1776756299999,0,0,0,0,0
1776756300000,0.5013,0.5013,0.5013,0.5013,0.0,1776756599999,0,0,0,0,0
1776756600000,0.5013,0.5013,0.5013,0.5013,0.0,1776756899999,0,0,0,0,0
1776756900000,0.5013,0.5013,0.5013,0.5013,0.0,1776757199999,0,0,0,0,0
1776757200000,0.5013,0.5013,0.5013,0.5013,0.0,1776757499999,0,0,0,0,0
1776757500000,0.5013,0.5013,0.5013,0.5013,0.0,1776757799999,0,0,0,0,0
1776757800000,0.4995,0.4995,0.4964,0.4965,12655377.3,1776758099999,6283483.5396600,91,10625602.5,5275611.6412500,0
1776758100000,0.4965,0.4965,0.4963,0.4964,215267398.1,1776758399999,106866341.9594900,1807,164955491.9,81890565.9886700,0
1776758400000,0.5038,0.5057,0.5038,0.5056,268718507.7,1776758699999,135841126.3906000,2108,220505494.4,111463473.3063000,0
1776758700000,0.5056,0.5056,0.5054,0.5054,381711736.5,1776758999999,192973620.6766700,2663,326438848.4,165031877.6005300,0
1776759000000,0.5054,0.5055,0.5053,0.5053,332150199.2,1776759299999,167886792.0543200,2413,263770956.3,133326281.2906500,0
1776759300000,0.5053,0.5054,0.5025,0.5026,363524810.5,1776759599999,183651103.8578600,2748,234534974.3,118523560.0565200,0
1776759600000,0.5026,0.5026,0.5025,0.5025,270217312.1,1776759899999,135808689.5883200,1939,234001087.8,117608946.7282800,0
1776759900000,0.5025,0.5025,0.5024,0.5024,260380217.8,1776760199999,130840426.2381500,1971,225168767.7,113147305.7692500,0
1776760200000,0.5024,0.5024,0.5023,0.5023,284592713.1,1776760499999,142979378.6500600,1977,255414151.1,128320069.5126400,0
1776760500000,0.5023,0.5023,0.5011,0.5012,240347997.0,1776760799999,120525896.5170200,2079,145176857.9,72765052.4066100,0
1776760800000,0.5012,0.5037,0.5011,0.5037,250500285.2,1776761099999,125894066.0252100,1727,248496480.2,124887253.9275900,0
1776761100000,0.5037,0.5054,0.5037,0.5042,190663107.6,1776761399999,96278612.1397700,1549,152750862.7,77126544.8080300,0
1776761400000,0.5042,0.5044,0.5042,0.5042,274126678.2,1776761699999,138249768.3992400,1962,225374335.0,113663962.1668500,0
1776761700000,0.5042,0.507,0.5042,0.5069,291295708.4,1776761999999,147425315.5536100,2048,276209895.5,139783726.1701600,0
1776762000000,0.5068,0.5069,0.5067,0.5068,236364945.1,1776762299999,119798153.9066200,1902,197271871.5,99985784.4762000,0
1776762300000,0.5067,0.5068,0.5041,0.5041,265680571.0,1776762599999,134149072.1302000,2071,170528597.2,86057171.5679600,0
1776762600000,0.5041,0.5042,0.5041,0.5041,215338573.2,1776762899999,108570543.8480100,1786,181689860.6,91608027.7145200,0
1776762900000,0.5041,0.5063,0.504,0.5062,185248820.8,1776763199999,93425485.9656500,1484,178038543.8,89789099.4355100,0
1776763200000,0.5062,0.5063,0.5061,0.5062,153193870.7,1776763499999,77551932.0418200,1381,114859012.5,58146482.0070400,0
1776763500000,0.5062,0.5062,0.5049,0.505,277329804.9,1776763799999,140239770.6093800,2356,164656389.9,83269429.2079900,0
1776763800000,0.5049,0.505,0.5048,0.5049,280817402.4,1776764099999,141802779.2372900,2070,227992424.9,115130700.6350900,0
1776764100000,0.5048,0.5049,0.5042,0.5043,234471794.6,1776764399999,118285224.8396400,2017,161997890.2,81716678.6556800,0
1776764400000,0.5042,0.5043,0.5041,0.5042,286463614.5,1776764699999,144448093.9812500,2029,250244059.6,126186062.2947500,0
1776764700000,0.5041,0.5042,0.504,0.5041,224140649.8,1776764999999,113003001.5077800,1802,166006815.2,83697735.5423200,0
1776765000000,0.504,0.5041,0.5039,0.5039,273117214.7,1776765299999,137664683.7738100,1976,218676663.9,110226366.6508200,0
1776765300000,0.5039,0.504,0.5038,0.5039,183361759.2,1776765599999,92404821.7086500,1517,140779755.9,70947385.0171600,0
1776765600000,0.5039,0.5039,0.5037,0.5038,138443073.3,1776765899999,69753622.6225700,1200,97158472.5,48953742.1721700,0
1776765900000,0.5037,0.5038,0.5036,0.5037,241617877.9,1776766199999,121714626.0583900,1857,197581376.4,99532859.8946900,0
1776766200000,0.5036,0.5037,0.5029,0.503,276409342.7,1776766499999,139206480.6685100,2099,195779168.6,98605521.8058000,0
1776766500000,0.503,0.503,0.5028,0.5029,287739077.1,1776766799999,144709978.9044000,2063,245654977.0,123545640.7893000,0
1776766800000,0.5028,0.5029,0.5027,0.5027,242449026.4,1776767099999,121911770.2865700,1825,187402077.5,94234164.5670000,0
1776767100000,0.5027,0.5028,0.5026,0.5027,226056377.2,1776767399999,113645518.0684200,1836,188552992.6,94792264.3229900,0
1776767400000,0.5027,0.5027,0.5025,0.5026,294781483.1,1776767699999,148166903.8721000,2182,256163494.4,128757235.2213600,0
1776767700000,0.5026,0.5026,0.4994,0.4995,198422685.4,1776767999999,99686773.1074400,1857,119254792.1,59913384.3175100,0
1776768000000,0.4995,0.4995,0.4993,0.4993,162610756.6,1776768299999,81217303.2660000,1495,106915368.8,53403132.6690400,0
1776768300000,0.4993,0.4993,0.4984,0.4989,257819108.7,1776768599999,128558358.2871000,1961,171108902.8,85310138.4807600,0
1776768600000,0.4988,0.5008,0.4988,0.4999,217939211.5,1776768899999,108929889.4643000,1591,212079205.2,106001285.9928500,0
1776768900000,0.4999,0.501,0.4999,0.5009,231054936.1,1776769199999,115744518.3122500,1817,189267793.5,94812264.7748400,0
1776769200000,0.5008,0.5009,0.4993,0.4993,221197909.9,1776769499999,110662498.2163300,1686,169599468.4,84832985.6672600,0
1776769500000,0.4993,0.5002,0.4993,0.5001,189548938.7,1776769799999,94799423.8280200,1675,143538345.2,71788959.4417400,0
1776769800000,0.5,0.5001,0.4978,0.4979,189104407.4,1776770099999,94406616.1040300,1547,142640824.7,71180495.1119900,0
1776770100000,0.4979,0.5012,0.4979,0.5012,51493579.6,1776770399999,25763674.7910900,831,51489458.1,25761610.8087900,0
1776770400000,0.5012,0.5012,0.5011,0.5011,26469505.2,1776770699999,13266515.8373600,694,0,0,0
1776770700000,0.5011,0.5011,0.501,0.501,26775158.0,1776770999999,13417031.6352100,602,0,0,0
1776771000000,0.501,0.5011,0.5009,0.5011,75125351.3,1776771299999,37638962.7437300,1039,30725805.8,15394790.6161800,0
1776771300000,0.5011,0.5034,0.5011,0.5034,111213862.5,1776771599999,55910420.3727700,1222,79697030.8,40053706.5690500,0
1776771600000,0.5034,0.5034,0.5033,0.5033,24988316.4,1776771899999,12579117.9155800,771,112.6,56.6828400,0
1776771900000,0.5033,0.5033,0.5032,0.5032,39271702.1,1776772199999,19765447.0971500,984,112.6,56.6715800,0
1776772200000,0.5032,0.5032,0.5031,0.5031,47678494.2,1776772499999,23991816.7516100,1017,9923.4,4993.4548800,0
1776772500000,0.5031,0.5031,0.503,0.503,39326323.5,1776772799999,19785072.8316300,973,0,0,0
1776772800000,0.503,0.503,0.5029,0.503,121385065.6,1776773099999,61056687.5614600,1381,65015010.7,32702550.3821000,0
1776773100000,0.5029,0.503,0.499,0.499,272968158.7,1776773399999,136647104.8737300,2223,177925688.5,88934207.9541200,0
1776773400000,0.499,0.499,0.4967,0.4968,410986926.8,1776773699999,204744437.8311600,3121,256765686.6,127918904.3658100,0
1776773700000,0.4968,0.4968,0.4966,0.4966,401438752.0,1776773999999,199429842.2327200,2805,311956354.3,154978993.2096000,0
1776774000000,0.4967,0.498,0.4966,0.4979,413245235.4,1776774299999,205602485.6026400,2885,328705252.7,163529722.0295300,0
1776774300000,0.4979,0.4979,0.4977,0.4977,429207994.1,1776774599999,213688239.0020400,2946,339861595.6,169208076.2770800,0
1776774600000,0.4978,0.4978,0.4959,0.4959,108133192.0,1776774899999,53813125.2062100,1311,88645320.5,44117907.9967400,0
1776774900000,0.4959,0.4959,0.4958,0.4958,861894.1,1776775199999,427357.2809500,598,99256.0,49221.0504000,0
1776775200000,0.4958,0.4958,0.4957,0.4957,839132.8,1776775499999,415988.5412100,646,24814.0,12302.7812000,0
1776775500000,0.4957,0.4979,0.4956,0.4979,833590.8,1776775799999,413189.1041300,583,10955.4,5454.6936600,0
1776775800000,0.4956,0.4956,0.4955,0.4956,273861.7,1776776099999,135725.8574800,79,0,0,0
1776776100000,0.497,0.497,0.4963,0.4963,99712287.3,1776776399999,49508516.1944800,960,77590715.7,38522424.3324000,0
1776776400000,0.4964,0.498,0.4962,0.498,380859015.6,1776776699999,189230999.4514400,2670,335126531.4,166532082.3154800,0
1776776700000,0.4979,0.4988,0.4978,0.4986,417193270.7,1776776999999,207866291.3395400,3004,302521455.7,150725580.6207900,0
1776777000000,0.4987,0.5001,0.4986,0.5,426615044.6,1776777299999,213015379.5210400,2902,344857594.2,172173496.5198300,0
1776777300000,0.5,0.5,0.4998,0.4998,423723976.7,1776777599999,211846821.9166600,2884,336213915.4,168096891.4388500,0
1776777600000,0.4999,0.4999,0.4997,0.4998,354197577.0,1776777899999,177055793.7580600,2538,279114589.5,139526232.6630600,0
1776777900000,0.4998,0.4998,0.4997,0.4997,1035620.0,1776778199999,517546.8336100,594,49628.0,24804.0744000,0
1776778200000,0.4997,0.4997,0.4996,0.4996,837799.3,1776778499999,418594.7579400,712,0,0,0
1776778500000,0.4996,0.4996,0.4995,0.4995,862463.2,1776778799999,430830.6129000,635,49628.0,24794.1488000,0
1776778800000,0.4995,0.4995,0.4994,0.4994,826989.1,1776779099999,413031.2849500,641,0,0,0
1776779100000,0.4994,0.4994,0.4993,0.4993,861813.7,1776779399999,430338.7724000,565,74442.0,37176.3348000,0
1776779400000,0.4993,0.4993,0.4951,0.4951,36469767.4,1776779699999,18077548.3926000,976,27203844.9,13471445.7318800,0
1776779700000,0.4951,0.4951,0.4949,0.4949,88863889.8,1776779999999,43988285.7784800,1197,49171251.5,24341817.1353800,0
1776780000000,0.4949,0.4949,0.4938,0.4938,384676030.9,1776780299999,190021069.5111300,2698,281327180.5,138950688.0601700,0
1776780300000,0.4938,0.4939,0.4937,0.4937,409101148.0,1776780599999,202023537.9532300,2835,331974302.8,163936819.9315800,0
1776780600000,0.4938,0.4938,0.4918,0.4918,373005012.8,1776780899999,183668808.9217400,2922,216554987.7,106621373.4768500,0
1776780900000,0.4919,0.4919,0.4917,0.4917,350350384.7,1776781199999,172317037.9753900,2513,274126580.5,134828131.6785300,0
1776781200000,0.4918,0.4918,0.4916,0.4916,304860313.4,1776781499999,149913536.6896400,2280,226357642.8,111311899.1400900,0
1776781500000,0.4917,0.4952,0.4916,0.4952,204791931.7,1776781799999,101095113.9100600,1797,120796062.9,59591763.2441500,0
1776781800000,0.4959,0.4959,0.4959,0.4959,624.5,1776782099999,309.6895500,1,0,0,0
1776782100000,0.4958,0.4958,0.4958,0.4958,201.6,1776782399999,99.9532800,1,0,0,0
1776782400000,0.4958,0.4958,0.4958,0.4958,0.0,1776782699999,0,0,0,0,0
1776782700000,0.4999,0.4999,0.4999,0.4999,8739.6,1776782999999,4368.9260400,1,8739.6,4368.9260400,0
1776783000000,0.4999,0.4999,0.4999,0.4999,0.0,1776783299999,0,0,0,0,0
1776783300000,0.4999,0.4999,0.4999,0.4999,0.0,1776783599999,0,0,0,0,0
1776783600000,0.4999,0.4999,0.4999,0.4999,0.0,1776783899999,0,0,0,0,0
1776783900000,0.4909,0.4909,0.4904,0.4904,105242689.5,1776784199999,51622115.1306200,886,88530593.2,43424255.9646000,0
1776784200000,0.4905,0.4905,0.4903,0.4903,409303627.0,1776784499999,200753779.8966900,2821,335640477.0,164626213.7503700,0
1776784500000,0.4904,0.4904,0.4876,0.4879,373004024.8,1776784799999,182688405.7132200,2612,305603391.3,149665325.3546400,0
1776784800000,0.488,0.488,0.4878,0.4878,361864473.7,1776785099999,176577733.8185800,2576,298326116.7,145574592.4818800,0
1776785100000,0.4879,0.4879,0.4846,0.4846,403915475.4,1776785399999,196466249.2266700,3064,220832291.4,107404138.4891200,0
1776785400000,0.4846,0.4846,0.4829,0.4829,419193891.2,1776785699999,202517717.9508700,2966,322861914.8,155958529.4287900,0
1776785700000,0.4829,0.4839,0.4829,0.4838,405363726.7,1776785999999,195977602.7997200,2659,391552736.5,189303850.1330600,0
1776786000000,0.4839,0.4839,0.4837,0.4837,312530182.3,1776786299999,151203380.1382200,2334,256778090.5,124230418.5795700,0
1776786300000,0.4838,0.4838,0.4792,0.4793,425119387.6,1776786599999,204881457.8839600,3241,273109869.8,131556124.5221800,0
1776786600000,0.4793,0.4804,0.4789,0.4804,444238887.3,1776786899999,213005968.7877900,3143,318759767.1,152863594.5594100,0
1776786900000,0.4804,0.4804,0.4802,0.4802,405448796.9,1776787199999,194766996.6724100,2774,329945903.5,158499393.6675500,0
1776787200000,0.4802,0.4893,0.4802,0.4892,391666771.2,1776787499999,191334625.5800000,2665,325999569.0,159207501.7172900,0
1776787500000,0.4892,0.4892,0.487,0.4875,247917479.2,1776787799999,121104005.8680400,2223,95342894.9,46584865.4162800,0
1776787800000,0.4875,0.4875,0.487,0.487,326151461.0,1776788099999,158910880.5108700,2558,225158600.4,109702701.9622900,0
1776788100000,0.4871,0.4906,0.487,0.4906,426173346.3,1776788399999,207937828.1208300,2764,370017926.6,180553120.4167100,0
1776788400000,0.4905,0.4906,0.4904,0.4905,407094548.1,1776788699999,199684517.2088700,2831,329755326.0,161749205.5184700,0
1776788700000,0.4905,0.4905,0.4903,0.4904,440025869.4,1776788999999,215797411.7583700,2968,352736122.2,172989664.0653700,0
1776789000000,0.4903,0.4904,0.4902,0.4903,388096099.7,1776789299999,190293441.4400000,2719,308556608.6,151293980.7391800,0
1776789300000,0.4902,0.4906,0.4897,0.4898,397225859.1,1776789599999,194686883.5940000,2750,324681976.7,159122557.9573700,0
1776789600000,0.4898,0.4911,0.4896,0.4911,331243947.5,1776789899999,162408933.8023700,2406,270449721.0,132616938.8437500,0
1776789900000,0.4911,0.4911,0.4892,0.4892,248087186.1,1776790199999,121590879.7458800,2196,155712094.9,76290252.5026900,0
1776790200000,0.4892,0.4896,0.4891,0.4896,380659417.6,1776790499999,186297088.6416000,2640,319465180.0,156351254.7797300,0
1776790500000,0.4895,0.4896,0.4861,0.4861,357473243.9,1776790799999,174832434.8100800,2860,183161314.6,89666972.6943600,0
1776790800000,0.4861,0.4861,0.4848,0.4857,410367042.7,1776791099999,199283566.9452800,2849,298829375.3,145098824.7631000,0
1776791100000,0.4857,0.4871,0.4855,0.4871,312932235.0,1776791399999,152142473.8655100,2325,256960509.7,124937082.7098500,0
1776791400000,0.487,0.4874,0.4852,0.4852,427126264.1,1776791699999,207755306.0123100,3404,196009430.5,95369663.7028400,0
1776791700000,0.4852,0.4852,0.4828,0.4829,384096885.4,1776791999999,185624962.0231100,2893,203351560.2,98213672.7221300,0
1776792000000,0.4828,0.4829,0.4827,0.4828,410969009.5,1776792299999,198450206.6643300,2742,325783959.1,157318786.3044100,0
1776792300000,0.4828,0.4828,0.4827,0.4827,336501064.3,1776792599999,162458916.9307900,2342,258918512.1,125005857.6418800,0
1776792600000,0.4827,0.4834,0.4826,0.4834,421602494.2,1776792899999,203674070.3349500,2764,363966072.1,175835493.3806200,0
1776792900000,0.4834,0.4834,0.4832,0.4832,378783475.5,1776793199999,183084969.0303200,2636,297667855.2,143879555.5774100,0
1776793200000,0.4833,0.4844,0.4832,0.4844,343348437.8,1776793499999,166121403.3345800,2238,292089737.7,141321861.9631200,0
1776793500000,0.4844,0.4844,0.4842,0.4843,369003475.0,1776793799999,178721037.8917100,2527,294404178.8,142591036.1153900,0
1776793800000,0.4843,0.4843,0.4841,0.4841,410094706.0,1776794099999,198583987.6813200,2840,327605738.5,158640891.6424100,0
1776794100000,0.4842,0.4842,0.484,0.484,410389814.8,1776794399999,198688059.0430800,2839,332659717.0,161056565.8025700,0
1776794400000,0.4841,0.4841,0.4839,0.484,416303433.2,1776794699999,201511309.7610200,2845,332048308.3,160728892.6647900,0
1776794700000,0.484,0.484,0.4838,0.4838,409406214.1,1776794999999,198137220.7862400,2856,328063436.2,158772792.2963600,0
1776795000000,0.4838,0.4839,0.4837,0.4838,359599818.9,1776795299999,173999582.4631800,2593,294392165.3,142450281.4520600,0
1776795300000,0.4838,0.486,0.4837,0.4859,416201073.5,1776795599999,202012654.9234100,2703,372304068.3,180702832.6555600,0
1776795600000,0.4859,0.486,0.4858,0.4858,373751943.4,1776795899999,181609932.7214500,2671,296237500.2,143945179.2650700,0
1776795900000,0.4859,0.4859,0.4857,0.4857,370155851.7,1776796199999,179828698.0788300,2632,300454941.4,145967630.8815700,0
1776796200000,0.4858,0.4858,0.4856,0.4856,429329585.9,1776796499999,208534903.7067200,2931,343588212.0,166889085.6535700,0
1776796500000,0.4857,0.4857,0.4826,0.4827,391265262.6,1776796799999,189682157.0364600,2958,247151676.8,119793113.4229700,0
1776796800000,0.4827,0.4831,0.4826,0.483,432404623.3,1776797099999,208848198.7718500,2880,368940830.9,178194111.4193100,0
1776797100000,0.483,0.483,0.4829,0.483,385987290.4,1776797399999,186431860.8007000,2642,322484306.8,155759920.1844000,0
1776797400000,0.483,0.4855,0.4828,0.4855,357572103.8,1776797699999,172702708.2112700,2525,284082444.8,137214258.2829000,0
1776797700000,0.4854,0.4855,0.4853,0.4853,397094914.5,1776797999999,192776825.2934900,2798,297003957.7,144191048.1455800,0
1776798000000,0.4853,0.4853,0.4848,0.4849,389783467.6,1776798299999,189033464.9017700,2839,283716492.5,137588222.6718900,0
1776798300000,0.4848,0.486,0.4847,0.486,322083151.9,1776798599999,156254492.5746500,2323,256843897.1,124618700.7451800,0
1776798600000,0.486,0.486,0.4858,0.4858,262000935.6,1776798899999,127310540.3729000,2011,203666819.6,98965578.3711900,0
1776798900000,0.4859,0.4859,0.4857,0.4858,281763049.4,1776799199999,136893211.7074800,2235,182235466.2,88541328.1961000,0
1776799200000,0.4857,0.4858,0.4856,0.4856,279744890.6,1776799499999,135880551.9513700,2207,159493819.1,77476095.0082400,0
1776799500000,0.4856,0.4856,0.4833,0.4834,288163894.8,1776799799999,139298316.8524200,1957,221979228.4,107304759.0085600,0
1776799800000,0.4833,0.4834,0.4832,0.4833,245654978.4,1776800099999,118733164.3637700,1796,179064010.3,86549157.5293200,0
1776800100000,0.4833,0.4833,0.4831,0.4832,158922315.3,1776800399999,76796957.5603900,1321,103601064.6,50065082.3093600,0
1776800400000,0.4831,0.4832,0.4809,0.481,263036406.7,1776800699999,126992939.3685100,2006,151915147.7,73325976.9481100,0
1776800700000,0.4809,0.481,0.4798,0.4799,190746727.7,1776800999999,91688532.8523600,1763,74262012.1,35704619.4096100,0
1776801000000,0.4799,0.4799,0.4797,0.4798,302826062.4,1776801299999,145319254.2580900,2067,232665424.2,111653777.2674500,0
1776801300000,0.4798,0.4798,0.4797,0.4797,302877976.4,1776801599999,145318334.1868600,1980,237583449.9,113992539.2620200,0
1776801600000,0.4797,0.4797,0.4796,0.4796,264994250.1,1776801899999,127117108.7903900,1730,214128589.1,102717484.1912700,0
1776801900000,0.4796,0.4796,0.4795,0.4795,208353742.7,1776802199999,99926454.5993000,1750,182518768.9,87536001.5644400,0
1776802200000,0.4796,0.4796,0.4794,0.4795,277424295.5,1776802499999,133025995.9832900,2058,219838911.5,105413592.3078900,0
1776802500000,0.4795,0.4795,0.4793,0.4793,400268671.7,1776802799999,191894029.9120300,2692,336048743.7,161106915.6220300,0
1776802800000,0.4793,0.4794,0.4792,0.4792,416379820.3,1776803099999,199579845.1930200,2896,367402189.2,176104269.5476300,0
1776803100000,0.4792,0.4793,0.4791,0.4791,402473768.7,1776803399999,192878155.4940700,2763,329389787.4,157855706.7286600,0
1776803400000,0.4791,0.4792,0.479,0.4791,411332232.3,1776803699999,197084792.8277900,2833,340585963.4,163190030.8477400,0
1776803700000,0.479,0.4791,0.4789,0.4789,409510139.2,1776803999999,196173786.0279900,2749,339749635.0,162756971.2277600,0
1776804000000,0.4789,0.479,0.4788,0.4789,316384124.1,1776804299999,151529012.0437600,2369,258404643.4,123761463.6338300,0
1776804300000,0.4789,0.4789,0.4787,0.4788,387004662.6,1776804599999,185321978.6367700,2699,304445395.5,145789771.2733900,0
1776804600000,0.4788,0.4788,0.4786,0.4786,380363232.4,1776804899999,182106422.2943400,2735,304737194.7,145901422.6680200,0
1776804900000,0.4787,0.4787,0.4785,0.4785,361471142.4,1776805199999,173028606.2511300,2597,282914205.3,135427942.4145400,0
1776805200000,0.4786,0.4786,0.4784,0.4785,379314853.7,1776805499999,181533860.9194000,2666,291658682.8,139585830.3864700,0
1776805500000,0.4785,0.4785,0.4784,0.4784,393531627.5,1776805799999,188301719.4415600,2751,320774498.3,153490597.4365500,0
1776805800000,0.4784,0.4784,0.4783,0.4783,339728695.8,1776806099999,162524942.1699800,2380,279896167.9,133902326.7233600,0
1776806100000,0.4783,0.4783,0.4782,0.4783,392314959.2,1776806399999,187644244.5665300,2701,318165801.6,152178702.9052800,0
1776806400000,0.4783,0.4783,0.4781,0.4782,389036944.8,1776806699999,186040302.6403600,2710,297163893.9,142106169.3518100,0
1776806700000,0.4782,0.4782,0.478,0.4781,388987902.0,1776806999999,185980477.6862500,2743,300018595.2,143443408.7312300,0
1776807000000,0.478,0.4781,0.4779,0.478,386733824.9,1776807299999,184867626.5663000,2734,315408386.5,150773003.3008400,0
1776807300000,0.478,0.478,0.4778,0.4779,361006331.5,1776807599999,172534975.2115300,2506,286284288.5,136824010.8711900,0
1776807600000,0.4779,0.4779,0.4777,0.4778,411094167.1,1776807899999,196435858.6473700,2842,330247445.0,157805123.5335300,0
1776807900000,0.4777,0.4778,0.4776,0.4777,406642644.7,1776808199999,194270808.4368100,2816,317715117.9,151787659.2398600,0
1776808200000,0.4777,0.4777,0.4775,0.4776,409873444.2,1776808499999,195777436.0628500,2849,326201242.0,155813166.5599600,0
1776808500000,0.4776,0.4776,0.4774,0.4775,406846006.5,1776808799999,194294465.8887600,2852,298402491.5,142510333.1394900,0
1776808800000,0.4775,0.4775,0.4773,0.4774,284869707.4,1776809099999,136017691.7317200,2109,222900588.5,106430619.8926200,0
1776809100000,0.4774,0.4774,0.4772,0.4772,426523311.5,1776809399999,203612814.8616000,2903,343916623.7,164181196.5823500,0
1776809400000,0.4772,0.4773,0.4771,0.4771,404473222.1,1776809699999,193049268.5312900,2816,316141361.7,150892655.0110700,0
1776809700000,0.4771,0.4813,0.4771,0.4813,387635330.0,1776809999999,185278425.8202000,2663,362996291.2,173520674.4202500,0
1776810000000,0.4812,0.4813,0.481,0.481,384926790.4,1776810299999,185215503.5083000,2976,239927337.1,115454379.1354600,0
1776810300000,0.481,0.481,0.4808,0.4808,398644464.4,1776810599999,191705184.2424800,2892,286568650.4,137810863.9773600,0
1776810600000,0.4808,0.4808,0.4778,0.4778,408169550.2,1776810899999,195107522.6611000,2858,318709898.9,152335399.9194900,0
1776810900000,0.4778,0.4779,0.4757,0.4757,335366861.0,1776811199999,160055128.3667500,2515,233580780.8,111492250.3619100,0
1776811200000,0.4758,0.4758,0.475,0.4751,386489447.9,1776811499999,183717494.7306600,2868,261520415.0,124317100.6188000,0
1776811500000,0.475,0.4751,0.4749,0.475,374733911.0,1776811799999,178018083.8786300,2684,288216153.5,136919290.0745800,0
1776811800000,0.475,0.475,0.4748,0.4749,387424443.2,1776812099999,184012220.2026600,2734,307628071.0,146114020.3333700,0
1776812100000,0.4749,0.4752,0.4748,0.4751,308841700.4,1776812399999,146720581.3970700,2339,231101593.8,109790863.3733000,0
1776812400000,0.4751,0.4751,0.4746,0.4746,376094666.8,1776812699999,178604130.2604700,2779,263225623.7,125004258.4672600,0
1776812700000,0.4746,0.4747,0.4745,0.4746,373406818.4,1776812999999,177250513.9335500,2654,285953598.3,135740574.8455300,0
1776813000000,0.4746,0.4746,0.4745,0.4745,401692289.7,1776813299999,190639996.4167400,2812,326725433.7,155063890.8340200,0
1776813300000,0.4745,0.4748,0.4744,0.4748,342554132.1,1776813599999,162611656.9174400,2403,295284541.2,140173429.1198400,0
1776813600000,0.4748,0.4748,0.4731,0.4732,324925319.6,1776813899999,154070478.0019000,2704,179173421.5,84941775.7833300,0
1776813900000,0.4732,0.4732,0.473,0.473,362473492.4,1776814199999,171507057.3310900,2577,285879408.5,135267626.8609200,0
1776814200000,0.473,0.4753,0.473,0.4752,305498473.5,1776814499999,144740317.4263000,2233,253800464.0,120233341.7371700,0
1776814500000,0.4752,0.4752,0.475,0.475,393662433.9,1776814799999,187060182.5792600,2824,313908184.6,149164658.4387200,0
1776814800000,0.475,0.4751,0.4749,0.475,359553741.9,1776815099999,170819552.9653900,2560,276434244.3,131333040.2689000,0
1776815100000,0.475,0.475,0.4742,0.4743,375029197.4,1776815399999,177975976.9291100,2749,248801165.4,118072124.5441900,0
1776815400000,0.4742,0.4743,0.4741,0.4742,359811060.8,1776815699999,170649213.6054800,2580,272241623.8,129120134.6190500,0
1776815700000,0.4741,0.4742,0.474,0.474,305403622.2,1776815999999,144815857.1512100,2346,241826562.8,114671562.9407700,0
1776816000000,0.4741,0.483,0.474,0.4829,396239511.8,1776816299999,191029733.5434300,2721,337536317.9,162679737.3102400,0
1776816300000,0.4828,0.4829,0.4827,0.4828,266148271.7,1776816599999,128519356.5523100,2015,209598309.1,101213670.1128200,0
1776816600000,0.4827,0.4828,0.4827,0.4827,392642426.1,1776816899999,189564599.0968900,2739,310017763.3,149676576.1212400,0
1776816900000,0.4827,0.4827,0.4826,0.4827,381659722.8,1776817199999,184227147.7887500,2543,318255980.4,153622161.7390800,0
1776817200000,0.4826,0.4864,0.4825,0.4863,402350844.9,1776817499999,194319515.5149700,2840,311966952.7,150700249.1360000,0
1776817500000,0.4864,0.4864,0.4862,0.4862,395381196.5,1776817799999,192298059.9030800,2762,314090645.4,152763640.4653800,0
1776817800000,0.4863,0.4863,0.4861,0.4862,391641813.2,1776818099999,190442025.3340200,2721,306843992.9,149209954.5858800,0
1776818100000,0.4861,0.4862,0.486,0.4861,370160438.3,1776818399999,179961880.4943800,2577,289865972.0,140926871.5878600,0
1776818400000,0.4861,0.4869,0.4858,0.4859,375582693.1,1776818699999,182529210.2520900,2797,256364919.7,124593515.5056200,0
1776818700000,0.4859,0.4859,0.4857,0.4858,325916022.3,1776818999999,158355646.7328100,2346,251342756.9,122124228.6996900,0
1776819000000,0.4858,0.4858,0.4857,0.4857,393438504.5,1776819299999,191129261.1756200,2704,328064959.7,159373957.4222600,0
1776819300000,0.4857,0.487,0.4856,0.4866,418500657.4,1776819599999,203432020.5617200,2858,341743588.2,166107996.8146600,0
1776819600000,0.4865,0.4866,0.4864,0.4864,270513039.2,1776819899999,131628238.1688300,2123,202692762.3,98630298.1351800,0
1776819900000,0.4864,0.4869,0.4864,0.4869,41409025.2,1776820199999,20145492.7404600,1009,41402454.1,20142294.1047700,0
1776820200000,0.4869,0.4869,0.4868,0.4868,34560826.3,1776820499999,16827665.5930600,970,0,0,0
1776820500000,0.4868,0.4869,0.4867,0.4867,20231115.4,1776820799999,9847264.7633400,865,1328.8,646.9927200,0
1776820800000,0.4867,0.4867,0.4838,0.4838,11582642.3,1776821099999,5605052.5824100,752,0,0,0
1776821100000,0.4838,0.4839,0.4814,0.4815,170526345.7,1776821399999,82334694.0685600,1757,94255411.4,45482651.0126100,0
1776821400000,0.4814,0.4815,0.4813,0.4814,410299138.4,1776821699999,197521701.3884800,2806,326263304.6,157066249.8772900,0
1776821700000,0.4814,0.4814,0.4812,0.4813,406970226.9,1776821999999,195881930.2303600,2854,318779853.8,153434713.1198100,0
1776822000000,0.4813,0.4813,0.4811,0.4811,393111594.8,1776822299999,189176888.8240100,2745,301240254.7,144966917.5075600,0
1776822300000,0.4812,0.4812,0.4802,0.4802,186694749.7,1776822599999,89829306.7931600,1892,121729716.6,58575749.7991300,0
1776822600000,0.4802,0.4802,0.4801,0.4801,16383913.2,1776822899999,7867530.2436500,880,5476450.4,2629791.4820800,0
1776822900000,0.4801,0.4801,0.4795,0.4795,10057708.4,1776823199999,4828357.7120500,877,5451614.0,2617319.8814000,0
1776823200000,0.4795,0.4802,0.4783,0.4784,82503359.0,1776823499999,39508253.0727300,1513,52427396.6,25096634.5248400,0
1776823500000,0.4784,0.4813,0.4782,0.4786,415210210.8,1776823799999,198671277.8167700,3085,318680292.9,152490784.9012400,0
1776823800000,0.4786,0.4825,0.4785,0.4823,344818703.7,1776824099999,165879912.2346400,2596,251739863.2,121049991.5818600,0
1776824100000,0.4823,0.4869,0.4823,0.484,345695380.3,1776824399999,167309910.2045900,2506,274444209.1,132823791.8868300,0
1776824400000,0.484,0.484,0.4839,0.484,373803407.7,1776824699999,180920845.1348900,2513,322087155.8,155890183.4072000,0
1776824700000,0.484,0.484,0.4838,0.4839,387988623.4,1776824999999,187748527.2238900,2695,310468529.8,150236341.9176200,0
1776825000000,0.4839,0.484,0.4837,0.4838,413843131.5,1776825299999,200221635.6268800,2817,333094025.7,161154770.5636600,0
1776825300000,0.4838,0.4843,0.4837,0.4842,370431052.4,1776825599999,179372647.5896600,2569,291123794.4,140970792.3807900,0
1776825600000,0.4842,0.4847,0.4841,0.4846,342569029.1,1776825899999,165963963.4815100,2435,266119879.3,128924507.9414500,0
1776825900000,0.4846,0.4846,0.4845,0.4845,399040352.6,1776826199999,193374281.7826900,2610,350969004.9,170079579.7745400,0
1776826200000,0.4845,0.4845,0.4844,0.4844,405160419.8,1776826499999,196296419.9571100,2984,283159222.0,137190643.0590000,0
1776826500000,0.4844,0.4853,0.4842,0.4852,397773141.6,1776826799999,192844060.9350500,2779,289831308.5,140508837.6457100,0
1776826800000,0.4851,0.4852,0.485,0.485,396663941.3,1776827099999,192446888.2233300,2744,310016031.4,150410335.1681300,0
1776827100000,0.4851,0.4869,0.4849,0.485,388252584.0,1776827399999,188332717.6649900,2740,300396043.9,145718299.7875500,0
1776827400000,0.485,0.485,0.4848,0.4849,361598783.6,1776827699999,175369081.9493700,2622,286964705.1,139174902.2085400,0
1776827700000,0.4849,0.4849,0.4847,0.4847,313854384.7,1776827999999,152183149.0454200,2314,246330149.4,119443875.3260400,0
1776828000000,0.4848,0.4848,0.4847,0.4847,405971253.6,1776828299999,196812319.7150800,2788,336459538.8,163115584.4102400,0
1776828300000,0.4847,0.4847,0.4829,0.483,399537983.0,1776828599999,193507818.2547400,2813,293801238.6,142282916.8871000,0
1776828600000,0.483,0.483,0.4828,0.4828,395315925.2,1776828899999,190898505.0452800,2774,306474277.9,147996861.5523100,0
1776828900000,0.4829,0.4829,0.4827,0.4827,381168660.3,1776829199999,184031336.0247600,2704,296659703.5,143230005.8480000,0
1776829200000,0.4828,0.4828,0.4826,0.4826,388862914.3,1776829499999,187710343.5692600,2696,307877520.3,148618014.5342600,0
1776829500000,0.4827,0.4827,0.4825,0.4826,423952486.3,1776829799999,204607940.5752600,2891,336533535.0,162418392.9332100,0
1776829800000,0.4826,0.4826,0.4824,0.4824,412438981.4,1776830099999,199015530.6862900,2818,317313122.1,153115853.1391900,0
1776830100000,0.4825,0.4825,0.4823,0.4824,353145709.1,1776830399999,170373508.8467600,2530,274669129.0,132514722.0834900,0
1776830400000,0.4824,0.4824,0.4822,0.4823,311057532.8,1776830699999,150036435.7256100,2306,237729846.6,114668415.2137300,0
1776830700000,0.4823,0.4823,0.4821,0.4822,339180950.0,1776830999999,163569254.2938500,2517,286977938.5,138394693.4748500,0
1776831000000,0.4822,0.4822,0.482,0.4821,428952726.7,1776831299999,206821188.6375100,2930,349832233.0,168674936.9127100,0
1776831300000,0.4821,0.4821,0.4819,0.482,429828592.3,1776831599999,207206143.0901400,2931,340940623.3,164358878.9744300,0
1776831600000,0.482,0.482,0.4818,0.4819,411297851.9,1776831899999,198234507.1589100,2872,324419188.4,156363748.6001600,0
1776831900000,0.4819,0.4819,0.4817,0.4818,400201012.8,1776832199999,192849694.8113300,2823,317471723.6,152986608.2268700,0
1776832200000,0.4818,0.4818,0.4807,0.4808,372804290.9,1776832499999,179580783.9817100,2689,295414955.1,142303411.6390800,0
1776832500000,0.4807,0.4808,0.4806,0.4807,377536710.3,1776832799999,181494439.2626800,2703,302010054.9,145187269.8765500,0
1776832800000,0.4807,0.4809,0.4806,0.4808,267887705.4,1776833099999,128810112.5588200,2125,198722407.8,95553885.5386300,0
1776833100000,0.4808,0.4808,0.4806,0.4807,383685756.5,1776833399999,184462823.1676300,2730,294084677.3,141387992.4845300,0
1776833400000,0.4807,0.4807,0.4805,0.4805,406772673.2,1776833699999,195524153.5516400,2826,312306456.1,150119803.9142000,0
1776833700000,0.4806,0.4806,0.4804,0.4805,376208508.1,1776833999999,180798148.1312400,2717,294028390.2,141306533.5878700,0
1776834000000,0.4804,0.4805,0.4803,0.4804,367821126.4,1776834299999,176732343.5451500,2611,287459881.8,138122916.3354900,0
1776834300000,0.4804,0.4811,0.4803,0.4811,420010668.8,1776834599999,201860772.2200500,2798,370808814.1,178211992.9008600,0
1776834600000,0.4811,0.4811,0.4801,0.4801,397439335.9,1776834899999,191091386.1875100,3019,245627505.3,118102854.3081400,0
1776834900000,0.4801,0.4845,0.48,0.4845,411537704.8,1776835199999,198386194.2463500,2743,355837855.2,171563862.1001000,0
1776835200000,0.4845,0.4849,0.4843,0.4849,350659509.8,1776835499999,169895890.6451400,2456,277473823.6,134442689.7499100,0
1776835500000,0.4849,0.4849,0.4838,0.4839,373331496.2,1776835799999,180856270.3509400,2597,301670435.0,146133934.0615000,0
1776835800000,0.4839,0.4866,0.4838,0.4864,398374517.4,1776836099999,193449684.5462100,2808,281260993.6,136581138.9492300,0
1776836100000,0.4865,0.4868,0.4857,0.4858,422526863.9,1776836399999,205615222.3725900,2909,336511553.8,163760957.5730300,0
1776836400000,0.4857,0.4858,0.4856,0.4856,408086257.5,1776836699999,198231084.2940400,2815,330313049.7,160453978.0395400,0
1776836700000,0.4857,0.4857,0.4855,0.4855,416438978.9,1776836999999,202249012.8040500,2843,340655357.1,165446027.5322100,0
1776837000000,0.4855,0.4856,0.4854,0.4854,404207673.5,1776837299999,196268857.8087400,2781,324216440.0,157429416.6318200,0
1776837300000,0.4855,0.4855,0.4853,0.4853,358846243.5,1776837599999,174211014.9066300,2556,277136959.7,134545449.2645100,0
1776837600000,0.4853,0.4862,0.4853,0.4861,351057947.4,1776837899999,170563829.4005000,2376,296005515.4,143816069.9640800,0
1776837900000,0.4861,0.4861,0.4858,0.4858,370800887.6,1776838199999,180179382.8599400,2752,249040823.4,121010270.6556900,0
1776838200000,0.4858,0.4859,0.4857,0.4858,379937633.9,1776838499999,184581315.7186500,2681,297685340.8,144622136.5792700,0
1776838500000,0.4858,0.4858,0.4856,0.4857,399364487.7,1776838799999,193981027.7189500,2820,320350316.1,155602413.0584300,0
1776838800000,0.4856,0.4857,0.4855,0.4855,342942177.3,1776839099999,166542745.2244800,2469,274464379.8,133288660.1669600,0
1776839100000,0.4856,0.4856,0.4854,0.4855,385302948.0,1776839399999,187079567.3440700,2744,283396024.6,137601787.5847500,0
1776839400000,0.4854,0.4855,0.4853,0.4854,378987320.1,1776839699999,183976829.5757700,2583,293378654.2,142420299.1173300,0
1776839700000,0.4854,0.4854,0.4852,0.4853,351455292.5,1776839999999,170577705.0217100,2439,267583012.1,129871871.2780900,0
1776840000000,0.4853,0.4853,0.4851,0.4852,352915073.8,1776840299999,171255764.0187500,2507,278539014.9,135166914.1772200,0
1776840300000,0.4852,0.4852,0.485,0.485,413298341.4,1776840599999,200516968.3267000,2855,330176620.0,160191728.0185100,0
1776840600000,0.4851,0.4851,0.4849,0.4849,412920375.2,1776840899999,200294530.6579500,2836,328908732.8,159545537.9307300,0
1776840900000,0.4849,0.485,0.4848,0.4849,393766623.5,1776841199999,190966054.9782300,2770,310471037.0,150571954.2703400,0
1776841200000,0.4849,0.4849,0.4837,0.4839,408093755.4,1776841499999,197713183.9718900,2820,324115450.1,157015215.4958100,0
1776841500000,0.4839,0.4839,0.4837,0.4838,399642340.4,1776841799999,193360984.7215900,2769,308304614.8,149169718.3120500,0
1776841800000,0.4838,0.4838,0.4836,0.4837,412438968.0,1776842099999,199513294.4307400,2844,335156735.9,162130061.0621100,0
1776842100000,0.4837,0.4837,0.4829,0.483,367004642.5,1776842399999,177374120.9264800,2597,276589935.7,133663977.7193700,0
1776842400000,0.483,0.483,0.4798,0.4799,333547188.9,1776842699999,160635986.5909700,2677,181747600.5,87506572.1244100,0
1776842700000,0.4799,0.4799,0.4797,0.4798,382889299.9,1776842999999,183743512.5210500,2707,292002133.6,140131115.2958100,0
1776843000000,0.4798,0.4817,0.4797,0.4816,388020437.4,1776843299999,186646324.0021700,2973,280181986.4,134759105.0855700,0
1776843300000,0.4816,0.4816,0.4815,0.4815,410766506.6,1776843599999,197821352.5918300,2834,325412292.5,156718560.0680000,0
1776843600000,0.4815,0.4815,0.4814,0.4814,380456284.6,1776843899999,183189067.8125700,2550,324456728.9,156225914.9653500,0
1776843900000,0.4814,0.4814,0.4813,0.4814,398642043.7,1776844199999,191906279.3574700,2756,334338850.7,160950722.7269800,0
1776844200000,0.4814,0.4814,0.4812,0.4813,356334771.7,1776844499999,171505190.7834400,2572,269822692.0,129866702.3544000,0
1776844500000,0.4813,0.4813,0.4811,0.4812,384659619.9,1776844799999,185101872.4978400,2645,308297740.7,148356103.1012800,0
1776844800000,0.4813,0.4902,0.4813,0.4901,425595340.8,1776845099999,208297933.5951600,2993,364738330.4,178471620.4385900,0
1776845100000,0.4901,0.4938,0.4899,0.4937,423774290.3,1776845399999,208094198.9501700,3118,322320533.7,158228133.8787900,0
1776845400000,0.4937,0.4937,0.4936,0.4936,411031989.9,1776845699999,202925221.2233800,2715,345526036.1,170586204.0225700,0
1776845700000,0.4936,0.4982,0.4935,0.4981,415007995.5,1776845999999,205484225.2342800,2908,333535112.6,165174005.2231600,0
1776846000000,0.4981,0.4981,0.4964,0.4965,408970117.4,1776846299999,203593274.3897700,2995,301312595.2,149990781.1251200,0
1776846300000,0.4965,0.4965,0.4963,0.4964,389659818.0,1776846599999,193427633.2652100,2712,297417358.1,147638376.5608400,0
1776846600000,0.4963,0.4964,0.4962,0.4963,389457439.5,1776846899999,193289972.0436800,2729,308035328.5,152880064.5542800,0
1776846900000,0.4963,0.4963,0.4961,0.4962,406086932.9,1776847199999,201504874.6734500,2823,315054741.0,156333954.5471000,0
1776847200000,0.4962,0.4962,0.496,0.4961,359270219.4,1776847499999,178238897.2573200,2527,277263379.1,137554454.4386400,0
1776847500000,0.4961,0.4961,0.4959,0.4959,369778633.1,1776847799999,183416839.5073300,2637,285453922.8,141590646.2139200,0
1776847800000,0.4959,0.496,0.4958,0.4959,379987378.1,1776848099999,188445264.6891600,2667,295377579.0,146485890.5670400,0
1776848100000,0.4959,0.4959,0.4957,0.4958,378128428.0,1776848399999,187487331.2733000,2670,299250179.1,148377963.8680100,0
1776848400000,0.4957,0.4958,0.4941,0.4942,325736630.1,1776848699999,161382350.0222400,2598,207835911.7,102956736.3511000,0
1776848700000,0.4942,0.4942,0.494,0.4941,300401724.4,1776848999999,148441147.1022500,2291,238682680.8,117944005.9059600,0
1776849000000,0.494,0.4956,0.494,0.4955,370333016.6,1776849299999,183473836.5832300,2600,284390638.1,140892570.8704000,0
1776849300000,0.4955,0.4955,0.4953,0.4954,347868275.3,1776849599999,172349545.2811800,2459,267449390.0,132507669.2676800,0
1776849600000,0.4953,0.4957,0.4952,0.4956,316366392.8,1776849899999,156716488.1328500,2352,245317966.6,121524056.3918800,0
1776849900000,0.4956,0.4957,0.4955,0.4956,409421461.0,1776850199999,202944522.9318200,2836,318725862.5,157990502.4900600,0
1776850200000,0.4955,0.4956,0.4955,0.4955,419624893.2,1776850499999,207963565.5802100,2855,341841625.8,169416709.7464800,0
1776850500000,0.4955,0.4955,0.4954,0.4954,417630154.1,1776850799999,206935107.6480400,2807,346771801.0,171825427.3955000,0
1776850800000,0.4954,0.4954,0.4953,0.4953,418746796.4,1776851099999,207447162.5009300,2876,336627088.6,166765059.6924400,0
1776851100000,0.4954,0.4954,0.4952,0.4953,412642875.6,1776851399999,204383415.8357400,2855,323800479.7,160379652.0450300,0
1776851400000,0.4953,0.4953,0.4951,0.4952,417624925.6,1776851699999,206811026.5759800,2876,335197183.6,165992627.7042500,0
1776851700000,0.4952,0.4952,0.4917,0.4918,397314906.8,1776851999999,195870056.7404100,2896,260255051.8,128140091.5408000,0
1776852000000,0.4918,0.4918,0.4916,0.4916,382331406.6,1776852299999,187999079.9014800,2648,305072889.7,150010312.8384400,0
1776852300000,0.4916,0.4917,0.4915,0.4915,343408048.1,1776852599999,168827122.0667400,2426,265984294.7,130764988.7119600,0
1776852600000,0.4916,0.4916,0.4914,0.4915,335421562.9,1776852899999,164867723.8205300,2436,263403083.9,129469704.3324800,0
1776852900000,0.4915,0.4917,0.4913,0.4917,430280001.1,1776853199999,211486416.7516100,2953,352382788.5,173202943.7601600,0
1776853200000,0.4917,0.4917,0.4915,0.4916,386110683.8,1776853499999,189834791.3566100,2652,300523976.3,147757059.9651500,0
1776853500000,0.4916,0.4916,0.4914,0.4915,397111093.9,1776853799999,195205892.5588000,2794,291189791.2,143141606.9690500,0
1776853800000,0.4915,0.4915,0.4913,0.4914,385987033.3,1776854099999,189701236.7015200,2705,297464675.3,146197838.9238300,0
1776854100000,0.4914,0.4914,0.4912,0.4912,302582397.8,1776854399999,148680562.1760800,2267,242682680.0,119249489.0489000,0
1776854400000,0.4912,0.4913,0.4911,0.4912,312507350.4,1776854699999,153526955.2381800,2265,251288779.4,123455224.8733600,0
1776854700000,0.4911,0.4912,0.491,0.4911,410172260.2,1776854999999,201471583.8061700,2758,332122236.3,163137693.9089900,0
1776855000000,0.4911,0.4911,0.491,0.491,391314112.9,1776855299999,192171196.6120200,2654,315375248.2,154880784.3910200,0
1776855300000,0.491,0.491,0.4882,0.4882,408765987.1,1776855599999,200260780.2331100,2838,313678115.9,153625478.2317400,0
1776855600000,0.4883,0.4883,0.4881,0.4881,376587404.2,1776855899999,183867080.5241100,2605,298723078.4,145851875.8827600,0
1776855900000,0.4882,0.4882,0.4877,0.4877,360147785.4,1776856199999,175726363.4481600,2610,264413772.2,129013549.3092000,0
1776856200000,0.4878,0.4878,0.4876,0.4877,395696146.3,1776856499999,192994636.4151800,2710,326215466.8,159107963.5749900,0
1776856500000,0.4877,0.4886,0.4875,0.4886,401635483.2,1776856799999,195989217.8151900,2743,313177488.7,152838692.7348500,0
1776856800000,0.4886,0.4886,0.4884,0.4885,293994173.4,1776857099999,143616753.4349700,2184,213279367.9,104187471.2191500,0
1776857100000,0.4884,0.4885,0.4878,0.4878,327714509.1,1776857399999,159974818.0069100,2651,177582337.3,86682411.5006800,0
1776857400000,0.4878,0.4878,0.4863,0.4864,301869083.1,1776857699999,146868763.4094800,2171,223369896.8,108647117.8035200,0
1776857700000,0.4863,0.4864,0.4862,0.4862,251611653.5,1776857999999,122362143.4038700,1941,192032397.0,93388461.8574400,0
1776858000000,0.4863,0.4863,0.4861,0.4862,325506723.8,1776858299999,158267330.8997400,2281,254944951.9,123959418.0017500,0
1776858300000,0.4862,0.4884,0.486,0.4884,295789641.8,1776858599999,143907009.4226500,2128,226996881.1,110456417.0673900,0
1776858600000,0.4884,0.4884,0.4882,0.4882,320506334.2,1776858899999,156522858.3662800,2200,253774719.3,123935453.2971000,0
1776858900000,0.4882,0.4885,0.4882,0.4884,378658796.3,1776859199999,184943375.3691200,2605,305777802.2,149347888.7789000,0
1776859200000,0.4884,0.4891,0.4883,0.4891,269294085.7,1776859499999,131528046.8324300,1909,237031452.4,115770363.4255900,0
1776859500000,0.4891,0.4891,0.4889,0.489,234249475.2,1776859799999,114554333.2419800,1928,189045582.9,92448613.1209100,0
1776859800000,0.489,0.4908,0.4888,0.4908,336334404.2,1776860099999,164461107.5881600,2449,268235958.6,131164957.5966500,0
1776860100000,0.4907,0.4908,0.4906,0.4907,392562398.0,1776860399999,192650329.1801000,2720,314667856.6,154425163.9006800,0
1776860400000,0.4906,0.4907,0.4905,0.4905,380004298.8,1776860699999,186450611.9122400,2668,304184154.9,149250600.2809900,0
1776860700000,0.4905,0.4906,0.4904,0.4904,393191410.9,1776860999999,192884652.0400800,2742,313589244.1,153837733.6820700,0
1776861000000,0.4904,0.4905,0.4859,0.486,412636303.6,1776861299999,202368688.1613000,2972,281548656.1,138089867.7982300,0
1776861300000,0.486,0.486,0.4849,0.485,347526743.6,1776861599999,168693740.7080700,2836,138950525.0,67437777.9008800,0
1776861600000,0.4849,0.485,0.483,0.483,344031920.5,1776861899999,166662820.6976600,2710,197460782.2,95661619.4099900,0
1776861900000,0.483,0.4839,0.483,0.4833,296994558.3,1776862199999,143604686.7907100,2287,210757247.3,101897644.6846500,0
1776862200000,0.4834,0.4834,0.4832,0.4833,296294513.8,1776862499999,143203356.8888900,2223,218611394.2,105658915.3541400,0
1776862500000,0.4832,0.4858,0.4832,0.4856,414244983.5,1776862799999,200999857.6706000,2859,335043561.1,162549604.9648200,0
1776862800000,0.4857,0.4857,0.4855,0.4856,410307610.9,1776863099999,199272717.0841600,2808,326508336.7,158576938.1778300,0
1776863100000,0.4855,0.4856,0.4854,0.4854,343693885.6,1776863399999,166891022.7789600,2428,260758227.9,126621943.5178700,0
1776863400000,0.4854,0.4855,0.4849,0.4849,263512634.8,1776863699999,127857018.9065400,2191,168332430.5,81675615.0206400,0
1776863700000,0.485,0.4852,0.4823,0.4823,252459799.4,1776863999999,122382299.7799400,2084,168836408.0,81904185.4448300,0
1776864000000,0.4823,0.4825,0.4817,0.4819,336366321.3,1776864299999,162156718.3430800,2559,229339767.8,110558799.5585800,0
1776864300000,0.4819,0.4819,0.4809,0.4809,357156592.2,1776864599999,171911449.5486600,2826,217663008.7,104761147.4832200,0
1776864600000,0.481,0.481,0.4791,0.4791,292541159.6,1776864899999,140507759.8333600,2213,195763767.7,94042461.4941400,0
1776864900000,0.4791,0.4791,0.4788,0.4788,377535816.1,1776865199999,180842411.9955000,2895,219184648.2,104994463.5786100,0
1776865200000,0.4789,0.4789,0.4788,0.4788,428952382.4,1776865499999,205424029.9264400,2793,374650711.4,179420225.6894600,0
1776865500000,0.4788,0.4802,0.4787,0.48,401890268.8,1776865799999,192865784.5359100,2905,312822536.6,150140734.6222300,0
1776865800000,0.48,0.4801,0.4799,0.4799,402898559.4,1776866099999,193424864.9942300,2778,328659738.1,157786339.0872600,0
1776866100000,0.48,0.48,0.4775,0.4776,404438745.2,1776866399999,194090469.2245900,2786,316340699.3,151814443.4304000,0
1776866400000,0.4776,0.4776,0.4774,0.4775,375004703.1,1776866699999,179093086.9861200,2690,283831695.1,135555041.1386000,0
1776866700000,0.4774,0.4775,0.4774,0.4774,300634159.2,1776866999999,143549014.1408700,2242,222392503.4,106192420.3735000,0
1776867000000,0.4774,0.4774,0.4772,0.4772,263799170.0,1776867299999,125934782.5114200,1964,200503085.2,95719555.4596500,0
1776867300000,0.4773,0.4773,0.4772,0.4772,252293852.8,1776867599999,120419222.8495300,1814,214824181.6,102535581.8776800,0
1776867600000,0.4772,0.4772,0.4771,0.4772,287825314.5,1776867899999,137350238.6232600,2101,240616948.4,114822407.7764800,0
1776867900000,0.4771,0.4772,0.477,0.477,224308505.7,1776868199999,107018787.6463200,1792,183842899.7,87712647.4468700,0
1776868200000,0.4771,0.4771,0.4766,0.4766,253159028.7,1776868499999,120712230.1474200,1955,176394622.0,84101521.7692400,0
1776868500000,0.4767,0.4767,0.4765,0.4766,99813788.0,1776868799999,47571751.1629400,1079,70585758.2,33641672.3581200,0
1776868800000,0.4766,0.4766,0.4764,0.4764,135527633.5,1776869099999,64580162.3083700,1222,92939624.9,44286776.4262500,0
1776869100000,0.4765,0.4765,0.4763,0.4764,125041379.7,1776869399999,59572713.1606600,1180,89988395.0,42873471.3780000,0
1776869400000,0.4764,0.4764,0.4762,0.4763,259404657.0,1776869699999,123560737.9011700,1900,209245847.8,99669997.3071400,0
1776869700000,0.4763,0.4763,0.4761,0.4761,233587594.6,1776869999999,111243126.5443100,1798,174522502.1,83115947.7595400,0
1776870000000,0.4761,0.4785,0.476,0.4785,283771920.9,1776870299999,135332179.5021900,2131,250397573.1,119442276.2881400,0
1776870300000,0.4784,0.4785,0.4783,0.4784,260591878.3,1776870599999,124688854.5910100,1928,226327853.5,108296945.1442600,0
1776870600000,0.4783,0.4784,0.4782,0.4783,258481756.4,1776870899999,123650351.6810500,1964,205023094.4,98080384.0250200,0
1776870900000,0.4782,0.4783,0.4782,0.4782,207762939.7,1776871199999,99369849.8636900,1685,164511374.6,78685790.4711800,0
1776871200000,0.4782,0.4782,0.4767,0.4768,243546200.8,1776871499999,116371747.8832200,1880,178746256.0,85401370.1194000,0
1776871500000,0.4768,0.4768,0.4766,0.4767,232110015.4,1776871799999,110652911.1594000,1779,201171907.1,95904123.0561700,0
1776871800000,0.4766,0.4767,0.4765,0.4766,298030499.8,1776872099999,142052135.9674700,2035,249047455.5,118706817.2913000,0
1776872100000,0.4765,0.4766,0.4764,0.4764,276630516.1,1776872399999,131825501.1147700,1971,227302540.7,108320208.5472600,0
1776872400000,0.4765,0.4765,0.4763,0.4764,291483460.3,1776872699999,138877792.1071900,2015,238707178.1,113734905.3590000,0
1776872700000,0.4764,0.4764,0.4762,0.4762,210021258.4,1776872999999,100041546.8072700,1608,156441838.8,74520919.5382900,0
1776873000000,0.4762,0.4763,0.4761,0.4762,278897892.1,1776873299999,132829924.3639200,1960,235436587.0,112133207.6948800,0
1776873300000,0.4761,0.4762,0.476,0.4761,239660496.8,1776873599999,114118532.1538100,1717,186695789.4,88901410.4977600,0
1776873600000,0.4761,0.485,0.4761,0.485,277169986.7,1776873899999,133881222.9891000,1909,277165421.0,133879009.0800800,0
1776873900000,0.485,0.485,0.4848,0.4849,98917264.0,1776874199999,47965381.3772400,931,50620430.6,24546146.7979400,0
1776874200000,0.4849,0.4849,0.4847,0.4848,355967367.5,1776874499999,172576722.1377300,2518,282924473.1,137164975.1340400,0
1776874500000,0.4847,0.4848,0.4846,0.4847,414422089.1,1776874799999,200881508.7609100,2816,333788749.4,161797332.1564000,0
1776874800000,0.4847,0.4847,0.4845,0.4846,379863125.9,1776875099999,184094978.8768400,2657,286248809.6,138727727.2405200,0
1776875100000,0.4846,0.4846,0.4844,0.4845,384575569.7,1776875399999,186343515.0353200,2708,303566626.7,147092500.8773500,0
1776875400000,0.4845,0.4845,0.4843,0.4844,378332274.1,1776875699999,183283136.1802700,2680,294507948.2,142676042.4382200,0
1776875700000,0.4843,0.4844,0.4842,0.4843,389987273.7,1776875999999,188893083.0431300,2716,300140665.4,145377268.9460000,0
1776876000000,0.4842,0.4843,0.4841,0.4841,395659517.5,1776876299999,191603382.9923100,2756,327468406.5,158583047.3618800,0
1776876300000,0.4842,0.4842,0.484,0.4841,408237802.1,1776876599999,197658070.1430500,2809,338067480.4,163686668.0429300,0
1776876600000,0.484,0.4841,0.4839,0.484,403191466.6,1776876899999,195176895.3047400,2765,316639097.2,153282401.0216300,0
1776876900000,0.484,0.484,0.4839,0.4839,349798672.1,1776877199999,169300025.7478900,2490,280916146.9,135963415.0996000,0
1776877200000,0.4839,0.4839,0.4837,0.4838,182957049.5,1776877499999,88530384.9054200,1678,145895435.0,70598800.9965000,0
1776877500000,0.4838,0.4838,0.4837,0.4838,245504606.2,1776877799999,118775128.0264800,1758,236260643.4,114302899.2769200,0
1776877800000,0.4837,0.4856,0.4836,0.4856,294927232.9,1776878099999,142726216.9054000,2191,248460042.6,120250037.2351500,0
1776878100000,0.4856,0.4857,0.4855,0.4855,283775290.9,1776878399999,137812703.0156000,2103,239751195.8,116434602.6484000,0
1776878400000,0.4855,0.4856,0.4854,0.4855,201513239.0,1776878699999,97846376.4412100,1580,149947479.8,72811201.4812200,0
1776878700000,0.4855,0.4855,0.4853,0.4854,218265702.0,1776878999999,105958639.1943700,1684,169069308.9,82078371.1005200,0
1776879000000,0.4854,0.4854,0.4852,0.4853,131085678.9,1776879299999,63623091.6763200,1116,91721891.9,44519248.3140800,0
1776879300000,0.4852,0.4853,0.4851,0.4852,284335840.9,1776879599999,137979072.5303500,2075,238979085.5,115971754.2843400,0
1776879600000,0.4851,0.4852,0.485,0.4851,283062059.6,1776879899999,137333869.1027700,2008,233516154.7,113298738.2604400,0
1776879900000,0.485,0.4851,0.483,0.4831,247576722.8,1776880199999,119920117.5896600,2098,126321893.4,61193470.4337700,0
1776880200000,0.483,0.4856,0.4829,0.4856,319526751.4,1776880499999,154479254.3238600,2310,272598778.2,131812847.8700000,0
1776880500000,0.4855,0.4856,0.4854,0.4855,246112211.1,1776880799999,119496778.2990900,1866,231924111.2,112608456.0133700,0
1776880800000,0.4854,0.4855,0.4853,0.4854,313094178.6,1776881099999,151986214.0203000,2160,274946898.1,133469524.3377400,0
1776881100000,0.4853,0.4854,0.4852,0.4852,243035733.8,1776881399999,117954502.7978600,1879,202649935.4,98354962.5372800,0
1776881400000,0.4852,0.4873,0.4852,0.4871,342048435.2,1776881699999,166451495.6779700,2345,301553325.5,146722279.9022800,0
1776881700000,0.4871,0.4872,0.4871,0.4871,266135147.6,1776881999999,129657892.0603300,1891,233247102.6,113637988.3867200,0
1776882000000,0.4871,0.4871,0.4869,0.487,401510210.9,1776882299999,195569295.5799800,2758,346352574.8,168705500.2270800,0
1776882300000,0.487,0.487,0.4869,0.4869,407969427.1,1776882599999,198678579.5315300,2735,329856592.2,160640160.4014000,0
1776882600000,0.4869,0.4869,0.4868,0.4868,441952437.1,1776882899999,215186008.3596200,2878,380975456.4,185496949.7211600,0
1776882900000,0.4868,0.4868,0.4842,0.4843,434109253.3,1776883199999,210349405.1699100,3086,306142813.2,148284674.4637100,0
1776883200000,0.4843,0.4843,0.4841,0.4841,362417571.1,1776883499999,175507291.9577000,2554,276749695.4,134023741.9925300,0
1776883500000,0.4842,0.4842,0.484,0.4841,360352911.2,1776883799999,174471742.2343800,2549,283434045.3,137232171.7810200,0
1776883800000,0.484,0.4841,0.4839,0.484,329266380.6,1776884099999,159390891.6504700,2344,252109039.4,122043040.3549100,0
1776884100000,0.484,0.485,0.4839,0.485,404932139.7,1776884399999,196076168.9771200,2635,353146884.3,171004399.7380600,0
1776884400000,0.485,0.485,0.4834,0.4834,392987172.6,1776884699999,190088406.7328500,2849,261449414.2,126434260.0346000,0
1776884700000,0.4834,0.4835,0.4833,0.4834,436935169.4,1776884999999,211250560.7346800,2955,367337945.6,177604058.4786900,0
1776885000000,0.4834,0.4834,0.4832,0.4833,420247431.8,1776885299999,203142545.9982200,2856,333726023.9,161322569.7887400,0
1776885300000,0.4833,0.4833,0.4832,0.4832,404969414.4,1776885599999,195718553.7582900,2729,322516128.5,155872044.9040500,0
1776885600000,0.4832,0.4832,0.4831,0.4832,420624821.5,1776885899999,203245913.2478800,2702,369299664.2,178445597.7414400,0
1776885900000,0.4831,0.4832,0.483,0.4831,378331924.4,1776886199999,182772485.0250200,2607,292734904.6,141420565.1677700,0
1776886200000,0.483,0.4831,0.481,0.4811,354675884.3,1776886499999,171224982.7713900,2581,236654744.2,114234445.2364500,0
1776886500000,0.481,0.4811,0.4809,0.481,331311385.7,1776886799999,159362244.2046400,2344,248192814.1,119381999.1674400,0
1776886800000,0.481,0.481,0.4808,0.4809,259883450.6,1776887099999,124982615.2374700,2151,187676296.8,90257435.3552900,0
1776887100000,0.4808,0.4809,0.4807,0.4808,352473196.4,1776887399999,169476518.0230700,2505,271362837.6,130477660.7665400,0
1776887400000,0.4808,0.4808,0.4806,0.4807,313406094.1,1776887699999,150662869.0357200,2289,244422881.0,117501425.0688700,0
1776887700000,0.4807,0.4807,0.4805,0.4806,354475078.4,1776887999999,170373477.3907900,2486,281169938.6,135141186.1598200,0
1776888000000,0.4806,0.4806,0.4804,0.4805,337365609.6,1776888299999,162118728.6630600,2342,267058307.7,128334678.1535600,0
1776888300000,0.4805,0.4805,0.4803,0.4804,376003883.0,1776888599999,180651315.2550100,2575,286316825.4,137562867.2180500,0
1776888600000,0.4803,0.4804,0.4802,0.4803,372299013.2,1776888899999,178836396.9152000,2562,282651034.4,135775143.4690500,0
1776888900000,0.4803,0.4803,0.4801,0.4802,427952513.1,1776889199999,205531370.7597400,2928,357528066.8,171710832.8007000,0
1776889200000,0.4802,0.4802,0.48,0.4801,415438705.1,1776889499999,199481896.3211000,2831,341630677.8,164043308.0470800,0
1776889500000,0.48,0.4801,0.4799,0.48,399659848.7,1776889799999,191869018.3450200,2782,321799597.8,154493026.3566400,0
1776889800000,0.4799,0.48,0.4798,0.4799,406625111.7,1776890099999,195175156.5498700,2811,322694868.3,154892416.9730700,0
1776890100000,0.4798,0.4799,0.4798,0.4798,391766499.1,1776890399999,188007464.5017800,2664,334057529.3,160314208.3110700,0
1776890400000,0.4798,0.4798,0.4797,0.4798,404984604.8,1776890699999,194311612.9274200,2746,332566244.0,159565283.8712000,0
1776890700000,0.4797,0.4798,0.4796,0.4797,358694561.2,1776890999999,172066780.6234100,2534,284534002.2,136491960.8553400,0
1776891000000,0.4796,0.4797,0.4795,0.4796,396021947.3,1776891299999,189936525.5561700,2729,313674336.3,150442611.6894800,0
1776891300000,0.4795,0.4796,0.4794,0.4795,397766607.2,1776891599999,190735960.5713900,2785,314662873.1,150886836.2484200,0
1776891600000,0.4795,0.4795,0.4793,0.4794,317782211.8,1776891899999,152352485.2992400,2361,252415169.3,121014517.7753100,0
1776891900000,0.4794,0.4794,0.4792,0.4792,400286707.9,1776892199999,191870034.2023900,2719,337143694.8,161605163.4922000,0
1776892200000,0.4793,0.4793,0.4791,0.4792,391562810.1,1776892499999,187652862.4499800,2737,313839153.4,150406422.5740400,0
1776892500000,0.4791,0.4792,0.479,0.4791,430129031.5,1776892799999,206095472.1753600,2975,356625859.4,170878168.6180700,0
1776892800000,0.479,0.4791,0.4789,0.479,411642648.4,1776893099999,197200228.0622300,2837,316000753.4,151384754.9470300,0
1776893100000,0.4789,0.479,0.4775,0.4775,402847416.8,1776893399999,192585701.0132800,3014,291975644.8,139568329.3998000,0
1776893400000,0.4775,0.4775,0.4774,0.4774,316180489.2,1776893699999,150976183.1518300,2193,275587788.1,131593168.8177500,0
1776893700000,0.4774,0.4774,0.4773,0.4773,320509178.8,1776893999999,153011081.5364400,2382,281676277.2,134472254.7352800,0
1776894000000,0.4773,0.4774,0.4772,0.4772,394987729.7,1776894299999,188530419.1002800,2821,328462683.9,156777702.8063800,0
1776894300000,0.4772,0.4773,0.4771,0.4771,431625601.5,1776894599999,205977964.1022400,2994,363034032.8,173245614.1867400,0
1776894600000,0.4771,0.4772,0.477,0.477,425297920.5,1776894899999,202920159.8426200,2936,358277188.3,170944095.1903200,0
1776894900000,0.477,0.4771,0.4769,0.477,408608077.3,1776895199999,194918438.7023000,2877,336686715.4,160610657.5772800,0
1776895200000,0.477,0.477,0.4753,0.4753,388942960.8,1776895499999,185485741.1466200,2919,258142366.8,123113419.3247800,0
1776895500000,0.4753,0.478,0.4753,0.4779,404777131.1,1776895799999,193154950.8056600,2873,361920958.3,172691659.2617800,0
1776895800000,0.4779,0.4779,0.4774,0.4774,318634805.2,1776896099999,152147035.5046600,2324,282939437.0,135103581.1675000,0
1776896100000,0.4774,0.4783,0.4773,0.4782,414607473.3,1776896399999,198211192.5149000,2962,324732608.1,155251648.9236700,0
1776896400000,0.4781,0.4782,0.478,0.4781,415659749.9,1776896699999,198747610.6778000,2857,336989134.6,161133129.8590100,0
1776896700000,0.4781,0.4781,0.4779,0.4779,229956903.9,1776896999999,109934586.2551200,1867,191139415.6,91377705.4513100,0
1776897000000,0.4779,0.4788,0.4779,0.4787,300896718.5,1776897299999,144048812.4153000,2031,279737624.9,133917839.0383300,0
1776897300000,0.4787,0.4788,0.4786,0.4786,309975485.0,1776897599999,148387738.7583500,2336,247781345.5,118615072.2759200,0
1776897600000,0.4786,0.4787,0.4785,0.4785,210471366.6,1776897899999,100733892.3239400,1757,165410298.1,79167665.1970600,0
1776897900000,0.4785,0.4792,0.4785,0.4791,294593899.0,1776898199999,141093465.1222000,2232,245353349.5,117506115.2975800,0
1776898200000,0.479,0.4791,0.4789,0.479,231468227.2,1776898499999,110888913.5234900,1842,198710096.0,95197668.7415900,0
1776898500000,0.479,0.479,0.4788,0.4789,132940671.3,1776898799999,63676270.4741200,1216,110253131.1,52810793.7242700,0
1776898800000,0.4788,0.4789,0.4788,0.4788,234597584.2,1776899099999,112346251.6491300,1711,205744420.7,98531003.0732300,0
1776899100000,0.4788,0.4788,0.4786,0.4787,229881357.4,1776899399999,110062763.0318500,1761,188379701.3,90195200.9824400,0
1776899400000,0.4786,0.4787,0.4786,0.4786,249263599.2,1776899699999,119322484.4603700,1765,244188614.6,116893089.8090200,0
1776899700000,0.4786,0.4786,0.4785,0.4786,272853655.9,1776899999999,130587759.3245200,1924,237346984.9,113594266.9731400,0
1776900000000,0.4785,0.4786,0.4784,0.4785,239792119.7,1776900299999,114741128.9337500,1847,192344851.2,92037611.2992000,0
1776900300000,0.4785,0.4785,0.4783,0.4784,239815948.9,1776900599999,114727962.0890400,1719,208249773.1,99626691.4510400,0
1776900600000,0.4783,0.4784,0.4782,0.4782,315108354.7,1776900899999,150722125.7381400,2298,254767007.7,121860859.7829100,0
1776900900000,0.4783,0.4783,0.4781,0.4782,375342726.5,1776901199999,179497450.0266100,2673,295076954.3,141113061.5969200,0
1776901200000,0.4781,0.4782,0.478,0.4781,378404259.4,1776901499999,180926598.5716000,2667,292204311.4,139712763.1790700,0
1776901500000,0.478,0.4781,0.4779,0.478,381384682.6,1776901799999,182316057.0351700,2743,295161353.8,141099171.5562400,0
1776901800000,0.478,0.478,0.4778,0.4779,381212406.2,1776902099999,182199789.4520900,2624,305610026.6,146067048.1199200,0
1776902100000,0.4778,0.4779,0.4777,0.4777,276790479.9,1776902399999,132266230.4403100,2109,221197252.2,105702616.5881800,0
1776902400000,0.4778,0.4867,0.4778,0.4853,330367103.2,1776902699999,159658360.6038900,2542,297601432.1,143721011.0593200,0
1776902700000,0.4853,0.4854,0.4852,0.4852,255909132.8,1776902999999,124201753.9785900,2005,214337539.4,104026441.6247600,0
1776903000000,0.4852,0.4853,0.4845,0.4846,256702539.9,1776903299999,124547447.6053400,1993,169285426.5,82139317.6819000,0
1776903300000,0.4845,0.4846,0.4844,0.4845,190661429.3,1776903599999,92377238.5857600,1466,136508622.6,66140138.3231400,0
1776903600000,0.4845,0.4845,0.4843,0.4844,210590455.3,1776903899999,102013843.9552300,1620,180379786.0,87379406.3170000,0
1776903900000,0.4844,0.4844,0.4842,0.4843,209492779.2,1776904199999,101464368.4263600,1758,155256013.5,75197088.0883900,0
1776904200000,0.4843,0.4843,0.4841,0.4841,299671832.8,1776904499999,145107303.6952200,2120,220924512.6,106981455.4612900,0
1776904500000,0.4841,0.4841,0.4811,0.4812,192143470.8,1776904799999,92501885.9291300,1685,127064693.0,61150576.6891600,0
1776904800000,0.4812,0.4812,0.481,0.4811,269329968.5,1776905099999,129592854.0847900,2048,218168010.4,104978488.7912700,0
1776905100000,0.4811,0.4811,0.4809,0.481,295263724.8,1776905399999,142044417.1089100,2116,249990204.6,120267600.3338600,0
1776905400000,0.481,0.4817,0.4809,0.4817,318407610.7,1776905699999,153279833.8361200,2169,311871252.2,150135160.7813300,0
1776905700000,0.4817,0.4817,0.4815,0.4816,183591374.1,1776905999999,88424766.0095900,1559,156454217.5,75354863.8091200,0
1776906000000,0.4816,0.4816,0.4814,0.4814,279043525.1,1776906299999,134372657.1280400,2135,240664100.6,115892964.4513600,0
1776906300000,0.4814,0.4815,0.4807,0.4808,284772383.5,1776906599999,137094676.4406300,2188,193536494.1,93179484.9336500,0
1776906600000,0.4808,0.4808,0.4806,0.4807,158559191.7,1776906899999,76222568.8275200,1453,106808344.6,51345636.7590700,0
1776906900000,0.4806,0.4807,0.4805,0.4806,93051691.3,1776907199999,44725177.0440600,947,73694862.0,35421715.1992600,0
1776907200000,0.4806,0.4806,0.4804,0.4805,259479715.6,1776907499999,124688581.0190600,2010,218116261.7,104813185.5845700,0
1776907500000,0.4804,0.4805,0.4803,0.4804,294931196.0,1776907799999,141695496.2503400,2085,242367731.5,116443293.9578500,0
1776907800000,0.4803,0.4804,0.4802,0.4803,261186903.2,1776908099999,125460590.9723500,1979,219955337.9,105656545.5399500,0
1776908100000,0.4802,0.4803,0.4801,0.4802,212354236.2,1776908399999,101983378.8181400,1608,168527980.5,80937757.8261000,0
1776908400000,0.4801,0.4802,0.48,0.4801,233141247.1,1776908699999,111945897.0993300,1718,188457323.6,90492665.7930400,0
1776908700000,0.48,0.4801,0.4799,0.48,266930600.0,1776908999999,128147351.2563100,1943,226075964.4,108537026.1878800,0
1776909000000,0.48,0.48,0.4798,0.4798,302347395.8,1776909299999,145120877.2967900,2102,256629512.1,123180764.9181500,0
1776909300000,0.4799,0.4816,0.4798,0.4816,437569640.2,1776909599999,210049740.8339300,2813,400099390.1,192069666.5995400,0
1776909600000,0.4816,0.4891,0.4816,0.489,531999654.7,1776909899999,259616209.4643600,3596,468934036.6,228777969.4104700,0
1776909900000,0.489,0.4906,0.4889,0.4905,422486112.8,1776910199999,207119227.1188900,2906,342370412.5,167835049.4426700,0
1776910200000,0.4904,0.4905,0.4903,0.4903,407522323.4,1776910499999,199876110.7307800,2843,318043083.1,155992074.1313400,0
1776910500000,0.4903,0.4904,0.4902,0.4903,394488505.1,1776910799999,193446093.0331300,2780,314954645.9,154446791.6983200,0
1776910800000,0.4903,0.4903,0.4901,0.4901,377658915.2,1776911099999,185158460.1714900,2613,291697698.5,143016220.2813300,0
1776911100000,0.4902,0.4902,0.49,0.4901,357964398.2,1776911399999,175467899.9008800,2500,256920856.4,125942303.8072800,0
1776911400000,0.4901,0.491,0.49,0.4909,406799932.8,1776911699999,199619735.8064400,2721,331971741.8,162894810.4473000,0
1776911700000,0.4908,0.4909,0.4894,0.4894,314507063.3,1776911999999,154318080.0660700,2481,189230084.8,92860737.4818300,0
1776912000000,0.4894,0.4894,0.4878,0.4879,361800286.1,1776912299999,176586270.5818600,2592,251939753.2,122946271.9227900,0
1776912300000,0.4879,0.4879,0.4878,0.4878,403845416.0,1776912599999,197033014.2473300,2715,326318033.3,159210568.4470700,0
1776912600000,0.4878,0.4878,0.4877,0.4877,369252425.3,1776912899999,180121320.2682400,2469,303966351.6,148274786.3104800,0
1776912900000,0.4877,0.4877,0.4876,0.4877,347850429.0,1776913199999,169646653.8584700,2484,273055536.3,133169185.0535100,0
1776913200000,0.4877,0.4877,0.4875,0.4875,359969247.1,1776913499999,175522632.0953300,2517,274941309.2,134062766.4861800,0
1776913500000,0.4876,0.4876,0.4874,0.4875,376456224.1,1776913799999,183526517.8606100,2674,299973858.8,146240919.6954400,0
1776913800000,0.4875,0.4875,0.4873,0.4874,341694880.6,1776914099999,166549044.7995500,2491,264588291.5,128966555.6142100,0
1776914100000,0.4874,0.4874,0.4872,0.4872,302100864.7,1776914399999,147220246.1820800,2309,234944669.9,114494094.2541800,0
1776914400000,0.4873,0.4873,0.4871,0.4871,405635067.5,1776914699999,197637757.2308300,2831,324721991.5,158215644.8389300,0
1776914700000,0.4872,0.489,0.487,0.489,417239002.2,1776914999999,203547868.9286000,2901,331703595.1,161850802.5542100,0
1776915000000,0.489,0.4896,0.4889,0.4891,406324600.3,1776915299999,198831857.8296500,2842,329760281.3,161361987.9208700,0
1776915300000,0.4891,0.4891,0.4889,0.489,373987444.9,1776915599999,182906101.8589600,2657,287898703.7,140805150.9960900,0
1776915600000,0.489,0.489,0.4888,0.4889,417749081.8,1776915899999,204269796.6354000,2872,334216277.2,163427373.6944000,0
1776915900000,0.4889,0.4889,0.4887,0.4888,390987062.4,1776916199999,191146413.9637600,2730,308645357.1,150893482.5751600,0
1776916200000,0.4888,0.4888,0.4886,0.4887,373455839.4,1776916499999,182541284.5679800,2624,287985543.8,140767233.8094400,0
1776916500000,0.4887,0.4887,0.4863,0.4869,284333979.2,1776916799999,138764255.0843800,2185,204868755.3,99974287.1132900,0
1776916800000,0.4869,0.4914,0.4868,0.4913,460344206.7,1776917099999,225036362.9607800,3021,414507763.7,202674296.7225400,0
1776917100000,0.4913,0.4914,0.4882,0.4882,425386822.3,1776917399999,208100362.1779900,3075,322645616.9,157812170.6231300,0
1776917400000,0.4882,0.4882,0.4881,0.4881,400530709.0,1776917699999,195538451.4651400,2652,343696353.9,167792559.9739800,0
1776917700000,0.4881,0.4881,0.488,0.4881,379585311.3,1776917999999,185275590.0092700,2645,301746092.5,147282267.7492500,0
1776918000000,0.4881,0.4881,0.4879,0.488,380349045.5,1776918299999,185611599.3219500,2657,302529021.8,147635208.2960000,0
1776918300000,0.488,0.488,0.4878,0.4879,360677558.7,1776918599999,175979642.5518600,2636,288069934.7,140554212.4543000,0
1776918600000,0.4879,0.4895,0.4877,0.4894,373279959.6,1776918899999,182424785.7150300,2657,303484551.1,148346188.9888600,0
1776918900000,0.4895,0.4895,0.4893,0.4893,401126113.7,1776919199999,196317340.7599900,2826,330733824.4,161866944.8416500,0
1776919200000,0.4894,0.4894,0.4892,0.4892,406093896.5,1776919499999,198709336.3297700,2804,315069023.0,154169734.5134300,0
1776919500000,0.4893,0.4935,0.4892,0.4934,420203057.5,1776919799999,207048374.1958600,2919,331206490.9,163173729.9520700,0
1776919800000,0.4933,0.4934,0.4932,0.4933,393796032.4,1776920099999,194284408.4135200,2744,304655765.4,150307838.2322600,0
1776920100000,0.4933,0.4933,0.4923,0.4923,441113435.1,1776920399999,217383466.5601100,2972,349112158.7,172035951.0923300,0
1776920400000,0.4924,0.4947,0.4923,0.4926,413222409.1,1776920699999,204063109.3858400,2984,281892636.2,139152381.6933800,0
1776920700000,0.4925,0.4926,0.4924,0.4925,397642048.0,1776920999999,195856958.4526400,2773,317450826.1,156360066.3734600,0
1776921000000,0.4925,0.4925,0.4923,0.4924,435279964.7,1776921299999,214354500.9505900,2958,349544636.1,172135484.0507700,0
1776921300000,0.4924,0.4924,0.4922,0.4923,283510339.9,1776921599999,139589721.5308500,2216,222463017.2,109534698.9671800,0
1776921600000,0.4923,0.4923,0.4921,0.4922,384535962.8,1776921899999,189290734.7482700,2692,311953109.3,153563441.5028400,0
1776921900000,0.4922,0.4922,0.492,0.4921,390111088.2,1776922199999,191999721.9008200,2726,306377673.8,150791609.3863100,0
1776922200000,0.4921,0.4921,0.4919,0.492,398642005.2,1776922499999,196159707.8422900,2750,310954681.3,153013529.5405700,0
1776922500000,0.492,0.492,0.4918,0.4919,424349886.8,1776922799999,208770447.3999600,2875,344991022.2,169730692.2827200,0
1776922800000,0.4918,0.4919,0.4917,0.4917,377949924.9,1776923099999,185907706.9768800,2626,310751349.4,152856176.1138700,0
1776923100000,0.4917,0.4918,0.4917,0.4917,315565028.1,1776923399999,155190578.1223400,2321,240514743.5,118285150.8533000,0
1776923400000,0.4917,0.4917,0.4915,0.4915,305650818.8,1776923699999,150285231.0139100,2307,243678032.0,119816488.3344000,0
1776923700000,0.4916,0.4916,0.4915,0.4915,399642440.1,1776923999999,196461692.0069200,2698,332469292.1,163441903.9963600,0
1776924000000,0.4915,0.4915,0.4914,0.4914,377251935.3,1776924299999,185418693.0170500,2548,320417266.2,157485086.3373000,0
1776924300000,0.4914,0.4914,0.4913,0.4913,419648741.9,1776924599999,206215391.3438200,2859,340842571.1,167490039.4385400,0
1776924600000,0.4913,0.4914,0.4912,0.4913,373957123.7,1776924899999,183726198.3332500,2612,281888176.2,138492724.7423200,0
1776924900000,0.4912,0.4913,0.4911,0.4912,402552727.1,1776925199999,197736519.5450700,2766,315354113.3,154904153.3595600,0
1776925200000,0.4911,0.4912,0.491,0.4911,374986835.0,1776925499999,184160761.9120400,2620,292636606.0,143718032.9951000,0
1776925500000,0.491,0.4911,0.4909,0.491,411019385.5,1776925799999,201817483.2334600,2828,328042119.1,161074967.5784300,0
1776925800000,0.4909,0.491,0.4908,0.4909,409314571.1,1776926099999,200941413.9733800,2809,325193933.5,159645760.5212200,0
1776926100000,0.4908,0.4909,0.4864,0.4865,396354464.5,1776926399999,193955874.4375600,2927,266652814.5,130345543.3482800,0
1776926400000,0.4865,0.4865,0.4863,0.4863,256080473.6,1776926699999,124559985.4971400,1987,181597761.2,88331690.0088700,0
1776926700000,0.4863,0.4863,0.4839,0.4839,396115411.4,1776926999999,191741614.5740600,2942,299615596.2,145018617.5436300,0
1776927000000,0.484,0.484,0.4838,0.4839,414350767.1,1776927299999,200506871.7667300,2832,330126941.2,159750710.4754900,0
1776927300000,0.4838,0.4839,0.4837,0.4837,402794914.6,1776927599999,194877354.8435300,2804,325428652.2,157447183.7273600,0
1776927600000,0.4837,0.4838,0.4832,0.4833,340739111.5,1776927899999,164799302.4934300,2631,229371363.2,110936742.4220200,0
1776927900000,0.4832,0.4833,0.4831,0.4831,347914537.5,1776928199999,168110293.4313700,2525,251382923.5,121468648.9836800,0
1776928200000,0.4831,0.4831,0.4809,0.481,404148827.0,1776928499999,194619912.4852800,2863,310504684.8,149465960.9376000,0
1776928500000,0.4809,0.481,0.4808,0.4809,373459238.0,1776928799999,179600331.2713900,2610,307070207.7,147673534.5953300,0
1776928800000,0.4809,0.4809,0.4807,0.4808,305870369.4,1776929099999,147065837.1783400,2279,231979861.7,111538671.3550900,0
1776929100000,0.4807,0.4808,0.4806,0.4807,415624975.4,1776929399999,199801014.9417200,2858,339392405.0,163155622.6468700,0
1776929400000,0.4807,0.4807,0.4782,0.4783,430734118.9,1776929699999,206999691.5639600,3131,306925613.8,147511885.4069900,0
1776929700000,0.4782,0.4783,0.4763,0.477,394677019.8,1776929999999,188328479.8766200,3250,135050645.2,64439034.9513700,0
1776930000000,0.4769,0.477,0.474,0.474,386031949.1,1776930299999,183263904.5535700,3016,192674470.4,91397882.9887600,0
1776930300000,0.474,0.4741,0.4737,0.4737,405095763.4,1776930599999,191974737.2831100,2888,278921638.0,132181587.0391300,0
1776930600000,0.4737,0.4738,0.4736,0.4737,377169018.0,1776930899999,178681214.7228700,2646,289927028.8,137352614.4470700,0
1776930900000,0.4736,0.4737,0.4734,0.4735,398421231.7,1776931199999,188706720.2661700,2862,275460085.6,130474509.4034200,0
1776931200000,0.4735,0.4824,0.4735,0.4823,350445050.5,1776931499999,168740724.9152500,2460,288298262.3,138766734.1301300,0
1776931500000,0.4823,0.4823,0.4821,0.4821,334367251.5,1776931799999,161246387.1016200,2369,260807558.7,125774786.9553700,0
1776931800000,0.4822,0.4822,0.482,0.4821,375678993.9,1776932099999,181133427.2322400,2524,298500646.2,143923514.1574400,0
1776932100000,0.4821,0.4821,0.4819,0.482,356401755.1,1776932399999,171806094.2574200,2453,279265901.9,134623603.9461400,0
1776932400000,0.482,0.482,0.4818,0.4819,337525159.7,1776932699999,162675736.1349900,2362,260099493.0,125361325.9034000,0
1776932700000,0.4819,0.4819,0.4817,0.4817,273091077.0,1776932999999,131596829.2528200,2025,207595151.6,100038887.9756400,0
1776933000000,0.4818,0.4818,0.4817,0.4817,153945361.0,1776933299999,74169640.1445500,1281,128094454.2,61715908.0335600,0
1776933300000,0.4817,0.4817,0.4816,0.4816,183940277.6,1776933599999,88601500.1975000,1520,141702530.7,68258109.0381900,0
1776933600000,0.4816,0.4816,0.4815,0.4815,222141504.9,1776933899999,106982082.9866100,1660,172149167.6,82907039.1161600,0
1776933900000,0.4815,0.4845,0.4815,0.4844,299145264.3,1776934199999,144825463.1997900,2063,255701444.0,123797813.7969300,0
1776934200000,0.4844,0.4844,0.4843,0.4844,379127531.1,1776934499999,183649375.6752000,2474,316661325.7,153390746.1690800,0
1776934500000,0.4843,0.4844,0.4842,0.4843,361623970.3,1776934799999,175134816.0284300,2481,277357258.1,134324335.2354200,0
1776934800000,0.4842,0.489,0.4841,0.489,374976153.0,1776935099999,181769656.9470600,2573,290770300.2,140974558.9860900,0
1776935100000,0.489,0.489,0.4888,0.4888,284218504.2,1776935399999,138959155.3450100,2108,222476930.4,108772906.7589300,0
1776935400000,0.4888,0.4889,0.4887,0.4888,300628828.0,1776935699999,146953521.2776100,2181,242305552.9,118444342.3570500,0
1776935700000,0.4887,0.4888,0.4886,0.4886,249452779.5,1776935999999,121918730.0414700,1936,199563417.2,97537569.7831800,0
1776936000000,0.4887,0.4887,0.4885,0.4885,342367070.5,1776936299999,167292695.4917100,2424,260919251.4,127495603.0695100,0
1776936300000,0.4886,0.4886,0.4884,0.4885,384314241.1,1776936599999,187753791.0611900,2648,301197211.6,147149305.6199500,0
1776936600000,0.4885,0.4885,0.4883,0.4884,365679350.0,1776936899999,178615511.9339000,2547,284411554.0,138921841.0156800,0
1776936900000,0.4883,0.4884,0.4882,0.4882,405641985.0,1776937199999,198097893.1703500,2754,320638148.4,156587821.7807500,0
1776937200000,0.4882,0.4883,0.4881,0.4881,364455852.2,1776937499999,177950824.5157500,2550,281814094.5,137601858.3217600,0
1776937500000,0.4882,0.4882,0.488,0.488,342569498.2,1776937799999,167228753.0346300,2486,244388106.7,119304231.9191100,0
1776937800000,0.4881,0.4881,0.4879,0.4879,378887136.7,1776938099999,184927316.0068500,2610,323107936.7,157705708.6290800,0
1776938100000,0.488,0.488,0.4878,0.4879,393420870.7,1776938399999,191981170.9502100,2705,324411788.5,158309159.2858800,0
1776938400000,0.4879,0.4879,0.4877,0.4878,357473560.5,1776938699999,174407553.2148400,2572,271297278.8,132365806.9079900,0
1776938700000,0.4878,0.4878,0.4877,0.4877,335366187.3,1776938999999,163589094.7187400,2351,274705100.2,134001147.8775600,0
1776939000000,0.4877,0.4877,0.4876,0.4877,345694682.3,1776939299999,168595296.1684700,2321,292017040.0,142416710.4080000,0
1776939300000,0.4877,0.4877,0.4826,0.4827,393694495.6,1776939599999,190867067.5904900,2876,273018249.5,132172883.7471500,0
1776939600000,0.4827,0.4827,0.4825,0.4826,382659478.4,1776939899999,184675993.2549900,2690,300926320.9,145230971.0059000,0
1776939900000,0.4825,0.4826,0.4824,0.4825,396456809.4,1776940199999,191299682.9630900,2756,308029410.4,148632758.7633500,0
1776940200000,0.4825,0.4825,0.4823,0.4824,394218864.6,1776940499999,190182780.2067900,2744,310384120.2,149739538.0524600,0
1776940500000,0.4823,0.4824,0.4822,0.4822,382660132.6,1776940799999,184569436.8694100,2711,284746426.0,137345490.1175500,0
1776940800000,0.4822,0.4822,0.4789,0.4812,388987908.0,1776941099999,186617876.0210800,3270,180220168.7,86413220.6453500,0
1776941100000,0.4812,0.4812,0.4793,0.4793,396832537.4,1776941399999,190785269.6364600,2901,274773699.2,132136437.7711200,0
1776941400000,0.4793,0.4793,0.4792,0.4792,400642795.8,1776941699999,192027458.7662300,2723,342277866.1,164053781.2217300,0
1776941700000,0.4792,0.4792,0.4791,0.4791,401926430.6,1776941999999,192603099.8828200,2763,325635164.1,156044370.6367200,0
1776942000000,0.4792,0.4792,0.479,0.4791,391987378.8,1776942299999,187803683.8065900,2729,301990165.6,144685542.9296200,0
1776942300000,0.4791,0.4791,0.4789,0.479,379332940.6,1776942599999,181706140.1935900,2621,293175101.8,140435838.2865000,0
1776942600000,0.479,0.479,0.4788,0.4788,369095694.0,1776942899999,176768153.4105800,2561,282602981.9,135345624.1173900,0
1776942900000,0.4789,0.4789,0.4787,0.4788,298039535.7,1776943199999,142710239.4745300,2173,241300038.6,115542825.9831400,0
1776943200000,0.4788,0.4788,0.4786,0.4786,341366653.9,1776943499999,163423606.6814300,2457,269524945.7,129031750.0780600,0
1776943500000,0.4787,0.4787,0.4785,0.4786,283106450.4,1776943799999,135508502.2751300,2210,212223583.6,101582154.2671400,0
1776943800000,0.4786,0.4786,0.4784,0.4784,334123208.9,1776944099999,159896400.1637300,2349,269620665.5,129030014.0337000,0
1776944100000,0.4785,0.4785,0.4783,0.4783,399783426.9,1776944399999,191281281.2882700,2726,310471544.8,148551092.7697700,0
1776944400000,0.4784,0.4784,0.4782,0.4783,416279976.9,1776944699999,199136318.0063000,2833,326088129.0,155993633.2819800,0
1776944700000,0.4783,0.4783,0.4781,0.4782,397091285.0,1776944999999,189919282.1955300,2744,303697205.5,145253753.1041200,0
1776945000000,0.4782,0.4782,0.478,0.4781,417624731.2,1776945299999,199703083.8974100,2828,341690839.5,163395444.4896100,0
1776945300000,0.4781,0.4781,0.478,0.478,396438513.2,1776945599999,189537252.6687400,2560,350786938.1,167711235.1056100,0
1776945600000,0.478,0.478,0.4779,0.478,329045150.1,1776945899999,157283581.3956700,2387,260856974.2,124689633.6676000,0
1776945900000,0.478,0.4834,0.4778,0.4834,481148716.0,1776946199999,231307611.1918900,3250,406275450.8,195433940.4959100,0
1776946200000,0.4834,0.4834,0.4832,0.4832,378989792.7,1776946499999,183175125.1317100,2673,292709290.2,141474663.7380900,0
1776946500000,0.4832,0.4875,0.4831,0.486,388997155.6,1776946799999,188474357.8098700,2950,277748888.1,134547618.6632500,0
1776946800000,0.486,0.486,0.4859,0.4859,385190110.7,1776947099999,187201760.6292600,2542,325360502.6,158125204.2636000,0
1776947100000,0.4859,0.4859,0.4834,0.4835,328455350.9,1776947399999,159298952.0312300,2642,181213908.9,87876372.7249500,0
1776947400000,0.4835,0.4835,0.4833,0.4833,344852440.0,1776947699999,166728982.7290700,2500,271487455.1,131261401.0145900,0
1776947700000,0.4834,0.4834,0.4814,0.4815,372818396.7,1776947999999,179972206.4855000,2810,277766651.0,134084110.4394900,0
1776948000000,0.4815,0.4815,0.4814,0.4814,370766058.2,1776948299999,178521958.3345800,2477,306303159.4,147484971.2511000,0
1776948300000,0.4814,0.4822,0.4813,0.4822,397421221.7,1776948599999,191403655.1462800,2696,328053860.9,157999268.6723000,0
1776948600000,0.4822,0.4832,0.4821,0.4831,376428765.4,1776948899999,181676928.3343000,2583,303701711.1,146590393.6552800,0
1776948900000,0.4832,0.4832,0.483,0.4831,354676094.0,1776949199999,171348282.7621400,2480,279763256.6,135157386.3369800,0
1776949200000,0.483,0.4831,0.4829,0.483,377332044.9,1776949499999,182258970.5051500,2636,294442131.1,142222193.7487000,0
1776949500000,0.483,0.4847,0.4828,0.4847,456483527.7,1776949799999,220899585.4309700,3064,375824698.7,181887376.3454300,0
1776949800000,0.4847,0.4847,0.4845,0.4846,401332066.0,1776950099999,194497841.3474400,2785,317576028.6,153907946.4488900,0
1776950100000,0.4846,0.4846,0.4809,0.481,359818783.4,1776950399999,173772993.1709800,2742,228459177.0,110367920.3139600,0
1776950400000,0.481,0.481,0.4808,0.4809,336163584.4,1776950699999,161681714.1054100,2483,273121043.8,131362982.1900100,0
1776950700000,0.4809,0.4809,0.4801,0.4802,342269995.5,1776950999999,164438870.1228000,2495,278541751.2,133808280.2499100,0
1776951000000,0.4802,0.4802,0.48,0.4801,337259540.4,1776951299999,161930516.8765300,2409,267387591.5,128383960.1170300,0
1776951300000,0.4801,0.4801,0.4799,0.48,239217631.4,1776951599999,114832788.8121700,1841,187808687.4,90155464.7483300,0
1776951600000,0.4799,0.48,0.4798,0.4799,259974344.3,1776951899999,124774275.5844600,2035,221665195.5,106389480.7177800,0
1776951900000,0.4798,0.4799,0.4797,0.4797,221941123.4,1776952199999,106499351.4787400,1786,162657542.4,78055089.3451700,0
1776952200000,0.4797,0.4798,0.4796,0.4796,167555275.3,1776952499999,80383156.8696000,1428,143851884.5,69012473.0682700,0
1776952500000,0.4796,0.4797,0.4795,0.4795,211107765.5,1776952799999,101263816.0762900,1743,169739501.2,81424038.7256400,0
1776952800000,0.4795,0.4795,0.4767,0.4768,277945763.5,1776953099999,132532237.7559000,1940,242019485.6,115402318.0274900,0
1776953100000,0.4768,0.4768,0.4766,0.4766,262874880.4,1776953399999,125325055.6065100,2030,214037771.2,102044405.8081300,0
1776953400000,0.4767,0.4772,0.4765,0.477,316532556.8,1776953699999,150931137.1618800,2342,234235421.6,111688639.0105400,0
1776953700000,0.4771,0.4771,0.4769,0.4769,187997189.7,1776953999999,89689090.8668000,1607,149548428.3,71348655.1407900,0
1776954000000,0.477,0.477,0.4769,0.4769,139886970.9,1776954299999,66724813.1240400,1200,122953699.0,58648914.4230000,0
1776954300000,0.4769,0.4769,0.4768,0.4768,271955095.8,1776954599999,129695384.6619200,1943,253898980.5,121084423.8004500,0
1776954600000,0.4769,0.4769,0.4767,0.4767,278718474.5,1776954899999,132893168.2251200,2019,235603056.5,112335737.3455100,0
1776954900000,0.4768,0.4768,0.4766,0.4767,281936453.7,1776955199999,134401707.1263900,2021,241811420.7,115274104.2540000,0
1776955200000,0.4767,0.4767,0.4765,0.4766,272760324.8,1776955499999,130002370.4440700,2024,228642392.6,108975764.3194700,0
1776955500000,0.4766,0.4766,0.4764,0.4765,224266052.2,1776955799999,106869696.7437700,1735,180784562.5,86150554.7101300,0
1776955800000,0.4764,0.4765,0.4763,0.4764,252855123.7,1776956099999,120469121.9017700,1957,208202714.9,99196324.2538600,0
1776956100000,0.4764,0.4764,0.4762,0.4762,272098252.5,1776956399999,129611062.9635500,1975,226355681.0,107823741.8853300,0
1776956400000,0.4762,0.4763,0.4761,0.4762,161737291.7,1776956699999,77028372.7753800,1398,121337088.5,57789509.1445900,0
1776956700000,0.4762,0.4762,0.476,0.476,199608712.3,1776956999999,95044238.9644900,1619,152289629.4,72515081.9099900,0
1776957000000,0.4761,0.4761,0.4759,0.476,163134176.4,1776957299999,77665016.4070200,1400,129746470.7,61772168.4675300,0
1776957300000,0.476,0.476,0.4758,0.4759,290390744.3,1776957599999,138217700.6383200,2053,237641051.0,113113827.8666600,0
1776957600000,0.4759,0.4759,0.4757,0.4758,295763799.5,1776957899999,140747507.0991500,2136,251550963.0,119710839.5199300,0
1776957900000,0.4757,0.4758,0.4757,0.4757,275404611.7,1776958199999,131034349.9977400,1920,240220879.5,114297094.4661000,0
1776958200000,0.4757,0.4757,0.4756,0.4756,300970662.2,1776958499999,143169212.5137900,2100,262000252.8,124633520.2569600,0
1776958500000,0.4756,0.4767,0.4755,0.4765,232278667.9,1776958799999,110572167.6219300,1815,202438503.3,96373624.7173100,0
1776958800000,0.4766,0.4766,0.4764,0.4764,224149931.2,1776959099999,106815727.5092800,1573,180643425.0,86084589.0202000,0
1776959100000,0.4764,0.4765,0.4763,0.4763,429511023.3,1776959399999,204646702.2867400,2887,360487991.0,171763212.6784100,0
1776959400000,0.4764,0.4764,0.4762,0.4763,407521885.6,1776959699999,194132934.1028500,2829,328504643.3,156493923.2436900,0
1776959700000,0.4763,0.4763,0.4761,0.4761,415421937.8,1776959999999,197856097.4155900,2869,320497696.1,152648878.3500300,0
1776960000000,0.4762,0.4876,0.4761,0.4874,457165371.4,1776960299999,222235137.6154400,3195,384918947.8,187012512.0878500,0
1776960300000,0.4875,0.4875,0.4873,0.4873,414642830.8,1776960599999,202131451.8727800,2840,323781941.7,157841221.6418800,0
1776960600000,0.4874,0.4874,0.4873,0.4873,411422093.7,1776960899999,200522698.6997400,2795,324979761.5,158395135.7551000,0
1776960900000,0.4873,0.4873,0.4872,0.4872,404970347.0,1776961199999,197340151.3210400,2704,331680618.3,161627965.2975900,0
1776961200000,0.4872,0.4872,0.4871,0.4872,388096699.0,1776961499999,189080711.3366000,2628,320084105.4,155944976.1508800,0
1776961500000,0.4872,0.4872,0.487,0.487,393684534.4,1776961799999,191765171.5302500,2727,311432105.0,151699817.0563600,0
1776961800000,0.4871,0.4871,0.4869,0.4869,327163256.2,1776962099999,159331481.6532800,2340,246633548.9,120112977.2777500,0
1776962100000,0.487,0.487,0.4868,0.4869,272093799.4,1776962399999,132486267.2947900,2000,211868674.5,103162037.2678900,0
1776962400000,0.4869,0.4869,0.4867,0.4868,369800756.5,1776962699999,180028279.0316500,2603,283565707.2,138047675.1126500,0
1776962700000,0.4867,0.4868,0.4866,0.4867,324085754.9,1776962999999,157744671.5186800,2389,256086637.0,124648045.1618800,0
1776963000000,0.4867,0.4867,0.4833,0.4834,331217919.6,1776963299999,161173217.1119100,2550,228171492.3,111036443.2094900,0
1776963300000,0.4834,0.4834,0.4832,0.4833,295922196.5,1776963599999,143031192.2968800,2206,237790009.3,114934580.2887800,0
1776963600000,0.4833,0.4833,0.482,0.4821,272663668.6,1776963899999,131613399.1195100,2321,162328712.6,78365742.2346000,0
1776963900000,0.482,0.4821,0.482,0.482,348651358.5,1776964199999,168082921.2413900,2333,291034957.3,140307952.9143300,0
1776964200000,0.482,0.482,0.4819,0.482,359472695.9,1776964499999,173265839.1125800,2405,281054908.6,135468465.9452000,0
1776964500000,0.4819,0.4829,0.4818,0.4828,346693465.6,1776964799999,167254590.8143700,2564,223094506.9,107633501.5372600,0
1776964800000,0.4828,0.4828,0.4813,0.4813,351348579.5,1776965099999,169271230.6601800,2583,235751846.3,113558559.1757600,0
1776965100000,0.4813,0.4813,0.4812,0.4812,355750796.0,1776965399999,171222224.9724100,2372,298190485.3,143519080.5748900,0
1776965400000,0.4812,0.4812,0.4809,0.4809,355145408.7,1776965699999,170849560.4478600,2697,216450020.6,104125959.0076200,0
1776965700000,0.4809,0.4815,0.4808,0.4813,384863457.6,1776965999999,185227495.0621600,2690,300072369.5,144426191.1907900,0
1776966000000,0.4813,0.4813,0.4779,0.4798,329167752.1,1776966299999,157931917.7950800,2412,231543279.5,111062815.9919000,0
1776966300000,0.4798,0.4798,0.4796,0.4797,346817367.1,1776966599999,166386520.5787300,2439,237848300.8,114111561.6746800,0
1776966600000,0.4797,0.4797,0.4795,0.4795,352269067.7,1776966899999,168967860.2916400,2443,277469327.3,133091200.0690600,0
1776966900000,0.4795,0.4829,0.4795,0.4818,299830642.8,1776967199999,144585450.3976600,2192,236635150.4,114090397.1852900,0
1776967200000,0.4819,0.4819,0.4817,0.4818,382713676.1,1776967499999,184395671.2435200,2620,290960571.1,140188237.8981900,0
1776967500000,0.4817,0.4818,0.4816,0.4816,390862424.8,1776967799999,188286543.2123700,2660,306873754.4,147827951.7727200,0
1776967800000,0.4817,0.4817,0.4815,0.4816,371331449.6,1776968099999,178844415.5603100,2557,288782148.5,139087069.8283700,0
1776968100000,0.4816,0.4816,0.4814,0.4814,303075750.5,1776968399999,145943095.9222100,2280,237213651.3,114229038.6184900,0
1776968400000,0.4814,0.4815,0.4813,0.4814,320779825.9,1776968699999,154437501.1404300,2281,257758492.0,124097857.1671800,0
1776968700000,0.4813,0.4814,0.4812,0.4812,327354544.7,1776968999999,157572039.1617300,2446,250759749.3,120704628.1606300,0
1776969000000,0.4813,0.4813,0.4811,0.4812,390076333.9,1776969299999,187727919.9379200,2704,308450671.9,148446864.5841900,0
1776969300000,0.4812,0.4812,0.481,0.4811,396111159.1,1776969599999,190596666.8015100,2743,311777017.0,150019989.9020800,0
1776969600000,0.4811,0.4845,0.481,0.4844,417731705.9,1776969899999,201902610.3382200,2867,335015359.9,161888750.9068200,0
1776969900000,0.4844,0.4844,0.4842,0.4842,382585371.0,1776970199999,185319311.5241100,2666,301707610.3,146146146.0819200,0
1776970200000,0.4843,0.4843,0.4842,0.4842,383937327.3,1776970499999,185937683.3986100,2671,303762249.2,147112057.2875600,0
1776970500000,0.4842,0.4843,0.4841,0.4841,407288040.6,1776970799999,197208236.8552000,2699,346595584.2,167821582.9089500,0
1776970800000,0.4841,0.4841,0.484,0.484,392120253.8,1776971099999,189825414.5086500,2644,310711949.2,150415654.6077200,0
1776971100000,0.4841,0.4841,0.4802,0.4802,381535098.1,1776971399999,184133638.5321600,2817,238561135.0,115067791.7235400,0
1776971400000,0.4802,0.4802,0.4801,0.4802,385986899.3,1776971699999,185350908.6763600,2607,306394931.6,147130846.1543200,0
1776971700000,0.4802,0.4802,0.48,0.4801,286993986.8,1776971999999,137786445.5379300,2157,217630418.1,104484894.0028100,0
1776972000000,0.4801,0.4801,0.4799,0.48,323383764.7,1776972299999,155227558.1609200,2323,240549458.4,115466578.9955300,0
1776972300000,0.48,0.48,0.4782,0.4782,311166811.8,1776972599999,148890181.0631200,2463,205247084.2,98175455.9408100,0
1776972600000,0.4783,0.4783,0.4781,0.4782,389783384.8,1776972899999,186406816.4286900,2677,302635283.4,144731055.8101800,0
1776972900000,0.4782,0.4782,0.478,0.4781,385659535.1,1776973199999,184399409.7583400,2685,293006740.3,140099807.1727400,0
1776973200000,0.478,0.4781,0.4771,0.4772,304401336.8,1776973499999,145376597.6184600,2263,224868720.8,107376854.6228800,0
1776973500000,0.4772,0.4772,0.477,0.4771,323835081.8,1776973799999,154502982.6540200,2346,275933114.3,131648891.5620700,0
1776973800000,0.4771,0.4771,0.4769,0.477,421641825.3,1776974099999,201129246.7781000,2826,359229387.3,171358199.1342600,0
1776974100000,0.477,0.477,0.4768,0.4768,426058987.0,1776974399999,203197621.8956000,2875,353457708.3,168572804.1893400,0
1776974400000,0.4769,0.4769,0.4767,0.4768,389659044.6,1776974699999,185803087.3795700,2661,300323080.4,143206262.6175200,0
1776974700000,0.4768,0.4768,0.4766,0.4767,366711221.5,1776974999999,174826395.9953600,2560,289162919.2,137857454.1739400,0
1776975000000,0.4767,0.4767,0.4765,0.4766,385580909.4,1776975299999,183787356.3663800,2662,303439177.1,144636387.0167600,0
1776975300000,0.4766,0.4766,0.4764,0.4765,382989057.2,1776975599999,182515486.9562400,2665,306267486.0,145955191.3447300,0
1776975600000,0.4765,0.4765,0.4763,0.4763,373766623.2,1776975899999,178088184.3848400,2612,269793706.2,128551406.2809100,0
1776975900000,0.4763,0.4764,0.4762,0.4763,397173122.3,1776976199999,189203150.8396300,2723,313821013.8,149498720.1383600,0
1776976200000,0.4763,0.4763,0.4761,0.4762,374007060.2,1776976499999,178133667.5376000,2586,294870367.5,140444532.4600700,0
1776976500000,0.4761,0.4762,0.4761,0.4761,351021371.2,1776976799999,167153212.7888500,2483,278255963.0,132505489.5806000,0
1776976800000,0.4761,0.4761,0.476,0.476,322056507.1,1776977099999,153330469.8529600,2151,272352789.5,129667163.0809500,0
1776977100000,0.476,0.476,0.4759,0.476,321389026.8,1776977399999,152981176.4336700,2355,253323911.7,120582181.9692000,0
1776977400000,0.476,0.476,0.4758,0.4758,421296911.4,1776977699999,200498596.2646100,2887,340825319.6,162201731.6361900,0
1776977700000,0.4759,0.4759,0.4757,0.4758,429174893.4,1776977999999,204208461.7288400,2933,342839619.6,163129412.3573000,0
1776978000000,0.4757,0.4758,0.4738,0.4739,400631058.8,1776978299999,190110827.8021100,2826,308216182.1,146230089.8932400,0
1776978300000,0.4739,0.4739,0.4737,0.4738,273373691.2,1776978599999,129537691.2848400,2076,209583548.4,99312725.1919100,0
1776978600000,0.4737,0.4738,0.4736,0.4737,380880383.4,1776978899999,180439776.7309700,2650,295916078.0,140190296.5423500,0
1776978900000,0.4737,0.4737,0.4735,0.4736,386414091.4,1776979199999,183026127.3532000,2703,303003674.2,143519894.4750000,0
1776979200000,0.4736,0.4736,0.4734,0.4735,391788674.0,1776979499999,185536717.1057900,2697,301966687.1,143002309.7500300,0
1776979500000,0.4735,0.4735,0.4733,0.4734,395748848.1,1776979799999,187375056.6678900,2705,309856324.8,146709567.0570400,0
1776979800000,0.4734,0.4745,0.4733,0.4743,390722687.8,1776980099999,185311165.2036300,2702,302030356.4,143240949.4225100,0
1776980100000,0.4743,0.4759,0.4742,0.4759,374659701.5,1776980399999,177716977.2670600,2626,293233531.3,139094466.6720500,0
1776980400000,0.4759,0.4769,0.4759,0.4768,420272652.9,1776980699999,200413759.6734500,2902,340179353.4,162220429.3473500,0
1776980700000,0.4768,0.4768,0.4767,0.4767,393038862.0,1776980999999,187400928.8374700,2617,341380303.9,162770128.8995200,0
1776981000000,0.4767,0.4767,0.4766,0.4767,415763975.6,1776981299999,198194686.7644600,2824,324281358.6,154584923.6446200,0
1776981300000,0.4766,0.4767,0.4765,0.4766,395160459.3,1776981599999,188336310.5384800,2687,306781577.3,146214601.4782900,0
1776981600000,0.4765,0.4766,0.4763,0.4764,348897241.8,1776981899999,166245359.1475600,2613,239819269.2,114273046.0384400,0
1776981900000,0.4763,0.4764,0.4762,0.4763,401093823.3,1776982199999,191048180.7441700,2729,323889198.7,154275040.2376400,0
1776982200000,0.4763,0.4763,0.4761,0.4762,398643347.2,1776982499999,189843453.0336500,2804,295030493.8,140501632.8316500,0
1776982500000,0.4762,0.4762,0.476,0.4761,384783682.1,1776982799999,183208465.9929900,2704,296486310.4,141168260.6801000,0
1776982800000,0.476,0.4761,0.4759,0.476,373813715.4,1776983099999,177950662.6868700,2665,294498994.2,140194912.5642500,0
1776983100000,0.476,0.476,0.4758,0.4758,320728513.2,1776983399999,152652451.0215900,2321,248724791.4,118383262.7337600,0
1776983400000,0.4758,0.4759,0.4757,0.4757,327712165.5,1776983699999,155941467.0348100,2336,261657580.0,124510705.1272300,0
1776983700000,0.4758,0.4761,0.4756,0.4761,390364623.2,1776983999999,185741466.0109300,2747,320748276.2,152620313.4028700,0
1776984000000,0.476,0.4761,0.476,0.476,403282533.1,1776984299999,192000915.1949000,2722,342578477.7,163101613.2329700,0
1776984300000,0.476,0.476,0.4759,0.476,403648826.4,1776984599999,192136840.2359200,2697,341711299.1,162654578.3716000,0
1776984600000,0.4759,0.476,0.4758,0.4758,373612831.1,1776984899999,177803611.1141800,2602,293536283.2,139694982.6858700,0
1776984900000,0.4758,0.4759,0.4757,0.4757,406642327.0,1776985199999,193485348.0804300,2796,325085999.3,154680478.0207400,0
1776985200000,0.4758,0.4758,0.4756,0.4757,413052280.6,1776985499999,196496261.5725600,2815,336382641.6,160023586.3892200,0
1776985500000,0.4756,0.4757,0.4755,0.4756,435987195.1,1776985799999,207367457.5571600,2926,358405351.2,170468690.4985900,0
1776985800000,0.4756,0.4756,0.4754,0.4754,406315967.6,1776986099999,193218150.5404700,2764,325221260.1,154655784.6317900,0
1776986100000,0.4754,0.4755,0.4753,0.4753,367672103.2,1776986399999,174807524.2071200,2601,284884978.7,135448186.6346400,0
1776986400000,0.4753,0.4754,0.4752,0.4752,313413379.0,1776986699999,148980752.1325200,2263,254049929.9,120764029.4641600,0
1776986700000,0.4752,0.4753,0.4751,0.4752,370467178.8,1776986999999,176067082.5819100,2560,299823515.2,142495171.8406100,0
1776987000000,0.4751,0.4757,0.4751,0.4756,410200699.4,1776987299999,195049080.8378700,2815,347114247.9,165049431.9445700,0
1776987300000,0.4756,0.4756,0.4755,0.4756,325722254.7,1776987599999,154913503.9808500,2204,270930203.9,128854404.9748400,0
1776987600000,0.4756,0.4756,0.4754,0.4754,295107152.8,1776987899999,140323750.8326900,2121,238467925.9,113391698.7654500,0
1776987900000,0.4754,0.4755,0.4753,0.4754,401871787.7,1776988199999,191054906.1118200,2741,319720884.8,152000269.6780000,0
1776988200000,0.4753,0.4754,0.4752,0.4753,389413910.7,1776988499999,185095089.3152500,2706,296881315.1,141113387.0901800,0
1776988500000,0.4753,0.4753,0.4751,0.4752,424501810.4,1776988799999,201733771.7031200,2910,346718966.5,164769996.0642700,0
1776988800000,0.4752,0.4841,0.4752,0.484,445129204.1,1776989099999,214952349.0350600,2991,368204502.2,177719723.2464900,0
1776989100000,0.484,0.484,0.4838,0.4839,394128374.7,1776989399999,190739568.6093600,2721,310428995.5,150234959.4320000,0
1776989400000,0.4838,0.4839,0.4837,0.4837,405862771.0,1776989699999,196380140.8548300,2751,314643128.6,152244857.0656000,0
1776989700000,0.4838,0.4838,0.4836,0.4837,394823151.2,1776989999999,191002172.4450000,2708,316213596.6,152975418.4258300,0
1776990000000,0.4836,0.4837,0.4835,0.4835,382862672.7,1776990299999,185181615.6969500,2658,288038051.5,139320236.7155700,0
1776990300000,0.4836,0.4836,0.4834,0.4835,402084891.0,1776990599999,194439582.6916300,2789,317360238.3,153470361.6104400,0
1776990600000,0.4834,0.4835,0.4834,0.4834,399672939.3,1776990899999,193238066.0863300,2731,310345251.8,150051929.2453000,0
1776990900000,0.4834,0.4834,0.4833,0.4833,322835566.9,1776991199999,156058712.6534000,2223,278750493.4,134747988.5095600,0
1776991200000,0.4833,0.4833,0.4832,0.4833,242477782.3,1776991499999,117189511.9210400,1978,194444314.5,93974937.1978500,0
1776991500000,0.4833,0.4833,0.4831,0.4832,302410700.7,1776991799999,146126418.2826600,2238,231671595.0,111945078.7262600,0
1776991800000,0.4832,0.4832,0.483,0.4831,322229917.6,1776992099999,155669277.9346200,2317,248846456.6,120217723.1834600,0
1776992100000,0.4831,0.4831,0.4829,0.483,373862920.2,1776992399999,180583536.4302100,2613,281986229.0,136205942.4182200,0
1776992400000,0.483,0.483,0.4828,0.4829,204611997.9,1776992699999,98815559.5179800,1686,150037270.4,72460331.6291900,0
1776992700000,0.4829,0.4829,0.4827,0.4828,246780249.1,1776992999999,119155095.5357900,1949,195110520.8,94208033.6506900,0
1776993000000,0.4828,0.4828,0.4826,0.4827,398766233.7,1776993299999,192501545.2780800,2754,306421551.1,147924360.1551000,0
1776993300000,0.4827,0.4827,0.4825,0.4825,401535624.1,1776993599999,193801727.8788600,2766,317504778.9,153245793.1582900,0
1776993600000,0.4825,0.4826,0.4824,0.4824,389649417.4,1776993899999,188030075.1833100,2682,306494523.1,147905053.8359900,0
1776993900000,0.4825,0.4825,0.4823,0.4824,385297027.3,1776994199999,185893016.5769400,2650,292786803.9,141262352.0134700,0
1776994200000,0.4823,0.4824,0.4822,0.4823,370569878.7,1776994499999,178754050.4254900,2562,282581133.6,136313273.8271200,0
1776994500000,0.4823,0.4823,0.4821,0.4822,402438556.9,1776994799999,194088787.9466300,2760,313859548.3,151371660.3414300,0
1776994800000,0.4821,0.4822,0.4821,0.4821,382190616.0,1776995099999,184288518.0355700,2658,297526459.0,143467258.5298000,0
1776995100000,0.4821,0.4821,0.482,0.482,412041564.3,1776995399999,198644617.3331400,2692,358102136.3,172641039.9102300,0
1776995400000,0.482,0.482,0.4819,0.482,386036534.5,1776995699999,186069609.2220800,2656,302688408.0,145895812.6560000,0
1776995700000,0.482,0.482,0.4818,0.4819,360299556.6,1776995999999,173630749.3147100,2538,275589296.9,132808480.4468900,0
1776996000000,0.4818,0.4819,0.4817,0.4818,317384102.5,1776996299999,152919556.8215500,2311,249518924.0,120221689.2966700,0
1776996300000,0.4818,0.4818,0.4816,0.4816,341818117.0,1776996599999,164660759.4417900,2405,270966612.7,130530675.1740600,0
1776996600000,0.4817,0.4817,0.4815,0.4816,320418075.5,1776996899999,154320372.5077200,2308,254947509.7,122788768.3202800,0
1776996900000,0.4815,0.4816,0.4814,0.4815,379214858.9,1776997199999,182606804.1127200,2613,315486894.4,151920496.9971800,0
1776997200000,0.4815,0.4815,0.4813,0.4814,312728662.6,1776997499999,150563396.9435500,2295,250642195.9,120672966.8076700,0
1776997500000,0.4814,0.4814,0.4812,0.4813,288745382.8,1776997799999,138987506.0128000,2127,236173741.6,113683584.1128100,0
1776997800000,0.4812,0.4813,0.4811,0.4812,367333141.0,1776998099999,176782258.8153100,2582,292749841.2,140890655.8826400,0
1776998100000,0.4812,0.4812,0.481,0.4811,389986879.0,1776998399999,187649030.4920700,2678,303828584.6,146194759.5800100,0
1776998400000,0.4811,0.4811,0.4809,0.481,408644051.9,1776998699999,196589193.8093900,2795,325248999.2,156472076.0892100,0
1776998700000,0.481,0.481,0.4808,0.4808,381401737.2,1776998999999,183448173.0370100,2664,299462974.8,144039581.3416700,0
1776999000000,0.4809,0.4809,0.4808,0.4808,368128072.8,1776999299999,177029626.0094100,2487,287002929.8,138019708.9408200,0
1776999300000,0.4808,0.4808,0.4807,0.4807,371128309.8,1776999599999,178438490.9551600,2487,311942879.3,149982136.3674400,0
1776999600000,0.4807,0.4807,0.4806,0.4806,369129684.1,1776999899999,177440638.8021300,2652,260086462.3,125023562.4276100,0
1776999900000,0.4806,0.4807,0.4805,0.4806,375438806.6,1777000199999,180438652.1438600,2602,288044516.4,138436695.5756300,0
1777000200000,0.4805,0.4806,0.4804,0.4804,380208224.7,1777000499999,182695434.0156200,2659,298190058.0,143284868.0328600,0
1777000500000,0.4805,0.4805,0.4803,0.4803,373016838.8,1777000799999,179205647.8049100,2595,291540559.3,140063345.3811600,0
1777000800000,0.4803,0.4804,0.4802,0.4803,322835331.6,1777001099999,155068566.4411000,2340,246879582.7,118585454.1628200,0
1777001100000,0.4803,0.4803,0.4801,0.4801,317180579.0,1777001399999,152319910.1902700,2333,250061753.0,120087853.0634600,0
1777001400000,0.4802,0.4802,0.48,0.4801,313241600.8,1777001699999,150403749.1988200,2251,243945570.6,117132578.2818000,0
1777001700000,0.48,0.4801,0.4799,0.48,380331394.9,1777001999999,182579517.6645200,2595,299592175.4,143822175.4719100,0
1777002000000,0.48,0.48,0.4798,0.4799,379783370.9,1777002299999,182281696.8149500,2632,290348814.0,139358233.5879200,0
1777002300000,0.4798,0.4799,0.4797,0.4798,266764358.2,1777002599999,128012754.5995700,2023,193177457.9,92702905.6176500,0
1777002600000,0.4797,0.4798,0.4796,0.4797,342557284.0,1777002899999,164350558.4049600,2435,283922252.9,136222186.8323500,0
1777002900000,0.4797,0.4797,0.4795,0.4796,375483308.1,1777003199999,180113679.3326900,2594,289131507.6,138695041.3157000,0
1777003200000,0.4796,0.4796,0.4795,0.4795,398552427.7,1777003499999,191142592.4113200,2645,339501542.9,162824939.9748400,0
1777003500000,0.4795,0.4838,0.4794,0.4838,465479538.1,1777003799999,224391956.4281800,3071,406794446.2,196141093.2681200,0
1777003800000,0.4838,0.4838,0.4836,0.4836,391996508.6,1777004099999,189627060.9745600,2683,318899081.5,154267694.1797400,0
1777004100000,0.4836,0.4837,0.482,0.4821,383510145.4,1777004399999,185137987.9969600,2762,266177932.7,128484264.8782800,0
1777004400000,0.482,0.4821,0.4819,0.482,381862629.9,1777004699999,184087747.5275500,2623,290929440.2,140253919.7502900,0
1777004700000,0.482,0.482,0.4818,0.4819,398652998.0,1777004999999,192145048.7074000,2716,318313178.1,153425237.5294400,0
1777005000000,0.4819,0.4819,0.4818,0.4818,416421133.3,1777005299999,200670800.1834100,2755,357176454.3,172123333.3271700,0
1777005300000,0.4818,0.4818,0.4817,0.4817,394314313.2,1777005599999,189980635.6322500,2619,331962480.0,159939522.8640000,0
1777005600000,0.4817,0.4817,0.4816,0.4817,234250732.9,1777005899999,112838577.7686200,1992,161577954.8,77832100.8271600,0
1777005900000,0.4817,0.4817,0.4815,0.4816,300678436.7,1777006199999,144808100.2722500,2188,244017632.4,117520037.9177500,0
1777006200000,0.4816,0.4816,0.4814,0.4815,347611566.8,1777006499999,167379531.0890000,2433,291294282.7,140262446.7527100,0
1777006500000,0.4815,0.4815,0.4813,0.4813,331261798.1,1777006799999,159475077.4504100,2371,264995127.4,127573935.2278000,0
1777006800000,0.4813,0.4814,0.4812,0.4813,254219921.3,1777007099999,122365016.8038100,1956,197554694.0,95091319.8884100,0
1777007100000,0.4813,0.4813,0.4811,0.4812,348146180.6,1777007399999,167536167.6285500,2452,279584584.1,134543661.7925600,0
1777007400000,0.4812,0.4812,0.481,0.4811,397314702.7,1777007699999,191165054.9035300,2753,315333604.2,151721878.8760400,0
1777007700000,0.4811,0.4821,0.481,0.482,406235231.0,1777007999999,195705814.6197300,2648,355333056.3,171183675.4226900,0
1777008000000,0.482,0.4821,0.4819,0.482,393850664.8,1777008299999,189840149.3307700,2742,321278572.9,154859735.9206500,0
1777008300000,0.482,0.482,0.4818,0.4819,388783788.1,1777008599999,187361979.8462100,2728,311808185.6,150266745.2964700,0
1777008600000,0.4818,0.4819,0.4817,0.4818,376005127.9,1777008899999,181166930.6025100,2655,295942694.1,142591870.6718600,0
1777008900000,0.4817,0.4818,0.4816,0.4817,384783812.5,1777009199999,185362151.8228800,2717,308295910.4,148516717.2248500,0
1777009200000,0.4816,0.4817,0.4815,0.4816,346897903.4,1777009499999,167081103.8419600,2516,269039892.4,129582963.5534300,0
1777009500000,0.4816,0.4816,0.4799,0.48,311649618.5,1777009799999,149767774.6658800,2426,203790702.2,97919925.8502100,0
1777009800000,0.48,0.48,0.4795,0.4796,392629431.6,1777010099999,188408328.0376700,2693,318783980.1,152970835.6428800,0
1777010100000,0.4795,0.4796,0.4794,0.4795,317383796.0,1777010399999,152208309.4355300,2334,245350527.1,117665819.7063900,0
1777010400000,0.4794,0.4795,0.4793,0.4794,309524398.2,1777010699999,148406711.9414800,2194,242027852.8,116047548.4399900,0
1777010700000,0.4793,0.4794,0.4792,0.4793,379279533.9,1777010999999,181818940.5461000,2631,295576594.7,141695891.9153800,0
1777011000000,0.4793,0.4793,0.4791,0.4792,384588130.4,1777011299999,184328193.8175800,2621,301838987.0,144670240.4023100,0
1777011300000,0.4791,0.4792,0.4791,0.4791,373658895.3,1777011599999,179055443.9571500,2461,303177058.2,145282446.2894400,0
1777011600000,0.4791,0.4791,0.479,0.4791,375006209.6,1777011899999,179665474.6474800,2513,309941727.4,148493081.5973400,0
1777011900000,0.4791,0.4791,0.4789,0.4789,353145044.1,1777012199999,169156688.2133300,2455,275107130.0,131776415.2700000,0
1777012200000,0.479,0.479,0.4788,0.4788,375331823.3,1777012499999,179749906.4127100,2587,279640787.7,133923027.5765900,0
1777012500000,0.4789,0.4789,0.4787,0.4788,376331972.1,1777012799999,180194275.5146200,2619,289853919.5,138788004.5502000,0
1777012800000,0.4788,0.4788,0.4786,0.4786,389987115.9,1777013099999,186691261.4045100,2843,267252056.2,127941240.2056900,0
1777013100000,0.4786,0.4786,0.4773,0.4774,387129071.8,1777013399999,184846597.6414400,2720,294889158.2,140805542.4721200,0
1777013400000,0.4774,0.4774,0.4772,0.4773,374076444.1,1777013699999,178577766.3591800,2632,296995436.4,141782792.0489200,0
1777013700000,0.4773,0.4778,0.4772,0.4778,368297162.2,1777013999999,175822495.0164000,2429,313598591.0,149709588.9545300,0
1777014000000,0.4778,0.4778,0.4776,0.4776,373897591.1,1777014299999,178615997.6474100,2687,269764652.2,128872602.9002400,0
1777014300000,0.4776,0.4776,0.4772,0.4773,358473195.0,1777014599999,171105160.5968100,2577,252129002.4,120342323.1762100,0
1777014600000,0.4773,0.4773,0.4771,0.4771,355021278.1,1777014899999,169420882.9119300,2500,281816988.2,134487083.6471300,0
1777014900000,0.4771,0.4783,0.477,0.4782,301932077.9,1777015199999,144147142.1958000,2237,222774576.1,106368693.3777400,0
1777015200000,0.4782,0.4782,0.4781,0.4781,323889411.8,1777015499999,154882005.6897000,2402,253615889.8,121279118.5023600,0
1777015500000,0.4781,0.4781,0.478,0.478,404969128.6,1777015799999,193615740.0104900,2633,326261164.7,155985462.8430700,0
1777015800000,0.478,0.478,0.4779,0.4779,427064844.5,1777016099999,204136994.8821400,2875,330277669.2,157872725.8776000,0
1777016100000,0.4779,0.478,0.4778,0.4779,408196375.2,1777016399999,195079912.6965800,2751,320660921.9,153246407.6802100,0
1777016400000,0.4779,0.4779,0.4765,0.4766,349697845.2,1777016699999,167044233.9832800,2597,230434505.0,110070338.4764200,0
1777016700000,0.4765,0.4766,0.4764,0.4765,345095408.3,1777016999999,164460448.7466300,2397,264784543.3,126189219.7832800,0
1777017000000,0.4765,0.4765,0.4763,0.4764,366076777.2,1777017299999,174426724.9872500,2542,277630716.2,132287057.3619600,0
1777017300000,0.4764,0.4764,0.4762,0.4763,380331431.0,1777017599999,181184231.2552800,2607,295226149.5,140644169.6294800,0
1777017600000,0.4763,0.4872,0.4762,0.4854,448377915.6,1777017899999,217552671.7515000,3047,379468336.5,184046067.7147000,0
1777017900000,0.4854,0.4868,0.4853,0.4867,345145777.5,1777018199999,167599383.7047500,2466,264149218.0,128273280.6202700,0
1777018200000,0.4868,0.4868,0.4866,0.4867,318507840.7,1777018499999,155032531.7792600,2314,250728074.1,122042077.4978000,0
1777018500000,0.4867,0.4867,0.4865,0.4866,230797582.9,1777018799999,112321589.9809600,1843,176696003.4,85994230.6026300,0
1777018800000,0.4866,0.4866,0.4864,0.4864,356872894.0,1777019099999,173638130.7311200,2520,301760779.4,146824205.6484800,0
1777019100000,0.4864,0.4865,0.4863,0.4863,333366355.4,1777019399999,162170509.0127200,2319,254742684.1,123925649.2948100,0
1777019400000,0.4864,0.4871,0.4863,0.4871,425810476.2,1777019699999,207156991.8106100,2814,345325549.1,168006050.4316200,0
1777019700000,0.487,0.4871,0.4869,0.4869,378430877.0,1777019999999,184306060.8863700,2641,301765884.2,146969126.3106000,0
1777020000000,0.4869,0.487,0.4858,0.4859,397115774.1,1777020299999,193359361.8676200,2863,294177509.6,143244236.8592700,0
1777020300000,0.4859,0.4878,0.4857,0.4877,410890473.7,1777020599999,199689950.4195200,2814,361890301.7,175884135.2171300,0
1777020600000,0.4877,0.4878,0.4876,0.4876,328800275.0,1777020899999,160357593.6166100,2282,304974718.8,148737870.3587600,0
1777020900000,0.4877,0.4877,0.4875,0.4876,356658808.1,1777021199999,173910029.2068400,2507,303582253.7,148029601.6992100,0
1777021200000,0.4876,0.4876,0.4874,0.4875,260201402.2,1777021499999,126853945.3754800,1979,198431761.5,96740471.3327600,0
1777021500000,0.4875,0.4875,0.4873,0.4874,393455371.2,1777021799999,191779753.1095800,2687,326372443.2,159082567.0395400,0
1777021800000,0.4874,0.4874,0.4872,0.4873,416986603.8,1777022099999,203210163.0528200,2808,349516723.9,170330966.8210800,0
1777022100000,0.4873,0.4873,0.4871,0.4872,380803292.9,1777022399999,185542017.4403300,2622,313946605.0,152968001.3526500,0
1777022400000,0.4872,0.4872,0.487,0.4871,325501653.8,1777022699999,158564157.0219700,2247,247487920.8,120561643.4089600,0
1777022700000,0.4871,0.4886,0.4869,0.4886,370340475.2,1777022999999,180454619.0527100,2481,287675247.5,140194340.0917200,0
1777023000000,0.4886,0.4886,0.4884,0.4885,329492775.5,1777023299999,160976571.5169600,2252,249484842.6,121890146.6875200,0
1777023300000,0.4884,0.4897,0.4883,0.4897,378518178.6,1777023599999,184990672.7134900,2563,297625628.2,145470846.3931700,0
1777023600000,0.4897,0.4907,0.4895,0.4907,341692599.0,1777023899999,167399000.5890200,2328,258695777.8,126747697.3120400,0
1777023900000,0.4907,0.4907,0.4905,0.4905,275337355.5,1777024199999,135085568.4671200,1986,209098348.7,102588242.1846700,0
1777024200000,0.4906,0.4906,0.4904,0.4904,310999731.1,1777024499999,152551050.3111000,2121,233982840.3,114773762.0824800,0
1777024500000,0.4905,0.4905,0.4836,0.4837,326057329.1,1777024799999,159435785.7995400,2342,212633598.4,103864404.3693300,0
1777024800000,0.4837,0.4837,0.4824,0.4825,409624231.5,1777025099999,197724342.5669700,2910,276632429.9,133503913.8992800,0
1777025100000,0.4825,0.4834,0.4818,0.4833,397438249.2,1777025399999,191779004.3222900,2825,263050204.2,126967059.9542400,0
1777025400000,0.4834,0.4834,0.4832,0.4832,383231674.5,1777025699999,185227844.3443600,2668,296625296.8,143369047.1575200,0
1777025700000,0.4833,0.4833,0.4831,0.4832,399646230.2,1777025999999,193126242.3372300,2726,321522356.1,155374992.0114300,0
1777026000000,0.4832,0.4832,0.483,0.4831,268010893.4,1777026299999,129491461.1256000,2002,215614655.3,104176436.9207500,0
1777026300000,0.4831,0.4832,0.4829,0.483,383447133.2,1777026599999,185225315.5699700,2707,297211360.8,143570576.0992400,0
1777026600000,0.4829,0.483,0.4828,0.4828,403375412.8,1777026899999,194816190.7055900,2736,312242980.7,150805160.1239100,0
1777026900000,0.4829,0.4829,0.4827,0.4827,387661215.0,1777027199999,187186034.1268500,2719,276840983.4,133681503.7389500,0
1777027200000,0.4827,0.4827,0.4818,0.4819,398438534.7,1777027499999,192029923.5388800,2809,291972860.6,140707789.2064600,0
1777027500000,0.4819,0.4819,0.4817,0.4818,348021560.0,1777027799999,167687677.0520100,2482,259759071.2,125161026.9674000,0
1777027800000,0.4818,0.4818,0.4816,0.4817,355177555.9,1777028099999,171100300.9982100,2500,287421729.3,138461159.9121500,0
1777028100000,0.4816,0.4817,0.4815,0.4816,396341258.0,1777028399999,190896697.2054800,2697,312787271.3,150654780.6551700,0
1777028400000,0.4816,0.4816,0.4814,0.4815,354023809.1,1777028699999,170482046.7126800,2408,264385003.1,127318159.1620400,0
1777028700000,0.4815,0.4815,0.4813,0.4814,272960630.1,1777028999999,131419999.0222800,1995,203998396.5,98218865.3166900,0
1777029000000,0.4814,0.4814,0.4812,0.4813,313980660.4,1777029299999,151141430.9550300,2231,205008545.8,98689921.0563200,0
1777029300000,0.4813,0.4813,0.4811,0.4812,354489946.3,1777029599999,170607550.3835300,2457,266201709.4,128119058.3768500,0
1777029600000,0.4811,0.4812,0.481,0.4811,398490251.1,1777029899999,191746806.3978000,2701,317627524.4,152839905.0086900,0
1777029900000,0.481,0.4811,0.481,0.481,375914349.8,1777030199999,180848596.7755900,2542,289191473.8,139130018.0451800,0
1777030200000,0.481,0.481,0.4809,0.4809,392314904.1,1777030499999,188702303.0136900,2579,326240396.7,156921630.8127000,0
1777030500000,0.4809,0.4809,0.4808,0.4809,423952945.2,1777030799999,203878970.8440200,2749,346051986.4,166416400.2597600,0
1777030800000,0.4809,0.4809,0.4807,0.4808,343616637.6,1777031099999,165213289.7667200,2382,259630361.9,124832294.8772800,0
1777031100000,0.4808,0.4808,0.4806,0.4807,408517294.4,1777031399999,196379480.0093500,2727,320623241.0,154128206.3454800,0
1777031400000,0.4807,0.4807,0.4805,0.4805,396063813.8,1777031699999,190355103.7494600,2681,309262956.3,148637561.9175500,0
1777031700000,0.4806,0.4806,0.4804,0.4804,408769870.2,1777031999999,196425312.4019500,2748,327482257.7,157365169.9146400,0
1777032000000,0.4805,0.4805,0.4803,0.4804,369534837.3,1777032299999,177538076.6846000,2532,279557601.8,134311357.0304900,0
1777032300000,0.4804,0.4804,0.4802,0.4803,378889786.8,1777032599999,181997026.8393100,2601,285139766.2,136966228.2354000,0
1777032600000,0.4803,0.4803,0.4801,0.4802,337038858.5,1777032899999,161863431.8009300,2410,260205279.5,124965880.6893300,0
1777032900000,0.4802,0.4802,0.48,0.48,396164368.4,1777033199999,190220992.4266600,2681,315860076.3,151664740.2746800,0
1777033200000,0.48,0.4801,0.4799,0.4799,399659316.3,1777033499999,191863380.3246700,2730,313572562.3,150538112.8051600,0
1777033500000,0.4799,0.48,0.4798,0.4798,366744052.3,1777033799999,176027153.1875800,2609,295905980.4,142029085.2410600,0
1777033800000,0.4798,0.4799,0.4797,0.4798,343021149.2,1777034099999,164610154.2703500,2398,260670071.2,125094555.5541500,0
1777034100000,0.4798,0.4798,0.4797,0.4797,356348437.5,1777034399999,170971550.6144400,2446,277176576.9,132989321.5966200,0
1777034400000,0.4797,0.4797,0.4796,0.4796,419624628.3,1777034699999,201292035.4613200,2745,355779646.9,170667496.6179300,0
1777034700000,0.4796,0.4836,0.4795,0.4836,433471688.2,1777034999999,208407191.0458600,2849,368440694.5,177185933.7107200,0
1777035000000,0.4836,0.4836,0.4834,0.4834,421420796.7,1777035299999,203767091.4494000,2827,341261212.2,165008707.5204300,0
1777035300000,0.4835,0.4835,0.4833,0.4833,399844679.5,1777035599999,193297826.0734200,2675,323035104.8,156167017.5608900,0
1777035600000,0.4834,0.4834,0.4832,0.4832,319810400.3,1777035899999,154570926.6709100,2323,241374006.6,116661780.4801700,0
1777035900000,0.4832,0.4833,0.4831,0.4831,407870173.5,1777036199999,197100574.9481600,2760,312363115.1,150948964.4431800,0
1777036200000,0.4832,0.4832,0.483,0.4831,397766114.8,1777036499999,192180970.5794700,2735,312809361.7,151135627.4722400,0
1777036500000,0.4831,0.4831,0.4829,0.483,392079567.9,1777036799999,189396041.7414700,2690,303430594.8,146575288.9716500,0
1777036800000,0.4829,0.483,0.4806,0.4806,390987427.0,1777037099999,188373435.0644500,2834,266742722.9,128486442.6264700,0
1777037100000,0.4806,0.4836,0.4805,0.4835,399500612.2,1777037399999,192285475.1153300,2749,310565468.8,149516268.0737500,0
1777037400000,0.4836,0.4836,0.4834,0.4834,376880039.4,1777037699999,182227281.1205900,2619,303640706.1,146815474.9537800,0
1777037700000,0.4834,0.4835,0.4833,0.4834,369028801.7,1777037999999,178396318.0240000,2554,288847309.4,139635789.8694400,0
1777038000000,0.4834,0.4834,0.4833,0.4834,101242299.3,1777038299999,48940527.3839100,644,86729623.1,41925099.8065400,0
