open_time,open,high,low,close,volume,close_time,quote_asset_volume,number_of_trades,taker_buy_base_asset_volume,taker_buy_quote_asset_volume,ignore
1775828700000,0.4405,0.4405,0.4402,0.4403,880782.0,1775829599999,387897.6631400,2297,24974.7,11000.2198000,0
1775829600000,0.4403,0.4419,0.44,0.4419,893904.3,1775830499999,393569.2504300,2265,29534.0,13000.1850000,0
1775830500000,0.4419,0.4419,0.4358,0.4358,823522.4,1775831399999,361311.4835800,2062,25157.0,11000.4068600,0
1775831400000,0.4358,0.4358,0.4338,0.4342,698159.5,1775832299999,303419.2649000,2032,16107.6,7000.1271400,0
1775832300000,0.4342,0.4342,0.4312,0.432,914689.2,1775833199999,395685.7881800,2244,27749.0,12000.2148900,0
1775833200000,0.432,0.432,0.4304,0.4305,899457.5,1775834099999,387490.7831600,2203,6968.2,3000.0423400,0
1775834100000,0.4305,0.4305,0.4301,0.4302,896332.3,1775834999999,385730.3495500,2214,4648.1,2000.0773200,0
1775835000000,0.4302,0.4302,0.4299,0.43,928928.6,1775835899999,399528.2728000,2221,30224.3,13000.4009700,0
1775835900000,0.43,0.43,0.4296,0.4297,638262.7,1775836799999,274356.3143500,1922,23261.8,10000.2476000,0
1775836800000,0.4378,0.4462,0.4376,0.4455,902313.9,1775837699999,397512.6343700,2235,20480.0,9000.1034900,0
1775837700000,0.4455,0.4489,0.4454,0.4476,907930.2,1775838599999,405888.1404400,2312,22378.5,10000.2510900,0
1775838600000,0.4476,0.4476,0.4473,0.4474,903023.5,1775839499999,404103.4712100,2361,24583.7,11000.3114700,0
1775839500000,0.4474,0.4474,0.447,0.4471,890428.5,1775840399999,398242.6750500,2330,42484.8,19000.5438800,0
1775840400000,0.447,0.4471,0.4468,0.4469,745628.2,1775841299999,333300.1437400,2136,17896.1,8000.2276100,0
1775841300000,0.4469,0.447,0.4466,0.4467,395586.4,1775842199999,176763.2018900,1562,4475.9,2000.0558900,0
1775842200000,0.4467,0.4481,0.4466,0.4479,501827.5,1775843099999,224699.0236300,1516,6695.6,3000.0751400,0
1775843100000,0.4479,0.4479,0.4476,0.4477,892879.6,1775843999999,399840.0182100,2312,15631.4,7000.1873600,0
1775844000000,0.4477,0.4477,0.4421,0.4422,895992.9,1775844899999,398722.9240900,2340,22583.7,10000.3856200,0
1775844900000,0.4422,0.4447,0.4421,0.4445,864344.4,1775845799999,384081.5775200,2289,18017.8,8000.3083400,0
1775845800000,0.4445,0.4513,0.4443,0.4513,756993.5,1775846699999,337898.3562000,2255,38077.9,17010.6902200,0
1775846700000,0.4513,0.4652,0.4512,0.4529,792242.7,1775847599999,360897.7144200,2282,8852.8,4000.1364800,0
1775847600000,0.4529,0.4565,0.4497,0.4564,749887.1,1775848499999,339443.9016200,2147,11061.2,5000.1389800,0
1775848500000,0.4564,0.4606,0.4563,0.4605,863923.4,1775849399999,396207.4363700,2328,6538.6,3000.1078000,0
1775849400000,0.4605,0.4615,0.4576,0.4603,844185.8,1775850299999,388385.2300000,2378,23981.5,11000.2219300,0
1775850300000,0.4603,0.4705,0.4601,0.465,837149.8,1775851199999,388548.7552100,2364,34613.5,16000.1973700,0
1775851200000,0.465,0.4662,0.4607,0.4608,777660.0,1775852099999,359828.0327200,2178,2163.6,1000.0159200,0
1775852100000,0.4608,0.4608,0.4554,0.4555,848019.5,1775852999999,388178.2714400,2337,21796.2,10000.2522600,0
1775853000000,0.4555,0.4584,0.4553,0.4584,905905.1,1775853899999,414052.2076300,2363,37212.6,17005.2385900,0
1775853900000,0.4584,0.4599,0.4583,0.4593,853950.7,1775854799999,392266.3338300,2362,13062.8,6000.1794000,0
1775854800000,0.4593,0.4609,0.4591,0.4608,890062.6,1775855699999,409402.8307500,2394,17381.9,8000.2124900,0
1775855700000,0.4608,0.4722,0.4607,0.4721,707765.4,1775856599999,329058.7491400,2075,17222.8,8000.1582300,0
1775856600000,0.4721,0.4721,0.4703,0.4704,485717.2,1775857499999,228634.3537400,1886,23375.6,11000.1321000,0
1775857500000,0.4704,0.478,0.4697,0.4697,400128.7,1775858399999,189910.3999000,1830,12626.6,6000.1717400,0
1775858400000,0.4697,0.4751,0.4696,0.4723,558910.4,1775859299999,264565.0264800,1511,10595.7,5000.0780500,0
1775859300000,0.4723,0.4727,0.4663,0.4663,870060.2,1775860199999,408289.8737500,2301,25591.8,12000.3139800,0
1775860200000,0.4663,0.4701,0.4662,0.4687,832021.7,1775861099999,389924.7540500,2303,19223.1,9000.1614000,0
1775861100000,0.4687,0.4687,0.4639,0.4657,725752.2,1775861999999,338581.4885900,2399,25731.9,12000.3515300,0
1775862000000,0.4657,0.4657,0.4584,0.4584,819141.7,1775862899999,378708.8652700,2384,15154.6,7000.2131600,0
1775862900000,0.4584,0.4584,0.4581,0.4582,855102.4,1775863799999,391901.0942600,2303,24002.5,11000.1275000,0
1775863800000,0.4582,0.4605,0.4561,0.4561,692364.3,1775864699999,316155.8078100,2094,6575.8,3000.0991200,0
1775864700000,0.4561,0.4568,0.4545,0.4546,897050.8,1775865599999,408539.0261100,2420,15368.6,7000.1513400,0
1775865600000,0.4631,0.4631,0.4615,0.4616,639551.9,1775866499999,295741.6902300,2184,17309.4,8000.1695400,0
1775866500000,0.4616,0.4616,0.4612,0.4613,884505.4,1775867399999,408150.1451700,2297,10836.5,5000.1777900,0
1775867400000,0.4613,0.4613,0.4572,0.4585,430182.8,1775868299999,197961.2881300,1703,8710.2,4000.0872000,0
1775868300000,0.4585,0.4585,0.4582,0.4582,425727.3,1775869199999,195134.7046000,1610,4363.6,2000.0560400,0
1775869200000,0.4582,0.4582,0.4565,0.4566,561448.7,1775870099999,257135.8910400,1637,8732.5,4000.1398000,0
1775870100000,0.4566,0.4566,0.4539,0.454,821479.8,1775870999999,373522.3076000,2207,26417.3,12000.2520200,0
1775871000000,0.454,0.454,0.4536,0.4537,886315.7,1775871899999,402229.0441400,2372,2203.7,1000.0390600,0
1775871900000,0.4537,0.4537,0.4534,0.4534,921932.0,1775872799999,418157.1110500,2398,28660.8,13000.0975600,0
1775872800000,0.4534,0.4534,0.4531,0.4532,926619.8,1775873699999,420035.3741000,2345,15442.7,7000.1758100,0
1775873700000,0.4532,0.4532,0.451,0.4511,854084.9,1775874599999,385718.6829900,2320,13286.9,6000.1425500,0
1775874600000,0.4511,0.4511,0.4498,0.4499,740616.9,1775875499999,333383.0411800,2202,19990.4,9000.3349000,0
1775875500000,0.4499,0.4499,0.447,0.4478,840658.9,1775876399999,376409.9129800,2392,20117.8,9000.2518800,0
1775876400000,0.4477,0.45,0.4476,0.4499,940702.4,1775877299999,422305.5399100,2392,33381.6,15000.5096900,0
1775877300000,0.4499,0.4499,0.4496,0.4496,854282.0,1775878199999,384228.5729100,2407,37796.6,17000.6878000,0
1775878200000,0.4496,0.4502,0.4494,0.4501,861388.9,1775879099999,387305.9133300,2227,42255.6,19000.1156400,0
1775879100000,0.4501,0.4501,0.4498,0.4499,708235.2,1775879999999,318701.9967500,2018,17778.4,8000.2798000,0
1775880000000,0.4499,0.4499,0.4495,0.4496,850220.4,1775880899999,382356.2318500,2323,24459.3,11000.4588600,0
1775880900000,0.4496,0.4496,0.4465,0.4466,756075.2,1775881799999,338497.8231800,2391,17854.1,8000.1133900,0
1775881800000,0.4466,0.4487,0.4464,0.4486,882866.2,1775882699999,394730.8599900,2504,31308.3,14000.3359500,0
1775882700000,0.4486,0.4486,0.4483,0.4484,887541.9,1775883599999,398071.7542000,2395,35674.7,16000.3253700,0
1775883600000,0.4483,0.4484,0.4481,0.4481,869017.2,1775884499999,389547.8115300,2265,35691.7,16000.3653900,0
1775884500000,0.4481,0.4484,0.448,0.4482,846166.6,1775885399999,379334.6310000,2209,15614.9,7000.1593700,0
1775885400000,0.4482,0.4519,0.4481,0.4514,837972.0,1775886299999,377983.8971700,2347,42152.0,19005.5125400,0
1775886300000,0.4514,0.4514,0.451,0.451,824131.6,1775887199999,371885.3542000,2325,8864.1,4000.1465900,0
1775887200000,0.451,0.451,0.4498,0.4498,842556.9,1775888099999,379263.8409500,2230,24443.3,11000.3737200,0
1775888100000,0.4499,0.4499,0.4496,0.4497,911301.7,1775888999999,409900.2106200,2318,35573.8,16000.6499800,0
1775889000000,0.4497,0.4512,0.4495,0.451,823719.7,1775889899999,371307.1130900,2221,19986.4,9005.4139300,0
1775889900000,0.451,0.451,0.4492,0.4492,852715.0,1775890799999,384289.1403800,2390,24410.6,11000.0606600,0
1775890800000,0.4492,0.4492,0.4489,0.449,726013.9,1775891699999,326055.1892300,2289,15585.4,7000.0708000,0
1775891700000,0.449,0.449,0.4486,0.4487,901747.5,1775892599999,404750.4157300,2505,24509.7,11000.1761300,0
1775892600000,0.4487,0.4523,0.4484,0.4522,878502.8,1775893499999,394570.6383000,2495,26718.3,12000.2239700,0
1775893500000,0.4522,0.4522,0.4519,0.452,844330.4,1775894399999,381730.7894300,2299,39818.1,18000.4353000,0
1775894400000,0.4604,0.4631,0.4595,0.4631,681880.4,1775895299999,314787.3492000,2205,10821.5,5000.1678900,0
1775895300000,0.4631,0.4663,0.463,0.4638,712643.4,1775896199999,331153.4529200,2126,12924.1,6000.2057900,0
1775896200000,0.4638,0.4638,0.4634,0.4635,752593.1,1775897099999,348920.7285700,2111,30199.9,14000.2418700,0
1775897100000,0.4635,0.4636,0.4582,0.4582,637184.4,1775897999999,293973.1259000,2231,8679.0,4000.0237000,0
1775898000000,0.4582,0.4582,0.4579,0.458,819709.9,1775898899999,375496.1267400,2229,24014.5,11000.3872000,0
1775898900000,0.458,0.458,0.4576,0.4577,736303.4,1775899799999,337090.7667300,2130,15290.3,7000.1177300,0
1775899800000,0.4577,0.4577,0.456,0.456,841163.8,1775900699999,383990.8494300,2352,39441.7,18000.7237300,0
1775900700000,0.456,0.4571,0.4558,0.4569,775273.2,1775901599999,353936.4150100,2289,15328.0,7000.0703000,0
1775901600000,0.4569,0.461,0.4569,0.4604,873939.4,1775902499999,402367.9828000,2491,19530.5,9000.0861300,0
1775902500000,0.4604,0.4604,0.4553,0.4554,882013.4,1775903399999,404691.1231200,2445,23942.7,11000.1738300,0
1775903400000,0.4554,0.4554,0.455,0.4551,772961.3,1775904299999,351874.8500200,2309,30754.1,14000.3645200,0
1775904300000,0.4551,0.4551,0.4545,0.4546,843958.2,1775905199999,383959.8023900,2335,17584.7,8000.1590900,0
1775905200000,0.4546,0.4561,0.4545,0.455,703855.8,1775906099999,320196.6974200,2325,8795.4,4000.1471600,0
1775906100000,0.455,0.4577,0.4549,0.4576,907437.8,1775906999999,414219.5430700,2439,26280.2,12000.3502600,0
1775907000000,0.4576,0.4576,0.4572,0.4573,827017.7,1775907899999,378326.4003300,2395,26230.5,12000.2346600,0
1775907900000,0.4573,0.4573,0.457,0.4571,919421.2,1775908799999,420353.9114900,2431,30623.7,14000.4991000,0
1775908800000,0.4571,0.4571,0.4567,0.4567,765021.0,1775909699999,349557.8177600,2253,15319.4,7000.0902200,0
1775909700000,0.4567,0.4568,0.4565,0.4565,861657.5,1775910599999,393486.6319900,2253,26279.9,12000.4970900,0
1775910600000,0.4565,0.4565,0.453,0.4531,855124.4,1775911499999,388453.7009100,2430,15367.2,7000.1185200,0
1775911500000,0.4531,0.4531,0.4528,0.4528,871037.3,1775912399999,394544.9005700,2423,33114.8,15000.3416400,0
1775912400000,0.4528,0.4528,0.4404,0.4408,882220.7,1775913299999,392801.6206600,2439,15667.9,7000.1341000,0
1775913300000,0.4408,0.4408,0.4405,0.4406,875194.8,1775914199999,385703.8677400,2267,20423.3,9000.3212400,0
1775914200000,0.4406,0.4406,0.4393,0.4394,786368.7,1775915099999,345755.8411000,2274,25024.2,11000.4049800,0
1775915100000,0.4393,0.4394,0.439,0.4391,859924.8,1775915999999,377716.2577800,2312,9107.6,4000.0577200,0
1775916000000,0.4391,0.4432,0.439,0.443,907518.3,1775916899999,401882.8766700,2343,27127.7,12000.3138900,0
1775916900000,0.443,0.443,0.4425,0.4426,8780080.7,1775917799999,3887768.9658800,2449,7627759.0,3377571.6846000,0
1775917800000,0.4425,0.4426,0.4423,0.4423,881596.0,1775918699999,390090.3515700,2326,31642.6,14000.0421800,0
1775918700000,0.4423,0.4423,0.4359,0.436,761341.7,1775919599999,335550.7742300,2164,29491.3,13000.4268000,0
1775919600000,0.4359,0.436,0.4354,0.4355,704413.7,1775920499999,306924.6726600,2068,6887.1,3000.0207600,0
1775920500000,0.4355,0.4394,0.4354,0.4385,927249.6,1775921399999,405883.9566600,2273,43363.9,19000.5388600,0
1775921400000,0.4385,0.4387,0.4357,0.4357,912224.4,1775922299999,399872.0169000,2338,31929.0,14000.1766200,0
1775922300000,0.4357,0.4367,0.435,0.4366,8760998.9,1775923199999,3815690.9425500,2333,52796.4,23000.6182800,0
1775923200000,0.4465,0.4465,0.4462,0.4463,713273.3,1775924099999,318421.9880800,1960,29121.6,13000.3298800,0
1775924100000,0.4463,0.4463,0.4453,0.4453,441898.0,1775924999999,197141.1411700,1610,13448.2,6000.1383000,0
1775925000000,0.4453,0.4453,0.4448,0.4449,473621.4,1775925899999,210787.4623100,1597,13481.2,6000.0326800,0
1775925900000,0.4449,0.4449,0.44,0.4401,772367.8,1775926799999,342648.1113500,1901,18030.4,8000.0299200,0
1775926800000,0.4401,0.4401,0.4397,0.4398,905799.8,1775927699999,398505.5306400,2465,43185.7,19000.5711500,0
1775927700000,0.4398,0.4398,0.4381,0.4382,889830.7,1775928599999,390409.5584900,2437,27373.4,12000.2590800,0
1775928600000,0.4382,0.4418,0.4382,0.4416,842560.0,1775929499999,372130.8748500,2339,24903.5,11000.1021000,0
1775929500000,0.4416,0.4416,0.4383,0.4384,781349.7,1775930399999,344571.4630600,2395,6795.8,3000.1191400,0
1775930400000,0.4384,0.4384,0.4381,0.4381,719427.2,1775931299999,315331.2184200,2137,15970.2,7000.1948800,0
1775931300000,0.4381,0.4381,0.4363,0.4379,442889.4,1775932199999,193417.2853900,1653,4582.0,2000.0430000,0
1775932200000,0.4379,0.4416,0.4377,0.4415,546949.7,1775933099999,240721.2857400,1581,15852.1,7000.0608500,0
1775933100000,0.4415,0.4415,0.4412,0.4412,906710.9,1775933999999,400182.6457000,2398,27190.7,12000.3885100,0
1775934000000,0.4412,0.4412,0.4377,0.4378,718874.3,1775934899999,315906.2177300,2203,22785.7,10000.2973700,0
1775934900000,0.4378,0.4398,0.4376,0.4382,904099.0,1775935799999,396262.6483200,2386,31971.8,14000.2189500,0
1775935800000,0.4382,0.4396,0.4379,0.4395,902953.0,1775936699999,396133.4843200,2404,22788.8,10000.1510000,0
1775936700000,0.4395,0.4432,0.4394,0.4432,783156.7,1775937599999,345780.2735700,2253,33926.6,15000.4587400,0
1775937600000,0.4431,0.4432,0.4429,0.4429,403418.3,1775938499999,178731.7548600,1577,0,0,0
1775938500000,0.4429,0.4444,0.4427,0.4428,519627.4,1775939399999,230504.3979800,1500,18034.3,8000.2187700,0
1775939400000,0.4428,0.4428,0.442,0.4421,835710.8,1775940299999,369589.7802200,2305,38444.5,17000.6099000,0
1775940300000,0.4421,0.4438,0.4409,0.4426,918772.8,1775941199999,406350.1111400,2489,18073.3,8000.0981400,0
1775941200000,0.4426,0.443,0.4425,0.4427,894486.9,1775942099999,396136.5797600,2419,22582.5,10000.2083700,0
1775942100000,0.4427,0.4427,0.4424,0.4425,878712.3,1775942999999,388924.5716400,2132,20334.1,9000.0982500,0
1775943000000,0.4425,0.4425,0.4422,0.4422,656548.2,1775943899999,290424.9430300,1565,20345.0,9000.1755800,0
1775943900000,0.4422,0.443,0.442,0.4425,710865.7,1775944799999,314496.7435700,1581,13562.7,6000.1372200,0
1775944800000,0.4425,0.4437,0.4424,0.4435,883732.4,1775945699999,391970.4751700,2330,45097.7,20000.1419600,0
1775945700000,0.4435,0.4457,0.4433,0.4457,879379.6,1775946599999,390818.8846700,2463,58488.4,26000.2089500,0
1775946600000,0.4457,0.4464,0.445,0.4451,879344.5,1775947499999,392112.0192900,2427,20190.8,9000.1497600,0
1775947500000,0.4451,0.4451,0.4444,0.4445,835026.5,1775948399999,371309.8651000,2188,42732.6,19000.7115500,0
1775948400000,0.4444,0.4445,0.4422,0.4423,824790.2,1775949299999,365340.0897700,2175,33855.4,15000.3474600,0
1775949300000,0.4423,0.4423,0.4419,0.442,717592.8,1775950199999,317254.4208200,2151,11308.5,5000.1663000,0
1775950200000,0.442,0.442,0.4417,0.4417,800876.7,1775951099999,353875.2239800,2289,20367.0,9000.1772000,0
1775951100000,0.4417,0.4417,0.4385,0.4385,881750.0,1775951999999,387071.6314400,2551,36475.5,16000.2058500,0
1775952000000,0.4467,0.4482,0.4445,0.4446,880551.2,1775952899999,392868.1525800,2340,17921.5,8000.2530600,0
1775952900000,0.4446,0.4446,0.4442,0.4443,858666.1,1775953799999,381630.3792200,2259,49494.6,22000.7985600,0
1775953800000,0.4443,0.4457,0.4441,0.4456,748850.0,1775954699999,333085.8145900,2127,26997.9,12000.3265000,0
1775954700000,0.4456,0.4456,0.4452,0.4453,485362.4,1775955599999,216197.6487200,1852,2245.2,1000.0120800,0
1775955600000,0.4453,0.4453,0.445,0.445,545545.5,1775956499999,242865.6974000,1643,15722.9,7000.0595500,0
1775956500000,0.445,0.445,0.4441,0.4442,873578.6,1775957399999,388494.9159900,2015,26992.5,12000.1819500,0
1775957400000,0.4442,0.4442,0.4423,0.4433,822645.6,1775958299999,364795.4152800,2105,13547.1,6000.0029400,0
1775958300000,0.4433,0.4433,0.4378,0.4397,849114.9,1775959199999,373233.0618200,2185,27304.7,12000.1827900,0
1775959200000,0.4397,0.4397,0.4394,0.4394,785432.1,1775960099999,345248.0476600,2152,20473.1,9000.2017500,0
1775960100000,0.4394,0.4401,0.4358,0.4361,923725.1,1775960999999,403671.3018800,2276,22009.0,9614.2036300,0
1775961000000,0.4361,0.4361,0.4358,0.4359,676137.8,1775961899999,294793.5423800,2017,13761.9,6000.1880700,0
1775961900000,0.4359,0.4389,0.4357,0.4387,935498.5,1775962799999,410097.2255900,2400,29641.2,13000.3578100,0
1775962800000,0.4387,0.4387,0.4379,0.438,829251.5,1775963699999,363474.5118000,2229,13696.2,6000.0769000,0
1775963700000,0.438,0.4381,0.4378,0.438,972910.1,1775964599999,426088.2359500,2358,31965.3,14000.5730300,0
1775964600000,0.438,0.438,0.4369,0.437,964801.5,1775965499999,421863.0138700,2362,20593.6,9000.3183600,0
1775965500000,0.437,0.437,0.4366,0.4367,941068.6,1775966399999,411084.0732600,2214,52650.6,23000.5281200,0
1775966400000,0.4367,0.4367,0.4343,0.4343,872480.0,1775967299999,379533.2034900,2245,41415.3,18000.4468400,0
1775967300000,0.4343,0.436,0.4325,0.4356,931450.6,1775968199999,404390.7996200,2419,32212.9,14000.3018800,0
1775968200000,0.4356,0.4372,0.4343,0.4352,903225.6,1775969099999,393794.4187500,2304,16078.0,7005.3815200,0
1775969100000,0.4352,0.4352,0.4349,0.4349,957038.3,1775969999999,416393.1809900,2426,29877.6,13000.2028800,0
1775970000000,0.435,0.4378,0.4347,0.4378,941903.4,1775970899999,410029.9056500,2343,25232.6,11000.1544600,0
1775970900000,0.4378,0.4378,0.4368,0.4369,806952.1,1775971799999,352901.3115200,2094,9147.2,4000.0672000,0
1775971800000,0.4369,0.4369,0.4365,0.4365,919211.5,1775972699999,401467.0332400,2221,13737.0,6000.0926000,0
1775972700000,0.4366,0.4366,0.4363,0.4364,850360.9,1775973599999,371182.1826900,2251,34366.0,15000.3004000,0
1775973600000,0.4364,0.4374,0.4361,0.4374,876319.5,1775974499999,382494.5681200,2392,43528.7,19000.4846800,0
1775974500000,0.4374,0.4374,0.4342,0.4343,911142.4,1775975399999,397791.4598100,2332,16070.3,7000.1396200,0
1775975400000,0.4343,0.4343,0.434,0.434,821864.5,1775976299999,356823.1453800,2085,25332.9,11000.2356300,0
1775976300000,0.434,0.434,0.4304,0.4305,923913.6,1775977199999,398776.9668100,2341,25547.4,11000.2457600,0
1775977200000,0.4305,0.4323,0.4305,0.432,907053.8,1775978099999,391995.7929300,2363,16198.1,7000.1245300,0
1775978100000,0.432,0.4329,0.4315,0.4316,870100.9,1775978999999,376074.0326900,2351,16204.2,7000.2035200,0
1775979000000,0.4316,0.4316,0.4313,0.4313,895545.8,1775979899999,386393.6214600,2407,23175.7,10000.0826300,0
1775979900000,0.4313,0.4333,0.4312,0.4331,859975.9,1775980799999,372167.0476000,2376,34699.7,15000.3799600,0
1775980800000,0.4411,0.4412,0.4382,0.4383,756519.9,1775981699999,332887.6162500,2205,18223.8,8000.1873000,0
1775981700000,0.4383,0.4383,0.4363,0.438,872913.2,1775982599999,381881.6373700,2338,15985.7,7000.1241400,0
1775982600000,0.438,0.438,0.4377,0.4378,887190.3,1775983499999,388497.1812200,2422,31971.3,14000.4601900,0
1775983500000,0.4378,0.4378,0.4374,0.4375,919151.9,1775984399999,402254.0951100,2414,6925.3,3030.2896100,0
1775984400000,0.4375,0.4375,0.4372,0.4373,7670141.9,1775985299999,3354234.5507100,2251,6508283.1,2846073.5712100,0
1775985300000,0.4373,0.4373,0.4369,0.437,1957577.4,1775986199999,855898.8173100,2239,1091876.4,477473.6601700,0
1775986200000,0.437,0.437,0.4367,0.4368,819204.2,1775987099999,357897.9251900,2266,25175.4,11000.2763600,0
1775987100000,0.4368,0.4394,0.4366,0.4393,895323.1,1775987999999,392349.2783500,2406,22804.3,10000.2945800,0
1775988000000,0.4393,0.4393,0.4372,0.4373,834004.8,1775988899999,365120.2419900,2340,20544.5,9000.2826800,0
1775988900000,0.4373,0.4373,0.437,0.4371,889713.9,1775989799999,388973.7701300,2315,27447.5,12000.2752400,0
1775989800000,0.4371,0.4371,0.4367,0.4368,751274.9,1775990699999,328255.4860100,1930,43480.1,19000.5746100,0
1775990700000,0.4368,0.4368,0.4365,0.4365,855199.4,1775991599999,373452.6604700,2170,22899.3,10000.3531400,0
1775991600000,0.4365,0.4365,0.4323,0.4328,951208.3,1775992499999,411851.2200100,2344,41595.8,18000.3363400,0
1775992500000,0.4329,0.4329,0.4317,0.4321,911788.7,1775993399999,394232.9238800,2379,13882.3,6000.1613900,0
1775993400000,0.4321,0.5,0.4306,0.4307,896555.5,1775994299999,387792.6533200,2319,32758.9,14957.3862000,0
1775994300000,0.4307,0.4307,0.4304,0.4305,740628.2,1775995199999,318912.3443600,2062,34836.0,15000.3812000,0
1775995200000,0.4305,0.4329,0.4303,0.4329,860229.8,1775996099999,370665.7567500,2067,39429.3,17000.4736800,0
1775996100000,0.4329,0.4329,0.4316,0.4317,874167.9,1775996999999,377740.5115000,2317,30095.5,13000.3211600,0
1775997000000,0.4317,0.4317,0.4313,0.4314,931098.7,1775997899999,401789.5023900,2327,18540.3,8000.1391200,0
1775997900000,0.4314,0.4344,0.4314,0.4326,898924.9,1775998799999,389753.1669000,2270,23051.5,10000.1731700,0
1775998800000,0.4326,0.4326,0.428,0.428,5945830.7,1775999699999,2545885.0637200,2230,2208210.7,945339.1929900,0
1775999700000,0.428,0.428,0.4277,0.4278,821661.3,1776000599999,351611.6727600,2219,23370.2,10000.1083600,0
1776000600000,0.4278,0.4289,0.4272,0.4288,816791.7,1776001499999,349370.4761100,2183,35060.6,15000.0927400,0
1776001500000,0.4289,0.4289,0.4286,0.4287,922981.6,1776002399999,395770.6078200,2298,46640.4,20000.3357200,0
1776002400000,0.4287,0.5,0.4286,0.4296,924691.7,1776003299999,397221.1796200,2164,16518.4,7110.6873900,0
1776003300000,0.4296,0.4296,0.4281,0.4282,922331.6,1776004199999,395689.4454200,2290,23338.8,10000.1947200,0
1776004200000,0.4282,0.4282,0.4278,0.4279,896388.3,1776005099999,383704.2304900,2281,35042.9,15000.4633800,0
1776005100000,0.4279,0.4279,0.4276,0.4277,699097.3,1776005999999,299063.9214600,2062,14027.1,6000.0919500,0
1776006000000,0.4277,0.4277,0.4269,0.4269,518166.3,1776006899999,221332.8468400,1558,4676.2,2000.0107400,0
1776006900000,0.4269,0.4269,0.4269,0.4269,599053.4,1776007799999,255735.8964600,1534,0,0,0
1776007800000,0.4269,0.4269,0.4267,0.4267,857606.6,1776008699999,365994.3860200,2022,0,0,0
1776008700000,0.4267,0.4267,0.4265,0.4265,894797.9,1776009599999,381764.8947100,2349,0,0,0
1776009600000,0.4328,0.4328,0.4325,0.4326,1900489.2,1776010499999,822360.4576500,2387,766000.3,331449.2537200,0
1776010500000,0.4326,0.4326,0.4309,0.4315,734995.9,1776011399999,317464.7692200,2259,34433.0,14858.7369500,0
1776011400000,0.4315,0.4322,0.4313,0.4317,792830.5,1776012299999,342190.6564300,2341,32443.6,14000.3387000,0
1776012300000,0.4317,0.4323,0.4316,0.4321,790962.9,1776013199999,341796.8863200,2266,32396.2,14000.2489600,0
1776013200000,0.4321,0.4365,0.4319,0.4344,921954.6,1776014099999,399963.8769200,2350,53066.1,23000.7094300,0
1776014100000,0.4344,0.4344,0.4341,0.4341,921793.0,1776014999999,400293.5001300,2388,34542.0,15000.2085400,0
1776015000000,0.4341,0.4341,0.4338,0.4339,876068.6,1776015899999,380222.0575500,2351,25344.7,11000.2907100,0
1776015900000,0.4339,0.4339,0.4336,0.4336,892191.9,1776016799999,386988.9213900,2127,32276.5,14000.3925800,0
1776016800000,0.4336,0.4336,0.4313,0.4314,843851.0,1776017699999,365724.4113400,2144,16168.9,7000.1740200,0
1776017700000,0.4314,0.4314,0.431,0.4311,1368377.8,1776018599999,590018.2047200,2298,37104.2,16000.4899200,0
1776018600000,0.4311,0.4311,0.4302,0.4303,925036.5,1776019499999,398484.6731800,2401,37148.1,16000.3742100,0
1776019500000,0.4303,0.4303,0.43,0.4301,940147.7,1776020399999,404455.6946400,2431,32539.6,14000.3951200,0
1776020400000,0.4301,0.4301,0.4287,0.4288,805759.7,1776021299999,345866.3788000,2274,20978.9,9000.1739100,0
1776021300000,0.4288,0.4288,0.4284,0.4285,929203.6,1776022199999,398297.1767500,2419,16331.0,7000.1663000,0
1776022200000,0.4285,0.4285,0.4283,0.4284,820015.4,1776023099999,351338.5340600,2181,37344.3,16000.3985400,0
1776023100000,0.4284,0.4284,0.4281,0.4281,949064.1,1776023999999,406437.1012900,2436,30357.1,13000.3110400,0
1776024000000,0.4281,0.4281,0.4259,0.4259,915469.7,1776024899999,390812.2452700,2399,9344.0,4000.1664000,0
1776024900000,0.4259,0.4259,0.4256,0.4257,884881.6,1776025799999,376741.3163500,2415,9394.4,4000.1355200,0
1776025800000,0.4257,0.4257,0.4256,0.4256,788457.2,1776026699999,335584.4596300,2161,9396.4,4000.0474800,0
1776026700000,0.4256,0.4257,0.4253,0.4253,793118.9,1776027599999,337485.1105600,2016,2349.7,1000.0323200,0
1776027600000,0.4253,0.4253,0.4245,0.4251,919257.9,1776028499999,390596.7248200,2341,16481.0,7000.1859400,0
1776028500000,0.4251,0.4251,0.4248,0.4248,951491.4,1776029399999,404352.7824900,2432,44709.8,19000.2526800,0
1776029400000,0.4248,0.4248,0.4243,0.4245,892239.0,1776030299999,378711.9962600,2397,16487.6,7000.1638000,0
1776030300000,0.4246,0.426,0.4243,0.4254,785353.0,1776031199999,333870.0981400,2258,11748.9,5000.0936700,0
1776031200000,0.4254,0.4254,0.4242,0.4252,843565.4,1776032099999,358519.1846100,2024,11757.7,5000.0794300,0
1776032100000,0.4252,0.4252,0.4248,0.4249,912515.0,1776032999999,387836.2517100,2306,37642.9,16000.1140900,0
1776033000000,0.4249,0.4249,0.4246,0.4247,945627.9,1776033899999,401690.0018000,2280,25893.3,11000.1796500,0
1776033900000,0.4247,0.4247,0.4243,0.4244,914801.9,1776034799999,388359.3819400,2427,32977.7,14000.4464600,0
1776034800000,0.4244,0.4244,0.4239,0.4239,859640.3,1776035699999,364599.4285000,2336,0,0,0
1776035700000,0.4239,0.4239,0.4236,0.4236,862482.1,1776036599999,365405.1554000,2114,0,0,0
1776036600000,0.4236,0.4236,0.423,0.423,769229.3,1776037499999,325505.7832700,2188,7090.8,3000.1174800,0
1776037500000,0.423,0.426,0.4229,0.4258,955395.2,1776038399999,406574.5755700,2441,21146.1,9000.2071000,0
1776038400000,0.4338,0.4338,0.4318,0.4319,869062.1,1776039299999,375778.6226800,2252,11576.0,5000.1373800,0
1776039300000,0.4319,0.4345,0.4317,0.4344,824563.4,1776040199999,357045.7365800,2125,30049.9,13000.1803300,0
1776040200000,0.4344,0.4344,0.4341,0.4341,907130.6,1776041099999,393931.7002300,2298,29934.3,13000.2357800,0
1776041100000,0.4341,0.4341,0.4338,0.4338,767655.7,1776041999999,333167.3044300,2110,16127.9,7000.1996100,0
1776042000000,0.4339,0.4339,0.4336,0.4336,898865.5,1776042899999,389893.2095800,2335,29972.9,13000.3993800,0
1776042900000,0.4336,0.4336,0.4333,0.4334,895386.5,1776043799999,388156.1453500,2359,25371.7,11000.2463600,0
1776043800000,0.4334,0.4334,0.4331,0.4331,890293.9,1776044699999,385733.8250200,2262,25390.1,11000.3758600,0
1776044700000,0.4331,0.4331,0.4328,0.4329,839322.7,1776045599999,363427.2398000,2211,30025.1,13000.4058400,0
1776045600000,0.4329,0.4329,0.4292,0.4292,822095.8,1776046499999,355251.0146400,2132,25510.6,11000.2231800,0
1776046500000,0.4292,0.4292,0.4287,0.4288,8784835.8,1776047399999,3769414.4218100,2289,20979.0,9000.2226800,0
1776047400000,0.4288,0.4288,0.4275,0.4284,920951.8,1776048299999,394459.6245900,2427,28011.4,12000.3023900,0
1776048300000,0.4284,0.4284,0.4274,0.4277,925643.3,1776049199999,396049.7098600,2362,23372.4,10000.1149200,0
1776049200000,0.4277,0.4286,0.4273,0.4286,728052.7,1776050099999,311277.7988600,2123,14036.5,6000.1356800,0
1776050100000,0.4287,0.5,0.4285,0.4289,567035.0,1776050999999,244231.3286600,1793,22630.4,10815.4285600,0
1776051000000,0.4289,0.4289,0.4286,0.4287,432118.7,1776051899999,185303.5027200,1621,13991.2,6000.1259300,0
1776051900000,0.4287,0.4294,0.4286,0.4289,612041.1,1776052799999,262600.3215700,1586,6998.1,3000.0854700,0
1776052800000,0.4289,0.4289,0.427,0.4273,3136877.7,1776053699999,1342283.7634400,1942,473822.5,202745.6047300,0
1776053700000,0.4273,0.4273,0.4258,0.4258,952730.6,1776054599999,406558.1561800,2454,11710.4,5000.0985400,0
1776054600000,0.4258,0.4304,0.4257,0.4302,738808.4,1776055499999,316852.9672800,2035,13993.2,6000.1365600,0
1776055500000,0.4302,0.4307,0.4301,0.4305,915337.3,1776056399999,394046.7734500,2327,13941.5,6000.1879900,0
1776056400000,0.4305,0.432,0.4304,0.432,926887.5,1776057299999,399975.9477100,2377,18532.1,8000.3011200,0
1776057300000,0.432,0.432,0.4316,0.4317,888438.7,1776058199999,383654.3475100,2271,30101.7,13000.2294600,0
1776058200000,0.4317,0.4317,0.4314,0.4315,949524.8,1776059099999,409800.9894800,2317,13904.0,6000.0394000,0
1776059100000,0.4315,0.4315,0.4286,0.4286,728863.7,1776059999999,313754.6491200,2261,11604.5,5000.1178400,0
1776060000000,0.4287,0.4287,0.4283,0.4284,913107.7,1776060899999,391303.7969300,2202,23334.0,10000.2518300,0
1776060900000,0.4284,0.4284,0.4281,0.4282,952789.8,1776061799999,408072.6928100,2365,37357.4,16000.4074100,0
1776061800000,0.4282,0.4305,0.4282,0.4302,930300.7,1776062699999,400313.0086100,2394,16266.9,7000.1116500,0
1776062700000,0.4302,0.4302,0.4299,0.43,794290.8,1776063599999,341626.4871500,2212,41848.3,18000.5807500,0
1776063600000,0.43,0.4308,0.4298,0.4307,904495.1,1776064499999,389280.8281500,2172,30207.5,13000.3660500,0
1776064500000,0.4307,0.4318,0.4304,0.4317,651426.9,1776065399999,280723.6898500,2024,27846.7,12000.2847500,0
1776065400000,0.4317,0.4317,0.4314,0.4314,889601.0,1776066299999,383924.0332400,2313,13903.5,6000.0552500,0
1776066300000,0.4314,0.4314,0.4311,0.4311,895313.2,1776067199999,386154.7249900,2367,18549.0,8000.1834800,0
1776067200000,0.4393,0.4393,0.4389,0.439,777579.3,1776068099999,341470.0711800,2187,27323.9,12000.2009800,0
1776068100000,0.439,0.439,0.4387,0.4388,827473.8,1776068999999,363179.9574900,2178,29618.0,13000.4791000,0
1776069000000,0.4388,0.4388,0.4384,0.4385,828038.7,1776069899999,363206.7186600,2165,22796.5,10000.1404500,0
1776069900000,0.4385,0.4385,0.4382,0.4383,875174.0,1776070799999,383663.1263600,2250,27373.7,12000.4016200,0
1776070800000,0.4383,0.4414,0.4381,0.4412,921238.4,1776071699999,405498.0060800,2263,45496.5,20000.4718200,0
1776071700000,0.4412,0.4412,0.4409,0.441,906034.6,1776072599999,399636.0336000,2281,36274.1,16000.2782500,0
1776072600000,0.441,0.441,0.4406,0.4407,717290.3,1776073499999,316191.8118100,1947,29492.4,13000.4766200,0
1776073500000,0.4407,0.445,0.4405,0.4448,856840.5,1776074399999,380109.5962900,2366,20250.3,9000.0482000,0
1776074400000,0.4448,0.4448,0.4433,0.4434,834866.4,1776075299999,370364.9868700,2363,20278.2,9000.1290000,0
1776075300000,0.4434,0.4452,0.4432,0.4448,864606.6,1776076199999,384041.6764700,2416,20267.8,9000.2202200,0
1776076200000,0.4448,0.4448,0.4441,0.4441,851078.8,1776077099999,378275.2896700,2383,20248.7,9000.3186200,0
1776077100000,0.4441,0.4446,0.4433,0.444,761383.1,1776077999999,337833.0411800,2253,40572.9,18000.1597600,0
1776078000000,0.444,0.444,0.4422,0.4423,710559.2,1776078899999,314919.1082700,2109,2261.0,1000.0403000,0
1776078900000,0.4422,0.4422,0.4397,0.4398,812403.1,1776079799999,357883.8530400,2269,22700.6,10000.2340100,0
1776079800000,0.4398,0.4398,0.4377,0.4382,870143.2,1776080699999,381430.9967200,2205,34244.4,15000.4133400,0
1776080700000,0.4382,0.4382,0.4379,0.438,796662.0,1776081599999,349022.3141200,2117,20541.4,9000.1001800,0
1776081600000,0.438,0.4387,0.4378,0.4386,778334.1,1776082499999,341059.4486600,2112,41077.7,18000.4667500,0
1776082500000,0.4386,0.4395,0.4384,0.4394,768134.6,1776083399999,337143.5331500,2141,22771.6,10000.3660400,0
1776083400000,0.4394,0.4394,0.4388,0.4389,893191.9,1776084299999,392211.6119000,2395,31883.0,14000.5056600,0
1776084300000,0.4389,0.4393,0.4387,0.4392,914291.6,1776085199999,401392.5289700,2244,29610.9,13000.3212000,0
1776085200000,0.4392,0.4392,0.4377,0.4378,800569.1,1776086099999,351240.8798900,2171,20497.8,9000.1265200,0
1776086100000,0.4378,0.4428,0.4376,0.4424,910729.6,1776086999999,401324.2897200,2221,20357.5,9000.0411700,0
1776087000000,0.4423,0.4424,0.4366,0.4377,838046.4,1776087899999,368648.9601800,2009,20427.5,9000.0736700,0
1776087900000,0.4377,0.441,0.4375,0.4409,849012.9,1776088799999,373089.8348400,2144,36438.0,16000.1582800,0
1776088800000,0.4409,0.4409,0.4383,0.4407,926155.3,1776089699999,407665.9735500,2278,27285.2,12000.3965800,0
1776089700000,0.4407,0.4407,0.4382,0.4404,905943.5,1776090599999,398022.8313800,2305,29579.0,13000.3491200,0
1776090600000,0.4404,0.4404,0.4401,0.4401,765827.1,1776091499999,337165.2293200,2147,27255.9,12000.0910600,0
1776091500000,0.4401,0.4414,0.44,0.4411,853990.9,1776092399999,376645.4528100,2062,29487.6,13000.3842200,0
1776092400000,0.4411,0.4411,0.4408,0.4409,800589.2,1776093299999,353060.7931400,2116,36282.6,16000.1728800,0
1776093300000,0.4409,0.4409,0.4406,0.4406,892812.5,1776094199999,393508.0486900,2281,18149.9,8000.2487800,0
1776094200000,0.4406,0.4406,0.4344,0.4345,931587.6,1776095099999,407888.5887500,2256,15952.5,7000.1514200,0
1776095100000,0.4345,0.4345,0.4342,0.4342,872179.6,1776095999999,378840.3808100,2083,27625.3,12000.1996200,0
1776096000000,0.4423,0.4473,0.4422,0.4471,875100.1,1776096899999,389277.8074000,2220,17980.0,8000.2378600,0
1776096900000,0.4471,0.4471,0.4468,0.4469,889807.8,1776097799999,397754.0673700,2311,17899.1,8000.2262900,0
1776097800000,0.4469,0.4469,0.4461,0.4462,904240.1,1776098699999,403966.5469500,2348,35810.7,16000.4441300,0
1776098700000,0.4462,0.4462,0.4459,0.4459,884914.3,1776099599999,394739.3085800,2288,47079.7,21000.4600100,0
1776099600000,0.4459,0.4459,0.4456,0.4457,819978.3,1776100499999,365553.2253200,2026,38131.4,17000.3235400,0
1776100500000,0.4457,0.4507,0.4456,0.4506,855121.0,1776101399999,383547.5554400,2237,31218.8,14000.2625400,0
1776101400000,0.4506,0.4509,0.4498,0.4504,883227.0,1776102299999,397867.3509900,2316,31076.2,14000.2717600,0
1776102300000,0.4504,0.4525,0.4499,0.4524,860512.1,1776103199999,388107.3401300,2388,26585.3,12000.3230400,0
1776103200000,0.4524,0.4536,0.4511,0.4511,889648.3,1776104099999,402144.3700400,2409,44263.0,20000.5995600,0
1776104100000,0.4512,0.4512,0.4508,0.4509,796695.1,1776104999999,359329.0663300,2183,44342.7,20000.5526400,0
1776105000000,0.4509,0.4509,0.4495,0.4499,686192.0,1776105899999,309151.2708600,2084,19972.2,9000.1320600,0
1776105900000,0.4499,0.4499,0.4489,0.4489,474827.6,1776106799999,213359.4469200,1705,4454.4,2000.0256000,0
1776106800000,0.4489,0.4492,0.4478,0.4488,504059.8,1776107699999,226137.0630500,1465,2232.7,1000.0263300,0
1776107700000,0.4488,0.4488,0.4485,0.4486,817587.2,1776108599999,366852.2023500,2065,22288.5,10000.1809900,0
1776108600000,0.4486,0.4486,0.4482,0.4483,795700.1,1776109499999,356828.9355000,2075,11150.5,5000.1071700,0
1776109500000,0.4483,0.4494,0.4474,0.4485,155803114.9,1776110399999,69877555.5682500,2451,115418610.9,51752669.3424800,0
1776110400000,0.4484,0.449,0.4481,0.4481,240629614.2,1776111299999,107995146.4023200,2687,181079315.3,81269028.2710700,0
1776111300000,0.4481,0.4481,0.4444,0.4445,402836708.7,1776112199999,180253181.0223500,4052,274514045.9,122802829.5613200,0
1776112200000,0.4445,0.4445,0.4441,0.4442,266640982.1,1776113099999,118474927.3727800,4147,185297862.7,82332472.6711100,0
1776113100000,0.4442,0.4442,0.4439,0.4439,40618238.5,1776113999999,18039034.6597200,3209,11796530.1,5239919.9859400,0
1776114000000,0.4439,0.4439,0.4436,0.4437,60001454.7,1776114899999,26625994.0897500,3355,28485662.1,12639151.2588500,0
1776114900000,0.4437,0.4437,0.4433,0.4434,379777184.0,1776115799999,168456688.2073300,4589,269752464.7,119656034.2198900,0
1776115800000,0.4434,0.4434,0.4431,0.4432,173174509.8,1776116699999,76780148.2181900,3441,129232283.6,57299347.3594900,0
1776116700000,0.4432,0.4432,0.4428,0.4429,471230448.9,1776117599999,208774272.2533500,4775,336582222.6,149123389.8303800,0
1776117600000,0.4429,0.4488,0.4426,0.4487,144446385.8,1776118499999,63992436.3655700,3192,101487220.0,44969293.7471400,0
1776118500000,0.4487,0.4494,0.4473,0.4492,10879404.0,1776119399999,4887039.6510800,1978,10363530.3,4655458.9941200,0
1776119400000,0.4492,0.4493,0.449,0.4491,639228.7,1776120299999,287146.9176500,2034,31166.3,14000.1243300,0
1776120300000,0.4491,0.4491,0.447,0.4471,563755.0,1776121199999,252413.4995300,1874,20106.8,9000.2224200,0
1776121200000,0.4471,0.4471,0.4468,0.4469,734726.1,1776122099999,328431.4788200,1959,42504.8,19000.5397800,0
1776122100000,0.4469,0.4469,0.4465,0.4466,694516.7,1776122999999,310272.7978900,1924,24622.2,11000.3034800,0
1776123000000,0.4466,0.4491,0.4465,0.4488,908628.7,1776123899999,407879.1293200,2313,22294.0,10000.1483200,0
1776123900000,0.4488,0.4488,0.4488,0.4488,885153.0,1776124799999,397256.6664000,2306,0,0,0
1776124800000,0.4555,0.4558,0.4554,0.4556,854489.4,1776125699999,389390.2552000,2182,19750.0,9000.2942000,0
1776125700000,0.4556,0.4556,0.4553,0.4553,801371.4,1776126599999,364989.4981600,2111,6585.9,3000.0968600,0
1776126600000,0.4553,0.4553,0.455,0.4551,803451.5,1776127499999,365726.5578900,2250,13180.4,6000.1572600,0
1776127500000,0.4551,0.4551,0.4547,0.4548,807596.4,1776128399999,367395.0133700,2199,13186.4,6000.2514800,0
1776128400000,0.4548,0.4548,0.4545,0.4545,870245.1,1776129299999,395676.4703500,2274,17595.4,8000.1884200,0
1776129300000,0.4545,0.4545,0.4542,0.4543,844318.9,1776130199999,383671.3343200,2265,24205.7,11000.3901700,0
1776130200000,0.4543,0.4543,0.4539,0.454,750608.6,1776131099999,340879.4564600,2080,32981.0,14979.9700000,0
1776131100000,0.454,0.454,0.4525,0.4526,842909.5,1776131999999,382378.4714600,2390,37469.8,17000.4670600,0
1776132000000,0.4526,0.4526,0.4517,0.4518,777917.6,1776132899999,351683.8618900,2244,8847.2,4000.0388100,0
1776132900000,0.4518,0.4518,0.4514,0.4515,921152.0,1776133799999,416047.4545000,2390,15498.8,7000.1435400,0
1776133800000,0.4515,0.4515,0.4508,0.4508,844560.5,1776134699999,381214.9974700,2189,39875.7,18000.5552500,0
1776134700000,0.4508,0.4508,0.4505,0.4506,780576.6,1776135599999,351821.1114000,2278,22189.5,10000.1415600,0
1776135600000,0.4506,0.4511,0.4503,0.451,860392.6,1776136499999,387778.3654100,2293,26620.6,12000.1199200,0
1776136500000,0.451,0.4532,0.4507,0.4531,778544.9,1776137399999,351573.1421600,2223,26570.3,12000.1835000,0
1776137400000,0.4531,0.4531,0.4522,0.4522,878257.9,1776138299999,397543.2412300,2285,17674.2,8000.2240200,0
1776138300000,0.4522,0.4524,0.4521,0.4522,750477.8,1776139199999,339460.2990300,2183,28740.0,13000.4283000,0
1776139200000,0.4522,0.4522,0.4494,0.4495,883883.9,1776140099999,398074.6090600,2326,35551.6,16000.1367100,0
1776140100000,0.4495,0.4495,0.4488,0.4488,879289.8,1776140999999,394852.9178600,2342,8899.3,4000.0128300,0
1776141000000,0.4488,0.4488,0.4488,0.4488,892592.7,1776141899999,400595.6037600,2302,0,0,0
1776141900000,0.4488,0.4488,0.4453,0.4454,61365429.2,1776142799999,27347566.8395800,2501,41624279.6,18543616.5618000,0
1776142800000,0.4454,0.4459,0.4453,0.4457,203658249.6,1776143699999,90792122.3317500,2943,160747094.5,71663605.3200100,0
1776143700000,0.4457,0.4457,0.4454,0.4454,82416673.9,1776144599999,36729873.8133200,2404,59767999.1,26637116.2974800,0
1776144600000,0.4454,0.4466,0.4451,0.4465,12501552.9,1776145499999,5573514.5822400,2494,11627366.1,5184203.4212000,0
1776145500000,0.4465,0.4484,0.4462,0.4484,786610.7,1776146399999,351238.8776600,2151,44799.0,20000.5133000,0
1776146400000,0.4484,0.4484,0.4481,0.4481,763249.1,1776147299999,342147.7063200,2348,24538.2,11000.2517400,0
1776147300000,0.4481,0.4491,0.4478,0.449,928243.8,1776148199999,416041.5177500,2360,15622.4,7000.1742200,0
1776148200000,0.449,0.4494,0.4488,0.4493,794968.3,1776149099999,356968.8983400,2095,11135.5,5000.0616700,0
1776149100000,0.4493,0.4493,0.449,0.449,864138.0,1776149999999,388145.0708000,2341,42303.3,19000.1929900,0
1776150000000,0.449,0.4495,0.4488,0.4494,875937.4,1776150899999,393401.3462600,2223,28946.1,13000.1349500,0
1776150900000,0.4494,0.4516,0.4488,0.4495,811797.8,1776151799999,365876.1169800,2247,31071.3,14000.2349600,0
1776151800000,0.4495,0.4495,0.4468,0.4468,901098.8,1776152699999,404520.1441200,2378,24507.2,11000.1643800,0
1776152700000,0.4468,0.4468,0.4464,0.4465,870725.9,1776153599999,388906.9900700,2388,17911.1,8000.2165100,0
1776153600000,0.4549,0.4562,0.4548,0.4561,805487.2,1776154499999,367211.0230700,2168,30696.7,14000.5436800,0
1776154500000,0.4561,0.4561,0.4558,0.4559,876697.2,1776155399999,399770.2216300,2293,30701.1,14000.3591100,0
1776155400000,0.4559,0.4606,0.4557,0.4568,759619.1,1776156299999,347048.4119200,2098,21900.1,10000.2342900,0
1776156300000,0.4567,0.4575,0.4566,0.4572,853375.6,1776157199999,390171.0400300,2362,15306.5,7000.0981600,0
1776157200000,0.4572,0.4572,0.4534,0.4535,869457.6,1776158099999,395817.4261100,2297,33007.4,15000.2476000,0
1776158100000,0.4535,0.4535,0.4531,0.4532,764131.2,1776158999999,346412.2936100,1981,15441.7,7000.1634300,0
1776159000000,0.4532,0.4532,0.4521,0.4522,900779.9,1776159899999,407676.1183500,2273,26513.9,12000.4017800,0
1776159900000,0.4522,0.453,0.4519,0.453,884141.6,1776160799999,399745.7660500,2299,17695.0,8000.3518000,0
1776160800000,0.453,0.4546,0.4517,0.4521,784676.2,1776161699999,355433.2834500,2181,28731.8,13000.4416400,0
1776161700000,0.4521,0.4521,0.4495,0.4496,898991.4,1776162599999,405768.7253900,2265,46561.8,21000.5624000,0
1776162600000,0.4496,0.4496,0.446,0.448,868973.4,1776163499999,389878.5489800,2269,28976.6,13000.1025800,0
1776163500000,0.448,0.4484,0.4478,0.4482,77843474.4,1776164399999,34895650.7149900,2543,60981611.6,27338054.9171400,0
1776164400000,0.4482,0.4485,0.4468,0.4469,445974973.5,1776165299999,199821851.9942000,4656,337062147.6,151048113.7175100,0
1776165300000,0.4469,0.4476,0.4467,0.4475,190344678.1,1776166199999,85062066.5909000,3109,130003697.8,58097881.8737600,0
1776166200000,0.4475,0.4475,0.4472,0.4473,826691.6,1776167099999,369851.2308400,2288,20117.3,9000.2561500,0
1776167100000,0.4473,0.4473,0.4469,0.447,869723.2,1776167999999,388868.7067800,2116,40254.6,18000.5148000,0
1776168000000,0.447,0.447,0.4467,0.4467,883590.2,1776168899999,394844.3325300,2147,42521.3,19000.5305700,0
1776168900000,0.4467,0.4505,0.4466,0.4498,894069.3,1776169799999,401076.5299800,2160,60156.2,27000.9072700,0
1776169800000,0.4498,0.4498,0.4494,0.4495,865272.2,1776170699999,389043.0821800,2083,26687.7,12000.3461100,0
1776170700000,0.4495,0.4495,0.4492,0.4492,659164.5,1776171599999,296221.3073900,1886,31151.8,14000.0636600,0
1776171600000,0.4492,0.454,0.4491,0.4538,898779.0,1776172499999,407038.7812500,2156,41977.1,19005.5473700,0
1776172500000,0.4538,0.4538,0.4528,0.4528,880836.3,1776173399999,399178.5405100,2169,39741.6,18000.2952000,0
1776173400000,0.4528,0.4528,0.4502,0.4502,836135.5,1776174299999,376734.4167800,2040,33303.0,15000.3370400,0
1776174300000,0.4502,0.4502,0.4499,0.45,845421.5,1776175199999,380529.1828100,2013,26660.6,12000.3799200,0
1776175200000,0.45,0.45,0.4497,0.4497,814901.2,1776176099999,366584.7237900,2011,20006.7,9000.3472400,0
1776176100000,0.4497,0.4497,0.4494,0.4495,398950.5,1776176999999,179357.1880200,1598,8898.8,4000.0106000,0
1776177000000,0.4495,0.4495,0.4491,0.4492,567623.0,1776177899999,255041.4108400,1639,8901.3,4000.0216500,0
1776177900000,0.4492,0.4492,0.4484,0.4485,756415.0,1776178799999,339527.6258000,1784,20054.3,9000.1434700,0
1776178800000,0.4485,0.4485,0.4479,0.4479,848998.9,1776179699999,380566.8451400,2056,31234.3,14000.3258100,0
1776179700000,0.4479,0.4479,0.4476,0.4477,531467.2,1776180599999,237998.7059200,1817,31259.3,14000.3705100,0
1776180600000,0.4477,0.4502,0.4474,0.4501,489244.2,1776181499999,219349.5938400,1671,4468.4,2000.0558400,0
1776181500000,0.4501,0.4501,0.4497,0.4498,645377.9,1776182399999,290359.9175700,1568,8891.2,4000.1506800,0
1776182400000,0.4582,0.4582,0.4579,0.4579,590367.3,1776183299999,270427.6200400,1512,13098.0,6000.1936000,0
1776183300000,0.4579,0.4579,0.4576,0.4577,601710.8,1776184199999,275466.7772700,1716,0,0,0
1776184200000,0.4577,0.4577,0.4548,0.4549,498738.7,1776185099999,227829.1820500,1746,0,0,0
1776185100000,0.4549,0.4549,0.452,0.4525,447567.1,1776185999999,203023.9230500,1236,4397.6,2000.0284800,0
1776186000000,0.4525,0.4525,0.452,0.4521,602148.8,1776186899999,272344.1777800,1495,11053.5,5000.1611000,0
1776186900000,0.4521,0.4521,0.4518,0.4518,717139.1,1776187799999,324114.8175600,1514,4425.8,2000.0190200,0
1776187800000,0.4518,0.4525,0.4518,0.4523,566608.2,1776188699999,256289.1320100,1492,15481.6,7000.1130400,0
1776188700000,0.4523,0.4542,0.4522,0.454,724926.2,1776189599999,328834.1005400,1663,15415.9,7000.1397200,0
1776189600000,0.454,0.454,0.4518,0.4518,763323.3,1776190499999,346237.3523300,1875,37464.2,17000.3707200,0
1776190500000,0.4518,0.4518,0.4496,0.4497,595650.2,1776191399999,268433.3817900,1853,6666.9,3000.1038000,0
1776191400000,0.4497,0.4519,0.4496,0.4519,483728.2,1776192299999,217718.6670900,1707,2223.8,1000.0428600,0
1776192300000,0.4519,0.5483,0.4514,0.4517,1367512.4,1776193199999,689756.3276700,1579,728997.4,399129.7754000,0
1776193200000,0.4517,0.4534,0.4508,0.4534,878727.9,1776194099999,396903.6551000,2127,22147.2,10000.3355200,0
1776194100000,0.4534,0.4549,0.4523,0.4549,822730.1,1776194999999,372658.3139500,2069,15458.8,7000.1797000,0
1776195000000,0.4549,0.4561,0.4548,0.4555,768352.0,1776195899999,350190.9273800,1960,35131.9,16000.1433100,0
1776195900000,0.4554,0.4555,0.4547,0.4547,872975.1,1776196799999,397355.6984100,2243,35151.7,16000.1664600,0
1776196800000,0.4547,0.4559,0.4537,0.4558,859976.6,1776197699999,391243.9617000,2179,28552.3,13000.2632900,0
1776197700000,0.4558,0.4558,0.4547,0.4547,846809.5,1776198599999,385308.4883900,2177,21986.0,10000.1121200,0
1776198600000,0.4547,0.4547,0.4531,0.4532,866941.4,1776199499999,393008.0326400,2135,19857.4,9000.2561200,0
1776199500000,0.4532,0.4532,0.4529,0.4529,839841.8,1776200399999,380505.0930000,2012,26485.2,12000.4439200,0
1776200400000,0.4529,0.4529,0.4526,0.4527,715800.3,1776201299999,324116.9765500,1884,28709.5,13000.1029000,0
1776201300000,0.4527,0.4527,0.4523,0.4524,831922.0,1776202199999,376471.3171800,2025,28725.5,13000.2771000,0
1776202200000,0.4524,0.4524,0.4521,0.4521,762098.4,1776203099999,344686.0622400,2040,17687.5,8000.2772000,0
1776203100000,0.4521,0.4561,0.4518,0.4561,786759.7,1776203999999,356032.0372100,1913,22123.3,10000.1739100,0
1776204000000,0.4561,0.4561,0.4558,0.4558,817080.3,1776204899999,372564.2335200,2036,21932.5,10000.1232500,0
1776204900000,0.4558,0.4558,0.4555,0.4556,834475.4,1776205799999,380269.9443400,1982,35112.5,16000.5461500,0
1776205800000,0.4556,0.461,0.4553,0.4609,669717.4,1776206699999,306392.2610500,1949,30683.4,14000.1604600,0
1776206700000,0.4609,0.4609,0.4605,0.4606,686295.1,1776207599999,316209.0705500,1890,17361.6,8000.2251800,0
1776207600000,0.4606,0.461,0.4604,0.4609,700443.9,1776208499999,322716.5229200,2002,15195.5,7000.1313900,0
1776208500000,0.4609,0.4623,0.4606,0.4623,870075.2,1776209399999,401143.1042100,2147,49895.3,23000.6197100,0
1776209400000,0.4623,0.4623,0.46,0.4601,875217.2,1776210299999,403308.4619800,2195,21718.6,10000.0938800,0
1776210300000,0.4601,0.4601,0.4598,0.4599,8730024.7,1776211199999,4015798.8843600,2202,45655.6,21000.4884400,0
1776211200000,0.4685,0.4685,0.4678,0.4679,792085.1,1776212099999,370765.7048800,2033,14957.6,7000.1568000,0
1776212100000,0.4679,0.4684,0.4675,0.4684,693562.0,1776212999999,324425.8450400,1963,27791.1,13000.4623100,0
1776213000000,0.4684,0.4684,0.468,0.4681,762079.7,1776213899999,356816.7104200,2079,12814.8,6000.1028100,0
1776213900000,0.4681,0.4681,0.4647,0.4647,841554.4,1776214799999,391553.1540200,2205,21497.0,10000.3611600,0
1776214800000,0.4647,0.4647,0.4644,0.4645,824805.9,1776215699999,383205.0615300,2153,34439.2,16000.2367600,0
1776215700000,0.4645,0.4645,0.4641,0.4642,820077.1,1776216599999,380776.3576400,2070,15075.0,7000.1836700,0
1776216600000,0.4642,0.4642,0.4636,0.4637,187383626.0,1776217499999,86944428.5557600,3154,113355788.3,52594301.4722900,0
1776217500000,0.4637,0.4637,0.4631,0.4631,190268318.5,1776218399999,88183626.6544800,3432,106073869.6,49163191.5690400,0
1776218400000,0.4631,0.4631,0.4628,0.4629,1756030.4,1776219299999,813028.7980000,2564,123114.5,57001.1481200,0
1776219300000,0.4629,0.4629,0.4625,0.4626,1978011.2,1776220199999,915248.1099200,2683,82124.0,38000.7185100,0
1776220200000,0.4626,0.4626,0.4622,0.4623,2419912.0,1776221099999,1119094.0678800,2858,99467.2,46000.9837600,0
1776221100000,0.4622,0.4623,0.459,0.4591,1875787.9,1776221999999,863328.2772900,2545,41304.0,19000.5424000,0
1776222000000,0.4591,0.464,0.459,0.4599,4044650.0,1776222899999,1873542.3939700,2361,2930945.5,1359066.3095900,0
1776222900000,0.46,0.46,0.4574,0.4575,757468.6,1776223799999,346815.2339500,2028,13112.7,6000.1528500,0
1776223800000,0.4575,0.4608,0.4574,0.4606,871666.9,1776224699999,401012.6231700,2148,28247.1,13000.3177500,0
1776224700000,0.4606,0.4606,0.4603,0.4603,813739.5,1776225599999,374713.1873400,2094,34745.1,16000.3352600,0
1776225600000,0.4603,0.4603,0.46,0.4601,1303355.4,1776226499999,599785.6262800,2152,21733.5,10000.2351500,0
1776226500000,0.4601,0.4601,0.4597,0.4598,2302244.9,1776227399999,1058889.2317300,2817,65229.3,30000.6934400,0
1776227400000,0.4598,0.4598,0.4595,0.4595,10135650.4,1776228299999,4657761.6662000,2829,93540.7,43001.3109600,0
1776228300000,0.4595,0.4595,0.4555,0.4556,2572514.3,1776229199999,1180011.2525100,2948,106965.6,49001.2464600,0
1776229200000,0.4556,0.4556,0.4552,0.4553,2496697.8,1776230099999,1137107.5290300,2889,90020.8,41000.5208200,0
1776230100000,0.4552,0.4553,0.4543,0.4544,2182838.6,1776230999999,992551.9622700,2626,85794.4,39001.2484600,0
1776231000000,0.4544,0.4544,0.4541,0.4541,2462781.6,1776231899999,1118816.1837900,2809,66037.8,30000.5314800,0
1776231900000,0.4541,0.4541,0.4513,0.4514,1857837.8,1776232799999,840765.9106000,2532,30857.2,14000.2913600,0
1776232800000,0.4514,0.4514,0.451,0.4511,1688083.5,1776233699999,761672.8889000,2332,4431.8,2000.0713400,0
1776233700000,0.4511,0.4511,0.4508,0.4508,1577691.9,1776234599999,711435.0752200,2162,4434.2,2000.0458900,0
1776234600000,0.4508,0.452,0.4507,0.4518,1380412.1,1776235499999,623296.5325400,2095,13276.9,6000.0523500,0
1776235500000,0.4518,0.4518,0.4515,0.4516,1671795.3,1776236399999,755127.6544200,2145,15495.8,7000.1166800,0
1776236400000,0.4516,0.4516,0.4512,0.4513,17509537.4,1776237299999,7903882.8172700,2286,134341.4,60654.9204600,0
1776237300000,0.4513,0.4513,0.451,0.451,22681028.9,1776238199999,10232918.2586500,2475,66066.5,29808.9831100,0
1776238200000,0.451,0.451,0.4468,0.4469,21096174.7,1776239099999,9488688.9896300,2461,312621.0,140856.5483700,0
1776239100000,0.4469,0.4469,0.4466,0.4466,19980567.7,1776239999999,8926364.6810500,2229,257723.8,115147.9121800,0
1776240000000,0.4466,0.455,0.4466,0.4547,1942395.7,1776240899999,883515.2573200,2147,13204.3,6000.2077100,0
1776240900000,0.4547,0.4551,0.4545,0.455,1394571.9,1776241799999,634278.9833600,1865,26376.5,12000.4268300,0
1776241800000,0.455,0.455,0.4534,0.4535,1387247.1,1776242699999,629519.2819700,2075,26446.5,12000.0911000,0
1776242700000,0.4535,0.4535,0.4531,0.4532,1548565.8,1776243599999,702021.4091700,2240,17645.8,8000.1645000,0
1776243600000,0.4532,0.4532,0.4526,0.4526,1850827.0,1776244499999,838163.6848100,2260,17659.5,8000.1930000,0
1776244500000,0.4526,0.4526,0.4519,0.4519,1966627.6,1776245399999,889219.4358700,2307,50878.6,23000.2222000,0
1776245400000,0.4519,0.4519,0.4516,0.4516,2530994.9,1776246299999,1143519.2888700,3000,95176.2,43000.6058600,0
1776246300000,0.4517,0.4517,0.4507,0.4508,2388297.9,1776247199999,1077394.6496100,2879,70951.7,32000.3097000,0
1776247200000,0.4508,0.4508,0.4504,0.4505,10568923.8,1776248099999,4761686.0437500,3111,2970993.2,1338449.2993800,0
1776248100000,0.4505,0.4505,0.4488,0.4491,2665287.2,1776248999999,1197781.5260800,3039,106834.7,48000.7280300,0
1776249000000,0.4491,0.4503,0.4488,0.4502,2192486.3,1776249899999,985099.7163100,2818,64504.6,29000.5501900,0
1776249900000,0.4502,0.4503,0.45,0.4502,2445293.5,1776250799999,1100807.8710600,2803,62197.9,28000.8274400,0
1776250800000,0.4502,0.4509,0.4496,0.4504,2485989.6,1776251699999,1119900.4670300,3010,93245.6,42000.8657600,0
1776251700000,0.4504,0.4504,0.4485,0.4486,2628771.5,1776252599999,1180499.2811400,3187,55678.5,25000.4778800,0
1776252600000,0.4486,0.4487,0.4483,0.4486,2617701.2,1776253499999,1174035.7410600,3127,51282.1,23000.4663900,0
1776253500000,0.4486,0.4491,0.4485,0.4489,2555756.2,1776254399999,1147465.2600800,2969,98001.8,44000.5760000,0
1776254400000,0.4489,0.4489,0.4436,0.4437,2592093.3,1776255299999,1156477.0430200,3009,92167.4,41000.5448200,0
1776255300000,0.4437,0.4437,0.4433,0.4433,50808656.4,1776256199999,22528862.4613500,3150,30716335.5,13619631.9530200,0
1776256200000,0.4434,0.4434,0.4431,0.4431,343923353.5,1776257099999,152457768.7581100,4416,286180558.6,126862267.1910000,0
1776257100000,0.4431,0.4431,0.4428,0.4429,418898735.1,1776257999999,185583217.3013400,4836,318251150.8,140995379.8986500,0
1776258000000,0.4429,0.4429,0.4426,0.4426,203384826.2,1776258899999,90055101.5532600,3530,137414548.2,60845768.2272900,0
1776258900000,0.4426,0.4426,0.442,0.4421,46647048.8,1776259799999,20635233.1462700,2710,9951818.8,4404127.4900900,0
1776259800000,0.4421,0.4421,0.4402,0.4403,28730149.1,1776260699999,12667547.0526900,3001,857000.3,377899.5750000,0
1776260700000,0.4403,0.4415,0.4402,0.4413,30952008.3,1776261599999,13658216.0991200,3272,1257599.9,554799.3124300,0
1776261600000,0.4413,0.4413,0.441,0.4411,30952013.2,1776262499999,13656028.1588700,3227,1233580.8,544301.6201400,0
1776262500000,0.4411,0.4411,0.4407,0.4408,313507188.6,1776263399999,138231873.7748000,4157,219511627.2,96788686.3850800,0
1776263400000,0.4408,0.4433,0.4406,0.4432,371575185.1,1776264299999,164104096.8705900,5512,252957041.0,111725226.4314800,0
1776264300000,0.4432,0.4457,0.4431,0.4456,99264455.2,1776265199999,44178008.4924100,2710,67502116.1,30033116.8680100,0
1776265200000,0.4457,0.4457,0.4441,0.4441,196041308.0,1776266099999,87282555.3833200,3934,103762596.1,46194718.6705700,0
1776266100000,0.4441,0.4448,0.4426,0.4427,390651913.1,1776266999999,173324343.4622300,6348,210369892.9,93322117.0309200,0
1776267000000,0.4427,0.4427,0.441,0.4419,347951100.3,1776267899999,153662081.8688600,5627,235344178.3,103913428.5486600,0
1776267900000,0.4419,0.4423,0.4418,0.442,301172460.5,1776268799999,133149171.9827200,5200,188025981.7,83129974.9491700,0
1776268800000,0.4421,0.4504,0.4421,0.4488,343344990.9,1776269699999,154220756.3531300,4944,262636631.6,117949913.4614600,0
1776269700000,0.4488,0.4489,0.4474,0.4475,776052919.7,1776270599999,347463450.7565000,5149,563414595.2,252212499.4119900,0
1776270600000,0.4475,0.4477,0.4466,0.4466,887113416.9,1776271499999,396882010.4635200,5512,719967676.9,322120614.4260200,0
1776271500000,0.4466,0.4485,0.4466,0.4482,884743097.7,1776272399999,396325921.0427900,5461,787485071.3,352726574.2287900,0
1776272400000,0.4483,0.4483,0.4479,0.4479,902590964.7,1776273299999,404506164.1943400,5531,733818413.1,328876245.1764700,0
1776273300000,0.448,0.448,0.4466,0.4467,748573726.5,1776274199999,335234650.4289200,4732,511721512.6,229208320.1167300,0
1776274200000,0.4467,0.4468,0.446,0.4461,787239647.4,1776275099999,351561824.3619400,5100,672773202.1,300456199.5383500,0
1776275100000,0.4461,0.4461,0.4458,0.4459,786168435.6,1776275999999,350638720.1140500,4993,700534548.2,312450251.0366700,0
1776276000000,0.4458,0.4497,0.4456,0.4496,899821691.7,1776276899999,402156801.1416300,5378,812465753.5,363217575.3409900,0
1776276900000,0.4496,0.4497,0.4493,0.4493,874132619.7,1776277799999,392945496.3510900,5347,740573835.8,332911274.6073400,0
1776277800000,0.4494,0.4521,0.4492,0.4519,771478580.8,1776278699999,347591038.7765800,4966,655589810.8,295308151.3706700,0
1776278700000,0.4519,0.4519,0.4506,0.4507,652546647.5,1776279599999,294189434.9540900,4444,537308252.0,242231760.7578800,0
1776279600000,0.4506,0.4507,0.4503,0.4503,680605736.6,1776280499999,306649369.6878300,4641,548048036.7,246931345.3370200,0
1776280500000,0.4503,0.4504,0.4501,0.4502,575607335.4,1776281399999,259191252.5076800,4248,508466722.2,228961764.8578000,0
1776281400000,0.4501,0.4502,0.4498,0.4499,588376892.9,1776282299999,264789509.0671300,4436,497932304.7,224089543.8845300,0
1776282300000,0.4498,0.4499,0.4496,0.4496,669983295.5,1776283199999,301337988.7643600,4559,552519196.3,248513353.6065600,0
1776283200000,0.4496,0.4496,0.4488,0.4488,569497676.9,1776284099999,255704122.5199500,3848,452832803.7,203313748.9853600,0
1776284100000,0.4488,0.4489,0.4485,0.4485,927614886.4,1776284999999,416236401.9341500,5597,785276360.7,352370784.5780100,0
1776285000000,0.4485,0.4486,0.4482,0.4482,927299813.4,1776285899999,415853884.6346800,5558,766379230.0,343696740.3212600,0
1776285900000,0.4482,0.4483,0.448,0.448,912681579.2,1776286799999,409062630.6793500,5473,818520630.5,366864746.5901000,0
1776286800000,0.448,0.4481,0.4478,0.4479,860541802.1,1776287699999,385501698.3217600,5401,710858263.8,318450709.0327100,0
1776287700000,0.4479,0.4479,0.4462,0.4463,562652605.3,1776288599999,251342109.8902000,3951,362895058.4,162084957.6155400,0
1776288600000,0.4463,0.4463,0.4459,0.4459,492260512.0,1776289499999,219622408.9547000,3553,393226421.0,175442883.8285000,0
1776289500000,0.446,0.446,0.4457,0.4458,416476345.8,1776290399999,185702396.1812600,3083,339118019.3,151211520.0334500,0
1776290400000,0.4457,0.4458,0.4454,0.4454,946579865.1,1776291299999,421821237.4814800,5629,811793683.4,361760203.2637300,0
1776291300000,0.4455,0.4455,0.4451,0.4451,908445086.7,1776292199999,404595423.4169200,5565,784000314.0,349179539.8556000,0
1776292200000,0.4452,0.4464,0.445,0.4463,801100235.5,1776293099999,356928493.4494900,5086,735763598.3,327827876.5006300,0
1776293100000,0.4463,0.4463,0.446,0.446,738384071.9,1776293999999,329461401.3994300,4866,645010740.3,287798999.6292300,0
1776294000000,0.4461,0.4461,0.4435,0.4435,795810363.3,1776294899999,353264581.2007200,5224,594019737.6,263599234.8673100,0
1776294900000,0.4436,0.4436,0.4433,0.4433,774354499.0,1776295799999,343420331.1383800,5094,682827963.4,302833291.5669300,0
1776295800000,0.4434,0.4434,0.443,0.443,778947647.2,1776296699999,345244648.3227400,5114,668410470.1,296256360.0573200,0
1776296700000,0.443,0.4431,0.4428,0.4428,869672005.3,1776297599999,385243664.2762400,5241,738000094.9,326923642.0407000,0
1776297600000,0.4429,0.4511,0.4429,0.4508,862874884.3,1776298499999,388721126.0617800,5294,771243108.8,347399831.9987800,0
1776298500000,0.4508,0.4509,0.4505,0.4505,712897524.7,1776299399999,321346363.6935600,4495,608483840.3,274287551.4575900,0
1776299400000,0.4506,0.4506,0.4498,0.4499,832972194.1,1776300299999,375118006.4893300,5297,679663711.0,306089443.2455500,0
1776300300000,0.4498,0.4499,0.4496,0.4496,875979795.1,1776301199999,394021679.3817100,5359,777110807.7,349555675.6533900,0
1776301200000,0.4496,0.4497,0.4493,0.4494,720688563.6,1776302099999,323979821.1911400,4904,604709074.0,271847063.6406300,0
1776302100000,0.4494,0.4494,0.4491,0.4491,858536175.1,1776302999999,385732203.9438300,5365,751250602.8,337533905.7453700,0
1776303000000,0.4492,0.4492,0.4488,0.4489,861433832.6,1776303899999,386813106.8524700,5334,723926028.1,325070695.5679700,0
1776303900000,0.4489,0.4504,0.4487,0.4503,672028753.9,1776304799999,301984031.9563100,4501,574413927.8,258142271.5761000,0
1776304800000,0.4503,0.4503,0.45,0.4501,774645538.4,1776305699999,348750700.9851300,4922,639887041.1,288083682.8502900,0
1776305700000,0.4501,0.4501,0.4498,0.4498,723240939.1,1776306599999,325429435.4226500,4624,625273748.5,281350894.1353900,0
1776306600000,0.4498,0.4498,0.4495,0.4496,869912171.9,1776307499999,391188573.5151200,5355,757170900.7,340493225.5077500,0
1776307500000,0.4495,0.4535,0.4494,0.4528,879186351.1,1776308399999,397652683.6348100,5529,747781550.6,338299125.5642500,0
1776308400000,0.4529,0.4544,0.4528,0.4541,836622458.9,1776309299999,379901804.5612600,5098,686836304.6,311873803.7323100,0
1776309300000,0.4541,0.4541,0.4538,0.4539,871192149.7,1776310199999,395527669.3165800,5111,775314451.9,352002685.8418400,0
1776310200000,0.4538,0.4539,0.4535,0.4535,880481793.1,1776311099999,399509404.8167400,5459,729140374.0,330844175.7745300,0
1776311100000,0.4536,0.4536,0.4533,0.4533,857542222.0,1776311999999,388883768.0110000,5276,767586317.3,348092530.5599300,0
1776312000000,0.4534,0.4534,0.453,0.453,630996314.1,1776312899999,285970054.7796200,4363,511142756.0,231649653.6845300,0
1776312900000,0.4531,0.4531,0.4527,0.4527,797152327.9,1776313799999,361090057.8153100,5039,684136039.4,309902600.8034200,0
1776313800000,0.4528,0.4549,0.4527,0.4547,480020257.5,1776314699999,217757049.8668800,3482,427723551.4,194015764.8375500,0
1776314700000,0.4548,0.4548,0.4545,0.4545,590066149.4,1776315599999,268313316.8344400,3946,452890398.8,205942765.3200900,0
1776315600000,0.4545,0.4617,0.4544,0.4616,1030341625.4,1776316499999,471137784.3770900,6359,940361313.7,429960496.9159600,0
1776316500000,0.4617,0.4617,0.4595,0.4595,847847547.8,1776317399999,390022533.1648400,5685,566546241.1,260547824.7554600,0
1776317400000,0.4595,0.462,0.4593,0.462,901977227.7,1776318299999,415164884.7534500,5683,818628785.2,376869508.6544600,0
1776318300000,0.4619,0.462,0.4614,0.4615,877714162.9,1776319199999,405267727.4209400,5786,665453199.3,307266307.1569200,0
1776319200000,0.4614,0.4615,0.4611,0.4612,866740870.1,1776320099999,399871448.9810900,5303,724183360.5,334110173.4113200,0
1776320100000,0.4612,0.4612,0.453,0.4585,868169509.3,1776320999999,397963369.2616500,5420,690117283.5,316169481.4007600,0
1776321000000,0.4585,0.4588,0.4574,0.4575,903980595.4,1776321899999,414310586.5655200,5783,645914790.7,296077249.2276100,0
1776321900000,0.4575,0.4575,0.4572,0.4572,870571786.6,1776322799999,398179849.5814600,5580,770636773.6,352477848.3259500,0
1776322800000,0.4572,0.4604,0.4571,0.4598,827165108.8,1776323699999,379827750.2720600,5542,719082109.2,330196016.0946000,0
1776323700000,0.4598,0.4598,0.4571,0.4572,911041060.7,1776324599999,418307915.6895100,5674,702718571.2,322699990.8675000,0
1776324600000,0.4572,0.4572,0.4569,0.4569,738563051.8,1776325499999,337593119.9955000,4670,642181009.0,293540517.9947700,0
1776325500000,0.4569,0.458,0.4568,0.4577,912540054.1,1776326399999,417655071.6337900,5554,778954214.5,356541940.5846500,0
1776326400000,0.4578,0.4663,0.4577,0.4661,881578679.0,1776327299999,410451185.5761900,5461,767461604.8,357255125.4664600,0
1776327300000,0.466,0.4681,0.4654,0.468,1003007285.8,1776328199999,468128253.5580500,6432,749383940.3,349791589.7795300,0
1776328200000,0.468,0.4694,0.4667,0.4676,898422763.2,1776329099999,420456853.7893700,5883,715816423.7,334971153.6503800,0
1776329100000,0.4676,0.4676,0.4648,0.4648,829992334.4,1776329999999,387140307.4955600,5387,526436448.9,245595611.9881400,0
1776330000000,0.4648,0.4654,0.4644,0.4653,268011429.2,1776330899999,124537268.0079400,2195,171493301.9,79684970.1385300,0
1776330900000,0.4653,0.4653,0.4644,0.4645,578666458.7,1776331799999,268893772.5284600,4088,408739128.8,189913541.0058500,0
1776331800000,0.4645,0.4688,0.4635,0.4686,1032868287.3,1776332699999,482491821.0512400,6281,882235752.6,412113235.1041100,0
1776332700000,0.4686,0.4687,0.4651,0.4651,807487447.6,1776333599999,377089755.5193700,5336,596545662.9,278606178.0375600,0
1776333600000,0.4651,0.4651,0.4648,0.4649,913171216.5,1776334499999,424630944.8405300,5442,775275049.6,360510559.7777700,0
1776334500000,0.4648,0.4649,0.4646,0.4647,879609732.5,1776335399999,408869152.6988000,5432,740284817.5,344115755.4831900,0
1776335400000,0.4647,0.4648,0.4603,0.4604,692241765.3,1776336299999,320899993.0113400,4730,497890992.0,230911048.6273400,0
1776336300000,0.4603,0.4604,0.4576,0.4577,1040770310.4,1776337199999,479016941.1552600,6249,879694879.7,404893673.5056300,0
1776337200000,0.4577,0.4577,0.4573,0.4573,1245013306.8,1776338099999,569662950.8463400,7295,1075416189.6,492069925.6488600,0
1776338100000,0.4574,0.459,0.4572,0.4589,1518830016.8,1776338999999,695681081.6040600,8563,1353835723.8,620118065.5726000,0
1776339000000,0.4589,0.4589,0.4585,0.4586,1445905285.7,1776339899999,663282271.3093300,8282,1228303197.6,563465166.1389600,0
1776339900000,0.4586,0.4619,0.4584,0.4618,1369878492.9,1776340799999,630211462.2841000,8276,1176107572.7,541076395.7737300,0
1776340800000,0.4617,0.4645,0.4616,0.4643,1193822455.8,1776341699999,553087283.8866400,7344,1038030530.1,480916209.3349300,0
1776341700000,0.4642,0.4643,0.464,0.464,852598184.9,1776342599999,395768580.1675500,5496,755282676.3,350601766.4349200,0
1776342600000,0.464,0.464,0.4624,0.4624,713033630.4,1776343499999,330202803.7908500,5073,571599334.8,264673540.4063200,0
1776343500000,0.4625,0.4647,0.4622,0.4647,945298675.2,1776344399999,437502691.4605300,5850,858668205.6,397449304.5622500,0
1776344400000,0.4647,0.4647,0.4643,0.4644,729112350.0,1776345299999,338697295.3065200,4897,595095132.4,276447127.9168100,0
1776345300000,0.4643,0.4644,0.4626,0.4628,883586145.1,1776346199999,409313060.4272000,5458,727565276.7,337019323.3628900,0
1776346200000,0.4628,0.4628,0.4624,0.4625,1160971065.5,1776347099999,537070364.7324300,6804,991915491.2,458865690.6187900,0
1776347100000,0.4624,0.4625,0.4578,0.4578,1292656529.2,1776347999999,595229637.7596000,7741,978352108.1,450466671.1601900,0
1776348000000,0.4579,0.4604,0.4568,0.4602,1426416831.3,1776348899999,654693701.8882300,8170,1227450256.9,563306638.0399400,0
1776348900000,0.4603,0.4603,0.4547,0.4548,1397877282.2,1776349799999,639692641.1650500,8347,1110618026.9,508222961.8778700,0
1776349800000,0.4547,0.4601,0.4547,0.4601,1389688033.6,1776350699999,636021733.6175800,7986,1218767339.0,557739269.1674000,0
1776350700000,0.4601,0.461,0.4598,0.4599,1069174109.7,1776351599999,492256024.0894500,6769,899627036.4,414185384.7754400,0
1776351600000,0.4599,0.4613,0.4597,0.461,699333956.3,1776352499999,322328515.4979000,4986,585519240.5,269887132.3358600,0
1776352500000,0.4611,0.4612,0.4602,0.461,933144364.8,1776353399999,430026509.7221100,5894,784986367.8,361754994.0417500,0
1776353400000,0.4611,0.4611,0.4608,0.4608,1394489909.8,1776354299999,642851713.4677100,7907,1248615158.0,575610244.8177600,0
1776354300000,0.4609,0.4657,0.4606,0.4656,1461908603.6,1776355199999,676866820.4002400,8815,1208294649.2,559427872.8861000,0
1776355200000,0.4656,0.4756,0.4656,0.4731,1346964209.0,1776356099999,639362350.4286200,8179,1126793151.9,534756993.6067700,0
1776356100000,0.4731,0.4735,0.4718,0.4735,1404488290.8,1776356999999,664430496.5215300,8185,1149955549.1,544095591.6999800,0
1776357000000,0.4735,0.475,0.4709,0.4749,1392543257.5,1776357899999,657629755.7775200,8302,1155394783.7,545656165.2852500,0
1776357900000,0.4749,0.4749,0.4718,0.4719,1107267345.3,1776358799999,525055936.5410000,6528,925226496.0,438677609.3604900,0
1776358800000,0.4718,0.472,0.4717,0.4718,797291929.8,1776359699999,376239519.6086500,5097,650409892.5,306934301.5306700,0
1776359700000,0.4718,0.4737,0.4715,0.4737,695021749.4,1776360599999,327851772.9690500,4220,614677676.5,289957624.3849100,0
1776360600000,0.4737,0.4737,0.4709,0.4709,768273155.0,1776361499999,362811182.6451900,4838,629878492.2,297389376.0364100,0
1776361500000,0.4709,0.4748,0.4708,0.4747,1006471363.9,1776362399999,476377786.3308300,6284,847220609.5,401093660.4393500,0
1776362400000,0.4746,0.4747,0.4717,0.4718,1380398002.6,1776363299999,653750343.3544800,7980,1134498615.6,537326073.4951200,0
1776363300000,0.4717,0.4718,0.4714,0.4715,1398417920.2,1776364199999,659578097.0739400,8100,1172566684.2,553059152.3181900,0
1776364200000,0.4714,0.4715,0.465,0.4681,1254919225.0,1776365099999,585930205.4185000,7626,849543354.5,396451389.3919600,0
1776365100000,0.4681,0.4681,0.4677,0.4678,1346868467.4,1776365999999,630223809.3766000,7769,1091425992.9,510700992.4983400,0
1776366000000,0.4677,0.4678,0.4674,0.4675,1414618772.1,1776366899999,661552951.1042900,8131,1206493268.3,564227161.6715100,0
1776366900000,0.4674,0.4675,0.4672,0.4672,1128435431.1,1776367799999,527422709.4586800,6916,979794618.4,457954450.7265600,0
1776367800000,0.4672,0.4672,0.4669,0.467,1356148617.2,1776368699999,633471103.6791900,7696,1155071059.1,539548945.5274300,0
1776368700000,0.467,0.467,0.4666,0.4667,1231232358.8,1776369599999,574796151.9263400,7017,990456977.8,462397813.9213400,0
1776369600000,0.4667,0.4702,0.4664,0.4701,1169390888.8,1776370499999,547096711.5067100,7013,1014819058.7,474838584.7760500,0
1776370500000,0.4701,0.4715,0.47,0.4704,1420385065.8,1776371399999,668352826.0443100,8328,1221273879.6,574649244.7504100,0
1776371400000,0.4704,0.4704,0.47,0.47,1312172195.4,1776372299999,617079121.1152000,7827,1116741281.8,525182220.2959300,0
1776372300000,0.47,0.4701,0.4698,0.4699,1359932980.6,1776373199999,639149239.2393800,7838,1192263467.5,560352033.7047500,0
1776373200000,0.4699,0.4699,0.4648,0.466,1440685628.2,1776374099999,672774174.1976500,8328,1205404722.8,562727161.6296400,0
1776374100000,0.4659,0.466,0.4638,0.464,967577911.5,1776374999999,449874201.6474400,6383,677891957.3,315195189.3686500,0
1776375000000,0.4641,0.4641,0.4638,0.4639,1109222090.8,1776375899999,514675719.2704700,6441,982115353.4,455701461.0876300,0
1776375900000,0.4639,0.466,0.4637,0.4658,1306168936.7,1776376799999,607961188.0542000,7609,1118340124.3,520567080.9568500,0
1776376800000,0.4658,0.4658,0.4651,0.4651,1278833017.2,1776377699999,595289091.1653500,7727,1049217792.5,488411930.9411900,0
1776377700000,0.4651,0.4652,0.4609,0.463,1430839178.1,1776378599999,662711438.9983000,8318,1158584744.5,536559809.9990200,0
1776378600000,0.463,0.463,0.4627,0.4627,1388077068.3,1776379499999,642562322.8001000,8004,1187832148.9,549871511.2756300,0
1776379500000,0.4628,0.4637,0.4626,0.4635,1290330728.5,1776380399999,597918845.6610100,7575,1126877861.7,522190649.3592200,0
1776380400000,0.4634,0.4635,0.4631,0.4632,1078519843.9,1776381299999,499710479.7577500,6819,887336314.4,411133705.7376200,0
1776381300000,0.4632,0.4632,0.4628,0.4628,964351977.0,1776382199999,446562836.1371800,6135,839580727.8,388789903.3002200,0
1776382200000,0.4628,0.4641,0.4628,0.4638,1193360573.4,1776383099999,553632408.8238500,7092,1069713439.0,496268066.7487300,0
1776383100000,0.4639,0.4639,0.4636,0.4636,1454572143.9,1776383999999,674631427.8470500,8444,1234460216.7,572551859.0800800,0
1776384000000,0.4637,0.4724,0.4636,0.4677,1348031665.0,1776384899999,632880086.8302600,8291,1023907771.5,480879005.7907400,0
1776384900000,0.4677,0.4682,0.4658,0.4658,1397283094.3,1776385799999,653428134.3079500,8322,1127915483.6,527442788.7950500,0
1776385800000,0.4659,0.4659,0.4655,0.4655,1397692305.6,1776386699999,651006301.3878500,8147,1183612333.3,551300888.0563100,0
1776386700000,0.4656,0.4656,0.4653,0.4654,1219652331.6,1776387599999,567746461.5947800,7229,1093966922.9,509241845.5180300,0
1776387600000,0.4654,0.4654,0.465,0.465,1428769218.5,1776388499999,664706621.1778800,8171,1206964450.3,561521456.3752200,0
1776388500000,0.465,0.4683,0.4648,0.4682,1277767299.2,1776389399999,595557443.7851100,7577,1094823947.9,510382228.1048800,0
1776389400000,0.4682,0.4692,0.468,0.4686,1480847268.0,1776390299999,693979084.5505100,8623,1308549017.3,613248139.6344200,0
1776390300000,0.4687,0.4687,0.4667,0.4667,1441602722.8,1776391199999,674920318.5460500,8392,1211800946.4,567357951.9836900,0
1776391200000,0.4667,0.4667,0.4645,0.4646,1277877787.3,1776392099999,594842872.4047900,7905,961629743.9,447553206.5896200,0
1776392100000,0.4645,0.4646,0.4642,0.4642,1375554030.2,1776392999999,638831769.4741500,7851,1193836337.1,554444937.1269400,0
1776393000000,0.4642,0.4643,0.4631,0.4633,1348953017.0,1776393899999,625157792.2643600,7816,1127275455.5,522416906.4158300,0
1776393900000,0.4633,0.4634,0.463,0.4631,1382868188.7,1776394799999,640611357.6130100,8101,1131483879.1,524169523.2414900,0
1776394800000,0.4631,0.4631,0.4628,0.4628,1403430769.4,1776395699999,649770677.8168400,8001,1192976755.0,552338992.9167700,0
1776395700000,0.4628,0.4628,0.4625,0.4626,1409773900.5,1776396599999,652316102.3689400,8088,1181259306.1,546582228.0372100,0
1776396600000,0.4626,0.4626,0.4622,0.4622,1007574865.5,1776397499999,465948118.9447400,6352,833111721.7,385273750.9212800,0
1776397500000,0.4623,0.4623,0.4619,0.462,1465906888.5,1776398399999,677513432.0540400,8422,1283873909.5,593390214.4787700,0
1776398400000,0.4619,0.4629,0.4619,0.4627,1446144654.3,1776399299999,669101957.8471400,8271,1315374084.4,608586800.9305900,0
1776399300000,0.4627,0.4627,0.4624,0.4625,1469076608.4,1776400199999,679586107.4086100,8296,1271160239.7,588036490.3654800,0
1776400200000,0.4625,0.4666,0.4622,0.4665,1479804837.0,1776401099999,685547406.1074400,8565,1281707645.5,593763365.9886100,0
1776401100000,0.4664,0.4665,0.4662,0.4663,1426563562.3,1776401999999,665348123.2909900,8111,1300953460.1,606767697.0057500,0
1776402000000,0.4663,0.4663,0.4618,0.4619,1274090779.9,1776402899999,589567181.3912500,7635,1003329162.0,464087512.6259900,0
1776402900000,0.4619,0.4619,0.4615,0.4616,1259811084.2,1776403799999,581706119.5294900,7473,1059023368.2,488999344.7884600,0
1776403800000,0.4616,0.4616,0.4604,0.4605,1404571546.0,1776404699999,647778671.2946600,8289,1129761193.8,521048508.5538900,0
1776404700000,0.4604,0.4651,0.4601,0.4651,1386388597.0,1776405599999,638770173.4006300,8063,1129992893.5,520692949.4927000,0
1776405600000,0.465,0.4702,0.4648,0.4702,1383171425.3,1776406499999,645734889.3159500,8276,1189501958.0,555507159.6526000,0
1776406500000,0.4701,0.4731,0.4675,0.4676,1262797257.0,1776407399999,595252832.0804700,8038,954351494.3,449728235.5424200,0
1776407400000,0.4675,0.4679,0.4664,0.4666,1322715777.4,1776408299999,617705077.4306300,7704,1051829550.7,491155098.1602300,0
1776408300000,0.4667,0.4668,0.4665,0.4665,1523158938.2,1776409199999,710857775.0220800,8642,1358798791.8,634158768.7620900,0
1776409200000,0.4665,0.4693,0.4665,0.469,1471931058.0,1776410099999,689722096.5641200,8285,1308816209.6,613247507.5148700,0
1776410100000,0.4691,0.4691,0.4687,0.4687,1506951316.7,1776410999999,706660517.3963700,8607,1317485018.7,617815511.8785000,0
1776411000000,0.4688,0.4688,0.4671,0.4672,1201480499.8,1776411899999,561936452.4743800,7068,998725990.4,467044577.4896600,0
1776411900000,0.4672,0.4701,0.4661,0.4701,1375477216.7,1776412799999,642590256.4257000,8180,1039909522.9,485913033.2170400,0
1776412800000,0.4701,0.4785,0.4701,0.4769,1453103035.5,1776413699999,692566207.7127000,8764,1157377024.5,551589899.7876200,0
1776413700000,0.4769,0.4797,0.4765,0.479,1450800233.7,1776414599999,693825496.2694100,8945,1194059024.2,571072003.1439200,0
1776414600000,0.479,0.479,0.4787,0.4788,1416992537.5,1776415499999,678606879.0173300,8188,1216216440.1,582454394.9637300,0
1776415500000,0.4787,0.4798,0.4773,0.4796,1189009936.0,1776416399999,569577580.0254700,7459,969550163.1,464548085.6496900,0
1776416400000,0.4797,0.4797,0.4772,0.4778,1248922296.7,1776417299999,597991719.1879300,7444,958025280.3,458658072.7228500,0
1776417300000,0.4779,0.4782,0.4773,0.4779,1449013584.2,1776418199999,692577866.5490100,8626,1138494734.2,544189534.4393400,0
1776418200000,0.4779,0.4779,0.4776,0.4777,1451585556.7,1776419099999,693568454.7690100,8221,1264144354.5,604011568.5926100,0
1776419100000,0.4777,0.4777,0.4753,0.4754,1469525638.0,1776419999999,698949487.5537600,8477,1236628179.5,588084725.9404300,0
1776420000000,0.4754,0.4778,0.4753,0.4776,1498455017.0,1776420899999,715628948.6654200,8441,1334699567.4,637415576.1838900,0
1776420900000,0.4776,0.4776,0.4764,0.4764,1007145493.2,1776421799999,480573357.0036300,6347,817713585.9,390174062.9918900,0
1776421800000,0.4765,0.4765,0.4762,0.4762,1434341036.6,1776422699999,683298049.6204300,8220,1210320265.4,576586881.7067600,0
1776422700000,0.4762,0.4762,0.4752,0.4752,1486533169.5,1776423599999,707484839.8901200,8517,1293466327.2,615626515.9353000,0
1776423600000,0.4752,0.4765,0.4751,0.4763,1464744813.9,1776424499999,697011200.7713400,8452,1245953875.8,592898349.0646100,0
1776424500000,0.4763,0.4763,0.476,0.476,1459590369.5,1776425399999,695046137.0099800,8146,1272475749.3,605948024.3725000,0
1776425400000,0.4761,0.4761,0.4757,0.4757,1303448935.6,1776426299999,620342215.2475700,7626,1118042117.3,532105110.4889100,0
1776426300000,0.4758,0.4758,0.4754,0.4754,1210641614.2,1776427199999,575803272.0679500,7137,1041825288.2,495513093.5218300,0
1776427200000,0.4754,0.4755,0.4742,0.4742,1470187872.1,1776428099999,697721475.9524400,8466,1297974032.7,615991139.8141100,0
1776428100000,0.4742,0.4751,0.474,0.4751,1559308716.4,1776428999999,739670096.7401500,8751,1413717098.9,670636732.6773900,0
1776429000000,0.475,0.4751,0.4727,0.4728,1474632687.1,1776429899999,699051826.0367200,8772,1159795453.4,549712327.3868000,0
1776429900000,0.4728,0.4743,0.4726,0.4743,1428487870.6,1776430799999,676515064.5947500,8751,1012906317.9,479664492.2157800,0
1776430800000,0.4743,0.475,0.4727,0.475,1156340958.9,1776431699999,547436790.3799100,7174,898483184.1,425356748.6399300,0
1776431700000,0.475,0.4753,0.4745,0.4746,1360920986.9,1776432599999,646554619.4016700,7867,1153164218.5,547852325.5144300,0
1776432600000,0.4746,0.4761,0.4729,0.473,1458071750.2,1776433499999,691561062.7317400,8799,1126783448.2,534434774.4105800,0
1776433500000,0.4729,0.4732,0.4728,0.4731,1401302379.6,1776434399999,662848022.5234400,7883,1217358906.8,575838907.3480200,0
1776434400000,0.4731,0.4737,0.4729,0.4734,1351300060.6,1776435299999,639780935.5149500,8009,1138328624.1,538966525.6540500,0
1776435300000,0.4734,0.4738,0.4731,0.4738,1243383329.9,1776436199999,588509575.1517400,7144,1071189699.6,507014736.0149300,0
1776436200000,0.4738,0.4744,0.4736,0.4742,1342920745.6,1776437099999,636719455.1326700,7678,1196257660.8,567196414.9196500,0
1776437100000,0.4742,0.4742,0.4736,0.4737,1431750740.9,1776437999999,678469064.3602000,8315,1209625453.9,573203077.3456000,0
1776438000000,0.4737,0.4765,0.4734,0.4759,1478841090.5,1776438899999,701703144.5389300,8709,1261875928.9,598747346.5539600,0
1776438900000,0.4759,0.4759,0.4755,0.4755,1414968473.4,1776439799999,673205850.5086600,8287,1179042906.3,560969006.3866400,0
1776439800000,0.4756,0.4756,0.4747,0.4748,1151700425.0,1776440699999,547594561.5443900,7091,917888766.6,436464122.6062200,0
1776440700000,0.4748,0.4748,0.4727,0.4727,1274897866.9,1776441599999,605106013.6072000,7591,1028174833.1,488060563.6067000,0
1776441600000,0.4727,0.4808,0.4727,0.4805,1543654815.9,1776442499999,741592153.4282700,8813,1369880556.3,658076626.5507900,0
1776442500000,0.4805,0.4805,0.4802,0.4803,1556383496.0,1776443399999,747679685.1017500,8872,1403776509.2,674374149.7446800,0
1776443400000,0.4803,0.4805,0.4795,0.4803,1451244182.9,1776444299999,696557684.9787700,8381,1231501906.1,591093007.3465200,0
1776444300000,0.4803,0.4804,0.48,0.4801,1268221593.0,1776445199999,609058917.6879600,7319,1068067951.1,512943353.7052600,0
1776445200000,0.4801,0.4801,0.4756,0.4757,1297774865.0,1776446099999,620958715.9878900,7808,1011294709.6,483806048.2303200,0
1776446100000,0.4757,0.4774,0.4745,0.4746,1279196490.0,1776446999999,609897299.0912400,7695,1054072395.7,502657215.7175300,0
1776447000000,0.4746,0.4746,0.4743,0.4744,1123201056.1,1776447899999,532960321.1196100,6579,1006301852.1,477495997.9685800,0
1776447900000,0.4744,0.4744,0.474,0.4741,1275102684.2,1776448799999,604670028.7180500,7494,1086629246.5,515296603.1460000,0
1776448800000,0.4741,0.4769,0.4739,0.4767,1478637299.4,1776449699999,703929650.6096000,8490,1315725422.7,626414509.9952500,0
1776449700000,0.4767,0.4788,0.4765,0.4786,1389028239.5,1776450599999,664032993.8207400,7893,1218135400.6,582373269.2913300,0
1776450600000,0.4786,0.4786,0.4783,0.4784,1249986505.6,1776451499999,598118354.8080100,7244,1081305500.5,517406793.5115300,0
1776451500000,0.4784,0.4784,0.4761,0.4762,1350413752.2,1776452399999,644948901.9920700,7935,1015317724.4,484873971.1920100,0
1776452400000,0.4761,0.4762,0.4758,0.4759,1150590749.1,1776453299999,547739318.0006800,6776,976951546.3,465080205.5482900,0
1776453300000,0.4759,0.4759,0.4742,0.4744,1262081207.6,1776454199999,599831885.1276000,7858,1043898045.4,496161876.4193800,0
1776454200000,0.4745,0.475,0.4736,0.4741,1492512200.5,1776455099999,708182558.7799100,8725,1239113879.0,587955893.4385000,0
1776455100000,0.4741,0.4741,0.4733,0.4738,1527110560.5,1776455999999,723539832.4616200,8848,1324378501.6,627478116.3734200,0
1776456000000,0.4738,0.4741,0.4737,0.4738,1489578114.3,1776456899999,705970568.0449800,8508,1322120397.1,626607540.9828200,0
1776456900000,0.4738,0.4738,0.4735,0.4735,1401915261.1,1776457799999,664096084.9223000,8222,1160735475.9,549847157.4043400,0
1776457800000,0.4736,0.4736,0.473,0.473,927403307.1,1776458699999,438896975.9338700,5771,777975708.2,368179822.0088200,0
1776458700000,0.4731,0.4788,0.4729,0.4786,1025563893.6,1776459599999,488076684.9459100,6584,897692436.3,427133207.5578500,0
1776459600000,0.4786,0.4786,0.4783,0.4783,1151500199.8,1776460499999,550958793.8096500,7015,980394475.8,469090896.0858100,0
1776460500000,0.4783,0.4783,0.478,0.4781,1458096994.2,1776461399999,697271469.2567900,8376,1276835260.8,610591523.7867800,0
1776461400000,0.478,0.4781,0.4777,0.4778,1268944123.1,1776462299999,606476540.3357500,7681,1060647656.0,506928753.8085600,0
1776462300000,0.4778,0.4797,0.4777,0.4794,1410734936.5,1776463199999,676418434.5956100,8378,1206855641.6,578657174.9739700,0
1776463200000,0.4793,0.4794,0.479,0.4791,850936781.6,1776464099999,407836156.8679000,5723,713982891.9,342204214.8023500,0
1776464100000,0.4791,0.4791,0.4788,0.4789,989146196.9,1776464999999,473798354.1592100,6378,828097559.2,396658871.8415200,0
1776465000000,0.4789,0.4789,0.4785,0.4785,1424544102.4,1776465899999,681940381.7959500,8299,1209435563.2,578967680.6419300,0
1776465900000,0.4786,0.4786,0.4782,0.4782,1480523484.7,1776466799999,708333139.5584800,8601,1269343381.9,607300647.3046900,0
1776466800000,0.4783,0.4783,0.4779,0.478,1340244383.7,1776467699999,640839264.3384200,7890,1152849378.1,551241722.8517600,0
1776467700000,0.4779,0.478,0.4776,0.4776,1137528519.9,1776468599999,543606167.8691700,6983,962381816.5,459912583.4883100,0
1776468600000,0.4777,0.4777,0.4749,0.4749,1443417210.5,1776469499999,686855229.8315200,8446,1274092001.3,606284132.6408400,0
1776469500000,0.475,0.476,0.4748,0.4757,1548050671.6,1776470399999,736096456.4760300,8927,1360973971.6,647137598.8962100,0
1776470400000,0.4758,0.4859,0.4757,0.4831,1570949043.3,1776471299999,759480176.9575200,9182,1394635383.1,674119072.4500900,0
1776471300000,0.4831,0.4832,0.4825,0.4826,1351284755.2,1776472199999,652473976.5266100,7883,1152276170.4,556385023.5214500,0
1776472200000,0.4826,0.4826,0.4812,0.4812,911656342.9,1776473099999,439262184.2271900,5981,704488390.4,339420475.9570000,0
1776473100000,0.4813,0.4819,0.481,0.4819,1242934770.7,1776473999999,598228733.1034500,7070,1115214055.6,536770857.2448100,0
1776474000000,0.4819,0.4819,0.4805,0.4805,1503091472.4,1776474899999,723533269.4274300,8779,1247528012.9,600532673.1923300,0
1776474900000,0.4806,0.4806,0.4802,0.4802,1422593996.3,1776475799999,683451903.6894200,8392,1220021688.9,586134025.5464400,0
1776475800000,0.4803,0.4808,0.4801,0.4805,1447953774.3,1776476699999,695744744.9815700,8526,1199846012.9,576528344.1443100,0
1776476700000,0.4805,0.4805,0.4802,0.4804,1153604357.9,1776477599999,554254241.7806000,6954,970303079.5,466192250.4035200,0
1776477600000,0.4805,0.4805,0.4801,0.4802,1229040451.3,1776478499999,590351609.7814800,7491,1048136503.4,503460745.1196800,0
1776478500000,0.4802,0.4802,0.4786,0.4786,1480079734.1,1776479399999,709001867.9788900,8498,1254804837.8,601087353.4838700,0
1776479400000,0.4786,0.4786,0.4783,0.4783,1447290326.8,1776480299999,692534328.6672100,8376,1253683387.8,599894164.7742800,0
1776480300000,0.4784,0.4784,0.4776,0.4776,1490444342.5,1776481199999,712336082.9264900,8777,1230653421.7,588166575.3434600,0
1776481200000,0.4777,0.4777,0.4773,0.4774,1333791631.0,1776482099999,636930769.5396900,7686,1106589989.0,528440101.2955700,0
1776482100000,0.4773,0.4778,0.4772,0.4774,1357072651.7,1776482999999,647999745.3859400,8020,1191561976.0,568979964.7433700,0
1776483000000,0.4774,0.4774,0.4762,0.4764,1292176817.0,1776483899999,616139738.6215900,7911,1086027084.4,517847229.9445900,0
1776483900000,0.4764,0.4764,0.473,0.4731,1442297871.5,1776484799999,686725123.3943600,8361,1241842783.4,591279129.3555700,0
1776484800000,0.4731,0.4744,0.4728,0.4743,1534486800.6,1776485699999,726911841.7538700,8823,1348940962.5,639049658.3398800,0
1776485700000,0.4743,0.4767,0.4741,0.4763,1522036209.0,1776486599999,724346079.8706500,8998,1297998595.4,617731308.5620200,0
1776486600000,0.4763,0.4763,0.476,0.476,1261644060.6,1776487499999,600791341.3125300,7353,1089414106.2,518779390.4474700,0
1776487500000,0.476,0.476,0.4757,0.4758,839376336.0,1776488399999,399464183.4081500,5389,707281561.3,336599819.4153200,0
1776488400000,0.4758,0.4761,0.4755,0.476,848684147.6,1776489299999,403773027.9243900,5634,751984712.3,357773643.7461800,0
1776489300000,0.476,0.476,0.4757,0.4757,1244451059.4,1776490199999,592199159.0133100,7121,1075950829.2,512022827.9398300,0
1776490200000,0.4757,0.4761,0.4756,0.4759,1568168079.0,1776491099999,746372800.1865300,8920,1403062888.6,667799860.5099400,0
1776491100000,0.4758,0.4784,0.4756,0.4778,1449897311.1,1776491999999,691044067.7401400,8591,1218269601.5,580605179.2834000,0
1776492000000,0.4779,0.478,0.4766,0.4767,1323148052.8,1776492899999,631847814.0220900,7708,1114825655.4,532386017.0662400,0
1776492900000,0.4767,0.4798,0.4764,0.4797,1492942408.8,1776493799999,712004918.9243100,8453,1304999017.2,622437248.4503700,0
1776493800000,0.4798,0.4805,0.4782,0.4782,1455912932.4,1776494699999,698291895.2811900,8529,1258095796.5,603362023.9893300,0
1776494700000,0.4783,0.4803,0.4781,0.48,1485088239.7,1776495599999,712341661.7030400,8546,1260004007.5,604385098.9766800,0
1776495600000,0.48,0.4801,0.4797,0.4798,1470469261.8,1776496499999,705742845.5790800,8317,1228954507.3,589834870.6857200,0
1776496500000,0.4797,0.4798,0.4794,0.4795,1407442828.8,1776497399999,675097887.2306000,8154,1177056824.3,564599632.6503600,0
1776497400000,0.4794,0.4848,0.4794,0.4847,1516010035.5,1776498299999,731399564.1282700,8466,1419600017.0,684822573.1604600,0
1776498300000,0.4847,0.4882,0.4847,0.488,1350742227.8,1776499199999,656864127.3886700,7944,1234349068.8,600214249.8189400,0
1776499200000,0.488,0.4981,0.488,0.498,1516862724.6,1776500099999,753474186.4783600,9184,1339451106.0,665391292.4007500,0
1776500100000,0.498,0.498,0.4948,0.4948,1437799789.8,1776500999999,713211986.5266500,8280,1219537895.4,604910672.7836600,0
1776501000000,0.4949,0.4949,0.4916,0.4916,1247155158.6,1776501899999,615743579.3510400,7626,960379972.3,474072364.9942800,0
1776501900000,0.4917,0.4919,0.4914,0.4914,1432337630.1,1776502799999,704265486.1755200,8444,1205696565.6,592835112.8630200,0
1776502800000,0.4915,0.5051,0.4913,0.4996,1309530701.6,1776503699999,649366661.2101300,8230,1097345263.4,543712207.5567000,0
1776503700000,0.4995,0.4996,0.4969,0.4969,1447608829.0,1776504599999,720576063.4679200,8517,1242533312.7,618460926.0506300,0
1776504600000,0.4969,0.5135,0.4969,0.5056,1473169920.1,1776505499999,747788788.8501800,9006,1333412326.7,676660494.4295900,0
1776505500000,0.5056,0.5087,0.5053,0.5087,1430791605.0,1776506399999,724319801.3638300,8372,1272979589.6,644463177.3209900,0
1776506400000,0.5087,0.5087,0.5051,0.5051,1160936199.8,1776507299999,588611928.6711200,7187,926776751.3,469872236.4607700,0
1776507300000,0.5052,0.511,0.5051,0.5075,1203445634.8,1776508199999,612205772.0607700,7251,1076342058.6,547469720.8795300,0
1776508200000,0.5076,0.5095,0.5073,0.5093,1118942613.3,1776509099999,568739442.8659200,7274,951170273.1,483461754.4333400,0
1776509100000,0.5093,0.5093,0.5075,0.5075,1320366248.6,1776509999999,671262208.0843700,8197,1070795692.2,544358228.4679300,0
1776510000000,0.5076,0.5076,0.5067,0.5068,1091988287.4,1776510899999,553983559.7667400,6779,880451112.0,446682279.4985400,0
1776510900000,0.5068,0.5077,0.5039,0.5064,1444631205.3,1776511799999,730628922.1848700,8476,1199719239.0,606795698.5224900,0
1776511800000,0.5064,0.5064,0.504,0.5041,1345114918.7,1776512699999,679244253.4320100,8041,1062631157.7,536570476.4454400,0
1776512700000,0.5041,0.5041,0.4979,0.498,1258710177.1,1776513599999,627288684.0974200,7556,1050943491.0,523509925.7413400,0
1776513600000,0.498,0.4987,0.4972,0.4985,1329364465.0,1776514499999,662190994.9218200,7876,1127764928.1,561789230.9992000,0
1776514500000,0.4985,0.4985,0.4959,0.496,1367297979.4,1776515399999,679035299.9648700,7961,1198574604.7,595207856.8279000,0
1776515400000,0.4959,0.496,0.4949,0.4949,1525528525.1,1776516299999,756232422.9197800,8679,1321060534.7,654875359.5732800,0
1776516300000,0.4949,0.4986,0.494,0.4984,1573309062.2,1776517199999,780270975.3943400,9029,1411659685.7,700146253.5991500,0
1776517200000,0.4985,0.5046,0.4984,0.5045,1417119756.4,1776518099999,711745007.2288300,8152,1257434896.2,631492416.1939100,0
1776518100000,0.5045,0.5069,0.5022,0.5064,1327058555.1,1776518999999,669001251.2935000,8386,1026512291.3,517451691.4734500,0
1776519000000,0.5063,0.5095,0.5057,0.5058,1487076016.9,1776519899999,754811847.0862200,9025,1202545963.5,610365420.0553000,0
1776519900000,0.5058,0.5194,0.5057,0.5167,1475586093.8,1776520799999,758245035.9734600,8980,1279855374.2,657500076.0806400,0
1776520800000,0.5167,0.5168,0.5105,0.5109,1435742571.3,1776521699999,736233043.8347700,8805,1033616970.3,529499371.0034000,0
1776521700000,0.5109,0.5143,0.5106,0.5143,1328837400.0,1776522599999,679522317.5987600,7824,1167780939.0,597233111.5038500,0
1776522600000,0.5143,0.5143,0.5037,0.5046,895994263.0,1776523499999,455618744.3539000,6281,631640096.3,321094028.0426700,0
1776523500000,0.5046,0.5047,0.5027,0.5027,482122860.0,1776524399999,242601725.1930300,3802,376952646.6,189668947.6933400,0
1776524400000,0.5028,0.5052,0.5027,0.5052,853052801.4,1776525299999,430340942.4201100,5118,790177133.4,398645119.7875400,0
1776525300000,0.5051,0.5102,0.505,0.5091,1532715528.0,1776526199999,779816718.2360700,8975,1257200105.8,639580188.8481900,0
1776526200000,0.5092,0.5132,0.509,0.5132,1503900267.7,1776527099999,766866118.0276800,8853,1275602861.2,650498013.6022500,0
1776527100000,0.5132,0.5134,0.5095,0.5132,1463671894.5,1776527999999,749677781.1154600,8502,1191794035.9,610287311.5006800,0
1776528000000,0.5132,0.5268,0.5132,0.5232,1118648166.9,1776528899999,585221570.2381100,7387,885242449.0,463021637.3776200,0
1776528900000,0.5231,0.5324,0.5229,0.5294,1356749312.6,1776529799999,712648110.2067000,8280,1153529779.9,605688808.6371000,0
1776529800000,0.5294,0.5294,0.5201,0.5247,1323260242.1,1776530699999,695530249.4025900,8331,1011327472.3,531442574.3873600,0
1776530700000,0.5247,0.5247,0.5178,0.5204,1467565394.7,1776531599999,762359358.2502500,8872,1146289450.0,595207431.9135600,0
1776531600000,0.5204,0.5204,0.506,0.5096,1447966792.0,1776532499999,746194396.0540400,8884,1088017915.4,560985501.9173700,0
1776532500000,0.5095,0.512,0.5094,0.5105,1059044915.6,1776533399999,540497961.0200900,6601,941592682.8,480566399.1105700,0
1776533400000,0.5105,0.5105,0.5007,0.5007,897233471.4,1776534299999,453895300.4277700,6071,619544186.5,313412312.1977100,0
1776534300000,0.5008,0.5008,0.4993,0.4994,1196948276.7,1776535199999,598295264.0214800,7319,1010678211.5,505164625.6728500,0
1776535200000,0.4993,0.4994,0.4964,0.4965,1447797787.5,1776536099999,721537324.9362800,8489,1262320788.0,629081799.4010300,0
1776536100000,0.4965,0.4966,0.4938,0.4938,1426801946.8,1776536999999,708140129.7660200,8395,1167481296.3,579439904.9800800,0
1776537000000,0.4939,0.4939,0.4872,0.4886,1388663320.2,1776537899999,679027859.2519800,8453,1042527009.6,509486162.4447400,0
1776537900000,0.4886,0.4886,0.4848,0.4848,1383988702.5,1776538799999,674608595.9528900,8289,1094294377.9,533369721.8374600,0
1776538800000,0.4849,0.486,0.4848,0.4857,1346648628.9,1776539699999,654202318.4872300,7705,1233151030.0,599057533.9458900,0
1776539700000,0.4857,0.4883,0.4856,0.4882,1073110194.8,1776540599999,523168522.5973300,6547,994995527.0,485127678.4886000,0
1776540600000,0.4881,0.4881,0.4836,0.4836,1325784938.6,1776541499999,644476877.7786000,7718,1096665997.6,533048641.7157400,0
1776541500000,0.4837,0.4844,0.4835,0.4843,1458945086.6,1776542399999,706160101.1632300,8296,1334879492.8,646121965.9362100,0
1776542400000,0.4843,0.4871,0.4842,0.4869,1489614340.6,1776543299999,724149347.9436600,8555,1295171864.4,629607906.1504800,0
1776543300000,0.487,0.4913,0.4867,0.4901,1412417631.0,1776544199999,689275555.9172600,8530,1209773726.4,590305830.2177800,0
1776544200000,0.4902,0.494,0.4901,0.4938,1365214520.4,1776545099999,672703320.2194500,8027,1129024409.7,556239445.9091900,0
1776545100000,0.4938,0.4957,0.4937,0.4952,1442198615.9,1776545999999,714095747.8114000,8312,1273057899.2,630323627.0336200,0
1776546000000,0.4952,0.4952,0.4903,0.4903,1384285003.7,1776546899999,683003391.1833200,8320,1080692553.4,533241161.8526000,0
1776546900000,0.4904,0.4919,0.4903,0.4915,1474228555.1,1776547799999,724885672.2362700,8536,1275570781.7,627207381.0197300,0
1776547800000,0.4916,0.4916,0.4912,0.4913,1461163716.0,1776548699999,718096122.3221200,8476,1273651728.3,625951808.2055600,0
1776548700000,0.4912,0.4937,0.4908,0.4937,1568270419.4,1776549599999,771177384.5791500,9072,1390484728.6,683739402.5071800,0
1776549600000,0.4936,0.4945,0.4916,0.4917,1327457544.4,1776550499999,654596946.4744600,8155,1061685106.4,523509678.5943800,0
1776550500000,0.4916,0.4917,0.4913,0.4914,1478368159.7,1776551399999,726676598.9574700,8489,1288831062.6,633516752.4273200,0
1776551400000,0.4914,0.4928,0.4913,0.4927,1548275914.0,1776552299999,761963824.3425700,8714,1397754166.8,687862242.1109400,0
1776552300000,0.4926,0.4943,0.4926,0.4941,1521811672.5,1776553199999,751549519.8229700,8747,1301635583.9,642832833.9412300,0
1776553200000,0.4941,0.4954,0.4914,0.4954,1312611166.2,1776554099999,648255254.2181000,8277,1087803578.6,537274179.9222700,0
1776554100000,0.4954,0.5029,0.4953,0.501,1101752641.4,1776554999999,550506811.5036400,7348,955208382.7,477248781.0939700,0
1776555000000,0.5009,0.5029,0.5009,0.5026,953449502.3,1776555899999,478394496.2689000,6015,836197978.3,419513941.7487600,0
1776555900000,0.5026,0.5049,0.5001,0.5001,851853305.1,1776556799999,428312568.2658500,5962,534071311.2,268514159.3425800,0
1776556800000,0.5001,0.5102,0.5001,0.5068,939983642.5,1776557699999,478515702.2128200,6029,740852404.9,377079059.0695000,0
1776557700000,0.5068,0.5068,0.5017,0.5017,841368117.4,1776558599999,425005872.1419300,6173,411067287.6,207653834.2082900,0
1776558600000,0.5017,0.5017,0.5,0.5,794244360.4,1776559499999,397535663.9661000,5519,533044141.2,266752994.1464600,0
1776559500000,0.5,0.5,0.4993,0.4993,889280047.7,1776560399999,444246356.7966400,5442,748123040.9,373727312.9098000,0
1776560400000,0.4994,0.4994,0.4942,0.4942,827483280.8,1776561299999,410993577.0996600,5749,512221758.8,254303606.8949100,0
1776561300000,0.4943,0.4943,0.4932,0.4932,790971903.9,1776562199999,390771662.5407400,5263,674741229.5,333344041.6992800,0
1776562200000,0.4933,0.4938,0.4915,0.4915,1005024426.3,1776563099999,495048409.7926200,6433,736630302.4,362846475.3237100,0
1776563100000,0.4916,0.4946,0.4914,0.4945,907623867.0,1776563999999,447116302.3515600,5901,824305285.0,406088833.2910500,0
1776564000000,0.4945,0.4945,0.4925,0.4925,807232201.6,1776564899999,398178775.9473500,5464,637517837.3,314389118.4049800,0
1776564900000,0.4925,0.4925,0.4843,0.4861,695496746.6,1776565799999,341226306.5992600,5448,392421282.0,192811651.9979600,0
1776565800000,0.4862,0.4862,0.4794,0.4824,879860062.6,1776566699999,424473609.0315400,5955,624142926.1,301110747.8499400,0
1776566700000,0.4825,0.4825,0.4821,0.4821,875898811.4,1776567599999,422511787.0507500,5383,744668044.2,359218175.4178600,0
1776567600000,0.4822,0.4842,0.482,0.4841,752341448.7,1776568499999,363242310.5484600,4971,667403953.5,322203438.0296800,0
1776568500000,0.4841,0.4949,0.484,0.4947,982455875.4,1776569399999,480848160.6217700,6761,791911494.1,387192676.5243000,0
1776569400000,0.4947,0.4972,0.4931,0.4964,915442296.3,1776570299999,452793335.0169500,5702,788735227.7,390198875.0663800,0
1776570300000,0.4965,0.4988,0.4945,0.4946,1283737008.1,1776571199999,637841617.3921900,8050,963223359.3,478592139.1265800,0
1776571200000,0.4946,0.4977,0.4944,0.4975,1416716908.9,1776572099999,702655299.2260300,8638,1145463115.9,568254904.1198800,0
1776572100000,0.4976,0.5052,0.4975,0.5051,1504251408.1,1776572999999,754697894.1248100,9364,1146389828.1,574903740.6216900,0
1776573000000,0.5051,0.5051,0.4993,0.4998,1247303543.9,1776573899999,625604079.5091400,7913,1011403999.9,507010536.4407900,0
1776573900000,0.4999,0.5149,0.4998,0.5132,1582466399.7,1776574799999,806993416.5549500,9774,1248243912.2,636588218.7339600,0
1776574800000,0.5132,0.5278,0.5127,0.5129,1318222344.4,1776575699999,684077404.3260500,8990,867532978.1,449956263.6069400,0
1776575700000,0.5129,0.5129,0.4999,0.5019,1390636799.7,1776576599999,702780018.0215900,9090,931601281.2,470307190.6314200,0
1776576600000,0.5019,0.506,0.5005,0.5023,1413053016.7,1776577499999,711562241.7815800,9200,928538161.3,467664912.5307900,0
1776577500000,0.5023,0.5026,0.4946,0.4966,1406566581.6,1776578399999,702643981.1007100,9111,963798931.2,481701142.0348000,0
1776578400000,0.4966,0.4977,0.4957,0.4957,1288998644.4,1776579299999,639759834.4842300,7823,1056664782.6,524420173.6683200,0
1776579300000,0.4958,0.4986,0.4954,0.4986,1432037791.1,1776580199999,709874590.5616800,8382,1273361098.2,631230973.8852600,0
1776580200000,0.4986,0.4993,0.4984,0.4988,1486613178.1,1776581099999,741703690.3502400,8711,1296440504.5,646818497.6219100,0
1776581100000,0.4989,0.4993,0.4985,0.4992,1494842820.1,1776581999999,745575024.0454600,8735,1362227541.8,679438520.2532100,0
1776582000000,0.4993,0.502,0.4971,0.5019,1511351399.7,1776582899999,755107992.1060900,8685,1353997513.3,676555282.1770900,0
1776582900000,0.502,0.5028,0.4973,0.4993,1257643663.1,1776583799999,629714948.5253500,7728,962691628.0,481840474.5910900,0
1776583800000,0.4994,0.5003,0.4993,0.5002,1273033441.3,1776584699999,636542227.8624400,7502,1122480337.0,561254172.9488600,0
1776584700000,0.5003,0.5055,0.5,0.5055,988446708.1,1776585599999,495981748.0363900,6451,877253184.3,440172014.6367000,0
1776585600000,0.5055,0.515,0.5054,0.5144,777773108.1,1776586499999,399651783.1734900,5665,630732028.4,324000770.4804500,0
1776586500000,0.5145,0.5145,0.5124,0.5124,895911477.5,1776587399999,460277201.5718900,5837,689012018.5,353979033.5759100,0
1776587400000,0.5125,0.5128,0.5119,0.5128,891056085.9,1776588299999,456456748.5525100,5597,760747317.3,389704482.5947900,0
1776588300000,0.5128,0.5134,0.5042,0.5053,897169177.6,1776589199999,455208898.8665400,6351,565023946.2,286231049.6767800,0
1776589200000,0.5053,0.5053,0.493,0.4955,629741646.9,1776590099999,316294009.4625200,4824,379694685.2,191009752.3201300,0
1776590100000,0.4955,0.4955,0.4941,0.4941,745604414.6,1776590999999,368716787.9412200,5181,609431275.5,301344785.7172800,0
1776591000000,0.4941,0.4941,0.4898,0.4899,815351216.0,1776591899999,400824131.9255600,5663,629942976.1,309564537.8115300,0
1776591900000,0.4899,0.4904,0.4894,0.4894,783090907.2,1776592799999,383635203.2841900,5069,647426244.1,317165192.5828400,0
1776592800000,0.4894,0.4903,0.4853,0.4853,974561393.7,1776593699999,475054019.6239800,6563,629211499.8,306566460.8739500,0
1776593700000,0.4853,0.487,0.4852,0.4865,708146684.2,1776594599999,344150117.4525600,5016,641258281.7,311654319.0110900,0
1776594600000,0.4866,0.4896,0.4865,0.4893,745111570.9,1776595499999,363974667.3434500,5073,671881793.8,328171316.1133300,0
1776595500000,0.4893,0.4908,0.4892,0.4905,878583240.4,1776596399999,430646162.4705800,5517,752527909.6,368862479.3112000,0
1776596400000,0.4906,0.4921,0.4903,0.492,849977394.5,1776597299999,417328957.5812200,5645,737383196.3,362009534.6986800,0
1776597300000,0.492,0.492,0.4917,0.4918,604390572.4,1776598199999,297299359.3577600,4010,535985175.3,263650779.6788200,0
1776598200000,0.4918,0.4918,0.4909,0.4909,795625422.3,1776599099999,391028273.2138200,5433,636161831.1,312640712.9004700,0
1776599100000,0.4909,0.4916,0.4899,0.4899,810407720.9,1776599999999,397644231.2360600,5748,584830164.0,286943080.7105600,0
1776600000000,0.49,0.4901,0.4878,0.4886,936192074.5,1776600899999,458037202.5209100,5932,719486001.7,352043880.8777100,0
1776600900000,0.4886,0.493,0.4884,0.4929,931770092.9,1776601799999,457315460.4440500,5944,777100883.9,381385508.4186000,0
1776601800000,0.4929,0.4937,0.4915,0.4935,904410933.4,1776602699999,445691682.3112000,5767,790431301.6,389481817.0117600,0
1776602700000,0.4935,0.4955,0.4931,0.4953,864796019.2,1776603599999,426919297.0652800,5731,702452218.4,346729337.0046700,0
1776603600000,0.4954,0.4954,0.493,0.493,711039307.7,1776604499999,351651174.3852900,4785,487221277.9,240997930.1083100,0
1776604500000,0.493,0.4937,0.4929,0.4934,918838458.7,1776605399999,453462031.8754200,5351,819779699.6,404580292.4789400,0
1776605400000,0.4935,0.4935,0.4896,0.4897,881688279.2,1776606299999,432638112.2411800,5519,699328529.9,343029945.4239000,0
1776606300000,0.4897,0.4897,0.4893,0.4894,1092587560.5,1776607199999,534903876.2961600,6595,928020728.8,454346080.8874700,0
1776607200000,0.4894,0.4894,0.4872,0.4873,1238938666.1,1776608099999,604551880.3500800,7629,1023355084.9,499342824.8490800,0
1776608100000,0.4873,0.4873,0.4861,0.4861,784102114.1,1776608999999,381418601.3674000,5701,579435400.2,281829854.2697500,0
1776609000000,0.4862,0.4902,0.486,0.4901,837374991.6,1776609899999,408676055.4247600,5261,772349213.7,376957288.1443200,0
1776609900000,0.4901,0.4938,0.4899,0.4936,764253768.2,1776610799999,376870583.1468600,5307,675303725.0,333071620.6234000,0
1776610800000,0.4935,0.4956,0.4933,0.4952,953869979.7,1776611699999,471764927.3879900,6212,792699921.3,392057260.8359600,0
1776611700000,0.4952,0.4962,0.495,0.4961,844818739.3,1776612599999,418553079.2883600,5390,712865446.1,353184460.8166800,0
1776612600000,0.496,0.5043,0.4946,0.4954,846534517.5,1776613499999,419794935.8118100,5647,708043235.1,351087854.2813300,0
1776613500000,0.4954,0.4972,0.4953,0.4969,615236884.3,1776614399999,305593808.3698400,4269,538997467.7,267708997.4646200,0
1776614400000,0.4971,0.5124,0.4971,0.5092,910856151.6,1776615299999,465156327.6446600,5920,790120823.9,403319553.4976000,0
1776615300000,0.5093,0.5118,0.5065,0.5117,883721386.0,1776616199999,450138398.3482400,5987,740313837.5,377033059.5590900,0
1776616200000,0.5117,0.5145,0.5097,0.5125,882329783.5,1776617099999,451968331.3143500,5873,666429632.4,341255724.9715000,0
1776617100000,0.5126,0.5145,0.5086,0.5086,906577319.1,1776617999999,465977367.1357400,5546,778379207.0,400055862.6942700,0
1776618000000,0.5087,0.5087,0.5064,0.5065,739889839.5,1776618899999,375553190.6449000,4888,612127627.1,310666459.9932000,0
1776618900000,0.5066,0.5066,0.5046,0.5046,832399495.8,1776619799999,421405205.0889500,5664,654580435.3,331453187.1244200,0
1776619800000,0.5047,0.5047,0.5043,0.5043,854084510.3,1776620699999,430924900.7506000,5892,738511563.8,372619095.1743900,0
1776620700000,0.5044,0.5044,0.4973,0.4984,781995202.0,1776621599999,392085464.4067100,5080,688154731.7,344898092.1970000,0
1776621600000,0.4985,0.5023,0.4983,0.5022,507519364.6,1776622499999,253271499.9707200,4086,372779943.1,186058131.3973800,0
1776622500000,0.5023,0.5037,0.5021,0.5036,424643645.0,1776623399999,213321954.5092600,3070,359423951.8,180571766.3029900,0
1776623400000,0.5036,0.5036,0.5007,0.5008,766522961.4,1776624299999,384044095.1890700,5148,608018758.9,304575143.4239000,0
1776624300000,0.5008,0.5008,0.5004,0.5005,1157022219.0,1776625199999,579240659.5932600,7094,1011496000.1,506389044.0667200,0
1776625200000,0.5005,0.5005,0.5002,0.5004,1486452407.4,1776626099999,743852309.0033300,8611,1291844696.5,646473604.6010900,0
1776626100000,0.5003,0.5004,0.5001,0.5001,911256196.5,1776626999999,455905905.8913300,6086,767531750.9,384010066.8712800,0
1776627000000,0.5001,0.5021,0.4998,0.5016,800725792.5,1776627899999,401459962.7848000,5734,662526968.0,332176260.6439100,0
1776627900000,0.5017,0.5017,0.5013,0.5013,820994074.5,1776628799999,411704237.3127800,5229,658487682.1,330210269.5484700,0
1776628800000,0.5014,0.5014,0.501,0.5011,1470559030.7,1776629699999,737068597.7915400,8546,1256140990.9,629601286.2628600,0
1776629700000,0.5011,0.5011,0.4987,0.4988,1483168094.8,1776630599999,742662144.5817200,8798,1230777309.0,616258997.0526000,0
1776630600000,0.4988,0.5006,0.4986,0.5003,1439147311.4,1776631499999,719453378.9688500,8376,1201136760.4,600481997.0892200,0
1776631500000,0.5004,0.5054,0.5002,0.5046,1550093505.8,1776632399999,778788642.0912500,9159,1341159779.5,673778042.4010900,0
1776632400000,0.5046,0.5062,0.5045,0.506,1183970829.9,1776633299999,598548931.5091700,7127,1032556706.2,521987321.9627200,0
1776633300000,0.506,0.5099,0.5059,0.5097,1306326909.1,1776634199999,665153702.1204000,7831,1169958380.9,595686054.5540000,0
1776634200000,0.5098,0.5116,0.5096,0.5113,1400992858.5,1776635099999,715751552.1748000,8403,1269009110.7,648326191.3603900,0
1776635100000,0.5114,0.5147,0.5112,0.5127,1512215615.7,1776635999999,775838527.2392300,9125,1255101112.4,643863392.6322500,0
1776636000000,0.5127,0.5127,0.5084,0.5113,1350856511.7,1776636899999,688552685.7380600,8473,1023022926.0,521247821.0097100,0
1776636900000,0.5113,0.5113,0.5082,0.5084,1392353998.1,1776637799999,709632747.8587800,8188,1211149901.1,617193007.8649800,0
1776637800000,0.5085,0.5092,0.5063,0.509,871358127.6,1776638699999,442622019.1634200,6156,650797452.9,330671431.5690500,0
1776638700000,0.509,0.5128,0.5072,0.5126,850830902.4,1776639599999,433334734.2210700,6006,728333369.6,370953780.6822100,0
1776639600000,0.5127,0.5127,0.506,0.5065,758129702.3,1776640499999,385732852.9537000,5271,561883619.4,285730393.2853800,0
1776640500000,0.5066,0.5066,0.5063,0.5064,1416344962.2,1776641399999,717413091.5201900,8388,1216384921.8,616135148.7364300,0
1776641400000,0.5063,0.5064,0.506,0.5061,1474821261.4,1776642299999,746679569.6180200,8669,1277715204.2,646896173.5970900,0
1776642300000,0.506,0.5152,0.506,0.5142,1412332127.0,1776643199999,721585215.6850000,8405,1288552959.1,658203203.8339000,0
1776643200000,0.5151,0.524,0.5142,0.5212,1487946721.5,1776644099999,776751373.0064500,8792,1256001985.3,655551376.4423500,0
1776644100000,0.5211,0.5337,0.521,0.531,1458481820.3,1776644999999,767991507.5567600,8672,1255191258.8,660771827.1398200,0
1776645000000,0.5311,0.5405,0.531,0.534,1072983287.7,1776645899999,574950569.1997700,7654,842280107.2,451073771.9856300,0
1776645900000,0.534,0.5344,0.5336,0.5343,1531383080.3,1776646799999,818101032.6818700,9002,1381122442.8,737841132.7361600,0
1776646800000,0.5343,0.5391,0.5316,0.5389,1482258652.9,1776647699999,795106756.4740700,8900,1266090541.1,679120708.9331200,0
1776647700000,0.5389,0.5529,0.5389,0.5455,1478931427.2,1776648599999,807953557.5357300,9978,1054971646.2,576114983.2046600,0
1776648600000,0.5456,0.5456,0.5388,0.5408,1411480083.3,1776649499999,765415149.3259100,9098,976797287.3,529615301.5718900,0
1776649500000,0.5408,0.5408,0.5373,0.5378,1161489848.3,1776650399999,624860692.0892700,7693,862767599.7,464016214.2352600,0
1776650400000,0.5379,0.5394,0.5314,0.5329,1381696080.4,1776651299999,738654264.6917600,8580,1163770383.9,621875063.8055300,0
1776651300000,0.533,0.533,0.5174,0.5174,1386717313.0,1776652199999,722460914.5789100,9064,1044382375.0,543521260.5960300,0
1776652200000,0.5174,0.5175,0.502,0.502,1230086970.5,1776653099999,625359385.6664400,8281,883726114.4,449228984.3067400,0
1776653100000,0.5021,0.5045,0.502,0.5023,1570222061.2,1776653999999,790271949.6434000,9486,1229835215.0,618983641.0659200,0
1776654000000,0.5023,0.5057,0.4989,0.4989,1375639936.5,1776654899999,692720457.4563000,8785,1012385938.5,510115069.8642800,0
1776654900000,0.4989,0.501,0.4982,0.4983,1228656030.2,1776655799999,614762258.2894700,8310,904787995.3,452865269.1488900,0
1776655800000,0.4983,0.4983,0.4939,0.4939,781183134.7,1776656699999,387265747.1318100,5907,599580498.1,297266699.3108500,0
1776656700000,0.494,0.495,0.4912,0.4913,769764178.9,1776657599999,379937657.5470200,5422,567870055.1,280359751.6778600,0
1776657600000,0.4913,0.4948,0.4912,0.4922,903309708.6,1776658499999,444978028.8434000,6045,758384091.6,373486715.1456700,0
1776658500000,0.4923,0.4931,0.4901,0.493,709856657.5,1776659399999,348678164.9262300,5307,459107850.0,225542759.6062300,0
1776659400000,0.493,0.493,0.4891,0.4891,639342291.5,1776660299999,312952036.8381900,4550,497280015.1,243307825.6970900,0
1776660300000,0.4892,0.4897,0.4878,0.4896,1426756510.1,1776661199999,697259168.8110800,8535,1276797592.4,623988318.1802800,0
1776661200000,0.4897,0.4915,0.4896,0.4907,1317326923.5,1776662099999,646914745.5010600,7892,1204909212.3,591701165.1271500,0
1776662100000,0.4907,0.4954,0.4904,0.4953,1072146176.9,1776662999999,527563363.4985100,6608,918811360.9,452142139.7271600,0
1776663000000,0.4952,0.4958,0.4948,0.4957,1180120218.0,1776663899999,584540909.0555600,7326,1009032796.1,499818512.4869300,0
1776663900000,0.4957,0.5002,0.4922,0.5002,1340164372.4,1776664799999,662546270.1194400,8385,1055956833.2,522214180.3598900,0
1776664800000,0.5001,0.5002,0.4956,0.499,1452521524.9,1776665699999,723258799.7174900,8973,1150928733.4,573036010.4630800,0
1776665700000,0.4991,0.4991,0.4973,0.498,1328009248.3,1776666599999,661522805.2311500,8092,979050833.0,487714581.1488400,0
1776666600000,0.498,0.4987,0.4976,0.4985,1277111814.0,1776667499999,636083972.0484000,7622,1050015144.2,522990856.0191000,0
1776667500000,0.4986,0.4986,0.4947,0.4976,1410340368.9,1776668399999,700570730.7185300,8363,1141806863.9,567105319.4328200,0
1776668400000,0.4977,0.4977,0.4917,0.4949,1406702161.0,1776669299999,696309297.3118100,8939,973737174.4,482087652.8492000,0
1776669300000,0.4949,0.4964,0.4931,0.4961,1215871443.6,1776670199999,601513611.7680300,7604,983220832.9,486489081.7061200,0
1776670200000,0.4961,0.4962,0.4936,0.4937,1338843008.2,1776671099999,663849344.5221100,8097,1078400148.5,534775681.5541400,0
1776671100000,0.4937,0.4937,0.4914,0.4922,1077683826.3,1776671999999,530777981.2199200,6874,890781487.0,438756625.9782400,0
1776672000000,0.4922,0.5014,0.4921,0.5011,1513637165.5,1776672899999,758407690.9948700,8832,1329094789.2,665909621.5491300,0
1776672900000,0.5011,0.5047,0.5009,0.5047,1403983623.9,1776673799999,706311915.5249100,8181,1236916763.3,622263487.8233700,0
1776673800000,0.5047,0.5058,0.5044,0.5057,1381199372.2,1776674699999,697338677.8750100,8290,1189844297.9,600733335.3940900,0
1776674700000,0.5057,0.5065,0.5046,0.5065,1440773532.7,1776675599999,728341230.6860000,8628,1270098657.8,642110919.0515600,0
1776675600000,0.5065,0.5081,0.5063,0.508,1353517787.2,1776676499999,686485884.4865400,7959,1188741857.4,602933753.2667000,0
1776676500000,0.508,0.5104,0.5066,0.5067,1337293539.6,1776677399999,680567913.0892600,8150,1076809168.8,547983506.0304700,0
1776677400000,0.5066,0.5067,0.5045,0.5061,1526768874.7,1776678299999,772110590.2102700,9115,1254929898.3,634633770.5269600,0
1776678300000,0.5061,0.5084,0.5059,0.5074,1381654256.0,1776679199999,699982192.8030500,8498,1143881613.2,579453610.0155200,0
1776679200000,0.5075,0.509,0.5069,0.5089,1350750869.6,1776680099999,686169636.6450700,8265,1123322901.3,570659504.9590300,0
1776680100000,0.5089,0.5089,0.5072,0.5073,1496617795.5,1776680999999,760280176.6303200,8749,1249831160.6,634865814.1488000,0
1776681000000,0.5074,0.5074,0.5052,0.5061,1185305010.5,1776681899999,600129491.8399300,7582,904750490.3,458082235.5573300,0
1776681900000,0.5061,0.5061,0.5053,0.5054,1451220637.1,1776682799999,733922988.8954400,8526,1189691196.0,601668308.2491400,0
1776682800000,0.5053,0.5054,0.505,0.5051,1400077403.6,1776683699999,707393533.8027100,8126,1199726296.2,606173724.3234900,0
1776683700000,0.5051,0.5051,0.5022,0.5026,1235726700.4,1776684599999,621570058.4758600,7728,1012052753.2,508981495.6552600,0
1776684600000,0.5025,0.5026,0.5002,0.5003,1419181828.6,1776685499999,710755210.2994300,8434,1174713256.7,588255629.1474300,0
1776685500000,0.5002,0.5009,0.5002,0.5006,1297310509.0,1776686399999,649636332.5962300,7813,1135058771.6,568390153.9770000,0
1776686400000,0.5005,0.5051,0.5003,0.505,1483014860.6,1776687299999,744261513.4230100,8622,1308393921.6,656596928.1637600,0
1776687300000,0.505,0.505,0.5032,0.5033,1486666433.4,1776688199999,750086171.0925300,8780,1227736167.6,619460330.3912700,0
1776688200000,0.5033,0.5057,0.5031,0.5056,1470680344.8,1776689099999,742186352.4536900,8713,1319162286.0,665717717.6419300,0
1776689100000,0.5056,0.507,0.5041,0.5042,1390167523.8,1776689999999,703562415.1685300,8570,1152990476.2,583577321.5722400,0
1776690000000,0.5042,0.5055,0.504,0.5049,1523939328.4,1776690899999,769092497.1576300,8936,1278860373.2,645346256.1860600,0
1776690900000,0.5049,0.5067,0.5047,0.5064,1156079176.8,1776691799999,584856166.0835700,6680,1029171413.1,520673694.6439200,0
1776691800000,0.5065,0.5065,0.5052,0.5053,1378521916.9,1776692699999,697030922.9804200,8384,1067972729.1,539974006.9297500,0
1776692700000,0.5053,0.5075,0.5051,0.5051,1405952025.7,1776693599999,712269488.2223700,8621,1191463539.2,603578239.4249300,0
1776693600000,0.5052,0.5052,0.5023,0.5023,1317278609.2,1776694499999,664679121.9985100,8142,1049225792.4,529466982.2201800,0
1776694500000,0.5024,0.5052,0.5022,0.5049,1492208730.5,1776695399999,752423576.5534700,8637,1354004326.9,682707121.2577400,0
1776695400000,0.505,0.505,0.501,0.5028,1326180498.6,1776696299999,668861317.6922500,7767,1078974453.8,544288184.1115500,0
1776696300000,0.5028,0.5028,0.4995,0.4995,1244067524.2,1776697199999,624724168.5227500,7417,1070493115.5,537535830.3642800,0
1776697200000,0.4996,0.4996,0.4977,0.499,1390895050.5,1776698099999,693460509.9643100,8369,1094054541.1,545512320.1706900,0
1776698100000,0.4991,0.5033,0.4988,0.5032,1351963101.0,1776698999999,677644038.7211800,8123,1137532412.2,570264702.9477300,0
1776699000000,0.5033,0.5033,0.5018,0.5018,1212490134.3,1776699899999,609397346.7705900,7583,983923409.5,494504472.3414800,0
1776699900000,0.5019,0.5019,0.5007,0.5008,1452316925.7,1776700799999,728236532.3684000,8399,1192006692.1,597743057.6496000,0
1776700800000,0.5009,0.5105,0.5007,0.5103,1267074412.9,1776701699999,645882908.5753700,7820,1079011920.9,549936321.1657700,0
1776701700000,0.5103,0.5103,0.5088,0.5099,1499795652.2,1776702599999,764626804.0601800,8807,1261284241.3,643033073.7933600,0
1776702600000,0.51,0.5104,0.5099,0.5101,1424075806.1,1776703499999,726629036.7896500,8231,1253035067.0,639357396.9294900,0
1776703500000,0.5102,0.5111,0.5098,0.511,1445772054.1,1776704399999,737667523.5932700,8655,1274773857.5,650441473.0324900,0
1776704400000,0.511,0.511,0.508,0.5081,1365080052.5,1776705299999,695470223.4167200,8699,1077596131.5,548979002.7703400,0
1776705300000,0.5081,0.5081,0.5077,0.5077,1240318748.0,1776706199999,630019361.9534900,7471,1093241802.8,555317094.2867000,0
1776706200000,0.5078,0.5091,0.5058,0.5067,1369972645.3,1776707099999,694388293.7024900,8488,1122742561.3,569083141.8852200,0
1776707100000,0.5068,0.5083,0.5064,0.5082,1298214842.4,1776707999999,657945147.9925500,8084,1169056158.0,592513853.9456600,0
1776708000000,0.5083,0.5083,0.506,0.5061,1275800616.2,1776708899999,647023848.3865800,7898,1059187083.2,537082751.8427100,0
1776708900000,0.5061,0.5061,0.5025,0.5025,1221942672.2,1776709799999,615153867.2805200,7688,1026402468.1,516565320.5886300,0
1776709800000,0.5026,0.5031,0.5023,0.503,1435717349.2,1776710699999,721795562.3177700,8296,1244042016.3,625446492.8534100,0
1776710700000,0.503,0.503,0.5018,0.5018,1407712727.4,1776711599999,706941688.7548000,8187,1218685475.2,611994363.6822600,0
1776711600000,0.5019,0.5019,0.5009,0.501,1366684963.9,1776712499999,684997101.7994600,8139,1214723502.0,608827582.7199300,0
1776712500000,0.501,0.501,0.5006,0.5006,1213193942.0,1776713399999,607585857.1885000,7471,1082939635.1,542353183.1582300,0
1776713400000,0.5007,0.5059,0.5003,0.5058,1412294153.7,1776714299999,707092348.3225300,8501,1253524398.0,627626994.6247900,0
1776714300000,0.5058,0.5059,0.5055,0.5056,1134995991.6,1776715199999,574026629.4993200,7104,983026901.1,497175593.7710200,0
1776715200000,0.5056,0.5056,0.5052,0.5053,1350749019.7,1776716099999,682745874.4129200,7840,1125400437.1,568848744.7519700,0
1776716100000,0.5052,0.5053,0.5035,0.5036,1242759342.5,1776716999999,626343217.6373700,7637,1045534317.9,526938613.7565200,0
1776717000000,0.5036,0.5046,0.5034,0.5044,1294494614.2,1776717899999,652608636.0695300,7832,1108411659.5,558791453.2890000,0
1776717900000,0.5043,0.5044,0.504,0.5041,1376377501.3,1776718799999,694054054.8267000,8104,1172087604.9,591044310.6020000,0
1776718800000,0.504,0.5041,0.5037,0.5037,1426472812.7,1776719699999,718900077.9417200,8208,1207624521.2,608616938.8810800,0
1776719700000,0.5037,0.5038,0.5034,0.5035,1216870014.6,1776720599999,612889798.2614100,7286,995392196.6,501346121.3413100,0
1776720600000,0.5035,0.5035,0.5031,0.5032,1310043230.6,1776721499999,659443586.6317800,7725,1097261752.7,552340527.8846200,0
1776721500000,0.5032,0.5085,0.5031,0.5078,1554505903.0,1776722399999,787402045.9750800,9169,1398680978.7,708381365.6752900,0
1776722400000,0.5078,0.51,0.5076,0.5079,1368412673.5,1776723299999,696487246.4390800,8139,1128912516.6,574549909.8832200,0
1776723300000,0.5079,0.5079,0.5044,0.5044,1294143399.8,1776724199999,655118558.5180800,7507,1127404194.8,570723733.5062800,0
1776724200000,0.5044,0.509,0.5043,0.5071,1203965919.1,1776725099999,611221463.0932000,7264,962079965.3,488487725.2715800,0
1776725100000,0.5071,0.5071,0.5059,0.5068,1213665074.9,1776725999999,614580312.4128000,7058,1003005515.3,507882405.2456200,0
1776726000000,0.5069,0.5069,0.5038,0.5042,1159131747.6,1776726899999,586197268.4448800,6822,950374499.9,480628548.9469900,0
1776726900000,0.5042,0.5042,0.5014,0.5015,1231209532.5,1776727799999,618514302.9470700,7330,1004388053.9,504502192.7967400,0
1776727800000,0.5015,0.5015,0.5,0.5,1390213294.4,1776728699999,696057886.0109100,8526,1107775047.0,554641519.0469900,0
1776728700000,0.5,0.5,0.4989,0.499,1209777378.4,1776729599999,604190074.1879500,7557,1028245292.0,513525495.0046900,0
1776729600000,0.499,0.5099,0.499,0.5073,1044682247.9,1776730499999,530927539.8288500,6929,858696503.5,436279815.4606400,0
1776730500000,0.5073,0.5073,0.5015,0.5031,909262177.4,1776731399999,458610796.7812500,6412,653263692.6,329549169.6788600,0
1776731400000,0.5031,0.5038,0.5026,0.5027,831906992.1,1776732299999,418387862.9587000,5552,673297135.9,338617738.8428200,0
1776732300000,0.5027,0.5027,0.5004,0.5005,768774051.1,1776733199999,385811303.0156900,5366,594285641.4,298241292.4180100,0
1776733200000,0.5004,0.5005,0.5,0.5001,798175107.8,1776734099999,399311077.0589000,5417,635029379.4,317697098.3787400,0
1776734100000,0.5001,0.5001,0.4997,0.4998,818084914.5,1776734999999,408994974.2516900,5292,699635540.3,349783986.1538800,0
1776735000000,0.4997,0.4998,0.4994,0.4994,1140186927.0,1776735899999,569678025.3729200,6788,965768879.9,482540061.3345300,0
1776735900000,0.4994,0.5009,0.4992,0.5009,1474825189.3,1776736799999,736638463.4715600,8424,1271400083.8,635044929.3001100,0
1776736800000,0.5008,0.5019,0.4975,0.4975,1457088149.8,1776737699999,727961192.9561500,8715,1118117806.1,558530733.3533800,0
1776737700000,0.4975,0.4975,0.4972,0.4972,1539898795.2,1776738599999,765948483.1498800,8745,1391761184.7,692264489.4498500,0
1776738600000,0.4973,0.4973,0.4969,0.4969,1430428390.0,1776739499999,711084681.2938400,8214,1216631385.8,604807983.3425300,0
1776739500000,0.4969,0.5008,0.4969,0.5004,1394198579.5,1776740399999,697727887.0360300,8276,1244508942.1,622798845.8724400,0
1776740400000,0.5004,0.5005,0.4975,0.4976,1432552964.0,1776741299999,714070723.8945800,8339,1191069800.8,593671909.1291000,0
1776741300000,0.4975,0.4976,0.495,0.495,1235819684.2,1776742199999,612900192.8252400,8056,832862023.3,412925089.0205800,0
1776742200000,0.495,0.495,0.4922,0.4933,1457277351.7,1776743099999,720507513.9461700,8752,1183838422.6,585380450.8039400,0
1776743100000,0.4933,0.4952,0.4931,0.4949,1352249703.4,1776743999999,668861054.9284700,8013,1179886324.5,583632271.6565000,0
1776744000000,0.495,0.4964,0.4949,0.4958,1483996313.0,1776744899999,735955911.9549600,8685,1258905368.9,624308278.7021300,0
1776744900000,0.4958,0.4958,0.4904,0.492,1408521479.4,1776745799999,694208840.0722700,8376,1161527809.6,572353687.5006200,0
1776745800000,0.4919,0.492,0.4915,0.4916,6925911.3,1776746699999,3406611.8347800,1306,3477514.0,1710927.6430200,0
1776746700000,0.4923,0.4923,0.4923,0.4923,11.1,1776747599999,5.4645300,2,0,0,0
1776747600000,0.4945,0.4945,0.4945,0.4945,6804.3,1776748499999,3364.7263500,2,0,0,0
1776748500000,0.4944,0.4944,0.4944,0.4944,9605.6,1776749399999,4749.0086400,1,0,0,0
1776749400000,0.4957,0.5004,0.4941,0.5004,49930516.6,1776750299999,24781066.2910600,296,49748763.5,24690962.3684400,0
1776750300000,0.4985,0.4985,0.4984,0.4984,134.7,1776751199999,67.1365800,7,0,0,0
1776751200000,0.5004,0.5028,0.5004,0.5028,104371957.3,1776752099999,52332871.9586100,614,104371957.3,52332871.9586100,0
1776752100000,0.5033,0.5033,0.5033,0.5033,3414.0,1776752999999,1718.2662000,1,0,0,0
1776753000000,0.5013,0.5013,0.5013,0.5013,837.6,1776753899999,419.8888800,3,0,0,0
1776753900000,0.5013,0.5013,0.5013,0.5013,0.0,1776754799999,0,0,0,0,0
1776754800000,0.5013,0.5013,0.5013,0.5013,0.0,1776755699999,0,0,0,0,0
1776755700000,0.5013,0.5013,0.5013,0.5013,0.0,1776756599999,0,0,0,0,0
1776756600000,0.5013,0.5013,0.5013,0.5013,0.0,1776757499999,0,0,0,0,0
1776757500000,0.4995,0.4995,0.4963,0.4964,227922775.4,1776758399999,113149825.4991500,1898,175581094.4,87166177.6299200,0
1776758400000,0.5038,0.5057,0.5038,0.5053,982580443.4,1776759299999,496701539.1215900,7184,810715299.1,409821632.1974800,0
1776759300000,0.5053,0.5054,0.5024,0.5024,894122340.4,1776760199999,450300219.6843300,6658,693704829.8,349279812.5540500,0
1776760200000,0.5024,0.5037,0.5011,0.5037,775440995.3,1776761099999,389399341.1922900,5783,649087489.2,325972375.8468400,0
1776761100000,0.5037,0.507,0.5037,0.5069,756085494.2,1776761999999,381953696.0926200,5559,654335093.2,330574233.1450400,0
1776762000000,0.5068,0.5069,0.5041,0.5041,717384089.3,1776762899999,362517769.8848300,5759,549490329.3,277650983.7586800,0
1776762900000,0.5041,0.5063,0.504,0.505,615772496.4,1776763799999,311217188.6168500,5221,457553946.2,231205010.6505400,0
1776763800000,0.5049,0.505,0.5041,0.5042,801752811.5,1776764699999,404536098.0581800,6116,640234374.7,323033441.5855200,0
1776764700000,0.5041,0.5042,0.5038,0.5039,680619623.7,1776765599999,343072506.9902400,5295,525463235.0,264871487.2103000,0
1776765600000,0.5039,0.5039,0.5029,0.503,656470293.9,1776766499999,330674729.3494700,5156,490519017.5,247092123.8726600,0
1776766500000,0.503,0.503,0.5026,0.5027,756244480.7,1776767399999,380267267.2593900,5724,621610047.1,312572069.6792900,0
1776767400000,0.5027,0.5027,0.4993,0.4993,655814925.1,1776768299999,329070980.2455400,5534,482333655.3,242073752.2079100,0
1776768300000,0.4993,0.501,0.4984,0.5009,706813256.3,1776769199999,353232766.0636500,5369,572455901.5,286123689.2484500,0
1776769200000,0.5008,0.5009,0.4978,0.4979,599851256.0,1776770099999,299868538.1483800,4908,455778638.3,227802440.2209900,0
1776770100000,0.4979,0.5012,0.4979,0.501,104738242.8,1776770999999,52447222.2636600,2127,51489458.1,25761610.8087900,0
1776771000000,0.501,0.5034,0.5009,0.5033,211327530.2,1776771899999,106128501.0320800,3032,110422949.2,55448553.8680700,0
1776771900000,0.5033,0.5033,0.503,0.503,126276519.8,1776772799999,63542336.6803900,2974,10036.0,5050.1264600,0
1776772800000,0.503,0.503,0.4967,0.4968,805340151.1,1776773699999,402448230.2663500,6725,499706385.8,249555662.7020300,0
1776773700000,0.4968,0.498,0.4966,0.4977,1243891981.5,1776774599999,618720566.8374000,8636,980523202.6,487716791.5162100,0
1776774600000,0.4978,0.4978,0.4957,0.4957,109834218.9,1776775499999,54656471.0283700,2555,88769390.5,44179431.8283400,0
1776775500000,0.4957,0.4979,0.4955,0.4963,100819739.8,1776776399999,50057431.1560900,1622,77601671.1,38527879.0260600,0
1776776400000,0.4964,0.5001,0.4962,0.5,1224667330.9,1776777299999,610112670.3120200,8576,982505581.3,489431159.4561000,0
1776777300000,0.5,0.5,0.4997,0.4997,778957173.7,1776778199999,389420162.5083300,6016,615378132.9,307647928.1763100,0
1776778200000,0.4997,0.4997,0.4994,0.4994,2527251.6,1776779099999,1262456.6557900,1988,49628.0,24794.1488000,0
1776779100000,0.4994,0.4994,0.4949,0.4949,126195470.9,1776779999999,62496172.9434800,2738,76449538.4,37850439.2020600,0
1776780000000,0.4949,0.4949,0.4918,0.4918,1166782191.7,1776780899999,575713416.3861000,8455,829856471.0,409508881.4686000,0
1776780900000,0.4919,0.4952,0.4916,0.4952,860002629.8,1776781799999,423325688.5750900,6590,621280286.2,305731794.0627700,0
1776781800000,0.4959,0.4959,0.4958,0.4958,826.1,1776782699999,409.6428300,2,0,0,0
1776782700000,0.4999,0.4999,0.4999,0.4999,8739.6,1776783599999,4368.9260400,1,8739.6,4368.9260400,0
1776783600000,0.4909,0.4909,0.4903,0.4903,514546316.5,1776784499999,252375895.0273100,3707,424171070.2,208050469.7149700,0
1776784500000,0.4904,0.4904,0.4846,0.4846,1138783973.9,1776785399999,555732388.7584700,8252,824761799.4,402644056.3256400,0
1776785400000,0.4846,0.4846,0.4829,0.4837,1137087800.2,1776786299999,549698700.8888100,7959,971192741.8,469492798.1414200,0
1776786300000,0.4838,0.4838,0.4789,0.4802,1274807071.8,1776787199999,612654423.3441600,9158,921815540.4,442919112.7491400,0
1776787200000,0.4802,0.4893,0.4802,0.487,965735711.4,1776788099999,471349511.9589100,7446,646501064.3,315495069.0958600,0
1776788100000,0.4871,0.4906,0.487,0.4904,1273293763.8,1776788999999,623419757.0880700,8563,1052509374.8,515291990.0005500,0
1776789000000,0.4903,0.4911,0.4896,0.4911,1116565906.3,1776789899999,547389258.8363700,7875,903688306.3,443033477.5403000,0
1776789900000,0.4911,0.4911,0.4861,0.4861,986219847.6,1776790799999,482720403.1975600,7696,658338589.5,322308479.9767800,0
1776790800000,0.4861,0.4874,0.4848,0.4852,1150425541.8,1776791699999,559181346.8231000,8578,751799315.5,365405571.1757900,0
1776791700000,0.4852,0.4852,0.4827,0.4827,1131566959.2,1776792599999,546534085.6182300,7977,788054031.4,380538316.6684200,0
1776792600000,0.4827,0.4844,0.4826,0.4844,1143734407.5,1776793499999,552880442.6998500,7638,953723665.0,461036910.9211500,0
1776793500000,0.4844,0.4844,0.484,0.484,1189487995.8,1776794399999,575993084.6161100,8206,954669634.3,462288493.5603700,0
1776794400000,0.4841,0.4841,0.4837,0.4838,1185309466.2,1776795299999,573648113.0104400,8294,954503909.8,461951966.4132100,0
1776795300000,0.4838,0.486,0.4837,0.4857,1160108868.6,1776796199999,563451285.7236900,8006,968996509.9,470615642.8022000,0
1776796200000,0.4858,0.4858,0.4826,0.483,1252999471.8,1776797099999,607065259.5150300,8769,959680719.7,464876310.4958500,0
1776797100000,0.483,0.4855,0.4828,0.4853,1140654308.7,1776797999999,551911394.3054600,7965,903570709.3,437165226.6128800,0
1776798000000,0.4853,0.486,0.4847,0.4858,973867555.1,1776798899999,472598497.8493200,7173,744227209.2,361172501.7882600,0
1776798900000,0.4859,0.4859,0.4833,0.4834,849671834.8,1776799799999,412072080.5112700,6399,563708513.7,273322182.2129000,0
1776799800000,0.4833,0.4834,0.4809,0.481,667613700.4,1776800699999,322523061.2926700,5123,434580222.6,209940216.7867900,0
1776800700000,0.4809,0.481,0.4797,0.4797,796450766.5,1776801599999,382326121.2973100,5810,544510886.2,261350935.9390800,0
1776801600000,0.4797,0.4797,0.4794,0.4795,750772288.3,1776802499999,360069559.3729800,5538,616486269.5,295667078.0636000,0
1776802500000,0.4795,0.4795,0.4791,0.4791,1219122260.7,1776803399999,584352030.5991200,8351,1032840720.3,495066891.8983200,0
1776803400000,0.4791,0.4792,0.4788,0.4789,1137226495.6,1776804299999,544787590.8995400,7951,938740241.8,449708465.7093300,0
1776804300000,0.4789,0.4789,0.4785,0.4785,1128839037.4,1776805199999,540457007.1822400,8031,892096795.5,427119136.3559500,0
1776805200000,0.4786,0.4786,0.4783,0.4783,1112575177.0,1776806099999,532360522.5309400,7797,892329349.0,426978754.5463800,0
1776806100000,0.4783,0.4783,0.478,0.4781,1170339806.0,1776806999999,559665024.8931400,8154,915348290.7,437728280.9883200,0
1776807000000,0.478,0.4781,0.4777,0.4778,1158834323.5,1776807899999,553838460.4252000,8082,931940120.0,445402137.7055600,0
1776807900000,0.4777,0.4778,0.4774,0.4775,1223362095.4,1776808799999,584342710.3884200,8517,942318851.4,450111158.9393100,0
1776808800000,0.4775,0.4775,0.4771,0.4771,1115866241.0,1776809699999,532679775.1246100,7828,882958573.9,421504471.4860400,0
1776809700000,0.4771,0.4813,0.4771,0.4808,1171206584.8,1776810599999,562199113.5709800,8531,889492278.7,426785917.5330700,0
1776810600000,0.4808,0.4808,0.475,0.4751,1130025859.1,1776811499999,538880145.7585100,8241,813811094.7,388144750.9002000,0
1776811500000,0.475,0.4752,0.4748,0.4751,1071000054.6,1776812399999,508750885.4783600,7757,826945818.3,392824173.7812500,0
1776812400000,0.4751,0.4751,0.4745,0.4745,1151193774.9,1776813299999,546494640.6107600,8245,875904655.7,415808724.1468100,0
1776813300000,0.4745,0.4748,0.473,0.473,1029952944.1,1776814199999,488189192.2504300,7684,760337371.2,360382831.7640900,0
1776814200000,0.473,0.4753,0.473,0.475,1058714649.3,1776815099999,502620052.9709500,7617,844142892.9,400731040.4447900,0
1776815100000,0.475,0.475,0.474,0.474,1040243880.4,1776815999999,493441047.6858000,7675,762869352.0,361863822.1040100,0
1776816000000,0.4741,0.483,0.474,0.4827,1055030209.6,1776816899999,509113689.1926300,7475,857152390.3,413569983.5443000,0
1776816900000,0.4827,0.4864,0.4825,0.4862,1179391764.2,1776817799999,570844723.2068000,8145,944313578.5,457086051.3404600,0
1776817800000,0.4863,0.4869,0.4858,0.4859,1137384944.6,1776818699999,552933116.0804900,8095,853074884.6,414730341.6793600,0
1776818700000,0.4859,0.487,0.4856,0.4866,1137855184.2,1776819599999,552916928.4701500,7908,921151304.8,447606182.9366100,0
1776819600000,0.4865,0.4869,0.4864,0.4868,346482890.7,1776820499999,168601396.5023500,4102,244095216.4,118772592.2399500,0
1776820500000,0.4868,0.4869,0.4814,0.4815,202340103.4,1776821399999,97787011.4143100,3374,94256740.2,45483298.0053300,0
1776821400000,0.4814,0.4815,0.4811,0.4811,1210380960.1,1776822299999,582580520.4428500,8405,946283413.1,455467880.5046600,0
1776822300000,0.4812,0.4812,0.4795,0.4795,213136371.3,1776823199999,102525194.7488600,3649,132657781.0,63822861.1626100,0
1776823200000,0.4795,0.4825,0.4782,0.4823,842532273.5,1776824099999,404059443.1241400,7194,622847552.7,298637411.0079400,0
1776824100000,0.4823,0.4869,0.4823,0.4839,1107487411.4,1776824999999,535979282.5633700,7714,906999894.7,438950317.2116500,0
1776825000000,0.4839,0.4847,0.4837,0.4846,1126843213.0,1776825899999,545558246.6980500,7821,890337699.4,431050070.8859000,0
1776825900000,0.4846,0.4853,0.4842,0.4852,1201973914.0,1776826799999,582514762.6748500,8373,923959535.4,447779060.4792500,0
1776826800000,0.4851,0.4869,0.4848,0.4849,1146515308.9,1776827699999,556148687.8376900,8106,897376780.4,435303537.1642200,0
1776827700000,0.4849,0.4849,0.4829,0.483,1119363621.3,1776828599999,542503287.0152400,7915,876590926.8,424842376.6233800,0
1776828600000,0.483,0.483,0.4826,0.4826,1165347499.8,1776829499999,562640184.6393000,8174,911011501.7,439844881.9345700,0
1776829500000,0.4827,0.4827,0.4823,0.4824,1189537176.8,1776830399999,573996980.1083100,8239,928515786.1,448048968.1558900,0
1776830400000,0.4824,0.4824,0.482,0.4821,1079191209.5,1776831299999,520426878.6569700,7753,874540018.1,421738045.6012900,0
1776831300000,0.4821,0.4821,0.4817,0.4818,1241327457.0,1776832199999,598290345.0603800,8626,982831535.3,473709235.8014600,0
1776832200000,0.4818,0.4818,0.4806,0.4808,1018228706.6,1776833099999,489885335.8032100,7517,796147417.8,383044567.0542600,0
1776833100000,0.4808,0.4808,0.4804,0.4805,1166666937.8,1776833999999,560785124.8505100,8273,900419523.6,432814329.9866000,0
1776834000000,0.4804,0.4811,0.4801,0.4801,1185271131.1,1776834899999,569684501.9527100,8428,903896201.2,434437763.5444900,0
1776834900000,0.4801,0.4849,0.48,0.4839,1135528710.8,1776835799999,549138355.2424300,7796,934982113.8,452140485.9115100,0
1776835800000,0.4839,0.4868,0.4838,0.4856,1228987638.8,1776836699999,597295991.2128400,8532,948085597.1,460796074.5618000,0
1776836700000,0.4857,0.4857,0.4853,0.4853,1179492895.9,1776837599999,572728885.5194200,8180,942008756.8,457420893.4285400,0
1776837600000,0.4853,0.4862,0.4853,0.4858,1101796468.9,1776838499999,535324527.9790900,7809,842731679.6,409448477.1990400,0
1776838500000,0.4858,0.4858,0.4854,0.4855,1127609613.0,1776839399999,547603340.2875000,8033,878210720.5,426492860.8101400,0
1776839400000,0.4854,0.4855,0.4851,0.4852,1083357686.4,1776840299999,525810298.6162300,7529,839500681.2,407459084.5726400,0
1776840300000,0.4852,0.4852,0.4848,0.4849,1219985340.1,1776841199999,591777553.9628800,8461,969556389.8,470309220.2195800,0
1776841200000,0.4849,0.4849,0.4836,0.4837,1220175063.8,1776842099999,590587463.1242200,8433,967576800.8,468314994.8699700,0
1776842100000,0.4837,0.4837,0.4797,0.4798,1083441131.3,1776842999999,521753620.0385000,7981,750339669.8,361301665.1395900,0
1776843000000,0.4798,0.4817,0.4797,0.4814,1179243228.6,1776843899999,567656744.4065700,8357,930051007.8,447703580.1189200,0
1776843900000,0.4814,0.4814,0.4811,0.4812,1139636435.3,1776844799999,548513342.6387500,7973,912459283.4,439173528.1826600,0
1776844800000,0.4813,0.4938,0.4813,0.4936,1260401621.0,1776845699999,619317353.7687100,8826,1032584900.2,507285958.3399500,0
1776845700000,0.4936,0.4982,0.4935,0.4964,1213637930.9,1776846599999,602505132.8892600,8615,932265065.9,462803162.9091200,0
1776846600000,0.4963,0.4964,0.496,0.4961,1154814591.8,1776847499999,573033743.9744500,8079,900353448.6,446768473.5400200,0
1776847500000,0.4961,0.4961,0.4957,0.4958,1127894439.2,1776848399999,559349435.4697900,7974,880081680.9,436454500.6489700,0
1776848400000,0.4957,0.4958,0.494,0.4955,996471371.1,1776849299999,493297333.7077200,7489,730909230.6,361793313.1274600,0
1776849300000,0.4955,0.4957,0.4952,0.4956,1073656129.1,1776850199999,532010556.3458500,7647,831493219.1,412022228.1496200,0
1776850200000,0.4955,0.4956,0.4953,0.4953,1256001843.7,1776851099999,622345835.7291800,8538,1025240515.4,508007196.8344200,0
1776851100000,0.4954,0.4954,0.4917,0.4918,1227582708.0,1776851999999,607064499.1521300,8627,919252715.1,454512371.2900800,0
1776852000000,0.4918,0.4918,0.4914,0.4915,1061161017.6,1776852899999,521693925.7887500,7510,834460268.3,410245005.8828800,0
1776852900000,0.4915,0.4917,0.4913,0.4915,1213501778.8,1776853799999,596527100.6670200,8399,944096556.0,464101610.6943600,0
1776853800000,0.4915,0.4915,0.4911,0.4912,1001076781.5,1776854699999,491908754.1157800,7237,791436134.7,388902552.8460900,0
1776854700000,0.4911,0.4912,0.4882,0.4882,1210252360.2,1776855599999,593903560.6513000,8250,961175600.4,471643956.5317500,0
1776855600000,0.4883,0.4883,0.4876,0.4877,1132431335.9,1776856499999,552588080.3874500,7925,889352317.4,433973388.7669500,0
1776856500000,0.4877,0.4886,0.4875,0.4878,1023344165.7,1776857399999,499580789.2570700,7578,704039193.9,343708575.4546800,0
1776857400000,0.4878,0.4878,0.4861,0.4862,878987460.4,1776858299999,427498237.7130900,6393,670347245.7,325994997.6627100,0
1776858300000,0.4862,0.4885,0.486,0.4884,994954772.3,1776859199999,485373243.1580500,6933,786549402.6,383739759.1433900,0
1776859200000,0.4884,0.4908,0.4883,0.4908,839877965.1,1776860099999,410543487.6625700,6286,694312993.9,339383934.1431500,0
1776860100000,0.4907,0.4908,0.4904,0.4904,1165758107.7,1776860999999,571985593.1324200,8130,932441255.6,457513497.8637400,0
1776861000000,0.4904,0.4905,0.483,0.483,1104194967.7,1776861899999,537725249.5670300,8518,617959963.3,301189265.1091000,0
1776861900000,0.483,0.4858,0.483,0.4856,1007534055.6,1776862799999,487807901.3502000,7369,764412202.6,370106165.0036100,0
1776862800000,0.4857,0.4857,0.4849,0.4849,1017514131.3,1776863699999,494020758.7696600,7427,755598995.1,366874496.7163400,0
1776863700000,0.485,0.4852,0.4809,0.4809,945982712.9,1776864599999,456450467.6716800,7469,615839184.5,297224132.4866300,0
1776864600000,0.481,0.481,0.4788,0.4788,1099029358.1,1776865499999,526774201.7553000,7901,789599127.3,378457150.7622100,0
1776865500000,0.4788,0.4802,0.4775,0.4776,1209227573.4,1776866399999,580381118.7547300,8469,957822974.0,459741517.1398900,0
1776866400000,0.4776,0.4776,0.4772,0.4772,939438032.3,1776867299999,448576883.6384100,6896,706727283.7,337467016.9717500,0
1776867300000,0.4773,0.4773,0.477,0.477,764427673.0,1776868199999,364788249.1191100,5707,639284029.7,305070637.1010300,0
1776868200000,0.4771,0.4771,0.4764,0.4764,488500450.2,1776869099999,232864143.6187300,4256,339920005.1,162029970.5536100,0
1776869100000,0.4765,0.4765,0.4761,0.4761,618033631.3,1776869999999,294376577.6061400,4878,473756744.9,225659416.4446800,0
1776870000000,0.4761,0.4785,0.476,0.4783,802845555.6,1776870899999,383671385.7742500,6023,681748521.0,325819605.4574200,0
1776870900000,0.4782,0.4783,0.4766,0.4767,683419155.9,1776871799999,326394508.9063100,5344,544429537.7,259991283.6467500,0
1776871800000,0.4766,0.4767,0.4763,0.4764,866144476.2,1776872699999,412755429.1894300,6021,715057174.3,340761931.1975600,0
1776872700000,0.4764,0.4764,0.476,0.4761,728579647.3,1776873599999,346990003.3250000,5285,578574215.2,275555537.7309300,0
1776873600000,0.4761,0.485,0.4761,0.4848,732054618.2,1776874499999,354423326.5040700,5358,610710324.7,295590131.0120600,0
1776874500000,0.4847,0.4848,0.4844,0.4845,1178860784.7,1776875399999,571320002.6730700,8181,923604185.7,447617560.2742700,0
1776875400000,0.4845,0.4845,0.4841,0.4841,1163979065.3,1776876299999,563779602.2157100,8152,922117020.1,446636358.7461000,0
1776876300000,0.4842,0.4842,0.4839,0.4839,1161227940.8,1776877199999,562134991.1956800,8064,935622724.5,452932484.1641600,0
1776877200000,0.4839,0.4856,0.4836,0.4856,723388888.6,1776878099999,350031729.8373000,5627,630616121.0,305151737.5085700,0
1776878100000,0.4856,0.4857,0.4853,0.4854,703554231.9,1776878999999,341617718.6511800,5367,558767984.5,271324175.2301400,0
1776879000000,0.4854,0.4854,0.485,0.4851,698483579.4,1776879899999,338936033.3094400,5199,564217132.1,273789740.8588600,0
1776879900000,0.485,0.4856,0.4829,0.4855,813215685.3,1776880799999,393896150.2126100,6274,630844782.8,305614774.3171400,0
1776880800000,0.4854,0.4873,0.4852,0.4871,898178347.6,1776881699999,436392212.4961300,6384,779150159.0,378546766.7773000,0
1776881700000,0.4871,0.4872,0.4869,0.4869,1075614785.6,1776882599999,523905767.1718400,7384,909456269.6,442983649.0152000,0
1776882600000,0.4869,0.4869,0.4841,0.4841,1238479261.5,1776883499999,601042705.4872300,8518,963867965.0,467805366.1774000,0
1776883500000,0.4842,0.485,0.4839,0.485,1094551431.5,1776884399999,529938802.8619700,7528,888689969.0,430279611.8739900,0
1776884400000,0.485,0.485,0.4832,0.4833,1250169773.8,1776885299999,604481513.4657500,8660,962513383.7,465360888.3020300,0
1776885300000,0.4833,0.4833,0.483,0.4831,1203926160.3,1776886199999,581736952.0311900,8038,984550697.3,475738207.8132600,0
1776886200000,0.483,0.4831,0.4808,0.4809,945870720.6,1776887099999,455569842.2135000,7076,672523855.1,323873879.7591800,0
1776887100000,0.4808,0.4809,0.4805,0.4806,1020354368.9,1776887999999,490512864.4495800,7280,796955657.2,383120271.9952300,0
1776888000000,0.4806,0.4806,0.4802,0.4803,1085668505.8,1776888899999,521606440.8332700,7479,836026167.5,401672688.8406600,0
1776888900000,0.4803,0.4803,0.4799,0.48,1243051066.9,1776889799999,596882285.4258600,8541,1020958342.4,490247167.2044200,0
1776889800000,0.4799,0.48,0.4797,0.4798,1203376215.6,1776890699999,577494233.9790700,8221,989318641.6,474771909.1553400,0
1776890700000,0.4797,0.4798,0.4794,0.4795,1152483115.7,1776891599999,552739266.7509700,8048,912871211.6,437821408.7932400,0
1776891600000,0.4795,0.4795,0.4791,0.4792,1109631729.8,1776892499999,531875381.9516100,7817,903398017.5,433026103.8415500,0
1776892500000,0.4791,0.4792,0.4775,0.4775,1244619096.7,1776893399999,595881401.2508700,8826,964602257.6,461831252.9649000,0
1776893400000,0.4775,0.4775,0.4772,0.4772,1031677397.7,1776894299999,492517683.7885500,7396,885726749.2,422843126.3594100,0
1776894300000,0.4772,0.4773,0.4769,0.477,1265531599.3,1776895199999,603816562.6471600,8807,1057997936.5,504800366.9543400,0
1776895200000,0.477,0.478,0.4753,0.4774,1112354897.1,1776896099999,530787727.4569400,8116,903002762.1,430908659.7540600,0
1776896100000,0.4774,0.4783,0.4773,0.4779,1060224127.1,1776896999999,506893389.4478200,7686,852861158.3,407762484.2339900,0
1776897000000,0.4779,0.4788,0.4779,0.4785,821343570.1,1776897899999,393170443.4975900,6124,692929268.5,331700576.5113100,0
1776897900000,0.4785,0.4792,0.4785,0.4789,659002797.5,1776898799999,315658649.1198100,5290,554316576.6,265514577.7634400,0
1776898800000,0.4788,0.4789,0.4786,0.4786,713742540.8,1776899699999,341731499.1413500,5237,638312736.6,305619293.8646900,0
1776899700000,0.4786,0.4786,0.4783,0.4784,752461724.5,1776900599999,360056850.3473100,5490,637941609.2,305258569.7233800,0
1776900600000,0.4783,0.4784,0.478,0.4781,1068855340.6,1776901499999,511146174.3363500,7638,842048273.4,402686684.5589000,0
1776901500000,0.478,0.4781,0.4777,0.4777,1039387568.7,1776902399999,496782076.9275700,7476,821968632.6,392868836.2643400,0
1776902400000,0.4778,0.4867,0.4778,0.4846,842978775.9,1776903299999,408407562.1878200,6540,681224398.0,329886770.3659800,0
1776903300000,0.4845,0.4846,0.4842,0.4843,610744663.8,1776904199999,295855450.9673500,4844,472144422.1,228716632.7285300,0
1776904200000,0.4843,0.4843,0.481,0.4811,761145272.1,1776905099999,367202043.7091400,5853,566157216.0,273110520.9417200,0
1776905100000,0.4811,0.4817,0.4809,0.4816,797262709.6,1776905999999,383749016.9546200,5844,718315674.3,345757624.9243100,0
1776906000000,0.4816,0.4816,0.4806,0.4807,722375100.3,1776906899999,347689902.3961900,5776,541008939.3,260418086.1440800,0
1776906900000,0.4806,0.4807,0.4803,0.4804,647462602.9,1776907799999,311109254.3134600,5042,534178855.2,256678194.7416800,0
1776907800000,0.4803,0.4804,0.48,0.4801,706682386.5,1776908699999,339389866.8898200,5305,576940642.0,277086969.1590900,0
1776908700000,0.48,0.4816,0.4798,0.4816,1006847636.0,1776909599999,483317969.3870300,6858,882804866.6,423787457.7055700,0
1776909600000,0.4816,0.4906,0.4816,0.4903,1362008090.9,1776910499999,666611547.3140300,9345,1129347532.2,552605092.9844800,0
1776910500000,0.4903,0.4904,0.49,0.4901,1130111818.5,1776911399999,554072453.1055000,7893,863573200.8,423405315.7869300,0
1776911400000,0.4901,0.491,0.4878,0.4879,1083107282.2,1776912299999,530524086.4543700,7794,773141579.8,378701819.8519200,0
1776912300000,0.4879,0.4879,0.4876,0.4877,1120948270.3,1776913199999,546800988.3740400,7668,903339921.2,440654539.8110600,0
1776913200000,0.4877,0.4877,0.4873,0.4874,1078120351.8,1776914099999,525598194.7554900,7682,839503459.5,409270241.7958300,0
1776914100000,0.4874,0.489,0.487,0.489,1124974934.4,1776914999999,548405872.3415100,8041,891370256.5,434560541.6473200,0
1776915000000,0.489,0.4896,0.4888,0.4889,1198061127.0,1776915899999,586007756.3240100,8371,951875262.2,465594512.6113600,0
1776915900000,0.4889,0.4889,0.4863,0.4869,1048776881.0,1776916799999,512451953.6161200,7539,801499656.2,391635003.4978900,0
1776916800000,0.4869,0.4914,0.4868,0.4881,1286261738.0,1776917699999,628675176.6039100,8748,1080849734.5,528279027.3196500,0
1776917700000,0.4881,0.4881,0.4878,0.4879,1120611915.5,1776918599999,546866831.8830800,7938,892345049.0,435471688.4995500,0
1776918600000,0.4879,0.4895,0.4877,0.4892,1180499969.8,1776919499999,577451462.8047900,8287,949287398.5,464382868.3439400,0
1776919500000,0.4893,0.4935,0.4892,0.4923,1255112525.0,1776920399999,618716249.1694900,8635,984974415.0,485517519.2766600,0
1776920400000,0.4924,0.4947,0.4923,0.4924,1246144421.8,1776921299999,614274568.7890700,8715,948888098.4,467647932.1176100,0
1776921300000,0.4924,0.4924,0.492,0.4921,1058157390.9,1776922199999,520880178.1799400,7634,840793800.3,413889749.8563300,0
1776922200000,0.4921,0.4921,0.4917,0.4917,1200941816.9,1776923099999,590837862.2191300,8251,966697052.9,475600397.9371600,0
1776923100000,0.4917,0.4918,0.4915,0.4915,1020858287.0,1776923999999,501937501.1431700,7326,816662067.6,401543543.1840600,0
1776924000000,0.4915,0.4915,0.4912,0.4913,1170857800.9,1776924899999,575360282.6941200,8019,943148013.5,463467850.5181600,0
1776924900000,0.4912,0.4913,0.4909,0.491,1188558947.6,1776925799999,583714764.6905700,8214,936032838.4,459697153.9330900,0
1776925800000,0.4909,0.491,0.4863,0.4863,1061749509.2,1776926699999,519457273.9080800,7723,773444509.2,378322993.8783700,0
1776926700000,0.4863,0.4863,0.4837,0.4837,1213261093.1,1776927599999,587125841.1843200,8578,955171189.6,462216511.7464800,0
1776927600000,0.4837,0.4838,0.4809,0.481,1092802476.0,1776928499999,527529508.4100800,8019,791258971.5,381871352.3433000,0
1776928500000,0.4809,0.481,0.4806,0.4807,1094954582.8,1776929399999,526467183.3914500,7747,878442474.4,422367828.5972900,0
1776929400000,0.4807,0.4807,0.474,0.474,1211443087.8,1776930299999,578592075.9941500,9397,634650729.4,303348803.3471200,0
1776930300000,0.474,0.4741,0.4734,0.4735,1180686013.1,1776931199999,559362672.2721500,8396,844308752.4,400008710.8896200,0
1776931200000,0.4735,0.4824,0.4735,0.4821,1060491295.9,1776932099999,511120539.2491100,7353,847606467.2,408465035.2429400,0
1776932100000,0.4821,0.4821,0.4817,0.4817,967017991.8,1776932999999,466078659.6452300,6840,746960546.5,360023817.8251800,0
1776933000000,0.4818,0.4818,0.4815,0.4815,560027143.5,1776933899999,269753223.3286600,4461,441946152.5,212881056.1879100,0
1776933900000,0.4815,0.4845,0.4815,0.4843,1039896765.7,1776934799999,503609654.9034200,7018,849720027.8,411512895.2014300,0
1776934800000,0.4842,0.489,0.4841,0.4888,959823485.2,1776935699999,467682333.5696800,6862,755552783.5,368191808.1020700,0
1776935700000,0.4887,0.4888,0.4884,0.4885,976134091.1,1776936599999,476965216.5943700,7008,761679880.2,372182478.4726400,0
1776936600000,0.4885,0.4885,0.4881,0.4881,1135777187.2,1776937499999,554664229.6200000,7851,886863796.9,433111521.1181900,0
1776937500000,0.4882,0.4882,0.4878,0.4879,1114877505.6,1776938399999,544137239.9916900,7801,891907831.9,435319099.8340700,0
1776938400000,0.4879,0.4879,0.4876,0.4877,1038534430.1,1776939299999,506591944.1020500,7244,838019419.0,408783665.1935500,0
1776939300000,0.4877,0.4877,0.4824,0.4825,1172810783.4,1776940199999,566842743.8085700,8322,881973980.8,426036613.5164000,0
1776940200000,0.4825,0.4825,0.4789,0.4812,1165866905.2,1776941099999,561370093.0972800,8725,775350714.9,373498248.8153600,0
1776941100000,0.4812,0.4812,0.4791,0.4791,1199401763.8,1776941999999,575415828.2855100,8387,942686729.4,452234589.6295700,0
1776942000000,0.4792,0.4792,0.4788,0.4788,1140416013.4,1776942899999,546277977.4107600,7911,877768249.3,420467005.3335100,0
1776942900000,0.4789,0.4789,0.4785,0.4786,922512640.0,1776943799999,441642348.4310900,6840,723048567.9,346156730.3283400,0
1776943800000,0.4786,0.4786,0.4782,0.4783,1150186612.7,1776944699999,550313999.4583000,7908,906180339.3,433574740.0854500,0
1776944700000,0.4783,0.4783,0.478,0.478,1211154529.4,1776945599999,579159618.7616800,8132,996174983.1,476360432.6993400,0
1776945600000,0.478,0.4834,0.4778,0.4832,1189183658.8,1776946499999,571766317.7192700,8310,959841715.2,461598237.9016000,0
1776946500000,0.4832,0.4875,0.4831,0.4835,1102642617.2,1776947399999,534975070.4703600,8134,784323299.6,380549195.6518000,0
1776947400000,0.4835,0.4835,0.4814,0.4814,1088436894.9,1776948299999,525223147.5491500,7787,855557265.5,412830482.7051800,0
1776948300000,0.4814,0.4832,0.4813,0.4831,1128526081.1,1776949199999,544428866.2427200,7759,911518828.6,439747048.6645600,0
1776949200000,0.483,0.4847,0.4828,0.4846,1235147638.6,1776950099999,597656397.2835600,8485,987842858.4,478017516.5430200,0
1776950100000,0.4846,0.4846,0.4801,0.4802,1038252363.3,1776950999999,499893577.3991900,7720,780121972.0,375539182.7538800,0
1776951000000,0.4802,0.4802,0.4798,0.4799,836451516.1,1776951899999,401537581.2731600,6285,676861474.4,324928905.5831400,0
1776951900000,0.4798,0.4799,0.4795,0.4795,600604164.2,1776952799999,288146324.4246300,4957,476248928.1,228491601.1390800,0
1776952800000,0.4795,0.4795,0.4765,0.477,857353200.7,1776953699999,408788430.5242900,6312,690292678.4,329135362.8461600,0
1776953700000,0.4771,0.4771,0.4768,0.4768,599839256.4,1776954599999,286109288.6527600,4750,526401107.8,251081993.3642400,0
1776954600000,0.4769,0.4769,0.4765,0.4766,833415253.0,1776955499999,397297245.7955800,6064,706056869.8,336585605.9189800,0
1776955500000,0.4766,0.4766,0.4762,0.4762,749219428.4,1776956399999,356949881.6090900,5667,615342958.4,293170620.8493200,0
1776956400000,0.4762,0.4763,0.4759,0.476,524480180.4,1776957299999,249737628.1468900,4417,403373188.6,192076759.5221100,0
1776957300000,0.476,0.476,0.4757,0.4757,861559155.5,1776958199999,409999557.7352100,6109,729412893.5,347121761.8526900,0
1776958200000,0.4757,0.4767,0.4755,0.4764,757399261.3,1776959099999,360557107.6450000,5488,645082181.1,307091733.9944700,0
1776959100000,0.4764,0.4765,0.4761,0.4761,1252454846.7,1776959999999,596635733.8051800,8585,1009490330.4,480906014.2721300,0
1776960000000,0.4762,0.4876,0.4761,0.4873,1283230295.9,1776960899999,624889288.1879600,8830,1033680651.0,503248869.4848300,0
1776960900000,0.4873,0.4873,0.487,0.487,1186751580.4,1776961799999,578186034.1878900,8059,963196828.7,469272758.5048300,0
1776961800000,0.4871,0.4871,0.4867,0.4868,969057812.1,1776962699999,471846027.9797200,6943,742067930.6,361322689.6582900,0
1776962700000,0.4867,0.4868,0.4832,0.4833,951225871.0,1776963599999,461949080.9274700,7145,722048138.6,350619068.6601500,0
1776963600000,0.4833,0.4833,0.4819,0.482,980787723.0,1776964499999,472962159.4734800,7059,734418578.5,354142161.0941300,0
1776964500000,0.4819,0.4829,0.4812,0.4812,1053792841.1,1776965399999,507748046.4469600,7519,757036838.5,364711141.2879100,0
1776965400000,0.4812,0.4815,0.4779,0.4798,1069176618.4,1776966299999,514008973.3051000,7799,748065669.6,359614966.1903100,0
1776966300000,0.4798,0.4829,0.4795,0.4818,998917077.6,1776967199999,479939831.2680300,7074,751952778.5,361293158.9290300,0
1776967200000,0.4819,0.4819,0.4815,0.4816,1144907550.5,1776968099999,551526630.0162000,7837,886616474.0,427103259.4992800,0
1776968100000,0.4816,0.4816,0.4812,0.4812,951210121.1,1776968999999,457952636.2243700,7007,745731892.6,359031523.9463000,0
1776969000000,0.4813,0.4845,0.481,0.4844,1203919198.9,1776969899999,580227197.0776500,8314,955243048.8,460355605.3930900,0
1776969900000,0.4844,0.4844,0.4841,0.4841,1173810738.9,1776970799999,568465231.7779200,8036,952065443.7,461079786.2784300,0
1776970800000,0.4841,0.4841,0.4801,0.4802,1159642251.2,1776971699999,559309961.7171700,8068,855668015.8,412614292.4855800,0
1776971700000,0.4802,0.4802,0.4782,0.4782,921544563.3,1776972599999,441904184.7619700,6943,663426960.7,318126928.9391500,0
1776972600000,0.4783,0.4783,0.4771,0.4772,1079844256.7,1776973499999,516182823.8054900,7625,820510744.5,392207717.6058000,0
1776973500000,0.4772,0.4772,0.4768,0.4768,1171535894.1,1776974399999,558829851.3277200,8047,988620209.9,471579894.8856700,0
1776974400000,0.4769,0.4769,0.4765,0.4766,1141951175.5,1776975299999,544416839.7413100,7883,892925176.7,425700103.8082200,0
1776975300000,0.4766,0.4766,0.4762,0.4763,1153928802.7,1776976199999,549806822.1807100,8000,889882206.0,424005317.7640000,0
1776976200000,0.4763,0.4763,0.476,0.476,1047084938.5,1776977099999,498617350.1794100,7220,845479120.0,402617185.1216200,0
1776977100000,0.476,0.476,0.4757,0.4758,1171860831.6,1776977999999,557688234.4271200,8175,936988850.9,445913325.9626900,0
1776978000000,0.4757,0.4758,0.4736,0.4737,1054885133.4,1776978899999,500088295.8179200,7552,813715808.5,385733111.6275000,0
1776978900000,0.4737,0.4737,0.4733,0.4734,1173951613.5,1776979799999,555937901.1268800,8105,914826686.1,433231771.2820700,0
1776979800000,0.4734,0.4769,0.4733,0.4768,1185655042.2,1776980699999,563441902.1441400,8230,935443241.1,444555845.4419100,0
1776980700000,0.4768,0.4768,0.4765,0.4766,1203963296.9,1776981599999,573931926.1404100,8128,972443239.8,463569654.0224300,0
1776981600000,0.4765,0.4766,0.4761,0.4762,1148634412.3,1776982499999,547136992.9253800,8146,858738961.7,409049719.1077300,0
1776982500000,0.4762,0.4762,0.4758,0.4758,1079325910.7,1776983399999,513811579.7014500,7690,839710096.0,399746435.9781100,0
1776983400000,0.4758,0.4761,0.4756,0.476,1121359321.8,1776984299999,533683848.2406400,7805,924984333.9,440232631.7630700,0
1776984300000,0.476,0.476,0.4757,0.4757,1183903984.5,1776985199999,563425799.4305300,8095,960333581.6,457030039.0782100,0
1776985200000,0.4758,0.4758,0.4754,0.4754,1255355443.3,1776986099999,597081869.6701900,8505,1020009252.9,485148061.5196000,0
1776986100000,0.4754,0.4755,0.4751,0.4752,1051552661.0,1776986999999,499855358.9215500,7424,838758423.8,398707387.9394100,0
1776987000000,0.4751,0.4757,0.4751,0.4754,1031030106.9,1776987899999,490286335.6514100,7140,856512377.7,407295535.6848600,0
1776987900000,0.4754,0.4755,0.4751,0.4752,1215787508.8,1776988799999,577883767.1301900,8357,963321166.4,457883652.8324500,0
1776988800000,0.4752,0.4841,0.4752,0.4837,1245120349.8,1776989699999,602072058.4992500,8463,993276626.3,480199539.7440900,0
1776989700000,0.4838,0.4838,0.4834,0.4835,1179770714.9,1776990599999,570623370.8335800,8155,921611886.4,445766016.7518400,0
1776990600000,0.4834,0.4835,0.4832,0.4833,964986288.5,1776991499999,466486290.6607700,6932,783540059.7,378774854.9527100,0
1776991500000,0.4833,0.4833,0.4829,0.483,998503538.5,1776992399999,482379232.6474900,7168,762504280.6,368368744.3279400,0
1776992400000,0.483,0.483,0.4826,0.4827,850158480.7,1776993299999,410472200.3318500,6389,651569342.3,314592725.4349800,0
1776993300000,0.4827,0.4827,0.4823,0.4824,1176482068.8,1776994199999,567724819.6391100,8098,916786105.9,442413199.0077500,0
1776994200000,0.4823,0.4824,0.4821,0.4821,1155199051.6,1776995099999,557131356.4076900,7980,893967140.9,431152192.6983500,0
1776995100000,0.4821,0.4821,0.4818,0.4819,1158377655.4,1776995999999,558344975.8699300,7886,936379841.2,451345333.0131200,0
1776996000000,0.4818,0.4819,0.4815,0.4816,979620295.0,1776996899999,471900688.7710600,7024,775433046.4,373541132.7910100,0
1776996900000,0.4815,0.4816,0.4812,0.4813,980688904.3,1776997799999,472157707.0690700,7035,802302831.9,386277047.9176600,0
1776997800000,0.4812,0.4813,0.4809,0.481,1165964071.9,1776998699999,561020483.1167700,8055,921827425.0,443557491.5518600,0
1776998700000,0.481,0.481,0.4807,0.4807,1120658119.8,1776999599999,538916290.0015800,7638,898408783.9,432041426.6499300,0
1776999600000,0.4807,0.4807,0.4804,0.4804,1124776715.4,1777000499999,540574724.9616100,7913,846321036.7,406745126.0361000,0
1777000500000,0.4805,0.4805,0.4801,0.4801,1013032749.4,1777001399999,486594124.4362800,7268,788481895.0,378736652.6074400,0
1777001400000,0.4802,0.4802,0.4798,0.4799,1073356366.6,1777002299999,515264963.6782900,7478,833886560.0,400312987.3416300,0
1777002300000,0.4798,0.4799,0.4795,0.4796,984804950.3,1777003199999,472476992.3372200,7052,766231218.4,367620133.7657000,0
1777003200000,0.4796,0.4838,0.4794,0.4836,1256028474.4,1777004099999,605161609.8140600,8399,1065195070.6,513233727.4227000,0
1777004100000,0.4836,0.4837,0.4818,0.4819,1164025773.3,1777004999999,561370784.2319100,8101,875420551.0,422163422.1580100,0
1777005000000,0.4819,0.4819,0.4816,0.4817,1044986179.4,1777005899999,503490013.5842800,7366,850716889.1,409894957.0183300,0
1777005900000,0.4817,0.4817,0.4813,0.4813,979551801.6,1777006799999,471662708.8116600,6992,800307042.5,385356419.8982600,0
1777006800000,0.4813,0.4814,0.481,0.4811,999680804.6,1777007699999,481066239.3358900,7161,792472882.3,381356860.5570100,0
1777007700000,0.4811,0.4821,0.481,0.4819,1188869683.9,1777008599999,572907943.7967100,8118,988419814.8,476310156.6398100,0
1777008600000,0.4818,0.4819,0.4815,0.4816,1107686843.8,1777009499999,533610186.2673500,7888,873278496.9,420691551.4501400,0
1777009500000,0.4816,0.4816,0.4794,0.4795,1021662846.1,1777010399999,490384412.1390800,7453,767925209.4,368556581.1994800,0
1777010400000,0.4794,0.4795,0.4791,0.4792,1073392062.5,1777011299999,514553846.3051600,7446,839443434.5,402413680.7576800,0
1777011300000,0.4791,0.4792,0.4789,0.4789,1101810149.0,1777012199999,527877606.8179600,7429,888225915.6,425551943.1567800,0
1777012200000,0.479,0.479,0.4786,0.4786,1141650911.3,1777013099999,546635443.3318400,8049,836746763.4,400652272.3324800,0
1777013100000,0.4786,0.4786,0.4772,0.4778,1129502678.1,1777013999999,539246859.0170200,7781,905483185.6,432297923.4755700,0
1777014000000,0.4778,0.4778,0.4771,0.4771,1087392064.2,1777014899999,519142041.1561500,7764,803710642.8,383702009.7235800,0
1777014900000,0.4771,0.4783,0.477,0.478,1030790618.3,1777015799999,492644887.8959900,7272,802651630.6,383633274.7231700,0
1777015800000,0.478,0.478,0.4765,0.4766,1184959064.9,1777016699999,566261141.5620000,8223,881373096.1,421189472.0342300,0
1777016700000,0.4765,0.4766,0.4762,0.4763,1091503616.5,1777017599999,520071404.9891600,7546,837641409.0,399120446.7747200,0
1777017600000,0.4763,0.4872,0.4762,0.4867,1112031533.8,1777018499999,540184587.2355100,7827,894345628.6,434361425.8327700,0
1777018500000,0.4867,0.4867,0.4863,0.4863,921036832.3,1777019399999,448130229.7248000,6682,733199466.9,356744085.5459200,0
1777019400000,0.4864,0.4871,0.4858,0.4859,1201357127.3,1777020299999,584822414.5646000,8318,941268942.9,458219413.6014900,0
1777020300000,0.4859,0.4878,0.4857,0.4876,1096349556.8,1777021199999,533957573.2429700,7603,970447274.2,472651607.2751000,0
1777021200000,0.4876,0.4876,0.4872,0.4873,1070643377.2,1777022099999,521843861.5378800,7474,874320928.6,426154005.1933800,0
1777022100000,0.4873,0.4886,0.4869,0.4886,1076645421.9,1777022999999,524560793.5150100,7350,849109773.3,413723984.8533300,0
1777023000000,0.4886,0.4907,0.4883,0.4907,1049703553.1,1777023899999,513366244.8194700,7143,805806248.6,394108690.3927300,0
1777023900000,0.4907,0.4907,0.4836,0.4837,912394415.7,1777024799999,447072404.5777600,6449,655714787.4,321226408.6364800,0
1777024800000,0.4837,0.4837,0.4818,0.4832,1190294155.2,1777025699999,574731191.2336200,8403,836307930.9,403840021.0110400,0
1777025700000,0.4833,0.4833,0.4829,0.483,1051104256.8,1777026599999,507843019.0328000,7435,834348372.2,403122005.0314200,0
1777026600000,0.4829,0.483,0.4818,0.4819,1189475162.5,1777027499999,574032148.3713200,8264,881056824.7,425194453.0693200,0
1777027500000,0.4819,0.4819,0.4815,0.4816,1099540373.9,1777028399999,529684675.2557000,7679,859968071.8,414276967.5347200,0
1777028400000,0.4816,0.4816,0.4812,0.4813,940965099.6,1777029299999,453043476.6899900,6634,673391945.4,324226945.5350500,0
1777029300000,0.4813,0.4813,0.481,0.481,1128894547.2,1777030199999,543202953.5569200,7700,873020707.6,420088981.4307200,0
1777030200000,0.481,0.481,0.4807,0.4808,1159884486.9,1777031099999,557794563.6244300,7710,931922745.0,448170325.9497400,0
1777031100000,0.4808,0.4808,0.4804,0.4804,1213350978.4,1777031999999,583159896.1607600,8156,957368455.0,460130938.1776700,0
1777032000000,0.4805,0.4805,0.4801,0.4802,1085463482.6,1777032899999,521398535.3248400,7543,824902647.5,396243465.9552200,0
1777032900000,0.4802,0.4802,0.4798,0.4798,1162567737.0,1777033799999,558111525.9389100,8020,925338619.0,444231938.3209000,0
1777033800000,0.4798,0.4799,0.4796,0.4796,1118994215.0,1777034699999,536873740.3461100,7589,893626295.0,428751373.7687000,0
1777034700000,0.4796,0.4836,0.4795,0.4833,1254737164.4,1777035599999,605472108.5686800,8351,1032737011.5,498361658.7920400,0
1777035600000,0.4834,0.4834,0.483,0.4831,1125446688.6,1777036499999,543852472.1985400,7818,866546483.4,418746372.3955900,0
1777036500000,0.4831,0.4836,0.4805,0.4835,1182567607.1,1777037399999,570054951.9212500,8273,880738786.5,424577999.6718700,0
1777037400000,0.4836,0.4836,0.4833,0.4833,854602960.1,1777038299999,413165703.4062900,5902,679217638.6,328376364.6297600,0
