open_time,open,high,low,close,volume,close_time,quote_asset_volume,number_of_trades,taker_buy_base_asset_volume,taker_buy_quote_asset_volume,ignore
1775828700000,0.50003,0.50217,0.49941,0.5002,11524246.9,1775828999999,5774623.38660600,1078,11497652.5,5761317.33886700,0
1775829000000,0.5002,0.51018,0.49785,0.51018,85391558.6,1775829299999,43189013.18081100,2013,75105170.7,38060716.09107700,0
1775829300000,0.51018,0.51358,0.50826,0.51304,27635885.4,1775829599999,14132166.57110300,1181,27040194.6,13828041.67463800,0
1775829600000,0.51355,0.51539,0.51284,0.51539,14161511.4,1775829899999,7286655.72962700,953,14129491.2,7270225.31331000,0
1775829900000,0.51539,0.51577,0.51045,0.51336,24809705.2,1775830199999,12730895.60131300,1479,5619747.3,2894199.84179300,0
1775830200000,0.51336,0.51613,0.5064,0.50878,44855538.4,1775830499999,22893916.77840300,1343,3117313.6,1607214.71339700,0
1775830500000,0.50878,0.54044,0.50831,0.53559,112702530.8,1775830799999,58809775.00068600,2296,112334842.8,58615487.55481200,0
1775830800000,0.53559,0.54078,0.52756,0.52955,82085028.9,1775831099999,43808095.45836300,1896,21926610.2,11777192.04282600,0
1775831100000,0.52955,0.52955,0.48729,0.50396,111468013.5,1775831399999,56676249.69190300,1804,30855804.1,15320631.92372200,0
1775831400000,0.50403,0.5195,0.50403,0.51413,64370585.3,1775831699999,33045744.15497300,1539,42422114.3,21750624.95439900,0
1775831700000,0.51438,0.52083,0.51313,0.52083,20535302.8,1775831999999,10649832.93988700,1370,19617849.1,10177559.67446800,0
1775832000000,0.52083,0.52188,0.5183,0.52008,2174430.4,1775832299999,1133775.09839600,740,2149269.6,1120710.43711100,0
1775832300000,0.52008,0.52188,0.49976,0.49984,95716752.6,1775832599999,48766477.76385800,1861,8497.8,4418.74719100,0
1775832600000,0.49984,0.50278,0.49477,0.50187,60320034.1,1775832899999,30046766.40776700,1498,16275858.9,8126821.68331400,0
1775832900000,0.50183,0.50278,0.49204,0.49217,49918361.1,1775833199999,24725646.07881100,1572,415165.1,205489.27636300,0
1775833200000,0.49217,0.50439,0.49203,0.49418,88374987.9,1775833499999,44007308.65655800,1672,53965788.7,26853774.37822000,0
1775833500000,0.49418,0.49556,0.48477,0.48687,28822982.7,1775833799999,14141170.19996200,1133,17636.6,8716.11052100,0
1775833800000,0.48687,0.5081,0.48477,0.50331,112188884.4,1775834099999,56111152.92604800,2216,109452920.2,54739486.51371300,0
1775834100000,0.50331,0.50943,0.5023,0.50736,19673601.4,1775834399999,9966264.97452000,1233,18342461.4,9296779.12831200,0
1775834400000,0.50715,0.51009,0.50473,0.50553,36702367.9,1775834699999,18584607.07625000,1461,4113361.4,2095244.23587200,0
1775834700000,0.50562,0.51313,0.50474,0.51313,47161680.0,1775834999999,24052636.38618100,1420,45037390.3,22980313.64022600,0
1775835000000,0.51313,0.5163,0.50973,0.50973,62522670.4,1775835299999,32121795.50826700,1452,39904861.1,20540470.52509100,0
1775835300000,0.50973,0.51035,0.50777,0.50973,691782.3,1775835599999,351854.30027500,800,6065.7,3089.38851300,0
1775835600000,0.50973,0.51689,0.50774,0.51673,44873715.9,1775835899999,23037298.83025600,1484,44635870.1,22915256.36125000,0
1775835900000,0.51666,0.53643,0.51453,0.5307,93698168.7,1775836199999,49268541.20598500,1627,87941599.6,46206445.88291900,0
1775836200000,0.53059,0.53098,0.52462,0.52537,25356543.3,1775836499999,13363731.25822200,1206,3814503.8,2008852.50340200,0
1775836500000,0.52584,0.52584,0.51954,0.52246,41927921.8,1775836799999,21886922.48520900,1407,3831594.4,1998287.00756200,0
1775836800000,0.52246,0.53218,0.52246,0.5304,52896842.8,1775837099999,27885533.19208300,1641,52254212.3,27545015.06294200,0
1775837100000,0.53129,0.53811,0.53056,0.53187,77265743.3,1775837399999,41264562.20138800,1747,64234133.9,34318250.26098900,0
1775837400000,0.53187,0.53345,0.52485,0.53039,55492011.9,1775837699999,29325473.72406800,1648,6126354.5,3234079.15198400,0
1775837700000,0.53027,0.5326,0.52966,0.53139,3354265.8,1775837999999,1784418.20930000,818,3348526.4,1781373.94683300,0
1775838000000,0.53143,0.53312,0.53034,0.53034,2178750.5,1775838299999,1160506.71240700,803,2121380.4,1129989.00063900,0
1775838300000,0.53034,0.53288,0.52188,0.52792,59810297.2,1775838599999,31442173.07041200,1534,9714021.4,5112729.68484800,0
1775838600000,0.52792,0.52846,0.51907,0.52416,54890487.9,1775838899999,28666059.28905700,1609,12211409.4,6387757.41989200,0
1775838900000,0.52391,0.52569,0.52241,0.52395,3399263.8,1775839199999,1779493.41139700,956,607994.5,318852.39272200,0
1775839200000,0.52402,0.5286,0.52238,0.5262,28860155.3,1775839499999,15216479.16626600,1103,28850451.2,15211377.51152200,0
1775839500000,0.5263,0.53325,0.52523,0.52949,20194131.4,1775839799999,10692263.89209200,1127,18575579.3,9834693.39988800,0
1775839800000,0.52949,0.52949,0.52179,0.52265,35311982.5,1775840099999,18549855.29866400,1394,5321.1,2804.21501000,0
1775840100000,0.52265,0.52409,0.5214,0.52409,2575649.4,1775840399999,1343917.46777200,914,260684.0,136064.14753700,0
1775840400000,0.52425,0.52676,0.5214,0.52558,20662161.3,1775840699999,10863284.77736100,1175,20575592.7,10817963.92770700,0
1775840700000,0.52545,0.52676,0.52221,0.52481,6289770.9,1775840999999,3288302.00885400,840,14732.2,7760.00926800,0
1775841000000,0.52481,0.52677,0.52183,0.52656,5029828.2,1775841299999,2633613.93170700,855,720062.6,378763.12788200,0
1775841300000,0.52656,0.52827,0.52656,0.52718,10774702.1,1775841599999,5680397.53345600,720,10759974.7,5672631.94212800,0
1775841600000,0.52743,0.52827,0.52134,0.52153,24063511.4,1775841899999,12601088.84952300,908,65998.3,34599.29767400,0
1775841900000,0.52134,0.5218,0.51462,0.5169,44543250.3,1775842199999,23054625.16889100,1182,714409.4,369304.05486500,0
1775842200000,0.51673,0.51673,0.51448,0.51549,279843.6,1775842499999,144112.14063900,541,59494.6,30645.96238800,0
1775842500000,0.51549,0.52047,0.51521,0.51521,43107017.8,1775842799999,22313174.59380400,1146,29387246.7,15231903.52943200,0
1775842800000,0.51521,0.51997,0.51521,0.5194,2365363.7,1775843099999,1226109.52155300,621,2361679.7,1224198.35421800,0
1775843100000,0.51944,0.52355,0.51788,0.51789,30873541.3,1775843399999,16060249.81063700,1263,13401889.2,7000932.86873600,0
1775843400000,0.51789,0.51789,0.51075,0.51075,36588057.0,1775843699999,18799759.78516500,1273,53746.0,27666.10066600,0
1775843700000,0.51075,0.51075,0.50456,0.50804,40970231.8,1775843999999,20793698.39110700,1498,1956257.8,994080.96057400,0
1775844000000,0.50804,0.50954,0.5014,0.50233,25457166.4,1775844299999,12860044.10277900,1414,3563506.4,1800514.02616000,0
1775844300000,0.50233,0.50595,0.50165,0.50359,30484262.7,1775844599999,15392497.02260800,1507,22590511.1,11407608.30881300,0
1775844600000,0.50359,0.50437,0.49592,0.49605,56808215.9,1775844899999,28353050.62464400,1678,77291.5,38537.00907000,0
1775844900000,0.49605,0.50212,0.49592,0.50212,17340210.5,1775845199999,8678148.38474000,1083,17335159.2,8675620.38005600,0
1775845200000,0.50212,0.50276,0.49813,0.49813,25223991.7,1775845499999,12603839.25049300,1407,4348023.2,2184673.36815100,0
1775845500000,0.49813,0.50034,0.4926,0.50034,48967220.3,1775845799999,24312318.84567900,1820,12059415.5,6015115.57693900,0
1775845800000,0.50035,0.50796,0.50024,0.50496,78272981.4,1775846099999,39463887.43372300,1853,71264394.8,35924170.76510600,0
1775846100000,0.50496,0.50524,0.48961,0.49071,87412458.9,1775846399999,43405616.66594100,1955,3247.2,1600.22850100,0
1775846400000,0.49071,0.50928,0.48961,0.50928,73992494.9,1775846699999,37147558.30263400,1633,64894979.4,32610141.07435400,0
1775846700000,0.50928,0.50937,0.49811,0.50076,31188990.9,1775846999999,15701151.14633300,1350,1832576.3,931097.59315100,0
1775847000000,0.50076,0.50398,0.49811,0.49967,23412163.1,1775847299999,11755386.88563900,1133,17431634.7,8762372.27460300,0
1775847300000,0.49974,0.50279,0.49937,0.50107,3409680.2,1775847599999,1711196.56748300,878,2855470.9,1434406.59542600,0
1775847600000,0.50103,0.50279,0.49474,0.49474,19816678.4,1775847899999,9880548.28156500,1363,6726.5,3364.17142100,0
1775847900000,0.49474,0.49486,0.489,0.489,36340440.3,1775848199999,17858985.94211600,1885,3112.5,1539.01069700,0
1775848200000,0.489,0.49446,0.48868,0.49384,26207644.4,1775848499999,12877799.85660600,1189,25536864.4,12549798.73070100,0
1775848500000,0.49446,0.49448,0.49079,0.49079,1022915.5,1775848799999,503697.64253100,752,205468.2,101595.82300600,0
1775848800000,0.49079,0.49131,0.48546,0.49063,31405515.3,1775849099999,15365046.80461700,1218,13191352.8,6455734.48454600,0
1775849100000,0.49063,0.49116,0.48735,0.48746,1741366.2,1775849399999,848808.62075100,762,11429.0,5578.87465500,0
1775849400000,0.48766,0.49209,0.4861,0.49152,36402339.4,1775849699999,17801774.12884100,1532,23128720.4,11339217.84795400,0
1775849700000,0.49152,0.49353,0.49034,0.49148,8063571.8,1775849999999,3971151.05843100,899,8046998.7,3962986.36743400,0
1775850000000,0.49148,0.49384,0.49033,0.49337,998616.4,1775850299999,492826.04269200,814,884215.2,436432.73134500,0
1775850300000,0.49337,0.5046,0.49033,0.49932,42402182.5,1775850599999,21118812.05292400,1381,37005930.9,18424315.70784600,0
1775850600000,0.49932,0.49938,0.49602,0.49722,214592.2,1775850899999,106654.26867200,783,5076.5,2525.71201400,0
1775850900000,0.49722,0.50332,0.49602,0.5033,24288505.0,1775851199999,12143887.35563300,1115,24283775.4,12141519.86968100,0
1775851200000,0.50332,0.50461,0.50225,0.50461,2011103.5,1775851499999,1013148.83268200,909,1520717.6,766526.48184500,0
1775851500000,0.50454,0.50461,0.50006,0.50135,9009619.3,1775851799999,4529078.36336700,993,746315.9,374886.28409100,0
1775851800000,0.50135,0.50308,0.50032,0.50288,2743490.6,1775852099999,1374418.18337000,874,604072.3,303479.48895400,0
1775852100000,0.50274,0.50421,0.50109,0.5011,2137465.2,1775852399999,1076681.26246400,715,2129203.1,1072526.39464000,0
1775852400000,0.5011,0.51399,0.50084,0.51399,49124203.0,1775852699999,24940071.12788600,1516,49071760.4,24913278.00387300,0
1775852700000,0.51399,0.51399,0.50436,0.50494,13700985.0,1775852999999,6998852.13806600,971,153477.4,78875.94889300,0
1775853000000,0.50484,0.50762,0.50377,0.5062,8011244.8,1775853299999,4060547.91109500,1095,2805954.8,1423360.48409000,0
1775853300000,0.5062,0.50821,0.50496,0.50496,474080.5,1775853599999,239433.83978500,713,2556.9,1297.15689400,0
1775853600000,0.50493,0.50667,0.50456,0.50458,120325.0,1775853899999,60733.90530900,770,3562.4,1804.70925800,0
1775853900000,0.50458,0.50578,0.50432,0.50442,817906.0,1775854199999,412703.55962300,710,80158.0,40509.19051000,0
1775854200000,0.50446,0.51091,0.50431,0.51091,21085061.6,1775854499999,10729797.03930000,1210,21081694.6,10728089.01487600,0
1775854500000,0.51091,0.51252,0.51005,0.5115,5623965.8,1775854799999,2879367.60982200,957,5616509.0,2875556.00567500,0
1775854800000,0.5115,0.51326,0.5115,0.51153,2420476.2,1775855099999,1241401.93510600,966,2139396.6,1097308.24764100,0
1775855100000,0.51153,0.51335,0.5115,0.51315,35905.3,1775855399999,18372.52844700,759,3296.9,1690.29498300,0
1775855400000,0.51316,0.51316,0.5115,0.51195,8757.8,1775855699999,4483.44499600,711,1416.9,725.88908300,0
1775855700000,0.51192,0.51192,0.50555,0.50784,32419140.6,1775855999999,16456582.90517700,1445,723.6,366.85320000,0
1775856000000,0.50772,0.50921,0.50555,0.50752,7521.9,1775856299999,3814.67856200,569,1942.6,986.69963800,0
1775856300000,0.50752,0.51597,0.50752,0.51597,58723050.8,1775856599999,30056798.57691100,1669,58650522.0,30019409.62387000,0
1775856600000,0.51597,0.51847,0.51592,0.51592,6658180.9,1775856899999,3440439.99743900,1066,6649734.4,3436078.65111700,0
1775856900000,0.51592,0.51847,0.51182,0.51182,31821833.1,1775857199999,16348890.26739900,1033,1480.6,759.59652500,0
1775857200000,0.51182,0.51439,0.51108,0.51108,28745.6,1775857499999,14750.78137600,593,25147.4,12909.04869000,0
1775857500000,0.51108,0.51439,0.51028,0.51028,5148148.8,1775857799999,2627712.82886000,673,20593.1,10592.88470900,0
1775857800000,0.51028,0.51462,0.51007,0.51462,5413121.0,1775858099999,2776144.00668300,800,3496056.8,1798068.69991000,0
1775858100000,0.51462,0.52124,0.50798,0.50798,63498226.6,1775858399999,32797800.26561300,1726,51181816.3,26466481.80160600,0
1775858400000,0.50817,0.51641,0.50798,0.51558,23441530.4,1775858699999,12049832.33073200,812,23180736.9,11915401.79855700,0
1775858700000,0.51558,0.51729,0.51397,0.51729,17441098.5,1775858999999,8996756.70661900,998,13401854.2,6918484.05479000,0
1775859000000,0.51729,0.51999,0.51686,0.51916,27905531.9,1775859299999,14471453.25119600,848,27903856.5,14470583.35229800,0
1775859300000,0.51919,0.52468,0.51919,0.52425,40444398.8,1775859599999,21122241.77170400,1195,40255139.2,21023078.74300000,0
1775859600000,0.52425,0.52934,0.52413,0.52934,27961155.5,1775859899999,14718100.28702600,1475,27848662.9,14658739.01619800,0
1775859900000,0.52938,0.53037,0.52402,0.52476,13275439.1,1775860199999,6985538.64083500,1160,106357.8,56046.31378700,0
1775860200000,0.52478,0.52536,0.52214,0.523,3834751.1,1775860499999,2003025.35765700,864,25883.5,13538.07845100,0
1775860500000,0.523,0.52592,0.52214,0.52345,79589.0,1775860799999,41702.50293300,666,48771.8,25604.31202700,0
1775860800000,0.52345,0.52461,0.51776,0.51776,20532815.3,1775861099999,10692837.96360200,1517,3113.9,1620.28691200,0
1775861100000,0.51776,0.51856,0.51531,0.51531,20244908.8,1775861399999,10458764.50664300,964,47412.7,24584.81375200,0
1775861400000,0.51559,0.5157,0.51439,0.51507,8290566.9,1775861699999,4267978.41763700,1169,884951.2,456139.96218600,0
1775861700000,0.51507,0.51507,0.51346,0.51346,7998874.5,1775861999999,4111341.64587200,1021,76723.8,39511.99921300,0
1775862000000,0.51347,0.51347,0.50874,0.50938,25963205.3,1775862299999,13290197.48511900,1334,16954.9,8638.30406200,0
1775862300000,0.50938,0.51383,0.50874,0.51296,19252408.8,1775862599999,9850652.73524300,1071,19139732.7,9792783.62935000,0
1775862600000,0.51296,0.51375,0.50773,0.50837,26434521.3,1775862899999,13453841.17916900,1166,7441.6,3784.32340900,0
1775862900000,0.50837,0.50985,0.50725,0.50985,1625086.4,1775863199999,824833.65095300,890,41104.8,20873.22277200,0
1775863200000,0.50985,0.51051,0.50724,0.50881,8077.2,1775863499999,4111.73574300,661,1831.8,934.71458000,0
1775863500000,0.50877,0.51051,0.50467,0.50584,17298852.4,1775863799999,8752980.71865200,1226,5028.7,2553.96343200,0
1775863800000,0.50584,0.5083,0.50467,0.50676,10813.3,1775864099999,5469.49721100,604,2251.6,1140.69873900,0
1775864100000,0.50668,0.5083,0.50452,0.50738,152441.6,1775864399999,77411.98065300,556,147334.6,74825.18936600,0
1775864400000,0.50738,0.50825,0.50549,0.50695,1531946.4,1775864699999,776596.17066000,918,1271762.6,644950.48638600,0
1775864700000,0.50699,0.5083,0.50323,0.50323,18825188.7,1775864999999,9492904.37859200,1023,128519.2,65322.60693400,0
1775865000000,0.50323,0.50332,0.50172,0.50321,2533754.4,1775865299999,1274618.87128900,892,81306.2,40914.55739400,0
1775865300000,0.50321,0.50575,0.50172,0.50547,543067.6,1775865599999,274620.74993700,759,539674.9,272913.50084600,0
1775865600000,0.50575,0.50779,0.50441,0.50479,16049103.5,1775865899999,8128638.78699700,1036,16042230.2,8125159.32383400,0
1775865900000,0.50482,0.51396,0.50415,0.51247,54532589.6,1775866199999,27810302.80027300,1390,53577021.5,27328426.66846800,0
1775866200000,0.51241,0.51666,0.50965,0.51666,22570416.4,1775866499999,11621885.52850200,1348,22471620.5,11571518.82191800,0
1775866500000,0.51666,0.52006,0.51291,0.51291,36970821.4,1775866799999,19139448.50472900,1407,27939204.6,14491154.41493800,0
1775866800000,0.51291,0.51623,0.51177,0.51554,14016998.7,1775867099999,7221291.58790400,1123,12632170.3,6512395.41084800,0
1775867100000,0.51554,0.51623,0.51033,0.51394,7743355.1,1775867399999,3968239.84629800,1028,41257.5,21200.41663100,0
1775867400000,0.51394,0.51623,0.51303,0.51605,854384.9,1775867699999,440045.00591200,920,713815.0,367828.39535700,0
1775867700000,0.51599,0.51665,0.51488,0.51665,91598.5,1775867999999,47283.39709000,524,84426.5,43587.89525800,0
1775868000000,0.51665,0.52389,0.51665,0.52295,18610899.3,1775868299999,9668753.69479100,1207,18608029.7,9667255.26397600,0
1775868300000,0.52295,0.5239,0.52002,0.52002,4306275.1,1775868599999,2240593.83734600,639,1369.1,717.27100500,0
1775868600000,0.52016,0.52376,0.52002,0.52242,4846816.8,1775868899999,2533542.19449700,747,1134607.3,593474.69289200,0
1775868900000,0.52245,0.52654,0.52047,0.52047,18088403.2,1775869199999,9460453.14404100,1101,11694904.1,6128728.96088400,0
1775869200000,0.52047,0.52709,0.51988,0.52532,34372381.2,1775869499999,17986811.50546700,1169,32478175.1,17001521.19232400,0
1775869500000,0.52532,0.52758,0.52382,0.52758,1527829.2,1775869799999,805563.73949000,421,1513455.5,798015.97866400,0
1775869800000,0.52758,0.5326,0.52758,0.52878,30800111.5,1775870099999,16309942.01934400,1156,30777008.2,16297700.38939100,0
1775870100000,0.52878,0.53919,0.52874,0.53919,57824159.0,1775870399999,30953993.49708200,1680,57802077.7,30942162.17076200,0
1775870400000,0.53919,0.54115,0.53577,0.54,18739623.1,1775870699999,10106451.67624000,1172,13228663.3,7149151.96713700,0
1775870700000,0.53981,0.54117,0.53484,0.54029,17278368.4,1775870999999,9266696.07160800,1213,1787397.8,961054.89248400,0
1775871000000,0.54015,0.54138,0.53671,0.53671,6934404.4,1775871299999,3730474.32679500,907,1194564.7,646573.85832100,0
1775871300000,0.53671,0.55808,0.53653,0.55354,44861330.4,1775871599999,24514883.95657100,1400,39917977.5,21816936.36410800,0
1775871600000,0.55352,0.55888,0.54958,0.55621,35120207.5,1775871899999,19480122.31862000,1655,28273713.8,15697413.71386300,0
1775871900000,0.55621,0.55621,0.55152,0.55468,19446827.7,1775872199999,10772172.50847300,1261,5864323.8,3248450.97204900,0
1775872200000,0.55468,0.55468,0.54944,0.5513,20426535.3,1775872499999,11265762.94055600,1428,33213.1,18317.77381900,0
1775872500000,0.5505,0.55135,0.54198,0.54383,41959310.1,1775872799999,22924049.43373300,1660,392208.3,214052.65445200,0
1775872800000,0.54383,0.54765,0.53917,0.54054,40528954.5,1775873099999,22050762.55513000,1541,15818259.8,8638245.90131700,0
1775873100000,0.54054,0.54542,0.53354,0.53633,36705734.6,1775873399999,19789415.79220700,1484,14161827.9,7683550.97732000,0
1775873400000,0.53633,0.5367,0.5264,0.5264,24403770.8,1775873699999,12956412.02053600,1407,216684.9,115981.25002400,0
1775873700000,0.5264,0.53224,0.52319,0.52448,69385439.6,1775873999999,36592737.29085500,1909,20928628.1,11070126.46852200,0
1775874000000,0.5247,0.53449,0.52104,0.5344,93430050.0,1775874299999,49299832.43289000,2021,72401307.5,38320204.10861100,0
1775874300000,0.5344,0.5402,0.53425,0.53948,36559882.4,1775874599999,19635245.50863700,1693,36551452.1,19630729.64462900,0
1775874600000,0.53952,0.54033,0.53713,0.53713,531594.6,1775874899999,285682.23901800,676,16615.4,8975.55139500,0
1775874900000,0.53713,0.54057,0.53711,0.53975,2945966.7,1775875199999,1591626.15822300,748,2930892.0,1583498.47899400,0
1775875200000,0.53981,0.55805,0.53826,0.55249,109855551.5,1775875499999,60590321.55442500,2138,101375199.5,55900999.97965900,0
1775875500000,0.55249,0.55347,0.54609,0.54617,28211104.3,1775875799999,15474321.47836000,1297,458767.9,251213.79334800,0
1775875800000,0.54647,0.55056,0.54413,0.55056,27670246.1,1775876099999,15177472.92206500,1373,23941838.9,13146733.51196600,0
1775876100000,0.55056,0.55172,0.54645,0.54707,15011132.0,1775876399999,8228369.56234200,1076,2768002.0,1524633.73023200,0
1775876400000,0.54712,0.5473,0.53217,0.53232,65622488.6,1775876699999,35444176.87268600,1898,2274828.3,1219209.69526700,0
1775876700000,0.53232,0.53266,0.52632,0.53143,38283850.3,1775876999999,20280760.44582300,1886,2425275.1,1285301.28993900,0
1775877000000,0.53143,0.53148,0.52632,0.52647,2312243.0,1775877299999,1222168.20644500,962,612671.5,323564.03894900,0
1775877300000,0.52636,0.5313,0.52219,0.52598,52773528.2,1775877599999,27767938.38074600,1701,14433031.5,7655732.62230100,0
1775877600000,0.52598,0.52606,0.52203,0.52244,400443.5,1775877899999,209154.93569100,772,25966.6,13649.98497200,0
1775877900000,0.52244,0.52451,0.5147,0.51638,35475400.3,1775878199999,18436080.76277200,1482,15983.1,8286.96477900,0
1775878200000,0.51638,0.52094,0.5147,0.51543,33561851.6,1775878499999,17414760.33041100,1459,8838382.7,4584319.07932600,0
1775878500000,0.51478,0.52252,0.51277,0.52086,75254324.1,1775878799999,38925190.11096900,1983,53402498.5,27699854.74612500,0
1775878800000,0.52086,0.52278,0.51832,0.52065,12149131.7,1775879099999,6311556.80065100,1043,2019376.5,1054131.46710200,0
1775879100000,0.52065,0.52442,0.52065,0.52118,13517464.2,1775879399999,7072433.78792900,1065,13513732.2,7070484.81939700,0
1775879400000,0.52131,0.52953,0.52131,0.52377,53184495.9,1775879699999,27974582.79204700,1221,43472817.1,22878880.52209300,0
1775879700000,0.52377,0.53221,0.52282,0.53108,34245839.3,1775879999999,18045496.62995400,1444,33697445.4,17758604.95247800,0
1775880000000,0.53108,0.53221,0.52727,0.52902,7779963.5,1775880299999,4106527.47036900,989,2326067.4,1227724.62213300,0
1775880300000,0.52902,0.52902,0.52079,0.52165,38188110.0,1775880599999,20032427.36507700,1678,36088.2,19003.19215000,0
1775880600000,0.52165,0.52237,0.51053,0.51296,19415168.0,1775880899999,10087465.85101100,1147,336817.8,173069.67692300,0
1775880900000,0.51296,0.51418,0.51115,0.51158,162549.8,1775881199999,83482.31881000,839,119157.7,61268.38223000,0
1775881200000,0.5115,0.5115,0.50529,0.50541,50672466.0,1775881499999,25771299.13569700,1748,2500.6,1272.77380700,0
1775881500000,0.5058,0.50833,0.49616,0.50126,85408579.3,1775881799999,42796765.41683900,1668,16183635.9,8096741.88751200,0
1775881800000,0.50126,0.50233,0.49901,0.50131,6642745.0,1775882099999,3333427.56524500,976,6101980.7,3062146.38866100,0
1775882100000,0.50131,0.50747,0.50122,0.50451,18863744.6,1775882399999,9510163.09539600,1221,18291213.7,9222383.67366300,0
1775882400000,0.50451,0.50573,0.5026,0.50375,1835478.4,1775882699999,927938.16031200,860,1827878.0,924107.50238200,0
1775882700000,0.50375,0.50465,0.49751,0.49751,22432380.2,1775882999999,11238083.64328500,1297,6572.2,3286.13876700,0
1775883000000,0.49751,0.50766,0.49665,0.50766,61522840.0,1775883299999,30997143.99907400,1527,61518341.7,30994906.41198800,0
1775883300000,0.50766,0.51331,0.50766,0.51331,12690100.5,1775883599999,6476178.27554000,1270,11910231.5,6078231.92461100,0
1775883600000,0.51331,0.51337,0.51066,0.51143,1234374.1,1775883899999,633618.82278500,726,1211776.1,622067.66658600,0
1775883900000,0.51154,0.51383,0.5104,0.51366,1620680.5,1775884199999,832243.21372400,730,1614922.4,829296.92376000,0
1775884200000,0.51314,0.51389,0.50996,0.51121,883795.5,1775884499999,454142.97131900,656,876380.1,450351.70819000,0
1775884500000,0.51133,0.51485,0.50996,0.51343,14095129.4,1775884799999,7249521.91534900,899,14089346.9,7246557.31893900,0
1775884800000,0.51358,0.51815,0.51338,0.51343,43426521.6,1775885099999,22380784.66509100,1591,21560455.6,11128537.87821700,0
1775885100000,0.51338,0.51402,0.50907,0.50979,19958161.0,1775885399999,10197839.74882200,1220,2161.1,1105.58667100,0
1775885400000,0.50979,0.51889,0.50907,0.51834,58139602.2,1775885699999,29985503.78354400,1572,58121755.7,29976376.35077200,0
1775885700000,0.51834,0.51953,0.51493,0.51909,7917344.6,1775885999999,4091234.02756500,1005,3691858.0,1914387.31577000,0
1775886000000,0.51909,0.52025,0.51693,0.52025,8227883.2,1775886299999,4276836.25056900,901,8217133.4,4271255.39036700,0
1775886300000,0.52025,0.52046,0.51417,0.51417,17707855.7,1775886599999,9130550.43340700,1251,51327.4,26542.76400700,0
1775886600000,0.51415,0.51475,0.51173,0.51173,1182506.7,1775886899999,605367.28731800,797,66429.3,34193.21671300,0
1775886900000,0.51173,0.51173,0.50163,0.50214,56533551.9,1775887199999,28755807.89170000,1799,203813.5,104056.81757500,0
1775887200000,0.50214,0.50214,0.50002,0.50029,4064189.8,1775887499999,2036545.05854700,906,6783.6,3401.04999300,0
1775887500000,0.50029,0.50164,0.49877,0.49877,5436710.2,1775887799999,2715620.09582900,897,1952.7,976.13185500,0
1775887800000,0.49877,0.49991,0.49535,0.49755,16388360.3,1775888099999,8137942.47815500,1087,913217.2,453920.22730000,0
1775888100000,0.49755,0.50603,0.49653,0.50603,37591590.6,1775888399999,18851825.58937200,1246,37586960.4,18849523.15254500,0
1775888400000,0.50603,0.51881,0.49809,0.51299,79734230.9,1775888699999,40879154.98559300,1941,59379826.5,30411480.89893300,0
1775888700000,0.51299,0.51311,0.51012,0.51181,9206123.5,1775888999999,4701319.20276800,1051,3901.7,1995.54452500,0
1775889000000,0.51181,0.51544,0.5111,0.51357,19537894.0,1775889299999,10041948.33168800,1120,19488550.0,10016667.78843600,0
1775889300000,0.51357,0.51544,0.51033,0.51062,9138901.7,1775889599999,4669657.91906700,817,1813.0,930.38395700,0
1775889600000,0.51059,0.51394,0.51033,0.51217,855787.5,1775889899999,439519.07356000,813,852877.6,438026.83833000,0
1775889900000,0.51217,0.52254,0.51216,0.52253,51667783.6,1775890199999,26766503.94386000,1763,51661152.6,26763081.43780000,0
1775890200000,0.52254,0.52982,0.52176,0.52932,29393591.2,1775890499999,15488130.06917900,1151,29383430.0,15482776.24318900,0
1775890500000,0.52925,0.53242,0.52343,0.53242,29985908.4,1775890799999,15812070.35035000,1225,11842947.8,6269253.53583900,0
1775890800000,0.53234,0.53242,0.52864,0.52957,112212.6,1775891099999,59473.49565300,811,14538.1,7736.33003900,0
1775891100000,0.52919,0.54125,0.52864,0.54065,24592217.4,1775891399999,13140034.28649200,1117,24468513.6,13073229.72181000,0
1775891400000,0.54125,0.54125,0.5347,0.53559,21882634.3,1775891699999,11744140.32330300,1283,8628.1,4635.01414700,0
1775891700000,0.53542,0.53578,0.53143,0.53273,24522342.8,1775891999999,13070965.57230900,1550,50652.2,26937.75926000,0
1775892000000,0.53273,0.53356,0.5306,0.53104,82194.1,1775892299999,43653.65173300,793,1440.0,767.37787700,0
1775892300000,0.53129,0.53216,0.52579,0.52579,22123388.2,1775892599999,11694834.73829100,1103,532.3,282.70203100,0
1775892600000,0.52579,0.53273,0.52561,0.53145,18387450.7,1775892899999,9727656.34517100,1142,17132945.8,9068069.65085000,0
1775892900000,0.53145,0.53313,0.52708,0.53313,29309408.6,1775893199999,15518104.24665600,1247,16156957.0,8561237.76454400,0
1775893200000,0.53313,0.5338,0.52577,0.52791,31114297.8,1775893499999,16493889.07963600,1500,18201319.7,9650845.44531900,0
1775893500000,0.52791,0.53122,0.52577,0.53062,7031274.3,1775893799999,3719539.02711500,1085,7021482.2,3714376.25308600,0
1775893800000,0.53062,0.53125,0.5288,0.53125,871247.6,1775894099999,462807.67731700,728,845119.3,448952.89986700,0
1775894100000,0.53125,0.53348,0.53125,0.53293,19723658.5,1775894399999,10501156.11265900,1260,19719568.4,10498978.94377300,0
1775894400000,0.53338,0.53623,0.53292,0.53391,3680130.7,1775894699999,1971925.15564800,906,3630062.9,1945238.03070100,0
1775894700000,0.5339,0.53631,0.53245,0.53245,19210.9,1775894999999,10288.54573100,659,12531.1,6720.55050000,0
1775895000000,0.53245,0.53631,0.53245,0.53486,53191.3,1775895299999,28512.40295500,651,47459.0,25452.53748000,0
1775895300000,0.53486,0.53746,0.53486,0.53653,13278231.8,1775895599999,7130537.44294500,935,13272713.2,7127578.27197300,0
1775895600000,0.53647,0.53746,0.53475,0.53475,51858.0,1775895899999,27814.39682700,626,27799.9,14941.29796600,0
1775895900000,0.53475,0.53746,0.53407,0.53746,44832.5,1775896199999,24084.27778600,563,39925.2,21458.19799200,0
1775896200000,0.53746,0.53823,0.53146,0.53288,31496778.9,1775896499999,16852402.37629600,1226,12755481.7,6859577.82866900,0
1775896500000,0.53288,0.53288,0.52972,0.52972,5375953.1,1775896799999,2852343.16576300,919,2101.4,1115.97310200,0
1775896800000,0.52972,0.52972,0.52657,0.52735,17986931.2,1775897099999,9495829.48123200,1431,25348.1,13363.72836300,0
1775897100000,0.52733,0.52824,0.52285,0.52321,18651879.7,1775897399999,9780576.09546200,968,13133.3,6926.32705200,0
1775897400000,0.52335,0.52355,0.51854,0.519,24250888.2,1775897699999,12612305.46716400,1381,44124.9,23015.53353300,0
1775897700000,0.51892,0.52015,0.51826,0.51826,643695.3,1775897999999,333766.68789500,641,4432.4,2302.47058500,0
1775898000000,0.51824,0.5195,0.5147,0.5147,17965113.1,1775898299999,9269153.68579100,1097,23597.3,12150.87224000,0
1775898300000,0.51467,0.51569,0.51312,0.51408,276775.8,1775898599999,142417.89299200,694,2680.7,1382.17136500,0
1775898600000,0.51408,0.516,0.51256,0.516,1795636.7,1775898899999,926014.73132200,713,1694958.3,874328.91584700,0
1775898900000,0.51586,0.51738,0.51249,0.5151,12349887.4,1775899199999,6383381.43604700,761,12343874.0,6380288.91276400,0
1775899200000,0.5151,0.51547,0.51155,0.51282,4770325.6,1775899499999,2446214.17521600,874,18287.0,9373.40541900,0
1775899500000,0.51282,0.51966,0.51282,0.51795,40863840.7,1775899799999,21103580.72718000,1131,40858032.8,21100569.68941000,0
1775899800000,0.51789,0.51966,0.51294,0.51294,28331490.3,1775900099999,14585353.61487500,1062,1314.9,677.43674500,0
1775900100000,0.51294,0.51808,0.51148,0.51808,16195975.8,1775900399999,8350290.74889400,1133,15760253.2,8127386.70088200,0
1775900400000,0.51804,0.52565,0.51804,0.51977,34240326.6,1775900699999,17824221.37049200,1274,29845415.2,15533854.55103000,0
1775900700000,0.51949,0.52045,0.51149,0.51685,31978407.5,1775900999999,16471647.91019600,1143,9860343.2,5071408.34277400,0
1775901000000,0.51685,0.52208,0.51527,0.52208,41952050.3,1775901299999,21753424.72210500,1492,26857517.2,13965445.87471200,0
1775901300000,0.52208,0.52236,0.51636,0.51648,16699066.0,1775901599999,8657625.71660200,1087,418131.4,218132.84226700,0
1775901600000,0.51648,0.51712,0.5116,0.51393,34130529.2,1775901899999,17542356.05678700,1470,8161184.5,4209202.03621300,0
1775901900000,0.51393,0.51788,0.51175,0.5176,26078832.6,1775902199999,13442460.48554700,1364,22105748.8,11405756.92505000,0
1775902200000,0.5176,0.51915,0.51718,0.51865,6275501.4,1775902499999,3253508.93912600,978,6269838.8,3250575.81144500,0
1775902500000,0.51865,0.51917,0.51717,0.51773,2945300.9,1775902799999,1524335.37597600,819,769297.0,398307.09933300,0
1775902800000,0.51794,0.5194,0.51487,0.51487,18354783.0,1775903099999,9498344.93447100,1269,6428678.3,3335812.79053300,0
1775903100000,0.51487,0.5194,0.51429,0.51565,3282305.5,1775903399999,1689133.24320700,972,13038.1,6732.44716100,0
1775903400000,0.51565,0.51643,0.51429,0.51641,7126.0,1775903699999,3671.64424900,725,1006.3,519.35056400,0
1775903700000,0.5164,0.51861,0.51611,0.51763,9231645.9,1775903999999,4773795.86779000,907,9226912.1,4771345.93554400,0
1775904000000,0.51763,0.52683,0.51738,0.52683,48028184.9,1775904299999,25049912.89120500,1498,48016909.9,25044017.92933500,0
1775904300000,0.52683,0.52866,0.52553,0.52572,9028568.2,1775904599999,4765020.59312700,1146,7669360.8,4050568.02407900,0
1775904600000,0.52572,0.52728,0.52331,0.52417,13872245.1,1775904899999,7273356.91915300,954,724956.1,379901.90889700,0
1775904900000,0.52424,0.52533,0.51447,0.51513,17254245.4,1775905199999,8986710.39840000,1239,982126.9,515175.97645700,0
1775905200000,0.51517,0.51561,0.51291,0.51432,2882607.7,1775905499999,1480493.14093100,1035,310303.6,159540.12008800,0
1775905500000,0.51432,0.51502,0.51299,0.51428,1353078.7,1775905799999,695414.19109000,949,685937.9,352849.50014400,0
1775905800000,0.51428,0.5144,0.51019,0.51141,8474762.4,1775906099999,4334992.01598500,981,448352.1,229178.54703400,0
1775906100000,0.51145,0.51262,0.51145,0.51249,851450.7,1775906399999,436260.55310900,769,844236.0,432567.10354000,0
1775906400000,0.51245,0.51435,0.51196,0.51377,17523.4,1775906699999,8985.68905400,695,12244.6,6278.08406600,0
1775906700000,0.51377,0.51449,0.51217,0.51281,6562.7,1775906999999,3369.08494200,702,448.7,230.76591100,0
1775907000000,0.51281,0.5149,0.51281,0.51333,723152.9,1775907299999,372212.24094200,728,717089.7,369097.89787400,0
1775907300000,0.51334,0.51491,0.51185,0.51289,11880.3,1775907599999,6103.95059800,730,5114.4,2633.45560300,0
1775907600000,0.51289,0.52143,0.51289,0.52143,45199540.7,1775907899999,23391145.29801800,1637,45197339.9,23390009.74210700,0
1775907900000,0.52143,0.52754,0.52143,0.52717,34520988.2,1775908199999,18097920.63296900,1890,34520299.2,18097557.59683600,0
1775908200000,0.52717,0.52907,0.52675,0.52776,6376204.9,1775908499999,3368250.46610700,1018,6178325.1,3263729.83099800,0
1775908500000,0.52776,0.52929,0.52715,0.52824,304466.7,1775908799999,160637.53792700,846,47154.5,24904.81961000,0
1775908800000,0.5288,0.52944,0.52645,0.52661,513431.5,1775909099999,270415.52295700,793,10972.5,5800.76428900,0
1775909100000,0.52645,0.52772,0.52602,0.52769,1272911.4,1775909399999,669706.79047000,747,23400.6,12334.62997100,0
1775909400000,0.52757,0.53145,0.52594,0.52594,37628416.8,1775909699999,19930460.22965300,1236,32427293.2,17192229.64130800,0
1775909700000,0.52594,0.5262,0.52014,0.52196,47581389.8,1775909999999,24879289.40361200,1638,6113.6,3189.38935200,0
1775910000000,0.52197,0.52422,0.52197,0.52295,9881481.3,1775910299999,5163094.64204700,911,9874714.1,5159552.97912600,0
1775910300000,0.52295,0.52422,0.52097,0.52127,136970.9,1775910599999,71422.17426500,788,2415.3,1265.97109700,0
1775910600000,0.52119,0.52143,0.51779,0.51814,23054220.4,1775910899999,11970439.37361800,1336,1129648.9,585783.42355400,0
1775910900000,0.51814,0.52055,0.51812,0.52004,8120.9,1775911199999,4220.26219800,740,3920.4,2037.95826300,0
1775911200000,0.52004,0.52062,0.51298,0.51298,26803492.1,1775911499999,13838693.97170600,1538,131148.8,68276.77505100,0
1775911500000,0.51298,0.51309,0.51,0.51,18272307.9,1775911799999,9337208.96240800,1268,1772.1,907.46661100,0
1775911800000,0.51,0.51122,0.51,0.51012,363332.3,1775912099999,185725.81259400,703,356684.2,182334.65237500,0
1775912100000,0.51013,0.5114,0.50624,0.50834,19616854.2,1775912399999,9978444.75390400,1041,289025.5,147745.15708300,0
1775912400000,0.50834,0.5131,0.50612,0.51192,14406907.7,1775912699999,7360150.62278400,1245,11720824.8,5996340.07775300,0
1775912700000,0.51192,0.51219,0.50849,0.51219,11301616.7,1775912999999,5758176.87748700,1054,2073656.7,1061468.54998200,0
1775913000000,0.51219,0.51238,0.50859,0.51002,894742.8,1775913299999,458367.19640900,731,887736.2,454792.31429300,0
1775913300000,0.51004,0.51272,0.50928,0.51179,1625262.2,1775913599999,833086.46374100,747,1619757.3,830271.86787700,0
1775913600000,0.51168,0.51274,0.51047,0.51176,7608.2,1775913899999,3890.13921400,713,100.5,51.52954500,0
1775913900000,0.51176,0.51275,0.51007,0.51007,10333.9,1775914199999,5289.40190000,615,4416.9,2264.67399900,0
1775914200000,0.51007,0.5111,0.50512,0.50512,23008792.0,1775914499999,11694582.57299000,1299,226200.0,114862.94604100,0
1775914500000,0.50512,0.506,0.50501,0.506,18070.1,1775914799999,9132.82775600,683,5833.6,2951.14446200,0
1775914800000,0.506,0.506,0.50465,0.50514,3324906.8,1775915099999,1678460.33460000,838,210957.9,106508.70782200,0
1775915100000,0.5052,0.5057,0.50465,0.50555,9267.2,1775915399999,4684.56247100,690,9040.3,4570.05177600,0
1775915400000,0.50555,0.51122,0.50555,0.50985,27032155.8,1775915699999,13759363.32125600,1301,27008602.3,13747352.46773600,0
1775915700000,0.50985,0.51159,0.50958,0.50978,16199.2,1775915999999,8278.35486900,799,10395.9,5315.82098700,0
1775916000000,0.50978,0.51947,0.50893,0.51947,34585678.8,1775916299999,17834254.06813700,1436,23698470.6,12222515.38802700,0
1775916300000,0.51947,0.51988,0.51606,0.51613,14506377.7,1775916599999,7502192.86947800,1400,881710.7,458214.95909000,0
1775916600000,0.51608,0.51645,0.51119,0.51644,57987426.4,1775916899999,29825022.37619800,1843,30255536.4,15580718.77125000,0
1775916900000,0.51644,0.51645,0.50838,0.50838,29117407.1,1775917199999,14872670.00073000,1674,594.7,303.86074300,0
1775917200000,0.50838,0.50889,0.50306,0.50431,43234221.7,1775917499999,21856030.57425100,1857,4578.9,2316.49023900,0
1775917500000,0.50443,0.50505,0.50271,0.50505,4920948.8,1775917799999,2474827.27367200,865,3397.7,1713.77333700,0
1775917800000,0.50505,0.50718,0.50501,0.50568,15188632.9,1775918099999,7693605.73803000,1017,15184589.2,7691558.58794600,0
1775918100000,0.50569,0.50817,0.50506,0.50817,13070199.9,1775918399999,6634540.81084900,1060,13064978.6,6631899.69196800,0
1775918400000,0.50817,0.5126,0.50817,0.51186,38953616.7,1775918699999,19895801.57568300,1692,38795013.2,19814978.25691800,0
1775918700000,0.51185,0.5126,0.5059,0.50661,39154214.0,1775918999999,19906888.52427600,1534,5469.1,2775.67412400,0
1775919000000,0.50661,0.50661,0.49924,0.50024,32942807.9,1775919299999,16603791.81706000,1409,8101.7,4061.65234100,0
1775919300000,0.50068,0.50187,0.49924,0.49924,37471.6,1775919599999,18744.76704900,651,34166.1,17091.23025000,0
1775919600000,0.49924,0.50051,0.49715,0.49715,48920.5,1775919899999,24450.01178700,614,31227.5,15626.81787000,0
1775919900000,0.49715,0.49763,0.49552,0.49763,16869243.6,1775920199999,8373612.27790300,1047,852037.2,422775.82595700,0
1775920200000,0.49764,0.49889,0.49563,0.49889,8000671.2,1775920499999,3988210.72746800,819,7996149.6,3985965.14295400,0
1775920500000,0.49889,0.50002,0.49045,0.49045,38710865.3,1775920799999,19129767.87115500,1486,4102030.9,2046626.75294900,0
1775920800000,0.49045,0.49137,0.48558,0.48558,48880911.7,1775921099999,23867058.87338400,1665,1092497.8,534304.45861300,0
1775921100000,0.48558,0.48706,0.48148,0.48197,34699973.1,1775921399999,16775497.84102500,1098,5117.5,2470.56700500,0
1775921400000,0.48197,0.48654,0.48144,0.48435,12392457.3,1775921699999,5999969.10359100,1195,4521341.3,2195282.60148000,0
1775921700000,0.48435,0.48435,0.47636,0.4773,31980522.6,1775921999999,15344080.04005700,1301,6782550.8,3257083.70144700,0
1775922000000,0.47727,0.48027,0.47518,0.48027,31464322.3,1775922299999,15026947.08592900,1471,16154429.0,7740849.92191800,0
1775922300000,0.48027,0.48167,0.47583,0.48167,29907867.6,1775922599999,14309339.62869000,1192,9332744.5,4486703.62507600,0
1775922600000,0.48167,0.48552,0.47765,0.47765,41382225.5,1775922899999,19973340.13387800,1231,21852313.6,10572115.40763000,0
1775922900000,0.47744,0.47847,0.46347,0.46431,98927901.6,1775923199999,46507556.97375000,1949,13540.4,6343.32029900,0
1775923200000,0.46431,0.46891,0.46346,0.46801,14893072.9,1775923499999,6965943.09100100,897,11686527.8,5465103.61136000,0
1775923500000,0.46801,0.46891,0.45497,0.45922,81150303.7,1775923799999,37500431.27230400,1719,13182223.6,6073798.24491900,0
1775923800000,0.45922,0.46257,0.45479,0.45479,56992840.5,1775924099999,26088144.08530500,1735,7659523.0,3522782.44736600,0
1775924100000,0.45479,0.45957,0.454,0.454,47297585.8,1775924399999,21625413.78167400,1611,28198149.1,12927001.05614600,0
1775924400000,0.454,0.47451,0.4538,0.47435,97425338.2,1775924699999,45162549.36208400,1329,96845101.4,44898123.24438300,0
1775924700000,0.47451,0.47451,0.45817,0.45846,30684949.0,1775924999999,14286658.28442100,971,15243.1,7091.88279800,0
1775925000000,0.45846,0.4597,0.45281,0.4597,67237826.6,1775925299999,30641902.36769000,1396,19923033.0,9097378.34911500,0
1775925300000,0.45967,0.47139,0.45675,0.47139,107705225.2,1775925599999,49943809.06601100,1488,98118403.9,45549551.39324800,0
1775925600000,0.47139,0.49165,0.47123,0.49165,106601479.3,1775925899999,51403081.35485700,1759,106566133.3,51385912.72164300,0
1775925900000,0.49165,0.50455,0.49165,0.50455,81459395.8,1775926199999,40604823.10210600,1270,76489432.0,38123646.52721100,0
1775926200000,0.50455,0.50548,0.49592,0.4999,37894313.6,1775926499999,18990933.87234700,1141,5285072.9,2667606.47714100,0
1775926500000,0.4999,0.50076,0.49821,0.49821,13828608.0,1775926799999,6908923.34567700,1169,6929501.2,3464909.63171900,0
1775926800000,0.49821,0.50106,0.49373,0.49373,52244878.3,1775927099999,25921782.99134400,1555,9939069.8,4935708.25759100,0
1775927100000,0.49373,0.49525,0.48715,0.49525,64604247.1,1775927399999,31729506.14160000,1804,26968596.7,13277738.52207000,0
1775927400000,0.49525,0.50097,0.48878,0.48878,55475476.5,1775927699999,27424153.10093000,1686,28943131.8,14374861.86719200,0
1775927700000,0.48878,0.48878,0.47584,0.47622,67896448.8,1775927999999,32733494.20161200,2222,12015.0,5760.81440300,0
1775928000000,0.47622,0.4796,0.46306,0.46306,101505135.3,1775928299999,47642756.00149500,2086,1031545.4,494311.59574300,0
1775928300000,0.46306,0.46317,0.45325,0.45325,83919350.2,1775928599999,38430348.19110400,1823,6924.1,3187.30015100,0
1775928600000,0.45325,0.45671,0.45217,0.45297,36966960.7,1775928899999,16793333.17453600,1506,17313528.2,7878347.91521500,0
1775928900000,0.45297,0.46759,0.45186,0.46151,101029813.2,1775929199999,46454703.27331300,1966,82105694.3,37698003.51519600,0
1775929200000,0.46151,0.46352,0.45375,0.45457,73491635.8,1775929499999,33662075.16134200,1459,57000.4,26336.26588500,0
1775929500000,0.45457,0.46779,0.45364,0.46779,40702311.4,1775929799999,18773365.60673700,1186,39558647.4,18254490.22651800,0
1775929800000,0.46779,0.47493,0.46357,0.46671,57392771.2,1775930099999,26920075.75189800,1752,39840356.0,18700660.50751700,0
1775930100000,0.46671,0.46733,0.45719,0.45719,75105554.0,1775930399999,34682621.13465300,2185,18602.4,8589.87918000,0
1775930400000,0.45719,0.45989,0.45627,0.45828,15069910.3,1775930699999,6910348.35928000,1272,11419141.3,5242869.95353900,0
1775930700000,0.45989,0.46506,0.45813,0.46506,42486529.4,1775930999999,19662115.96102400,1368,42483301.4,19660630.01595100,0
1775931000000,0.46506,0.47782,0.46498,0.47782,90440896.0,1775931299999,42541333.75813000,1513,90437781.0,42539873.86034100,0
1775931300000,0.47782,0.48232,0.47724,0.48232,39904966.4,1775931599999,19135228.65333400,1179,27510734.4,13201556.43090000,0
1775931600000,0.48232,0.48473,0.47991,0.47994,32877574.1,1775931899999,15844597.29791500,1190,16803153.7,8111274.74221400,0
1775931900000,0.47994,0.48054,0.47838,0.47838,6285314.4,1775932199999,3009421.52513800,825,10809.1,5192.52445800,0
1775932200000,0.47843,0.48069,0.47782,0.47789,2950403.9,1775932499999,1411028.07276600,525,106229.4,50988.71770000,0
1775932500000,0.47822,0.48075,0.47756,0.48045,4390.0,1775932799999,2102.37237300,320,307.3,147.71997300,0
1775932800000,0.48076,0.4811,0.47756,0.47922,6642345.1,1775933099999,3194268.10515700,768,6636496.9,3191464.28530100,0
1775933100000,0.47922,0.48022,0.47046,0.47074,74720043.3,1775933399999,35470905.19279300,1832,344.9,162.52560700,0
1775933400000,0.47074,0.47669,0.47074,0.47454,12178587.4,1775933699999,5787709.10932100,1030,12174548.6,5785790.09204000,0
1775933700000,0.47423,0.47546,0.47019,0.47161,21348738.2,1775933999999,10079508.98754600,1303,968.6,456.98374700,0
1775934000000,0.47163,0.47512,0.47019,0.4746,23314009.4,1775934299999,11050359.95029900,1095,23300785.5,11044129.48743200,0
1775934300000,0.47512,0.48172,0.47456,0.48106,36936515.8,1775934599999,17642758.24559800,1298,36930317.4,17639785.80150200,0
1775934600000,0.48126,0.48126,0.47674,0.47674,12081385.7,1775934899999,5767658.32973800,1017,3192.7,1524.53600900,0
1775934900000,0.47674,0.47775,0.47307,0.47307,31778249.1,1775935199999,15085698.30549100,1839,14327.6,6797.20206800,0
1775935200000,0.47307,0.47355,0.47187,0.47187,4139170.8,1775935499999,1957474.35062200,910,31339.3,14839.53598600,0
1775935500000,0.47186,0.47355,0.47087,0.47087,7145.7,1775935799999,3369.24326100,718,11.0,5.20905000,0
1775935800000,0.47087,0.47156,0.467,0.467,26344917.7,1775936099999,12363946.49857400,1421,86303.4,40400.31023100,0
1775936100000,0.467,0.4673,0.4647,0.46516,14248584.6,1775936399999,6634337.49739700,1492,9232.0,4304.91139900,0
1775936400000,0.46509,0.46667,0.46136,0.46136,33094433.2,1775936699999,15323641.52631200,1488,1466.1,683.13830300,0
1775936700000,0.46136,0.46151,0.45761,0.45894,30276131.8,1775936999999,13890520.56212600,1275,16417.5,7532.18718600,0
1775937000000,0.45894,0.45923,0.45565,0.45565,11697495.0,1775937299999,5341131.98652100,1356,117111.0,53514.73993000,0
1775937300000,0.45565,0.45634,0.45441,0.45526,72332.2,1775937599999,32945.41647500,694,27223.3,12423.08072200,0
1775937600000,0.45518,0.46165,0.45248,0.45294,56065676.4,1775937899999,25592172.83259700,1282,31303176.2,14341271.58703100,0
1775937900000,0.45294,0.45342,0.45226,0.45342,3055284.2,1775938199999,1382229.55751500,580,3734.3,1691.53004700,0
1775938200000,0.45342,0.45856,0.45223,0.45856,15188081.8,1775938499999,6912122.88503300,789,15118047.9,6880055.40423800,0
1775938500000,0.45856,0.45856,0.45353,0.45353,22844599.5,1775938799999,10391591.64954500,818,205903.0,94412.69885800,0
1775938800000,0.45353,0.45482,0.45286,0.45286,1774011.1,1775939099999,804467.91678900,573,2567.4,1166.00345400,0
1775939100000,0.4525,0.45482,0.45106,0.45208,1563797.1,1775939399999,705533.51010500,571,2290.1,1036.14556200,0
1775939400000,0.4522,0.45524,0.45106,0.45524,8380022.6,1775939699999,3808045.25980100,928,8352104.6,3795440.88260700,0
1775939700000,0.45524,0.45604,0.45431,0.45559,6229550.9,1775939999999,2836909.35513100,866,6220563.9,2832820.13349500,0
1775940000000,0.45559,0.45605,0.45348,0.45348,11409.2,1775940299999,5185.31987600,694,1927.9,879.21879400,0
1775940300000,0.45348,0.45606,0.44639,0.45119,40732883.8,1775940599999,18357810.22427900,1229,2468901.0,1114261.21915200,0
1775940600000,0.45115,0.45287,0.44762,0.44762,27717095.2,1775940899999,12448285.11748000,1379,6810.2,3077.07259900,0
1775940900000,0.44755,0.44755,0.43936,0.4397,59106510.1,1775941199999,26171300.13944600,1905,3785.8,1679.68910600,0
1775941200000,0.4397,0.43977,0.43526,0.43647,46244474.7,1775941499999,20217088.10496600,1295,15891.4,6966.88326100,0
1775941500000,0.43647,0.43819,0.43526,0.4364,6940432.9,1775941799999,3039365.46540700,917,6934702.4,3036863.59837800,0
1775941800000,0.4364,0.44635,0.43493,0.44464,69225037.5,1775942099999,30512314.72039100,1469,65621126.0,28944451.23610800,0
1775942100000,0.44448,0.44516,0.44111,0.44112,16019687.3,1775942399999,7090285.92543500,1244,451401.2,200582.83905300,0
1775942400000,0.44112,0.44665,0.44111,0.44665,35782895.0,1775942699999,15915055.09051400,1460,35199931.6,15655281.03487800,0
1775942700000,0.44665,0.4471,0.44479,0.44678,6795210.7,1775942999999,3036165.88137400,853,6287267.0,2809596.00549600,0
1775943000000,0.44678,0.44724,0.44432,0.44505,5994.5,1775943299999,2670.26493000,480,349.5,156.28270400,0
1775943300000,0.44528,0.44956,0.44472,0.44956,33514651.1,1775943599999,15024126.83439900,914,33511399.8,15022676.44221100,0
1775943600000,0.44956,0.44962,0.4452,0.4452,6687421.7,1775943899999,2986004.77851100,619,1693837.2,761525.14828900,0
1775943900000,0.4452,0.45517,0.4452,0.45408,67775636.3,1775944199999,30624306.90987000,1191,67773788.2,30623470.93014500,0
1775944200000,0.45408,0.45443,0.44967,0.44967,24942368.5,1775944499999,11273840.05970800,1247,361.4,162.78627400,0
1775944500000,0.44967,0.45421,0.44889,0.45421,37395519.0,1775944799999,16912951.45326400,1041,35040702.1,15854832.66408300,0
1775944800000,0.45421,0.46117,0.45421,0.4607,68528035.1,1775945099999,31334219.43305500,1449,68413473.0,31281609.61427900,0
1775945100000,0.46083,0.46117,0.45895,0.46027,15129.3,1775945399999,6971.29410200,656,9700.2,4473.43643800,0
1775945400000,0.46027,0.46076,0.45616,0.46076,49786016.2,1775945699999,22826515.46044600,1615,29303557.7,13453597.65479700,0
1775945700000,0.46076,0.46266,0.45782,0.45823,30634706.6,1775945999999,14108846.34203200,1592,16458058.3,7600777.73641000,0
1775946000000,0.45823,0.45823,0.45195,0.45228,37940813.7,1775946299999,17248234.38196800,2159,1273.7,577.03084400,0
1775946300000,0.45228,0.45284,0.44763,0.44763,15458965.7,1775946599999,6937021.85262900,1273,2128.7,961.46769300,0
1775946600000,0.44763,0.44817,0.4469,0.44772,1242207.6,1775946899999,555707.34009900,830,3483.6,1559.61440200,0
1775946900000,0.44772,0.44805,0.44622,0.44722,7075.6,1775947199999,3162.94156800,647,0,0,0
1775947200000,0.44722,0.44853,0.44622,0.44623,7185.0,1775947499999,3217.09112900,659,1339.0,600.38230600,0
1775947500000,0.44623,0.44668,0.44177,0.44177,21752871.1,1775947799999,9662193.02171600,1481,856.5,380.84798000,0
1775947800000,0.44177,0.44177,0.43512,0.43595,68802320.7,1775948099999,30171281.87831400,1839,240543.3,104720.63417200,0
1775948100000,0.43595,0.44232,0.43554,0.44168,65182753.8,1775948399999,28661168.48574800,1600,65106906.3,28628102.06681400,0
1775948400000,0.44168,0.44232,0.43504,0.43728,21000028.7,1775948699999,9194500.80726600,1326,5041327.6,2210307.00590800,0
1775948700000,0.43728,0.44041,0.43714,0.44041,23500826.3,1775948999999,10310668.84802900,1170,22130844.3,9710402.50045900,0
1775949000000,0.44041,0.44073,0.43808,0.43814,1700555.9,1775949299999,749117.88115700,717,1674813.6,737830.94591400,0
1775949300000,0.43839,0.44106,0.43791,0.44012,3722894.5,1775949599999,1641357.34239000,877,3716015.8,1638335.81996800,0
1775949600000,0.44012,0.44116,0.43668,0.43668,18862808.6,1775949899999,8254902.10724200,1070,494945.0,218318.28194600,0
1775949900000,0.43668,0.43687,0.43433,0.43433,2971211.1,1775950199999,1296031.14930100,924,2978.5,1300.14982300,0
1775950200000,0.43687,0.43687,0.4339,0.43596,25943.2,1775950499999,11282.08759800,675,3015.4,1317.33779800,0
1775950500000,0.43588,0.43699,0.43257,0.43275,22523750.6,1775950799999,9768569.60844800,952,1345.5,584.41145700,0
1775950800000,0.43278,0.43302,0.4316,0.4321,14627661.6,1775951099999,6321860.68731200,1139,8833.5,3821.80356500,0
1775951100000,0.43201,0.43391,0.4316,0.4328,11200.4,1775951399999,4850.84527100,671,3593.6,1558.99182400,0
1775951400000,0.4328,0.43391,0.43042,0.43067,11033295.7,1775951699999,4752988.85533400,1056,1353.5,583.22616500,0
1775951700000,0.43067,0.4313,0.42668,0.42734,40647355.5,1775951999999,17449986.66142700,1545,6945675.5,2993315.38727100,0
1775952000000,0.42758,0.42933,0.42734,0.42823,11222.3,1775952299999,4806.40025100,733,6267.9,2683.74964100,0
1775952300000,0.42826,0.43437,0.42734,0.43437,31111315.7,1775952599999,13418388.91305600,1332,31100112.2,13413549.57158900,0
1775952600000,0.43436,0.43613,0.43357,0.43599,487026.2,1775952899999,211565.64603200,737,482782.7,209722.88610200,0
1775952900000,0.43599,0.44172,0.43587,0.44172,66462473.3,1775953199999,29147220.61569000,1515,66456604.4,29144642.82364000,0
1775953200000,0.44172,0.44725,0.44172,0.44725,61713425.2,1775953499999,27417202.11350100,1444,61705825.5,27413816.23206600,0
1775953500000,0.4472,0.45282,0.44609,0.45155,46736332.7,1775953799999,20998986.82659900,1128,46721194.4,20992153.05572300,0
1775953800000,0.45138,0.45175,0.4484,0.44841,13591888.3,1775954099999,6104982.36627400,1140,1835616.4,825301.48471900,0
1775954100000,0.44841,0.45233,0.44756,0.44784,14644537.3,1775954399999,6577452.81199700,1271,4192990.5,1889106.77417500,0
1775954400000,0.44784,0.44802,0.44064,0.44064,44758257.4,1775954699999,19911245.62612800,1553,6711.8,2977.08859800,0
1775954700000,0.44064,0.44129,0.43473,0.44123,53038858.2,1775954999999,23167797.36372700,1411,2494580.8,1093536.14809000,0
1775955000000,0.44069,0.44069,0.43325,0.43325,45032827.9,1775955299999,19635741.25191300,1387,33260.9,14651.07939500,0
1775955300000,0.43325,0.43443,0.43312,0.43387,134985.3,1775955599999,58486.00534100,505,2261.5,981.67482900,0
1775955600000,0.43387,0.43506,0.42962,0.43119,50058490.8,1775955899999,21590537.82828700,1094,7094.3,3059.31597400,0
1775955900000,0.43145,0.43261,0.42962,0.43208,8668.9,1775956199999,3733.65683700,490,1818.1,785.14709800,0
1775956200000,0.43212,0.43668,0.43212,0.43373,55102485.2,1775956499999,23938775.51892100,1129,51248386.2,22267150.36506500,0
1775956500000,0.43373,0.43393,0.42791,0.42791,49530308.8,1775956799999,21317877.13368000,1402,1437.5,620.94140900,0
1775956800000,0.42791,0.43041,0.42344,0.42431,38426312.0,1775957099999,16382907.41133700,1245,636250.7,273769.16831400,0
1775957100000,0.4243,0.42745,0.42315,0.42315,22940474.9,1775957399999,9765970.22272400,1307,8773389.7,3746703.05518000,0
1775957400000,0.42315,0.43346,0.42291,0.43346,66447199.6,1775957699999,28425733.32640200,1286,61741697.1,26435097.51814900,0
1775957700000,0.43346,0.43396,0.42968,0.43022,15812064.0,1775957999999,6812320.16920800,1032,123153.5,53391.02520300,0
1775958000000,0.43022,0.43529,0.4296,0.43529,38227929.1,1775958299999,16563384.60150800,996,38216215.7,16558312.44124500,0
1775958300000,0.43529,0.44146,0.43338,0.43338,71086227.6,1775958599999,31141602.84726200,1693,54760970.9,24018790.48046000,0
1775958600000,0.4334,0.43705,0.43211,0.43211,28141930.3,1775958899999,12212991.67870400,1083,8701266.6,3796730.18716500,0
1775958900000,0.43211,0.43259,0.43092,0.43117,1307649.8,1775959199999,564988.72070700,812,1000.9,432.69352100,0
1775959200000,0.43092,0.43261,0.42773,0.42977,27089246.7,1775959499999,11630270.65586900,989,236622.5,101335.63579000,0
1775959500000,0.42977,0.42992,0.42388,0.42388,38835580.5,1775959799999,16538189.52400800,1486,10977.7,4683.98304700,0
1775959800000,0.42388,0.4259,0.42386,0.42432,8476.5,1775960099999,3598.07936000,643,3244.0,1378.13414200,0
1775960100000,0.42432,0.4259,0.42052,0.42053,22512861.5,1775960399999,9518997.23999100,935,9746.2,4118.74943600,0
1775960400000,0.42052,0.42247,0.4205,0.42154,401997.9,1775960699999,169051.80473500,689,5340.0,2250.74412600,0
1775960700000,0.42167,0.42366,0.4205,0.42366,10789508.5,1775960999999,4565282.77245800,910,10780716.2,4561569.15742100,0
1775961000000,0.42366,0.43235,0.42366,0.43044,82119298.7,1775961299999,35139323.56072700,1861,80528296.9,34455358.70699800,0
1775961300000,0.43044,0.43057,0.42816,0.42931,2413872.6,1775961599999,1036688.09787900,788,55641.0,23870.91471200,0
1775961600000,0.42931,0.4295,0.4243,0.42504,26421587.1,1775961899999,11263915.55874200,1065,7608.4,3235.72989300,0
1775961900000,0.42517,0.42683,0.4243,0.42479,3496822.2,1775962199999,1489996.39844000,857,3489388.2,1486833.97694500,0
1775962200000,0.42479,0.43183,0.42479,0.43178,42074664.0,1775962499999,18056228.04424600,1413,41977371.4,18014243.85103100,0
1775962500000,0.43178,0.43231,0.43116,0.43116,5450988.5,1775962799999,2355224.03669100,964,5128359.0,2215888.61345500,0
1775962800000,0.43116,0.43232,0.42805,0.42995,16907854.5,1775963099999,7251282.57940400,1092,5169.1,2219.18165600,0
1775963100000,0.42995,0.43293,0.42805,0.43152,20552298.7,1775963399999,8875754.77415700,1016,20546938.9,8873441.30331100,0
1775963400000,0.43152,0.43293,0.42877,0.42913,16294154.8,1775963699999,7001788.16015300,973,1653828.5,709306.74501500,0
1775963700000,0.42913,0.43308,0.42877,0.43308,19798033.3,1775963999999,8546843.50336600,1328,19701353.0,8505369.87144400,0
1775964000000,0.43309,0.43612,0.43242,0.43324,27838553.5,1775964299999,12084431.85737100,1309,27828914.8,12080243.85776200,0
1775964300000,0.43324,0.43377,0.43167,0.43353,18759855.1,1775964599999,8112511.35348800,1106,592810.5,256208.78781600,0
1775964600000,0.43353,0.43401,0.43167,0.43292,9971.1,1775964899999,4315.72592700,653,905.7,392.94743400,0
1775964900000,0.43289,0.43411,0.43211,0.43395,7323.4,1775965199999,3172.55224700,635,373.4,162.07134500,0
1775965200000,0.43395,0.43413,0.43165,0.43222,17257.4,1775965499999,7462.69676900,664,2254.0,978.52587800,0
1775965500000,0.43227,0.43681,0.43227,0.43681,22216873.9,1775965799999,9670583.54186400,1269,22212931.9,9668874.85960300,0
1775965800000,0.43681,0.439,0.43678,0.43876,30281463.3,1775966099999,13253113.71998100,1062,30270064.4,13248124.89234500,0
1775966100000,0.43876,0.44311,0.43876,0.44212,31260555.3,1775966399999,13776075.11209000,1192,31254858.7,13773556.25292200,0
1775966400000,0.44204,0.44386,0.44073,0.44386,5185086.6,1775966699999,2299746.64996700,736,5174838.9,2295221.85034300,0
1775966700000,0.44386,0.45583,0.44386,0.44643,111394339.7,1775966999999,50025259.33465800,1862,84754267.9,38035794.84923600,0
1775967000000,0.44643,0.44652,0.44228,0.44478,31964511.9,1775967299999,14185495.04306800,1296,2478.7,1100.81823000,0
1775967300000,0.44478,0.446,0.44217,0.44217,14251940.8,1775967599999,6343302.79531500,1064,12580894.4,5603717.34983600,0
1775967600000,0.44217,0.44217,0.43887,0.43916,17098706.5,1775967899999,7533456.61654000,1445,51333.8,22587.53732600,0
1775967900000,0.43909,0.44151,0.43876,0.44062,7387.9,1775968199999,3253.41103200,679,1976.3,871.17847600,0
1775968200000,0.44062,0.44145,0.43862,0.44039,8009.0,1775968499999,3519.47884200,595,0,0,0
1775968500000,0.44039,0.44345,0.43961,0.44316,20234172.8,1775968799999,8942601.11223200,1073,20225742.1,8938868.74618700,0
1775968800000,0.44316,0.44918,0.44316,0.44899,46509388.7,1775969099999,20709790.40183700,1284,46502575.8,20706736.75964500,0
1775969100000,0.44918,0.45061,0.44752,0.45061,15412041.9,1775969399999,6933908.03365000,1089,15408039.8,6932111.99137100,0
1775969400000,0.45061,0.45138,0.44957,0.45138,19716.2,1775969699999,8882.90568500,695,14328.9,6457.41858000,0
1775969700000,0.45138,0.4521,0.44938,0.4521,10627.7,1775969999999,4786.62847100,711,1681.4,759.28334200,0
1775970000000,0.4521,0.45527,0.45132,0.45466,21766795.8,1775970299999,9865284.91926900,1028,21763203.1,9863653.55786800,0
1775970300000,0.4547,0.45526,0.45047,0.45047,13589922.1,1775970599999,6130623.42203700,888,125.2,56.41724000,0
1775970600000,0.45047,0.45184,0.44922,0.45025,9394806.8,1775970899999,4236887.21933700,1015,4340114.3,1960590.81966600,0
1775970900000,0.45025,0.45184,0.44788,0.44791,12102022.6,1775971199999,5425822.86232500,980,48331.3,21827.67999400,0
1775971200000,0.44791,0.4491,0.44788,0.44881,57822.5,1775971499999,25901.13601700,626,4094.6,1836.43190200,0
1775971500000,0.44882,0.44948,0.44623,0.44631,9052.6,1775971799999,4053.09316900,724,687.5,308.74101800,0
1775971800000,0.44621,0.44948,0.44597,0.44858,11627.4,1775972099999,5206.01895800,684,4829.3,2170.07355800,0
1775972100000,0.44815,0.44948,0.44398,0.44398,20568296.0,1775972399999,9155103.15971400,920,469.8,209.83973100,0
1775972400000,0.44398,0.44413,0.44005,0.4417,22588386.9,1775972699999,9980810.77484700,1486,51603.9,22907.63142800,0
1775972700000,0.4417,0.44221,0.4387,0.4387,13968506.1,1775972999999,6139567.09268800,999,20135.2,8837.50501600,0
1775973000000,0.4387,0.44314,0.43788,0.44123,31323333.7,1775973299999,13803788.04501500,1203,30046686.6,13244232.65165700,0
1775973300000,0.44127,0.4419,0.43788,0.43788,10892116.5,1775973599999,4782082.66345500,1006,35.5,15.58272500,0
1775973600000,0.43787,0.43836,0.43403,0.43523,21733515.6,1775973899999,9461131.61476300,1384,3539.9,1544.12571800,0
1775973900000,0.43403,0.43587,0.43276,0.43309,23619337.3,1775974199999,10253515.94780600,1165,7934514.4,3455481.42684900,0
1775974200000,0.43309,0.43963,0.43309,0.43929,27807298.2,1775974499999,12163168.40336300,1473,27804244.2,12161836.16942900,0
1775974500000,0.43929,0.43963,0.43796,0.43796,225792.3,1775974799999,99256.65559300,674,218914.5,96240.67071600,0
1775974800000,0.43796,0.44269,0.43785,0.44269,23183387.9,1775975099999,10212175.92690000,899,23176607.6,10209206.95141700,0
1775975100000,0.44269,0.45547,0.44205,0.45474,78640743.3,1775975399999,35240705.82606100,1582,72748792.7,32598122.87302800,0
1775975400000,0.45474,0.46267,0.45398,0.46214,33858124.3,1775975699999,15470294.94901000,964,33844739.3,15464141.87063600,0
1775975700000,0.46214,0.46269,0.45935,0.46234,4116415.4,1775975999999,1893439.47814500,709,415808.4,192389.37176300,0
1775976000000,0.46269,0.46291,0.45717,0.45776,22306800.0,1775976299999,10250967.93088400,944,5468653.4,2530828.75921500,0
1775976300000,0.45776,0.46291,0.45776,0.46291,10030548.7,1775976599999,4628142.58828900,1215,10027294.1,4626642.07984100,0
1775976600000,0.46291,0.48192,0.46289,0.48192,110889620.0,1775976899999,52195733.68204600,1838,105797174.3,49768019.45511200,0
1775976900000,0.48192,0.48192,0.47227,0.47642,59447960.3,1775977199999,28283393.87217500,1889,18716305.8,8898588.04533500,0
1775977200000,0.47642,0.481,0.47472,0.481,44793656.6,1775977499999,21445775.65340000,1394,44782136.3,21440276.33621600,0
1775977500000,0.481,0.49629,0.481,0.4956,71861185.5,1775977799999,35017510.45110200,1628,71805862.0,34990372.03924000,0
1775977800000,0.4956,0.49889,0.49366,0.49366,25435301.0,1775978099999,12619188.40492900,1335,14068651.0,7000281.08081900,0
1775978100000,0.49366,0.49924,0.49194,0.49784,56090034.9,1775978399999,27806548.47004500,1320,47434572.6,23538647.41308300,0
1775978400000,0.49784,0.50039,0.49151,0.4954,29640183.4,1775978699999,14666095.48213500,1316,12981552.9,6408318.39557700,0
1775978700000,0.4954,0.50472,0.4954,0.50177,79628123.8,1775978999999,39742850.65050300,1773,68757809.4,34300028.35656100,0
1775979000000,0.50177,0.50245,0.4977,0.4977,22034486.0,1775979299999,11005349.60085600,1406,5028.6,2512.40051400,0
1775979300000,0.4977,0.4977,0.48864,0.48864,60939199.4,1775979599999,30143256.30207100,1569,210106.0,103037.74164500,0
1775979600000,0.48864,0.4918,0.48652,0.49156,29834185.0,1775979899999,14582614.78353800,1554,13565853.3,6650913.98578900,0
1775979900000,0.49156,0.49493,0.48485,0.49144,52153489.8,1775980199999,25551238.23805500,1677,34367234.7,16872289.10494100,0
1775980200000,0.49147,0.49205,0.48711,0.48958,42532331.6,1775980499999,20835924.60034900,1432,9996144.9,4909905.53544900,0
1775980500000,0.48958,0.49202,0.48886,0.49141,20953280.9,1775980799999,10289293.48175400,1107,20947973.2,10286689.82984100,0
1775980800000,0.49117,0.49202,0.4839,0.48506,17004716.1,1775981099999,8282388.95343600,917,47650.6,23157.69069000,0
1775981100000,0.48521,0.48578,0.48159,0.48417,18679248.6,1775981399999,9012401.40972500,1153,42840.4,20672.84156600,0
1775981400000,0.4835,0.48703,0.48159,0.48703,15507924.9,1775981699999,7516242.96657500,981,15484124.1,7504710.17318900,0
1775981700000,0.48703,0.48988,0.48594,0.48988,21572662.9,1775981999999,10548926.25867400,1059,21568361.7,10546832.21827300,0
1775982000000,0.48988,0.4918,0.48769,0.48898,18139321.3,1775982299999,8896202.95543500,1040,17486245.4,8577643.14305400,0
1775982300000,0.48898,0.49364,0.4876,0.49259,24822685.2,1775982599999,12227991.20946200,1221,24805209.9,12219393.97829700,0
1775982600000,0.49259,0.49364,0.48341,0.48535,29044240.1,1775982899999,14162939.49587900,1030,11231.3,5532.04313800,0
1775982900000,0.48535,0.48554,0.48257,0.48351,153084.9,1775983199999,73986.90882200,753,1072.6,520.07753900,0
1775983200000,0.48351,0.48496,0.48201,0.48263,885413.7,1775983499999,428940.98615900,827,650458.2,315180.45709900,0
1775983500000,0.48259,0.48484,0.47864,0.48087,23832331.4,1775983799999,11446964.01336900,1020,7329.2,3516.93413900,0
1775983800000,0.48053,0.48087,0.4774,0.48023,11887059.9,1775984099999,5696221.69801500,1068,6590827.4,3163261.13025700,0
1775984100000,0.48023,0.48411,0.4774,0.47988,41441831.8,1775984399999,19964587.07242500,1228,31391161.0,15138228.97766900,0
1775984400000,0.47988,0.48744,0.47988,0.48689,31771028.7,1775984699999,15359702.71594100,1337,31561953.2,15257842.80879900,0
1775984700000,0.48689,0.48689,0.47957,0.47957,40295522.4,1775984999999,19412156.92708000,1273,589434.7,285746.86376100,0
1775985000000,0.47957,0.4824,0.47957,0.48012,2223816.4,1775985299999,1071946.21348600,689,2219139.0,1069698.17379000,0
1775985300000,0.48012,0.4824,0.47978,0.47978,17503.2,1775985599999,8407.47314900,606,11439.5,5493.99122700,0
1775985600000,0.47978,0.47984,0.47494,0.47656,35988749.6,1775985899999,17186158.88299200,1340,5469.7,2604.74825200,0
1775985900000,0.47656,0.47839,0.47526,0.47763,5830207.2,1775986199999,2785955.69112100,976,5780581.9,2762280.03356100,0
1775986200000,0.4777,0.47903,0.47428,0.47428,18191341.0,1775986499999,8660160.27378300,1087,4063305.9,1945217.04502100,0
1775986500000,0.47431,0.47966,0.47423,0.4794,8680412.2,1775986799999,4154563.42396000,994,8623010.2,4127322.64059200,0
1775986800000,0.47928,0.48859,0.47928,0.48767,31313154.0,1775987099999,15132584.01971500,1130,31159546.5,15058355.58501900,0
1775987100000,0.48767,0.48862,0.48278,0.4828,15615854.9,1775987399999,7567632.90108900,1057,1676.2,816.16348600,0
1775987400000,0.4828,0.4865,0.4828,0.4865,8167957.3,1775987699999,3957726.28647000,1037,8164384.9,3955992.97643300,0
1775987700000,0.4865,0.48833,0.48643,0.48643,7972186.9,1775987999999,3884479.67715200,1122,7956688.8,3876935.82050400,0
1775988000000,0.48643,0.49292,0.48566,0.49292,18357460.4,1775988299999,8979940.27887900,992,18342057.0,8972451.57521500,0
1775988300000,0.49292,0.50199,0.49292,0.50199,53026886.6,1775988599999,26422198.46718600,1469,53022858.3,26420198.39086400,0
1775988600000,0.50199,0.50199,0.49622,0.49729,18589719.6,1775988899999,9243162.39935800,972,207439.4,102952.88103100,0
1775988900000,0.49729,0.49834,0.49622,0.49671,8205.7,1775989199999,4081.11034500,682,3113.1,1550.42590100,0
1775989200000,0.49622,0.49919,0.49517,0.49919,4982761.2,1775989499999,2485342.40988100,876,4976001.2,2481989.87320400,0
1775989500000,0.49919,0.4998,0.49813,0.49936,1180653.0,1775989799999,589648.88238100,658,1175382.2,587018.35718500,0
1775989800000,0.49936,0.50057,0.49793,0.49793,18228.1,1775990099999,9113.40168000,601,12763.7,6388.54563100,0
1775990100000,0.4981,0.49876,0.49664,0.49826,21197.2,1775990399999,10535.04406100,522,0,0,0
1775990400000,0.49824,0.50109,0.49664,0.49821,5001734.5,1775990699999,2505298.65916200,723,4990386.3,2499636.75003800,0
1775990700000,0.49821,0.49821,0.49347,0.49354,35862897.4,1775990999999,17754146.13250200,1769,1400.1,694.34866600,0
1775991000000,0.49354,0.4952,0.49347,0.49347,6245.5,1775991299999,3087.55854900,601,834.9,413.03409500,0
1775991300000,0.49347,0.49522,0.49347,0.49368,12160.0,1775991599999,6006.99365700,580,2117.7,1048.72739400,0
1775991600000,0.49368,0.49425,0.49368,0.49368,6571.0,1775991899999,3244.10409800,617,0,0,0
1775991900000,0.49368,0.49565,0.48954,0.49079,25740247.7,1775992199999,12653115.67039300,1181,3151863.1,1561442.45847600,0
1775992200000,0.49079,0.4954,0.48954,0.49536,25847583.6,1775992499999,12768360.98212600,1176,25842749.7,12765983.56365200,0
1775992500000,0.49523,0.4954,0.48934,0.48934,30735318.2,1775992799999,15101133.61054500,1272,242037.9,119903.94445600,0
1775992800000,0.48934,0.48934,0.48662,0.48741,10668875.6,1775993099999,5196823.44485300,1170,2532.3,1233.95041200,0
1775993100000,0.48746,0.4891,0.48662,0.48877,9126.0,1775993399999,4451.38014400,706,3032.1,1480.55874800,0
1775993400000,0.48877,0.49003,0.48662,0.48872,3523462.9,1775993699999,1725028.38204500,852,3458218.2,1693268.72057400,0
1775993700000,0.48872,0.49188,0.48872,0.49003,4489121.1,1775993999999,2205025.44026100,885,4480962.7,2201021.04399600,0
1775994000000,0.49003,0.4945,0.4888,0.4945,40370670.3,1775994299999,19906622.17554300,1058,40365347.3,19904015.30419600,0
1775994300000,0.4945,0.49459,0.49137,0.49137,8791.1,1775994599999,4341.70913300,658,2090.1,1033.55543100,0
1775994600000,0.49137,0.49137,0.48445,0.48858,39806884.4,1775994899999,19455191.18972400,1472,440174.7,214897.20171500,0
1775994900000,0.48858,0.48872,0.48415,0.48552,6453707.6,1775995199999,3134811.32469600,1091,852.1,414.84094800,0
1775995200000,0.48553,0.48561,0.48247,0.48247,12540769.1,1775995499999,6065306.28353900,927,38943.3,18833.95283500,0
1775995500000,0.48247,0.48342,0.48198,0.48342,3898764.2,1775995799999,1880327.69890000,715,3091.0,1492.67675900,0
1775995800000,0.48342,0.48404,0.4796,0.4796,15198836.2,1775996099999,7307406.13720800,941,3385.8,1638.36902800,0
1775996100000,0.4796,0.48327,0.47849,0.48194,21779028.8,1775996399999,10455976.06880900,1066,6195984.2,2990797.87155200,0
1775996400000,0.48194,0.48347,0.48185,0.48294,1800767.8,1775996699999,870389.10485000,659,1794187.3,867214.36459100,0
1775996700000,0.48307,0.48347,0.48096,0.48257,7819.7,1775996999999,3768.26099600,694,228.0,110.23116000,0
1775997000000,0.48278,0.4839,0.48212,0.48353,970400.5,1775997299999,469392.39137600,738,967566.6,468023.04641000,0
1775997300000,0.48353,0.484,0.48241,0.48258,199025.1,1775997599999,96315.49489000,690,193325.8,93561.31305000,0
1775997600000,0.48267,0.484,0.47957,0.47957,15172614.4,1775997899999,7285642.90186700,1019,5393.5,2609.29023200,0
1775997900000,0.47957,0.47957,0.47044,0.47133,66334499.9,1775998199999,31546967.83858800,1511,4055.7,1911.73497300,0
1775998200000,0.47133,0.47382,0.47044,0.47106,516036.2,1775998499999,243775.16517200,717,512087.8,241910.68437200,0
1775998500000,0.47106,0.47731,0.47106,0.47731,23851995.0,1775998799999,11317318.01117000,1262,23849160.8,11315972.47113000,0
1775998800000,0.47731,0.48217,0.47731,0.48217,40632365.0,1775999099999,19485184.93549300,1375,40129252.6,19244276.60532400,0
1775999100000,0.48217,0.48222,0.47199,0.47199,33654486.0,1775999399999,16028651.34528600,1279,48246.9,23255.33704900,0
1775999400000,0.47199,0.47199,0.46634,0.46634,25441398.5,1775999699999,11971963.04831000,1204,8573.2,4016.24043400,0
1775999700000,0.46634,0.46998,0.46602,0.46903,8697.4,1775999999999,4077.46438000,643,2256.8,1060.08153000,0
1776000000000,0.46916,0.47003,0.46685,0.46802,6762.5,1776000299999,3168.23423800,667,344.6,161.32130000,0
1776000300000,0.46784,0.47184,0.46676,0.47,12773544.6,1776000599999,6009713.78160500,1043,12759471.1,6003104.09656000,0
1776000600000,0.47,0.47184,0.46773,0.46773,7705577.5,1776000899999,3606398.58620000,836,115.2,53.99546900,0
1776000900000,0.46773,0.46848,0.46702,0.46702,5795716.5,1776001199999,2708639.79632700,852,3258.9,1524.14005200,0
1776001200000,0.46702,0.46704,0.46548,0.46548,14601164.5,1776001499999,6811002.45309600,1106,1418.4,661.58504900,0
1776001500000,0.46548,0.4665,0.46226,0.46514,17288159.6,1776001799999,8003922.55462400,1179,3060.6,1420.38636300,0
1776001800000,0.46514,0.4676,0.46514,0.46714,14376554.6,1776002099999,6703924.71773600,1097,14243611.2,6641894.24115700,0
1776002100000,0.46714,0.46867,0.46536,0.46759,7556569.4,1776002399999,3537190.91990300,1004,7550855.3,3534522.49756400,0
1776002400000,0.46759,0.47137,0.46756,0.46962,11710302.4,1776002699999,5512217.31058200,1033,11707333.4,5510824.44187700,0
1776002700000,0.4695,0.47265,0.4695,0.47253,8978305.2,1776002999999,4237319.60843200,869,8974303.1,4235431.59005800,0
1776003000000,0.47253,0.47408,0.4712,0.47408,17897.1,1776003299999,8466.22336800,619,13772.8,6519.29956600,0
1776003300000,0.47408,0.47925,0.47387,0.47664,28458280.3,1776003599999,13538880.68048000,1218,28439193.0,13529756.73423800,0
1776003600000,0.47664,0.47986,0.47618,0.47986,3308683.6,1776003899999,1586673.43480600,748,3260992.2,1563803.97951300,0
1776003900000,0.4798,0.48553,0.47888,0.48553,36064261.1,1776004199999,17406292.23547100,1119,36060382.6,17404433.16798200,0
1776004200000,0.48553,0.4856,0.48183,0.48183,11552.4,1776004499999,5594.69847000,704,2756.7,1338.46354000,0
1776004500000,0.48183,0.48394,0.48036,0.48394,15100568.5,1776004799999,7268772.86153700,1056,1897928.4,918266.61030600,0
1776004800000,0.48394,0.48994,0.48394,0.48908,45086577.9,1776005099999,21889128.28959900,1102,44876847.8,21786516.36500300,0
1776005100000,0.48994,0.48994,0.4869,0.48756,27092.6,1776005399999,13244.06327100,707,10205.7,5000.18065800,0
1776005400000,0.48749,0.49048,0.48404,0.48404,26022302.1,1776005699999,12672450.65569900,1336,6042072.1,2961417.10921000,0
1776005700000,0.48404,0.48404,0.47881,0.48043,34398699.6,1776005999999,16575895.34727000,1301,350508.8,168381.50412500,0
1776006000000,0.48051,0.48429,0.48046,0.48215,11683923.4,1776006299999,5630835.38184600,783,11647249.5,5613152.84670300,0
1776006300000,0.48215,0.4842,0.4819,0.48289,4530.2,1776006599999,2185.95043200,454,0,0,0
1776006600000,0.48287,0.48434,0.48283,0.48418,97431.3,1776006899999,47168.41872700,439,72740.1,35228.39779700,0
1776006900000,0.48409,0.48567,0.48355,0.48503,4656.8,1776007199999,2256.56034800,478,2308.4,1119.17836800,0
1776007200000,0.48503,0.48627,0.48354,0.48627,155327.0,1776007499999,75264.63649700,403,62322.6,30289.61316200,0
1776007500000,0.48627,0.49284,0.48627,0.49284,61229703.3,1776007799999,29963750.54448500,1402,61178955.7,29938812.99982900,0
1776007800000,0.49284,0.49836,0.49284,0.49836,40265937.7,1776008099999,19977309.96914700,1172,40265694.9,19977189.16890200,0
1776008100000,0.49837,0.50122,0.49837,0.49907,12480452.0,1776008399999,6229146.31371100,1190,12465252.6,6221568.45419700,0
1776008400000,0.49954,0.50254,0.49863,0.50254,7008697.7,1776008699999,3517337.28603600,950,7002261.2,3514118.28230800,0
1776008700000,0.50255,0.53193,0.50255,0.52107,78611323.0,1776008999999,40546995.41590300,1948,59157423.3,30317528.92946600,0
1776009000000,0.52107,0.52987,0.52056,0.52056,35324527.4,1776009299999,18543994.78089900,1421,13678199.1,7188411.61497000,0
1776009300000,0.52056,0.52056,0.51219,0.51348,53516290.3,1776009599999,27634773.98027100,1421,41955.2,21556.48201600,0
1776009600000,0.51355,0.52167,0.51134,0.5216,65137604.8,1776009899999,33692825.18505900,1745,55094474.0,28552379.46962100,0
1776009900000,0.52147,0.52152,0.51273,0.51406,25927718.9,1776010199999,13395249.23361800,1679,1746627.0,900426.78562900,0
1776010200000,0.51401,0.51637,0.5126,0.51435,9399.9,1776010499999,4829.96408100,692,587.0,302.96613300,0
1776010500000,0.51429,0.51742,0.50928,0.51742,27609265.0,1776010799999,14130376.31100400,1275,3439020.5,1773997.88704700,0
1776010800000,0.51742,0.52321,0.51733,0.52321,41551525.5,1776011099999,21637770.48261300,1222,41544785.6,21634255.63089600,0
1776011100000,0.52319,0.52321,0.51836,0.51888,14784777.1,1776011399999,7674304.25707500,1096,3203.5,1665.12882800,0
1776011400000,0.51888,0.51984,0.51611,0.51973,7614778.2,1776011699999,3933336.19314300,940,6096.4,3165.89396500,0
1776011700000,0.51973,0.52279,0.51611,0.52213,20470884.4,1776011999999,10653657.25590500,953,20419775.0,10627270.19039200,0
1776012000000,0.52213,0.52647,0.52057,0.52647,17348631.9,1776012299999,9101538.69579600,1309,17339171.7,9096590.98494400,0
1776012300000,0.52647,0.52664,0.52507,0.52536,85982.4,1776012599999,45267.15983100,717,79605.5,41915.09966700,0
1776012600000,0.52536,0.52639,0.52483,0.52534,5657.3,1776012899999,2972.47876800,597,216.6,113.96910500,0
1776012900000,0.52534,0.52829,0.52482,0.52691,643676.9,1776013199999,339116.36665200,757,478882.2,252615.27002700,0
1776013200000,0.52691,0.53001,0.5248,0.52855,14690507.9,1776013499999,7775141.82362000,913,14660850.4,7759492.04633900,0
1776013500000,0.52855,0.53551,0.5282,0.5317,23631453.1,1776013799999,12552565.76748900,1221,19651832.7,10436247.57304000,0
1776013800000,0.53177,0.53678,0.53117,0.53152,19912309.7,1776014099999,10661404.36835700,1218,15184785.3,8139609.69852400,0
1776014100000,0.53156,0.53367,0.52952,0.53187,4004067.6,1776014399999,2134398.27136900,925,3996478.2,2130364.76482900,0
1776014400000,0.53184,0.53373,0.52823,0.52912,16785026.9,1776014699999,8891992.81807200,1030,480306.3,256229.07569400,0
1776014700000,0.52915,0.54987,0.52915,0.54987,63367421.1,1776014999999,34162950.77702200,1779,63356354.6,34156956.00910800,0
1776015000000,0.54954,0.56469,0.54954,0.56285,85075733.2,1776015299999,47338487.87719500,2202,84712285.5,47134159.15865700,0
1776015300000,0.56285,0.56393,0.55643,0.55903,23997857.2,1776015599999,13410821.98740700,1203,2111746.8,1179339.20963200,0
1776015600000,0.55902,0.56327,0.54525,0.54827,65099888.1,1776015899999,36209043.03163800,1692,26070919.5,14557473.99207500,0
1776015900000,0.54827,0.55715,0.54068,0.54353,76790420.3,1776016199999,41956791.33264300,1843,12973325.9,7149724.42762200,0
1776016200000,0.54332,0.55378,0.54317,0.54886,63562536.4,1776016499999,34894418.92724600,1427,57105478.3,31345652.93636200,0
1776016500000,0.54886,0.5524,0.54737,0.5524,28367177.9,1776016799999,15604331.34196300,1251,17242243.9,9506692.17388600,0
1776016800000,0.5524,0.55962,0.55125,0.55208,65915746.1,1776017099999,36533347.42276700,1891,41460684.7,22969490.98081200,0
1776017100000,0.55208,0.55888,0.54768,0.55402,39351745.1,1776017399999,21738289.10917800,1665,16114528.9,8946475.30889700,0
1776017400000,0.55403,0.55448,0.54818,0.54818,18037541.2,1776017699999,9929281.66402100,951,120437.4,66740.48993100,0
1776017700000,0.54833,0.55953,0.54818,0.55781,56591300.0,1776017999999,31423495.36824600,1449,56508275.6,31377558.04287900,0
1776018000000,0.55781,0.58577,0.55781,0.58572,93826649.9,1776018299999,53689716.74552600,2414,92416835.4,52887305.77426500,0
1776018300000,0.58577,0.58578,0.57788,0.58578,33644916.9,1776018599999,19582311.64644300,1611,23089861.6,13453457.13902900,0
1776018600000,0.58568,0.58585,0.57914,0.58171,25414983.7,1776018899999,14791403.40558000,1313,2195023.1,1285262.26460100,0
1776018900000,0.58171,0.60552,0.57914,0.60552,78040752.5,1776019199999,46257301.23504600,2168,75527668.6,44773982.79160200,0
1776019200000,0.60552,0.64953,0.60513,0.6299,133756417.5,1776019499999,83937486.96297800,2358,99214784.6,62089212.72490400,0
1776019500000,0.6299,0.6372,0.62281,0.62635,81417819.1,1776019799999,51387151.77224900,2155,43556226.3,27555400.11923400,0
1776019800000,0.62635,0.62635,0.59881,0.59881,99914611.8,1776020099999,61435923.88019300,2106,9316435.3,5743153.61284700,0
1776020100000,0.59883,0.6117,0.59583,0.60035,43811803.5,1776020399999,26458339.22393100,1453,25630216.6,15525210.81562200,0
1776020400000,0.60073,0.60367,0.58439,0.58794,136107579.4,1776020699999,80769366.43734700,2615,32404385.6,19292361.68926700,0
1776020700000,0.58794,0.59872,0.57933,0.59872,78544456.4,1776020999999,46132024.02144300,1861,43020748.9,25398672.75348300,0
1776021000000,0.59883,0.61111,0.59714,0.61088,66681036.6,1776021299999,40283571.67834500,1952,66671106.7,40277564.81309500,0
1776021300000,0.61088,0.61215,0.60477,0.61123,46167692.8,1776021599999,28111125.91556300,1629,28190163.2,17190805.05489000,0
1776021600000,0.61123,0.61424,0.60196,0.60907,59264246.3,1776021899999,36027645.84759000,1767,24191787.2,14771672.68718200,0
1776021900000,0.60907,0.61777,0.60443,0.60443,44506625.3,1776022199999,27248201.52226200,1625,24405704.6,15020821.30015800,0
1776022200000,0.60443,0.6125,0.60325,0.6125,35971267.4,1776022499999,21866805.83886500,1578,29353799.2,17870597.90343300,0
1776022500000,0.6125,0.61713,0.61215,0.61713,34193124.9,1776022799999,21042694.91462600,1447,34090804.3,20979959.68672000,0
1776022800000,0.61713,0.62235,0.61713,0.62013,23857831.2,1776023099999,14798316.91037400,1117,23809768.2,14768470.18962800,0
1776023100000,0.62004,0.62004,0.5914,0.59682,99537765.1,1776023399999,60334228.10224000,2324,1697073.7,1011000.65318600,0
1776023400000,0.59682,0.60201,0.59325,0.59325,46627113.9,1776023699999,27850579.71641200,1689,19938820.5,11913627.53481200,0
1776023700000,0.59325,0.59388,0.58756,0.58756,41958349.9,1776023999999,24792481.84050400,1749,6018563.3,3563121.33890500,0
1776024000000,0.58756,0.58776,0.56561,0.57303,103325098.5,1776024299999,59505077.77055500,2131,18573165.2,10598359.54572800,0
1776024300000,0.57281,0.59066,0.57264,0.59066,87771576.3,1776024599999,51185519.16269800,1938,87759059.1,51178261.55298700,0
1776024600000,0.59058,0.59342,0.57982,0.58617,88976004.3,1776024899999,52223228.30901200,2260,31155382.8,18359670.74408800,0
1776024900000,0.58617,0.58617,0.55238,0.5537,155462182.1,1776025199999,88323302.09632500,2866,13840.1,7767.32376900,0
1776025200000,0.5537,0.55465,0.53966,0.53966,72247752.6,1776025499999,39533183.89503500,1721,31090.1,17140.84790600,0
1776025500000,0.53966,0.55008,0.53789,0.55001,54299992.1,1776025799999,29394326.57241500,1858,15746071.5,8530486.72759800,0
1776025800000,0.55001,0.5664,0.54904,0.56397,97827735.2,1776026099999,54388906.07674000,1904,89396006.6,49654278.71480000,0
1776026100000,0.56397,0.57085,0.56086,0.56621,49666460.8,1776026399999,28184326.14570000,1676,39735223.5,22566593.73453900,0
1776026400000,0.5667,0.57295,0.5667,0.57295,14376075.7,1776026699999,8219867.30520100,1145,14368074.9,8215299.81729700,0
1776026700000,0.57295,0.58032,0.57295,0.57413,75851609.0,1776026999999,43682318.00429300,1739,65574295.5,37770547.16546900,0
1776027000000,0.57413,0.57753,0.57201,0.5741,40169805.9,1776027299999,23071871.71130300,1279,18876669.7,10841267.76249200,0
1776027300000,0.5741,0.5803,0.57363,0.57955,11197062.9,1776027599999,6475225.13772300,850,11193534.4,6473188.77718800,0
1776027600000,0.57933,0.58171,0.57822,0.57969,10786563.8,1776027899999,6269125.16716100,874,10776733.8,6263427.05810700,0
1776027900000,0.57969,0.58171,0.57586,0.57807,16501599.1,1776028199999,9540037.08790600,1452,6021430.8,3494193.21260900,0
1776028200000,0.57807,0.58204,0.57465,0.57594,25523811.0,1776028499999,14735931.03801200,1487,9829323.7,5703556.52001000,0
1776028500000,0.57594,0.58377,0.57465,0.58293,39407958.6,1776028799999,22853279.79843000,1497,38669662.5,22426916.39094400,0
1776028800000,0.58291,0.58291,0.5649,0.5649,65914687.6,1776029099999,37680445.26750300,2004,857723.1,489213.19547000,0
1776029100000,0.5649,0.57131,0.56421,0.57131,19658575.5,1776029399999,11175621.29494000,1363,18589772.2,10572218.60896200,0
1776029400000,0.5704,0.57136,0.56304,0.56304,21443679.6,1776029699999,12128563.17667300,1225,327811.4,184972.88108200,0
1776029700000,0.56304,0.56456,0.56126,0.56176,3857748.0,1776029999999,2167055.78113800,1026,337101.6,189545.88930300,0
1776030000000,0.56176,0.56257,0.5585,0.559,18775694.4,1776030299999,10516925.32968100,1106,486528.4,272684.42884300,0
1776030300000,0.559,0.56007,0.55615,0.55669,3393552.4,1776030599999,1894291.63967600,853,113764.0,63706.62270400,0
1776030600000,0.55669,0.55818,0.55217,0.55217,14355154.8,1776030899999,7964516.96935600,1251,4816.5,2679.60946200,0
1776030900000,0.55217,0.5528,0.55034,0.55034,1468249.3,1776031199999,809707.54464200,982,2184.8,1205.89547900,0
1776031200000,0.55033,0.55234,0.55013,0.55234,7235.6,1776031499999,3986.15884300,568,4099.4,2259.72340900,0
1776031500000,0.5517,0.55264,0.54977,0.55132,5940.6,1776031799999,3274.47535600,597,1376.6,760.42520300,0
1776031800000,0.55132,0.55319,0.54609,0.54609,35287909.2,1776032099999,19378091.82930000,1376,7528293.8,4162494.66270100,0
1776032100000,0.54609,0.54782,0.5456,0.54779,632062.3,1776032399999,345054.17170500,740,9478.4,5180.14512800,0
1776032400000,0.54779,0.54881,0.54562,0.54711,5998.9,1776032699999,3283.47486700,662,1319.0,723.14202600,0
1776032700000,0.54711,0.54965,0.54681,0.54884,5966.0,1776032999999,3270.49234600,662,1147.3,630.21115700,0
1776033000000,0.54903,0.54903,0.54069,0.54121,21801977.3,1776033299999,11858456.00074900,1046,840915.0,456201.17030500,0
1776033300000,0.54177,0.54349,0.54067,0.54074,2534519.3,1776033599999,1374079.40462200,873,1914938.4,1038837.25344600,0
1776033600000,0.54067,0.54291,0.54034,0.5407,3002209.2,1776033899999,1626327.48630900,875,2022240.2,1096117.73582300,0
1776033900000,0.54039,0.54259,0.53816,0.53867,16307065.4,1776034199999,8790997.46694400,1094,1130.9,613.15486500,0
1776034200000,0.53867,0.53892,0.53692,0.53692,3396493.3,1776034499999,1827033.98865700,941,660265.0,355175.64022700,0
1776034500000,0.53689,0.53936,0.53679,0.53679,2362096.8,1776034799999,1273239.33935000,825,2356968.2,1270481.43117900,0
1776034800000,0.53679,0.53679,0.53106,0.53117,24675533.9,1776035099999,13189467.25507000,1213,38479.4,20519.75811600,0
1776035100000,0.53143,0.53552,0.53105,0.53552,7741627.5,1776035399999,4142754.43596700,945,7727194.3,4135085.31404400,0
1776035400000,0.53552,0.53631,0.5355,0.5356,2691845.6,1776035699999,1442828.78001100,747,2686264.5,1439839.36281500,0
1776035700000,0.5356,0.5356,0.52702,0.52702,27768126.2,1776035999999,14735109.05270300,1174,2859.1,1515.51378600,0
1776036000000,0.52702,0.53171,0.52573,0.53171,24434853.4,1776036299999,12907361.36870900,1423,11304442.7,5995914.70252500,0
1776036300000,0.53171,0.53657,0.53119,0.5313,28536981.6,1776036599999,15230911.57302000,1227,18113931.4,9682317.43638800,0
1776036600000,0.5313,0.5316,0.53048,0.53098,5978916.2,1776036899999,3174512.52082000,859,6371.2,3384.69084200,0
1776036900000,0.53098,0.53397,0.53094,0.53377,7334.2,1776037199999,3908.08259100,701,5609.9,2988.91082700,0
1776037200000,0.53377,0.53475,0.53048,0.53457,2549871.7,1776037499999,1363145.70571900,783,2546767.0,1361489.85685000,0
1776037500000,0.53457,0.54229,0.53428,0.54222,61215849.3,1776037799999,32899150.33658700,1698,60746130.4,32645875.88348400,0
1776037800000,0.54222,0.54229,0.53349,0.53637,11604362.8,1776038099999,6229186.31510400,1201,98725.6,53028.68383900,0
1776038100000,0.53637,0.54342,0.53349,0.54342,35441675.5,1776038399999,19120198.36115400,1801,34619474.1,18674758.66659000,0
1776038400000,0.54342,0.54665,0.54313,0.54656,11812838.4,1776038699999,6432503.07628300,1166,10892820.7,5932116.47335600,0
1776038700000,0.54656,0.54801,0.54409,0.54801,2143992.8,1776038999999,1174540.92222800,802,2135456.8,1169873.37350500,0
1776039000000,0.54801,0.56385,0.54801,0.5635,100450165.0,1776039299999,55737863.50297500,2298,100415960.7,55718683.70665100,0
1776039300000,0.56349,0.56385,0.55415,0.55415,28529572.1,1776039599999,15949289.15565200,1097,162880.5,91817.57892500,0
1776039600000,0.55415,0.55625,0.54789,0.55022,41839240.2,1776039899999,23073438.47090500,1260,16243038.0,8949220.36679800,0
1776039900000,0.55029,0.55217,0.54951,0.55217,10587775.2,1776040199999,5837024.40583900,909,10581751.7,5833707.45902700,0
1776040200000,0.55217,0.55245,0.54165,0.54269,45575896.2,1776040499999,24857489.17636100,1930,6005.9,3298.16725600,0
1776040500000,0.54269,0.54378,0.54148,0.54378,1134841.3,1776040799999,614651.79364800,751,3774.6,2048.08949200,0
1776040800000,0.54378,0.54455,0.53775,0.53775,27547185.4,1776041099999,14863104.46545200,1243,44577.9,24264.08896800,0
1776041100000,0.53775,0.53775,0.53335,0.53385,23045854.4,1776041399999,12325931.60472000,1305,25858.8,13848.11270700,0
1776041400000,0.53385,0.53473,0.53138,0.53369,8135.0,1776041699999,4333.41778400,643,704.4,376.38261900,0
1776041700000,0.53369,0.5451,0.53239,0.54385,19020574.1,1776041999999,10253714.68565600,1086,19017313.1,10251967.90870800,0
1776042000000,0.54412,0.54592,0.53987,0.54302,22024879.2,1776042299999,11932745.13751000,1215,3807833.0,2066190.74530800,0
1776042300000,0.54321,0.54622,0.54235,0.5461,1901461.1,1776042599999,1037779.50321000,838,1896932.3,1035309.24391900,0
1776042600000,0.5461,0.5553,0.54572,0.54973,55763552.0,1776042899999,30722665.03700500,1408,48755291.9,26859822.87465100,0
1776042900000,0.54973,0.54987,0.5398,0.54109,45788353.6,1776043199999,24859365.46584900,1487,49645.6,27270.61250800,0
1776043200000,0.54109,0.54465,0.53951,0.544,20482711.6,1776043499999,11132191.55653800,1081,17977370.7,9780132.92765500,0
1776043500000,0.544,0.545,0.54249,0.54249,3224279.8,1776043799999,1754633.17588400,889,2321484.5,1264728.33471900,0
1776043800000,0.54249,0.54651,0.54126,0.54651,27274864.3,1776044099999,14850756.04027300,1200,19577168.2,10680443.08846600,0
1776044100000,0.54646,0.55458,0.546,0.55286,35314116.4,1776044399999,19405593.72924900,1502,35074776.7,19273385.90342500,0
1776044400000,0.5524,0.5547,0.54659,0.54659,23595542.0,1776044699999,12962343.45627500,958,14516.8,8044.26248100,0
1776044700000,0.54659,0.54782,0.54214,0.54393,13448899.0,1776044999999,7303761.41471300,1070,29612.1,16106.56367900,0
1776045000000,0.54393,0.54567,0.54154,0.54207,7051860.8,1776045299999,3821492.67905600,892,189434.8,102705.38322000,0
1776045300000,0.54154,0.54154,0.53782,0.53813,18420722.4,1776045599999,9938655.08124700,1441,901512.0,486215.74911500,0
1776045600000,0.53782,0.53914,0.53361,0.53408,14582917.7,1776045899999,7795190.66544500,1123,760139.7,406264.39271500,0
1776045900000,0.53457,0.53485,0.53074,0.53139,9733062.1,1776046199999,5170927.71218600,851,83451.5,44634.03289900,0
1776046200000,0.53139,0.53405,0.52523,0.52663,37516756.0,1776046499999,19840655.93110300,1156,8484349.6,4487136.73342000,0
1776046500000,0.52664,0.52716,0.52456,0.52679,5388047.6,1776046799999,2830023.02145200,926,2991.3,1573.49648400,0
1776046800000,0.52679,0.52753,0.52522,0.52544,33845.1,1776047099999,17843.59420300,620,28512.2,15037.40393900,0
1776047100000,0.52533,0.52791,0.52399,0.52728,31170.7,1776047399999,16354.76272500,687,2148.5,1133.82138100,0
1776047400000,0.52722,0.52805,0.52603,0.52744,484973.1,1776047699999,255953.99267200,722,428436.6,226201.45813000,0
1776047700000,0.52758,0.5284,0.52638,0.52805,1132883.7,1776047999999,598321.33419900,750,1124166.1,593725.52932100,0
1776048000000,0.52805,0.52865,0.52676,0.52807,8423.1,1776048299999,4444.41406500,683,781.5,413.03333100,0
1776048300000,0.52807,0.52865,0.52273,0.52273,19739026.7,1776048599999,10342881.51760600,1275,29386.0,15401.51858400,0
1776048600000,0.52273,0.52485,0.5227,0.52342,10198172.3,1776048899999,5348695.57508400,853,9908659.9,5197361.96414600,0
1776048900000,0.52337,0.52624,0.52316,0.52601,37438.4,1776049199999,19652.04718700,657,33673.1,17674.83737800,0
1776049200000,0.52601,0.52831,0.52562,0.52831,3428369.8,1776049499999,1807387.47641100,938,3424375.5,1805281.06255800,0
1776049500000,0.52834,0.52899,0.52648,0.52872,206470.1,1776049799999,109211.38317700,710,201794.6,106745.62620900,0
1776049800000,0.52852,0.53342,0.52808,0.53342,28941929.1,1776050099999,15365595.69249100,1292,28940334.8,15364747.32781400,0
1776050100000,0.53342,0.53344,0.52928,0.52948,170508.6,1776050399999,90942.76564500,599,165670.3,88375.16404200,0
1776050400000,0.52948,0.53344,0.52919,0.53305,65617.6,1776050699999,34745.16638800,563,2790.7,1488.38569600,0
1776050700000,0.53305,0.53397,0.52926,0.53062,15749741.3,1776050999999,8377744.82495100,871,6089733.7,3250299.38727900,0
1776051000000,0.53062,0.54208,0.53052,0.53944,62117980.0,1776051299999,33365766.31911600,1354,62082805.4,33346762.98455900,0
1776051300000,0.53944,0.53944,0.53418,0.53418,14074048.8,1776051599999,7545628.16636300,994,134322.0,72209.43918200,0
1776051600000,0.53421,0.53496,0.53293,0.53489,796142.5,1776051899999,424745.50782300,629,9821.5,5248.88118800,0
1776051900000,0.53489,0.53506,0.53279,0.53435,8693.9,1776052199999,4644.44444900,515,3044.3,1628.84175500,0
1776052200000,0.53506,0.53617,0.53325,0.53325,6100912.8,1776052499999,3268104.01963900,639,6097623.3,3266346.95392200,0
1776052500000,0.53325,0.53337,0.53198,0.53198,10587689.2,1776052799999,5639114.88060000,802,1473.4,784.83299600,0
1776052800000,0.53204,0.53409,0.53144,0.53409,4380538.1,1776053099999,2329532.44463700,621,2901.5,1546.05903700,0
1776053100000,0.5341,0.53707,0.53144,0.53586,17392908.7,1776053399999,9307984.52919600,835,17339826.7,9279538.42553900,0
1776053400000,0.53586,0.53603,0.53154,0.53452,14381318.0,1776053699999,7657458.10642600,1082,307922.8,164578.93148200,0
1776053700000,0.53452,0.54502,0.53452,0.54242,76594884.9,1776053999999,41470120.19603200,2291,76176859.0,41243371.16882800,0
1776054000000,0.54247,0.54993,0.54129,0.5447,40411469.7,1776054299999,22052159.61752100,1726,31046905.3,16950361.19896800,0
1776054300000,0.5447,0.55041,0.54462,0.55041,4772884.3,1776054599999,2615629.98345200,983,4768563.6,2613258.30495300,0
1776054600000,0.55043,0.55456,0.55019,0.55356,27311098.7,1776054899999,15094981.12374500,1437,27299021.7,15088302.50778600,0
1776054900000,0.55356,0.55549,0.55319,0.55345,10287.5,1776055199999,5700.49579800,541,3487.3,1935.46397100,0
1776055200000,0.55345,0.55549,0.5489,0.54963,17528355.7,1776055499999,9656456.44776100,1032,103421.3,56910.03181000,0
1776055500000,0.54963,0.55419,0.54963,0.55125,15484145.0,1776055799999,8560569.23506400,970,15478920.7,8557685.65504200,0
1776055800000,0.55125,0.55419,0.55067,0.5516,18138.2,1776056099999,10039.34871700,643,12242.2,6784.50481800,0
1776056100000,0.55176,0.55419,0.54608,0.5465,14301429.3,1776056399999,7861934.38084900,944,35385.2,19337.72251000,0
1776056400000,0.5465,0.54747,0.53653,0.53667,42841021.6,1776056699999,23216125.58326300,1726,3404.2,1856.97784100,0
1776056700000,0.53662,0.537,0.53137,0.53257,29874825.1,1776056999999,15946317.48084700,1600,4731.6,2530.70460000,0
1776057000000,0.53252,0.53368,0.53131,0.53324,392829.8,1776057299999,208727.47626600,672,678.9,361.58496100,0
1776057300000,0.53281,0.53654,0.53131,0.5356,5463619.8,1776057599999,2927970.94499000,917,5457671.2,2924796.81506900,0
1776057600000,0.5356,0.53657,0.53445,0.53502,7017.2,1776057899999,3756.55487800,684,960.2,515.18656800,0
1776057900000,0.53472,0.54137,0.53445,0.54137,29455225.0,1776058199999,15883578.67217700,1139,29396382.3,15852123.05861000,0
1776058200000,0.54137,0.5414,0.54079,0.5414,153165.6,1776058499999,82919.48833100,645,149985.2,81198.55480600,0
1776058500000,0.5414,0.54234,0.54063,0.54234,18131590.1,1776058799999,9824850.32308600,1071,18128476.4,9823165.26214800,0
1776058800000,0.54234,0.54246,0.54003,0.54246,1611226.4,1776059099999,873833.33019400,731,1570610.0,851890.30773400,0
1776059100000,0.54246,0.54246,0.54003,0.54037,63957.5,1776059399999,34688.09869500,728,58656.2,31818.35456600,0
1776059400000,0.54037,0.54246,0.53983,0.54044,9520.2,1776059699999,5148.30304300,699,917.3,497.59855800,0
1776059700000,0.54044,0.54246,0.53976,0.53976,49398.0,1776059999999,26787.45853600,559,44147.6,23948.16896800,0
1776060000000,0.53976,0.54246,0.53595,0.54103,21120538.0,1776060299999,11363255.53294700,1052,1059109.4,571986.66141000,0
1776060300000,0.54097,0.54246,0.53683,0.53766,2707109.7,1776060599999,1455569.33032800,907,1115.4,600.92639800,0
1776060600000,0.53766,0.53772,0.5341,0.53668,19997048.3,1776060899999,10704680.91744000,1467,5025.4,2692.66704200,0
1776060900000,0.53668,0.53693,0.53295,0.53395,7179699.1,1776061199999,3830301.05520800,956,3967.6,2117.31926600,0
1776061200000,0.53395,0.53523,0.53295,0.53501,6796.5,1776061499999,3632.64914500,725,2226.3,1190.41556000,0
1776061500000,0.53501,0.53568,0.53184,0.53219,9465.1,1776061799999,5053.83018500,771,2270.1,1215.46032400,0
1776061800000,0.53219,0.53635,0.53145,0.53553,3581489.0,1776062099999,1919448.70918400,984,3577200.8,1917159.10259500,0
1776062100000,0.53553,0.5374,0.53528,0.53677,20106.1,1776062399999,10793.63149500,687,15125.7,8124.39973200,0
1776062400000,0.53671,0.5423,0.53637,0.53872,26099170.8,1776062699999,14092212.84181900,1386,26092111.1,14088408.94232700,0
1776062700000,0.53871,0.53915,0.53684,0.53684,7982606.3,1776062999999,4291646.37975300,1036,2462102.0,1325467.89881600,0
1776063000000,0.53684,0.53922,0.53393,0.53395,15231915.1,1776063299999,8156079.75527000,1011,3948.5,2117.72415300,0
1776063300000,0.53395,0.53604,0.53352,0.53487,2286060.1,1776063599999,1220011.53610300,837,6932.3,3708.36084400,0
1776063600000,0.53479,0.5501,0.53352,0.5501,104105851.5,1776063899999,56549828.41490700,2326,104102505.1,56548011.89081300,0
1776063900000,0.5501,0.55092,0.54274,0.54354,34816806.4,1776064199999,19034595.80752800,1287,9640809.4,5305766.33668800,0
1776064200000,0.54354,0.54814,0.54223,0.5452,14889846.6,1776064499999,8128853.61721400,915,14232410.0,7769626.94843300,0
1776064500000,0.54432,0.54728,0.54374,0.54597,5598752.1,1776064799999,3057806.78802800,805,3537117.6,1932583.37041600,0
1776064800000,0.54597,0.54833,0.54546,0.54759,13878378.0,1776065099999,7589506.05723700,1053,12918230.6,7065579.76515600,0
1776065100000,0.54759,0.54901,0.54376,0.54585,12420109.4,1776065399999,6768417.71481400,963,609344.7,332436.57306400,0
1776065400000,0.54585,0.55723,0.54525,0.55675,26163979.8,1776065699999,14442496.44429200,1279,25429753.9,14041966.98763800,0
1776065700000,0.55693,0.5678,0.55539,0.56764,50696695.6,1776065999999,28434535.28263800,1701,38309522.7,21479910.17469800,0
1776066000000,0.56764,0.5678,0.56255,0.56448,5372209.1,1776066299999,3027574.13648400,1119,3007429.8,1696621.58466300,0
1776066300000,0.56523,0.56822,0.56354,0.56527,7521642.4,1776066599999,4271571.62974800,874,7479476.4,4247681.19929200,0
1776066600000,0.56527,0.57049,0.56527,0.57049,9556911.2,1776066899999,5436363.23852100,970,9515180.7,5412652.77938200,0
1776066900000,0.57049,0.57946,0.57049,0.57562,43605154.6,1776067199999,25005048.32445500,1547,33788549.1,19370518.43444400,0
1776067200000,0.57377,0.58973,0.57224,0.58911,59806615.0,1776067499999,34810249.34173600,1665,59790115.8,34800568.97062500,0
1776067500000,0.58906,0.5974,0.58906,0.5974,47843645.0,1776067799999,28373526.14665800,1968,47841147.8,28372040.68213100,0
1776067800000,0.5974,0.59748,0.59007,0.5916,8986235.8,1776068099999,5331619.46238400,849,141372.4,83563.50764200,0
1776068100000,0.5916,0.59227,0.56729,0.56729,101714240.1,1776068399999,58621199.33474200,1849,19735530.5,11388555.77449900,0
1776068400000,0.56729,0.58796,0.56726,0.58796,62537258.3,1776068699999,36305598.46302700,1894,62164533.0,36094011.51312900,0
1776068700000,0.58796,0.5994,0.58369,0.5838,111281185.8,1776068999999,65824041.29763600,2383,54840822.5,32528572.26014600,0
1776069000000,0.58369,0.58395,0.57291,0.58097,49489718.5,1776069299999,28663919.54103800,1455,15173204.0,8782375.87598900,0
1776069300000,0.58085,0.5847,0.58002,0.5847,12940110.8,1776069599999,7551208.93125900,1079,12934400.1,7547890.63572800,0
1776069600000,0.5847,0.59413,0.58111,0.59413,64681323.2,1776069899999,38082324.64265400,1769,57352511.8,33772742.40275000,0
1776069900000,0.59413,0.6089,0.59362,0.6089,86261270.9,1776070199999,51818936.98306400,2312,86159030.8,51757128.11401900,0
1776070200000,0.6089,0.61731,0.60867,0.61731,41175391.7,1776070499999,25188329.33157400,1547,41142685.4,25168219.12386800,0
1776070500000,0.61734,0.63387,0.61734,0.62689,78685850.5,1776070799999,49229843.13012900,2042,63480456.3,39674341.40373100,0
1776070800000,0.62714,0.63799,0.62652,0.63618,33696074.9,1776071099999,21351400.88450200,1336,33664938.0,21331644.33994600,0
1776071100000,0.63612,0.63756,0.62616,0.63132,49300371.9,1776071399999,31121778.38385800,1564,7305158.1,4586401.36742200,0
1776071400000,0.63149,0.65181,0.63149,0.64741,58584908.6,1776071699999,37602455.14683600,1890,55001928.7,35288870.28677800,0
1776071700000,0.64741,0.65181,0.6297,0.6299,50616470.2,1776071999999,32218076.12167700,1711,13260.5,8554.55396900,0
1776072000000,0.6299,0.63898,0.6297,0.63354,22079541.4,1776072299999,14024598.81624000,1520,10875417.8,6918425.06130200,0
1776072300000,0.63381,0.63531,0.60684,0.61891,105365066.0,1776072599999,65222925.25608000,1885,22956512.6,14095235.41686800,0
1776072600000,0.61891,0.63729,0.61783,0.6285,81790597.4,1776072899999,51245008.69625700,2003,75670207.9,47409250.07360300,0
1776072900000,0.6284,0.6284,0.60546,0.61215,77735698.5,1776073199999,47841468.16850800,1713,44808769.2,27481076.24859300,0
1776073200000,0.61215,0.61215,0.59403,0.5963,59249651.0,1776073499999,35682441.12029600,1614,3898579.3,2341239.53691700,0
1776073500000,0.5963,0.61188,0.5953,0.60583,88343095.0,1776073799999,53273089.39569900,1930,72198236.1,43527826.25431800,0
1776073800000,0.60583,0.61521,0.60347,0.60814,57379758.9,1776074099999,34966674.80487100,1487,39814746.0,24252381.49994100,0
1776074100000,0.60814,0.61067,0.60349,0.60916,39245169.5,1776074399999,23885517.52600400,1652,24017306.9,14637645.54187500,0
1776074400000,0.60916,0.61721,0.60916,0.61266,42926358.8,1776074699999,26341605.86367300,1478,39910305.7,24495088.67881400,0
1776074700000,0.61266,0.62181,0.61264,0.61447,53446058.7,1776074999999,33019423.91039600,1773,29185717.2,18051902.88260100,0
1776075000000,0.61447,0.61829,0.60831,0.61829,51811389.8,1776075299999,31777297.50207600,1796,23860897.9,14685057.25885700,0
1776075300000,0.61829,0.62178,0.60799,0.60806,41916197.4,1776075599999,25816105.87646400,1691,12162855.5,7543122.53925500,0
1776075600000,0.60846,0.60981,0.59587,0.60301,40275131.3,1776075899999,24276931.34675500,1327,8641433.5,5193855.77258600,0
1776075900000,0.60301,0.61192,0.60301,0.60677,51082161.9,1776076199999,31020008.05448100,1599,40871857.0,24807140.77376300,0
1776076200000,0.60677,0.61177,0.6067,0.60715,12167560.0,1776076499999,7424716.21357900,1254,12166252.2,7423919.20691600,0
1776076500000,0.60715,0.6121,0.60703,0.61155,3436607.2,1776076799999,2102116.81656300,900,3162498.2,1934972.13989600,0
1776076800000,0.61155,0.61261,0.60496,0.60496,21453570.1,1776077099999,13050499.10205200,1532,4203494.6,2574084.33258500,0
1776077100000,0.60496,0.60527,0.59621,0.59621,38995214.8,1776077399999,23413106.10470200,1571,5216.5,3132.01479200,0
1776077400000,0.59621,0.59621,0.57877,0.58359,100745098.9,1776077699999,59100343.78771400,2022,6408399.5,3738373.01504900,0
1776077700000,0.58359,0.58811,0.58062,0.58062,20237293.4,1776077999999,11809155.02410500,1185,5936893.7,3477515.74553400,0
1776078000000,0.58062,0.58233,0.57866,0.57959,8278736.5,1776078299999,4810444.21231900,865,5388554.5,3134225.17711300,0
1776078300000,0.57959,0.58392,0.57331,0.57464,74496352.6,1776078599999,43009354.53300500,1982,33510024.3,19364877.23364900,0
1776078600000,0.57455,0.58857,0.57455,0.5876,45901286.5,1776078899999,26833522.82895500,1880,45898048.6,26831641.21396100,0
1776078900000,0.5876,0.58932,0.58604,0.58716,3274304.5,1776079199999,1928615.33531200,797,3268957.0,1925473.46496100,0
1776079200000,0.58716,0.58937,0.5829,0.5829,35065579.5,1776079499999,20566623.87702800,1612,19235613.9,11309473.92514200,0
1776079500000,0.5829,0.5895,0.57892,0.58695,39236033.3,1776079799999,22959055.57915700,1484,22886136.7,13392631.79305000,0
1776079800000,0.58745,0.5924,0.58489,0.58898,40233732.1,1776080099999,23688539.02680100,1602,33431286.1,19705158.03852500,0
1776080100000,0.58898,0.5946,0.58845,0.59355,21173737.3,1776080399999,12561628.43543700,936,21167439.1,12557905.72989900,0
1776080400000,0.59337,0.59531,0.59158,0.59531,15316.9,1776080699999,9094.00731300,644,8754.3,5205.71587500,0
1776080700000,0.59531,0.60023,0.59271,0.59406,46221216.4,1776080999999,27557549.01509200,1447,29877026.1,17831407.55622800,0
1776081000000,0.59406,0.59602,0.59317,0.595,21026.7,1776081299999,12480.69291100,645,203.7,121.32319900,0
1776081300000,0.595,0.5961,0.57626,0.57707,52721670.9,1776081599999,30773446.74346100,1684,991108.1,587118.21607800,0
1776081600000,0.57743,0.57833,0.57145,0.5719,24311395.0,1776081899999,13965475.18167000,988,393868.5,226619.95461000,0
1776081900000,0.57216,0.57835,0.57119,0.57444,13193846.6,1776082199999,7566761.94819000,1118,4866860.6,2802175.99089200,0
1776082200000,0.57436,0.57436,0.57067,0.5713,1575289.9,1776082499999,901090.62506100,856,142790.8,81584.53294000,0
1776082500000,0.5713,0.57637,0.57039,0.57637,21823276.9,1776082799999,12548631.57680800,1027,21536819.8,12383618.24744600,0
1776082800000,0.57637,0.57707,0.57205,0.57707,7192452.5,1776083099999,4139032.35783800,963,4671687.5,2692764.74480000,0
1776083100000,0.57707,0.57922,0.57548,0.57614,11771858.7,1776083399999,6799266.83922500,1241,10078568.8,5822424.00826800,0
1776083400000,0.57614,0.58124,0.57614,0.58034,11954147.2,1776083699999,6937879.01068500,1099,11022023.2,6396691.85901600,0
1776083700000,0.58034,0.58226,0.57869,0.58071,7592505.1,1776083999999,4413492.86349500,1099,6294970.4,3661822.53819400,0
1776084000000,0.58071,0.58255,0.579,0.58252,1997347.7,1776084299999,1162804.54786900,901,1992660.9,1160084.20046500,0
1776084300000,0.58252,0.58432,0.58102,0.5821,4467205.0,1776084599999,2606555.13489800,832,4338152.8,2531544.87619700,0
1776084600000,0.5821,0.58773,0.58102,0.586,18257132.7,1776084899999,10699314.12389000,1160,18250946.8,10695687.55211500,0
1776084900000,0.586,0.58792,0.57714,0.57746,20242079.8,1776085199999,11788789.46406200,1109,20007.3,11722.46682000,0
1776085200000,0.57714,0.5935,0.57714,0.5935,51628191.7,1776085499999,30222655.96122400,1841,51622537.4,30219352.68382500,0
1776085500000,0.5935,0.60176,0.59333,0.59996,46436199.7,1776085799999,27716969.38081800,1434,46417600.5,27705844.38578300,0
1776085800000,0.59996,0.60176,0.59164,0.59228,22055995.5,1776086099999,13144626.91074300,1219,2207410.5,1313768.72632800,0
1776086100000,0.59169,0.59236,0.58663,0.59162,34767763.2,1776086399999,20502680.11556200,1316,9309316.8,5501286.52896200,0
1776086400000,0.59162,0.59163,0.58644,0.58806,1836441.7,1776086699999,1082318.02701500,846,800555.6,473592.28657900,0
1776086700000,0.58806,0.59167,0.58453,0.59128,35974379.0,1776086999999,21190157.56048800,1567,27268840.1,16090956.27229900,0
1776087000000,0.59128,0.59997,0.59118,0.59997,59388695.6,1776087299999,35381861.80634000,1392,59215935.9,35279693.41224800,0
1776087300000,0.59997,0.60123,0.59847,0.60102,328968.4,1776087599999,197362.96703500,627,315603.8,189357.51153100,0
1776087600000,0.60102,0.60126,0.58669,0.58713,46057110.6,1776087899999,27271641.76272000,1240,44228.0,26018.93608700,0
1776087900000,0.58713,0.59141,0.58669,0.58799,9489990.0,1776088199999,5601211.44969200,906,9259973.8,5465995.76605100,0
1776088200000,0.58799,0.59268,0.58595,0.58595,19632829.5,1776088499999,11610283.54422700,1044,16438599.4,9734134.08318900,0
1776088500000,0.58595,0.58595,0.57794,0.58098,41033360.1,1776088799999,23905653.77927900,1410,24848.2,14410.51552600,0
1776088800000,0.58054,0.58397,0.57789,0.58138,12363563.8,1776089099999,7196032.27409300,889,12266753.3,7139717.99681600,0
1776089100000,0.58138,0.58397,0.57518,0.57874,13618991.4,1776089399999,7885732.78047300,1057,396377.9,229032.02250300,0
1776089400000,0.57874,0.57979,0.57557,0.57568,6512299.4,1776089699999,3771687.08918400,972,6499103.6,3764072.99341700,0
1776089700000,0.57568,0.57774,0.57355,0.5765,19442277.9,1776089999999,11191825.67448000,1120,8906100.8,5140091.86582100,0
1776090000000,0.57625,0.57774,0.57172,0.57301,17191566.2,1776090299999,9844603.94924500,965,7635.2,4398.60534300,0
1776090300000,0.57301,0.57731,0.57301,0.57609,6382948.6,1776090599999,3678507.22079700,1063,6380334.7,3677002.24811500,0
1776090600000,0.57609,0.57774,0.57508,0.57774,995702.5,1776090899999,574946.96992500,692,983104.9,567684.18342300,0
1776090900000,0.57774,0.58575,0.57774,0.58445,50122700.2,1776091199999,29127231.77083300,1182,50083489.9,29104369.96456300,0
1776091200000,0.585,0.58658,0.57994,0.5809,18365830.2,1776091499999,10684015.55053400,1073,2757982.2,1615905.72392000,0
1776091500000,0.5809,0.58935,0.57994,0.58935,18910291.0,1776091799999,11080297.04165000,1397,18814144.4,11024283.41234400,0
1776091800000,0.58935,0.59061,0.58481,0.58534,20726435.2,1776092099999,12156850.42349900,1338,2887600.7,1702282.85333200,0
1776092100000,0.58481,0.58541,0.58351,0.58351,2312881.3,1776092399999,1352123.43781200,780,104045.5,60900.27787200,0
1776092400000,0.58351,0.59065,0.58278,0.59065,11933232.8,1776092699999,6997362.74243900,909,11924660.1,6992344.30732700,0
1776092700000,0.59052,0.59377,0.58772,0.58908,34942836.1,1776092999999,20651539.27770300,1445,23753913.2,14062138.32848600,0
1776093000000,0.58908,0.59789,0.58787,0.58868,28103720.6,1776093299999,16695747.16254700,1240,16296991.5,9685790.54868100,0
1776093300000,0.58868,0.58868,0.58497,0.58723,16997589.1,1776093599999,9970952.93840300,1249,38273.2,22494.61618900,0
1776093600000,0.58723,0.58821,0.58437,0.58821,12279.7,1776093899999,7209.61456900,745,8178.5,4809.08854800,0
1776093900000,0.58838,0.58839,0.58352,0.58692,7499821.2,1776094199999,4379463.44995500,959,455520.1,266028.53232700,0
1776094200000,0.58695,0.59127,0.58695,0.5881,18048128.4,1776094499999,10611843.62480900,962,18009116.6,10588863.81205800,0
1776094500000,0.58812,0.59831,0.58711,0.59831,33358488.1,1776094799999,19815422.55012300,1266,33331494.7,19799330.45910900,0
1776094800000,0.59832,0.59834,0.59239,0.59324,10466228.3,1776095099999,6213319.16006600,956,683.9,405.76200400,0
1776095100000,0.593,0.59843,0.59239,0.59792,7374787.0,1776095399999,4405649.96387100,920,7304990.6,4364293.32864900,0
1776095400000,0.59796,0.59846,0.5867,0.5867,34300754.4,1776095699999,20229048.99897600,1168,424018.3,253516.56052200,0
1776095700000,0.5867,0.59198,0.5867,0.59022,15655382.1,1776095999999,9243857.73322900,850,15606195.3,9214984.30316200,0
1776096000000,0.59022,0.59483,0.59022,0.59483,7755228.2,1776096299999,4603625.34080400,883,7711430.1,4577620.06350700,0
1776096300000,0.59468,0.60268,0.59365,0.60268,37833814.7,1776096599999,22680761.00456200,1627,37602723.7,22541977.49523000,0
1776096600000,0.60268,0.60288,0.60085,0.60288,6392.3,1776096899999,3848.82408200,664,2021.2,1218.44174100,0
1776096900000,0.60288,0.60706,0.60085,0.60706,12090899.3,1776097199999,7314804.85930200,962,11939999.1,7223295.34781100,0
1776097200000,0.60706,0.60748,0.59532,0.59607,20336265.6,1776097499999,12240850.41003500,1321,1231353.5,747582.05424300,0
1776097500000,0.59607,0.59622,0.58557,0.58784,73912968.4,1776097799999,43635492.49751200,2120,9691246.9,5728525.02217100,0
1776097800000,0.58784,0.58964,0.58353,0.58725,21665045.5,1776098099999,12678205.11720600,1387,3921188.7,2301286.32288800,0
1776098100000,0.58725,0.58897,0.58058,0.58819,37940151.4,1776098399999,22185880.91386800,1486,21674259.0,12721131.62364000,0
1776098400000,0.58819,0.59142,0.5855,0.59142,9668446.2,1776098699999,5706578.85957100,1079,9654709.1,5698498.01930100,0
1776098700000,0.59142,0.59253,0.58951,0.58951,4241496.2,1776098999999,2510830.97514000,893,4235253.8,2507144.59351800,0
1776099000000,0.58951,0.59253,0.58129,0.58229,41436269.4,1776099299999,24235452.20859200,1803,82125.6,48160.57416700,0
1776099300000,0.58234,0.58398,0.58113,0.58339,910932.9,1776099599999,529513.03213300,746,21219.1,12371.91430200,0
1776099600000,0.58339,0.58357,0.58013,0.58029,3019234.4,1776099899999,1752382.70218600,702,1254.0,729.35492400,0
1776099900000,0.58048,0.58123,0.57571,0.57776,12646963.3,1776100199999,7319650.65002000,941,33270.8,19184.81265100,0
1776100200000,0.57776,0.58067,0.57472,0.57511,23357766.1,1776100499999,13517680.02622200,1092,21729755.5,12581176.07411500,0
1776100500000,0.57511,0.58068,0.57457,0.57708,5065309.5,1776100799999,2915351.67470400,871,2855697.3,1645628.85906200,0
1776100800000,0.57708,0.57886,0.56703,0.56888,34960826.5,1776101099999,20031083.12817400,1306,4926.7,2800.97922900,0
1776101100000,0.56888,0.56962,0.56797,0.56962,955749.3,1776101399999,543606.61400200,809,132035.4,75170.19984200,0
1776101400000,0.56963,0.5761,0.56785,0.5761,30495174.1,1776101699999,17462805.09968100,1918,30481020.3,17454707.07133200,0
1776101700000,0.5761,0.57995,0.57597,0.57995,11569501.7,1776101999999,6679119.69242100,1045,11564742.3,6676371.49756600,0
1776102000000,0.57995,0.58174,0.57788,0.58169,13143418.8,1776102299999,7632164.90799000,1143,13138861.1,7629524.95717600,0
1776102300000,0.58155,0.58159,0.57762,0.57967,7675485.2,1776102599999,4437322.09799300,955,2726.2,1579.16119200,0
1776102600000,0.57967,0.57987,0.57617,0.57617,5135686.3,1776102899999,2964912.89185700,1028,139899.7,80769.08198600,0
1776102900000,0.57617,0.5832,0.5757,0.5832,29996081.7,1776103199999,17410424.65758300,1698,29994263.2,17409374.68098000,0
1776103200000,0.5832,0.58771,0.58227,0.5824,35451494.4,1776103499999,20728867.81382500,1332,26827633.7,15698856.22566900,0
1776103500000,0.5824,0.58279,0.57826,0.58005,20643554.7,1776103799999,11976628.92063300,1510,7895.0,4572.51573800,0
1776103800000,0.58005,0.58452,0.57789,0.58452,17459942.5,1776104099999,10173346.87776300,1112,17455134.9,10170562.00318000,0
1776104100000,0.58452,0.58464,0.57218,0.57384,37208521.6,1776104399999,21448845.39383900,1486,616232.3,360169.00681500,0
1776104400000,0.57384,0.57801,0.57218,0.57801,17198263.1,1776104699999,9919838.52791500,990,17186016.0,9912824.55571500,0
1776104700000,0.57801,0.57978,0.57799,0.57978,577276.2,1776104999999,333713.37469900,643,564069.8,326078.58313600,0
1776105000000,0.57978,0.5818,0.57872,0.58045,4827416.9,1776105299999,2805749.61429300,919,4824648.7,2804143.94351800,0
1776105300000,0.58037,0.58037,0.57657,0.57691,12210896.2,1776105599999,7052995.21278400,941,1141.2,658.59149300,0
1776105600000,0.57691,0.57691,0.56791,0.56791,46849144.1,1776105899999,26799314.01124800,1889,422.7,241.95813500,0
1776105900000,0.56793,0.56793,0.54526,0.55331,45585017.8,1776106199999,25538352.15495700,1544,6693715.4,3682290.59440700,0
1776106200000,0.55331,0.55456,0.55199,0.55296,570188.4,1776106499999,315788.69689500,603,263178.1,145847.09724700,0
1776106500000,0.55286,0.55519,0.5505,0.5505,12819041.1,1776106799999,7064452.71304400,777,943.8,522.61440600,0
1776106800000,0.5505,0.55124,0.54998,0.54998,7698189.2,1776107099999,4237376.46982000,693,1580485.9,870779.05948100,0
1776107100000,0.54998,0.55642,0.54954,0.55485,44656049.4,1776107399999,24756573.90320700,1186,44653183.6,24754987.64718400,0
1776107400000,0.55485,0.55642,0.55404,0.55404,4125.1,1776107699999,2291.36750900,359,989.0,550.29938000,0
1776107700000,0.55404,0.5566,0.5503,0.55635,20680678.5,1776107999999,11426042.17558000,1216,2962884.5,1642602.69974300,0
1776108000000,0.55629,0.56433,0.55551,0.56357,32397785.7,1776108299999,18148158.64416300,1252,32391007.2,18144369.48730400,0
1776108300000,0.56338,0.56467,0.5621,0.56285,3705022.7,1776108599999,2091131.81003000,740,3698458.8,2087432.25009800,0
1776108600000,0.56285,0.56468,0.55845,0.55945,17676756.3,1776108899999,9890053.48440300,1016,3091.3,1740.89487500,0
1776108900000,0.55945,0.56162,0.55813,0.55855,1283237.3,1776109199999,716456.74825400,770,4697.4,2628.83735100,0
1776109200000,0.55855,0.5637,0.55772,0.5637,23023622.4,1776109499999,12931962.27510500,1027,23020174.6,12930036.12573800,0
1776109500000,0.5637,0.56967,0.56226,0.56967,42509277.5,1776109799999,24112159.29850900,1086,42505913.2,24110258.66945800,0
1776109800000,0.56967,0.5721,0.56956,0.5721,14201159.7,1776110099999,8104189.72976700,1003,14197796.4,8102272.74999400,0
1776110100000,0.5721,0.57405,0.57088,0.57405,2422093.7,1776110399999,1386199.61851900,562,2398174.6,1372517.97794000,0
1776110400000,0.57356,0.57877,0.57114,0.57479,23218656.1,1776110699999,13378193.06706100,896,22765930.1,13117933.15239800,0
1776110700000,0.57479,0.57479,0.57048,0.57233,8095588.7,1776110999999,4639284.82487800,752,1187093.6,679660.45814800,0
1776111000000,0.57233,0.57301,0.56943,0.5703,953236.8,1776111299999,543420.36055600,542,1708.2,978.49870700,0
1776111300000,0.57028,0.57303,0.57007,0.57019,211427.3,1776111599999,121149.64231200,356,208857.6,119680.73061300,0
1776111600000,0.5701,0.57021,0.56738,0.56896,11992714.0,1776111899999,6813578.08796600,955,2078.3,1181.33359000,0
1776111900000,0.56897,0.57021,0.5678,0.57021,87761.3,1776112199999,49942.13116600,742,76645.4,43625.70225200,0
1776112200000,0.57021,0.59644,0.57021,0.58297,48968586.4,1776112499999,28583581.01129400,1309,26888862.4,15636039.79709300,0
1776112500000,0.58297,0.58812,0.58161,0.58812,23110658.9,1776112799999,13526213.76495600,995,15695794.2,9176084.70664000,0
1776112800000,0.58812,0.5891,0.58249,0.58249,15331358.5,1776113099999,8972444.00198300,1157,1499491.1,882361.34742400,0
1776113100000,0.58249,0.59079,0.58249,0.58876,49705712.2,1776113399999,29225592.92698700,1306,49648117.2,29191997.37147400,0
1776113400000,0.58876,0.58876,0.58075,0.58221,15217845.2,1776113699999,8901055.90987000,1323,3262.7,1899.03945200,0
1776113700000,0.58221,0.5857,0.5807,0.5835,13033963.9,1776113999999,7619213.40031900,987,12594788.6,7362975.91951100,0
1776114000000,0.5835,0.58622,0.58303,0.58435,5307255.4,1776114299999,3106838.26262700,897,5302430.1,3104015.68755800,0
1776114300000,0.58435,0.58674,0.58434,0.58669,4043788.6,1776114599999,2371595.45197800,875,4038870.9,2368714.91960200,0
1776114600000,0.58674,0.58867,0.58562,0.58867,3495992.2,1776114899999,2052662.91308100,858,3479428.0,2042946.67038900,0
1776114900000,0.58867,0.5939,0.58833,0.59345,22676438.4,1776115199999,13403188.65761000,1100,22670743.1,13399813.78343700,0
1776115200000,0.59345,0.59525,0.59169,0.5935,6909.3,1776115499999,4105.59378200,716,4269.9,2537.59033900,0
1776115500000,0.5935,0.59778,0.59349,0.59696,24195400.8,1776115799999,14433927.33395800,1297,23389801.3,13954782.86587500,0
1776115800000,0.59696,0.59739,0.59374,0.59702,2506924.5,1776116099999,1492924.59826200,834,1259738.4,752165.76940800,0
1776116100000,0.59702,0.59864,0.59493,0.5952,11063783.8,1776116399999,6617466.48492400,1053,10957611.1,6554091.37517400,0
1776116400000,0.5952,0.60065,0.5952,0.60065,22018260.3,1776116699999,13201966.92711700,1139,22015220.2,13200147.37625000,0
1776116700000,0.60065,0.60146,0.59805,0.5998,7626257.1,1776116999999,4583465.34151700,982,7614313.0,4576292.26793800,0
1776117000000,0.60106,0.60106,0.59415,0.59515,100051449.6,1776117299999,59858717.07635800,1969,27038509.1,16108246.09191300,0
1776117300000,0.59519,0.60106,0.5932,0.59455,123123819.7,1776117599999,73314236.43841600,2196,86667128.9,51530943.83457000,0
1776117600000,0.59458,0.60106,0.58994,0.60087,144879478.4,1776117899999,86142440.16754200,2098,74777139.9,44288820.38886600,0
1776117900000,0.60087,0.60106,0.59268,0.59682,33102055.2,1776118199999,19734260.26516200,906,24850661.0,14783430.65298100,0
1776118200000,0.59682,0.59761,0.59525,0.59651,13534516.3,1776118499999,8065412.58694300,1039,2616.0,1559.24732800,0
1776118500000,0.59651,0.59652,0.59366,0.59366,11469715.6,1776118799999,6818596.56693800,1313,419505.5,249539.51161100,0
1776118800000,0.59366,0.59366,0.58921,0.58921,27329001.7,1776119099999,16171344.12688300,1615,838007.7,495356.59034000,0
1776119100000,0.58921,0.59147,0.58903,0.59147,961993.7,1776119399999,566832.29760600,707,315206.2,185767.62929700,0
1776119400000,0.59149,0.59171,0.58743,0.58751,5757.2,1776119699999,3393.23416900,686,732.3,433.21830600,0
1776119700000,0.58751,0.59067,0.58504,0.59067,24872162.1,1776119999999,14618213.01600000,1183,10809507.8,6370363.44747300,0
1776120000000,0.59067,0.5909,0.58547,0.58558,8390028.6,1776120299999,4922798.61714400,915,902644.8,533271.63024900,0
1776120300000,0.58547,0.58657,0.58347,0.58552,12245675.9,1776120599999,7161416.84673500,1142,37855.4,22202.09464500,0
1776120600000,0.58552,0.58834,0.58502,0.58798,5099130.5,1776120899999,2995160.29726500,722,5095795.8,2993204.80482300,0
1776120900000,0.58798,0.58852,0.58663,0.58738,586663.3,1776121199999,345220.13557700,535,582558.0,342808.67673400,0
1776121200000,0.58738,0.59008,0.58621,0.58621,15677414.2,1776121499999,9233127.04080700,832,15673496.7,9230823.85553800,0
1776121500000,0.58621,0.58749,0.58427,0.58438,10297594.9,1776121799999,6023406.25267400,873,968.4,566.13264300,0
1776121800000,0.58438,0.5911,0.58438,0.58714,13262644.2,1776122099999,7807800.48280000,947,13259847.9,7806152.92301300,0
1776122100000,0.58698,0.59112,0.58648,0.58827,51429.2,1776122399999,30386.70888200,612,46602.9,27547.44058400,0
1776122400000,0.58827,0.58906,0.58677,0.58691,9084.0,1776122699999,5335.02815700,562,0,0,0
1776122700000,0.58709,0.59112,0.5867,0.58712,4704.9,1776122999999,2765.74811200,588,226.0,133.37909000,0
1776123000000,0.58739,0.58852,0.58617,0.58687,41372.3,1776123299999,24275.03556800,639,0,0,0
1776123300000,0.58687,0.58729,0.58373,0.58385,10663986.5,1776123599999,6244247.59417300,927,1520.9,890.14260800,0
1776123600000,0.58373,0.58577,0.58148,0.58214,4596293.3,1776123899999,2676825.78577400,842,829.7,486.01336900,0
1776123900000,0.58214,0.58474,0.58147,0.58352,7310.7,1776124199999,4260.29395400,632,0,0,0
1776124200000,0.58352,0.58577,0.58245,0.58366,5912.2,1776124499999,3449.81932700,678,668.8,390.98850000,0
1776124500000,0.58366,0.58469,0.58195,0.58417,5660.4,1776124799999,3301.57322800,682,334.9,195.74584300,0
1776124800000,0.58426,0.5859,0.58147,0.58507,486795.8,1776125099999,285185.28180000,670,481759.5,282239.71996800,0
1776125100000,0.58507,0.58509,0.57912,0.57912,19339747.4,1776125399999,11230846.80245800,1312,45.9,26.65275300,0
1776125400000,0.57912,0.57939,0.57638,0.57904,14104209.2,1776125699999,8148808.46504400,1249,1713.0,989.99128100,0
1776125700000,0.57904,0.58323,0.57904,0.58168,18665355.3,1776125999999,10846413.65760400,1012,18652407.6,10838876.50919200,0
1776126000000,0.58168,0.58219,0.58023,0.58151,5415.8,1776126299999,3147.41064300,666,232.2,135.08243600,0
1776126300000,0.58151,0.58325,0.58151,0.58257,104941.2,1776126599999,61201.11606700,696,99199.1,57857.78294100,0
1776126600000,0.58257,0.58676,0.58257,0.58346,21824225.4,1776126899999,12764985.82534300,1277,21766166.3,12731073.29481600,0
1776126900000,0.58346,0.58558,0.58148,0.58476,8188462.8,1776127199999,4764955.24898900,958,2462.7,1436.30594100,0
1776127200000,0.58476,0.58637,0.58321,0.58321,644311.6,1776127499999,377639.71585100,829,639883.2,375051.13823700,0
1776127500000,0.58321,0.58676,0.58321,0.58627,730891.3,1776127799999,428741.00154300,728,726039.1,425899.50635300,0
1776127800000,0.58627,0.58861,0.58627,0.58744,4675899.7,1776128099999,2747071.58171300,984,4672503.4,2745076.58797100,0
1776128100000,0.58744,0.58878,0.58656,0.58806,5872.7,1776128399999,3450.67701200,667,674.0,396.75525500,0
1776128400000,0.58808,0.5922,0.58808,0.59158,30663238.1,1776128699999,18100689.81591900,1284,30651611.5,18093810.12524900,0
1776128700000,0.59158,0.59355,0.59107,0.59293,5708414.8,1776128999999,3383150.98639900,916,5703608.1,3380304.76007600,0
1776129000000,0.59293,0.59362,0.59107,0.59213,61061.6,1776129299999,36220.42935400,685,45203.7,26833.81791600,0
1776129300000,0.5925,0.59428,0.59228,0.59428,6529653.4,1776129599999,3878659.91969500,890,6524509.6,3875609.81495300,0
1776129600000,0.59428,0.59634,0.59307,0.59347,3814203.6,1776129899999,2268286.81729700,849,3798611.3,2259025.87482900,0
1776129900000,0.59347,0.59619,0.59196,0.59619,2136896.3,1776130199999,1265399.23426700,832,2449.9,1456.29437400,0
1776130200000,0.59623,0.60015,0.59623,0.59926,24672785.0,1776130499999,14747817.67974800,1285,24668666.4,14745352.23356300,0
1776130500000,0.59926,0.60031,0.59724,0.60031,4933.5,1776130799999,2955.99038800,579,974.1,584.53969000,0
1776130800000,0.60031,0.60286,0.60031,0.60286,24230352.3,1776131099999,14579802.76428100,1409,24225632.0,14576964.02728100,0
1776131100000,0.60286,0.60789,0.60286,0.60773,12482530.3,1776131399999,7561389.96404300,1463,12420894.9,7523964.08356600,0
1776131400000,0.60789,0.61202,0.60789,0.61167,5930512.9,1776131699999,3625894.71679900,1094,5929320.4,3625166.40191200,0
1776131700000,0.61167,0.61229,0.60886,0.61143,74290.8,1776131999999,45467.46533400,745,65370.5,40019.10531700,0
1776132000000,0.61097,0.61807,0.60878,0.61807,21751424.9,1776132299999,13352917.32314000,1345,21749255.5,13351588.07165500,0
1776132300000,0.61807,0.62897,0.61807,0.62897,49723085.7,1776132599999,30985975.72194900,2126,49665690.8,30950091.32376800,0
1776132600000,0.62897,0.6318,0.62876,0.63,17792988.6,1776132899999,11212810.32013600,1048,16844900.4,10615267.84140400,0
1776132900000,0.63,0.63939,0.62936,0.63939,42893106.2,1776133199999,27236453.63583000,1475,42889609.1,27234234.07260600,0
1776133200000,0.63939,0.6436,0.63392,0.63666,39469421.6,1776133499999,25208169.75683800,1339,16267497.0,10420963.62977400,0
1776133500000,0.63646,0.64274,0.63285,0.64274,40069084.0,1776133799999,25579324.74195300,1561,19673415.5,12571750.96769600,0
1776133800000,0.64274,0.66989,0.64274,0.66989,100065057.4,1776134099999,65496359.55701900,2302,100028628.1,65472600.77531500,0
1776134100000,0.66989,0.68438,0.66989,0.67966,53532069.8,1776134399999,36248395.22671100,1704,41730328.2,28211694.36312300,0
1776134400000,0.67966,0.77,0.67848,0.7087,60185949.8,1776134699999,41697128.92903100,2085,51878261.1,36002364.33021700,0
1776134700000,0.70864,0.74044,0.70864,0.73334,80164075.8,1776134999999,57987380.72374000,2071,67011783.4,48383673.00303700,0
1776135000000,0.73334,0.73334,0.69726,0.70128,93025974.3,1776135299999,66132812.19381300,2065,19689676.2,13864214.29252100,0
1776135300000,0.7016,0.72346,0.70122,0.72165,51658346.0,1776135599999,36731580.69844500,1561,48537033.1,34524127.10126200,0
1776135600000,0.72038,0.72346,0.69363,0.70878,72702976.7,1776135899999,51290598.51565800,2106,17134164.0,12083011.29687400,0
1776135900000,0.70878,0.73196,0.70686,0.73099,53429409.8,1776136199999,38506207.24491400,1382,53408908.1,38491639.63230600,0
1776136200000,0.73068,0.73198,0.69484,0.69696,86159267.4,1776136499999,60989739.97316200,1941,10131318.6,7141485.49277300,0
1776136500000,0.69696,0.70134,0.69224,0.69552,13283504.8,1776136799999,9228193.36419100,1159,2862323.1,1998432.27817900,0
1776136800000,0.69552,0.70254,0.69,0.70254,40144550.5,1776137099999,27975602.79027400,1707,26399734.8,18473874.90741000,0
1776137100000,0.70254,0.71263,0.70254,0.7123,48941386.5,1776137399999,34618983.23852500,1366,48927618.5,34609228.10290700,0
1776137400000,0.71263,0.71788,0.7088,0.71732,31252759.8,1776137699999,22330693.27622200,1226,26914908.2,19253605.77356100,0
1776137700000,0.71732,0.7179,0.70515,0.70515,27262763.9,1776137999999,19353107.32602800,1120,1876.8,1326.91270300,0
1776138000000,0.70515,0.70515,0.69382,0.69627,43234597.8,1776138299999,30268795.95761700,1546,1524.3,1066.48370600,0
1776138300000,0.69699,0.69701,0.67686,0.67686,37419129.8,1776138599999,25650552.86464700,1570,92007.7,62848.85446600,0
1776138600000,0.67686,0.67769,0.64671,0.65428,72820194.4,1776138899999,48447283.64098800,1870,2672979.0,1747519.61179200,0
1776138900000,0.65443,0.65663,0.64461,0.64548,22187107.4,1776139199999,14419728.13613400,1277,637445.7,415740.77060000,0
1776139200000,0.64548,0.66718,0.64548,0.66157,67130375.0,1776139499999,44384332.56342600,1849,46932301.7,30977526.92454900,0
1776139500000,0.66164,0.66164,0.63115,0.63115,97354972.7,1776139799999,63007740.32447300,2007,1388369.6,885845.82932800,0
1776139800000,0.63115,0.63453,0.62559,0.63323,47629092.5,1776140099999,29960411.14187100,1755,14978531.1,9438676.54111900,0
1776140100000,0.63299,0.6575,0.62534,0.6575,152118717.1,1776140399999,97646453.85852600,2708,139107004.4,89460502.17532800,0
1776140400000,0.6575,0.67881,0.65538,0.6765,97808216.2,1776140699999,65209572.91355800,2128,87346206.2,58212711.80072200,0
1776140700000,0.67653,0.67989,0.67277,0.67847,18287564.7,1776140999999,12369541.62182800,1261,9613291.3,6525301.99838400,0
1776141000000,0.67847,0.67989,0.6692,0.6692,16391314.3,1776141299999,11033682.08142700,1380,6016425.7,4051938.82642700,0
1776141300000,0.6692,0.68132,0.6692,0.67333,45245318.3,1776141599999,30652959.87214000,1511,38909839.3,26365171.86761200,0
1776141600000,0.67333,0.67462,0.66911,0.67001,7176001.4,1776141899999,4812613.79432800,1249,693631.1,466215.74072600,0
1776141900000,0.67001,0.67001,0.65637,0.65637,60586490.1,1776142199999,40130933.10483300,2042,1381995.0,915785.33739100,0
1776142200000,0.65637,0.65678,0.64765,0.64975,40140399.7,1776142499999,26203195.28705600,1816,2740863.0,1791898.42637200,0
1776142500000,0.64976,0.66422,0.64761,0.65771,67997127.4,1776142799999,44813297.30040200,1384,24189667.4,15840199.02456000,0
1776142800000,0.65736,0.65736,0.64904,0.6492,37405221.6,1776143099999,24412674.80612900,1466,5386030.4,3507757.30028000,0
1776143100000,0.64904,0.65095,0.64226,0.64226,32877208.0,1776143399999,21209152.21944600,1554,5986.6,3896.51454000,0
1776143400000,0.64226,0.64253,0.6319,0.6319,54884511.0,1776143699999,34952276.01187700,1333,19452.4,12419.11191000,0
1776143700000,0.6319,0.64127,0.63042,0.63289,28294413.3,1776143999999,17959822.62546800,1172,18136362.3,11541271.14114800,0
1776144000000,0.63289,0.6462,0.62647,0.64503,57934352.7,1776144299999,36747275.56039700,1857,38187579.0,24329024.08774500,0
1776144300000,0.64503,0.6462,0.63316,0.64237,39374848.3,1776144599999,25151028.09392500,1617,12945341.6,8278280.29837700,0
1776144600000,0.64237,0.64238,0.63167,0.6317,40670038.8,1776144899999,25843091.84167900,1758,6014309.0,3828491.36547900,0
1776144900000,0.63167,0.63721,0.63118,0.63717,12511476.3,1776145199999,7947487.92880000,1108,10995046.8,6990016.62058800,0
1776145200000,0.63721,0.65425,0.63697,0.65253,86840403.8,1776145499999,56077412.35845400,1878,86836789.8,56075059.07699100,0
1776145500000,0.65253,0.65425,0.64705,0.64831,13874708.2,1776145799999,8999364.32294500,1052,2294593.3,1487430.43985300,0
1776145800000,0.64831,0.65653,0.64734,0.65394,50687158.7,1776146099999,33082545.72856000,1598,34419186.3,22471077.99174300,0
1776146100000,0.65394,0.66165,0.65307,0.66085,42336631.3,1776146399999,27856173.27618600,1316,42292971.3,27827550.16288400,0
1776146400000,0.66085,0.66165,0.64426,0.64469,42760286.8,1776146699999,27923357.89095300,1831,1447517.4,949523.04937900,0
1776146700000,0.64469,0.64663,0.64039,0.6432,17038426.6,1776146999999,10947779.53941600,1059,3029.8,1951.32653500,0
1776147000000,0.6432,0.64571,0.63104,0.63104,35897567.7,1776147299999,22826659.90281300,1776,444319.0,286643.79312700,0
1776147300000,0.63104,0.63161,0.61495,0.61581,59309833.6,1776147599999,36951258.49084600,1615,98517.2,62176.44239200,0
1776147600000,0.61582,0.61601,0.613,0.613,12437639.1,1776147899999,7637940.77816400,916,83455.6,51355.80894400,0
1776147900000,0.613,0.61585,0.59558,0.59694,56870610.9,1776148199999,34530143.61344800,1743,6138400.0,3740038.19425200,0
1776148200000,0.59694,0.597,0.59,0.5929,27862759.8,1776148499999,16498160.17228100,1262,260967.3,155422.45037100,0
1776148500000,0.59177,0.5976,0.58529,0.58692,62850260.8,1776148799999,37291622.07022800,1680,29413164.3,17524025.17285100,0
1776148800000,0.58704,0.59887,0.58704,0.59506,52524133.7,1776149099999,31221861.62488900,1675,43872811.0,26076593.14182800,0
1776149100000,0.59506,0.59506,0.58514,0.58514,35825145.5,1776149399999,21110166.84634800,1341,413915.7,243169.71746400,0
1776149400000,0.58514,0.58784,0.58036,0.58102,34138636.0,1776149699999,19928731.88541800,1354,9643914.5,5632046.44371400,0
1776149700000,0.58102,0.5874,0.58065,0.58475,18227786.5,1776149999999,10664665.25535000,1164,15907397.4,9311776.47960200,0
1776150000000,0.58475,0.58572,0.57372,0.57589,39575132.3,1776150299999,22940653.12009900,1599,1747.8,1014.78675800,0
1776150300000,0.57528,0.57562,0.57273,0.57534,1856108.2,1776150599999,1065335.28517500,802,984333.2,565737.93819800,0
1776150600000,0.57534,0.58667,0.57534,0.5804,52513479.8,1776150899999,30495487.49727600,1204,42870593.5,24872072.45287800,0
1776150900000,0.57968,0.58171,0.57509,0.57542,14922158.1,1776151199999,8600794.97329900,899,12499.7,7205.71205500,0
1776151200000,0.57527,0.57576,0.56377,0.56377,27950528.7,1776151499999,15884400.32369800,1271,5011.3,2839.01397200,0
1776151500000,0.56377,0.56496,0.5561,0.5561,33281401.5,1776151799999,18615473.03829600,1583,19657.0,11050.62418700,0
1776151800000,0.5561,0.56209,0.556,0.56209,19263243.9,1776152099999,10782548.19948300,949,18590785.6,10408625.43284400,0
1776152100000,0.56209,0.56269,0.55695,0.55705,14060390.1,1776152399999,7844256.35838400,1132,785516.5,441716.25339300,0
1776152400000,0.55703,0.56875,0.55675,0.56875,44418415.3,1776152699999,25097014.89609400,1753,41928738.8,23710647.67622500,0
1776152700000,0.56875,0.57324,0.5661,0.5661,53972075.5,1776152999999,30785632.63023500,1737,37374650.0,21351786.91882200,0
1776153000000,0.56658,0.57403,0.56071,0.56146,71511023.7,1776153299999,40545153.02616200,2059,19949818.6,11382480.44315700,0
1776153300000,0.56146,0.5849,0.55662,0.58485,130189154.6,1776153599999,74138663.92784400,2396,93620207.8,53668856.03191400,0
1776153600000,0.58443,0.58657,0.5744,0.57466,26486444.4,1776153899999,15485751.34703100,1113,18042782.5,10559912.64464900,0
1776153900000,0.57466,0.57503,0.56752,0.57503,30660834.9,1776154199999,17491192.55015600,1428,2626141.9,1500636.46333700,0
1776154200000,0.57503,0.58435,0.57162,0.57162,29504843.1,1776154499999,17009911.19442200,1107,17245709.2,9940641.28231500,0
1776154500000,0.57162,0.57708,0.57098,0.57165,17740371.9,1776154799999,10186655.95129900,1196,9169319.2,5285561.00642500,0
1776154800000,0.57165,0.58809,0.57165,0.58809,78538399.5,1776155099999,45783379.94556900,2044,77611398.9,45241526.84312500,0
1776155100000,0.58809,0.60619,0.58788,0.60619,99968186.7,1776155399999,59520410.43189900,2437,98236468.6,58488991.64141700,0
1776155400000,0.60619,0.60908,0.59435,0.59495,46623914.9,1776155699999,28003468.77097800,1717,2736093.2,1662399.62273400,0
1776155700000,0.59495,0.60294,0.59435,0.59678,39768180.8,1776155999999,23801694.22168600,1550,16567167.3,9942800.35706300,0
1776156000000,0.59686,0.59757,0.59323,0.59332,6450250.1,1776156299999,3830672.37826100,874,12266.3,7317.34122300,0
1776156300000,0.59335,0.59335,0.581,0.58322,64862560.9,1776156599999,38085339.55205100,1764,2232112.6,1302030.42066900,0
1776156600000,0.58322,0.5837,0.57637,0.57637,21340552.2,1776156899999,12364111.84458000,1406,2700156.4,1573375.10545200,0
1776156900000,0.57637,0.57637,0.57084,0.57084,15269872.9,1776157199999,8766884.16044200,1154,1380171.5,788774.57445600,0
1776157200000,0.57084,0.57084,0.55451,0.56077,94822374.6,1776157499999,53370055.21899000,2016,12182289.0,6822694.83374600,0
1776157500000,0.56077,0.56077,0.54819,0.55217,88367330.8,1776157799999,48818413.48789000,1984,39947015.2,22078798.19336600,0
1776157800000,0.55217,0.55779,0.54817,0.55526,36403998.9,1776158099999,20113634.85958500,1570,19113891.6,10582787.24973900,0
1776158100000,0.55524,0.55524,0.54894,0.55056,17457097.8,1776158399999,9632924.93227800,1459,44318.2,24361.29264200,0
1776158400000,0.55056,0.56382,0.55056,0.56158,53024622.0,1776158699999,29544336.13947800,1264,50020130.2,27861135.22555800,0
1776158700000,0.56158,0.56595,0.55932,0.55933,31451368.4,1776158999999,17725127.82336900,1204,22775417.9,12857173.75794600,0
1776159000000,0.55933,0.56849,0.55853,0.56526,56334478.1,1776159299999,31754003.78631600,1844,49840903.8,28122869.54821000,0
1776159300000,0.56542,0.56849,0.55404,0.55581,36328456.2,1776159599999,20284888.06049200,1323,6440.2,3630.83358700,0
1776159600000,0.55581,0.5588,0.55117,0.55117,34008788.4,1776159899999,18944760.72486100,1427,27267312.1,15209891.77338000,0
1776159900000,0.55117,0.55117,0.54077,0.54077,69782025.1,1776160199999,38055982.85157300,2196,4856.6,2642.06939300,0
1776160200000,0.54077,0.54334,0.53675,0.54236,21399800.4,1776160499999,11573386.62435900,1034,13260013.3,7190423.13884900,0
1776160500000,0.54236,0.54335,0.54063,0.54066,6035.9,1776160799999,3266.42192200,686,252.1,136.72142200,0
1776160800000,0.54066,0.54335,0.53697,0.54119,24611905.6,1776161099999,13272150.51508800,1147,10637238.3,5747988.01767800,0
1776161100000,0.54119,0.54462,0.53987,0.54462,30773537.4,1776161399999,16715427.80900900,1133,30769438.8,16713209.46133700,0
1776161400000,0.54462,0.54576,0.54156,0.54282,5101348.0,1776161699999,2781505.50908800,874,5072318.6,2765775.45043000,0
1776161700000,0.54267,0.54636,0.53894,0.54382,30844866.0,1776161999999,16699951.01787400,1222,5299154.8,2881136.49474800,0
1776162000000,0.54382,0.54937,0.53909,0.54885,57737893.3,1776162299999,31504205.11647700,1667,47843806.7,26125804.78430700,0
1776162300000,0.54881,0.54881,0.54123,0.54123,18256989.0,1776162599999,9920217.19061200,1016,2246.3,1217.92613100,0
1776162600000,0.5415,0.5415,0.53666,0.5367,30537769.3,1776162899999,16457670.37497500,1415,1347.6,725.00234200,0
1776162900000,0.53672,0.54188,0.53672,0.54188,11489481.2,1776163199999,6208129.31311000,1126,11486089.1,6206298.42287700,0
1776163200000,0.54188,0.5419,0.54014,0.54029,370087.5,1776163499999,200538.13885000,660,364643.1,197594.09528600,0
1776163500000,0.54029,0.54192,0.54029,0.5406,500116.0,1776163799999,271008.86468000,557,495248.1,268376.35714900,0
1776163800000,0.5406,0.54192,0.54029,0.54059,7712.8,1776164099999,4170.76003300,629,1956.2,1059.95626600,0
1776164100000,0.54059,0.54059,0.53319,0.53355,22531773.2,1776164399999,12109289.10780600,1102,623.4,333.61034200,0
1776164400000,0.53355,0.53468,0.53223,0.53223,1498422.3,1776164699999,797986.21623400,786,794.2,423.79366800,0
1776164700000,0.53223,0.53557,0.5322,0.53557,6025.5,1776164999999,3211.81316400,679,2831.5,1510.46608500,0
1776165000000,0.53557,0.53578,0.52874,0.53223,26142467.7,1776165299999,13904238.33253700,1256,13890043.4,7389053.74702800,0
1776165300000,0.53105,0.53305,0.53047,0.53098,1216815.3,1776165599999,647147.00145100,772,784304.3,417404.57512800,0
1776165600000,0.53098,0.5381,0.53095,0.5381,89129159.3,1776165899999,47657405.34912800,1803,71374180.1,38134443.58687600,0
1776165900000,0.5381,0.54145,0.53223,0.54114,82020518.9,1776166199999,44133538.34735000,1803,66415032.3,35744778.41999100,0
1776166200000,0.54114,0.54386,0.54009,0.54248,20413864.3,1776166499999,11066134.18689900,1175,20408680.2,11063325.59454800,0
1776166500000,0.54248,0.54585,0.53995,0.54585,27993888.7,1776166799999,15252792.77032300,1159,27988022.1,15249613.80388100,0
1776166800000,0.54585,0.55059,0.54585,0.55004,42679101.3,1776167099999,23401198.94542300,1366,42676372.6,23399700.80715900,0
1776167100000,0.55001,0.55396,0.54906,0.55396,16236794.6,1776167399999,8976186.62918700,1021,15965924.7,8826563.75194000,0
1776167400000,0.55396,0.55424,0.54818,0.54824,20926420.1,1776167699999,11495493.73889600,988,608813.7,337303.95983800,0
1776167700000,0.54818,0.55575,0.54816,0.55575,22614584.9,1776167999999,12505218.15012700,1217,22434045.2,12406241.16921200,0
1776168000000,0.55575,0.5606,0.55575,0.55855,26490699.2,1776168299999,14787559.59771000,1373,25954618.2,14487595.04411200,0
1776168300000,0.55828,0.56244,0.55825,0.55936,6952264.8,1776168599999,3903908.72103200,933,6947965.4,3901498.99229000,0
1776168600000,0.55936,0.56284,0.55796,0.56272,13527464.1,1776168899999,7576202.73366800,941,5090111.0,2863872.08357300,0
1776168900000,0.56272,0.56564,0.56236,0.56349,16124403.4,1776169199999,9096773.21083100,1167,16121150.4,9094937.74733800,0
1776169200000,0.56349,0.56353,0.56007,0.56338,14448852.6,1776169499999,8106637.44340100,1005,1931.2,1084.48488500,0
1776169500000,0.56338,0.56972,0.5614,0.5614,51796046.1,1776169799999,29326860.92501700,1826,36470331.1,20675253.24321400,0
1776169800000,0.5614,0.5614,0.54939,0.55007,72670018.2,1776170099999,40362762.60779600,2098,1148.8,640.87720400,0
1776170100000,0.55007,0.55518,0.55007,0.55518,6263093.0,1776170399999,3470767.87201500,800,6259764.6,3468925.90574700,0
1776170400000,0.55518,0.55847,0.55062,0.55062,28240027.4,1776170699999,15657506.43422800,1494,11846621.9,6583271.41075900,0
1776170700000,0.55054,0.5507,0.54736,0.54736,13719383.6,1776170999999,7522517.71815200,1059,1573.7,865.02999700,0
1776171000000,0.54736,0.55221,0.54725,0.55196,22127899.3,1776171299999,12179749.31995300,914,21309137.4,11731665.08053700,0
1776171300000,0.55196,0.55451,0.54922,0.55175,14044756.7,1776171599999,7768423.27850800,632,14041753.2,7766766.39775400,0
1776171600000,0.55233,0.56224,0.55165,0.56224,48169468.1,1776171899999,26868148.42672200,1848,48108817.0,26834214.52993300,0
1776171900000,0.56224,0.5754,0.56224,0.57532,100612798.8,1776172199999,57276535.99474800,1740,100608443.7,57274046.52653100,0
1776172200000,0.57532,0.57745,0.57347,0.57638,9677670.8,1776172499999,5580755.81315900,856,9674195.1,5578758.23592100,0
1776172500000,0.57638,0.57937,0.57485,0.57889,11608092.6,1776172799999,6712270.00617200,835,11602192.3,6708861.99711500,0
1776172800000,0.57876,0.58872,0.5774,0.58872,39032218.1,1776173099999,22743488.32959200,1623,38283495.1,22306954.96306800,0
1776173100000,0.58847,0.59946,0.58742,0.59466,90116070.0,1776173399999,53569615.36248800,1737,78895458.9,46889772.50809500,0
1776173400000,0.59466,0.5994,0.59283,0.59724,27543121.8,1776173699999,16404143.08912400,1130,19286831.5,11504765.68283900,0
1776173700000,0.59724,0.59888,0.59271,0.59271,11250342.1,1776173999999,6681075.32480300,852,10138.3,6020.90815300,0
1776174000000,0.59271,0.59281,0.58116,0.58116,45502212.6,1776174299999,26708546.96855000,1716,2907.4,1716.10498100,0
1776174300000,0.58116,0.58335,0.57535,0.58025,50679380.4,1776174599999,29371210.54698900,1497,18676641.4,10865675.23521600,0
1776174600000,0.58025,0.58335,0.57904,0.57969,276012.1,1776174899999,160686.01002700,609,173356.0,101127.19759700,0
1776174900000,0.57969,0.58335,0.5747,0.57571,28666268.5,1776175199999,16549386.03863500,1139,21233.7,12381.79318400,0
1776175200000,0.57571,0.57727,0.57085,0.57421,15789299.7,1776175499999,9052288.04243500,973,286791.2,163849.09820200,0
1776175500000,0.57428,0.57698,0.56814,0.56991,24067084.9,1776175799999,13757856.24499700,1100,6379340.1,3672411.80457000,0
1776175800000,0.56933,0.57004,0.56795,0.568,5250.1,1776176099999,2985.33894900,577,521.4,296.15520000,0
1776176100000,0.568,0.568,0.56763,0.568,383018.4,1776176399999,217470.96084800,442,3441.9,1954.99920000,0
1776176400000,0.568,0.57318,0.5674,0.57013,21214405.5,1776176699999,12115992.33670600,972,19477736.3,11130428.23222900,0
1776176700000,0.56986,0.5742,0.568,0.5742,18852847.1,1776176999999,10782652.99825200,1247,12290351.1,7047965.41590900,0
1776177000000,0.5742,0.57488,0.57073,0.57099,8591040.1,1776177299999,4912127.27556400,765,1617498.5,928949.52304500,0
1776177300000,0.57099,0.57438,0.57042,0.57221,2212662.7,1776177599999,1262569.88067200,648,2796.6,1600.58395800,0
1776177600000,0.57289,0.57547,0.56966,0.57055,24948962.5,1776177899999,14301341.77530100,932,18049699.0,10368000.23289700,0
1776177900000,0.57055,0.57915,0.57025,0.57915,47657671.7,1776178199999,27512979.48728300,1130,47654302.8,27511047.48815100,0
1776178200000,0.57915,0.58019,0.57571,0.58015,20853668.0,1776178499999,12073128.44585000,921,19474502.6,11276687.91793300,0
1776178500000,0.58015,0.58015,0.5654,0.5654,54318615.4,1776178799999,30993273.78652900,2363,1765.5,1010.14548600,0
1776178800000,0.5654,0.56732,0.56417,0.56679,4579857.6,1776179099999,2585644.38797000,776,44439.5,25208.61587100,0
1776179100000,0.56651,0.56732,0.5639,0.56589,241934.2,1776179399999,136479.76730400,569,2973.0,1686.64236000,0
1776179400000,0.56587,0.56732,0.56177,0.56187,15749662.8,1776179699999,8863033.97502000,951,310.3,174.87818400,0
1776179700000,0.56187,0.56993,0.56187,0.56993,8302603.4,1776179999999,4718930.43038000,1135,8300834.7,4717931.86018400,0
1776180000000,0.56993,0.57687,0.56993,0.57649,55015746.0,1776180299999,31556691.89198100,1557,54952404.6,31520222.80514100,0
1776180300000,0.57687,0.57997,0.57687,0.57736,13673293.7,1776180599999,7907282.87911600,1061,13670542.8,7905691.19534600,0
1776180600000,0.57717,0.57909,0.57242,0.57909,31555050.9,1776180899999,18144953.01185600,1376,13024833.6,7503376.32527600,0
1776180900000,0.57912,0.57924,0.57669,0.57864,187163.0,1776181199999,108395.31617700,538,176107.6,102000.29464800,0
1776181200000,0.57874,0.58347,0.57874,0.58343,19512871.7,1776181499999,11340364.49014300,1001,19503748.5,11335069.90875000,0
1776181500000,0.58343,0.5869,0.58343,0.5869,22647760.3,1776181799999,13245421.22955800,1080,22646346.6,13244594.29737800,0
1776181800000,0.5869,0.58747,0.58496,0.58633,1564119.3,1776182099999,918147.17176900,488,1560955.1,916293.11522300,0
1776182100000,0.58635,0.59096,0.58451,0.59096,25798056.6,1776182399999,15151467.62823400,1363,20212329.7,11880990.66079800,0
1776182400000,0.59096,0.59429,0.59043,0.59429,8227623.5,1776182699999,4878079.00924900,838,8226738.3,4877555.73136300,0
1776182700000,0.59413,0.59935,0.58722,0.59763,31741968.5,1776182999999,18747054.68526400,1093,10590015.3,6287147.15281100,0
1776183000000,0.59748,0.60476,0.59203,0.59204,50250745.8,1776183299999,30079388.74428700,1275,20271043.6,12175734.71405000,0
1776183300000,0.59212,0.59615,0.58801,0.58918,25314061.0,1776183599999,14964048.63107500,1299,3261057.2,1934606.59250500,0
1776183600000,0.58918,0.59078,0.58407,0.59078,36241158.0,1776183899999,21279832.01430200,1281,17429228.6,10262380.74188600,0
1776183900000,0.59078,0.60231,0.59032,0.6004,52550021.3,1776184199999,31375839.50075800,1294,52537943.3,31368674.99085900,0
1776184200000,0.6004,0.60335,0.5873,0.58944,28263658.6,1776184499999,16790998.03565300,1398,3174098.0,1914311.10215000,0
1776184500000,0.5892,0.5892,0.57648,0.57656,60338904.3,1776184799999,35109062.65214500,2010,694.2,402.88671300,0
1776184800000,0.57651,0.59096,0.57629,0.59039,75413667.3,1776185099999,44038237.21167100,1848,73370244.9,42859773.76261200,0
1776185100000,0.59039,0.59103,0.57894,0.57894,20654524.8,1776185399999,12059375.75470100,751,759921.0,449100.61221600,0
1776185400000,0.57894,0.58187,0.57473,0.58018,26146699.3,1776185699999,15093493.09186500,815,7522138.7,4340913.63502500,0
1776185700000,0.58011,0.58378,0.57966,0.58266,7469138.7,1776185999999,4351916.00800600,549,7467830.4,4351156.32429500,0
1776186000000,0.58246,0.58246,0.55081,0.55724,62461724.8,1776186299999,35657562.95140400,1473,4880.1,2797.07566100,0
1776186300000,0.55763,0.56562,0.52678,0.52854,150474172.1,1776186599999,81900612.90365100,1917,36337203.0,19861585.87647800,0
1776186600000,0.52854,0.52906,0.51389,0.52024,93371265.3,1776186899999,48734454.59647400,1445,20915462.3,10867745.40688000,0
1776186900000,0.52017,0.52017,0.50231,0.50249,55804014.7,1776187199999,28535513.70251800,1307,7921800.2,4076846.64580700,0
1776187200000,0.50249,0.50249,0.47459,0.47913,143999022.2,1776187499999,70680387.30028800,1890,6020798.7,2892260.21915000,0
1776187500000,0.47913,0.48519,0.47143,0.47741,120657067.9,1776187799999,57741771.95556000,2053,36287038.1,17402493.85408000,0
1776187800000,0.47747,0.5095,0.47741,0.50381,154698391.1,1776188099999,76912407.00771800,1908,130156298.6,64543023.98985400,0
1776188100000,0.50381,0.51609,0.50381,0.51254,104409634.3,1776188399999,53328504.31772900,1547,77556508.1,39635261.43917300,0
1776188400000,0.51289,0.5147,0.50526,0.5075,41828484.8,1776188699999,21321088.15145400,1038,7548629.2,3854484.55472100,0
1776188700000,0.5075,0.52948,0.5075,0.52927,137653665.7,1776188999999,71804395.46594200,2205,137228507.0,71582253.96547200,0
1776189000000,0.52927,0.52948,0.50504,0.50504,98174924.9,1776189299999,50389661.90240700,1395,221.6,115.88065600,0
1776189300000,0.50504,0.51531,0.50502,0.51531,22255835.3,1776189599999,11423711.01147100,1180,20670251.0,10618004.45448000,0
1776189600000,0.51531,0.52127,0.51531,0.51951,61294734.8,1776189899999,31737369.84587500,1697,60141237.9,31140370.95327200,0
1776189900000,0.51976,0.52934,0.519,0.52886,70049267.5,1776190199999,36766733.92321300,1657,69138959.4,36290210.04640100,0
1776190200000,0.52886,0.52934,0.52231,0.52934,21781691.8,1776190499999,11420776.88904900,930,6791033.9,3560286.57454900,0
1776190500000,0.52934,0.53497,0.52657,0.52657,82671350.6,1776190799999,43897868.21964300,2103,59360520.7,31543023.41841000,0
1776190800000,0.52657,0.52835,0.51873,0.52835,56166522.4,1776191099999,29361980.16159600,2005,21115215.4,11064282.31165200,0
1776191100000,0.52818,0.53979,0.52742,0.53711,48699748.9,1776191399999,25975426.60287700,1024,48689950.7,25970217.89095500,0
1776191400000,0.53731,0.53796,0.53276,0.53386,18941292.7,1776191699999,10143878.14320500,1178,1117993.5,597565.63064300,0
1776191700000,0.5338,0.53428,0.53129,0.53129,12945395.2,1776191999999,6886163.65580500,930,2008.0,1071.42044300,0
1776192000000,0.53129,0.53129,0.52129,0.52129,45320027.7,1776192299999,23852234.05622200,1540,762.0,403.58371100,0
1776192300000,0.52129,0.52129,0.51393,0.51932,72311116.6,1776192599999,37435417.57995100,1512,15620542.6,8100968.50940400,0
1776192600000,0.51932,0.51982,0.51433,0.51531,12007374.4,1776192899999,6200556.79125600,835,2465886.2,1281058.57086700,0
1776192900000,0.51531,0.51879,0.51433,0.51656,13973918.1,1776193199999,7240682.97695800,638,13970448.2,7238889.24062200,0
1776193200000,0.51656,0.51879,0.5135,0.5135,10370605.0,1776193499999,5331399.93685200,1021,6752.2,3492.28203800,0
1776193500000,0.5135,0.51431,0.50892,0.50982,25804088.2,1776193799999,13172018.73377400,1227,2970.8,1515.79644400,0
1776193800000,0.50984,0.51163,0.50814,0.51049,741031.6,1776194099999,378668.88954100,755,732873.0,374516.00689100,0
1776194100000,0.51049,0.51173,0.50787,0.50787,5362.1,1776194399999,2734.59349300,560,165.8,84.83885700,0
1776194400000,0.50787,0.51004,0.50462,0.50462,29859461.3,1776194699999,15117563.03441800,1406,6061.6,3079.03507500,0
1776194700000,0.50457,0.5076,0.50433,0.5076,1698871.5,1776194999999,857031.67243900,689,3126.2,1582.18370200,0
1776195000000,0.5076,0.50793,0.50303,0.50389,16683946.2,1776195299999,8403498.09808100,928,1141306.7,574751.26089200,0
1776195300000,0.50389,0.50465,0.5008,0.50442,6270127.3,1776195599999,3149569.73321300,1073,53934.9,27135.05181100,0
1776195600000,0.50434,0.50626,0.5007,0.50072,17497688.8,1776195899999,8824903.36568100,1073,14086304.2,7113390.21224100,0
1776195900000,0.50072,0.50082,0.49636,0.49914,20582336.1,1776196199999,10247705.00689100,1668,442145.7,220084.19198500,0
1776196200000,0.49914,0.50327,0.49636,0.50327,13434330.7,1776196499999,6730754.66462100,1075,13425845.3,6726498.20657100,0
1776196500000,0.50327,0.50423,0.49924,0.50331,27769343.8,1776196799999,13916537.57012600,1281,8222273.4,4141772.85373900,0
1776196800000,0.50331,0.50421,0.49995,0.5037,10698658.5,1776197099999,5390546.58819600,828,10693503.3,5387958.20880700,0
1776197100000,0.50362,0.50963,0.50353,0.50806,35781245.3,1776197399999,18140286.71765700,1317,35779170.5,18139234.04191000,0
1776197400000,0.50806,0.51101,0.50558,0.50928,14580786.5,1776197699999,7436809.25918400,1023,14574952.2,7433843.84725200,0
1776197700000,0.50928,0.51103,0.50779,0.51062,8266.4,1776197999999,4211.03462200,653,1856.7,948.80927100,0
1776198000000,0.51062,0.51304,0.50731,0.50851,31644504.2,1776198299999,16168609.18215900,1352,24102701.7,12336592.08930900,0
1776198300000,0.50851,0.50904,0.50495,0.50537,5459754.4,1776198599999,2764038.35901100,810,10653.2,5419.87381100,0
1776198600000,0.50532,0.50759,0.50502,0.50522,5912.9,1776198899999,2993.97260500,578,0,0,0
1776198900000,0.50522,0.5095,0.50495,0.5068,9569590.6,1776199199999,4874203.69166500,864,9564351.1,4871545.92180300,0
1776199200000,0.5068,0.50988,0.50672,0.50736,1795840.5,1776199499999,915214.38572100,649,1790886.3,912696.13195000,0
1776199500000,0.50736,0.50736,0.50472,0.50571,8658927.9,1776199799999,4376292.84569100,1015,2108.3,1066.14771700,0
1776199800000,0.50571,0.50787,0.50464,0.50787,6501.5,1776200099999,3292.16017600,640,3184.4,1614.31814400,0
1776200100000,0.50789,0.50947,0.50789,0.50843,5449945.7,1776200399999,2774241.11041500,867,5446070.1,2772270.06865900,0
1776200400000,0.50848,0.5095,0.50759,0.50759,5398.4,1776200699999,2743.94055000,584,325.1,165.42864900,0
1776200700000,0.50759,0.50983,0.50745,0.50837,5383.7,1776200999999,2739.06923800,571,1378.9,702.15359200,0
1776201000000,0.50837,0.50872,0.5068,0.50712,5247668.1,1776201299999,2661288.95736500,804,3788.1,1923.42000600,0
1776201300000,0.50712,0.50905,0.50662,0.50905,8732766.1,1776201599999,4441986.31462100,698,8729273.1,4440214.57528800,0
1776201600000,0.50905,0.50956,0.50662,0.50956,5946.3,1776201899999,3024.99220500,595,1466.3,746.84203000,0
1776201900000,0.50956,0.512,0.50936,0.512,12727862.3,1776202199999,6503201.06077000,1123,12725938.0,6502219.12341600,0
1776202200000,0.512,0.51403,0.51192,0.51354,9365192.6,1776202499999,4804550.92272800,1062,9359084.3,4801419.15494100,0
1776202500000,0.51354,0.51404,0.5068,0.5068,25520189.2,1776202799999,13012726.51740200,1281,16874.2,8625.82904600,0
1776202800000,0.5068,0.50768,0.50224,0.50224,35519612.1,1776203099999,17901636.29519000,1469,798.0,402.35525200,0
1776203100000,0.50224,0.50224,0.49885,0.49955,37504608.8,1776203399999,18778642.99207600,1537,13839.0,6914.78242100,0
1776203400000,0.49955,0.50156,0.49861,0.50156,683249.0,1776203699999,340738.11318200,637,13663.0,6838.08962300,0
1776203700000,0.50154,0.50154,0.49816,0.50041,316797.3,1776203999999,158423.61866100,641,172141.3,86121.65458800,0
1776204000000,0.50034,0.50052,0.49538,0.4954,23539592.5,1776204299999,11698699.17358200,1185,288.3,143.27496600,0
1776204300000,0.49541,0.49843,0.49538,0.49825,22760.2,1776204599999,11305.21263800,598,16954.4,8427.23143900,0
1776204600000,0.49825,0.49831,0.49538,0.49807,210281.7,1776204899999,104672.21148200,578,3436.2,1710.54378400,0
1776204900000,0.49808,0.49957,0.4956,0.49682,9131789.7,1776205199999,4554182.92521900,863,8582705.1,4281988.53549400,0
1776205200000,0.49682,0.49963,0.49625,0.49963,1207671.5,1776205499999,601676.30320700,665,558983.4,279019.88191700,0
1776205500000,0.49963,0.49963,0.49649,0.49865,14307.7,1776205799999,7125.08300200,569,1019.5,507.14924500,0
1776205800000,0.49865,0.49963,0.49613,0.49633,1538737.1,1776206099999,765185.27957200,766,780913.3,388702.70456200,0
1776206100000,0.49633,0.49653,0.4905,0.4905,17347667.7,1776206399999,8570136.29040500,969,3802.4,1869.92322000,0
1776206400000,0.4905,0.49137,0.49018,0.49101,15969.3,1776206699999,7840.37717400,614,11164.3,5482.30267900,0
1776206700000,0.49101,0.49208,0.48973,0.49193,421366.7,1776206999999,207132.43160200,643,416492.2,204740.09160400,0
1776207000000,0.49201,0.49213,0.48874,0.48976,2569102.8,1776207299999,1259050.16824900,717,210605.7,103353.40172000,0
1776207300000,0.48976,0.49095,0.48909,0.4903,1434586.4,1776207599999,702026.46975300,673,7389.9,3618.11059400,0
1776207600000,0.4903,0.49183,0.48904,0.49065,13639427.1,1776207899999,6695580.75502200,1153,13435289.2,6595737.96842100,0
1776207900000,0.49065,0.49183,0.48882,0.48882,577678.2,1776208199999,282876.45118300,786,63853.0,31326.59836800,0
1776208200000,0.48882,0.4907,0.48532,0.48532,27778964.2,1776208499999,13529900.50115600,990,3778.8,1848.33969000,0
1776208500000,0.48532,0.4858,0.48308,0.48347,24403766.4,1776208799999,11818175.19114900,1474,7995.2,3866.09097900,0
1776208800000,0.48347,0.48347,0.48204,0.48322,10391573.4,1776209099999,5015299.16347300,1005,22942.7,11073.73334700,0
1776209100000,0.48322,0.48363,0.48204,0.48242,93253.4,1776209399999,45052.95445300,712,85128.2,41127.27531700,0
1776209400000,0.48242,0.48363,0.48115,0.48115,6739.3,1776209699999,3248.66511900,673,617.6,298.16047500,0
1776209700000,0.48115,0.48273,0.47827,0.47939,23826060.9,1776209999999,11421085.00763300,1005,640509.0,306825.72059200,0
1776210000000,0.47939,0.48304,0.47827,0.48037,23287885.9,1776210299999,11214905.75379300,1015,23277212.5,11209758.57134500,0
1776210300000,0.48037,0.48068,0.47796,0.47856,14732213.8,1776210599999,7052207.29540200,1030,6619.7,3166.66792700,0
1776210600000,0.47877,0.47882,0.47691,0.47866,14075620.0,1776210899999,6721666.02327400,962,38571.4,18453.03920100,0
1776210900000,0.47866,0.4811,0.47866,0.48056,18399805.9,1776211199999,8828202.03024000,1114,18397315.7,8827005.52445600,0
1776211200000,0.48025,0.48119,0.47909,0.48053,453067.1,1776211499999,217976.55801500,593,441689.5,212514.58962000,0
1776211500000,0.48053,0.48551,0.48053,0.48466,42112533.5,1776211799999,20357170.80679200,1304,42108110.3,20355025.24481200,0
1776211800000,0.48466,0.48466,0.4763,0.47746,32954074.7,1776212099999,15823197.16897600,1257,216295.0,103131.78681300,0
1776212100000,0.47746,0.47761,0.47343,0.47443,13592520.1,1776212399999,6463001.18386300,1267,9573.7,4555.28446400,0
1776212400000,0.47453,0.47453,0.46983,0.47151,31920588.3,1776212699999,15056422.01116800,1315,708539.9,333494.90197500,0
1776212700000,0.47151,0.47235,0.46997,0.47155,26369.3,1776212999999,12414.62362700,701,17269.3,8132.10471500,0
1776213000000,0.47155,0.47237,0.46965,0.47007,49043.4,1776213299999,23146.96462900,644,40868.9,19301.46032700,0
1776213300000,0.47007,0.47237,0.46931,0.47089,421090.2,1776213599999,198227.06533000,694,3068.0,1443.80776300,0
1776213600000,0.47089,0.47315,0.47036,0.47315,10116386.1,1776213899999,4780592.47100700,1065,10110645.6,4777885.36342900,0
1776213900000,0.47315,0.47612,0.47315,0.47512,17741347.8,1776214199999,8418396.16663100,1162,17731535.4,8413731.29173700,0
1776214200000,0.47512,0.47656,0.47189,0.47201,12910197.8,1776214499999,6113078.78853200,954,2773417.1,1320903.56787100,0
1776214500000,0.47201,0.47249,0.46883,0.47011,17048210.9,1776214799999,8021383.90546100,1393,68789.1,32336.73357500,0
1776214800000,0.47011,0.4711,0.46506,0.46937,24143481.7,1776215099999,11296161.60706000,1066,4433930.7,2078822.36607600,0
1776215100000,0.46937,0.47523,0.46937,0.47523,32635962.3,1776215399999,15412730.79210900,1656,32633277.7,15411463.86855600,0
1776215400000,0.47523,0.47529,0.47318,0.47398,225262.1,1776215699999,107039.91424600,677,204980.9,97422.30462400,0
1776215700000,0.47398,0.47398,0.46882,0.46882,27807619.2,1776215999999,13094848.38163800,1206,4110.2,1929.69798900,0
1776216000000,0.46886,0.46977,0.46506,0.46506,32635381.5,1776216299999,15239801.31873800,1639,25843.6,12070.25523300,0
1776216300000,0.46506,0.46721,0.46192,0.46353,30966632.7,1776216599999,14350112.00394800,1374,97096.1,45030.62415500,0
1776216600000,0.46353,0.46353,0.46171,0.46194,2063272.0,1776216899999,953829.36190600,812,20415.1,9436.13172400,0
1776216900000,0.46194,0.46559,0.46093,0.46559,29233606.1,1776217199999,13561385.16040100,1212,22185577.1,10309457.25181300,0
1776217200000,0.46559,0.46845,0.46559,0.4678,11834927.5,1776217499999,5529929.03904700,1169,11551776.9,5397474.87060700,0
1776217500000,0.4678,0.46848,0.46206,0.46206,40067004.0,1776217799999,18601071.51006900,1673,210102.6,98124.34483800,0
1776217800000,0.46206,0.46206,0.45488,0.45531,33998957.8,1776218099999,15605723.51616600,1431,211631.7,96772.90907500,0
1776218100000,0.45604,0.45948,0.45091,0.45134,64783182.6,1776218399999,29478775.78307000,1628,16869867.6,7734394.24238900,0
1776218400000,0.45091,0.45208,0.43784,0.45208,130346476.6,1776218699999,58000042.73138300,1881,62655839.6,27900722.14636500,0
1776218700000,0.45208,0.45905,0.44869,0.44888,74863987.1,1776218999999,33933927.15923100,1613,44900787.1,20407559.22912000,0
1776219000000,0.44888,0.45661,0.44335,0.45661,114594305.6,1776219299999,51404638.74399900,1902,60569170.6,27292649.88182400,0
1776219300000,0.45661,0.45966,0.45362,0.45738,65163397.2,1776219599999,29779252.61662100,1566,47740328.9,21845332.40701100,0
1776219600000,0.45738,0.45836,0.45045,0.45798,68693092.8,1776219899999,31243583.66448100,1821,41308202.8,18839830.63626500,0
1776219900000,0.45798,0.45836,0.45118,0.45118,40105437.8,1776220199999,18186188.15393400,1602,416724.6,189284.71846400,0
1776220200000,0.45118,0.45173,0.45013,0.45013,6784590.1,1776220499999,3059090.85585300,976,1651043.5,744907.73659500,0
1776220500000,0.45013,0.45128,0.44022,0.44022,64134263.4,1776220799999,28545387.31610200,2095,230983.1,102925.84067300,0
1776220800000,0.44022,0.44054,0.4332,0.43417,40948377.5,1776221099999,17885158.88121900,1487,1628195.2,708913.01256700,0
1776221100000,0.43417,0.43489,0.4296,0.4296,68381364.8,1776221399999,29531730.66360200,1739,4640374.6,2006097.54255300,0
1776221400000,0.4296,0.4296,0.42643,0.42659,40644391.2,1776221699999,17394345.03839100,1281,72032.9,30783.41064500,0
1776221700000,0.42659,0.42719,0.42272,0.42355,34471020.3,1776221999999,14643398.61128100,1451,164605.4,70301.48381500,0
1776222000000,0.42361,0.42671,0.42157,0.42663,59784758.9,1776222299999,25333654.68530300,1747,35293058.3,14977270.51308800,0
1776222300000,0.42663,0.43009,0.42526,0.42956,20090154.4,1776222599999,8598821.16648000,1130,18080933.9,7740419.82732500,0
1776222600000,0.42956,0.45332,0.42956,0.43855,189154022.1,1776222899999,82795962.78008900,2383,157445106.6,68859686.85813500,0
1776222900000,0.43855,0.44014,0.43346,0.43359,18002704.3,1776223199999,7865981.73702200,1159,2880115.8,1263008.62265100,0
1776223200000,0.43355,0.44757,0.43355,0.44757,108883150.0,1776223499999,48082316.13217400,1773,100278077.6,44264142.75283400,0
1776223500000,0.44757,0.44758,0.44348,0.44348,15911458.1,1776223799999,7074154.49444500,1088,3972594.3,1764553.71460100,0
1776223800000,0.44348,0.45143,0.44331,0.45068,62445763.6,1776224099999,27994816.63273100,1694,61393305.1,27528064.10400400,0
1776224100000,0.45068,0.45092,0.42751,0.42911,128944949.6,1776224399999,56349818.68228300,2210,2964639.6,1277195.84229700,0
1776224400000,0.4288,0.43531,0.42751,0.4321,32559846.6,1776224699999,14061506.22246800,1204,15056934.8,6504642.71733000,0
1776224700000,0.4321,0.43244,0.42678,0.42678,35845982.9,1776224999999,15364859.56608700,1445,53482.7,23111.12921300,0
1776225000000,0.42678,0.43185,0.42489,0.42489,36220015.2,1776225299999,15498234.38994000,1680,17598774.1,7548056.40292300,0
1776225300000,0.42489,0.42489,0.41075,0.41147,99299835.7,1776225599999,41565694.17318100,2046,234471.8,97490.82857900,0
1776225600000,0.41147,0.43701,0.40999,0.42351,138038250.4,1776225899999,58575244.66380200,1841,83118031.3,35130037.73750400,0
1776225900000,0.42351,0.44367,0.42351,0.44367,123946609.4,1776226199999,53550835.67396100,1982,123212473.3,53237853.82805700,0
1776226200000,0.44367,0.44802,0.43862,0.44307,104582853.6,1776226499999,46421651.04267400,1691,50800943.2,22552153.14657700,0
1776226500000,0.44307,0.44448,0.4349,0.44006,50638309.5,1776226799999,22177837.26802000,1351,1352585.2,592000.83734800,0
1776226800000,0.44006,0.46203,0.43782,0.46196,147767846.5,1776227099999,66835405.42366100,2220,132131061.3,59978405.76921300,0
1776227100000,0.46196,0.46833,0.46131,0.46634,34675121.5,1776227399999,16122435.48702800,1538,31679505.5,14734524.95746600,0
1776227400000,0.4667,0.46833,0.45471,0.45493,101242057.8,1776227699999,46648461.22483400,1867,6473.5,2964.47086500,0
1776227700000,0.45493,0.47278,0.45473,0.46656,89419384.3,1776227999999,41584381.04793100,1604,87936088.9,40890799.70043500,0
1776228000000,0.46656,0.46656,0.44813,0.44982,99312454.4,1776228299999,45471021.85723700,1675,977217.7,439842.51077700,0
1776228300000,0.44982,0.45602,0.4494,0.45335,26492201.0,1776228599999,12015697.87963300,1263,26434703.0,11989616.48876200,0
1776228600000,0.45335,0.45437,0.45002,0.45176,25649741.3,1776228899999,11579000.44019500,1161,710933.7,320525.40456100,0
1776228900000,0.45178,0.45839,0.44751,0.45813,103893194.4,1776229199999,46969844.82567900,2171,75345226.6,34152163.51633900,0
1776229200000,0.45813,0.46243,0.45448,0.45489,70938858.3,1776229499999,32537791.29084200,1530,34081907.5,15678905.15108900,0
1776229500000,0.45486,0.45515,0.44091,0.44091,109425001.1,1776229799999,49033377.84494600,2214,904991.0,399422.61073600,0
1776229800000,0.44091,0.44123,0.4361,0.4361,31360489.2,1776230099999,13748673.19675000,1085,616416.2,269048.43575300,0
1776230100000,0.4361,0.43766,0.43222,0.43766,61613853.1,1776230399999,26780742.79834300,1651,15354845.3,6696476.54976800,0
1776230400000,0.43766,0.44454,0.43598,0.44354,80649779.1,1776230699999,35564011.97601200,1542,80640315.4,35559829.89602800,0
1776230700000,0.44354,0.44354,0.43934,0.44098,12624332.6,1776230999999,5565563.05726800,964,5249447.2,2315486.73614500,0
1776231000000,0.44098,0.44877,0.44098,0.44788,65398685.8,1776231299999,29092491.21900600,1590,65386354.4,29086985.69194100,0
1776231300000,0.44781,0.44927,0.44548,0.44927,17074453.2,1776231599999,7662459.82236600,1250,16566776.2,7435873.03079600,0
1776231600000,0.44927,0.47627,0.44927,0.47476,163560967.3,1776231899999,75751467.43943800,2169,163532625.1,75738149.40722500,0
1776231900000,0.47483,0.48421,0.47483,0.48367,62106145.1,1776232199999,29757909.90982200,1474,48961195.3,23450610.11551600,0
1776232200000,0.48367,0.48667,0.47516,0.4753,101226346.7,1776232499999,48758378.47043800,2001,49318852.0,23880130.64536600,0
1776232500000,0.4753,0.47564,0.46491,0.4694,79758465.9,1776232799999,37571073.69557000,1702,15986741.5,7528956.44475300,0
1776232800000,0.4694,0.47299,0.46407,0.46407,38723951.7,1776233099999,18086909.34354800,1105,828135.2,389751.47840700,0
1776233100000,0.46407,0.47,0.46364,0.46471,27184832.8,1776233399999,12677991.65647700,1056,6522071.4,3049254.51595300,0
1776233400000,0.46444,0.46845,0.46313,0.46328,30250939.6,1776233699999,14089372.32856100,1009,19574743.8,9138335.60162700,0
1776233700000,0.46328,0.47448,0.46312,0.47442,58981223.1,1776233999999,27733216.36467500,1252,57221734.6,26916178.15514000,0
1776234000000,0.47442,0.47448,0.46595,0.46595,40113287.9,1776234299999,18834656.74917900,1422,5423151.1,2550765.44429600,0
1776234300000,0.46588,0.46728,0.45794,0.45794,77119472.0,1776234599999,35656772.22749900,1778,2371.8,1097.98512600,0
1776234600000,0.45796,0.46274,0.45794,0.45893,10656891.5,1776234899999,4911934.46132200,818,7801291.3,3597582.60742900,0
1776234900000,0.45893,0.45909,0.44767,0.45317,60352933.5,1776235199999,27402517.57238300,1325,12198276.6,5508833.04959700,0
1776235200000,0.45317,0.46091,0.45317,0.45518,47394879.5,1776235499999,21677554.69240200,1200,39909724.9,18258726.08059800,0
1776235500000,0.45518,0.45661,0.45332,0.45637,10940208.7,1776235799999,4992915.95855900,691,9857304.1,4499520.41221100,0
1776235800000,0.4556,0.45675,0.45306,0.45456,585380.6,1776236099999,265245.31380800,571,1644.5,748.80770400,0
1776236100000,0.45456,0.45591,0.45136,0.45181,16031944.2,1776236399999,7248880.23926100,768,977.5,442.14914300,0
1776236400000,0.45181,0.45327,0.44799,0.44917,30864912.6,1776236699999,13884562.20811700,997,7481.3,3371.64495100,0
1776236700000,0.44923,0.44923,0.44633,0.44767,17227617.1,1776236999999,7702196.13939200,914,15383.0,6877.27081300,0
1776237000000,0.447,0.44792,0.44367,0.4444,16836266.3,1776237299999,7484962.90687800,676,3305.1,1478.00523200,0
1776237300000,0.4444,0.44444,0.43867,0.43888,45885578.6,1776237599999,20252408.52994000,1454,229670.7,101844.06283900,0
1776237600000,0.43915,0.4423,0.4369,0.4369,30169949.5,1776237899999,13260691.77566200,1450,16427287.2,7242953.82945700,0
1776237900000,0.4369,0.43808,0.43339,0.43672,41521577.7,1776238199999,18066603.12400300,1503,4577372.6,2001186.71947700,0
1776238200000,0.43672,0.43809,0.43318,0.4361,9946194.4,1776238499999,4322667.08397000,800,1587474.4,692515.93828600,0
1776238500000,0.43613,0.44198,0.43613,0.43736,51839996.4,1776238799999,22737994.17418900,1218,46259631.7,20294443.42749600,0
1776238800000,0.43736,0.44107,0.43686,0.44106,34599401.0,1776239099999,15224573.25150600,1205,34402200.0,15138393.03935500,0
1776239100000,0.44106,0.44382,0.43686,0.44382,35838507.2,1776239399999,15781461.97422100,1259,19540943.1,8634578.85460600,0
1776239400000,0.44382,0.45121,0.44131,0.44131,93045484.3,1776239699999,41466462.40368200,1934,57867163.8,25848512.36063000,0
1776239700000,0.44131,0.4452,0.43792,0.44422,31705780.8,1776239999999,13979174.83449900,948,13913053.0,6163874.62658500,0
1776240000000,0.44395,0.45432,0.44251,0.45199,74275426.9,1776240299999,33474951.44045900,1305,68570422.4,30894014.69025800,0
1776240300000,0.45199,0.46019,0.45197,0.45563,60791716.3,1776240599999,27804972.43653300,1461,49913530.3,22841245.47343200,0
1776240600000,0.45563,0.45584,0.45065,0.45096,26435582.0,1776240899999,11982802.68241500,939,11014.1,5010.87990800,0
1776240900000,0.45102,0.45855,0.44687,0.45634,92873479.8,1776241199999,41996993.25622900,1635,64622727.4,29323191.22967400,0
1776241200000,0.45634,0.46335,0.45134,0.46335,120239926.2,1776241499999,55135441.70676500,1609,94092972.3,43264368.43669200,0
1776241500000,0.46335,0.46943,0.46037,0.46943,78010117.0,1776241799999,36289951.48045300,1224,60319158.0,28079660.85357100,0
1776241800000,0.46935,0.4699,0.45628,0.45629,58833304.5,1776242099999,27176365.12990900,1244,7820350.7,3650831.90998400,0
1776242100000,0.45628,0.45895,0.45294,0.45826,39285803.4,1776242399999,17899050.07445400,1210,16666771.1,7619161.58873300,0
1776242400000,0.45826,0.46155,0.45541,0.45541,58571785.3,1776242699999,26903683.87825400,1702,42189265.8,19408905.37118700,0
1776242700000,0.45541,0.45681,0.44956,0.45213,57587072.0,1776242999999,26070030.22116600,1163,7676.2,3492.70851300,0
1776243000000,0.45213,0.45267,0.44964,0.45147,6468.3,1776243299999,2922.79595100,562,2669.8,1207.29920100,0
1776243300000,0.45173,0.4605,0.45126,0.4605,101172945.8,1776243599999,46148168.33551200,1787,98860773.5,45096840.57527600,0
1776243600000,0.4605,0.47332,0.4605,0.47332,119350163.1,1776243899999,55786022.24492100,1725,118357836.8,55321053.78589900,0
1776243900000,0.47332,0.48021,0.46894,0.47542,88670873.1,1776244199999,42109461.51142300,1649,57078026.8,27136629.91493800,0
1776244200000,0.47542,0.47544,0.46336,0.46603,46284900.8,1776244499999,21601639.40023200,949,15614850.7,7282183.29531500,0
1776244500000,0.46534,0.46773,0.46206,0.46657,20247629.6,1776244799999,9387232.78187800,993,1789022.7,832669.27761300,0
1776244800000,0.46632,0.46805,0.4611,0.46805,37722195.4,1776245099999,17470993.03523800,1099,12827237.8,5965006.44287500,0
1776245100000,0.46806,0.47281,0.4674,0.47281,46662029.2,1776245399999,21954079.63622300,1512,46614714.5,21931745.00481900,0
1776245400000,0.47281,0.47594,0.47281,0.47416,31196546.2,1776245699999,14795112.56726100,1163,31137899.3,14767276.06701600,0
1776245700000,0.47416,0.47594,0.47345,0.47519,2772536.6,1776245999999,1315882.57308200,940,1134225.7,539388.38366000,0
1776246000000,0.47519,0.47762,0.47472,0.47753,7508339.3,1776246299999,3576470.30315100,1093,7491162.5,3568293.99046500,0
1776246300000,0.47753,0.47753,0.46847,0.46864,41451683.3,1776246599999,19572347.88022900,1431,77019.6,36254.08050900,0
1776246600000,0.46871,0.46927,0.46273,0.46273,46734609.4,1776246899999,21754333.32131900,2064,555853.9,258379.44774700,0
1776246900000,0.46273,0.46322,0.45227,0.45244,82803393.2,1776247199999,37904201.84058800,1677,133860.1,61248.75631100,0
1776247200000,0.45244,0.45698,0.45194,0.45194,35720258.4,1776247499999,16241618.63850600,1443,20860501.3,9488284.21287700,0
1776247500000,0.45194,0.45229,0.45042,0.45219,4925630.1,1776247799999,2225676.93256300,981,1604181.5,725257.79515100,0
1776247800000,0.45219,0.45712,0.45148,0.45407,46743264.3,1776248099999,21230605.13559400,1471,36221812.2,16459141.79895200,0
1776248100000,0.45407,0.45421,0.45132,0.4514,734954.2,1776248399999,332837.46200900,750,299705.8,135869.35842800,0
1776248400000,0.45127,0.45384,0.44786,0.44801,28483107.2,1776248699999,12825077.36657700,1465,4418728.5,2004038.51004800,0
1776248700000,0.44801,0.44992,0.44792,0.44818,7609766.0,1776248999999,3420082.71960800,865,6596548.0,2965861.57760000,0
1776249000000,0.44818,0.44818,0.44409,0.44541,46834771.7,1776249299999,20889643.41485000,1741,102232.8,45617.38229500,0
1776249300000,0.44541,0.4487,0.44469,0.44816,21190390.2,1776249599999,9488871.57419500,1135,20868576.9,9345238.00448000,0
1776249600000,0.44816,0.45179,0.44805,0.45141,39229980.7,1776249899999,17650336.13430800,1372,29532588.0,13297094.68588200,0
1776249900000,0.45141,0.45179,0.44639,0.44727,32200530.1,1776250199999,14427275.50336000,1537,520849.7,235205.11039100,0
1776250200000,0.44727,0.44986,0.44727,0.44782,26147348.2,1776250499999,11736174.36218900,1090,19685123.6,8836578.08798500,0
1776250500000,0.44782,0.44956,0.44666,0.44956,21627577.0,1776250799999,9691195.04201200,1328,17940909.3,8041732.64320400,0
1776250800000,0.44956,0.4637,0.44956,0.45968,125387594.5,1776251099999,57199501.94546100,1847,110342779.2,50278350.82460300,0
1776251100000,0.45973,0.46411,0.45774,0.45808,61295872.6,1776251399999,28235428.71950500,2006,20551460.3,9507568.14729100,0
1776251400000,0.45807,0.46178,0.45593,0.45593,31730282.2,1776251699999,14540966.74640500,1580,10533816.6,4853773.84123700,0
1776251700000,0.45593,0.46183,0.45323,0.45873,87945988.9,1776251999999,40260934.23422900,1950,68522619.6,31437212.09367600,0
1776252000000,0.45873,0.46258,0.45792,0.45817,19213915.4,1776252299999,8839637.19564500,1133,6931997.5,3202994.77823600,0
1776252300000,0.45817,0.45817,0.45251,0.4559,61941690.2,1776252599999,28203004.21226900,1947,6835261.7,3109869.65105000,0
1776252600000,0.4559,0.45881,0.4559,0.45851,13115227.6,1776252899999,5990918.40859800,1117,13095892.4,5982067.66913700,0
1776252900000,0.45878,0.45899,0.45593,0.45853,10658170.0,1776253199999,4868540.94957500,964,2217939.7,1017775.57574000,0
1776253200000,0.45853,0.46097,0.45633,0.46097,3128053.2,1776253499999,1434173.50437100,970,2616093.0,1200165.71023400,0
1776253500000,0.46097,0.46272,0.45814,0.46072,24448146.2,1776253799999,11274917.34378200,1379,20725228.6,9567970.17915200,0
1776253800000,0.46072,0.46452,0.45897,0.46452,17892440.7,1776254099999,8287462.67106600,1327,17399649.6,8061168.27841800,0
1776254100000,0.46452,0.46471,0.45805,0.45805,20979498.1,1776254399999,9655039.62382500,1498,13961.8,6424.09593900,0
1776254400000,0.45805,0.45911,0.45692,0.45791,10838814.0,1776254699999,4955756.03772900,1017,13049.2,5976.70699800,0
1776254700000,0.45784,0.46019,0.45704,0.459,5034795.1,1776254999999,2314372.10618500,826,5028315.1,2311402.54771300,0
1776255000000,0.45896,0.46024,0.45734,0.45842,164738.5,1776255299999,75655.45107100,725,96009.5,44187.05939700,0
1776255300000,0.45842,0.46536,0.45767,0.46536,33300000.0,1776255599999,15392668.66789500,1671,32766862.5,15148501.37178900,0
1776255600000,0.46536,0.46585,0.4615,0.46249,26506897.1,1776255899999,12270591.64932100,1163,1837958.7,855820.92811200,0
1776255900000,0.46199,0.46357,0.46142,0.46192,1804882.3,1776256199999,833639.92662100,876,330098.7,152644.33157300,0
1776256200000,0.46192,0.46259,0.46079,0.46105,10481654.6,1776256499999,4835282.13119800,1236,725785.9,335499.17239700,0
1776256500000,0.46124,0.46603,0.46087,0.46603,15413647.9,1776256799999,7157230.17638600,1018,15411529.6,7156245.19652000,0
1776256800000,0.46603,0.46958,0.46594,0.46958,9915689.1,1776257099999,4644501.19392800,1326,9911744.9,4642653.82196000,0
1776257100000,0.46958,0.47148,0.46873,0.47096,9562504.1,1776257399999,4493585.94253200,1114,9469466.9,4449857.59997300,0
1776257400000,0.47097,0.47106,0.46671,0.46684,14090917.6,1776257699999,6591591.11833700,1227,88486.2,41547.39984600,0
1776257700000,0.46684,0.46724,0.46604,0.46624,5398597.7,1776257999999,2517684.78381200,890,39885.2,18625.55650800,0
1776258000000,0.4664,0.46668,0.46487,0.46487,1591143.3,1776258299999,740510.96570300,641,7809.3,3638.57163000,0
1776258300000,0.46487,0.46487,0.45355,0.4551,81600050.5,1776258599999,37470384.27522500,1645,5557.3,2564.34068000,0
1776258600000,0.4551,0.45915,0.45435,0.4588,8675571.0,1776258899999,3960191.26225900,850,7982223.9,3644783.76290100,0
1776258900000,0.45915,0.46557,0.45891,0.46548,63163822.1,1776259199999,29214640.28006900,1389,63146783.6,29206749.19128700,0
1776259200000,0.46557,0.46871,0.46496,0.46651,19677069.2,1776259499999,9177657.61437700,1091,19450233.0,9071817.77862900,0
1776259500000,0.46651,0.47182,0.46651,0.47182,35716202.7,1776259799999,16784054.68186000,1501,34952022.1,16426614.43922600,0
1776259800000,0.47182,0.47761,0.47182,0.47761,40935773.1,1776260099999,19427487.63915800,1682,40931176.2,19425313.85055100,0
1776260100000,0.47761,0.48374,0.4768,0.47918,72533943.5,1776260399999,34810852.46029900,1630,56305486.5,27041031.32135600,0
1776260400000,0.47918,0.47951,0.47348,0.47349,36269172.6,1776260699999,17241172.40208000,1724,5701934.2,2725482.88915000,0
1776260700000,0.47348,0.47834,0.47326,0.47403,34891935.0,1776260999999,16600818.79109200,1457,18149467.7,8648303.81538800,0
1776261000000,0.47403,0.48278,0.47148,0.47861,105505638.3,1776261299999,50313700.97673100,2081,53809997.5,25773901.97734300,0
1776261300000,0.47861,0.48204,0.471,0.471,82465484.3,1776261599999,39349868.19661400,2302,30512757.6,14651035.52356100,0
1776261600000,0.471,0.47102,0.46199,0.46314,80537206.1,1776261899999,37545275.90431100,1890,2359182.0,1100574.76710900,0
1776261900000,0.46314,0.46648,0.45709,0.46026,60497927.4,1776262199999,27870401.54771100,2047,9441268.1,4358125.49020800,0
1776262200000,0.46026,0.46095,0.45828,0.45891,9385445.6,1776262499999,4310207.23627500,1172,3646467.4,1679245.02202500,0
1776262500000,0.45891,0.45934,0.45383,0.45515,36577891.0,1776262799999,16676031.39694000,1099,230751.4,105877.90797500,0
1776262800000,0.45515,0.46219,0.45383,0.46123,69375069.5,1776263099999,31762269.16245800,1301,61327892.7,28051108.26270500,0
1776263100000,0.46124,0.46558,0.45515,0.45526,190503408.3,1776263399999,87530394.96022400,2057,138351736.9,63424080.59828400,0
1776263400000,0.45526,0.46562,0.45515,0.46299,118457502.3,1776263699999,54579627.58748800,1723,60937838.0,27966987.89310800,0
1776263700000,0.46277,0.46318,0.45515,0.46013,104224003.5,1776263999999,48047892.70188600,1381,7582520.5,3481634.06131800,0
1776264000000,0.46013,0.46494,0.45515,0.4624,74982813.3,1776264299999,34593280.15617900,1233,36955468.2,17016649.73415900,0
1776264300000,0.4624,0.46509,0.46182,0.46208,4615803.0,1776264599999,2145176.57381500,514,4609521.3,2142265.26287800,0
1776264600000,0.46208,0.46208,0.45898,0.45907,21665739.4,1776264899999,9976411.59626000,1065,15782.0,7258.47601100,0
1776264900000,0.45907,0.45915,0.44802,0.44802,85118512.3,1776265199999,38684193.13862900,1814,553.6,252.64049900,0
1776265200000,0.44802,0.45295,0.4466,0.45241,40537039.9,1776265499999,18227963.47994700,1258,28730511.4,12947534.70793700,0
1776265500000,0.45232,0.45407,0.44971,0.45325,11827877.6,1776265799999,5347171.49470800,612,9797800.1,4433968.98917700,0
1776265800000,0.45325,0.45407,0.44838,0.44838,23422350.0,1776266099999,10546019.15770900,904,6036.2,2715.46578400,0
1776266100000,0.44846,0.44903,0.4462,0.44882,24138895.4,1776266399999,10797619.45616300,1054,1571058.3,704656.85287200,0
1776266400000,0.4488,0.45119,0.44874,0.45114,29468275.9,1776266699999,13259226.74945600,966,29388969.8,13223546.17228300,0
1776266700000,0.45114,0.4512,0.44615,0.44816,14252599.1,1776266999999,6387821.15778600,789,110569.0,49403.84728300,0
1776267000000,0.44816,0.45176,0.44571,0.44668,34795170.9,1776267299999,15619698.16981200,964,12782757.4,5751071.86503300,0
1776267300000,0.44668,0.45751,0.44192,0.45751,134077888.9,1776267599999,60256906.41444900,1639,99147611.3,44726727.77872700,0
1776267600000,0.45751,0.45957,0.45481,0.45957,29699184.9,1776267899999,13618617.10021900,931,28626727.6,13130424.54733800,0
1776267900000,0.45957,0.46011,0.45236,0.45236,39311731.7,1776268199999,17942940.16469000,1259,12010133.0,5521196.70641200,0
1776268200000,0.45236,0.45373,0.44947,0.45285,43968432.1,1776268499999,19853215.47453500,1115,12715642.9,5760589.19177200,0
1776268500000,0.45285,0.45319,0.44896,0.44909,11604784.0,1776268799999,5216486.56002900,786,3932.5,1766.89339800,0
1776268800000,0.44934,0.44967,0.4471,0.44769,23405576.8,1776269099999,10489658.75590800,1051,7701.3,3459.85880400,0
1776269100000,0.44784,0.44904,0.4471,0.44824,119886.3,1776269399999,53798.09850000,560,116045.6,52077.79681000,0
1776269400000,0.44806,0.44881,0.4444,0.4444,23518840.3,1776269699999,10492022.32686100,1052,921.4,409.77096100,0
1776269700000,0.4444,0.4444,0.44089,0.44307,41968545.5,1776269999999,18570337.76428400,1331,249814.9,110187.46019200,0
1776270000000,0.44314,0.44741,0.44314,0.44536,19973681.0,1776270299999,8892934.95055900,641,19969641.0,8891134.01420900,0
1776270300000,0.44536,0.44635,0.44304,0.44456,14540975.6,1776270599999,6454779.82370600,845,1854.9,822.80440400,0
1776270600000,0.44456,0.44696,0.44231,0.44261,12078934.5,1776270899999,5357129.80453400,1040,2533694.4,1128458.85431100,0
1776270900000,0.44231,0.4467,0.44231,0.44408,26682647.1,1776271199999,11904353.47738400,823,26679692.9,11903041.97760800,0
1776271200000,0.44408,0.44662,0.44385,0.44435,5231.2,1776271499999,2326.13009500,486,45.2,20.18722400,0
1776271500000,0.44435,0.44457,0.44197,0.44209,18467019.7,1776271799999,8176129.88626500,961,261640.2,115721.41275400,0
1776271800000,0.44202,0.44562,0.44198,0.44562,30209816.6,1776272099999,13433766.28657300,1019,30207591.4,13432780.44820900,0
1776272100000,0.44562,0.44681,0.44207,0.44293,20667003.7,1776272399999,9186733.04993200,1061,8354440.2,3728280.04868700,0
1776272400000,0.44293,0.44543,0.44196,0.44373,12044858.1,1776272699999,5351647.55043400,753,11813245.1,5249256.71699800,0
1776272700000,0.44373,0.44373,0.43608,0.43608,69250649.0,1776272999999,30387880.30387900,1612,475685.5,210544.15079200,0
1776273000000,0.43608,0.44114,0.43464,0.44114,29333494.1,1776273299999,12830942.91728600,1005,13759821.8,6050583.28982300,0
1776273300000,0.44114,0.44797,0.44114,0.44797,82401800.2,1776273599999,36561374.37693600,1744,75453241.6,33474988.01171200,0
1776273600000,0.44797,0.44876,0.44768,0.44851,3412701.7,1776273899999,1529969.01952500,547,3386915.5,1518419.14870700,0
1776273900000,0.44846,0.44996,0.44766,0.44996,4951349.2,1776274199999,2225858.75879500,552,4946242.4,2223571.04470400,0
1776274200000,0.45,0.45062,0.44874,0.45062,531504.8,1776274499999,239178.72228800,476,527407.1,237336.93729300,0
1776274500000,0.45062,0.45547,0.45062,0.45547,48092034.9,1776274799999,21800991.52750900,1763,48091217.1,21800621.52803300,0
1776274800000,0.45547,0.46697,0.45547,0.46627,119412257.4,1776275099999,55006890.00493900,2115,111853758.6,51493293.83546100,0
1776275100000,0.46627,0.46979,0.46415,0.46884,19777460.8,1776275399999,9243311.48101300,1149,14515375.8,6799022.53750300,0
1776275400000,0.46884,0.47587,0.46786,0.47547,74665268.6,1776275699999,35310810.39312200,1686,74661552.8,35309054.15725200,0
1776275700000,0.47547,0.47781,0.47072,0.47092,41442176.1,1776275999999,19663485.18535600,1214,14017421.4,6680862.47652400,0
1776276000000,0.47092,0.47292,0.4684,0.47035,23132299.1,1776276299999,10880233.12000100,1003,5745919.8,2710395.21521900,0
1776276300000,0.47028,0.47439,0.4699,0.47439,9430416.5,1776276599999,4464929.90737800,679,9427197.0,4463413.32617000,0
1776276600000,0.47439,0.48463,0.47439,0.48463,102156479.4,1776276899999,49061412.30464500,1765,102145689.1,49056189.68253200,0
1776276900000,0.48463,0.49985,0.48371,0.4933,58069082.7,1776277199999,28473655.52315600,1200,36728914.3,17904266.36294600,0
1776277200000,0.4933,0.4933,0.48291,0.48722,50946681.2,1776277499999,24859302.85275800,1320,4473070.4,2179944.06320100,0
1776277500000,0.48722,0.49132,0.48447,0.49132,37218262.6,1776277799999,18215792.22496600,1162,32055917.1,15704512.24146700,0
1776277800000,0.49132,0.49339,0.48977,0.4905,31383951.7,1776278099999,15448046.04691100,896,30578240.5,15052768.13787400,0
1776278100000,0.4905,0.49052,0.48439,0.48464,39592905.7,1776278399999,19310768.82792900,1133,2940.2,1428.09727000,0
1776278400000,0.48464,0.49934,0.48464,0.49469,94197525.3,1776278699999,46532226.04140600,1368,84547277.6,41740546.90072000,0
1776278700000,0.49465,0.50138,0.49465,0.50138,13252295.6,1776278999999,6606287.29661000,1003,13249067.5,6604679.23909700,0
1776279000000,0.50138,0.50152,0.498,0.498,10759437.5,1776279299999,5369806.47892400,835,33931.7,17008.88830700,0
1776279300000,0.498,0.50965,0.49382,0.50567,62038002.8,1776279599999,30995854.92657800,1533,38024944.6,19099642.16173700,0
1776279600000,0.50567,0.50976,0.50344,0.50972,28173961.2,1776279899999,14249544.20644500,1148,25216409.3,12751385.05324800,0
1776279900000,0.50976,0.51,0.50447,0.50475,2968294.5,1776280199999,1503183.25191700,671,393931.5,200806.86689800,0
1776280200000,0.50475,0.50533,0.49777,0.49814,56658332.5,1776280499999,28368702.66241800,1182,397998.8,198451.58758400,0
1776280500000,0.49816,0.50693,0.49777,0.5015,48465894.6,1776280799999,24391733.43000100,1332,32884805.1,16558094.54287000,0
1776280800000,0.50149,0.50181,0.49513,0.49532,16131546.3,1776281099999,8020585.78267100,1004,802091.1,397350.87411500,0
1776281100000,0.49532,0.50091,0.49492,0.4993,26805213.9,1776281399999,13364718.41502100,884,26469115.2,13198293.71812100,0
1776281400000,0.4993,0.50092,0.49571,0.49571,15067727.1,1776281699999,7480619.90537700,876,286956.4,142358.49770600,0
1776281700000,0.49572,0.49597,0.49424,0.49424,2019274.1,1776281999999,999356.98277600,626,1266.8,627.88473400,0
1776282000000,0.49424,0.49606,0.49031,0.49236,32370823.4,1776282299999,15973942.00521800,1235,7537251.3,3728338.18699800,0
1776282300000,0.49236,0.49336,0.48994,0.49152,17945971.0,1776282599999,8809671.24307300,939,39839.8,19538.41676000,0
1776282600000,0.49152,0.49675,0.49152,0.49675,43261204.4,1776282899999,21381521.23563500,1204,43258849.2,21380355.56001100,0
1776282900000,0.49675,0.49719,0.49226,0.49226,19135711.7,1776283199999,9447375.75959200,767,2475697.4,1230440.75322300,0
1776283200000,0.49243,0.49643,0.49163,0.49163,11763367.8,1776283499999,5802019.09699100,846,3068634.0,1517618.04393500,0
1776283500000,0.49231,0.49354,0.49078,0.49354,9965555.0,1776283799999,4895425.93533600,436,19283.8,9491.61727800,0
1776283800000,0.49354,0.49502,0.49153,0.49316,10157100.9,1776284099999,5020173.86447100,827,8596355.0,4249465.01361800,0
1776284100000,0.49337,0.4938,0.48703,0.48897,25123736.5,1776284399999,12307390.55298300,1179,131445.2,64269.11497700,0
1776284400000,0.48902,0.49436,0.48703,0.49407,28775193.2,1776284699999,14154592.77884700,1108,28742316.8,14138566.92810000,0
1776284700000,0.49407,0.49558,0.49319,0.49552,80222.7,1776284999999,39572.08907000,511,3270.1,1616.71993800,0
1776285000000,0.49552,0.4957,0.49072,0.49072,16332581.8,1776285299999,8025720.16434200,815,326.7,161.91575100,0
1776285300000,0.49072,0.49072,0.487,0.48739,16195296.5,1776285599999,7906719.15509100,1241,1042.1,509.28133900,0
1776285600000,0.48877,0.49081,0.48797,0.49055,468073.3,1776285899999,229706.22289100,496,464801.4,228103.78185600,0
1776285900000,0.49055,0.4929,0.48977,0.48977,17738463.4,1776286199999,8719340.00401000,994,17014565.0,8364001.95999200,0
1776286200000,0.48977,0.49383,0.48873,0.49348,20159293.3,1776286499999,9905738.17003700,1073,11517486.5,5677949.67101700,0
1776286500000,0.49383,0.49525,0.49322,0.49396,19802.2,1776286799999,9787.80444100,560,10334.9,5111.60476100,0
1776286800000,0.49396,0.49542,0.49346,0.49353,8845.0,1776287099999,4368.60496400,463,1903.1,941.34448700,0
1776287100000,0.49353,0.49627,0.49314,0.49627,5396975.5,1776287399999,2676345.99984700,684,5393648.7,2674703.11709600,0
1776287400000,0.49627,0.49642,0.49093,0.49093,18501830.9,1776287699999,9108940.09016700,653,396.6,196.82699700,0
1776287700000,0.49093,0.49649,0.4905,0.49649,41062330.6,1776287999999,20299570.23614700,1105,35579756.7,17608390.63606900,0
1776288000000,0.4964,0.49649,0.49153,0.49488,18907861.7,1776288299999,9337045.35229500,693,16966917.4,8379148.28923700,0
1776288300000,0.49488,0.49627,0.49396,0.49549,893581.4,1776288599999,442610.56716800,341,892230.1,441942.01708500,0
1776288600000,0.49549,0.49671,0.49334,0.49671,522703.6,1776288899999,259447.46295500,438,519738.5,257979.42923000,0
1776288900000,0.49671,0.49836,0.49665,0.49836,13811167.1,1776289199999,6868784.07376000,693,13809547.6,6867978.61209500,0
1776289200000,0.49836,0.49836,0.49572,0.49572,12426.5,1776289499999,6176.25922400,362,252.1,125.62221300,0
1776289500000,0.49572,0.49796,0.49542,0.49796,3628.8,1776289799999,1802.33665600,346,0,0,0
1776289800000,0.49793,0.49855,0.4948,0.49855,5030532.0,1776290099999,2490339.08099100,425,113357.2,56508.53684700,0
1776290100000,0.49855,0.50452,0.49855,0.50045,60886506.7,1776290399999,30470016.51851500,1023,58183923.6,29115601.15926300,0
1776290400000,0.50094,0.50417,0.50072,0.50081,14512334.5,1776290699999,7296939.30543100,838,14510303.3,7295919.59163200,0
1776290700000,0.50081,0.50455,0.50043,0.5039,842165.1,1776290999999,424626.06266200,515,725026.5,365646.54986100,0
1776291000000,0.50396,0.50396,0.49752,0.49851,37309034.2,1776291299999,18663213.73348300,1174,859.3,428.54856200,0
1776291300000,0.49853,0.50052,0.49669,0.49703,5246194.7,1776291599999,2607783.72283000,883,3969.8,1977.38121100,0
1776291600000,0.49727,0.50005,0.49727,0.50005,17463.3,1776291899999,8726.90720200,505,16244.8,8118.85972500,0
1776291900000,0.50005,0.50009,0.49387,0.49475,26543072.5,1776292199999,13147349.70536900,943,7370.6,3679.59379800,0
1776292200000,0.49428,0.49481,0.48996,0.49167,39970994.2,1776292499999,19662615.92361900,1022,3523183.2,1735389.99744300,0
1776292500000,0.49167,0.49418,0.49167,0.49349,1402871.7,1776292799999,692994.57576100,595,1399662.8,691411.51308700,0
1776292800000,0.49349,0.49402,0.49121,0.49147,5424.3,1776293099999,2668.31761800,585,0,0,0
1776293100000,0.4914,0.49164,0.48881,0.48881,15057080.5,1776293399999,7377178.70202600,669,1091.2,534.75866100,0
1776293400000,0.48881,0.49136,0.48881,0.49051,6413.4,1776293699999,3142.82194000,612,3932.9,1928.19674800,0
1776293700000,0.49128,0.49428,0.48889,0.49428,18435718.9,1776293999999,9088720.41676800,846,18432755.3,9087257.64844800,0
1776294000000,0.49428,0.49474,0.49246,0.49246,3687282.4,1776294299999,1823131.28070000,635,3682136.6,1820590.46878000,0
1776294300000,0.49246,0.49468,0.49154,0.49314,4694.5,1776294599999,2311.80389200,490,116.2,57.35019900,0
1776294600000,0.49315,0.49605,0.49278,0.49312,14936505.5,1776294899999,7403341.42882300,783,14933263.9,7401740.16848200,0
1776294900000,0.4928,0.4928,0.48899,0.48915,26577123.7,1776295199999,13052102.70674600,1299,2134.0,1047.04033400,0
1776295200000,0.48915,0.49793,0.48898,0.49793,61257513.6,1776295499999,30297251.32446000,1714,61256512.9,30296760.78885400,0
1776295500000,0.49793,0.50142,0.49793,0.50091,31883866.1,1776295799999,15910654.76505600,1257,31524453.5,15731094.73510800,0
1776295800000,0.50091,0.50155,0.49515,0.49657,26541774.3,1776296099999,13194876.40521300,945,236275.1,117048.46895100,0
1776296100000,0.49668,0.50214,0.49668,0.50214,35370243.9,1776296399999,17676070.21714500,1315,35363955.2,17672934.21639600,0
1776296400000,0.50218,0.50743,0.50218,0.50677,44981949.6,1776296699999,22711938.52985900,1376,44980685.4,22711299.02588900,0
1776296700000,0.50665,0.50743,0.50366,0.50662,6106.7,1776296999999,3087.34704700,487,829.7,420.99293300,0
1776297000000,0.50671,0.50738,0.50246,0.50609,12018460.1,1776297299999,6045552.91302200,797,787779.9,398273.50284300,0
1776297300000,0.50609,0.50776,0.50518,0.50764,5392649.7,1776297599999,2735828.12196500,663,5389707.2,2734338.41035700,0
1776297600000,0.50756,0.5141,0.50756,0.51024,42494619.5,1776297899999,21709227.79427400,1058,34168166.2,17469388.31728800,0
1776297900000,0.51024,0.51514,0.51024,0.51459,6223572.4,1776298199999,3200865.66465500,828,6220328.5,3199197.59738100,0
1776298200000,0.51456,0.51514,0.50967,0.51011,16250890.4,1776298499999,8330736.14350000,1048,1854140.9,948009.82287800,0
1776298500000,0.51011,0.51299,0.50927,0.51,6334767.1,1776298799999,3227115.32543200,586,2858.3,1459.60011000,0
1776298800000,0.51,0.51331,0.50778,0.50778,22763722.8,1776299099999,11641287.81301700,1079,16925950.5,8671847.29793500,0
1776299100000,0.50778,0.50833,0.50656,0.50683,739111.5,1776299399999,375065.48077500,477,4486.0,2276.78747200,0
1776299400000,0.50683,0.5134,0.50683,0.5134,42156199.1,1776299699999,21552523.86175300,1299,42155210.9,21552018.84020900,0
1776299700000,0.5134,0.51649,0.51164,0.51649,18796439.0,1776299999999,9675977.36201300,1010,18782100.1,9668615.04402600,0
1776300000000,0.51649,0.51671,0.51164,0.51185,11549346.5,1776300299999,5919583.33671800,739,47668.6,24618.96817000,0
1776300300000,0.51185,0.51186,0.50309,0.50413,20817888.2,1776300599999,10568532.96267800,985,6384.2,3260.53715300,0
1776300600000,0.50413,0.5083,0.50413,0.505,18801017.7,1776300899999,9534372.30168000,1149,4736044.6,2401488.28018300,0
1776300900000,0.50495,0.50615,0.50271,0.50291,4837.3,1776301199999,2438.70684300,533,101.5,51.37043900,0
1776301200000,0.5028,0.50645,0.50117,0.50117,21508189.9,1776301499999,10808010.39099800,982,1132140.7,573134.27268000,0
1776301500000,0.50117,0.50525,0.50095,0.50104,5954709.4,1776301799999,2988917.54686700,859,597361.5,301455.53798900,0
1776301800000,0.50095,0.50229,0.49724,0.49724,33692148.7,1776302099999,16806336.52494000,1315,1810.6,906.80238500,0
1776302100000,0.49724,0.49801,0.49504,0.49776,6884217.3,1776302399999,3418793.25792600,970,44080.4,21852.41437400,0
1776302400000,0.49776,0.49817,0.4923,0.49519,20036149.3,1776302699999,9895518.89136300,742,1653.8,818.42856500,0
1776302700000,0.49519,0.50717,0.49519,0.50717,113676173.4,1776302999999,56921621.58790600,1855,113672056.8,56919539.94972100,0
1776303000000,0.50717,0.50717,0.4993,0.4993,12485946.4,1776303299999,6270324.28443800,846,1241.4,623.79225800,0
1776303300000,0.4993,0.50239,0.49867,0.50239,7103238.6,1776303599999,3565256.83581500,741,6497949.6,3263255.47059500,0
1776303600000,0.50239,0.50294,0.49851,0.49906,23776195.5,1776303899999,11900999.26335100,931,4576911.9,2300508.94418700,0
1776303900000,0.49906,0.50026,0.49835,0.49999,1295544.6,1776304199999,645781.13424500,416,4583.3,2290.16560400,0
1776304200000,0.50003,0.50528,0.49836,0.50528,29793372.2,1776304499999,14971379.68739900,1434,29774962.8,14962123.88586900,0
1776304500000,0.50528,0.51069,0.50528,0.50772,53895167.0,1776304799999,27329569.73323600,1240,50630520.9,25676296.97566100,0
1776304800000,0.50772,0.50847,0.50185,0.50185,30559350.1,1776305099999,15401970.51429800,1354,1845.9,934.96329200,0
1776305100000,0.50185,0.50306,0.49655,0.49994,23826016.2,1776305399999,11898453.39086900,759,632374.1,316225.62010100,0
1776305400000,0.49994,0.5012,0.49921,0.49969,4002814.7,1776305699999,2005043.03385400,535,3998362.7,2002817.86387500,0
1776305700000,0.49969,0.50261,0.49969,0.50129,5022801.3,1776305999999,2522619.55765900,496,5020571.4,2521501.29127500,0
1776306000000,0.50129,0.50268,0.49987,0.5012,4970.9,1776306299999,2488.35602700,520,43.7,21.96711600,0
1776306300000,0.50116,0.50269,0.49932,0.50226,905931.1,1776306599999,454554.33449900,597,872598.0,437844.77580500,0
1776306600000,0.50226,0.50228,0.4955,0.49697,30338968.6,1776306899999,15103089.32065600,1293,1112.8,552.44314200,0
1776306900000,0.497,0.49764,0.49534,0.49764,506329.9,1776307199999,250859.35594400,557,2901.3,1440.74444800,0
1776307200000,0.49764,0.49871,0.49494,0.49871,5928493.3,1776307499999,2935390.79472500,765,5174.9,2574.99677000,0
1776307500000,0.49871,0.50146,0.49871,0.49917,18230277.9,1776307799999,9104164.23846300,1080,18226875.7,9102463.65991500,0
1776307800000,0.49917,0.50169,0.49786,0.49946,3369908.2,1776308099999,1681848.20353900,598,562258.3,282022.80944100,0
1776308100000,0.49946,0.50172,0.49876,0.50063,99386.0,1776308399999,49856.13101600,537,94500.6,47412.21691000,0
1776308400000,0.50046,0.50245,0.49925,0.50245,6830899.8,1776308699999,3430953.24467300,514,6828161.3,3429583.43088100,0
1776308700000,0.50245,0.50344,0.49961,0.5006,9714463.1,1776308999999,4885142.88269300,550,9315727.6,4685511.77818300,0
1776309000000,0.50054,0.50293,0.49832,0.49837,22689858.7,1776309299999,11334910.68846600,1263,1372073.3,688124.48049200,0
1776309300000,0.49844,0.49876,0.49703,0.49703,868754.3,1776309599999,432818.07622800,588,941.9,469.53927000,0
1776309600000,0.49703,0.49754,0.49352,0.49352,16046812.5,1776309899999,7933230.78597200,839,404.7,200.09997500,0
1776309900000,0.49352,0.4941,0.49203,0.4941,2740902.1,1776310199999,1352318.78217100,666,882555.3,435847.05993500,0
1776310200000,0.4941,0.49509,0.49146,0.4919,14219144.6,1776310499999,7025912.35053300,729,11179746.4,5531719.87445700,0
1776310500000,0.4919,0.4952,0.4919,0.49305,1313502.6,1776310799999,650306.57067900,510,1310239.9,648696.77399700,0
1776310800000,0.49311,0.49521,0.49231,0.4927,6029.8,1776311099999,2973.61923700,602,631.3,311.69763100,0
1776311100000,0.4927,0.49366,0.48985,0.49142,23300862.7,1776311399999,11439059.72766600,854,2050.0,1008.09126900,0
1776311400000,0.49142,0.49142,0.48697,0.49017,33231056.9,1776311699999,16246184.16207400,1411,6945678.9,3401528.85069200,0
1776311700000,0.49019,0.49242,0.49019,0.49084,19476751.2,1776311999999,9565488.59544400,978,19473789.0,9564033.92639600,0
1776312000000,0.49084,0.49254,0.4904,0.4924,26631.2,1776312299999,13107.42352800,600,14209.7,6996.23224800,0
1776312300000,0.4924,0.49276,0.48976,0.49074,10076.0,1776312599999,4956.82134800,406,6818.6,3357.64037700,0
1776312600000,0.49082,0.49523,0.49055,0.49523,24520620.9,1776312899999,12106183.89612000,794,24514519.5,12103172.27484200,0
1776312900000,0.49523,0.49574,0.49357,0.49357,55838.3,1776313199999,27657.44001700,497,51896.2,25707.09291500,0
1776313200000,0.49348,0.49348,0.48706,0.48722,38278426.1,1776313499999,18787890.39278100,1065,507.2,247.74664100,0
1776313500000,0.48717,0.49003,0.48706,0.49,2877827.1,1776313799999,1409866.37618400,650,2873291.0,1407656.56430800,0
1776313800000,0.48976,0.49091,0.48758,0.49018,4324411.6,1776314099999,2120571.50653400,455,4316014.2,2116471.72930700,0
1776314100000,0.49029,0.49818,0.49015,0.4967,35659877.0,1776314399999,17654735.76662900,1148,35202018.1,17427276.41853300,0
1776314400000,0.49673,0.5012,0.4958,0.5012,25827727.3,1776314699999,12907846.84335200,971,25622516.9,12806045.14991900,0
1776314700000,0.5012,0.50593,0.49933,0.50113,52704969.9,1776314999999,26471279.73597500,1203,33434320.1,16818568.01971600,0
1776315000000,0.50113,0.50439,0.50034,0.50439,9115600.8,1776315299999,4579465.47275300,744,4367215.0,2194564.73721900,0
1776315300000,0.50438,0.50878,0.50429,0.50734,23117924.2,1776315599999,11744971.87831900,991,23111679.8,11741806.92798900,0
1776315600000,0.50734,0.51696,0.50685,0.51268,63809541.0,1776315899999,32643308.65889500,1406,59184596.1,30268339.24287700,0
1776315900000,0.51268,0.51268,0.50685,0.50867,46909307.9,1776316199999,23887124.69129200,1409,2319210.8,1181491.22503400,0
1776316200000,0.50879,0.5099,0.50155,0.50155,52186323.1,1776316499999,26326027.22393300,1543,1668122.5,842583.39523200,0
1776316500000,0.50155,0.50317,0.49995,0.50078,6942187.6,1776316799999,3476767.24185100,1035,1220260.7,611782.50868800,0
1776316800000,0.50095,0.5032,0.49835,0.49974,15839453.7,1776317099999,7918620.24340400,1237,2081749.1,1044516.72586000,0
1776317100000,0.49975,0.50123,0.49835,0.50008,1240963.4,1776317399999,621192.76148800,519,1038878.5,520117.66926000,0
1776317400000,0.50032,0.5007,0.49639,0.49639,21460538.6,1776317699999,10674004.07153100,972,40002.4,19955.26734000,0
1776317700000,0.49639,0.49815,0.4958,0.49625,5231028.0,1776317999999,2595564.13031600,795,3733.2,1856.18519100,0
1776318000000,0.49625,0.49891,0.49578,0.49592,17079.6,1776318299999,8498.10616600,511,10711.7,5336.68617300,0
1776318300000,0.49592,0.49717,0.49529,0.49704,3498713.9,1776318599999,1733521.96621600,769,2194.9,1089.46522600,0
1776318600000,0.49696,0.49712,0.4938,0.4947,12927764.1,1776318899999,6394469.89351800,691,11776.4,5842.04777000,0
1776318900000,0.49473,0.49628,0.4903,0.49175,24245481.8,1776319199999,11931144.48178200,863,2626.5,1297.19937900,0
1776319200000,0.4919,0.49453,0.49031,0.49399,5368456.5,1776319499999,2651800.68909000,610,5285956.1,2611030.47496200,0
1776319500000,0.49399,0.49714,0.49388,0.49621,17170294.4,1776319799999,8510431.68249000,952,17167073.1,8508833.26139700,0
1776319800000,0.49618,0.49714,0.49481,0.49575,953297.8,1776320099999,472242.03098900,522,4858.7,2411.68081400,0
1776320100000,0.4957,0.49583,0.49449,0.49449,4358.9,1776320399999,2157.33059300,450,380.4,188.55510800,0
1776320400000,0.49449,0.49585,0.4921,0.4921,6468226.1,1776320699999,3185395.96143900,795,4346.5,2144.68417900,0
1776320700000,0.4921,0.49332,0.49187,0.49187,767028.1,1776320999999,377430.01393600,519,2548.9,1255.81535600,0
1776321000000,0.49187,0.49368,0.4918,0.49368,4759.2,1776321299999,2345.66131900,462,1340.7,661.60310300,0
1776321300000,0.4937,0.4937,0.49023,0.4908,230243.3,1776321599999,112964.25146700,470,2889.0,1425.94434700,0
1776321600000,0.4908,0.4937,0.4908,0.4937,54602.9,1776321899999,26947.35082100,453,50685.1,25022.28563300,0
1776321900000,0.49105,0.49246,0.49024,0.49218,5049.7,1776322199999,2481.31403800,477,0,0,0
1776322200000,0.49214,0.4937,0.49082,0.49153,5731.3,1776322499999,2818.54519800,544,40.8,20.14296000,0
1776322500000,0.49166,0.49234,0.49024,0.49161,5909.0,1776322799999,2902.56087300,621,456.1,224.23083500,0
1776322800000,0.49153,0.4937,0.48856,0.48856,18535849.3,1776323099999,9074291.12902300,853,21518.1,10608.35415100,0
1776323100000,0.48856,0.48907,0.48728,0.48728,10815152.6,1776323399999,5275457.47476200,1120,59511.0,29043.37589700,0
1776323400000,0.48729,0.48776,0.48142,0.48142,45217632.9,1776323699999,21908502.18443100,1736,39219.3,19085.89197700,0
1776323700000,0.48142,0.48273,0.48097,0.48097,3606930.8,1776323999999,1736221.32547900,670,55744.8,26902.65010200,0
1776324000000,0.48097,0.48246,0.47985,0.47985,11856653.6,1776324299999,5696742.94897600,822,25712.9,12345.50510900,0
1776324300000,0.47985,0.47985,0.47884,0.47935,11336037.5,1776324599999,5433655.60655900,885,3982.4,1909.66755000,0
1776324600000,0.47948,0.47977,0.4776,0.47767,7430.4,1776324899999,3556.25679100,517,846.4,406.01398900,0
1776324900000,0.47767,0.4796,0.47748,0.47936,5063.7,1776325199999,2421.56555000,410,0,0,0
1776325200000,0.47871,0.47882,0.4746,0.47466,23239515.0,1776325499999,11059796.52969700,812,3460.8,1647.75847700,0
1776325500000,0.4746,0.47651,0.4745,0.47609,1380369.4,1776325799999,655070.63907200,597,5874.5,2796.66091900,0
1776325800000,0.47609,0.47655,0.47441,0.47441,4478.2,1776326099999,2128.66274000,418,110.1,52.46529700,0
1776326100000,0.47475,0.47656,0.47285,0.47285,20123.2,1776326399999,9553.45511600,403,5483.5,2613.14566700,0
1776326400000,0.47285,0.4738,0.47096,0.47137,19811580.5,1776326699999,9350306.01695400,785,3428.7,1619.13843500,0
1776326700000,0.4714,0.47243,0.46911,0.47199,1479835.8,1776326999999,698232.06902400,643,1472855.3,694947.51075100,0
1776327000000,0.47199,0.47245,0.47001,0.47028,53950.3,1776327299999,25473.21679700,499,44427.1,20989.58172700,0
1776327300000,0.47028,0.47933,0.46987,0.47512,41082633.1,1776327599999,19507692.01887600,966,24804568.8,11754863.52546500,0
1776327600000,0.47512,0.47617,0.47291,0.47617,18019903.6,1776327899999,8545945.38106900,807,3360043.5,1594935.32623600,0
1776327900000,0.47617,0.48148,0.47476,0.47748,42447462.0,1776328199999,20302948.11034000,1061,18444927.5,8828423.46242500,0
1776328200000,0.47748,0.47761,0.47429,0.47429,12663089.0,1776328499999,6017626.68314500,947,12196.7,5806.20476900,0
1776328500000,0.47431,0.47576,0.4739,0.47403,4106.9,1776328799999,1949.75464500,396,1956.4,929.43412700,0
1776328800000,0.4739,0.47556,0.4739,0.47406,55342.5,1776329099999,26241.53875700,554,0,0,0
1776329100000,0.474,0.47515,0.47059,0.47471,19335017.0,1776329399999,9140772.85031600,902,2595521.8,1228878.34967700,0
1776329400000,0.47455,0.47515,0.47305,0.47329,32173.5,1776329699999,15240.99486800,529,624.7,296.70695500,0
1776329700000,0.47328,0.47366,0.47069,0.47192,19864497.8,1776329999999,9369306.40521100,773,15352.0,7235.72958200,0
1776330000000,0.47192,0.47223,0.46789,0.46789,25377898.7,1776330299999,11914107.77447500,898,4656.4,2183.79576400,0
1776330300000,0.46789,0.4679,0.46259,0.46382,31104846.8,1776330599999,14476967.01533600,587,40164.1,18732.50935700,0
1776330600000,0.46382,0.46421,0.46253,0.46283,351461.0,1776330899999,162578.04261700,174,707.1,327.66187600,0
1776330900000,0.463,0.46677,0.46253,0.46677,29193697.9,1776331199999,13595700.52967500,595,29189006.8,13593530.50677100,0
1776331200000,0.46677,0.46825,0.46638,0.46638,7166549.7,1776331499999,3349861.37394100,580,7156531.8,3345178.50741100,0
1776331500000,0.4662,0.46654,0.46301,0.46564,8052026.2,1776331799999,3736877.83109100,678,1623.0,752.94076000,0
1776331800000,0.46564,0.47364,0.46564,0.47155,61176053.3,1776332099999,28718653.35635100,1155,59007783.9,27706818.07630800,0
1776332100000,0.47155,0.47224,0.46765,0.46765,9874873.1,1776332399999,4636684.67203600,892,222.2,104.00249500,0
1776332400000,0.46765,0.46856,0.46702,0.46813,4010.1,1776332699999,1875.76973500,373,1336.8,625.81225000,0
1776332700000,0.46813,0.46933,0.46696,0.46933,4763903.8,1776332999999,2233226.67934300,588,4759228.1,2231039.85579900,0
1776333000000,0.46933,0.46959,0.46705,0.46842,23078.0,1776333299999,10833.75587300,406,19486.4,9150.54517000,0
1776333300000,0.46842,0.47076,0.46842,0.47033,4138937.9,1776333599999,1944607.95265100,579,4131294.0,1941021.89908300,0
1776333600000,0.47033,0.47259,0.46925,0.47204,17612843.1,1776333899999,8303967.33813300,934,17610716.8,8302966.33409400,0
1776333900000,0.47204,0.47338,0.47033,0.47033,8564959.4,1776334199999,4050533.57445000,849,8056450.3,3810840.99320900,0
1776334200000,0.47033,0.47033,0.46801,0.46928,15644276.7,1776334499999,7337357.10997600,913,1781.4,834.94474200,0
1776334500000,0.4693,0.47314,0.46859,0.47314,13864558.6,1776334799999,6529296.82120500,737,13861611.0,6527908.82677500,0
1776334800000,0.47314,0.47365,0.4719,0.47289,4895.5,1776335099999,2313.73277400,493,1027.4,486.39017500,0
1776335100000,0.47289,0.4764,0.47189,0.47369,18632026.8,1776335399999,8859587.42707200,755,18607356.9,8847927.84343400,0
1776335400000,0.47369,0.47464,0.47274,0.47403,5352.2,1776335699999,2534.00450600,504,0,0,0
1776335700000,0.47403,0.48872,0.47403,0.48872,48112465.4,1776335999999,23214976.86471200,840,47980177.6,23150628.78240200,0
1776336000000,0.48872,0.49128,0.48525,0.49128,39009521.9,1776336299999,19081035.18147100,1169,36549326.0,17884793.86795700,0
1776336300000,0.49128,0.49907,0.49128,0.49558,63739812.6,1776336599999,31499478.18362200,1000,52088312.1,25729057.03000700,0
1776336600000,0.49558,0.50168,0.49558,0.50168,16310932.9,1776336899999,8160612.38006000,1181,16300538.2,8155420.48866500,0
1776336900000,0.50168,0.50817,0.50165,0.50628,51988846.1,1776337199999,26264875.23091700,1691,51986466.4,26263671.85196400,0
1776337200000,0.50619,0.50638,0.49772,0.50023,45386353.0,1776337499999,22735464.24718800,1224,410697.5,205436.81187500,0
1776337500000,0.50023,0.50406,0.49404,0.49553,58281118.1,1776337799999,29090437.70252800,1571,16738284.9,8417523.55384400,0
1776337800000,0.4957,0.49892,0.49396,0.49562,13754728.2,1776338099999,6841253.36458400,1067,11417089.0,5683889.01698700,0
1776338100000,0.49562,0.4991,0.49393,0.49477,8617329.6,1776338399999,4287492.75962500,1118,4124487.9,2055436.86395000,0
1776338400000,0.49477,0.49562,0.49121,0.49121,18000902.3,1776338699999,8856909.96740000,1098,3390.9,1669.86508700,0
1776338700000,0.49121,0.4925,0.48804,0.48804,33936839.4,1776338999999,16616694.25489700,1634,4065.2,1994.30087000,0
1776339000000,0.48804,0.48849,0.48564,0.48849,16376943.5,1776339299999,7971714.05475300,1104,12607.0,6127.25646100,0
1776339300000,0.48849,0.49102,0.48564,0.49007,19767615.8,1776339599999,9681069.92919200,1272,19756651.0,9675694.23437000,0
1776339600000,0.49007,0.49146,0.48784,0.48784,14961333.1,1776339899999,7317280.78610500,926,2623975.3,1288864.21686500,0
1776339900000,0.48784,0.48784,0.48591,0.48627,15933943.3,1776340199999,7761191.82638700,1002,3260.1,1586.98246800,0
1776340200000,0.48629,0.48667,0.48209,0.48215,21742182.9,1776340499999,10510964.42767700,1043,5202.1,2511.18551200,0
1776340500000,0.48215,0.48664,0.48214,0.48448,17915821.2,1776340799999,8705186.16488700,1039,17912199.0,8703433.42729000,0
1776340800000,0.48613,0.48645,0.48374,0.48392,6471.9,1776341099999,3139.90417900,641,0,0,0
1776341100000,0.48392,0.48505,0.47819,0.4784,17653786.0,1776341399999,8505508.74617900,1381,735.3,352.15046900,0
1776341400000,0.4784,0.49297,0.47819,0.49061,92612066.3,1776341699999,45148747.65075900,1560,92602052.5,45143890.58365200,0
1776341700000,0.49061,0.49297,0.48783,0.4914,21336740.3,1776341999999,10435879.66768000,1168,8401163.1,4114301.97255600,0
1776342000000,0.49156,0.49294,0.48995,0.49066,5805.9,1776342299999,2852.03467400,625,0,0,0
1776342300000,0.49066,0.49074,0.4873,0.48741,10168201.5,1776342599999,4971446.70262800,806,1334.5,650.86129800,0
1776342600000,0.48741,0.48806,0.48216,0.48253,16841266.2,1776342899999,8171392.29546700,848,5824.2,2813.77527400,0
1776342900000,0.48257,0.48513,0.48236,0.48365,5468.2,1776343199999,2647.42166400,574,2666.3,1290.25504200,0
1776343200000,0.48365,0.48476,0.48213,0.48263,5608.2,1776343499999,2712.50943300,531,0,0,0
1776343500000,0.48262,0.48388,0.48212,0.48316,127209.6,1776343799999,61334.44538100,474,0,0,0
1776343800000,0.48316,0.48514,0.48316,0.48397,5726.4,1776344099999,2774.77404600,633,404.2,196.00756100,0
1776344100000,0.48408,0.48778,0.48366,0.48732,17952883.7,1776344399999,8732620.81370300,893,17946130.5,8729343.60093500,0
1776344400000,0.48732,0.49655,0.48722,0.49652,57774228.8,1776344699999,28370825.34825500,1462,57769656.3,28368570.68678500,0
1776344700000,0.49655,0.50385,0.49619,0.50107,61013007.1,1776344999999,30443805.61267000,1247,60392814.8,30131924.52070000,0
1776345000000,0.50107,0.50107,0.49609,0.49854,8879920.0,1776345299999,4417161.56644700,699,635758.0,317147.01774900,0
1776345300000,0.49854,0.49932,0.49672,0.49743,6311.4,1776345599999,3144.41187000,578,1480.4,739.17167300,0
1776345600000,0.49743,0.49789,0.49595,0.49741,4687.8,1776345899999,2327.97003300,411,0,0,0
1776345900000,0.49796,0.49991,0.49705,0.49786,969949.4,1776346199999,484344.37766200,577,964047.8,481404.84481400,0
1776346200000,0.49809,0.5004,0.49726,0.49726,38430.1,1776346499999,19122.97637100,405,541.5,270.83527300,0
1776346500000,0.49722,0.49751,0.49441,0.49666,27768152.6,1776346799999,13765740.22826400,1153,173702.0,85895.27961900,0
1776346800000,0.4967,0.50045,0.49396,0.50038,38176180.5,1776347099999,18987845.83930000,1191,33271172.4,16563262.02854800,0
1776347100000,0.50038,0.50077,0.49773,0.49785,612365.1,1776347399999,306183.72896200,741,599188.2,299609.16134100,0
1776347400000,0.49774,0.50773,0.49737,0.50773,62196018.0,1776347699999,31321915.40379400,1213,62174942.3,31311247.85220600,0
1776347700000,0.50773,0.5128,0.50392,0.50573,62663332.3,1776347999999,31882414.92840600,1847,36743593.5,18744303.82986800,0
1776348000000,0.50573,0.50609,0.49153,0.49153,107805262.4,1776348299999,53696607.18335100,1906,12016.9,5985.76071300,0
1776348300000,0.49153,0.49277,0.4904,0.49214,5906708.7,1776348599999,2898692.48959800,931,82799.2,40708.90686100,0
1776348600000,0.49164,0.49885,0.49128,0.49784,15497594.0,1776348899999,7676952.74044900,1092,15449974.0,7653258.61522300,0
1776348900000,0.49784,0.50025,0.49739,0.49788,7058243.2,1776349199999,3523160.73394200,806,7048757.1,3518434.40868100,0
1776349200000,0.49788,0.50102,0.49788,0.49933,32175.2,1776349499999,16064.45444800,657,7371.4,3688.74777500,0
1776349500000,0.49933,0.50175,0.49856,0.50091,4926742.6,1776349799999,2470279.84745800,769,4921487.6,2467650.79356000,0
1776349800000,0.50091,0.50175,0.49881,0.49989,7722.1,1776350099999,3859.06239800,619,29.8,14.95215000,0
1776350100000,0.49989,0.50336,0.49989,0.5029,12069567.6,1776350399999,6063971.17566400,976,12065036.5,6061693.29504500,0
1776350400000,0.50313,0.50328,0.49991,0.50008,6391.2,1776350699999,3203.50635100,669,0,0,0
1776350700000,0.50008,0.50044,0.49733,0.49812,19794389.7,1776350999999,9866875.56771000,1194,1859.5,926.55716300,0
1776351000000,0.49809,0.49876,0.4967,0.4967,6500.8,1776351299999,3237.98364300,659,1509.1,752.44374700,0
1776351300000,0.49666,0.50001,0.49616,0.49948,6910317.8,1776351599999,3450581.61114000,746,6902643.0,3446760.16486400,0
1776351600000,0.49955,0.50215,0.499,0.50215,17162798.1,1776351899999,8593732.26426500,988,17158885.0,8591776.68605300,0
1776351900000,0.50201,0.50224,0.49718,0.49718,13151838.7,1776352199999,6549147.71035400,847,697.3,349.15749300,0
1776352200000,0.49718,0.49718,0.49424,0.49424,26389849.6,1776352499999,13074872.58911300,1515,1052.6,521.41801100,0
1776352500000,0.49424,0.49424,0.48633,0.48633,56122193.6,1776352799999,27515960.85393200,2031,18243.0,8940.97497700,0
1776352800000,0.48633,0.49087,0.48502,0.48997,31094916.1,1776353099999,15176517.66293200,889,20390352.2,9978367.59802900,0
1776353100000,0.48997,0.49088,0.48859,0.4908,583186.9,1776353399999,285243.25222600,404,1678.9,824.12622400,0
1776353400000,0.4908,0.49109,0.4876,0.4876,3524869.8,1776353699999,1730665.94635700,813,3480937.9,1709194.82724100,0
1776353700000,0.4876,0.48813,0.48415,0.48415,27085471.3,1776353999999,13165347.90350800,1546,26557.8,12877.46807800,0
1776354000000,0.48415,0.48415,0.47896,0.47924,33702809.3,1776354299999,16217111.68190900,1582,129802.7,62324.44453900,0
1776354300000,0.4793,0.47954,0.47669,0.47742,18428988.5,1776354599999,8798265.79565000,1096,101032.3,48349.88110700,0
1776354600000,0.47742,0.47771,0.47449,0.47449,14020215.6,1776354899999,6660620.10322000,1137,84506.6,40169.78147700,0
1776354900000,0.47449,0.47457,0.47177,0.47261,22747671.0,1776355199999,10766848.91875100,1442,271888.8,128481.67337600,0
1776355200000,0.47261,0.47334,0.46808,0.46809,22203164.0,1776355499999,10420542.19660300,1225,133160.3,62383.51455200,0
1776355500000,0.46809,0.47384,0.46808,0.47129,20427907.6,1776355799999,9645491.16185200,1004,20227354.5,9550626.91703500,0
1776355800000,0.47129,0.48428,0.4687,0.48385,102092440.9,1776356099999,48655683.50206200,1907,81594323.1,39019501.72944900,0
1776356100000,0.48412,0.49165,0.48313,0.48628,74441263.0,1776356399999,36229853.59376500,1477,62314353.4,30320120.60616000,0
1776356400000,0.48632,0.49448,0.48632,0.49177,58197784.4,1776356699999,28595708.97754500,1685,58195478.6,28594579.65362000,0
1776356700000,0.49177,0.49181,0.48336,0.48336,51326287.4,1776356999999,24981686.85328300,1685,2276.6,1104.83969800,0
1776357000000,0.48336,0.48336,0.47633,0.47902,40449240.5,1776357299999,19447072.99462600,1408,5574362.3,2673148.96987200,0
1776357300000,0.47902,0.47912,0.47504,0.4778,20724804.8,1776357599999,9868399.29532000,1187,6225605.8,2968449.67993200,0
1776357600000,0.4778,0.47989,0.4718,0.4718,53023707.4,1776357899999,25221216.35260300,1609,11117536.2,5325273.51566100,0
1776357900000,0.47173,0.47484,0.47115,0.47313,3613438.5,1776358199999,1710190.67092300,817,1437441.8,682358.55549100,0
1776358200000,0.47313,0.47657,0.47228,0.47314,17653029.7,1776358499999,8388568.39092000,880,16158438.1,7679240.68628600,0
1776358500000,0.47318,0.47361,0.47242,0.47361,3764667.9,1776358799999,1781263.76348500,779,2266559.2,1073029.69779200,0
1776358800000,0.47361,0.47923,0.47322,0.47923,53560418.2,1776359099999,25540660.45969200,1516,52620569.1,25094446.64691000,0
1776359100000,0.47923,0.47947,0.47486,0.47605,15420707.5,1776359399999,7351585.47163500,720,7343856.7,3510382.24560200,0
1776359400000,0.47605,0.47626,0.47476,0.47527,5018557.7,1776359699999,2384313.12449500,575,1042519.5,495667.29531400,0
1776359700000,0.47511,0.47914,0.47476,0.47843,24514009.7,1776359999999,11718249.43510100,818,24512525.7,11717544.02924700,0
1776360000000,0.47843,0.48701,0.47778,0.48701,83120802.1,1776360299999,40138286.17409500,1370,83117637.3,40136753.88300100,0
1776360300000,0.48701,0.49227,0.48607,0.49179,61621477.5,1776360599999,30150417.66513000,1219,61611738.7,30145660.73945200,0
1776360600000,0.49179,0.49243,0.4902,0.49165,2899.7,1776360899999,1424.82233900,289,890.7,438.21611600,0
1776360900000,0.49165,0.49546,0.49051,0.49433,28674727.2,1776361199999,14160000.10066500,917,28667940.5,14156649.71894700,0
1776361200000,0.49433,0.49546,0.49337,0.49366,20373.0,1776361499999,10068.17129900,374,2683.4,1329.49686000,0
1776361500000,0.49362,0.49362,0.4911,0.49234,10407438.9,1776361799999,5117747.39118700,717,0,0,0
1776361800000,0.49227,0.49546,0.49215,0.49368,22074.9,1776362099999,10930.18835300,407,18000.0,8918.25948000,0
1776362100000,0.49396,0.49462,0.48362,0.48362,66809497.1,1776362399999,32620460.02322400,1438,6042.0,2938.14609000,0
1776362400000,0.48362,0.48639,0.48039,0.4857,33530270.8,1776362699999,16191171.34122500,953,9548875.2,4626889.28572600,0
1776362700000,0.4857,0.48693,0.48276,0.48303,36464257.4,1776362999999,17667413.82911100,1621,10142317.6,4930839.35852500,0
1776363000000,0.48303,0.48417,0.48146,0.48146,6892.7,1776363299999,3326.04085900,765,1398.5,676.42379400,0
1776363300000,0.48146,0.48168,0.47892,0.4792,19655264.5,1776363599999,9430344.29078000,1249,1683.8,808.28647000,0
1776363600000,0.4792,0.48009,0.4786,0.47941,7340.2,1776363899999,3519.63293700,667,3018.6,1448.24907800,0
1776363900000,0.47968,0.48225,0.47966,0.48165,11408771.7,1776364199999,5498127.83947600,933,11405229.6,5496425.06411900,0
1776364200000,0.48165,0.48242,0.48109,0.48158,172007.0,1776364499999,82966.12188500,620,165849.9,80001.00973500,0
1776364500000,0.48158,0.48225,0.47933,0.47935,6205.7,1776364799999,2982.24234800,638,0,0,0
1776364800000,0.47943,0.48258,0.47933,0.48258,4804.5,1776365099999,2307.33306900,519,957.0,460.73501100,0
1776365100000,0.48266,0.48307,0.48041,0.48267,3953304.9,1776365399999,1909496.59154900,640,3948514.9,1907190.04401300,0
1776365400000,0.48267,0.48416,0.48243,0.48394,461235.8,1776365699999,222840.64239500,646,457053.4,220820.66881400,0
1776365700000,0.48394,0.48438,0.4802,0.48032,17266105.3,1776365999999,8324187.09374500,931,638709.3,309286.75042500,0
1776366000000,0.48032,0.48445,0.48032,0.48246,7491011.3,1776366299999,3616103.21686800,833,7479828.9,3610700.92544700,0
1776366300000,0.48243,0.4836,0.48118,0.48157,6419.9,1776366599999,3095.93968100,629,0,0,0
1776366600000,0.48157,0.48445,0.48104,0.48222,7103.7,1776366899999,3422.20684800,636,354.8,171.86459000,0
1776366900000,0.48222,0.48222,0.4782,0.4787,13994955.5,1776367199999,6724578.07760100,970,287475.6,137883.23678300,0
1776367200000,0.4787,0.48161,0.4787,0.48088,3811592.6,1776367499999,1832030.57612800,1013,3752238.9,1803473.95139900,0
1776367500000,0.48085,0.48085,0.4796,0.48011,12142793.1,1776367799999,5831059.95781200,1116,2033.8,976.76387500,0
1776367800000,0.48011,0.4816,0.47916,0.48153,7002.6,1776368099999,3365.15438700,659,2804.2,1348.75378900,0
1776368100000,0.48153,0.48166,0.47966,0.48081,5976.7,1776368399999,2873.31362300,564,370.2,178.29779000,0
1776368400000,0.48087,0.48263,0.48024,0.48192,3215722.4,1776368699999,1549702.58746600,667,3209774.2,1546838.89298600,0
1776368700000,0.48194,0.48264,0.48059,0.48072,5665.0,1776368999999,2726.17759000,578,124.1,59.89562400,0
1776369000000,0.48072,0.4816,0.4805,0.48117,5173.0,1776369299999,2487.82850500,497,0,0,0
1776369300000,0.48137,0.48137,0.47736,0.47736,23809159.9,1776369599999,11394410.99560300,1039,10.8,5.15635200,0
1776369600000,0.47736,0.47872,0.47695,0.47695,244729.6,1776369899999,116855.14220800,530,32660.8,15623.67436500,0
1776369900000,0.47695,0.47864,0.47439,0.47439,16208735.5,1776370199999,7701763.55008000,1033,245.7,116.94557500,0
1776370200000,0.47439,0.47726,0.47438,0.4768,11886.5,1776370499999,5652.91928900,680,3820.1,1819.54137800,0
1776370500000,0.4768,0.4772,0.47578,0.4761,6502.9,1776370799999,3099.21008700,596,0,0,0
1776370800000,0.4761,0.47684,0.4752,0.47619,6452.0,1776371099999,3071.30957400,591,0,0,0
1776371100000,0.47633,0.4773,0.47438,0.47587,29955.7,1776371399999,14225.88596600,663,1222.9,583.68625400,0
1776371400000,0.4759,0.4759,0.47238,0.47238,14303459.1,1776371699999,6771523.58302500,1343,49805.3,23607.52150700,0
1776371700000,0.47238,0.47289,0.47199,0.47289,736389.7,1776371999999,347783.72171700,717,2093.6,989.44020200,0
1776372000000,0.47289,0.4739,0.47199,0.47332,8371.6,1776372299999,3960.40930400,751,2240.7,1060.96062900,0
1776372300000,0.47332,0.47633,0.47328,0.47595,13226581.8,1776372599999,6293761.02284000,1009,13222779.5,6291954.01989400,0
1776372600000,0.47602,0.48001,0.47595,0.47947,22441478.1,1776372899999,10721726.95213200,1382,22438658.4,10720376.45715400,0
1776372900000,0.47947,0.4818,0.47947,0.48128,12607171.7,1776373199999,6059070.46498900,1094,12546033.5,6029655.46459100,0
1776373200000,0.48122,0.48289,0.48096,0.48207,42727.5,1776373499999,20591.17332400,647,20160.4,9732.58749400,0
1776373500000,0.48207,0.48349,0.4812,0.4832,6733.9,1776373799999,3250.54049600,687,1628.0,786.57435200,0
1776373800000,0.4832,0.48456,0.48299,0.48299,6043198.1,1776374099999,2925400.26913400,931,6039310.9,2923519.87830000,0
1776374100000,0.48299,0.48331,0.48177,0.48272,5913.7,1776374399999,2853.06918800,561,0,0,0
1776374400000,0.48272,0.48448,0.48159,0.48297,4494.3,1776374699999,2169.13947300,430,43.4,21.02643200,0
1776374700000,0.48297,0.48459,0.48152,0.4818,6994.6,1776374999999,3375.14670200,564,1054.5,510.98550700,0
1776375000000,0.4818,0.4818,0.4801,0.4801,12636868.8,1776375299999,6077321.91508100,1074,1909.2,918.49242000,0
1776375300000,0.48008,0.482,0.48008,0.4819,16483.3,1776375599999,7919.30480100,544,1290.2,621.55100200,0
1776375600000,0.4819,0.48627,0.48157,0.48617,31718488.2,1776375899999,15363433.03616900,1264,31698185.7,15353607.14314800,0
1776375900000,0.48617,0.48889,0.4861,0.48789,15385751.9,1776376199999,7505423.53687600,886,15383934.7,7504539.38816900,0
1776376200000,0.48824,0.48889,0.48484,0.48484,4280887.4,1776376499999,2077180.37911500,769,16880.1,8251.75023300,0
1776376500000,0.48484,0.48608,0.48443,0.48507,6319914.7,1776376799999,3062848.59321700,987,1067148.4,517249.09957400,0
1776376800000,0.48507,0.48689,0.48454,0.48638,6341.9,1776377099999,3081.09336500,655,2214.9,1076.97003100,0
1776377100000,0.48638,0.4867,0.48356,0.48368,6343.1,1776377399999,3073.79914800,654,0,0,0
1776377400000,0.48368,0.4869,0.48368,0.48452,10925.9,1776377699999,5304.96533900,614,4423.5,2153.78126600,0
1776377700000,0.48452,0.48524,0.48356,0.48403,8667.7,1776377999999,4197.98907700,616,0,0,0
1776378000000,0.48403,0.48489,0.48338,0.48338,6791.3,1776378299999,3286.79904100,675,0,0,0
1776378300000,0.48338,0.48351,0.48208,0.48328,9620250.1,1776378599999,4642691.92861600,886,3186.8,1538.02031700,0
1776378600000,0.48328,0.4849,0.48326,0.48388,6861.1,1776378899999,3319.64774800,694,2960.5,1432.62937700,0
1776378900000,0.48388,0.4843,0.48312,0.48356,6763.0,1776379199999,3272.05346200,627,0,0,0
1776379200000,0.48356,0.48474,0.48305,0.48462,6286.8,1776379499999,3043.68575700,590,0,0,0
1776379500000,0.48462,0.48489,0.48325,0.48426,6387.6,1776379799999,3091.33191700,605,0,0,0
1776379800000,0.48442,0.48496,0.48182,0.48283,25775.4,1776380099999,12432.03192100,693,1456.6,706.32650300,0
1776380100000,0.48283,0.48526,0.48283,0.48526,24731.5,1776380399999,11990.37850400,694,19473.8,9444.21758400,0
1776380400000,0.48526,0.48981,0.48526,0.48981,39775558.1,1776380699999,19376486.77174900,1767,39766524.7,19372082.78704200,0
1776380700000,0.48988,0.49093,0.4885,0.4885,3651482.3,1776380999999,1790282.75353300,908,3629409.6,1779460.48899800,0
1776381000000,0.4885,0.49105,0.48619,0.4902,10624774.7,1776381299999,5181925.02682700,1012,2471215.9,1213234.55670300,0
1776381300000,0.4902,0.49042,0.48905,0.49032,5988.7,1776381599999,2932.80182100,635,0,0,0
1776381600000,0.49042,0.49252,0.48909,0.49003,28444932.1,1776381899999,13986150.14747700,1088,28441248.5,13984345.01774100,0
1776381900000,0.49003,0.49583,0.49003,0.49583,30948648.4,1776382199999,15289922.25340100,1076,30943808.3,15287543.83923600,0
1776382200000,0.4958,0.49664,0.49504,0.49573,2864045.3,1776382499999,1420535.81579600,762,2852427.7,1414781.75327300,0
1776382500000,0.4957,0.49811,0.49505,0.49811,6198655.3,1776382799999,3084900.96217100,813,6192728.2,3081954.68818700,0
1776382800000,0.49811,0.4994,0.49811,0.49905,8661466.2,1776383099999,4319566.00801800,1018,7848861.7,3914097.51008800,0
1776383100000,0.49905,0.49934,0.49744,0.49816,6670.4,1776383399999,3324.70953300,761,447.1,223.25214600,0
1776383400000,0.49816,0.49942,0.48096,0.49128,43536232.4,1776383699999,21305847.84332100,1360,21765348.3,10614465.90248200,0
1776383700000,0.49144,0.49557,0.49029,0.49172,24591439.9,1776383999999,12137469.03208300,981,19561594.8,9653356.40035400,0
1776384000000,0.49089,0.49181,0.48969,0.49088,69775.0,1776384299999,34232.55751800,637,26284.4,12924.47237000,0
1776384300000,0.49088,0.49261,0.48969,0.49208,6616.1,1776384599999,3252.02958500,590,2301.3,1132.74757200,0
1776384600000,0.49208,0.49445,0.49163,0.49407,21326885.3,1776384899999,10528206.95225100,1077,21282859.9,10506458.55917500,0
1776384900000,0.49407,0.49445,0.49215,0.49243,6560.7,1776385199999,3236.49495300,724,41.8,20.66801000,0
1776385200000,0.49243,0.49314,0.49052,0.4923,6619.8,1776385499999,3255.63423700,681,0,0,0
1776385500000,0.4923,0.49561,0.4923,0.49561,6642.6,1776385799999,3282.30428000,708,2438.4,1207.03513100,0
1776385800000,0.49561,0.49591,0.49311,0.49332,9010.0,1776386099999,4457.76713500,639,2994.6,1484.96016300,0
1776386100000,0.49332,0.49356,0.49086,0.49086,10862696.3,1776386399999,5345402.96801800,940,2227.9,1095.86285000,0
1776386400000,0.49086,0.49086,0.48856,0.49072,16533019.8,1776386699999,8099672.29815400,1452,3873.8,1897.18616900,0
1776386700000,0.49072,0.49072,0.48695,0.48721,8636087.1,1776386999999,4208520.54119900,959,847.7,413.29392700,0
1776387000000,0.48721,0.48934,0.48695,0.48879,7263.0,1776387299999,3548.97338700,706,3391.6,1657.52266200,0
1776387300000,0.48888,0.48903,0.48704,0.48719,6280.4,1776387599999,3065.99538800,616,1009.8,493.51749000,0
1776387600000,0.48716,0.48904,0.48533,0.48669,2203873.2,1776387899999,1069958.11954200,760,12596.1,6157.29613200,0
1776387900000,0.48669,0.48769,0.48584,0.48645,20397.9,1776388199999,9925.50836100,788,15476.5,7531.21190200,0
1776388200000,0.48645,0.48742,0.48572,0.48742,6384.4,1776388499999,3107.26366600,632,2114.5,1030.02224700,0
1776388500000,0.48742,0.48939,0.48664,0.48939,10880902.0,1776388799999,5319385.21830600,884,10877836.0,5317891.39556600,0
1776388800000,0.48939,0.48941,0.48712,0.48932,5668.1,1776389099999,2766.69325900,563,43.1,21.09099500,0
1776389100000,0.48932,0.48942,0.48839,0.48904,552667.8,1776389399999,270478.77349900,705,546610.2,267517.46500500,0
1776389400000,0.48874,0.48942,0.48728,0.48743,272260.7,1776389699999,132815.47967500,752,561.7,274.71825100,0
1776389700000,0.48743,0.48849,0.48724,0.48784,6646.3,1776389999999,3241.02054900,643,0,0,0
1776390000000,0.48784,0.48942,0.48648,0.48684,7248.1,1776390299999,3533.52051200,669,363.7,177.98084600,0
1776390300000,0.4869,0.48942,0.48614,0.48678,7359.3,1776390599999,3582.59505200,658,364.1,178.17657400,0
1776390600000,0.48678,0.48942,0.48612,0.48784,7093.4,1776390899999,3453.90864100,603,363.4,177.83394000,0
1776390900000,0.48784,0.49148,0.48613,0.49065,12412661.0,1776391199999,6086517.66915200,1088,12409286.3,6084864.66772400,0
1776391200000,0.49065,0.4914,0.48658,0.48668,9474727.8,1776391499999,4614123.82360200,887,601.0,292.60685200,0
1776391500000,0.48668,0.48801,0.48642,0.48684,1369848.7,1776391799999,666442.62537400,769,2266.0,1103.78944100,0
1776391800000,0.48675,0.48773,0.48555,0.48773,6678.6,1776392099999,3248.70272000,701,1868.9,910.35371000,0
1776392100000,0.48773,0.4887,0.48712,0.48835,7963.7,1776392399999,3886.30311700,653,5838.2,2849.30648600,0
1776392400000,0.48835,0.49028,0.48779,0.48969,21865664.3,1776392699999,10704480.01628700,944,21861867.5,10702623.02039100,0
1776392700000,0.48969,0.49085,0.48917,0.49026,3808386.9,1776392999999,1867745.90935200,848,3803436.0,1865320.16364400,0
1776393000000,0.49026,0.49205,0.49009,0.49203,43151.6,1776393299999,21184.79842700,659,20906.5,10280.48813100,0
1776393300000,0.49203,0.49205,0.48765,0.48826,11542858.7,1776393599999,5642086.61522000,1382,1963.8,961.54623600,0
1776393600000,0.48826,0.48952,0.48714,0.48714,6109.4,1776393899999,2978.31605400,596,20.5,10.02944800,0
1776393900000,0.48714,0.48819,0.48641,0.48665,7599760.8,1776394199999,3698615.79717100,832,0,0,0
1776394200000,0.48665,0.48856,0.48636,0.48742,32492.6,1776394499999,15808.95808300,716,977.0,476.20632200,0
1776394500000,0.48742,0.48831,0.48636,0.48644,6662.3,1776394799999,3244.55188500,626,0,0,0
1776394800000,0.48636,0.48739,0.48572,0.48646,1392070.0,1776395099999,676610.38585200,875,2008.5,976.87473300,0
1776395100000,0.48646,0.48706,0.48585,0.48682,6444.0,1776395399999,3135.72845900,626,2398.5,1167.41690600,0
1776395400000,0.48695,0.48752,0.48606,0.48665,6709.8,1776395699999,3267.14867100,650,1384.1,674.40653800,0
1776395700000,0.48665,0.48752,0.48525,0.48599,43442.4,1776395999999,21129.17990900,705,18314.7,8928.76112000,0
1776396000000,0.48599,0.48888,0.48583,0.48888,6784.8,1776396299999,3307.01801700,702,3590.5,1753.28501500,0
1776396300000,0.48888,0.49181,0.48888,0.49181,25445194.9,1776396599999,12463653.31831000,1216,25443081.0,12462616.47824500,0
1776396600000,0.49182,0.49366,0.49164,0.49164,4450065.3,1776396899999,2194085.32952500,931,4426739.3,2182582.19921700,0
1776396900000,0.49164,0.49366,0.49099,0.49212,24503.3,1776397199999,12085.68544600,685,18000.0,8885.85884000,0
1776397200000,0.49192,0.4922,0.49078,0.49098,23267.8,1776397499999,11441.45422400,581,0,0,0
1776397500000,0.4913,0.49366,0.48868,0.48917,10821039.2,1776397799999,5293485.84962900,1031,20630.2,10178.23473100,0
1776397800000,0.48883,0.4892,0.48662,0.48662,18911001.6,1776398099999,9222473.29331500,1353,1827.0,892.56730500,0
1776398100000,0.48662,0.48732,0.486,0.48693,3631507.3,1776398399999,1766036.17177400,847,3809.0,1853.34536100,0
1776398400000,0.48732,0.48737,0.48581,0.48603,2096265.9,1776398699999,1018534.41916300,768,2425.9,1180.17768800,0
1776398700000,0.48603,0.48621,0.48452,0.48475,13974403.1,1776398999999,6782372.36612300,1003,31541.5,15307.02052000,0
1776399000000,0.48475,0.48552,0.4845,0.48503,8832.0,1776399299999,4282.23937000,687,3200.2,1552.20025000,0
1776399300000,0.48503,0.48692,0.48503,0.48692,10591.9,1776399599999,5148.28133900,700,7957.7,3866.61981400,0
1776399600000,0.48691,0.48728,0.48593,0.48653,6643.6,1776399899999,3232.86027900,648,707.1,344.45754300,0
1776399900000,0.48665,0.48751,0.4845,0.48641,28410.0,1776400199999,13780.61818100,641,719.1,350.46329400,0
1776400200000,0.48644,0.48751,0.48406,0.48652,24660.6,1776400499999,12005.67009400,650,17989.7,8770.15864700,0
1776400500000,0.48652,0.48825,0.48652,0.48792,6240056.5,1776400799999,3044783.89496400,881,6235338.8,3042483.01013400,0
1776400800000,0.48772,0.48864,0.48576,0.48576,2274328.1,1776401099999,1110788.38041800,870,2269035.5,1108208.16016600,0
1776401100000,0.48576,0.48864,0.48459,0.48535,30013.7,1776401399999,14568.72359000,720,2596.9,1268.92904300,0
1776401400000,0.48535,0.48864,0.48353,0.48432,12394552.6,1776401699999,6000318.44727600,961,18196.2,8890.47597200,0
1776401700000,0.48431,0.4857,0.48353,0.4846,28044.7,1776401999999,13584.91011300,617,19323.8,9360.07935300,0
1776402000000,0.4848,0.4848,0.48243,0.48268,3048077.0,1776402299999,1472603.97159600,849,813.8,392.89170000,0
1776402300000,0.48268,0.48472,0.48139,0.48449,10381.2,1776402599999,5016.75403300,673,6656.3,3219.29714900,0
1776402600000,0.48472,0.48609,0.484,0.48509,16627692.5,1776402899999,8069352.52879500,900,16621903.6,8066545.68431100,0
1776402900000,0.48509,0.48712,0.48509,0.48712,3564395.7,1776403199999,1733430.99149900,848,3561379.2,1731964.44718300,0
1776403200000,0.48712,0.49178,0.48712,0.49178,32834516.1,1776403499999,16086355.10153300,1410,32831385.2,16084818.80476300,0
1776403500000,0.49182,0.49502,0.4917,0.4937,24298018.8,1776403799999,11990152.55453800,1340,24276595.4,11979612.66631600,0
1776403800000,0.49353,0.49849,0.4931,0.49849,23366095.4,1776404099999,11593648.51339000,1023,23361843.1,11591537.83769600,0
1776404100000,0.4985,0.49867,0.49604,0.49715,6483.9,1776404399999,3226.36836900,635,528.5,263.50998700,0
1776404400000,0.49715,0.50111,0.49562,0.49562,37800449.8,1776404699999,18845226.53451000,1309,26056414.2,13011721.58892600,0
1776404700000,0.49562,0.49585,0.49433,0.49585,6637.1,1776404999999,3284.45717500,718,180.0,89.24116500,0
1776405000000,0.49592,0.4962,0.49219,0.49259,21968871.8,1776405299999,10839467.41690100,1578,2093.4,1035.32420100,0
1776405300000,0.49265,0.49433,0.49228,0.49343,9662995.6,1776405599999,4765007.72465100,899,9659573.4,4763320.20352700,0
1776405600000,0.49343,0.49526,0.49215,0.49249,14478.0,1776405899999,7137.02836100,616,1133.8,560.23454100,0
1776405900000,0.49246,0.4929,0.49177,0.49177,3689276.7,1776406199999,1815889.39156500,781,1220624.4,601268.64318700,0
1776406200000,0.49177,0.49437,0.49176,0.49404,6373.1,1776406499999,3144.42328300,643,1994.7,984.45020300,0
1776406500000,0.49404,0.49504,0.49255,0.49486,441613.8,1776406799999,218585.49199400,821,436726.1,216171.20039400,0
1776406800000,0.49486,0.49748,0.4942,0.49748,5470663.3,1776407099999,2715129.65848200,1004,5467588.5,2713608.75638500,0
1776407100000,0.49748,0.49778,0.49393,0.49393,6103782.4,1776407399999,3028383.72007900,953,2957020.1,1471342.75184000,0
1776407400000,0.49393,0.49554,0.49363,0.49532,1262727.8,1776407699999,623623.63917500,838,74270.4,36786.50269900,0
1776407700000,0.49532,0.49561,0.4938,0.49547,6191.3,1776407999999,3064.74298300,591,548.8,271.95559400,0
1776408000000,0.49547,0.49754,0.4938,0.49754,6140.4,1776408299999,3048.38659000,666,4890.5,2428.51238700,0
1776408300000,0.49755,0.50069,0.49755,0.50069,29236466.8,1776408599999,14582141.30851100,1454,29014405.6,14471218.38658600,0
1776408600000,0.50069,0.50094,0.49828,0.49828,6382.1,1776408899999,3187.30070800,667,572.0,286.49530000,0
1776408900000,0.49828,0.50144,0.49822,0.50144,6534.5,1776409199999,3270.54755700,678,2193.3,1099.36491000,0
1776409200000,0.50144,0.50284,0.49822,0.50274,13886519.3,1776409499999,6970193.18175900,1135,13884315.6,6969086.99680100,0
1776409500000,0.50274,0.50285,0.4989,0.49924,6940.1,1776409799999,3473.70675000,714,422.1,212.23642900,0
1776409800000,0.49924,0.50243,0.49882,0.49937,6523.7,1776410099999,3265.21399100,613,0,0,0
1776410100000,0.49937,0.50263,0.4985,0.50218,6213.6,1776410399999,3108.26776800,620,0,0,0
1776410400000,0.50269,0.50347,0.502,0.50239,4365975.7,1776410699999,2196463.05247500,878,4361310.3,2194118.06963800,0
1776410700000,0.50239,0.50375,0.502,0.5037,1272340.1,1776410999999,640776.89680700,771,1268483.2,638835.76510600,0
1776411000000,0.5037,0.51161,0.50328,0.51161,39170736.1,1776411299999,19899291.39711500,1120,39164146.6,19895954.68106000,0
1776411300000,0.51161,0.51177,0.50806,0.50847,3247740.5,1776411599999,1651933.27737400,699,294316.5,150575.27045700,0
1776411600000,0.50847,0.51254,0.5067,0.51254,13795691.8,1776411899999,7034016.75543800,978,7548875.4,3865867.33790300,0
1776411900000,0.51254,0.51747,0.51254,0.51668,27572193.3,1776412199999,14192980.75426600,1493,27566833.9,14190213.10808700,0
1776412200000,0.51672,0.51797,0.51557,0.51797,3656253.8,1776412499999,1892139.98582400,885,3113301.8,1611796.77498400,0
1776412500000,0.51798,0.51934,0.51566,0.51794,7369399.8,1776412799999,3823655.02218200,916,7365016.2,3821386.54197900,0
1776412800000,0.51934,0.53579,0.51906,0.53229,80464943.8,1776413099999,42228729.29998800,1962,71050331.9,37225034.14724700,0
1776413100000,0.53229,0.535,0.52641,0.5282,27334853.1,1776413399999,14459206.42391400,1444,5533111.1,2931379.58273800,0
1776413400000,0.5282,0.53005,0.52686,0.5288,577231.8,1776413699999,305163.93429100,732,270441.5,143177.44045500,0
1776413700000,0.52869,0.53375,0.52863,0.53375,28499675.8,1776413999999,15145485.07687700,1211,28497475.1,15144313.73822500,0
1776414000000,0.53375,0.54285,0.53327,0.53955,92417569.7,1776414299999,49767933.42887600,1720,92414218.0,49766120.44243800,0
1776414300000,0.53955,0.5481,0.53909,0.5481,49140613.5,1776414599999,26788778.42142700,1578,47580452.5,25947502.74606800,0
1776414600000,0.5481,0.55729,0.54625,0.55729,66376460.0,1776414899999,36690501.20248400,1641,66371711.0,36687890.38019900,0
1776414900000,0.55729,0.55904,0.55489,0.55879,8204240.3,1776415199999,4578446.15732600,1032,7494230.8,4183560.83339600,0
1776415200000,0.55879,0.5591,0.51574,0.51574,137394376.5,1776415499999,74062866.62199800,2268,7210892.1,3980054.87142100,0
1776415500000,0.51577,0.544,0.5035,0.544,187015557.7,1776415799999,98138671.28739700,2451,147324746.6,77925585.96457100,0
1776415800000,0.54395,0.5538,0.54313,0.54883,110625933.2,1776416099999,60623546.42015600,1788,87494214.3,47936107.53874000,0
1776416100000,0.54883,0.55569,0.54697,0.55549,49827944.9,1776416399999,27453283.70005900,1439,34360448.5,18965394.10757700,0
1776416400000,0.55549,0.55707,0.55154,0.55631,17771187.9,1776416699999,9847951.51949600,1081,8037430.2,4471533.99248500,0
1776416700000,0.55631,0.55638,0.54886,0.55386,34754315.5,1776416999999,19193263.38116000,1356,13975317.2,7710954.86471900,0
1776417000000,0.55386,0.56108,0.54821,0.54821,56840427.4,1776417299999,31579246.67842300,1912,25640120.7,14278168.32575500,0
1776417300000,0.54821,0.54821,0.53251,0.53339,79110491.7,1776417599999,42765603.27770400,1551,231016.5,126385.71734500,0
1776417600000,0.53339,0.53534,0.52899,0.52899,32885566.7,1776417899999,17451744.78504000,1172,2900.0,1549.87505600,0
1776417900000,0.52899,0.53701,0.51932,0.53077,131718113.5,1776418199999,69547128.83550300,2265,71516737.9,37963201.09003800,0
1776418200000,0.5306,0.5306,0.51764,0.51774,64707731.0,1776418499999,33845948.40912800,1938,1776380.6,935442.29828700,0
1776418500000,0.51774,0.52368,0.51375,0.52162,68779809.9,1776418799999,35636794.23771600,1597,26046435.0,13584898.09557100,0
1776418800000,0.52159,0.53564,0.52103,0.53036,107281788.7,1776419099999,56821821.55366500,1615,93388286.0,49436385.74699600,0
1776419100000,0.53036,0.53826,0.53036,0.53729,11335285.4,1776419399999,6078881.94594100,1278,11331227.2,6076707.23922900,0
1776419400000,0.53719,0.54515,0.53644,0.54047,87884670.7,1776419699999,47493913.07983700,1944,50755703.9,27459308.09724500,0
1776419700000,0.54047,0.54707,0.53291,0.54707,67469291.9,1776419999999,36440865.00556600,1730,42752532.4,23196556.72268700,0
1776420000000,0.54707,0.55229,0.54438,0.54595,46553036.9,1776420299999,25532149.51564200,1555,39520929.1,21680552.02757100,0
1776420300000,0.54595,0.54632,0.53661,0.53661,45804297.3,1776420599999,24799553.09339400,1594,5083842.8,2760125.68734200,0
1776420600000,0.53661,0.53964,0.53111,0.53464,51475352.4,1776420899999,27523536.56872500,1506,14787220.2,7915199.71255700,0
1776420900000,0.53464,0.54641,0.53449,0.54597,77553066.0,1776421199999,42004427.39136800,1643,77549797.3,42002668.04317900,0
1776421200000,0.54641,0.55697,0.54641,0.55021,76775264.8,1776421499999,42322706.42147000,1563,73096526.2,40294882.14881400,0
1776421500000,0.55021,0.55049,0.54464,0.54986,16943111.6,1776421799999,9253945.89799400,886,549179.8,301210.61322600,0
1776421800000,0.54986,0.55426,0.54861,0.55376,14881446.7,1776422099999,8217193.72212100,1121,14878135.5,8215366.00183500,0
1776422100000,0.55373,0.55816,0.55092,0.55777,26010758.5,1776422399999,14451595.41913600,1142,26005518.5,14448688.30924500,0
1776422400000,0.55777,0.55816,0.54274,0.54274,42283914.5,1776422699999,23258458.33000800,1724,1500.5,829.31761500,0
1776422700000,0.54305,0.54448,0.54101,0.54322,16036985.7,1776422999999,8696207.64731300,1310,6905022.0,3748876.47021300,0
1776423000000,0.54322,0.5447,0.54096,0.54096,6681.2,1776423299999,3631.17862300,690,2653.6,1442.62450900,0
1776423300000,0.54096,0.54478,0.54019,0.54478,15469715.1,1776423599999,8381760.48248700,1113,5849029.8,3182277.62769600,0
1776423600000,0.54478,0.54559,0.54034,0.5419,19140532.2,1776423899999,10402350.65704800,1165,11079563.8,6039330.68841400,0
1776423900000,0.5419,0.54578,0.53572,0.53941,16993657.6,1776424199999,9193914.31767600,1242,3921292.3,2129314.50707100,0
1776424200000,0.53946,0.5449,0.53925,0.54172,19528213.2,1776424499999,10567138.91912300,1053,19523485.0,10564573.08493400,0
1776424500000,0.5416,0.54561,0.54073,0.54202,20204960.2,1776424799999,10971587.38405800,1146,2399301.8,1307238.64760800,0
1776424800000,0.54202,0.54723,0.53988,0.54723,44012430.7,1776425099999,23909676.05345600,1649,29197533.3,15900528.25380800,0
1776425100000,0.54723,0.56121,0.54723,0.55475,101531781.4,1776425399999,56185496.70284100,2220,98331806.4,54405703.21549700,0
1776425400000,0.55471,0.56962,0.55464,0.56924,43331952.1,1776425699999,24342810.21739100,1337,43171295.1,24252734.03011600,0
1776425700000,0.56924,0.57921,0.56796,0.57796,65540637.0,1776425999999,37612269.56644900,1622,59190249.7,33973359.29479800,0
1776426000000,0.57796,0.57942,0.57086,0.57942,43291471.0,1776426299999,24903139.62711200,1640,35525882.2,20442357.02247300,0
1776426300000,0.57942,0.5854,0.5758,0.57593,58343281.5,1776426599999,33819914.18800000,1496,27298035.6,15861237.63006700,0
1776426600000,0.57593,0.57631,0.57041,0.57483,32003273.9,1776426899999,18341976.11438800,1131,1570043.8,899761.77613000,0
1776426900000,0.5748,0.58366,0.57429,0.58174,59474675.5,1776427199999,34492348.03481200,1745,58258511.6,33786439.51197600,0
1776427200000,0.58174,0.58497,0.57795,0.57795,25908538.7,1776427499999,15047831.32619400,1276,5800861.4,3391745.41874200,0
1776427500000,0.57795,0.58345,0.57362,0.57447,35944343.4,1776427799999,20745030.78819200,1307,10522371.9,6107682.46620100,0
1776427800000,0.57459,0.57966,0.57327,0.57683,19872032.3,1776428099999,11464897.68118700,1206,12243333.0,7073519.87001800,0
1776428100000,0.57692,0.58881,0.57614,0.58389,52910689.8,1776428399999,30853037.86536200,1734,44953483.6,26192757.11956500,0
1776428400000,0.58389,0.58484,0.57473,0.57473,45629670.7,1776428699999,26416580.41916400,1759,3041220.0,1776872.71028200,0
1776428700000,0.57473,0.57473,0.56096,0.56096,83717081.3,1776428999999,47540923.11799200,2213,7098390.8,4054255.88395900,0
1776429000000,0.56096,0.56681,0.56096,0.56681,6697035.2,1776429299999,3787344.69455300,1055,6546685.8,3702290.94846900,0
1776429300000,0.56625,0.57135,0.5645,0.57036,39078720.3,1776429599999,22220417.92673000,1654,36701300.9,20874178.17897800,0
1776429600000,0.57036,0.57041,0.56303,0.56303,26620087.7,1776429899999,15045412.52603400,1177,278422.8,158798.66469200,0
1776429900000,0.56303,0.56305,0.54921,0.54921,82561672.8,1776430199999,45899011.08670800,2082,5214207.8,2912185.88641900,0
1776430200000,0.54921,0.54921,0.54337,0.5443,29200196.7,1776430499999,15963353.90028700,1089,5632.6,3076.15449000,0
1776430500000,0.5443,0.54528,0.53911,0.54271,29333252.9,1776430799999,15884275.84940600,1159,8872212.7,4805209.13956200,0
1776430800000,0.54271,0.54508,0.54007,0.545,11391365.1,1776431099999,6168946.44220900,947,1863455.7,1015021.60018000,0
1776431100000,0.545,0.54581,0.53982,0.54562,30310096.1,1776431399999,16431702.70121100,1012,10093366.9,5477071.19818600,0
1776431400000,0.54567,0.556,0.54542,0.556,55241469.4,1776431699999,30433749.61930900,1143,55238783.3,30432280.33100700,0
1776431700000,0.556,0.55664,0.5496,0.5496,37314257.0,1776431999999,20640704.09727300,1287,10328336.9,5745420.51445900,0
1776432000000,0.5496,0.55071,0.54755,0.54874,4572642.0,1776432299999,2508016.71509800,902,2742.7,1507.01767800,0
1776432300000,0.54874,0.55266,0.5478,0.5523,19005987.3,1776432599999,10480872.49553300,934,14184846.5,7821916.65334400,0
1776432600000,0.5523,0.55443,0.54891,0.54916,19414981.6,1776432899999,10689582.42623700,1203,2979719.2,1648483.39316100,0
1776432900000,0.5492,0.54932,0.54306,0.54458,31256610.3,1776433199999,17058474.10840300,1378,507724.8,277177.01658900,0
1776433200000,0.54458,0.54481,0.54052,0.54082,18380400.6,1776433499999,9957870.86939300,1358,840435.8,455576.98311300,0
1776433500000,0.54104,0.54243,0.53923,0.53975,6198.0,1776433799999,3351.79567100,688,2553.9,1383.50836500,0
1776433800000,0.53975,0.54374,0.53922,0.5415,25608588.7,1776434099999,13866638.50211800,1178,10891076.9,5917200.26606500,0
1776434100000,0.5415,0.54418,0.54018,0.54152,4306755.8,1776434399999,2342722.31718500,655,4301579.0,2339917.66736800,0
1776434400000,0.54162,0.55082,0.53965,0.53965,34154453.7,1776434699999,18589113.64374200,1456,14069388.7,7663445.62382300,0
1776434700000,0.53965,0.53965,0.53394,0.53574,35619283.3,1776434999999,19105244.25803700,1396,27751.2,14838.10080000,0
1776435000000,0.53574,0.53633,0.52655,0.52658,35847575.7,1776435299999,19024557.47227800,1241,55316.8,29360.16497500,0
1776435300000,0.52658,0.53041,0.52525,0.53041,28554563.8,1776435599999,15085040.42510100,1027,18454074.5,9773835.29599000,0
1776435600000,0.53041,0.53811,0.52886,0.53666,60617049.8,1776435899999,32373435.43661300,1363,60548424.3,32336656.24975800,0
1776435900000,0.53745,0.54247,0.53647,0.5371,37434835.8,1776436199999,20173275.80857300,1522,18195068.2,9826536.93173200,0
1776436200000,0.53717,0.54344,0.53677,0.54111,18199093.0,1776436499999,9862570.79546500,1054,18148452.8,9835099.73320600,0
1776436500000,0.54107,0.54347,0.54009,0.54347,5446.5,1776436799999,2948.11423600,575,39.4,21.41213200,0
1776436800000,0.54347,0.54824,0.543,0.54344,60723601.5,1776437099999,33094282.65505100,1598,42294349.6,23061743.71888100,0
1776437100000,0.54344,0.54583,0.54139,0.54186,17004190.8,1776437399999,9222934.73236500,1082,1274622.3,693677.11380800,0
1776437400000,0.54194,0.54848,0.53139,0.54848,80412772.1,1776437699999,43553021.31341300,1754,61442976.2,33301968.88181600,0
1776437700000,0.54848,0.55751,0.54527,0.54527,82962814.8,1776437999999,45870438.45668700,1511,70687925.9,39099297.34688100,0
1776438000000,0.54527,0.54638,0.54186,0.54188,23785719.1,1776438299999,12927598.96848800,1210,225386.1,122398.60908700,0
1776438300000,0.54186,0.54823,0.54186,0.54823,24013487.4,1776438599999,13122075.02837200,1085,23921552.2,13072240.71121600,0
1776438600000,0.54823,0.55044,0.54793,0.54793,5035373.6,1776438899999,2765151.69423000,932,5030260.0,2762343.58132200,0
1776438900000,0.54785,0.55044,0.54181,0.54181,31094815.6,1776439199999,16950658.40302800,1678,659342.5,358841.62317600,0
1776439200000,0.54181,0.54181,0.53313,0.53313,48969620.8,1776439499999,26282109.62724300,2227,749326.3,403366.56130600,0
1776439500000,0.5331,0.5369,0.53198,0.53336,25430149.6,1776439799999,13606164.21838500,1250,23904584.7,12793592.70283600,0
1776439800000,0.53336,0.53698,0.53301,0.53648,477725.2,1776440099999,256506.33927900,651,471533.6,253194.43862700,0
1776440100000,0.53648,0.53718,0.5347,0.53624,489241.0,1776440399999,262772.52033800,697,483849.3,259882.65812000,0
1776440400000,0.5362,0.53954,0.53476,0.53811,15771935.6,1776440699999,8501378.43390800,980,15770143.2,8500414.41117400,0
1776440700000,0.53811,0.53994,0.5362,0.53836,445682.4,1776440999999,239252.66293000,601,3613.8,1950.87736200,0
1776441000000,0.53833,0.54019,0.53726,0.53935,962577.1,1776441299999,519910.68676800,728,955967.2,516348.62967600,0
1776441300000,0.53935,0.54062,0.53836,0.53934,1542860.1,1776441599999,833780.06563800,750,1537365.6,830816.49529100,0
1776441600000,0.53934,0.54062,0.53442,0.53525,21473272.7,1776441899999,11523650.83313400,962,5459.6,2921.36886500,0
1776441900000,0.53525,0.5384,0.53427,0.5384,7112.2,1776442199999,3809.07047700,710,4554.7,2441.25116400,0
1776442200000,0.5384,0.54935,0.5384,0.54869,69280281.7,1776442499999,37668590.54543400,2112,69269147.8,37662512.64040700,0
1776442500000,0.54869,0.55133,0.54411,0.54417,26582401.5,1776442799999,14592778.58613800,1468,18968718.4,10436259.24566000,0
1776442800000,0.54417,0.54936,0.54279,0.54936,30186088.5,1776443099999,16480040.54477600,1400,21708926.3,11873565.21883200,0
1776443100000,0.54936,0.55416,0.54914,0.55416,35803102.6,1776443399999,19737520.33882400,1798,32152067.3,17731305.04964900,0
1776443400000,0.55416,0.56464,0.55416,0.56464,56224014.8,1776443699999,31397057.36817100,1903,56221702.1,31395757.13017500,0
1776443700000,0.56464,0.56471,0.55887,0.56034,14839442.2,1776443999999,8306103.05445900,1017,1316159.7,736209.33503200,0
1776444000000,0.56034,0.56334,0.55887,0.56106,468408.8,1776444299999,263335.05861500,722,463663.7,260671.39693600,0
1776444300000,0.56106,0.5621,0.55818,0.56096,8199368.8,1776444599999,4584672.04178400,956,1858519.5,1042052.06221300,0
1776444600000,0.56096,0.56558,0.55818,0.56214,17950259.6,1776444899999,10104203.25675200,837,16843687.8,9481704.59359200,0
1776444900000,0.56214,0.56214,0.55989,0.56194,8381202.5,1776445199999,4699500.64740300,811,2437.0,1367.46786100,0
1776445200000,0.56194,0.56648,0.56194,0.56648,27868980.9,1776445499999,15727859.27491100,1350,27865928.5,15726138.37221300,0
1776445500000,0.56648,0.57135,0.56387,0.56387,50625841.6,1776445799999,28721497.98027800,1551,30061319.8,17091453.22299400,0
1776445800000,0.56387,0.56979,0.56387,0.56604,5307427.4,1776446099999,3011106.80789000,974,1363323.8,775379.22979600,0
1776446100000,0.56604,0.56979,0.56501,0.56979,11255712.6,1776446399999,6386862.56556600,1031,6707261.7,3813442.15796000,0
1776446400000,0.56976,0.57339,0.56741,0.57202,45633636.7,1776446699999,26099390.96554800,1340,45381794.4,25955240.44049100,0
1776446700000,0.5719,0.57549,0.5719,0.57482,7547790.4,1776446999999,4337945.85147000,1127,6036089.3,3469739.62673000,0
1776447000000,0.57482,0.57748,0.57463,0.5759,128085.6,1776447299999,73660.13690600,582,20988.0,12114.74895000,0
1776447300000,0.57623,0.58759,0.57463,0.58759,47425493.3,1776447599999,27655091.67350000,1682,47096227.7,27463063.11908700,0
1776447600000,0.58759,0.58805,0.57183,0.57195,67894423.4,1776447899999,39338828.30107800,1623,10877685.1,6378057.87563700,0
1776447900000,0.57195,0.57982,0.57195,0.57762,32266809.9,1776448199999,18630342.87886200,1217,30811725.8,17791189.86004300,0
1776448200000,0.57762,0.5793,0.57267,0.57741,25769660.9,1776448499999,14830909.58899600,1168,8733830.1,5045628.59238000,0
1776448500000,0.57741,0.57937,0.57559,0.57661,6515.4,1776448799999,3762.71663800,674,971.4,562.79391900,0
1776448800000,0.57652,0.57702,0.57295,0.57374,19583568.0,1776449099999,11243679.55453500,997,2647.8,1521.45577000,0
1776449100000,0.57374,0.58153,0.57374,0.57936,28602901.5,1776449399999,16535560.82962900,1218,28594176.9,16530513.02083000,0
1776449400000,0.57936,0.58198,0.57936,0.57936,3651657.9,1776449699999,2124595.42403000,702,3647143.0,2121974.79954800,0
1776449700000,0.57936,0.57936,0.57562,0.57693,15590927.9,1776449999999,8992940.72550700,1124,2061.4,1188.24901200,0
1776450000000,0.57693,0.58311,0.57554,0.57592,58603432.4,1776450299999,33919289.35766500,1590,34177199.3,19804638.85031300,0
1776450300000,0.57592,0.57601,0.57104,0.57185,24960766.0,1776450599999,14304454.54397600,989,7398.4,4236.49173800,0
1776450600000,0.57185,0.57302,0.57104,0.57104,10963.4,1776450899999,6273.40821600,610,6887.9,3943.45595500,0
1776450900000,0.57104,0.57302,0.56894,0.56894,5235070.9,1776451199999,2980205.98817500,813,8713.0,4992.44782400,0
1776451200000,0.56894,0.57221,0.56775,0.56879,8434404.3,1776451499999,4792972.73101300,889,2049.6,1168.06412600,0
1776451500000,0.56855,0.57092,0.56682,0.5701,276521.7,1776451799999,157842.73648500,638,272684.1,155660.86068800,0
1776451800000,0.57016,0.57558,0.56738,0.5682,30892234.1,1776452099999,17646765.05995700,1117,16721138.1,9561897.61219000,0
1776452100000,0.5679,0.56821,0.56645,0.56645,612947.3,1776452399999,347858.00315800,685,1425.0,808.64576500,0
1776452400000,0.56645,0.56823,0.56432,0.56521,14503403.5,1776452699999,8195476.30752700,1164,1589.7,898.51670900,0
1776452700000,0.56521,0.56644,0.56345,0.56644,3649456.6,1776452999999,2066700.04467800,697,3646166.7,2064842.72483100,0
1776453000000,0.56644,0.57014,0.56644,0.56861,21228838.4,1776453299999,12067788.82335300,896,21179865.6,12039941.63495700,0
1776453300000,0.56861,0.57034,0.56621,0.5664,8951041.4,1776453599999,5076307.20962500,967,537939.3,306686.81253000,0
1776453600000,0.5664,0.56745,0.56329,0.56329,16589693.0,1776453899999,9370816.75313000,1406,474.1,268.18292900,0
1776453900000,0.56329,0.56329,0.5624,0.56281,5277180.9,1776454199999,2970691.73681200,923,4381.3,2466.80396800,0
1776454200000,0.56281,0.56424,0.56208,0.56424,1392986.9,1776454499999,783176.19820900,799,4974.0,2799.85531200,0
1776454500000,0.56428,0.56472,0.56114,0.56459,6789.1,1776454799999,3820.26347000,658,1203.8,679.48722400,0
1776454800000,0.56472,0.56656,0.5641,0.56463,11256478.6,1776455099999,6369890.02309800,998,11252741.2,6367776.39248400,0
1776455100000,0.56463,0.56463,0.55827,0.55985,12021256.8,1776455399999,6741962.18790900,1072,1793.4,1004.27604000,0
1776455400000,0.55985,0.5607,0.55789,0.56053,2094716.7,1776455699999,1168848.05619600,884,3364.4,1881.94151200,0
1776455700000,0.56053,0.56109,0.55778,0.55856,8398.1,1776455999999,4691.71137300,686,771.6,432.83128400,0
1776456000000,0.55836,0.56109,0.55678,0.55823,23545.6,1776456299999,13168.53895400,647,10289.3,5773.22333700,0
1776456300000,0.55801,0.55984,0.55636,0.55715,5665.0,1776456599999,3159.37160300,695,305.2,170.46894500,0
1776456600000,0.55715,0.56109,0.55636,0.55956,19330.8,1776456899999,10828.18671700,703,14103.4,7911.54461800,0
1776456900000,0.55956,0.56113,0.55904,0.55916,7451.9,1776457199999,4176.40797900,658,1147.2,643.67372400,0
1776457200000,0.55916,0.56113,0.55597,0.55597,6691395.9,1776457499999,3721968.13662800,942,395.4,220.35855600,0
1776457500000,0.55597,0.55726,0.55575,0.55587,2939212.9,1776457799999,1633697.05953900,820,2661.5,1481.28012600,0
1776457800000,0.55643,0.55671,0.55442,0.55671,16387000.6,1776458099999,9109942.53724800,1099,10974722.6,6105215.32678400,0
1776458100000,0.55671,0.56305,0.55636,0.56275,22349282.3,1776458399999,12517073.56737200,793,22307114.4,12493426.75716600,0
1776458400000,0.56305,0.56606,0.55951,0.56468,15493695.6,1776458699999,8728699.74270400,893,13308737.3,7505672.78075200,0
1776458700000,0.56468,0.56616,0.56223,0.56235,4576014.0,1776458999999,2585808.03719400,885,4568929.1,2581809.12023000,0
1776459000000,0.5623,0.56706,0.56175,0.56393,5085117.0,1776459299999,2880811.04169700,885,5080004.6,2877923.99605400,0
1776459300000,0.56393,0.56706,0.5623,0.56365,297670.0,1776459599999,168022.10449300,688,88388.2,50121.41269200,0
1776459600000,0.56365,0.56706,0.56124,0.56292,9356442.8,1776459899999,5256209.02611800,897,6595.7,3730.39720900,0
1776459900000,0.56292,0.56633,0.56153,0.56603,13452372.7,1776460199999,7604386.94384000,948,13449154.0,7602574.26548800,0
1776460200000,0.56603,0.56662,0.5633,0.565,1261756.3,1776460499999,714764.17902800,799,1257992.7,712639.63627500,0
1776460500000,0.565,0.565,0.56263,0.56426,3473913.2,1776460799999,1955851.05726500,967,113959.5,64197.75521600,0
1776460800000,0.56426,0.56804,0.56426,0.56804,23204225.5,1776461099999,13128309.52644500,1277,23201156.0,13126570.11729100,0
1776461100000,0.56813,0.573,0.56813,0.573,18657155.4,1776461399999,10649091.55966700,1109,18654306.8,10647463.99195700,0
1776461400000,0.573,0.57652,0.57071,0.57403,16401415.0,1776461699999,9412734.18445300,1117,15686271.8,9002978.21369200,0
1776461700000,0.5744,0.57712,0.57156,0.5736,21352187.9,1776461999999,12284554.59501500,1418,10806379.2,6218713.95963900,0
1776462000000,0.5735,0.57472,0.57156,0.5742,6058425.6,1776462299999,3479730.92871500,763,6046954.9,3473143.57056800,0
1776462300000,0.5742,0.58324,0.57156,0.57156,127973868.0,1776462599999,73760197.26902700,2231,103251923.2,59472414.68063600,0
1776462600000,0.57157,0.58676,0.57156,0.58676,164917059.3,1776462899999,95398756.38158600,2338,116239605.2,66974826.43284600,0
1776462900000,0.58676,0.58756,0.57156,0.5716,98113585.5,1776463199999,57104580.04168900,1620,31311352.2,18062085.70698700,0
1776463200000,0.5716,0.58759,0.57156,0.5852,68222944.2,1776463499999,39751168.45674800,1538,16491166.9,9583419.39150700,0
1776463500000,0.5852,0.59134,0.5852,0.58526,47645952.1,1776463799999,28036729.43391500,1882,36086533.3,21253778.56047900,0
1776463800000,0.58526,0.58767,0.58504,0.58748,2050798.9,1776464099999,1200683.61866400,863,293728.9,172585.50538100,0
1776464100000,0.58762,0.5879,0.58573,0.58642,1140132.9,1776464399999,670145.06379100,784,1134782.3,667005.54210700,0
1776464400000,0.5864,0.59372,0.58632,0.59372,31918201.7,1776464699999,18878689.90883000,1489,31911981.5,18875023.39358100,0
1776464700000,0.59372,0.59775,0.59372,0.59497,26763663.4,1776464999999,15939407.28149300,1103,26749406.7,15930902.49076800,0
1776465000000,0.59472,0.59775,0.59013,0.59087,15202568.2,1776465299999,9003806.86100600,1388,1490.9,880.67029600,0
1776465300000,0.5909,0.59327,0.59013,0.59327,108053.5,1776465599999,63879.84038000,693,105007.2,62075.79436500,0
1776465600000,0.59327,0.59627,0.59327,0.59492,15812284.2,1776465899999,9407025.60071700,1061,15806880.5,9403806.34593300,0
1776465900000,0.5949,0.59537,0.59008,0.59078,15659924.4,1776466199999,9273152.84239800,997,1309.4,773.42050400,0
1776466200000,0.59078,0.59104,0.58419,0.58558,23653753.5,1776466499999,13903416.93482900,1714,1484.2,872.05193700,0
1776466500000,0.58565,0.58618,0.58321,0.58618,11211.9,1776466799999,6559.20222000,728,7226.2,4229.69157700,0
1776466800000,0.58618,0.58911,0.58321,0.58898,20609734.8,1776467099999,12120252.56170400,998,20606274.6,12118220.89569200,0
1776467100000,0.58898,0.58914,0.58253,0.58522,5319061.0,1776467399999,3123259.98439300,1003,622358.7,364250.36532700,0
1776467400000,0.58522,0.58947,0.58503,0.58878,21202989.3,1776467699999,12450352.32491300,1424,21200534.7,12448911.36532800,0
1776467700000,0.58875,0.58947,0.58374,0.58445,11353833.0,1776467999999,6638565.95398200,997,44630.4,26095.74301500,0
1776468000000,0.58424,0.58557,0.58306,0.58557,5476556.0,1776468299999,3195575.84005600,938,88472.6,51653.36130900,0
1776468300000,0.58557,0.59088,0.58557,0.58655,45474998.2,1776468599999,26758703.53394900,1684,29181786.6,17178194.45248300,0
1776468600000,0.58655,0.58688,0.5813,0.58193,26673742.7,1776468899999,15579155.06933200,1771,2119.6,1234.71047100,0
1776468900000,0.58164,0.58339,0.58127,0.58139,439871.0,1776469199999,255691.96552700,713,2457.1,1430.35244200,0
1776469200000,0.58139,0.58339,0.58107,0.58311,5741.5,1776469499999,3341.96175400,678,57.7,33.66160300,0
1776469500000,0.58313,0.58804,0.58107,0.58756,15727393.1,1776469799999,9222826.39997000,1230,15725549.0,9221745.31657800,0
1776469800000,0.58745,0.58825,0.58347,0.58347,5599867.5,1776470099999,3268588.04586400,870,505.4,297.18723400,0
1776470100000,0.58347,0.58347,0.58092,0.58126,19836870.2,1776470399999,11550156.40801600,1262,2257.3,1313.69852800,0
1776470400000,0.58126,0.58323,0.58092,0.58231,262652.1,1776470699999,152585.01772800,606,1609.8,936.96917400,0
1776470700000,0.58231,0.58393,0.58092,0.58243,59241.6,1776470999999,34498.87928700,635,33083.9,19298.09613700,0
1776471000000,0.5827,0.58393,0.57792,0.5804,22492792.4,1776471299999,13041628.99997500,1135,3170.2,1836.41198200,0
1776471300000,0.5804,0.58469,0.5804,0.58469,9354123.3,1776471599999,5455848.03715300,1099,9349198.8,5452975.34375900,0
1776471600000,0.58469,0.59075,0.58463,0.59075,20934789.2,1776471899999,12318664.25322800,1226,20933444.1,12317874.24192300,0
1776471900000,0.59075,0.5985,0.59075,0.59083,30697455.3,1776472199999,18228342.01756500,1749,25049960.2,14882489.74838100,0
1776472200000,0.59083,0.59615,0.58966,0.59464,16345914.7,1776472499999,9700438.81571700,1081,15394291.3,9138977.37670700,0
1776472500000,0.59464,0.59879,0.59402,0.59402,10944811.1,1776472799999,6548138.94661100,836,10927443.1,6537789.90116000,0
1776472800000,0.59402,0.59889,0.5939,0.59832,3095477.4,1776473099999,1849958.76283100,899,2398017.6,1435701.92348700,0
1776473100000,0.59829,0.60169,0.59798,0.60053,34417990.5,1776473399999,20664311.12581500,1117,34414371.5,20662139.54037800,0
1776473400000,0.60053,0.60169,0.59916,0.5994,1351709.0,1776473699999,810113.84505800,569,363.3,218.59397700,0
1776473700000,0.5993,0.60676,0.5965,0.60676,25754812.3,1776473999999,15407993.96655000,1286,7414702.4,4449523.41323300,0
1776474000000,0.60676,0.60679,0.59963,0.60273,9743292.3,1776474299999,5860050.10229100,958,3074729.9,1851012.19566600,0
1776474300000,0.60273,0.62026,0.6027,0.62026,39893138.3,1776474599999,24448097.31709300,1444,39885537.6,24443433.03034300,0
1776474600000,0.62026,0.62422,0.61444,0.62335,36259969.3,1776474899999,22467890.73024500,1537,25494021.7,15844014.07070200,0
1776474900000,0.62422,0.62488,0.61565,0.61876,25710166.8,1776475199999,15914656.07169900,1244,59118.5,36906.29634800,0
1776475200000,0.61876,0.62712,0.61661,0.61766,37715570.6,1776475499999,23464469.14216400,1647,21839025.2,13603250.79699200,0
1776475500000,0.6173,0.6193,0.60556,0.60556,52294012.0,1776475799999,31977681.36336800,1832,1527544.2,940616.10052800,0
1776475800000,0.60768,0.6186,0.60556,0.6176,18989860.6,1776476099999,11689576.96592300,1409,18977330.6,11681880.66998000,0
1776476100000,0.6176,0.62275,0.61649,0.62063,23262384.1,1776476399999,14443412.17044200,1166,23258829.3,14441209.88289600,0
1776476400000,0.62063,0.62275,0.607,0.60901,46654270.3,1776476699999,28633377.48069100,1496,475305.6,289847.61918200,0
1776476700000,0.60901,0.60995,0.60325,0.60933,14212865.3,1776476999999,8600262.84196100,997,994819.5,604689.02872900,0
1776477000000,0.60963,0.61692,0.6041,0.60423,40041364.9,1776477299999,24459514.18262300,1444,18028006.2,11044734.20445300,0
1776477300000,0.60423,0.60841,0.59675,0.60841,42525637.1,1776477599999,25660295.07835500,1555,19059074.4,11523654.18769000,0
1776477600000,0.60841,0.61512,0.60788,0.61472,47590027.5,1776477899999,29059869.73683700,1669,33504064.2,20480412.86386900,0
1776477900000,0.61472,0.61711,0.60949,0.61711,16686873.2,1776478199999,10216031.30988600,1070,3696050.7,2273838.07684500,0
1776478200000,0.61712,0.61785,0.61415,0.61735,107373.7,1776478499999,66317.00644700,688,103432.7,63887.21790000,0
1776478500000,0.61747,0.61851,0.61502,0.61782,171074.5,1776478799999,105713.23255300,648,166861.0,103113.71111000,0
1776478800000,0.61782,0.62223,0.61637,0.62223,21372345.6,1776479099999,13268299.87859000,1175,21369627.8,13266619.56172300,0
1776479100000,0.62223,0.62703,0.62223,0.62471,27567549.2,1776479399999,17209459.75797900,1542,27563779.6,17207101.68920600,0
1776479400000,0.62471,0.62703,0.61904,0.61966,20608044.6,1776479699999,12806287.75142000,1038,1782.4,1105.63321900,0
1776479700000,0.61966,0.6213,0.61834,0.6213,46457.1,1776479999999,28844.08542800,687,41856.8,25992.65116000,0
1776480000000,0.6213,0.62376,0.61337,0.61442,34794836.9,1776480299999,21545960.41422300,1488,13880652.2,8643389.52928500,0
1776480300000,0.61442,0.61531,0.59922,0.59922,70520389.6,1776480599999,42767578.85115300,2131,1753.2,1071.84724300,0
1776480600000,0.59922,0.60162,0.58677,0.60162,87939449.0,1776480899999,52309245.08550900,2144,32128349.5,19217082.59656300,0
1776480900000,0.60162,0.60746,0.58743,0.59737,101264875.1,1776481199999,60426362.46517700,2168,40410141.3,24179032.42787300,0
1776481200000,0.59737,0.60446,0.59721,0.60315,33183105.5,1776481499999,19948058.58196100,1648,33108951.5,19903585.33319300,0
1776481500000,0.60315,0.60492,0.5964,0.59694,20641339.1,1776481799999,12429931.84553600,1176,9890363.5,5978467.00457600,0
1776481800000,0.59694,0.59727,0.59002,0.59257,22750542.5,1776482099999,13504020.88836700,1462,1727.4,1027.08689700,0
1776482100000,0.59257,0.59957,0.59257,0.59681,15631391.4,1776482399999,9327902.41192900,1252,15527497.5,9266104.87221800,0
1776482400000,0.59681,0.59957,0.59147,0.59214,24132987.7,1776482699999,14325705.95475700,1227,2738.1,1628.26792000,0
1776482700000,0.59214,0.59985,0.59147,0.5984,21444636.4,1776482999999,12789422.79771800,1371,21422815.9,12776365.62584800,0
1776483000000,0.5984,0.60603,0.59838,0.60385,29147237.1,1776483299999,17568711.38080500,1396,29123423.8,17554354.61778400,0
1776483300000,0.60338,0.6072,0.60183,0.60704,5888531.8,1776483599999,3572701.59139300,867,5883928.5,3569922.48618000,0
1776483600000,0.60716,0.61766,0.60697,0.61483,30839563.3,1776483899999,18866982.96594600,1478,30424504.3,18611806.88792300,0
1776483900000,0.61483,0.61606,0.61096,0.61501,15959880.9,1776484199999,9777662.36086800,1121,573381.9,352726.06788900,0
1776484200000,0.61501,0.61606,0.60949,0.6095,15952894.6,1776484499999,9754877.09100300,1078,3341989.2,2058190.50986500,0
1776484500000,0.6095,0.6095,0.60046,0.60592,56581781.4,1776484799999,34256203.77908000,2096,19312890.7,11671525.61411000,0
1776484800000,0.60572,0.61223,0.60572,0.61223,30349733.1,1776485099999,18508394.52383200,1358,30309882.9,18484038.55355800,0
1776485100000,0.61223,0.6144,0.6112,0.6112,47160.3,1776485399999,28892.98976700,840,35785.8,21926.90703100,0
1776485400000,0.61104,0.6144,0.59641,0.59643,64705146.5,1776485699999,39107478.78795400,2112,15831.7,9491.59416800,0
1776485700000,0.59641,0.59892,0.59641,0.59739,23508.1,1776485999999,14031.09385500,704,3875.4,2317.14881900,0
1776486000000,0.59739,0.6007,0.59458,0.59725,20294466.5,1776486299999,12104765.06019500,1122,5202062.4,3119896.20764700,0
1776486300000,0.59729,0.60019,0.59587,0.60019,5976186.7,1776486599999,3582878.97961000,929,5973112.4,3581043.37623700,0
1776486600000,0.6002,0.60803,0.59966,0.60803,42645088.6,1776486899999,25774408.49740400,1747,42273557.6,25549076.26146600,0
1776486900000,0.60803,0.61222,0.60537,0.60973,28852167.8,1776487199999,17595098.49863700,1109,28702484.5,17503639.52784100,0
1776487200000,0.60973,0.61009,0.60494,0.60665,21199967.9,1776487499999,12875296.29142200,1342,716773.5,436982.89789600,0
1776487500000,0.60665,0.61222,0.60452,0.61222,12482061.2,1776487799999,7584635.31802100,929,9726603.4,5916177.16280200,0
1776487800000,0.61222,0.61287,0.60661,0.60661,17863945.3,1776488099999,10896988.17673900,938,8921158.5,5465120.32114800,0
1776488100000,0.60661,0.61765,0.60661,0.61386,28198239.1,1776488399999,17278960.72494200,1195,28196577.1,17277939.20205000,0
1776488400000,0.61386,0.61765,0.60287,0.60287,35324782.2,1776488699999,21449886.32416500,1330,879628.4,535644.87692200,0
1776488700000,0.60287,0.60293,0.58533,0.5915,88305204.3,1776488999999,52399326.84793600,2082,8834353.5,5191163.61937000,0
1776489000000,0.5915,0.59475,0.58539,0.59475,40158369.8,1776489299999,23705357.15549400,1408,31066692.4,18364582.85067800,0
1776489300000,0.59475,0.59476,0.59055,0.59153,2531009.6,1776489599999,1496226.07033500,455,32981.8,19615.92563500,0
1776489600000,0.59134,0.5948,0.59055,0.59209,5692.4,1776489899999,3372.56554100,636,338.8,201.51339500,0
1776489900000,0.59194,0.59483,0.59039,0.59322,15945.4,1776490199999,9471.48317900,677,10752.7,6395.70806600,0
1776490200000,0.59306,0.59483,0.58956,0.59163,10252674.9,1776490499999,6052414.26975600,920,3040.4,1799.08469100,0
1776490500000,0.59146,0.59256,0.58956,0.59193,5615.5,1776490799999,3320.46994200,648,799.6,473.45378800,0
1776490800000,0.59175,0.59311,0.58956,0.59226,5902.6,1776491099999,3493.44396700,664,2143.8,1269.69344700,0
1776491100000,0.59232,0.59326,0.59062,0.592,1746522.6,1776491399999,1036046.46306500,837,1742521.4,1033676.74525900,0
1776491400000,0.59204,0.59845,0.59178,0.59505,26630687.1,1776491699999,15864423.79437400,1255,26625523.0,15861345.94851400,0
1776491700000,0.59505,0.59529,0.59029,0.5934,23883313.1,1776491999999,14147396.94597500,1090,1760.3,1041.21302100,0
1776492000000,0.5934,0.59382,0.59029,0.59041,7602.2,1776492299999,4502.69132300,595,2420.4,1436.63843800,0
1776492300000,0.59041,0.59853,0.58992,0.59853,17160350.6,1776492599999,10230027.23208100,912,17156337.4,10227653.97992300,0
1776492600000,0.59853,0.59873,0.5952,0.59703,322195.5,1776492899999,192845.45687300,640,316573.7,189489.28873000,0
1776492900000,0.59703,0.60262,0.5952,0.60229,25492746.1,1776493199999,15312951.02602900,1218,25489264.9,15310872.01886600,0
1776493200000,0.60215,0.60262,0.59368,0.59379,11440144.4,1776493499999,6833581.36794300,1157,24701.5,14735.96591000,0
1776493500000,0.59379,0.60397,0.59098,0.60397,59407749.9,1776493799999,35441887.11218900,1747,45951410.5,27475695.61013900,0
1776493800000,0.60397,0.60782,0.60252,0.60782,18730865.9,1776494099999,11362049.14757000,1121,18716772.7,11353549.52092200,0
1776494100000,0.60782,0.6089,0.60536,0.60694,9528136.2,1776494399999,5796552.72917200,851,9482381.1,5768846.45551500,0
1776494400000,0.60694,0.6089,0.60619,0.60888,12545.3,1776494699999,7632.20252700,628,7500.7,4567.07916200,0
1776494700000,0.6089,0.6114,0.60878,0.60957,11037032.4,1776494999999,6737485.99813900,1087,11033439.9,6735293.54956800,0
1776495000000,0.60957,0.6114,0.60217,0.60348,20766780.1,1776495299999,12578494.18531300,1558,1902.7,1150.82800500,0
1776495300000,0.60348,0.60712,0.60217,0.60633,16111311.1,1776495599999,9766283.47813500,994,16053311.8,9731347.48534900,0
1776495600000,0.60633,0.61015,0.60587,0.61015,20463002.7,1776495899999,12450242.35576000,1308,20458919.3,12447761.05452300,0
1776495900000,0.61015,0.61082,0.60267,0.60388,25201731.2,1776496199999,15276370.66522200,1259,2373761.3,1449447.15246900,0
1776496200000,0.60388,0.60452,0.60079,0.60248,5369.2,1776496499999,3237.04223900,632,1014.0,612.75251900,0
1776496500000,0.60248,0.60468,0.59993,0.60273,1739390.3,1776496799999,1043886.70157300,766,6071.7,3666.76377900,0
1776496800000,0.60273,0.61882,0.60165,0.61708,52043346.6,1776497099999,31801091.79475800,1596,52040815.2,31799550.32446300,0
1776497100000,0.61702,0.61882,0.60635,0.60888,12789022.6,1776497399999,7815113.92043800,1158,994136.1,608745.69650500,0
1776497400000,0.60953,0.61014,0.60596,0.60895,2187450.6,1776497699999,1325971.07326900,741,10064.7,6134.91776900,0
1776497700000,0.60895,0.61468,0.60823,0.61459,46237853.9,1776497999999,28280939.18615000,1501,38341421.7,23467861.87955100,0
1776498000000,0.61468,0.61716,0.61406,0.61716,8126161.8,1776498299999,5001223.14850500,1080,8087152.3,4977200.39904400,0
1776498300000,0.61716,0.6191,0.61495,0.61495,4292166.2,1776498599999,2640490.63226000,947,4357.6,2690.92404800,0
1776498600000,0.61495,0.61495,0.61074,0.61324,15148685.2,1776498899999,9289851.12696500,1046,3027.4,1853.38661000,0
1776498900000,0.61327,0.61552,0.60905,0.61462,14290539.3,1776499199999,8730076.68864400,1235,2683619.8,1650690.98076600,0
1776499200000,0.6148,0.62185,0.6148,0.61955,29424887.4,1776499499999,18195915.75391800,1519,29406452.8,18184481.66979600,0
1776499500000,0.61955,0.62779,0.61926,0.6226,23438304.2,1776499799999,14616449.59580300,1139,21707245.3,13537294.31926000,0
1776499800000,0.6226,0.62845,0.62259,0.62845,1222657.3,1776500099999,764546.86053900,917,1048710.0,656131.73603300,0
1776500100000,0.62845,0.62942,0.62301,0.62658,23988693.7,1776500399999,14992109.56617600,1429,7383153.8,4623891.48400500,0
1776500400000,0.62658,0.63165,0.62628,0.63165,8998053.5,1776500699999,5669365.83073000,913,8987480.5,5662704.34246200,0
1776500700000,0.6317,0.63196,0.62019,0.62252,41975657.8,1776500999999,26223373.92484600,1415,33632.8,21007.24694400,0
1776501000000,0.62258,0.6267,0.62012,0.62013,23065908.8,1776501299999,14370291.69457700,1315,5044874.7,3154474.08988200,0
1776501300000,0.62013,0.62411,0.62012,0.62411,6289689.2,1776501599999,3923655.15212800,866,6286488.7,3921667.90360600,0
1776501600000,0.62405,0.62644,0.62,0.62424,24996132.1,1776501899999,15567933.79400700,1392,6969373.1,4358287.16601700,0
1776501900000,0.6245,0.62868,0.61972,0.62783,17178737.9,1776502199999,10718422.43311000,1133,12008796.2,7513696.91543200,0
1776502200000,0.62783,0.63098,0.62604,0.62853,8844865.1,1776502499999,5573134.51098000,894,8840913.4,5570651.42935600,0
1776502500000,0.62853,0.63098,0.62226,0.62226,14352507.9,1776502799999,8964973.84093600,1047,2239.8,1407.94108300,0
1776502800000,0.62226,0.62226,0.612,0.61393,35643495.2,1776503099999,21984384.67045600,1391,8233475.8,5073335.10745600,0
1776503100000,0.61393,0.62554,0.61352,0.62304,18173129.3,1776503399999,11256002.57425800,1107,17914131.8,11096651.20753900,0
1776503400000,0.62304,0.62554,0.62139,0.62242,75522.7,1776503699999,47141.47895900,730,35329.4,22099.95287600,0
1776503700000,0.62243,0.62251,0.61201,0.61396,39686214.6,1776503999999,24466420.71136300,1627,1863.5,1143.64755300,0
1776504000000,0.61396,0.61536,0.61201,0.61404,5986.1,1776504299999,3676.35996000,701,2233.0,1372.53283800,0
1776504300000,0.61404,0.61561,0.61328,0.61328,496100.3,1776504599999,305340.84098500,732,490887.2,302137.46848500,0
1776504600000,0.61328,0.61791,0.61328,0.6174,8942674.4,1776504899999,5517323.06887900,1033,8935854.6,5513130.55623600,0
1776504900000,0.6174,0.61837,0.61023,0.61072,12089443.6,1776505199999,7415528.54425800,1020,892.9,551.17818400,0
1776505200000,0.61018,0.61018,0.59607,0.598,55669993.8,1776505499999,33534026.53779300,1803,10420.4,6240.21840000,0
1776505500000,0.59745,0.59913,0.58484,0.58942,39972930.0,1776505799999,23629141.81828400,1265,6219163.6,3667080.95776200,0
1776505800000,0.58942,0.59801,0.57947,0.5962,52207241.7,1776506099999,30608383.55683800,1692,26335885.2,15504555.16660300,0
1776506100000,0.5962,0.59841,0.59173,0.59498,16908585.1,1776506399999,10051707.28114100,987,896355.0,536099.48194000,0
1776506400000,0.59498,0.59635,0.59058,0.59124,9792284.4,1776506699999,5789345.17323800,926,226316.0,134936.00420900,0
1776506700000,0.59124,0.59435,0.58197,0.58503,46058023.7,1776506999999,27035826.60366300,1579,2307345.9,1359881.19742700,0
1776507000000,0.58503,0.58976,0.58492,0.58744,11352288.2,1776507299999,6658119.39712900,1078,10904950.3,6395865.65768100,0
1776507300000,0.58744,0.58976,0.58492,0.58602,2606513.8,1776507599999,1529074.64247700,733,306.2,180.58451200,0
1776507600000,0.58602,0.59122,0.58492,0.59122,14148902.5,1776507899999,8352512.46599100,808,14144641.4,8350008.56402600,0
1776507900000,0.59122,0.59254,0.58667,0.58698,13242505.5,1776508199999,7791519.12800000,1070,2397370.6,1418581.91343400,0
1776508200000,0.58698,0.5972,0.58666,0.5972,30494300.0,1776508499999,18127753.74137000,1151,30479381.0,18118908.84603400,0
1776508500000,0.5972,0.60061,0.59524,0.59752,29982061.6,1776508799999,17939476.07421600,1221,27014187.1,16167823.50355800,0
1776508800000,0.59752,0.60482,0.59752,0.60239,40916235.1,1776509099999,24572584.44021900,1696,40912367.4,24570255.97858200,0
1776509100000,0.60224,0.60484,0.59061,0.59101,43437048.7,1776509399999,25911811.20134900,1586,3208.1,1924.01165700,0
1776509400000,0.59119,0.59308,0.58648,0.59258,15405749.4,1776509699999,9100964.03043000,1307,9308558.9,5512750.54708200,0
1776509700000,0.59258,0.5931,0.59072,0.59233,236824.8,1776509999999,140452.03227000,737,231315.5,137192.16773000,0
1776510000000,0.59263,0.59456,0.59164,0.59242,5768.5,1776510299999,3420.23945300,657,1514.3,899.26764000,0
1776510300000,0.5927,0.59399,0.58798,0.58814,20504785.0,1776510599999,12087730.80010900,1059,859.8,506.53506300,0
1776510600000,0.58798,0.59077,0.58715,0.58799,4067897.4,1776510899999,2391014.95154900,778,2579.3,1521.15098300,0
1776510900000,0.5881,0.59031,0.58357,0.58357,17386388.8,1776511199999,10172707.22049300,1182,599.8,350.70287000,0
1776511200000,0.58354,0.58361,0.57736,0.57825,16978927.0,1776511499999,9852411.62713600,1073,1799.4,1040.17967200,0
1776511500000,0.5783,0.58316,0.57736,0.5807,16131954.2,1776511799999,9381884.34577500,1033,16125839.6,9378334.38630500,0
1776511800000,0.5807,0.58316,0.57354,0.57932,20234356.5,1776512099999,11685871.95824800,1087,12507853.8,7225540.66403000,0
1776512100000,0.57932,0.58644,0.57666,0.58644,37579873.1,1776512399999,21848241.26081700,1619,29647621.8,17265103.37723900,0
1776512400000,0.58644,0.58656,0.58081,0.58081,12533204.6,1776512699999,7296271.69788300,1206,1863161.9,1089145.63584400,0
1776512700000,0.58081,0.58448,0.58015,0.58118,75960.0,1776512999999,44108.42464400,726,2114.8,1231.41019500,0
1776513000000,0.58091,0.58183,0.57314,0.57517,37926660.6,1776513299999,21879024.84574200,1429,1452.2,835.64564300,0
1776513300000,0.57442,0.57906,0.57314,0.57709,6735392.6,1776513599999,3887457.26004600,773,6732154.1,3885590.07910600,0
1776513600000,0.57752,0.5797,0.57538,0.57968,11852909.1,1776513899999,6866980.23561500,652,11848808.5,6864610.35243900,0
1776513900000,0.5797,0.58883,0.5797,0.58783,43608353.7,1776514199999,25456242.58726900,1626,43604950.9,25454249.14825600,0
1776514200000,0.58783,0.58879,0.56981,0.57642,79086759.0,1776514499999,45727363.31282100,1874,15471153.7,8903316.00607600,0
1776514500000,0.57642,0.58186,0.57479,0.57618,22989035.1,1776514799999,13311583.52118800,1237,18247660.5,10580168.14642800,0
1776514800000,0.57618,0.57828,0.56359,0.56453,59176368.2,1776515099999,33699283.06504200,1478,1916.8,1099.97374600,0
1776515100000,0.56464,0.57512,0.56359,0.57296,30185634.0,1776515399999,17259502.42053900,1149,30051913.5,17182713.30760600,0
1776515400000,0.5722,0.58216,0.57115,0.58044,38594014.8,1776515699999,22291598.78566300,1298,38587380.5,22287779.00355600,0
1776515700000,0.58048,0.58116,0.5757,0.57745,21990753.4,1776515999999,12694883.49178900,1167,5274.2,3039.37941600,0
1776516000000,0.57747,0.5777,0.57417,0.57417,31044.8,1776516299999,17886.29911600,679,5422.8,3132.40585000,0
1776516300000,0.57417,0.5756,0.57179,0.5756,14911865.2,1776516599999,8541912.15486400,1016,3384.1,1942.10671000,0
1776516600000,0.5756,0.5756,0.56928,0.5696,19700895.0,1776516899999,11241735.71369100,1050,475.2,270.96709800,0
1776516900000,0.5696,0.57177,0.56909,0.56909,6638.6,1776517199999,3787.03502100,690,2530.8,1444.71432000,0
1776517200000,0.56909,0.57183,0.56808,0.57053,49496.3,1776517499999,28292.21472100,675,44510.7,25452.44779500,0
1776517500000,0.57043,0.57192,0.56951,0.57192,5268.0,1776517799999,3007.63627300,606,544.0,311.10411100,0
1776517800000,0.57192,0.57423,0.57175,0.57175,16836997.3,1776518099999,9645826.10496700,974,16832135.4,9643044.14119900,0
1776518100000,0.57175,0.57175,0.56803,0.56814,10292660.5,1776518399999,5865130.68359800,963,2134.3,1214.22437900,0
1776518400000,0.56814,0.57135,0.56682,0.56682,8945531.5,1776518699999,5076227.01037200,1010,3388.6,1928.18499300,0
1776518700000,0.56682,0.56814,0.56608,0.56609,5048135.1,1776518999999,2859234.74659500,820,12220.0,6925.18946500,0
1776519000000,0.56609,0.56814,0.56573,0.56573,6162.2,1776519299999,3492.64632600,576,370.1,210.26861400,0
1776519300000,0.5657,0.5715,0.55945,0.56877,58710045.8,1776519599999,33125453.32815000,1631,27221887.6,15370535.48032500,0
1776519600000,0.56877,0.57986,0.56809,0.57471,32590672.4,1776519899999,18716372.06475000,1443,27327833.6,15682131.77755000,0
1776519900000,0.57471,0.57935,0.57386,0.57807,7894509.4,1776520199999,4563608.97511600,962,7890785.0,4561464.15876500,0
1776520200000,0.57807,0.57944,0.57486,0.57527,13593521.7,1776520499999,7834946.45949700,1290,325052.2,188333.73873400,0
1776520500000,0.57528,0.57754,0.5746,0.57496,13464.3,1776520799999,7745.93134800,679,1642.5,947.37149900,0
1776520800000,0.57496,0.57813,0.57445,0.57445,4684327.9,1776521099999,2707248.89750200,765,4679976.2,2704741.63688900,0
1776521100000,0.57445,0.57445,0.56943,0.56943,28454051.5,1776521399999,16279833.92383400,1519,647165.1,370275.85510000,0
1776521400000,0.56943,0.57394,0.5694,0.57394,15160651.1,1776521699999,8673061.73846900,1317,14185165.2,8116224.44292600,0
1776521700000,0.57394,0.574,0.56847,0.56881,13220616.5,1776521999999,7531596.50023500,1134,727452.6,417517.36736800,0
1776522000000,0.56881,0.57,0.56756,0.56756,5223215.0,1776522299999,2967064.85722400,906,2572.7,1463.99424500,0
1776522300000,0.56762,0.56901,0.56573,0.56627,3180974.3,1776522599999,1800416.64051400,722,761.9,431.24999500,0
1776522600000,0.56628,0.56865,0.56554,0.56686,1701795.7,1776522899999,962627.78792700,701,11684.9,6616.16838100,0
1776522900000,0.56686,0.56827,0.56612,0.56789,4842.1,1776523199999,2747.22091700,575,898.4,510.21623300,0
1776523200000,0.56779,0.57198,0.56779,0.57019,26454582.9,1776523499999,15076808.67171600,973,26453207.7,15076024.07915800,0
1776523500000,0.57019,0.57624,0.57003,0.57623,14926139.3,1776523799999,8563144.84898700,1146,14921969.3,8560766.73730300,0
1776523800000,0.57623,0.57656,0.5716,0.57177,16691711.2,1776524099999,9559206.19867800,574,882122.4,508498.66234600,0
1776524100000,0.57177,0.57656,0.56951,0.56991,10452494.3,1776524399999,5967726.96229400,832,1231.8,704.84732200,0
1776524400000,0.56991,0.5712,0.56908,0.57002,4331.2,1776524699999,2469.57338700,516,1059.8,604.88321800,0
1776524700000,0.5699,0.5712,0.56543,0.56614,12780456.4,1776524999999,7238485.59259200,966,457301.6,258638.40216900,0
1776525000000,0.56614,0.56885,0.56561,0.56861,2260849.5,1776525299999,1283283.18035500,610,1689594.2,960022.43372400,0
1776525300000,0.56861,0.57082,0.568,0.57033,10328055.0,1776525599999,5887623.15007100,1069,10325207.1,5886002.37011500,0
1776525600000,0.57033,0.57233,0.56898,0.56898,6619.8,1776525899999,3781.06434400,686,3271.8,1870.82191900,0
1776525900000,0.56898,0.56898,0.56431,0.56579,18089161.7,1776526199999,10247268.77637800,1343,2174.2,1229.70263500,0
1776526200000,0.56579,0.56593,0.56369,0.56369,7806.4,1776526499999,4404.99991100,701,112.1,63.43351100,0
1776526500000,0.56376,0.56595,0.56037,0.56037,15086515.1,1776526799999,8466991.02955400,1239,858.2,481.77687800,0
1776526800000,0.56037,0.56037,0.55718,0.55755,1320350.7,1776527099999,739713.52611900,785,2092.9,1172.46748900,0
1776527100000,0.55755,0.56027,0.55713,0.55968,90623.8,1776527399999,50501.19854800,616,206.8,115.82951200,0
1776527400000,0.55968,0.55968,0.5523,0.55327,41727052.7,1776527699999,23142730.02617000,1613,11804.7,6572.48366600,0
1776527700000,0.55327,0.55522,0.55162,0.55162,5061766.8,1776527999999,2792890.95710700,797,2999.8,1661.73367900,0
1776528000000,0.55162,0.55439,0.55162,0.55439,179813.4,1776528299999,99644.20557700,599,174563.7,96743.21136000,0
1776528300000,0.55419,0.55419,0.54364,0.54723,32444343.1,1776528599999,17810092.43635400,1461,22839.7,12597.96728900,0
1776528600000,0.5462,0.55341,0.5462,0.55341,18978891.7,1776528899999,10448197.37227400,1265,18976094.7,10446660.17787400,0
1776528900000,0.55342,0.55399,0.55174,0.55174,274804.4,1776529199999,152076.70540600,605,219755.1,121628.09814600,0
1776529200000,0.55167,0.554,0.54971,0.55037,1975428.8,1776529499999,1086412.11622300,766,2431.2,1344.98358900,0
1776529500000,0.55052,0.55052,0.54382,0.54413,30854722.6,1776529799999,16872848.57311600,1725,2941.2,1607.79204200,0
1776529800000,0.54413,0.54457,0.54278,0.54293,7996499.3,1776530099999,4344928.80904200,1034,157442.9,85483.25959900,0
1776530100000,0.54294,0.54294,0.53838,0.53885,35190946.9,1776530399999,19024917.23337400,1288,4565.5,2460.63040400,0
1776530400000,0.53885,0.53902,0.53601,0.53658,173972.4,1776530699999,93727.34942100,697,115232.1,62111.75623200,0
1776530700000,0.53658,0.53772,0.53508,0.53508,367629.8,1776530999999,197010.65788000,723,0,0,0
1776531000000,0.53508,0.53627,0.5339,0.53442,12679217.5,1776531299999,6777063.31922900,1065,304354.6,162717.38827300,0
1776531300000,0.53442,0.5348,0.53284,0.53327,56453.7,1776531599999,30174.26524000,659,51203.3,27371.39871600,0
1776531600000,0.53355,0.53483,0.53284,0.53297,30364.4,1776531899999,16187.70218700,639,2157.0,1153.05486900,0
1776531900000,0.53284,0.53284,0.5271,0.52731,26879855.7,1776532199999,14263393.10475000,1472,3943.6,2087.42992300,0
1776532200000,0.52731,0.52789,0.52226,0.52335,24990033.4,1776532499999,13089153.65196000,1325,2257.6,1184.06024900,0
1776532500000,0.52339,0.5245,0.52259,0.52259,6377.7,1776532799999,3340.20351700,691,2031.6,1064.86387200,0
1776532800000,0.52255,0.52695,0.51899,0.52695,35051241.5,1776533099999,18356801.93204600,1392,23510444.9,12352698.44445300,0
1776533100000,0.52695,0.52695,0.51572,0.51572,34844546.6,1776533399999,18095511.97027700,1627,8397.0,4420.27417000,0
1776533400000,0.51572,0.51655,0.51493,0.51655,408925.9,1776533699999,210776.11877900,619,2538.3,1309.74709200,0
1776533700000,0.51655,0.51968,0.51337,0.51337,26370295.7,1776533999999,13609666.40481000,1502,10451762.1,5413258.51198900,0
1776534000000,0.51337,0.51463,0.5128,0.5128,586967.2,1776534299999,301266.19293400,642,12016.6,6182.43096600,0
1776534300000,0.51278,0.51352,0.50564,0.50811,36631226.1,1776534599999,18664023.17344900,1175,25567.4,12959.36402200,0
1776534600000,0.50811,0.51065,0.50535,0.50772,14977341.2,1776534899999,7627756.37911200,823,13248429.1,6747286.20508600,0
1776534900000,0.50772,0.50772,0.49709,0.49772,70598324.5,1776535199999,35379581.24171700,2260,122704.4,62012.60030100,0
1776535200000,0.49776,0.50459,0.48594,0.48605,86060922.5,1776535499999,42593817.73586800,2272,22574128.7,11314028.04807100,0
1776535500000,0.48618,0.49363,0.47974,0.48548,116642950.9,1776535799999,56709475.83854400,1996,52434276.8,25655270.71331500,0
1776535800000,0.48548,0.4979,0.48398,0.48691,99194397.1,1776536099999,48623022.77626500,2175,67011267.3,32819656.30446300,0
1776536100000,0.4868,0.4868,0.47409,0.47409,52581365.7,1776536399999,25217100.05612100,1653,11878.8,5730.44880000,0
1776536400000,0.47409,0.49569,0.47409,0.49342,109927047.1,1776536699999,53408519.23552200,1986,104047867.1,50518666.53867500,0
1776536700000,0.49271,0.49399,0.4858,0.49399,66338086.8,1776536999999,32502115.95423900,1827,39787110.4,19553265.84961400,0
1776537000000,0.49399,0.49965,0.49399,0.49876,44396306.2,1776537299999,22062947.88913000,1002,43869756.9,21801554.73401000,0
1776537300000,0.49863,0.50199,0.49586,0.49603,35857306.1,1776537599999,17945816.28050200,1191,34070027.8,17056412.90387400,0
1776537600000,0.49603,0.49608,0.48334,0.48423,68039835.7,1776537899999,33309922.01095500,1778,6408.3,3102.26923900,0
1776537900000,0.48423,0.48751,0.47745,0.47745,56278554.0,1776538199999,27081441.14073800,2016,3513496.1,1704399.72803300,0
1776538200000,0.47745,0.47782,0.47257,0.47295,30969143.5,1776538499999,14689495.46581300,1473,13192.4,6294.63974300,0
1776538500000,0.47271,0.47358,0.46906,0.47092,32813931.0,1776538799999,15446171.15442800,1273,6107891.8,2885334.16140100,0
1776538800000,0.47088,0.48043,0.47063,0.47861,53346868.3,1776539099999,25398749.14478100,1323,50381313.8,23982768.90101800,0
1776539100000,0.47848,0.47908,0.46947,0.46947,56820370.5,1776539399999,26878607.12361300,1779,274578.5,130710.39876000,0
1776539400000,0.46947,0.47626,0.46944,0.47626,38339589.3,1776539699999,18159205.76751700,1438,31011468.8,14703241.62245800,0
1776539700000,0.47626,0.48197,0.47607,0.47764,54179366.0,1776539999999,25930715.21558700,1304,51440228.2,24621614.97244400,0
1776540000000,0.47764,0.47764,0.47135,0.47156,38231441.4,1776540299999,18125435.36954400,1197,75452.4,35920.50904100,0
1776540300000,0.47152,0.47674,0.47131,0.47598,7905670.6,1776540599999,3759939.31823000,947,7832749.1,3725561.75871400,0
1776540600000,0.47622,0.48883,0.47586,0.48295,97092832.6,1776540899999,46827753.84349900,2018,83318575.8,40146940.66670300,0
1776540900000,0.48301,0.48707,0.48173,0.48707,37730992.5,1776541199999,18282545.22278000,1365,27907703.7,13542658.88699600,0
1776541200000,0.48707,0.49905,0.48707,0.49905,56849580.6,1776541499999,28001117.54637200,1456,50486065.5,24854568.26653300,0
1776541500000,0.49905,0.50692,0.49768,0.50425,49965326.0,1776541799999,25060445.05057500,1334,49956282.4,25055893.01714500,0
1776541800000,0.50425,0.50425,0.48778,0.48878,75772883.4,1776542099999,37686922.36854900,1824,1716.0,850.82905600,0
1776542100000,0.48878,0.50122,0.48878,0.4903,59728953.0,1776542399999,29570951.64676100,1866,23613202.9,11662727.92652100,0
1776542400000,0.4903,0.49452,0.4885,0.49452,40312375.2,1776542699999,19859615.39448500,1293,33063622.8,16309000.72899400,0
1776542700000,0.49452,0.50934,0.49329,0.50934,111608807.0,1776542999999,55736335.13626700,2099,103135459.8,51544871.24009600,0
1776543000000,0.50934,0.51585,0.5068,0.51585,48763543.0,1776543299999,24953426.66317700,1391,48725208.1,24933908.90036100,0
1776543300000,0.51585,0.51585,0.5093,0.5093,25725230.6,1776543599999,13145989.56363900,1145,3065.5,1571.55312500,0
1776543600000,0.5093,0.50934,0.50546,0.50853,24233392.5,1776543899999,12284444.83286200,1667,6160.6,3121.50364100,0
1776543900000,0.50853,0.50901,0.50344,0.50421,23106344.1,1776544199999,11664100.39288000,1387,2146920.0,1092478.71461700,0
1776544200000,0.50417,0.50739,0.50194,0.50739,53744493.3,1776544499999,27123004.58472200,1356,34206509.4,17302444.69365900,0
1776544500000,0.50739,0.5084,0.50387,0.50502,3157579.3,1776544799999,1591689.28758900,912,19629.8,9965.39161400,0
1776544800000,0.50502,0.5123,0.50384,0.5122,44827924.4,1776545099999,22846220.72331800,1069,44737669.3,22800136.54739900,0
1776545100000,0.5123,0.51929,0.51139,0.51924,55810367.9,1776545399999,28768418.35573100,1638,55724110.3,28724238.61485900,0
1776545400000,0.51924,0.51929,0.51643,0.51887,6186.8,1776545699999,3205.13570600,645,193.5,100.48261500,0
1776545700000,0.51887,0.52134,0.51463,0.52134,29172289.2,1776545999999,15118761.77183500,1254,16708672.2,8693737.99962600,0
1776546000000,0.52134,0.52437,0.52002,0.52422,55173133.0,1776546299999,28825478.35174000,1619,45775323.0,23930980.55339600,0
1776546300000,0.52422,0.52424,0.51609,0.51609,12755763.9,1776546599999,6626728.76893900,985,396819.4,207757.02121900,0
1776546600000,0.51609,0.51612,0.51232,0.51232,28061115.6,1776546899999,14419769.98114600,1363,1038906.0,532966.99396800,0
1776546900000,0.51232,0.51747,0.5123,0.51444,37454781.6,1776547199999,19315670.54725800,1405,33233001.2,17148642.73895900,0
1776547200000,0.51444,0.51454,0.51217,0.51451,8597755.5,1776547499999,4415748.87501600,995,7253653.8,3727241.95880500,0
1776547500000,0.51449,0.51449,0.51105,0.51249,8236.0,1776547799999,4221.58618400,666,0,0,0
1776547800000,0.51249,0.51454,0.512,0.51368,6227.0,1776548099999,3195.55028600,614,41.6,21.40486400,0
1776548100000,0.51368,0.5143,0.51121,0.51421,6314.2,1776548399999,3240.99617800,622,0,0,0
1776548400000,0.51421,0.515,0.51196,0.5149,2461882.7,1776548699999,1267520.73901300,737,2456372.5,1264691.63427700,0
1776548700000,0.51483,0.515,0.50994,0.51025,10734047.7,1776548999999,5478725.54687000,1066,2598.0,1336.97101200,0
1776549000000,0.51025,0.51048,0.5068,0.50803,12503001.8,1776549299999,6349183.85140900,1468,7062.4,3597.27841700,0
1776549300000,0.50732,0.5081,0.50517,0.5059,6725.1,1776549599999,3405.82817100,748,499.3,253.21408400,0
1776549600000,0.50567,0.5081,0.50512,0.5058,8439.2,1776549899999,4272.27319500,645,2024.0,1028.35010400,0
1776549900000,0.5058,0.50688,0.50483,0.50543,5712.4,1776550199999,2887.68006000,578,0,0,0
1776550200000,0.50543,0.50598,0.50234,0.50343,18619189.8,1776550499999,9375991.94882500,1329,2219.2,1116.70419800,0
1776550500000,0.50343,0.50452,0.50234,0.50353,7169.6,1776550799999,3610.08461700,678,2672.9,1346.88301800,0
1776550800000,0.50353,0.50441,0.50234,0.50315,8650.2,1776551099999,4350.98973900,678,703.1,353.66734400,0
1776551100000,0.50315,0.50472,0.50315,0.50391,6684.4,1776551399999,3369.66383500,616,1872.7,944.71154500,0
1776551400000,0.50391,0.50472,0.50233,0.50405,6390.2,1776551699999,3215.97989900,704,989.4,498.37654000,0
1776551700000,0.50372,0.50489,0.50224,0.50287,9810.2,1776551999999,4940.93160200,663,3122.1,1575.89403800,0
1776552000000,0.50287,0.505,0.50287,0.50471,6615.9,1776552299999,3334.75147200,691,992.9,500.74009200,0
1776552300000,0.50471,0.50501,0.50103,0.50103,12319.6,1776552599999,6202.70475900,745,3894.2,1966.33201600,0
1776552600000,0.50103,0.50282,0.50096,0.50236,6521.4,1776552899999,3273.35101000,645,0,0,0
1776552900000,0.50236,0.50501,0.50089,0.50174,6616.0,1776553199999,3320.32239400,659,256.7,128.82811800,0
1776553200000,0.50174,0.50206,0.49897,0.49897,12589511.3,1776553499999,6297520.43271600,1127,1429.9,715.87661200,0
1776553500000,0.49897,0.49897,0.49528,0.49619,15725375.6,1776553799999,7798126.25631500,1297,857760.2,425154.78241300,0
1776553800000,0.49619,0.49939,0.49619,0.49939,7235637.3,1776554099999,3606257.10022000,1094,7232535.3,3604715.04811400,0
1776554100000,0.49939,0.50168,0.4991,0.50141,10403663.6,1776554399999,5207072.69449600,1040,10399471.9,5204976.06449600,0
1776554400000,0.50141,0.5025,0.49968,0.49999,6385.2,1776554699999,3200.35555500,652,1508.5,757.23704100,0
1776554700000,0.50022,0.50253,0.49892,0.50164,6801.0,1776554999999,3400.76921000,525,435.5,218.85006000,0
1776555000000,0.50164,0.50443,0.50068,0.50437,12738302.5,1776555299999,6409903.99255100,752,12735088.0,6408290.69619300,0
1776555300000,0.50437,0.50471,0.50235,0.50294,911813.3,1776555599999,460000.00781800,642,907796.2,457976.88334000,0
1776555600000,0.50294,0.50535,0.50235,0.50414,9027.5,1776555899999,4545.50730000,563,1604.1,809.70676500,0
1776555900000,0.50414,0.50752,0.50234,0.50752,16840841.4,1776556199999,8520735.60281100,784,16804374.7,8502409.44580600,0
1776556200000,0.50752,0.5116,0.50752,0.50935,19519015.7,1776556499999,9945730.77565200,1036,19456993.2,9914107.06850000,0
1776556500000,0.50935,0.51113,0.50883,0.51111,4539.5,1776556799999,2314.36481700,447,0,0,0
1776556800000,0.51165,0.51562,0.51165,0.51562,39318050.7,1776557099999,20172027.40613200,1260,39317076.7,20171526.18621900,0
1776557100000,0.51562,0.51616,0.51081,0.51303,24358650.4,1776557399999,12501156.88640200,908,2320401.6,1196880.97556000,0
1776557400000,0.51303,0.51391,0.51081,0.51353,4774.9,1776557699999,2446.88774300,431,605.8,311.04164500,0
1776557700000,0.51353,0.51436,0.50805,0.50917,23189797.3,1776557999999,11822696.79135000,1199,1545.7,788.66317700,0
1776558000000,0.50917,0.50969,0.50631,0.50631,4175.1,1776558299999,2121.17815900,459,1110.0,565.46267900,0
1776558300000,0.50631,0.50708,0.50534,0.50708,6040203.2,1776558599999,3054628.43335000,780,3206.8,1623.54814500,0
1776558600000,0.50699,0.50825,0.50607,0.50741,4695.9,1776558899999,2382.37407700,517,1768.8,897.83112200,0
1776558900000,0.50741,0.51107,0.50644,0.51107,19068184.4,1776559199999,9713182.16230700,886,19065278.1,9711705.88182200,0
1776559200000,0.51107,0.51343,0.51083,0.51343,6239423.2,1776559499999,3196812.05655200,784,6238277.0,3196225.67186700,0
1776559500000,0.51345,0.51395,0.51247,0.51395,1617632.6,1776559799999,830775.34367400,609,1614866.8,829355.77762500,0
1776559800000,0.51396,0.52421,0.51396,0.52421,47079617.1,1776560099999,24455857.83385100,1305,47005904.4,24417434.53325600,0
1776560100000,0.52424,0.52435,0.52051,0.52229,6709827.8,1776560399999,3510127.89615900,642,1461891.9,766482.94037000,0
1776560400000,0.52229,0.52229,0.51722,0.51722,15433515.2,1776560699999,8009260.64248900,759,669.8,347.08390000,0
1776560700000,0.51722,0.52222,0.51643,0.52222,23822154.8,1776560999999,12395067.30319700,1133,23394427.6,12174089.03064200,0
1776561000000,0.52222,0.53286,0.52189,0.5327,72046699.0,1776561299999,38011139.80298700,1606,71976134.4,37974267.11007700,0
1776561300000,0.5325,0.53302,0.52658,0.52683,27448623.9,1776561599999,14530182.62823600,1120,1792139.6,955088.47395000,0
1776561600000,0.52687,0.52939,0.52389,0.52389,18818701.4,1776561899999,9888153.80662700,885,1468866.4,777008.82547500,0
1776561900000,0.52389,0.52534,0.52321,0.52534,2835168.9,1776562199999,1484555.28792500,821,3378.0,1771.97358900,0
1776562200000,0.52537,0.52537,0.51872,0.51872,25861045.7,1776562499999,13454912.44772900,1421,111.7,58.20089600,0
1776562500000,0.51872,0.52368,0.51804,0.52368,12134666.5,1776562799999,6312393.70089900,894,11174478.2,5814393.56672200,0
1776562800000,0.52368,0.52455,0.52016,0.52455,4358407.5,1776563099999,2280354.54130300,712,3096472.9,1622807.85239300,0
1776563100000,0.52455,0.52992,0.52453,0.52827,36442062.3,1776563399999,19196892.83603800,1112,36357639.0,19152213.14563900,0
1776563400000,0.52827,0.52835,0.52362,0.52362,22889881.8,1776563699999,12017982.74985200,891,1245.5,654.13082700,0
1776563700000,0.52362,0.52407,0.52231,0.52389,612710.9,1776563999999,320817.77680800,610,406.7,213.04811100,0
1776564000000,0.52389,0.52418,0.52168,0.52407,559669.1,1776564299999,292051.68035700,476,335.3,175.73979900,0
1776564300000,0.52418,0.5263,0.52418,0.52533,3755482.5,1776564599999,1972300.59428900,764,3752297.9,1970627.19640000,0
1776564600000,0.52533,0.5263,0.52421,0.52421,199599.7,1776564899999,105040.88198600,662,194361.5,102292.04627800,0
1776564900000,0.52421,0.52841,0.52322,0.52793,13764850.7,1776565199999,7261586.14143700,875,13761804.1,7259987.91539000,0
1776565200000,0.52793,0.52941,0.52783,0.52941,5710222.9,1776565499999,3020185.84894700,676,5708299.0,3019169.60821300,0
1776565500000,0.52941,0.53208,0.5271,0.53168,14943941.1,1776565799999,7937725.69239600,1002,14910892.7,7920256.60924300,0
1776565800000,0.53168,0.53289,0.52911,0.52911,275820.7,1776566099999,146430.61937700,537,40178.8,21410.28761500,0
1776566100000,0.52927,0.53345,0.52833,0.53342,12765077.9,1776566399999,6791427.85268000,797,9564763.5,5100063.96335700,0
1776566400000,0.53342,0.53929,0.53342,0.53929,23042861.7,1776566699999,12321245.66358500,1072,23004787.6,12300730.54492200,0
1776566700000,0.53929,0.53935,0.53544,0.53544,16914.0,1776566999999,9107.39546900,517,9825.8,5299.48612400,0
1776567000000,0.53544,0.53951,0.53461,0.53923,9292333.1,1776567299999,4988849.20526500,946,3959994.9,2134856.87669900,0
1776567300000,0.53923,0.53969,0.53715,0.53845,542631.6,1776567599999,292803.63261400,466,539332.1,291028.14247000,0
1776567600000,0.53845,0.54343,0.53715,0.54237,12874350.2,1776567899999,6965571.39258000,944,12686519.9,6863653.49485400,0
1776567900000,0.54232,0.54311,0.53262,0.53394,41654839.2,1776568199999,22312204.24139300,1433,448.8,240.53919300,0
1776568200000,0.53401,0.54616,0.53372,0.54616,47082197.0,1776568499999,25502295.64774100,1284,47013322.3,25465217.58646800,0
1776568500000,0.54616,0.55343,0.54561,0.54832,45206238.1,1776568799999,24813219.22166000,1430,40632066.3,22299768.52509200,0
1776568800000,0.54832,0.54962,0.54532,0.54635,22495838.9,1776569099999,12294240.06037800,1012,3165.1,1732.68500900,0
1776569100000,0.54635,0.55161,0.54635,0.55161,25876170.4,1776569399999,14226457.24542900,930,25871434.7,14223850.02907900,0
1776569400000,0.5514,0.55146,0.54227,0.54227,36809047.8,1776569699999,20065306.59775700,1573,212.7,116.18868800,0
1776569700000,0.54227,0.54316,0.54111,0.5431,9859576.7,1776569999999,5339124.59098700,741,1963.8,1065.06325800,0
1776570000000,0.543,0.5432,0.54049,0.5432,14998.8,1776570299999,8117.59732800,401,154.2,83.75911200,0
1776570300000,0.5432,0.54323,0.53674,0.5374,24820585.3,1776570599999,13359569.51211200,1084,841.2,453.41797600,0
1776570600000,0.5374,0.53797,0.53579,0.53772,28640.3,1776570899999,15362.72213300,782,1428.9,767.97757400,0
1776570900000,0.53772,0.53797,0.53422,0.53422,494078.8,1776571199999,263993.53967700,748,829.7,446.35370900,0
1776571200000,0.53428,0.53617,0.533,0.53473,9291043.5,1776571499999,4954833.85980700,1003,1791.6,957.39468900,0
1776571500000,0.53473,0.5353,0.53253,0.5353,4737970.5,1776571799999,2524437.83339900,888,3992.0,2131.10010100,0
1776571800000,0.5353,0.53549,0.53101,0.53183,13187819.3,1776572099999,7013082.56469900,1221,666453.3,354687.58316700,0
1776572100000,0.53183,0.5341,0.52789,0.53059,19725708.8,1776572399999,10449125.07335100,1044,399461.7,213324.86929800,0
1776572400000,0.5306,0.53371,0.5306,0.53273,947356.0,1776572699999,503564.75246700,850,941729.7,500569.01110700,0
1776572700000,0.53273,0.53273,0.52645,0.52645,21478713.1,1776572999999,11367721.79374900,1240,335039.0,176807.98299900,0
1776573000000,0.52645,0.52645,0.52276,0.5245,17244063.8,1776573299999,9037448.49614200,1481,524019.8,274828.17420900,0
1776573300000,0.52446,0.52752,0.52276,0.52506,9746505.9,1776573599999,5132112.80177900,1026,9742365.0,5129939.45773600,0
1776573600000,0.52537,0.5275,0.52234,0.52234,11950948.4,1776573899999,6252310.13462300,767,0,0,0
1776573900000,0.52234,0.52236,0.5194,0.5194,9416678.9,1776574199999,4909914.57115900,1170,2361.3,1230.47153900,0
1776574200000,0.5194,0.52499,0.5194,0.52499,7742510.6,1776574499999,4054142.20407500,865,7739298.8,4052464.47041700,0
1776574500000,0.52499,0.52719,0.52428,0.52633,802986.7,1776574799999,421734.54816400,745,799521.9,419915.17589800,0
1776574800000,0.52633,0.52744,0.52368,0.52422,8704.7,1776575099999,4573.96806300,645,1570.4,828.28729700,0
1776575100000,0.5244,0.5244,0.5215,0.52415,13642056.0,1776575399999,7133381.50726300,1000,620229.9,324650.80749100,0
1776575400000,0.52397,0.52891,0.52264,0.52891,32173146.1,1776575699999,16917293.67419500,1507,22173716.8,11684560.37222100,0
1776575700000,0.52891,0.53231,0.52891,0.53026,28558604.6,1776575999999,15148078.53644800,1170,28553657.8,15145453.13820000,0
1776576000000,0.53016,0.53243,0.52777,0.53111,8132971.9,1776576299999,4297402.44340700,937,2106.0,1116.83664000,0
1776576300000,0.53111,0.53264,0.52878,0.53099,2075800.9,1776576599999,1105489.91558800,831,2061011.4,1097626.09249500,0
1776576600000,0.5311,0.53362,0.5311,0.5326,15749694.9,1776576899999,8397682.07615700,998,15745757.0,8395584.13641300,0
1776576900000,0.5326,0.54344,0.53249,0.54344,58911243.2,1776577199999,31793539.08497000,1769,58722230.8,31692884.10500400,0
1776577200000,0.54344,0.54356,0.54185,0.54356,2354363.2,1776577499999,1279582.96779400,831,2350487.4,1277478.85129400,0
1776577500000,0.54356,0.54356,0.53819,0.53819,7796987.3,1776577799999,4199932.26064900,1034,1447.3,782.12168900,0
1776577800000,0.53819,0.53998,0.53725,0.53725,9649704.4,1776578099999,5189706.33071400,996,11976.6,6446.32042900,0
1776578100000,0.53725,0.53858,0.5362,0.53659,12734.3,1776578399999,6840.88137300,758,5023.8,2703.53044200,0
1776578400000,0.53659,0.54846,0.5362,0.54449,18301362.2,1776578699999,9926444.80720400,979,18294005.3,9922427.02219000,0
1776578700000,0.54449,0.54846,0.54302,0.54302,13096048.6,1776578999999,7126228.38433700,1114,1429960.3,783457.62030000,0
1776579000000,0.54302,0.54739,0.5424,0.54648,24402610.3,1776579299999,13314079.52717000,1073,23320189.5,12726363.35149800,0
1776579300000,0.54648,0.55974,0.54648,0.55869,42018110.0,1776579599999,23147829.64200100,1624,41991684.0,23133276.16822100,0
1776579600000,0.55844,0.56449,0.55606,0.55925,28361280.7,1776579899999,15890359.19867500,1123,20782622.8,11647021.12620600,0
1776579900000,0.55925,0.55925,0.55572,0.55599,17127449.3,1776580199999,9538939.83623300,1263,2345.8,1307.49656500,0
1776580200000,0.55602,0.55686,0.55275,0.55324,19318138.3,1776580499999,10704773.30621400,1353,23300.6,12903.19571100,0
1776580500000,0.55324,0.5569,0.55258,0.55585,8097780.4,1776580799999,4499588.22905000,846,7459048.0,4146590.19800100,0
1776580800000,0.55585,0.55804,0.55425,0.55509,13455302.1,1776581099999,7503794.50021800,998,13449893.4,7500788.37169600,0
1776581100000,0.55509,0.5581,0.55482,0.55742,1443255.5,1776581399999,805424.22805800,758,1437202.0,802054.48921400,0
1776581400000,0.55742,0.55919,0.55568,0.55919,6731.4,1776581699999,3752.78593600,845,2651.8,1481.28946900,0
1776581700000,0.55919,0.56367,0.55568,0.56359,20992693.5,1776581999999,11762918.92053600,1394,20988489.9,11760557.17352200,0
1776582000000,0.56359,0.5642,0.56245,0.56316,677141.0,1776582299999,381784.78955700,698,672189.4,378995.98459700,0
1776582300000,0.56316,0.5642,0.55669,0.55867,8460508.8,1776582599999,4742922.97993800,882,36875.5,20555.20073800,0
1776582600000,0.55867,0.56334,0.55702,0.56273,2141798.7,1776582899999,1200203.24455400,791,1637228.0,917670.97272100,0
1776582900000,0.56273,0.56602,0.56273,0.56576,21449621.1,1776583199999,12105434.91863300,1014,21444776.3,12102698.59328500,0
1776583200000,0.56602,0.56606,0.55911,0.55911,22221636.9,1776583499999,12465392.92903400,1040,182006.7,101780.47988800,0
1776583500000,0.55911,0.55911,0.55272,0.55507,19903228.3,1776583799999,11066190.06417100,944,1048884.5,581194.60240600,0
1776583800000,0.55507,0.55992,0.55466,0.55992,15358757.5,1776584099999,8550188.02566500,1115,14905454.0,8298244.50459500,0
1776584100000,0.55994,0.56855,0.55994,0.56574,38892769.2,1776584399999,21942707.54749100,1358,38888805.3,21940462.79762400,0
1776584400000,0.56574,0.57282,0.56561,0.57282,32702803.5,1776584699999,18651616.74435100,1379,32699643.0,18649819.39894500,0
1776584700000,0.57282,0.57774,0.57227,0.57736,25470854.0,1776584999999,14681244.97684100,1048,25467833.6,14679509.46275000,0
1776585000000,0.57712,0.57774,0.57166,0.57166,8964867.4,1776585299999,5138694.84045800,826,17941.7,10279.27368300,0
1776585300000,0.57164,0.57405,0.56778,0.56778,14373558.1,1776585599999,8184097.94842000,1016,876.3,502.06289500,0
1776585600000,0.56786,0.56807,0.56595,0.56807,2793739.8,1776585899999,1584671.79967400,862,1793.5,1015.88813300,0
1776585900000,0.56786,0.57305,0.56594,0.5724,25266375.7,1776586199999,14427043.12288200,1011,25242782.4,14413685.08842900,0
1776586200000,0.5724,0.57357,0.5711,0.57274,4563.3,1776586499999,2610.89562600,555,527.7,302.46899400,0
1776586500000,0.57274,0.57973,0.57253,0.5795,38309397.7,1776586799999,22075833.26847100,1282,38305477.5,22073571.86857400,0
1776586800000,0.5795,0.58369,0.57897,0.58255,20069419.5,1776587099999,11667868.45511600,985,20067454.0,11666724.03491900,0
1776587100000,0.58255,0.59479,0.58123,0.58701,42096136.7,1776587399999,24708761.99717300,1257,40382552.5,23699247.64462700,0
1776587400000,0.58701,0.59099,0.58544,0.58723,18301303.6,1776587699999,10787533.48107500,818,16768487.6,9883501.11210900,0
1776587700000,0.58723,0.58723,0.57913,0.57972,23154273.1,1776587999999,13498175.91682700,1116,2919.8,1695.06281500,0
1776588000000,0.57972,0.5802,0.576,0.57693,11518780.8,1776588299999,6648612.43982400,617,2906.4,1677.28173900,0
1776588300000,0.57693,0.58121,0.57537,0.58121,12008509.1,1776588599999,6959018.22529400,907,10180680.3,5906678.72276000,0
1776588600000,0.58121,0.58663,0.58121,0.58654,29602200.2,1776588899999,17302867.11948400,1264,29598502.8,17300704.16849700,0
1776588900000,0.58654,0.59235,0.58436,0.59111,31557482.7,1776589199999,18598120.71402800,1227,31535135.1,18585001.08718400,0
1776589200000,0.59235,0.59515,0.59089,0.59515,7923936.4,1776589499999,4710776.53646900,790,7919329.1,4708052.45306800,0
1776589500000,0.59515,0.59898,0.59491,0.59493,21018114.3,1776589799999,12546898.61890800,890,19065752.6,11383252.89684800,0
1776589800000,0.59493,0.59993,0.59493,0.5988,4053203.7,1776590099999,2429251.28358800,604,4050524.5,2427648.90318700,0
1776590100000,0.5988,0.60316,0.5988,0.60211,24283545.8,1776590399999,14605785.26248400,1105,24279725.2,14603487.13659800,0
1776590400000,0.60211,0.60316,0.59592,0.59898,21053741.2,1776590699999,12592578.29360500,883,3330.7,1986.62891700,0
1776590700000,0.59879,0.60458,0.59879,0.60458,16864472.1,1776590999999,10151703.95192300,1095,16836758.8,10134990.84730600,0
1776591000000,0.60458,0.60466,0.60151,0.60151,170206.3,1776591299999,102897.56009500,555,162923.8,98503.70470400,0
1776591300000,0.6015,0.60533,0.6004,0.6004,4753683.2,1776591599999,2855626.54964200,702,26190.3,15852.36198800,0
1776591600000,0.6004,0.60377,0.59976,0.6,1667030.3,1776591899999,1000201.24614800,568,3176.1,1913.97667400,0
1776591900000,0.60006,0.60453,0.59777,0.5982,31387990.6,1776592199999,18862903.32958400,1458,13068339.9,7883449.00718800,0
1776592200000,0.5982,0.59821,0.5916,0.59231,31040110.0,1776592499999,18437983.74465500,1254,773.6,461.83331700,0
1776592500000,0.59231,0.5992,0.5916,0.5992,21119830.9,1776592799999,12605785.06007200,863,21108606.9,12599071.49718200,0
1776592800000,0.5992,0.60315,0.59869,0.59904,18684690.4,1776593099999,11231972.75538900,1000,17165184.8,10321514.41797600,0
1776593100000,0.59904,0.59972,0.59156,0.59477,48273161.0,1776593399999,28741301.34792700,1209,1450.1,860.75434300,0
1776593400000,0.59515,0.59586,0.5908,0.5908,11277201.7,1776593699999,6676541.42706100,1023,1536253.7,915182.46765300,0
1776593700000,0.5908,0.59581,0.58968,0.59581,16405854.4,1776593999999,9725136.16298100,1021,12877043.7,7641891.80521700,0
1776594000000,0.59581,0.59937,0.59108,0.59182,19672893.0,1776594299999,11747508.32880500,1176,6529731.9,3897415.67706200,0
1776594300000,0.59174,0.59686,0.58901,0.5964,18067551.5,1776594599999,10724731.70203300,1165,15961099.6,9481603.36748100,0
1776594600000,0.59686,0.59867,0.59413,0.59549,5452551.0,1776594899999,3256599.75893100,921,5422520.9,3238674.52661400,0
1776594900000,0.59549,0.60007,0.59507,0.59976,10711754.1,1776595199999,6422440.93999600,751,10709408.8,6421038.96519800,0
1776595200000,0.59976,0.60346,0.59976,0.60346,11746913.1,1776595499999,7062779.17441900,879,11738137.6,7057502.95838700,0
1776595500000,0.60346,0.60398,0.59943,0.59943,2050336.9,1776595799999,1229453.57930500,583,1302.8,786.72369600,0
1776595800000,0.59943,0.6015,0.59785,0.59785,13723067.3,1776596099999,8215000.59908200,945,103408.5,61976.96031500,0
1776596100000,0.59785,0.59785,0.59363,0.59363,10145777.3,1776596399999,6057152.72777400,882,679.0,405.07198300,0
1776596400000,0.59363,0.59417,0.5914,0.5916,12816849.3,1776596699999,7593316.12082400,816,7673.1,4546.85617000,0
1776596700000,0.5916,0.59661,0.5916,0.59563,18411339.4,1776596999999,10961130.52765700,830,18409424.7,10959990.88560300,0
1776597000000,0.59559,0.59666,0.58706,0.58706,17638440.1,1776597299999,10412803.42129100,929,4980.9,2960.95616200,0
1776597300000,0.58706,0.59214,0.58223,0.59187,45383864.2,1776597599999,26622266.98709300,1212,15584716.8,9192730.45965300,0
1776597600000,0.59187,0.59198,0.58422,0.58503,28758788.8,1776597899999,16869352.76307700,987,23834.5,13931.82958600,0
1776597900000,0.58503,0.58747,0.5838,0.58384,3971575.4,1776598199999,2319358.04183100,750,3390.3,1987.92824400,0
1776598200000,0.58389,0.58459,0.58051,0.58051,18551463.9,1776598499999,10794814.52072700,988,5213.8,3042.17512500,0
1776598500000,0.58051,0.58295,0.5782,0.58295,22443746.0,1776598799999,13050696.38804400,1088,18470765.1,10745409.87846200,0
1776598800000,0.58295,0.58504,0.57675,0.58504,31116017.9,1776599099999,18089601.08626300,1336,20044847.5,11696536.93657600,0
1776599100000,0.58504,0.58504,0.5816,0.5816,22376.8,1776599399999,13070.61204700,508,10434.6,6104.65838400,0
1776599400000,0.5816,0.58704,0.58143,0.58499,12449707.7,1776599699999,7297243.42152100,735,12444172.1,7294006.15541600,0
1776599700000,0.58499,0.58868,0.58432,0.58868,8168686.4,1776599999999,4799460.56246400,842,8163953.4,4796681.60380600,0
1776600000000,0.58868,0.58877,0.58506,0.58581,29417.1,1776600299999,17312.87849400,566,25198.0,14835.40431800,0
1776600300000,0.58605,0.59778,0.58605,0.59047,54836726.2,1776600599999,32418704.94867300,1046,49216286.2,29086241.20064400,0
1776600600000,0.59047,0.59047,0.58524,0.5877,13938725.3,1776600899999,8170326.32050300,799,4501.0,2640.53561500,0
1776600900000,0.58784,0.59466,0.58524,0.59466,17557201.1,1776601199999,10406456.09196500,1251,17471435.9,10355857.75072300,0
1776601200000,0.59466,0.59775,0.59354,0.59354,14777645.1,1776601499999,8807570.26789900,871,14759562.4,8796806.67217000,0
1776601500000,0.59345,0.5979,0.59286,0.59545,100463.8,1776601799999,60037.57633100,480,93290.9,55775.30355800,0
1776601800000,0.59545,0.5979,0.59172,0.59468,10214177.4,1776602099999,6051766.77630500,798,5451.8,3253.50367400,0
1776602100000,0.5938,0.59514,0.59125,0.59142,2587589.7,1776602399999,1530449.33472100,582,6432.1,3807.70833200,0
1776602400000,0.59142,0.59407,0.59038,0.59407,106027.0,1776602699999,62670.47372400,630,8542.6,5060.80216300,0
1776602700000,0.59407,0.60116,0.5937,0.60116,25322082.7,1776602999999,15117528.42630100,1249,25261342.3,15081172.41589600,0
1776603000000,0.60116,0.61301,0.59823,0.61301,42596445.7,1776603299999,25801614.09324200,1006,42585043.0,25794785.42948900,0
1776603300000,0.61301,0.62922,0.61186,0.62922,42328795.6,1776603599999,26187068.06011400,1381,41821488.7,25875160.90510500,0
1776603600000,0.62917,0.62971,0.621,0.62859,51585788.0,1776603899999,32202328.34598300,1434,33493524.2,20925385.42160000,0
1776603900000,0.62881,0.63012,0.621,0.63012,11168978.3,1776604199999,7010488.75753000,1023,5320862.2,3350563.93465000,0
1776604200000,0.62997,0.63278,0.61851,0.61851,50051360.7,1776604499999,31268887.85264600,1586,10088077.5,6365642.44464900,0
1776604500000,0.61851,0.62272,0.61443,0.62068,29172453.1,1776604799999,18023442.85659100,963,9598654.0,5956257.82129000,0
1776604800000,0.62068,0.6291,0.62006,0.62746,32101453.1,1776605099999,20090287.63474200,858,32040309.4,20051928.02432900,0
1776605100000,0.62746,0.6291,0.62267,0.62284,13699639.4,1776605399999,8553038.19610600,818,422758.3,265440.03769400,0
1776605400000,0.62267,0.6311,0.6219,0.6311,16277383.4,1776605699999,10186270.79717700,1026,10995948.2,6900049.93262800,0
1776605700000,0.6311,0.63757,0.6311,0.63366,27993791.0,1776605999999,17722090.09243800,1095,16316965.7,10328101.76840600,0
1776606000000,0.63366,0.63627,0.62729,0.62842,13994990.2,1776606299999,8802080.67227200,911,71877.2,45419.58279200,0
1776606300000,0.62842,0.63236,0.62567,0.62873,11287761.5,1776606599999,7073700.90209100,691,588338.4,369763.53376700,0
1776606600000,0.62905,0.63008,0.62567,0.62774,90185.2,1776606899999,56612.66809700,654,40688.0,25634.47561200,0
1776606900000,0.62774,0.64557,0.62579,0.64416,75783980.4,1776607199999,48176633.91605500,1639,75231491.6,47828816.41286000,0
1776607200000,0.64416,0.65069,0.64078,0.64302,41695076.0,1776607499999,26958044.80006500,1338,22099288.8,14343000.33431800,0
1776607500000,0.64302,0.64842,0.6427,0.64745,19099461.9,1776607799999,12325343.18298400,1455,11169736.1,7220244.93769700,0
1776607800000,0.64745,0.6615,0.64531,0.6615,60765769.6,1776608099999,39706951.71543400,1798,60707452.5,39669188.96914100,0
1776608100000,0.6615,0.66273,0.65936,0.66273,1266409.4,1776608399999,837459.79024000,765,876716.3,580134.13174300,0
1776608400000,0.66258,0.66728,0.65936,0.66485,27391298.8,1776608699999,18215548.57518700,1259,24985610.5,16618584.60004300,0
1776608700000,0.66485,0.6735,0.66485,0.6709,21524785.9,1776608999999,14407113.91315900,1275,21518449.7,14402862.60488700,0
1776609000000,0.6709,0.67365,0.66582,0.67356,22025517.3,1776609299999,14717641.50893500,1116,1641759.1,1102277.00416500,0
1776609300000,0.67347,0.67375,0.66535,0.66535,15725881.1,1776609599999,10498877.71403500,1053,688754.4,461867.94917600,0
1776609600000,0.66535,0.67029,0.6642,0.6699,14306544.5,1776609899999,9533235.55662400,901,4904546.6,3283513.34915300,0
1776609900000,0.6699,0.68676,0.6699,0.68214,36848152.1,1776610199999,25020742.72665000,1365,36800332.3,24988137.95922200,0
1776610200000,0.68214,0.68676,0.67482,0.6777,8551681.3,1776610499999,5804433.18322600,837,3351495.9,2271293.07382200,0
1776610500000,0.67764,0.67971,0.6576,0.66383,52390724.7,1776610799999,34851066.32306500,1586,9752719.6,6466934.14287400,0
1776610800000,0.66383,0.67081,0.66359,0.67081,18736277.8,1776611099999,12536863.90025300,992,18519242.9,12391736.35012800,0
1776611100000,0.67081,0.67147,0.65883,0.66318,37474308.8,1776611399999,24898963.67896600,1218,7221143.8,4805988.26842100,0
1776611400000,0.66318,0.66644,0.66134,0.66134,15983172.0,1776611699999,10604619.92346600,1048,4913243.1,3269859.55992800,0
1776611700000,0.66134,0.66872,0.66081,0.66745,13271801.3,1776611999999,8818514.64688800,983,7456488.9,4973571.85394500,0
1776612000000,0.66827,0.66872,0.66069,0.66129,19802024.7,1776612299999,13138737.54578500,1027,40286.5,26784.54172700,0
1776612300000,0.66136,0.66244,0.64208,0.65313,83801730.5,1776612599999,54523154.94143200,1532,13934830.6,9036245.92841800,0
1776612600000,0.65313,0.65475,0.65033,0.6547,12403022.1,1776612899999,8079509.88146400,847,75194.3,49168.42565000,0
1776612900000,0.65033,0.65585,0.64272,0.64844,32534455.9,1776613199999,21099343.24421700,1148,10013492.2,6504908.60285200,0
1776613200000,0.6486,0.65099,0.64409,0.65099,20484573.8,1776613499999,13292417.47490800,1236,13412215.7,8720140.26092000,0
1776613500000,0.65106,0.66276,0.65087,0.66215,64744116.6,1776613799999,42464156.96365200,1475,60380169.0,39600243.07153800,0
1776613800000,0.66233,0.6629,0.645,0.65016,38702243.1,1776614099999,25252901.73542900,1099,1864094.8,1230786.93485000,0
1776614100000,0.65016,0.65016,0.64286,0.64676,23433748.7,1776614399999,15130036.54309300,880,10720204.7,6933016.62340000,0
1776614400000,0.64972,0.64972,0.61637,0.62735,99680513.0,1776614699999,62869733.94593100,1552,8377638.5,5202624.35364400,0
1776614700000,0.62735,0.64381,0.62735,0.63435,4018746.6,1776614999999,2544405.12061600,899,3857140.9,2441711.66108500,0
1776615000000,0.63435,0.63578,0.62584,0.62621,25242634.7,1776615299999,15903839.50248400,981,543882.0,345778.02309200,0
1776615300000,0.6264,0.62675,0.61787,0.61874,45827829.6,1776615599999,28485406.55650200,1390,1457502.3,906761.79574300,0
1776615600000,0.61874,0.61977,0.61307,0.61774,25110801.5,1776615899999,15493045.36506700,1009,7394028.1,4566738.36274700,0
1776615900000,0.61774,0.61774,0.59561,0.60256,93034184.1,1776616199999,56422396.88684400,1951,18459212.4,11161698.87277300,0
1776616200000,0.60256,0.60601,0.6025,0.60396,1276575.1,1776616499999,771950.23614500,612,1260494.9,762226.69344500,0
1776616500000,0.60415,0.60601,0.58892,0.59516,71906206.6,1776616799999,42731567.55806900,1731,7663359.5,4539745.77386700,0
1776616800000,0.59516,0.59663,0.58885,0.59453,27472921.2,1776617099999,16318345.77387300,1084,18563447.8,11036533.36776800,0
1776617100000,0.59422,0.59722,0.58428,0.59722,88073188.4,1776617399999,51943184.84386300,1471,55335798.7,32718359.98266100,0
1776617400000,0.59722,0.61238,0.59721,0.60272,49369676.7,1776617699999,29816588.37577800,1250,47116625.2,28455357.39930400,0
1776617700000,0.60277,0.60449,0.59636,0.59738,36483234.4,1776617999999,21877862.13321500,1204,7227.9,4360.59610200,0
1776618000000,0.59738,0.59819,0.59205,0.59205,23598378.4,1776618299999,14008309.78621700,1030,2714.2,1616.39157700,0
1776618300000,0.59205,0.59609,0.58744,0.59426,43375829.3,1776618599999,25599737.57285500,1367,7838540.1,4643595.06505400,0
1776618600000,0.59405,0.59538,0.58223,0.58223,42123119.5,1776618899999,24684998.14389300,1230,2452.1,1436.08517600,0
1776618900000,0.58223,0.58363,0.54702,0.54702,89992266.5,1776619199999,51337006.25458500,1797,23805.5,13180.22639100,0
1776619200000,0.54702,0.55864,0.53784,0.55864,58293389.1,1776619499999,31981180.67436600,1233,28760847.3,15928605.28779500,0
1776619500000,0.55864,0.58101,0.55864,0.58097,77689048.3,1776619799999,44058542.79309400,1485,77673165.1,44049599.31834500,0
1776619800000,0.58097,0.58703,0.57255,0.58703,61305080.8,1776620099999,35629996.21420100,1735,51940021.3,30217669.35463700,0
1776620100000,0.58703,0.58962,0.58618,0.58962,10588097.9,1776620399999,6220971.27310500,731,10573999.9,6212674.93632700,0
1776620400000,0.58962,0.59413,0.58851,0.59262,35403001.5,1776620699999,20979718.03368100,1138,35399784.1,20977815.99048200,0
1776620700000,0.59261,0.59417,0.58586,0.5886,12855419.5,1776620999999,7590124.99486100,854,224316.8,133096.95640600,0
1776621000000,0.58865,0.59445,0.58586,0.58836,14466063.4,1776621299999,8556423.21650700,785,12848390.0,7603230.05605300,0
1776621300000,0.58834,0.58937,0.58089,0.58089,17085492.3,1776621599999,9975160.70885200,989,4703.7,2762.69027700,0
1776621600000,0.58089,0.58119,0.56901,0.56901,30667341.2,1776621899999,17588295.71859800,1000,104077.7,59559.61451400,0
1776621900000,0.56901,0.56901,0.56554,0.56667,18434554.0,1776622199999,10464222.34833000,799,884006.6,501366.50444700,0
1776622200000,0.56667,0.57364,0.5663,0.5724,37339248.9,1776622499999,21303547.14307400,1138,37118533.5,21177737.61029200,0
1776622500000,0.5724,0.57364,0.56412,0.56412,19631126.0,1776622799999,11141153.61393600,1161,51149.4,29034.47612500,0
1776622800000,0.56412,0.56412,0.55291,0.55519,56224799.3,1776623099999,31407088.81412500,1219,515416.2,286497.81591200,0
1776623100000,0.55511,0.56159,0.55511,0.56152,17861578.6,1776623399999,9964406.44844300,540,17834198.2,9949078.14392400,0
1776623400000,0.56159,0.57107,0.55928,0.56804,13074092.4,1776623699999,7377565.34095800,706,13029823.1,7352392.84566400,0
1776623700000,0.56804,0.57396,0.56725,0.57396,14343728.5,1776623999999,8198670.51738200,1176,13454032.1,7693057.48294800,0
1776624000000,0.57379,0.57486,0.57207,0.57207,3463685.4,1776624299999,1989479.33601300,534,3460203.4,1987484.47998900,0
1776624300000,0.57207,0.57486,0.56891,0.57266,15635483.4,1776624599999,8916517.97097400,1025,2459.6,1403.99340700,0
1776624600000,0.57256,0.57488,0.5721,0.57488,14075293.1,1776624899999,8082858.25030500,976,14071517.6,8080695.66249700,0
1776624900000,0.57488,0.58098,0.57408,0.58,21667261.2,1776625199999,12510996.20147500,1176,19925573.5,11500718.67035300,0
1776625200000,0.58,0.58532,0.57903,0.57903,18933251.1,1776625499999,10994325.49208900,1376,12013957.6,6978124.21711800,0
1776625500000,0.57903,0.59321,0.57778,0.58585,42040825.2,1776625799999,24702602.02511300,1700,25712111.2,15130380.53405200,0
1776625800000,0.586,0.58903,0.581,0.58318,35012805.3,1776626099999,20473711.44312300,1628,9087248.1,5339666.31457300,0
1776626100000,0.5832,0.58364,0.5793,0.58106,904738.9,1776626399999,525638.80573900,703,6618.9,3855.23453200,0
1776626400000,0.58109,0.58312,0.57911,0.58058,7369.4,1776626699999,4282.73538000,564,1755.5,1023.66716000,0
1776626700000,0.58058,0.58058,0.57589,0.57628,21309689.5,1776626999999,12308617.72968800,1186,23750.9,13692.10707800,0
1776627000000,0.57628,0.57778,0.57549,0.57734,31071.3,1776627299999,17899.81078700,623,3745.3,2161.65270600,0
1776627300000,0.57734,0.57745,0.57093,0.57326,9742126.6,1776627599999,5590156.08590400,865,1596749.1,912969.76218700,0
1776627600000,0.57326,0.57329,0.57045,0.57057,4254663.0,1776627899999,2430825.82445800,823,112252.1,64293.74109100,0
1776627900000,0.57057,0.57179,0.56524,0.56662,12423106.6,1776628199999,7048807.86966300,682,998.5,568.81119400,0
1776628200000,0.56662,0.56739,0.56475,0.56475,4805011.7,1776628499999,2715185.46737900,459,13420.3,7609.55284600,0
1776628500000,0.56475,0.56914,0.56379,0.5683,14144867.2,1776628799999,8019665.93672400,952,13763365.9,7804233.13030400,0
1776628800000,0.56914,0.56914,0.56539,0.56539,11305.5,1776629099999,6417.33107200,651,472.1,268.69099400,0
1776629100000,0.56539,0.56914,0.5608,0.56289,15376072.3,1776629399999,8669695.06319200,1037,1621.9,915.93499500,0
1776629400000,0.56293,0.5668,0.56064,0.5668,24824879.9,1776629699999,14027356.23990200,1239,24808261.5,14018033.76158300,0
1776629700000,0.5668,0.5688,0.56293,0.56293,42211213.0,1776629999999,23879038.93659500,1430,16202084.7,9202895.13023000,0
1776630000000,0.56293,0.56745,0.56293,0.56601,14486435.1,1776630299999,8191096.08731700,1318,14315736.1,8095001.43583000,0
1776630300000,0.56604,0.56884,0.56344,0.56349,14414672.1,1776630599999,8148091.85668300,1115,4520808.9,2567910.31033500,0
1776630600000,0.56349,0.56353,0.55993,0.5609,27499849.2,1776630899999,15447212.99316800,1973,2010933.6,1130212.09718400,0
1776630900000,0.5609,0.56127,0.5584,0.5591,6001.5,1776631199999,3359.57780200,697,781.5,438.55021700,0
1776631200000,0.55867,0.56134,0.55839,0.56077,5652.9,1776631499999,3162.68484100,644,215.5,120.95925800,0
1776631500000,0.56077,0.56135,0.5543,0.55944,15874468.0,1776631799999,8856035.37597700,1087,4054479.6,2266434.87530200,0
1776631800000,0.55944,0.55944,0.55548,0.55621,10816899.9,1776632099999,6016871.28759300,1083,32264.1,17935.04031800,0
1776632100000,0.55621,0.56175,0.55538,0.56175,12750759.0,1776632399999,7119473.96122400,954,12720225.3,7102484.06155500,0
1776632400000,0.56175,0.56187,0.55866,0.55866,817193.2,1776632699999,458939.12927200,672,759357.1,426582.28660700,0
1776632700000,0.55866,0.5631,0.55864,0.5631,9054687.9,1776632999999,5091839.22664700,851,9050658.6,5089576.89592500,0
1776633000000,0.5631,0.56698,0.5605,0.56344,21540987.6,1776633299999,12157092.93108000,985,21533203.8,12152703.17289900,0
1776633300000,0.56344,0.56698,0.56154,0.56208,11282552.5,1776633599999,6348601.44106400,870,55203.3,31048.12029200,0
1776633600000,0.56208,0.56684,0.56208,0.56684,8872539.8,1776633899999,5017303.14059000,1017,8869202.3,5015417.41587900,0
1776633900000,0.56684,0.56803,0.56547,0.56547,81637.9,1776634199999,46361.57386800,771,76713.2,43571.96769900,0
1776634200000,0.56547,0.56803,0.56138,0.56138,20440663.0,1776634499999,11514677.02027100,1456,1377.9,776.13234200,0
1776634500000,0.56138,0.5618,0.55747,0.55812,9063118.5,1776634799999,5064825.99672400,1161,9417.9,5270.24480300,0
1776634800000,0.55812,0.55867,0.55504,0.5567,11602005.3,1776635099999,6457955.33434300,1099,6124.7,3409.62543900,0
1776635100000,0.5567,0.55699,0.55353,0.55358,7188.4,1776635399999,3994.49243400,696,2668.8,1485.90536700,0
1776635400000,0.55358,0.55432,0.55311,0.55342,4124530.2,1776635699999,2281720.47812900,814,375.5,207.86354500,0
1776635700000,0.55337,0.55519,0.55241,0.5536,7248424.0,1776635999999,4007145.76466800,913,2069.5,1145.68011500,0
1776636000000,0.5536,0.55769,0.55128,0.55564,29630177.2,1776636299999,16416600.17368300,1178,17579930.0,9767709.87676000,0
1776636300000,0.55564,0.55635,0.55251,0.55345,6461825.1,1776636599999,3572515.45673700,988,1715297.1,948614.55243100,0
1776636600000,0.55349,0.55476,0.55086,0.55476,11362168.4,1776636899999,6269925.39555300,1053,26966.2,14901.67565400,0
1776636900000,0.55477,0.55691,0.55355,0.55355,13998671.6,1776637199999,7777073.73002900,1151,13955455.1,7753021.30161400,0
1776637200000,0.55355,0.55361,0.55098,0.55148,12507766.5,1776637499999,6900644.25228300,1005,924.7,510.10167900,0
1776637500000,0.55151,0.55253,0.55063,0.55166,7117.7,1776637799999,3925.33760500,689,2774.7,1532.10607500,0
1776637800000,0.55179,0.55242,0.55022,0.55022,13866.0,1776638099999,7638.07764600,507,0,0,0
1776638100000,0.55022,0.55253,0.55,0.55,5644.1,1776638399999,3105.44103000,559,327.0,180.67731000,0
1776638400000,0.55,0.55253,0.55,0.55069,5573.5,1776638699999,3066.99155900,556,327.0,180.67731000,0
1776638700000,0.55069,0.55253,0.54581,0.54599,11926418.3,1776638999999,6533281.39050200,1034,20438.2,11266.52792200,0
1776639000000,0.54599,0.54665,0.54397,0.54397,15965.8,1776639299999,8697.87580200,605,858.8,469.42831000,0
1776639300000,0.54397,0.54416,0.54262,0.54298,2534748.7,1776639599999,1375890.34059600,747,4956.2,2693.30513900,0
1776639600000,0.54298,0.54307,0.54211,0.54245,4768770.4,1776639899999,2586425.44779200,796,114392.1,62046.70846600,0
1776639900000,0.54245,0.54613,0.54211,0.54539,4626183.8,1776640199999,2520638.81249100,591,4621559.1,2518123.99594700,0
1776640200000,0.54525,0.54613,0.5446,0.54532,11541.8,1776640499999,6301.07837100,329,8431.5,4604.69509500,0
1776640500000,0.54532,0.54614,0.54319,0.54319,26429.5,1776640799999,14426.09508000,651,20693.9,11301.76635900,0
1776640800000,0.54319,0.54319,0.54,0.54085,15498951.6,1776641099999,8398958.09156500,1111,1568.2,848.02457200,0
1776641100000,0.54085,0.54162,0.54,0.54096,42477.1,1776641399999,22975.68655500,704,1918.0,1038.16625300,0
1776641400000,0.54096,0.54163,0.53981,0.54152,183503.1,1776641699999,99378.26385300,689,143216.6,77569.43050200,0
1776641700000,0.54157,0.55279,0.5414,0.54853,54605972.2,1776641999999,29808070.49726700,1501,54517739.0,29759689.85922800,0
1776642000000,0.54853,0.54853,0.54096,0.54096,21160919.2,1776642299999,11497372.96628300,1669,222945.2,121064.32956900,0
1776642300000,0.54096,0.54096,0.53822,0.53877,15943282.0,1776642599999,8609132.33377200,1303,259615.8,140050.36191400,0
1776642600000,0.5388,0.54328,0.53853,0.53998,20835795.6,1776642899999,11293916.09361700,1063,20828231.9,11289822.00971200,0
1776642900000,0.54007,0.54488,0.52754,0.53584,22304780.7,1776643199999,12111517.36459300,1185,11400827.8,6200281.72509000,0
1776643200000,0.53732,0.53824,0.53669,0.53704,2981790.9,1776643499999,1601926.58401300,716,1043767.7,561130.34638100,0
1776643500000,0.53704,0.53847,0.53101,0.53101,33829796.1,1776643799999,18031694.06841600,1291,432431.5,229850.24144800,0
1776643800000,0.53101,0.5317,0.52994,0.52994,1081594.8,1776644099999,574346.91173700,837,116953.9,62126.83813400,0
1776644100000,0.52994,0.5317,0.52751,0.52811,16018873.3,1776644399999,8469570.39003800,1217,102789.9,54320.14141100,0
1776644400000,0.52811,0.54009,0.52751,0.54009,73518859.9,1776644699999,39294519.85738400,1740,73516217.9,39293125.45274600,0
1776644700000,0.54009,0.54062,0.53141,0.53141,15462053.6,1776644999999,8314675.64762800,1004,3612424.8,1952172.13261500,0
1776645000000,0.53141,0.53141,0.52324,0.52324,43605855.1,1776645299999,23001518.86797100,1654,1950.2,1025.23599800,0
1776645300000,0.52356,0.52528,0.52215,0.52248,9176855.9,1776645599999,4795692.77139300,1214,2399.2,1256.20791100,0
1776645600000,0.52248,0.52546,0.52201,0.52546,1319691.0,1776645899999,689093.75851000,814,61710.0,32307.69066600,0
1776645900000,0.52546,0.52555,0.52488,0.52519,196578.6,1776646199999,103307.01827300,674,184077.8,96741.69204300,0
1776646200000,0.52519,0.52519,0.51624,0.51688,40929908.1,1776646499999,21285255.51753600,2062,518247.7,268550.63064900,0
1776646500000,0.51688,0.51704,0.51298,0.51342,15849510.4,1776646799999,8152230.63237200,1526,2339.2,1204.09373400,0
1776646800000,0.51344,0.52103,0.51292,0.52049,23496388.7,1776647099999,12159233.21424700,1076,23485438.8,12153565.84246000,0
1776647100000,0.52049,0.5244,0.51828,0.52195,37024208.2,1776647399999,19332708.31174800,1322,35512769.8,18545669.14745900,0
1776647400000,0.52195,0.52602,0.5209,0.52602,25067776.4,1776647699999,13164202.06102700,1221,24222577.2,12722288.91039100,0
1776647700000,0.52602,0.53282,0.52564,0.5322,53183548.9,1776647999999,28149066.70427200,1458,49286820.3,26089742.08468400,0
1776648000000,0.5322,0.53251,0.52746,0.52746,5822665.3,1776648299999,3075171.44105400,947,3761.7,1993.91844600,0
1776648300000,0.52746,0.53893,0.5249,0.53893,23884687.1,1776648599999,12598598.73780800,1503,14105621.5,7448675.51832400,0
1776648600000,0.53893,0.5403,0.5306,0.5306,9009906.6,1776648899999,4833684.56499300,905,195908.1,105537.58065200,0
1776648900000,0.5306,0.5306,0.52441,0.52442,13588310.4,1776649199999,7191347.90785700,949,1128.9,595.31655200,0
1776649200000,0.52442,0.52442,0.51552,0.51736,61020592.8,1776649499999,31709367.16198300,1871,946.3,490.61409400,0
1776649500000,0.51748,0.51748,0.5104,0.5104,42869368.7,1776649799999,21994919.04717300,1761,16956.3,8723.02324400,0
1776649800000,0.5104,0.51125,0.50868,0.50938,18780656.5,1776650099999,9570552.78288700,1012,22144.7,11286.79496100,0
1776650100000,0.50938,0.51471,0.50599,0.50599,26012550.3,1776650399999,13308567.66623900,1238,19097407.0,9792238.72528400,0
1776650400000,0.50598,0.50953,0.50445,0.50953,8867748.2,1776650699999,4488034.01455300,1051,2979567.6,1516503.45958000,0
1776650700000,0.50953,0.51398,0.50353,0.5043,55051801.8,1776650999999,27958501.13568200,1888,4106657.9,2096726.33233600,0
1776651000000,0.5043,0.50771,0.50331,0.50771,20268792.7,1776651299999,10269051.44177300,1134,18982828.0,9621648.27522700,0
1776651300000,0.50771,0.51793,0.50761,0.51772,100440134.4,1776651599999,51447548.54592200,2149,97941990.2,50170135.11667900,0
1776651600000,0.51772,0.5184,0.51239,0.51266,20640450.8,1776651899999,10604898.61661600,1230,367471.9,190402.71095300,0
1776651900000,0.51266,0.51297,0.50507,0.50507,28635778.5,1776652199999,14562521.99661700,2018,1890.9,967.24478000,0
1776652200000,0.50507,0.50507,0.49572,0.49572,51368003.6,1776652499999,25790026.48073900,1674,16900.6,8401.22004000,0
1776652500000,0.49572,0.49736,0.49339,0.49377,12929386.0,1776652799999,6389155.33016300,987,7508.1,3727.52759600,0
1776652800000,0.49377,0.49395,0.49236,0.49363,2024618.2,1776653099999,999563.18733300,751,1343713.7,663638.60190800,0
1776653100000,0.49371,0.49826,0.49226,0.49266,38518066.7,1776653399999,19073326.24581500,1391,26730606.8,13250783.03293300,0
1776653400000,0.49266,0.49334,0.4881,0.48905,21400566.0,1776653699999,10490300.18746900,1642,17389.0,8530.09237500,0
1776653700000,0.48909,0.49596,0.4881,0.49126,55252653.3,1776653999999,27221021.06303400,1699,43490650.6,21435095.00585100,0
1776654000000,0.49126,0.49968,0.49074,0.49598,59549270.3,1776654299999,29574098.87319500,1488,53403326.3,26556675.12107000,0
1776654300000,0.49598,0.4975,0.49194,0.49673,24885718.8,1776654599999,12321260.35564000,1297,10125137.4,5018140.47125100,0
1776654600000,0.49673,0.51418,0.4956,0.50786,144902887.2,1776654899999,73377489.03630400,2543,138450858.9,70090593.88878200,0
1776654900000,0.50786,0.50809,0.49851,0.49851,27516447.5,1776655199999,13852497.81853700,1520,1723888.3,875590.60659900,0
1776655200000,0.49844,0.49844,0.49233,0.49233,49983299.1,1776655499999,24755759.88894000,1842,39582.0,19560.61271400,0
1776655500000,0.49233,0.49765,0.4922,0.49539,21067019.5,1776655799999,10414287.80330400,1002,20195949.9,9985479.66016800,0
1776655800000,0.49539,0.49839,0.4903,0.49603,31459169.6,1776656099999,15576357.20224900,1311,19318795.9,9578530.52878100,0
1776656100000,0.49647,0.50351,0.4958,0.5029,53212404.4,1776656399999,26622938.63153000,1274,53160943.3,26597380.86348200,0
1776656400000,0.5029,0.52012,0.5029,0.52012,145779664.0,1776656699999,74443498.43890800,2232,145771977.7,74439524.38454100,0
1776656700000,0.52012,0.52728,0.51921,0.51921,65624681.1,1776656999999,34300910.59359100,1379,40403355.5,21145583.74103100,0
1776657000000,0.51921,0.5224,0.51067,0.52167,43028579.3,1776657299999,22204293.17996200,1012,35006968.5,18085689.46349200,0
1776657300000,0.52174,0.52209,0.51574,0.51671,21592763.1,1776657599999,11185324.18567400,1071,1890909.1,983270.99787000,0
1776657600000,0.51671,0.517,0.51227,0.51492,35064107.8,1776657899999,18027321.14766400,1344,7194113.1,3701237.62188300,0
1776657900000,0.51492,0.51834,0.51287,0.51359,24000221.3,1776658199999,12384725.33656200,1156,12274060.8,6337251.83467700,0
1776658200000,0.51346,0.52097,0.51262,0.52094,33507315.4,1776658499999,17351877.29939000,1140,32189489.3,16676174.74083900,0
1776658500000,0.52097,0.53015,0.52097,0.52441,76989943.9,1776658799999,40493836.73998400,1707,62719981.6,33000801.12835700,0
1776658800000,0.52431,0.53244,0.52373,0.53244,50491975.4,1776659099999,26680714.24080600,1369,48278233.4,25520890.72112800,0
1776659100000,0.53244,0.53433,0.5302,0.53338,21292271.9,1776659399999,11361059.46622700,846,21288208.3,11358899.10293300,0
1776659400000,0.53338,0.53604,0.53306,0.53604,10967613.3,1776659699999,5868345.88105500,749,10925691.3,5845907.22062000,0
1776659700000,0.53604,0.54049,0.53504,0.5376,34307628.6,1776659999999,18438099.38892400,824,22291296.9,11985444.77409600,0
1776660000000,0.53766,0.54178,0.53766,0.54178,26349023.1,1776660299999,14209979.56626700,1215,26248914.8,14155904.92415700,0
1776660300000,0.54178,0.54315,0.54065,0.54273,9243717.5,1776660599999,5014087.76422400,899,9226789.3,5004925.56113300,0
1776660600000,0.54275,0.54814,0.54065,0.54645,26230481.1,1776660899999,14318647.94391800,1425,26203891.6,14304263.15160800,0
1776660900000,0.54645,0.55178,0.54613,0.55178,21590959.8,1776661199999,11875624.54927500,1041,21583953.0,11871792.86268800,0
1776661200000,0.55178,0.55205,0.54603,0.55108,10427275.3,1776661499999,5731491.49245400,1011,1898317.6,1043257.26091800,0
1776661500000,0.55093,0.55496,0.54857,0.55496,24643761.9,1776661799999,13641993.26763600,1008,23800676.6,13178988.08665000,0
1776661800000,0.55496,0.55684,0.55219,0.55306,11480789.0,1776662099999,6354799.05019000,883,2191594.6,1217531.51481800,0
1776662100000,0.55308,0.55684,0.55003,0.55488,6497897.3,1776662399999,3583637.18160500,694,566415.0,312259.94575500,0
1776662400000,0.55483,0.56261,0.54979,0.56173,32335482.4,1776662699999,17955201.66707600,1192,17161451.4,9565318.12758700,0
1776662700000,0.56169,0.56192,0.54732,0.54732,68641907.0,1776662999999,37961184.34847100,1973,4424.2,2465.67545800,0
1776663000000,0.54732,0.54842,0.5426,0.54498,32387278.4,1776663299999,17643925.51885500,1463,2862315.4,1564203.56606400,0
1776663300000,0.54498,0.54893,0.54223,0.54263,27532888.1,1776663599999,15015907.46329100,1263,12063257.0,6575639.22739700,0
1776663600000,0.54274,0.54484,0.5398,0.5398,14167527.7,1776663899999,7658539.72829200,944,39864.8,21719.03326700,0
1776663900000,0.5398,0.54395,0.53449,0.54395,75797460.1,1776664199999,40893416.24719300,2310,50557287.3,27345228.36806500,0
1776664200000,0.54395,0.54505,0.54238,0.54238,6023218.1,1776664499999,3280706.03714700,984,6018449.0,3278112.87688400,0
1776664500000,0.54238,0.54505,0.53518,0.53518,52995898.6,1776664799999,28568476.45799300,1766,3749.4,2021.55636500,0
1776664800000,0.53518,0.53726,0.53258,0.53726,21186195.2,1776665099999,11326838.93085200,1211,4020366.5,2154967.32633500,0
1776665100000,0.53727,0.5404,0.53368,0.5404,48409916.7,1776665399999,26006506.54062400,1678,30214166.0,16274160.89252600,0
1776665400000,0.5403,0.54187,0.53936,0.54047,2360559.4,1776665699999,1277155.71747600,973,2339263.5,1265651.00387600,0
1776665700000,0.54047,0.54859,0.54021,0.54717,38552531.5,1776665999999,21015818.00501000,1301,38540079.5,21009058.63764200,0
1776666000000,0.54717,0.54717,0.54013,0.54423,33391225.5,1776666299999,18101745.38322700,1360,13826200.6,7501096.68671800,0
1776666300000,0.54423,0.55801,0.54423,0.55801,115305848.2,1776666599999,63689973.57171600,1758,114761840.1,63388992.09272500,0
1776666600000,0.55801,0.55809,0.54875,0.55258,56787707.9,1776666899999,31391156.09520100,1177,10764443.6,5941509.79020800,0
1776666900000,0.55315,0.55381,0.54904,0.55201,10304409.2,1776667199999,5662070.45592800,906,2502.0,1381.32316900,0
1776667200000,0.552,0.56116,0.54809,0.56116,30017209.6,1776667499999,16596512.88427100,1133,21322052.5,11826734.00692100,0
1776667500000,0.56116,0.57597,0.56062,0.57065,66332337.0,1776667799999,37639578.79774100,1603,46588387.1,26365424.45551000,0
1776667800000,0.5707,0.57471,0.56812,0.56812,37382629.9,1776668099999,21338969.59540800,1487,9321617.9,5330341.85627200,0
1776668100000,0.56804,0.56804,0.56158,0.56391,31046312.0,1776668399999,17500468.37971800,1418,144120.4,80984.72679200,0
1776668400000,0.56391,0.56467,0.55826,0.55826,19643225.5,1776668699999,11001804.13919900,983,1009.7,569.31167500,0
1776668700000,0.55826,0.55843,0.55,0.55,37141762.8,1776668999999,20588429.24160500,1995,875854.9,485403.38224000,0
1776669000000,0.55002,0.55771,0.55002,0.55602,18070893.3,1776669299999,10013526.57727800,1221,17995701.0,9971649.50379300,0
1776669300000,0.55597,0.55685,0.55168,0.55379,14298621.3,1776669599999,7908417.92360300,1046,148239.2,81876.19965700,0
1776669600000,0.55379,0.55565,0.54939,0.54939,25643536.7,1776669899999,14144720.31865400,1297,6500542.7,3604241.84138700,0
1776669900000,0.54939,0.55088,0.54892,0.54999,4936782.5,1776670199999,2711043.36531600,802,6063.4,3331.92866000,0
1776670200000,0.54999,0.55814,0.5487,0.54907,43203995.7,1776670499999,23935747.78343500,1277,36417256.3,20183812.20784300,0
1776670500000,0.54907,0.54998,0.54533,0.54718,24144636.8,1776670799999,13214232.09071200,1399,2370.0,1298.20577000,0
1776670800000,0.54718,0.54936,0.54533,0.54936,16294.4,1776671099999,8925.76909900,687,13366.8,7324.07014600,0
1776671100000,0.54936,0.5528,0.54881,0.5528,22437802.8,1776671399999,12358558.07172000,1357,22434668.6,12356832.44850600,0
1776671400000,0.5528,0.55683,0.55239,0.55632,19573101.2,1776671699999,10854055.48294000,1287,19571932.6,10853407.60733400,0
1776671700000,0.55629,0.55694,0.55372,0.55505,13529.1,1776671999999,7512.38389800,568,210.4,117.15941600,0
1776672000000,0.55693,0.55908,0.55372,0.55756,10357320.5,1776672299999,5779438.26892500,1013,10350474.7,5775632.81555100,0
1776672300000,0.55755,0.55908,0.55318,0.55318,14700821.4,1776672599999,8146071.59120100,1086,1201.0,669.56558000,0
1776672600000,0.55318,0.55753,0.5531,0.55681,4098733.4,1776672899999,2280151.20701700,827,3374369.4,1879486.68054400,0
1776672900000,0.55681,0.55869,0.5566,0.55749,9187441.1,1776673199999,5128603.00680700,860,9181488.8,5125283.67862100,0
1776673200000,0.55749,0.55869,0.55263,0.55263,20706048.7,1776673499999,11469605.40240900,1241,2966.9,1655.22007000,0
1776673500000,0.55263,0.55563,0.55066,0.55066,13648337.7,1776673799999,7525884.30573000,1100,2107.9,1168.36994800,0
1776673800000,0.55066,0.55366,0.54964,0.55298,12900217.9,1776674099999,7104045.29748100,1072,2259274.6,1249345.24089100,0
1776674100000,0.55298,0.55321,0.54949,0.55116,7430.8,1776674399999,4099.90710500,764,1363.4,754.24651400,0
1776674400000,0.55101,0.55222,0.54599,0.54599,17912525.5,1776674699999,9817853.29250400,1139,908.4,496.91974600,0
1776674700000,0.54599,0.54745,0.54071,0.54164,24718631.5,1776674999999,13409203.39217700,1571,3253.0,1773.62105000,0
1776675000000,0.54164,0.5429,0.54,0.54,37680.3,1776675299999,20433.57987900,655,27512.4,14934.59245100,0
1776675300000,0.54,0.54683,0.54,0.54611,26298688.0,1776675599999,14322844.05458900,1128,26286997.3,14316516.99464000,0
1776675600000,0.54611,0.54744,0.5404,0.54744,46185997.9,1776675899999,25123400.64341400,1527,21437651.4,11694255.23578000,0
1776675900000,0.54744,0.54877,0.54534,0.54534,7007224.7,1776676199999,3825316.78088100,819,113454.3,62208.33006600,0
1776676200000,0.54534,0.54575,0.54302,0.54302,14475773.6,1776676499999,7882250.92712700,1274,4110300.7,2241397.15144200,0
1776676500000,0.54302,0.54426,0.54124,0.54426,10852259.7,1776676799999,5890992.86535200,1003,3458016.7,1881412.02742000,0
1776676800000,0.54426,0.55335,0.54426,0.54849,46123068.3,1776677099999,25255699.06888500,1516,44584125.6,24410983.15855100,0
1776677100000,0.54856,0.55095,0.54727,0.55095,8128333.4,1776677399999,4471952.34487800,985,8125325.8,4470303.57530700,0
1776677400000,0.55095,0.55264,0.55013,0.55016,6730464.1,1776677699999,3713666.14118100,889,6711479.4,3703218.63723000,0
1776677700000,0.55016,0.55111,0.54752,0.55111,8886749.2,1776677999999,4870592.74930600,1009,3345.3,1838.25897400,0
1776678000000,0.55111,0.55115,0.54912,0.54921,6969.8,1776678299999,3832.79200700,673,4397.1,2417.80714900,0
1776678300000,0.54921,0.55099,0.54678,0.54801,6564.6,1776678599999,3596.28309600,656,56.0,30.85544000,0
1776678600000,0.54801,0.55016,0.54671,0.54978,5680.2,1776678899999,3113.75314500,598,0,0,0
1776678900000,0.55016,0.55262,0.55011,0.55262,15449555.2,1776679199999,8521336.20598300,1213,15443221.0,8517840.97730300,0
1776679200000,0.55246,0.5545,0.55205,0.55358,30753.4,1776679499999,16993.58248900,670,14313.8,7912.96363500,0
1776679500000,0.55275,0.5545,0.54977,0.54977,10150541.0,1776679799999,5589470.65315900,944,183755.6,101225.45814500,0
1776679800000,0.54977,0.55218,0.54831,0.55215,14542059.4,1776680099999,7985381.92905900,1021,735236.1,404208.46060800,0
1776680100000,0.55215,0.55596,0.55215,0.55588,18832155.7,1776680399999,10438165.10873300,1389,18830482.2,10437237.48347700,0
1776680400000,0.55588,0.55596,0.54764,0.54772,23966262.0,1776680699999,13225101.09163700,1242,21309.4,11844.16271300,0
1776680700000,0.54772,0.55078,0.54741,0.55078,5676.9,1776680999999,3115.24213000,717,3284.2,1803.16409700,0
1776681000000,0.55078,0.55144,0.54901,0.5492,2750861.2,1776681299999,1516187.95754300,792,2738786.8,1509553.79824000,0
1776681300000,0.5491,0.54925,0.54381,0.54504,20942128.6,1776681599999,11457912.63899400,1366,872.8,475.89667700,0
1776681600000,0.54509,0.54642,0.54413,0.54431,5957.8,1776681899999,3251.24758600,675,5158.5,2815.66010500,0
1776681900000,0.54431,0.55305,0.54295,0.55305,127777660.8,1776682199999,70307257.01006800,2143,110909699.7,61063950.72395400,0
1776682200000,0.55305,0.55352,0.54936,0.54977,94640319.1,1776682499999,52283939.62328000,1590,42832794.5,23689134.22371100,0
1776682500000,0.54977,0.55235,0.54977,0.55235,110079409.6,1776682799999,60668610.38224400,1745,82244520.4,45334462.30467600,0
1776682800000,0.55237,0.55786,0.55237,0.55786,58449097.9,1776683099999,32389328.94322200,1213,58448213.1,32388837.68420100,0
1776683100000,0.55786,0.5652,0.55786,0.56203,70296539.6,1776683399999,39420111.85976000,1843,65510357.0,36738729.83321100,0
1776683400000,0.56203,0.5652,0.55817,0.56069,24902015.7,1776683699999,13947068.66287400,1182,619438.3,349206.68376600,0
1776683700000,0.56069,0.56816,0.56069,0.56773,26149684.3,1776683999999,14758654.69375400,1866,24066214.2,13581018.11434600,0
1776684000000,0.56764,0.56816,0.56436,0.56517,11417.4,1776684299999,6471.99033900,685,5684.9,3229.93278400,0
1776684300000,0.56517,0.56816,0.56435,0.5655,16665.1,1776684599999,9417.37242400,742,2152.9,1219.83098200,0
1776684600000,0.56523,0.57176,0.56521,0.57127,18787700.6,1776684899999,10702674.60571800,1441,18786452.6,10701965.51300200,0
1776684900000,0.57104,0.57182,0.56926,0.57111,9408.1,1776685199999,5369.79237400,657,327.3,187.05053000,0
1776685200000,0.57138,0.57139,0.56378,0.56616,30313208.2,1776685499999,17177186.03684100,1687,2447.3,1384.77358200,0
1776685500000,0.56581,0.56618,0.56382,0.56478,1258194.7,1776685799999,711489.14285000,808,737262.0,416913.65681300,0
1776685800000,0.56472,0.56564,0.56004,0.56004,23952920.4,1776686099999,13454939.05185700,1344,0,0,0
1776686100000,0.56004,0.56004,0.5549,0.55698,22602849.2,1776686399999,12582565.17155300,1334,1814593.9,1009141.04585000,0
1776686400000,0.55698,0.55698,0.55127,0.55127,42265370.6,1776686699999,23354116.08925400,1398,1098036.0,608905.18842600,0
1776686700000,0.55127,0.55657,0.55091,0.55657,17655594.0,1776686999999,9795088.54882500,1159,13498220.7,7503989.33246800,0
1776687000000,0.55657,0.56069,0.55597,0.56069,10352152.6,1776687299999,5795702.44330100,1004,10350135.5,5794577.24367100,0
1776687300000,0.56069,0.56175,0.55963,0.56095,3623196.2,1776687599999,2032772.45438300,920,3619186.4,2030524.67430000,0
1776687600000,0.56095,0.56226,0.55806,0.55806,5443.3,1776687899999,3051.62259600,671,1207.9,678.74431000,0
1776687900000,0.55806,0.56136,0.55712,0.56063,7567757.0,1776688199999,4229773.28906600,954,3381187.1,1895726.40618100,0
1776688200000,0.56063,0.56137,0.55583,0.55583,12676720.9,1776688499999,7062592.51655500,956,1740.7,977.02249300,0
1776688500000,0.55583,0.55599,0.55438,0.55484,2344621.6,1776688799999,1302478.54306800,1125,1078.3,598.91312800,0
1776688800000,0.55446,0.55876,0.55446,0.55714,5816.2,1776689099999,3241.31774400,672,3020.6,1682.38500800,0
1776689100000,0.55714,0.55868,0.55691,0.55706,7753.8,1776689399999,4321.37717000,675,0,0,0
1776689400000,0.55706,0.55888,0.55682,0.55699,5577.2,1776689699999,3111.32366200,617,791.6,442.37346500,0
1776689700000,0.55699,0.55735,0.55528,0.55684,5970.1,1776689999999,3321.33326400,694,0,0,0
1776690000000,0.55684,0.55781,0.55248,0.55248,19561516.7,1776690299999,10835282.48609800,1257,345.4,191.18131100,0
1776690300000,0.55248,0.55635,0.55209,0.55635,10343648.4,1776690599999,5747667.35142300,1031,9287184.2,5164207.40191300,0
1776690600000,0.55635,0.55798,0.55267,0.55267,32212213.0,1776690899999,17892447.72549800,1175,15957625.3,8890121.80146700,0
1776690900000,0.55267,0.5542,0.5517,0.5542,7370145.6,1776691199999,4069286.56303600,733,3560.0,1969.45709600,0
1776691200000,0.5542,0.5568,0.55337,0.55337,4037331.5,1776691499999,2245307.77397800,653,4011481.9,2230919.20312500,0
1776691500000,0.55337,0.55449,0.55237,0.5527,1291800.2,1776691799999,714216.18358600,593,115.1,63.60382000,0
1776691800000,0.5527,0.55482,0.55226,0.55241,189133.7,1776692099999,104476.67129100,687,3050.5,1689.04735400,0
1776692100000,0.55231,0.55539,0.5517,0.55539,7497.1,1776692399999,4147.88483800,708,4261.8,2359.27833400,0
1776692400000,0.5554,0.5574,0.5554,0.55662,17941453.7,1776692699999,9981112.07162500,1318,17938542.1,9979490.62618300,0
1776692700000,0.55661,0.55693,0.55292,0.55292,7904853.2,1776692999999,4373626.79297500,1031,0,0,0
1776693000000,0.55287,0.55312,0.5508,0.5508,15894412.5,1776693299999,8770234.74890900,1369,1787.3,987.78396400,0
1776693300000,0.5508,0.5508,0.54635,0.54635,60323572.3,1776693599999,33154927.45065300,1488,5280.6,2888.91416600,0
1776693600000,0.54635,0.54735,0.54567,0.54735,4940708.3,1776693899999,2697848.35282500,900,37957.7,20755.30558000,0
1776693900000,0.54735,0.54735,0.54209,0.54418,11681842.7,1776694199999,6353042.89170200,901,1172.4,637.25465800,0
1776694200000,0.54424,0.5445,0.54168,0.54168,2380320.1,1776694499999,1289848.50148800,729,1451.7,788.91717500,0
1776694500000,0.54168,0.54215,0.5406,0.54215,5232692.5,1776694799999,2831537.49833900,993,2925.3,1583.79755600,0
1776694800000,0.54215,0.5422,0.53624,0.5366,19232952.9,1776695099999,10334456.02971500,982,570.1,306.45796500,0
1776695100000,0.5366,0.53978,0.53624,0.53841,65800.0,1776695399999,35294.82406200,678,2891.0,1555.19463900,0
1776695400000,0.53837,0.53996,0.53164,0.53164,31348952.3,1776695699999,16750191.69642700,1324,1972.8,1057.71314500,0
1776695700000,0.53164,0.53497,0.53151,0.53487,2115041.6,1776695999999,1130034.82027900,778,2111433.3,1128109.42357100,0
1776696000000,0.53487,0.53487,0.52917,0.52959,17909315.9,1776696299999,9491735.94758200,951,1400.1,742.18205300,0
1776696300000,0.52959,0.531,0.52879,0.52879,290911.4,1776696599999,153997.10619200,611,1707.6,905.32143700,0
1776696600000,0.52876,0.53099,0.52444,0.53026,20978583.9,1776696899999,11054276.13304300,1060,781694.2,413198.23636300,0
1776696900000,0.53026,0.53101,0.52866,0.52908,29472.8,1776697199999,15606.28866100,654,6771.3,3595.24230800,0
1776697200000,0.52908,0.53367,0.5252,0.53367,34233234.6,1776697499999,18123223.25585800,1380,15560268.7,8279122.23743600,0
1776697500000,0.53367,0.53601,0.53179,0.53179,6886513.4,1776697799999,3681378.39239700,836,6876192.4,3675870.31664300,0
1776697800000,0.53179,0.53179,0.52909,0.53041,18580926.0,1776698099999,9861714.82285100,1331,11403.3,6044.00134500,0
1776698100000,0.52988,0.53414,0.52988,0.53213,20118202.8,1776698399999,10711507.65674700,1008,20098998.2,10701291.30876300,0
1776698400000,0.53211,0.53414,0.5292,0.5295,6502299.0,1776698699999,3443119.91223100,934,5145.0,2742.48144400,0
1776698700000,0.52953,0.53077,0.52905,0.53052,3886604.0,1776698999999,2056540.33966500,736,60084.3,31868.77175900,0
1776699000000,0.53052,0.53105,0.52905,0.53093,25782.8,1776699299999,13683.73066000,665,18571.5,9862.16516700,0
1776699300000,0.53102,0.53525,0.53064,0.53476,28244938.0,1776699599999,15062896.22657000,1019,28239141.4,15059805.46435700,0
1776699600000,0.53476,0.53525,0.53244,0.53274,6925.2,1776699899999,3691.27207000,656,37.8,20.23245000,0
1776699900000,0.53274,0.53619,0.53234,0.53619,12666160.2,1776700199999,6784026.95087900,755,12661518.5,6781552.22405800,0
1776700200000,0.53619,0.53949,0.53562,0.53814,32346728.7,1776700499999,17388923.56037500,1199,32327468.2,17378594.81474200,0
1776700500000,0.53814,0.54319,0.53694,0.54293,28573252.6,1776700799999,15458257.63679400,1161,28569011.1,15455971.50651400,0
1776700800000,0.54293,0.55102,0.54087,0.54828,49305664.0,1776701099999,26912811.70521200,1229,49294978.2,26906997.44804400,0
1776701100000,0.54819,0.554,0.54603,0.5537,24386151.4,1776701399999,13421060.75476300,1530,17303737.0,9546806.10670300,0
1776701400000,0.5537,0.554,0.54795,0.55385,19623531.1,1776701699999,10792679.77269600,1113,2001178.1,1103391.75824000,0
1776701700000,0.55385,0.55843,0.55384,0.55753,41438477.9,1776701999999,23041217.34657100,1371,41431505.8,23037331.61210900,0
1776702000000,0.55727,0.56195,0.55607,0.55868,31061881.7,1776702299999,17389312.85612200,1150,25331188.5,14187597.17671400,0
1776702300000,0.55868,0.56207,0.55426,0.55609,24950486.4,1776702599999,13907934.26257300,1332,3231859.7,1816324.61061500,0
1776702600000,0.55614,0.55784,0.55417,0.55784,1057246.2,1776702899999,589230.45427000,786,1053495.3,587146.48583700,0
1776702900000,0.5575,0.5575,0.55011,0.55034,22536833.1,1776703199999,12457559.03359200,1167,4449.3,2457.30316200,0
1776703200000,0.55034,0.55543,0.54968,0.55513,15053471.0,1776703499999,8333268.00323400,1044,15049517.9,8331089.44483300,0
1776703500000,0.55543,0.55561,0.55281,0.55478,148291.8,1776703799999,82358.46411400,683,142974.4,79413.30973900,0
1776703800000,0.55478,0.55584,0.55277,0.55578,8794.4,1776704099999,4870.38699200,633,773.3,429.71173300,0
1776704100000,0.55578,0.55621,0.55505,0.55505,2873543.3,1776704399999,1598095.82092500,768,2868445.8,1595264.86085200,0
1776704400000,0.55505,0.55647,0.55465,0.55487,5601.2,1776704699999,3110.32551800,605,711.9,396.04005000,0
1776704700000,0.55487,0.55647,0.55465,0.55532,6717.0,1776704999999,3730.55628900,655,939.3,522.67920700,0
1776705000000,0.55523,0.55647,0.55366,0.55366,14329.7,1776705299999,7962.98823800,649,7659.2,4262.11502400,0
1776705300000,0.55366,0.5613,0.55364,0.56109,23067460.2,1776705599999,12881812.79706600,1376,23064663.7,12880259.28881000,0
1776705600000,0.56109,0.56161,0.55332,0.55579,26339280.2,1776705899999,14685638.61820900,1318,4013230.1,2240902.10978100,0
1776705900000,0.55579,0.55684,0.55366,0.55575,15073554.2,1776706199999,8359831.52490800,1066,16246.9,9023.62044300,0
1776706200000,0.55575,0.55646,0.55028,0.55087,26327008.2,1776706499999,14542465.70481400,1141,249937.4,137622.56295600,0
1776706500000,0.55087,0.55177,0.5487,0.5499,2855374.7,1776706799999,1568375.23944200,850,259079.3,142787.12408500,0
1776706800000,0.5499,0.55177,0.54622,0.54661,14262566.6,1776707099999,7807969.50196500,948,5781.8,3183.46458000,0
1776707100000,0.54661,0.54883,0.54498,0.54842,10907301.4,1776707399999,5952579.44647900,1041,818993.4,448046.73888100,0
1776707400000,0.54842,0.54895,0.54498,0.54596,6657.2,1776707699999,3642.97770800,612,203.1,111.47584000,0
1776707700000,0.54596,0.54782,0.54498,0.54672,9652.0,1776707999999,5271.22765500,764,1175.1,642.83038500,0
1776708000000,0.54672,0.55168,0.54672,0.55168,19411101.3,1776708299999,10677007.02653500,1204,19004536.5,10453090.17341200,0
1776708300000,0.55168,0.55264,0.54706,0.54757,17510360.8,1776708599999,9624714.98265200,1277,6838666.0,3776918.03886600,0
1776708600000,0.54757,0.54784,0.54643,0.54715,4472591.3,1776708899999,2445162.97866200,912,2664.2,1457.59592000,0
1776708900000,0.54715,0.5508,0.54715,0.54986,4408786.8,1776709199999,2425763.87002300,802,4407979.0,2425319.66349000,0
1776709200000,0.54986,0.55183,0.54969,0.55183,8176465.5,1776709499999,4508446.74932900,1020,8128737.5,4482150.10880100,0
1776709500000,0.55183,0.5524,0.55065,0.55132,1072186.8,1776709799999,591870.71335700,689,1067146.6,589091.51870000,0
1776709800000,0.55132,0.5524,0.55049,0.55067,6784.7,1776710099999,3740.25776000,550,1804.8,996.97152000,0
1776710100000,0.55067,0.55249,0.5499,0.54994,6462.0,1776710399999,3560.25982100,680,1066.9,589.09176800,0
1776710400000,0.54994,0.5525,0.54639,0.54639,15399987.9,1776710699999,8434175.74599000,982,216.0,118.25906900,0
1776710700000,0.54639,0.55084,0.54551,0.5508,18709279.8,1776710999999,10279252.53951400,1157,17476264.4,9605936.66301200,0
1776711000000,0.5508,0.55513,0.55074,0.55513,9283678.9,1776711299999,5133403.11816200,1200,8738299.6,4831673.33045000,0
1776711300000,0.55513,0.55668,0.55336,0.55452,16062.1,1776711599999,8916.79633400,617,10486.8,5826.95233300,0
1776711600000,0.55452,0.56015,0.55452,0.56015,23634055.6,1776711899999,13201247.03584200,1146,23632739.0,13200514.85475400,0
1776711900000,0.56015,0.56291,0.55992,0.56291,4707551.2,1776712199999,2640610.16934700,1088,3930182.4,2204411.87444800,0
1776712200000,0.56291,0.56463,0.55823,0.55823,43617207.1,1776712499999,24489726.83456300,1651,16646702.2,9383886.89149600,0
1776712500000,0.55819,0.55968,0.55645,0.55747,429611.4,1776712799999,239751.37983600,775,471.6,263.58981900,0
1776712800000,0.55747,0.56006,0.55747,0.55888,7078.4,1776713099999,3957.42654700,610,1646.7,922.00279600,0
1776713100000,0.55888,0.55959,0.55572,0.55625,1733854.7,1776713399999,963718.42127900,725,681.3,378.75916300,0
1776713400000,0.55625,0.55939,0.55572,0.55926,7247.6,1776713699999,4040.13954200,705,3490.5,1945.02667000,0
1776713700000,0.55926,0.56119,0.55898,0.56065,8364387.1,1776713999999,4689131.67468300,875,8359774.6,4686546.44467200,0
1776714000000,0.56065,0.56163,0.55936,0.56147,13656.7,1776714299999,7655.27745400,669,5524.3,3100.73718500,0
1776714300000,0.56137,0.5647,0.56109,0.56305,14701611.4,1776714599999,8294023.14621200,1075,14698783.2,8292430.29708300,0
1776714600000,0.56305,0.56854,0.56274,0.56854,16737821.3,1776714899999,9494327.20001500,1178,16732654.8,9491416.97364300,0
1776714900000,0.56854,0.57488,0.56768,0.56928,20804078.2,1776715199999,11849499.69394200,1027,15902741.9,9054502.23926200,0
1776715200000,0.5695,0.57484,0.56921,0.57477,28682029.9,1776715499999,16433009.63709600,1049,28391776.0,16267728.42733700,0
1776715500000,0.57457,0.57984,0.57437,0.57896,20595167.1,1776715799999,11883504.83954500,1356,20590309.3,11880701.68080700,0
1776715800000,0.579,0.57984,0.57395,0.57811,13459347.9,1776716099999,7736362.40678500,906,6072.1,3513.86097100,0
1776716100000,0.57811,0.58009,0.57628,0.5797,5037744.8,1776716399999,2917878.40633200,787,4965729.1,2876127.81998200,0
1776716400000,0.57967,0.58148,0.5796,0.58115,9391783.3,1776716699999,5453902.31449600,1075,9388469.3,5451978.66096700,0
1776716700000,0.58115,0.58208,0.57624,0.57924,12909930.6,1776716999999,7452750.36854900,984,1704.5,989.55944400,0
1776717000000,0.57872,0.58154,0.57872,0.58037,4620911.6,1776717299999,2685467.76813300,802,4614723.1,2681880.92942500,0
1776717300000,0.58096,0.58315,0.5803,0.58039,2737030.7,1776717599999,1593211.79825700,856,2732693.0,1590690.60879400,0
1776717600000,0.58121,0.58121,0.57503,0.57552,20292903.5,1776717899999,11738098.32203000,1025,1063.0,613.75414200,0
1776717900000,0.57552,0.57773,0.57326,0.57326,4060086.4,1776718199999,2329402.66932500,816,523.0,302.03820700,0
1776718200000,0.57326,0.57326,0.5696,0.57106,21245502.4,1776718499999,12147439.24469900,1598,512851.6,293129.83524800,0
1776718500000,0.57063,0.57179,0.5696,0.57108,8574.0,1776718799999,4895.36155800,693,5202.2,2971.57715900,0
1776718800000,0.57108,0.57124,0.56528,0.56561,31785224.0,1776719099999,18038706.12973500,1887,854504.9,485032.69630900,0
1776719100000,0.56561,0.56945,0.56536,0.56536,3410109.2,1776719399999,1937226.87065900,982,3286587.9,1867100.17371000,0
1776719400000,0.56536,0.56546,0.56333,0.56428,9738285.2,1776719699999,5493024.33856300,992,3128.1,1764.16291800,0
1776719700000,0.56428,0.56804,0.56368,0.56646,5968984.3,1776719999999,3382364.26799700,916,5967647.2,3381607.94285800,0
1776720000000,0.56646,0.56857,0.56484,0.56857,1149833.3,1776720299999,653304.57536400,740,1140716.4,648138.39804500,0
1776720300000,0.56857,0.56857,0.5657,0.56613,5636.9,1776720599999,3193.57201000,644,54.7,31.04638800,0
1776720600000,0.56613,0.5686,0.56536,0.56844,5687.0,1776720899999,3221.36727600,716,904.9,513.10561200,0
1776720900000,0.56844,0.56958,0.56577,0.56845,86022.3,1776721199999,48946.23214000,686,82324.6,46849.42776400,0
1776721200000,0.56845,0.57398,0.56845,0.57058,20852550.5,1776721499999,11911253.16363400,1137,20848299.5,11908820.43823100,0
1776721500000,0.57045,0.57549,0.56952,0.57423,18792671.1,1776721799999,10787740.12572800,1081,15714146.4,9033128.01381100,0
1776721800000,0.57423,0.57588,0.57242,0.57242,598436.9,1776722099999,344500.51938700,827,592269.8,340961.84926000,0
1776722100000,0.57242,0.57365,0.56987,0.57006,18258049.9,1776722399999,10422129.43831000,1132,674.2,384.97004700,0
1776722400000,0.57006,0.57146,0.56896,0.56954,9888.7,1776722699999,5637.18274600,678,1501.2,856.88044000,0
1776722700000,0.5708,0.5708,0.56751,0.56751,5920.9,1776722999999,3367.11337000,618,0,0,0
1776723000000,0.56747,0.5718,0.56747,0.56994,4988.3,1776723299999,2842.84518800,563,553.6,316.47659800,0
1776723300000,0.56994,0.57145,0.56869,0.56981,4487.8,1776723599999,2557.79497800,495,0,0,0
1776723600000,0.56981,0.5718,0.56852,0.57,5709.2,1776723899999,3256.00605100,534,829.7,474.42246000,0
1776723900000,0.57,0.57182,0.56747,0.57182,5111.3,1776724199999,2911.52393400,554,27.9,15.95358400,0
1776724200000,0.57182,0.5731,0.57165,0.57168,7786675.0,1776724499999,4456769.44725500,980,7783288.3,4454831.85896800,0
1776724500000,0.57168,0.57453,0.57145,0.5742,6599782.4,1776724799999,3785799.21457200,837,6596710.3,3784041.33047900,0
1776724800000,0.57417,0.57417,0.5711,0.57207,5619.3,1776725099999,3216.69098600,469,0,0,0
1776725100000,0.57207,0.57453,0.56832,0.56901,22443757.2,1776725399999,12787320.40078600,1111,2033.3,1157.28953200,0
1776725400000,0.56901,0.56911,0.56657,0.56716,5035.8,1776725699999,2857.38342400,565,46.3,26.34915000,0
1776725700000,0.56716,0.56805,0.56579,0.5662,6395.4,1776725999999,3621.62058400,537,0,0,0
1776726000000,0.5662,0.56812,0.56447,0.56493,5908396.7,1776726299999,3339830.09391300,744,2547.5,1442.11332100,0
1776726300000,0.56493,0.56668,0.5646,0.56587,42736.5,1776726599999,24209.49200500,479,40488.3,22937.32055800,0
1776726600000,0.56492,0.56656,0.5639,0.56509,9133.0,1776726899999,5166.64700500,446,5235.9,2966.45150400,0
1776726900000,0.56509,0.57038,0.56471,0.56939,21009762.9,1776727199999,11940193.10177600,812,21006205.2,11938173.30407500,0
1776727200000,0.56939,0.57038,0.5664,0.56936,5300.0,1776727499999,3009.99718100,484,907.2,516.68953300,0
1776727500000,0.56936,0.57589,0.56638,0.57589,35248136.0,1776727799999,20199911.57364200,1033,35240238.4,20195427.93708500,0
1776727800000,0.57589,0.58056,0.57518,0.58039,21120200.0,1776728099999,12215309.90127200,1686,21118564.0,12214362.55585000,0
1776728100000,0.58039,0.58065,0.57826,0.58025,10551.7,1776728399999,6119.21798900,665,4517.9,2623.09342000,0
1776728400000,0.58025,0.58085,0.57503,0.57518,13085197.0,1776728699999,7536677.35209900,1005,140928.0,81058.99564900,0
1776728700000,0.57524,0.57799,0.57503,0.57509,9985.3,1776728999999,5749.76699200,617,5112.5,2942.68422300,0
1776729000000,0.57509,0.57864,0.57503,0.57837,7400.5,1776729299999,4269.06999700,672,3458.0,1996.44926800,0
1776729300000,0.57837,0.57864,0.57503,0.57668,6850.4,1776729599999,3950.83614100,596,625.8,362.11291200,0
1776729600000,0.57774,0.58171,0.57503,0.58169,17113695.4,1776729899999,9927685.02119100,920,17104622.7,9922443.22270900,0
1776729900000,0.5815,0.58171,0.57804,0.58069,28230.4,1776730199999,16390.34751100,609,3171.0,1844.60241000,0
1776730200000,0.58101,0.58203,0.57878,0.579,1336857.2,1776730499999,777911.96447600,706,1332813.5,775565.01262400,0
1776730500000,0.57878,0.58042,0.57832,0.57993,4783.5,1776730799999,2770.97160100,581,0,0,0
1776730800000,0.57993,0.58099,0.57829,0.57852,1084688.1,1776731099999,628046.09474900,643,901916.4,522334.33838700,0
1776731100000,0.57853,0.57948,0.57636,0.57636,577490.3,1776731399999,334303.40083900,617,573829.4,332187.37716100,0
1776731400000,0.57636,0.57891,0.57631,0.57795,4232.8,1776731699999,2445.62951900,520,1629.6,942.14568200,0
1776731700000,0.57814,0.57899,0.57547,0.57547,5163.1,1776731999999,2978.15226400,501,585.7,339.09022600,0
1776732000000,0.57547,0.57613,0.5733,0.57383,12539530.5,1776732299999,7196306.69323700,699,434.6,249.49786700,0
1776732300000,0.57383,0.57489,0.5733,0.57479,6211.7,1776732599999,3564.67853400,474,2268.9,1303.35113800,0
1776732600000,0.57479,0.57479,0.57276,0.57305,4796778.8,1776732899999,2748737.21782900,795,1406.9,806.99052800,0
1776732900000,0.57305,0.57359,0.57276,0.57303,9003.7,1776733199999,5157.51669500,537,202.2,115.96614800,0
1776733200000,0.57303,0.57429,0.57276,0.57276,369970.8,1776733499999,212221.23287600,573,366450.0,210203.39927300,0
1776733500000,0.57276,0.57431,0.57276,0.57276,49162.5,1776733799999,28161.16362300,501,883.3,507.28695100,0
1776733800000,0.57276,0.57431,0.56961,0.56962,12567627.2,1776734099999,7175569.72407600,654,8719.6,5007.75347600,0
1776734100000,0.56962,0.57018,0.56841,0.56977,7769735.0,1776734399999,4420351.10494900,794,3002.3,1710.21873800,0
1776734400000,0.56977,0.57028,0.56792,0.56792,5207891.4,1776734699999,2959265.29779900,706,1839.2,1048.10094000,0
1776734700000,0.56792,0.56795,0.56573,0.56672,11757162.6,1776734999999,6666933.68940500,921,2327.1,1318.58567800,0
1776735000000,0.56672,0.56746,0.56443,0.56474,11602447.0,1776735299999,6556103.49829400,895,16044.8,9086.49648200,0
1776735300000,0.56464,0.56639,0.56421,0.56544,4920.2,1776735599999,2783.33680800,458,1756.0,994.05733700,0
1776735600000,0.56511,0.56639,0.56192,0.56193,17653.4,1776735899999,9952.79917200,687,829.7,469.93378300,0
1776735900000,0.5621,0.56241,0.56045,0.56081,12129306.6,1776736199999,6805735.95949900,914,183261.2,102834.10405300,0
1776736200000,0.56081,0.56193,0.56045,0.56178,5590.3,1776736499999,3137.36285700,643,2704.8,1518.35883100,0
1776736500000,0.5616,0.56307,0.56086,0.56256,6051.4,1776736799999,3401.77862500,585,2309.0,1298.91437800,0
1776736800000,0.56256,0.56527,0.56202,0.5627,16656402.7,1776737099999,9396123.03908600,902,16648436.9,9391640.88579500,0
1776737100000,0.56271,0.56527,0.56237,0.56284,5212.6,1776737399999,2933.90095500,591,26.7,15.09270900,0
1776737400000,0.56284,0.56666,0.56221,0.56666,7684845.8,1776737699999,4347690.56686900,911,7671936.8,4340427.05077200,0
1776737700000,0.56666,0.56892,0.56603,0.56892,11256812.9,1776737999999,6392727.55343000,1192,11253138.3,6390645.38669500,0
1776738000000,0.56892,0.58051,0.56892,0.57898,59851665.1,1776738299999,34414814.04248600,1517,59840367.2,34408301.68839800,0
1776738300000,0.57898,0.58077,0.57537,0.5785,12117201.4,1776738599999,6991649.18454900,974,5364395.9,3103142.01028200,0
1776738600000,0.5785,0.59051,0.57846,0.59051,34710017.8,1776738899999,20264756.38992300,1312,34697602.7,20257457.89333500,0
1776738900000,0.59031,0.59679,0.58798,0.59239,40190799.8,1776739199999,23861736.40988400,1317,34871687.8,20712128.83010800,0
1776739200000,0.59239,0.59766,0.59087,0.59102,23170589.7,1776739499999,13762300.55648200,1185,6903336.6,4120243.22212900,0
1776739500000,0.59102,0.59491,0.58975,0.59115,10873816.7,1776739799999,6419230.58406300,910,39434.1,23321.58002000,0
1776739800000,0.59115,0.59242,0.5859,0.5866,30050279.2,1776740099999,17664575.22867400,1597,890913.9,527123.85973600,0
1776740100000,0.5866,0.59751,0.5866,0.59721,38724820.8,1776740399999,22974877.90625100,1613,38718053.8,22970862.00640800,0
1776740400000,0.59721,0.59762,0.58799,0.58799,22510967.7,1776740699999,13324391.86569900,1496,597631.3,355724.87363500,0
1776740700000,0.58799,0.58836,0.58522,0.58522,12346784.4,1776740999999,7249438.79062600,1298,561198.7,329707.79170200,0
1776741000000,0.58522,0.58665,0.57981,0.57981,33848765.6,1776741299999,19718058.18753800,1332,1209324.2,703349.20876400,0
1776741300000,0.57981,0.58554,0.57965,0.58067,14691653.0,1776741599999,8559644.60638500,1088,10296124.6,6000976.93292400,0
1776741600000,0.58067,0.59004,0.58058,0.59004,31601756.3,1776741899999,18565742.54130800,1451,31600046.5,18564739.58476000,0
1776741900000,0.59004,0.59238,0.58964,0.59233,3843931.3,1776742199999,2271721.76634600,708,3838900.8,2268748.69959200,0
1776742200000,0.59233,0.59314,0.59093,0.59314,2755027.2,1776742499999,1632328.06884400,735,2728747.8,1616762.47373000,0
1776742500000,0.59314,0.59314,0.58618,0.58754,8788691.8,1776742799999,5184341.22286000,928,13147.5,7731.16920600,0
1776742800000,0.58779,0.58925,0.58618,0.58749,9374.9,1776743099999,5507.36665200,628,2102.2,1237.51551600,0
1776743100000,0.5879,0.59865,0.58754,0.59865,48955215.1,1776743399999,29014082.56212500,1507,48930074.3,28999159.42070000,0
1776743400000,0.59865,0.6028,0.59861,0.60205,14787392.4,1776743699999,8867857.33848500,1359,14742389.5,8840902.78081700,0
1776743700000,0.60205,0.60451,0.59073,0.59073,56315994.4,1776743999999,33725669.40584700,1446,18699301.1,11288836.22661700,0
1776744000000,0.59094,0.59367,0.58365,0.58369,39516916.4,1776744299999,23197542.85326400,1529,1142661.9,677465.63219800,0
1776744300000,0.58369,0.58835,0.58226,0.58226,29601591.6,1776744599999,17333680.67750700,1262,12523681.4,7357448.45304600,0
1776744600000,0.58241,0.58287,0.56992,0.57501,32477377.1,1776744899999,18791295.91064200,1167,8074924.7,4626865.94753400,0
1776744900000,0.57501,0.57652,0.57357,0.57624,752465.0,1776745199999,433257.37867700,716,749056.6,431298.38316500,0
1776745200000,0.57624,0.57706,0.56799,0.57364,25080678.3,1776745499999,14344512.46609600,1357,5231931.3,3002872.08945100,0
1776745500000,0.57364,0.57947,0.57238,0.57947,21621115.0,1776745799999,12479264.91362900,1112,21606664.9,12470979.65586200,0
1776745800000,0.57947,0.58467,0.57947,0.58467,18135319.6,1776746099999,10561878.98853000,1140,18078981.4,10529188.05777700,0
1776746100000,0.58467,0.58757,0.58302,0.58654,19661457.5,1776746399999,11512438.88206500,1246,18335137.5,10736854.34259500,0
1776746400000,0.58654,0.58741,0.58475,0.5856,6415.6,1776746699999,3758.66623800,669,0,0,0
1776746700000,0.58667,0.58785,0.58456,0.58456,9769.5,1776746999999,5726.96699300,643,1983.9,1166.05023900,0
1776747000000,0.58452,0.58513,0.58156,0.58465,18217122.4,1776747299999,10622791.67281400,1035,5914.8,3456.64124000,0
1776747300000,0.58513,0.58597,0.58156,0.58578,3280179.9,1776747599999,1921383.11067000,774,3273935.3,1917740.81227400,0
1776747600000,0.58578,0.5863,0.58504,0.58602,1510356.2,1776747899999,885299.93451800,761,1506165.9,882846.26308200,0
1776747900000,0.58616,0.58647,0.58444,0.58492,406570.2,1776748199999,238395.48105500,687,399233.2,234102.02143800,0
1776748200000,0.58492,0.58647,0.58177,0.58177,1604166.4,1776748499999,934194.75237100,694,847.9,497.26791300,0
1776748500000,0.58177,0.58177,0.57601,0.57806,18187201.4,1776748799999,10540714.02544400,1289,215410.0,124366.31682200,0
1776748800000,0.57806,0.57945,0.57739,0.57793,111621.8,1776749099999,64665.14286500,790,97466.7,56469.61643100,0
1776749100000,0.57793,0.57862,0.57636,0.57672,1239763.0,1776749399999,714696.06533900,811,329.0,189.71299600,0
1776749400000,0.57672,0.57724,0.57561,0.57561,5552.0,1776749699999,3201.61431100,715,2825.2,1629.69148100,0
1776749700000,0.57561,0.57666,0.57444,0.576,5782.2,1776749999999,3325.95793100,693,0,0,0
1776750000000,0.576,0.57709,0.57424,0.57536,5688.6,1776750299999,3273.71775200,730,400.2,230.69181000,0
1776750300000,0.57536,0.57724,0.57281,0.57327,129475.4,1776750599999,74253.93969900,695,972.0,560.60657300,0
1776750600000,0.57327,0.57334,0.57252,0.57315,1075642.3,1776750899999,615909.88790800,753,1717.6,983.91281700,0
1776750900000,0.57315,0.57379,0.57243,0.57245,4982.9,1776751199999,2855.36125000,570,1697.7,973.50604600,0
1776751200000,0.57245,0.57299,0.5701,0.57011,46592.2,1776751499999,26587.95524700,545,0,0,0
1776751500000,0.57011,0.57085,0.56838,0.56991,10494463.7,1776751799999,5970929.52073900,865,470.6,267.82028800,0
1776751800000,0.56994,0.57515,0.56987,0.57513,14709375.6,1776752099999,8429748.04015900,899,14602884.9,8368520.88387700,0
1776752100000,0.57513,0.57881,0.57461,0.57541,26607645.4,1776752399999,15350156.51857700,1042,26463892.7,15266982.54990300,0
1776752400000,0.57541,0.57629,0.57246,0.57552,17362007.6,1776752699999,9964095.56343900,896,213756.8,122868.59502800,0
1776752700000,0.57552,0.57676,0.57237,0.57676,463248.8,1776752999999,267023.76745100,502,423092.8,243892.19459500,0
1776753000000,0.57676,0.57959,0.57648,0.5768,15147844.7,1776753299999,8748769.58562900,711,15005482.5,8666428.09870100,0
1776753300000,0.5768,0.5792,0.5761,0.577,5673.5,1776753599999,3274.96853800,485,0,0,0
1776753600000,0.577,0.57965,0.576,0.5774,2828892.7,1776753899999,1632187.85341700,901,637129.7,369293.69274800,0
1776753900000,0.5774,0.579,0.5758,0.5765,5882.4,1776754199999,3393.45180800,657,9.0,5.21100000,0
1776754200000,0.5765,0.5796,0.5758,0.5789,5646.5,1776754499999,3260.58268000,709,470.8,272.49137000,0
1776754500000,0.5789,0.58085,0.5776,0.5801,16179259.5,1776754799999,9386227.63766300,993,16171557.4,9381765.97014900,0
1776754800000,0.5801,0.5823,0.5789,0.5795,7749649.8,1776755099999,4505518.66540600,971,7744949.4,4502793.08330200,0
1776755100000,0.5795,0.5811,0.57829,0.5791,5791.9,1776755399999,3357.35322800,653,0,0,0
1776755400000,0.5791,0.5795,0.5753,0.5763,20568697.3,1776755699999,11868006.79561600,1378,924356.4,532791.84522700,0
1776755700000,0.5763,0.5763,0.57488,0.57622,7062793.8,1776755999999,4061926.87164000,972,643749.5,370318.28463800,0
1776756000000,0.5763,0.5781,0.57533,0.5781,10396771.7,1776756299999,5999896.91209900,1165,10391780.8,5997018.15464100,0
1776756300000,0.5781,0.58321,0.5781,0.5827,24657982.7,1776756599999,14310045.83787200,1722,24652254.0,14306720.31030800,0
1776756600000,0.5829,0.58362,0.58067,0.5809,694944.6,1776756899999,405325.36557000,756,688995.3,401864.31358900,0
1776756900000,0.5809,0.5837,0.5805,0.5807,7540.3,1776757199999,4384.83723700,705,125.2,73.07641600,0
1776757200000,0.5807,0.5811,0.5793,0.5793,5865.2,1776757499999,3402.34098700,743,0,0,0
1776757500000,0.5793,0.581,0.57727,0.57783,14128039.5,1776757799999,8167906.69241700,1101,924.7,534.91000100,0
1776757800000,0.57783,0.578,0.5741,0.5744,1797703.7,1776758099999,1037621.59525000,888,1348.6,778.84117800,0
1776758100000,0.5744,0.5755,0.5735,0.5735,5176.9,1776758399999,2972.22206200,661,308.0,176.93016000,0
1776758400000,0.5755,0.57773,0.5723,0.5724,9456171.4,1776758699999,5418017.61331900,844,1174.8,677.75011500,0
1776758700000,0.5724,0.57601,0.57192,0.5754,3365020.8,1776758999999,1929028.93479100,831,1052641.1,606171.02534300,0
1776759000000,0.5754,0.5782,0.5754,0.5773,3918424.0,1776759299999,2256713.90849900,804,1550657.8,893437.15877300,0
1776759300000,0.5774,0.5787,0.5762,0.5787,5340.9,1776759599999,3082.99997000,631,890.7,515.28332000,0
1776759600000,0.5787,0.5809,0.5766,0.5806,11296099.4,1776759899999,6546383.96672200,921,11292693.5,6544415.32909800,0
1776759900000,0.5806,0.5866,0.57997,0.585,17540041.3,1776760199999,10237301.78388100,908,16611643.9,9693735.82095600,0
1776760200000,0.5852,0.5859,0.5793,0.5793,11614638.6,1776760499999,6784375.85641900,747,4528.3,2642.44471600,0
1776760500000,0.5793,0.5796,0.5786,0.5788,693014.1,1776760799999,401307.48856800,626,0,0,0
1776760800000,0.5791,0.582,0.5787,0.5798,6237.4,1776761099999,3620.97419900,444,2521.7,1467.62940000,0
1776761100000,0.5798,0.582,0.5783,0.5783,694044.8,1776761399999,401725.16611800,447,0.1,0.05820000,0
1776761400000,0.5783,0.5789,0.5746,0.5746,40238710.1,1776761699999,23214460.59791500,1325,3540.0,2036.99178300,0
1776761700000,0.5746,0.5746,0.56871,0.5695,30422170.8,1776761999999,17388546.61755700,1480,932.3,532.53855100,0
1776762000000,0.5695,0.57051,0.56718,0.56718,1906040.3,1776762299999,1082000.07429300,824,1852.5,1055.87160100,0
1776762300000,0.56718,0.5678,0.56593,0.5676,10071562.4,1776762599999,5705617.94134600,916,5626.0,3190.28160400,0
1776762600000,0.5676,0.5681,0.5676,0.5676,375236.4,1776762899999,213119.97425400,585,360730.7,204886.46802400,0
1776762900000,0.5676,0.5678,0.56284,0.56284,13361764.1,1776763199999,7536462.67240500,709,0,0,0
1776763200000,0.56287,0.56287,0.55922,0.5609,15303568.7,1776763499999,8585896.24120000,884,449.3,252.70397300,0
1776763500000,0.5609,0.562,0.5562,0.5562,18162975.7,1776763799999,10123793.47609600,1140,25304.2,14125.86299600,0
1776763800000,0.5562,0.5562,0.54905,0.5499,39211055.9,1776764099999,21680179.46904600,1417,14929.6,8259.33527100,0
1776764100000,0.5499,0.5512,0.54907,0.5512,9293.7,1776764399999,5112.54254300,609,7640.0,4202.83639900,0
1776764400000,0.5509,0.55403,0.5508,0.5531,20222225.3,1776764699999,11174911.14262400,790,20210736.7,11168551.83438400,0
1776764700000,0.55298,0.55403,0.55298,0.55298,8072.4,1776764999999,4466.28458400,529,2242.8,1242.57848400,0
1776765000000,0.55298,0.55403,0.5501,0.5519,19528.4,1776765299999,10809.42473800,455,14687.8,8137.48183400,0
1776765300000,0.5519,0.55403,0.54812,0.5493,15301066.7,1776765599999,8400883.79202700,762,11024.9,6101.70034300,0
1776765600000,0.5493,0.55,0.5475,0.5475,922326.3,1776765899999,505513.25957200,450,1328.4,729.25575700,0
1776765900000,0.5475,0.5509,0.5475,0.5506,4364.2,1776766199999,2399.06662400,531,3595.5,1977.03569400,0
1776766200000,0.5509,0.5513,0.549,0.5513,4260.4,1776766499999,2344.40066900,511,1095.9,603.58074900,0
1776766500000,0.5513,0.5547,0.5505,0.5535,17147616.3,1776766799999,9480294.44229700,1048,17146245.6,9479536.86428000,0
1776766800000,0.5536,0.55474,0.5522,0.5523,11013.2,1776767099999,6091.38062700,493,1642.0,910.88229600,0
1776767100000,0.5523,0.5526,0.55136,0.55136,5260.9,1776767399999,2904.23540400,606,0,0,0
1776767400000,0.55136,0.5515,0.54949,0.5502,9533926.0,1776767699999,5244128.55119500,815,1281.6,704.82862000,0
1776767700000,0.55024,0.5507,0.54949,0.55,5602.3,1776767999999,3082.13989700,606,2331.1,1282.85012000,0
1776768000000,0.55003,0.55003,0.5466,0.5467,5352.7,1776768299999,2933.49333700,554,9.4,5.17028200,0
1776768300000,0.5467,0.548,0.54568,0.5465,209793.6,1776768599999,114581.28436200,521,0,0,0
1776768600000,0.5465,0.55003,0.54432,0.5445,13160712.5,1776768899999,7171646.82595500,670,319115.7,173880.81906300,0
1776768900000,0.5445,0.5459,0.5445,0.5457,7943.5,1776769199999,4332.28351200,500,6261.7,3415.19664200,0
1776769200000,0.5457,0.5459,0.54432,0.5448,3944.2,1776769499999,2150.29831000,432,465.9,254.33481000,0
1776769500000,0.5448,0.546,0.5445,0.54547,5264.1,1776769799999,2871.10102300,566,3137.4,1711.35266300,0
1776769800000,0.54547,0.55111,0.5449,0.5503,18171141.5,1776770099999,9939645.80643200,837,18165838.8,9936729.40084200,0
1776770100000,0.5505,0.55111,0.5487,0.5487,5499.7,1776770399999,3023.10087300,529,288.1,158.64663000,0
1776770400000,0.5487,0.553,0.5487,0.553,3545.9,1776770699999,1954.77148300,391,2437.3,1344.59719300,0
1776770700000,0.553,0.5533,0.5496,0.5506,1813813.1,1776770999999,1002972.38959200,486,1810923.3,1001380.19803800,0
1776771000000,0.5502,0.5509,0.54721,0.54721,15539836.5,1776771299999,8520185.00459100,1023,397.4,217.85587900,0
1776771300000,0.54721,0.5485,0.5471,0.5485,242850.1,1776771599999,132872.75903100,356,1406.5,770.94283800,0
1776771600000,0.5485,0.5485,0.54614,0.5462,7789.7,1776771899999,4261.35560800,630,955.7,523.89222000,0
1776771900000,0.5462,0.54823,0.5461,0.5464,6575.3,1776772199999,3596.89802900,595,874.1,479.20784300,0
1776772200000,0.5464,0.5464,0.5449,0.5449,5771.6,1776772499999,3148.76969000,763,266.8,145.53480000,0
1776772500000,0.5449,0.54823,0.54351,0.5452,6284987.9,1776772799999,3417813.30318900,858,1575.1,861.14204600,0
1776772800000,0.5452,0.54847,0.5442,0.54731,537294.8,1776773099999,294602.16868600,658,532146.2,291789.35817300,0
1776773100000,0.54731,0.5481,0.5461,0.548,6674.7,1776773399999,3650.97562800,665,0,0,0
1776773400000,0.548,0.54853,0.5454,0.5454,6074.3,1776773699999,3318.85658400,678,261.6,143.48828800,0
1776773700000,0.5454,0.54853,0.5452,0.5461,7459.1,1776773999999,4074.02342700,640,911.5,499.98509500,0
1776774000000,0.5461,0.55031,0.5461,0.55,12381293.5,1776774299999,6808685.25398500,977,12377711.2,6806719.44857900,0
1776774300000,0.55,0.5501,0.54838,0.5495,6320.1,1776774599999,3470.55159500,751,27.5,15.12775000,0
1776774600000,0.5495,0.55327,0.5495,0.55327,11098336.2,1776774899999,6135707.30321700,913,11096244.0,6134555.43834700,0
1776774900000,0.55327,0.55327,0.5498,0.551,7531.3,1776775199999,4157.22507500,726,1810.0,1001.41870000,0
1776775200000,0.551,0.552,0.5498,0.5518,15496.5,1776775499999,8525.00045000,571,0,0,0
1776775500000,0.552,0.55327,0.5498,0.5504,6955.6,1776775799999,3836.13345600,519,1264.8,699.77589600,0
1776775800000,0.5504,0.55327,0.5462,0.5466,19402859.3,1776776099999,10634856.58421000,1066,31515.1,17432.01424300,0
1776776100000,0.5464,0.5474,0.54441,0.5446,5940.3,1776776399999,3242.37424900,666,1307.2,714.98772100,0
1776776400000,0.5445,0.547,0.5445,0.5457,5616.2,1776776699999,3061.96494800,631,0,0,0
1776776700000,0.546,0.54782,0.5445,0.54782,6347.6,1776776999999,3464.99444700,645,1296.8,710.14674700,0
1776777000000,0.54782,0.54991,0.54782,0.54991,9461305.4,1776777299999,5197858.15149200,1026,9457346.7,5195683.60835900,0
1776777300000,0.54991,0.56689,0.54991,0.5569,100782753.0,1776777599999,56196850.73994900,2061,79280356.1,44100430.59882200,0
1776777600000,0.5569,0.5569,0.5524,0.5532,26160376.8,1776777899999,14508355.79878100,1427,3468.1,1920.07464300,0
1776777900000,0.5532,0.55382,0.55169,0.5533,241328.3,1776778199999,133626.83838700,669,219232.8,121409.84362400,0
1776778200000,0.5536,0.55571,0.5531,0.5545,14052577.3,1776778499999,7795720.77609600,1070,14048094.8,7793238.22833500,0
1776778500000,0.5545,0.55983,0.55301,0.55983,24487275.6,1776778799999,13649517.63168800,1411,24087875.8,13428617.82298800,0
1776778800000,0.56005,0.56759,0.56005,0.56759,35275316.6,1776779099999,19876548.55043100,1912,35270938.3,19874081.69133700,0
1776779100000,0.56759,0.56759,0.56516,0.5668,5394.7,1776779399999,3056.12856700,630,526.2,298.55389700,0
1776779400000,0.5668,0.5679,0.56469,0.56469,5211.1,1776779699999,2951.06888400,612,586.6,333.00665500,0
1776779700000,0.56469,0.5659,0.56062,0.56062,14053855.3,1776779999999,7907039.20667900,871,3479.2,1952.52926600,0
1776780000000,0.5607,0.5636,0.5605,0.5622,2373688.3,1776780299999,1335822.98478000,915,2293390.1,1290782.36689900,0
1776780300000,0.5622,0.5632,0.55882,0.5592,6230383.0,1776780599999,3486330.26721000,1292,2553.7,1432.52325900,0
1776780600000,0.5592,0.55922,0.5575,0.5592,9481637.3,1776780899999,5293855.39369500,979,2369.4,1323.28730100,0
1776780900000,0.5592,0.56291,0.5588,0.5617,14126757.4,1776781199999,7910648.44666300,1043,14121556.6,7907728.58547300,0
1776781200000,0.5612,0.56516,0.56079,0.5645,7354552.2,1776781499999,4154352.38296400,965,7349624.9,4151579.17260400,0
1776781500000,0.5645,0.56623,0.5626,0.56623,6362918.1,1776781799999,3600110.85689700,837,6356764.5,3596644.06210000,0
1776781800000,0.56623,0.56864,0.56623,0.56864,8195356.7,1776782099999,4647199.59574700,1016,8192186.9,4645399.94797700,0
1776782100000,0.5687,0.5689,0.56296,0.56687,14786985.9,1776782399999,8343502.44448800,911,34267.8,19399.92173300,0
1776782400000,0.56687,0.57262,0.5668,0.57262,19244388.5,1776782699999,10986937.87659500,1419,19068341.4,10886464.19464500,0
1776782700000,0.57262,0.5756,0.5726,0.5756,12317775.0,1776782999999,7076096.24063300,878,12314758.4,7074365.54326200,0
1776783000000,0.5752,0.5757,0.57182,0.5719,18483.4,1776783299999,10607.37826200,585,6492.0,3737.43800000,0
1776783300000,0.5719,0.5721,0.5701,0.5701,4044477.2,1776783599999,2308632.69272100,704,451.3,257.66945000,0
1776783600000,0.57,0.57,0.56366,0.5641,2387481.2,1776783899999,1351550.72914600,992,673462.1,380144.49907900,0
1776783900000,0.5641,0.5721,0.56406,0.5713,16546358.8,1776784199999,9424931.24664800,832,8032201.2,4561850.71890000,0
1776784200000,0.5709,0.5747,0.57005,0.5742,16292493.4,1776784499999,9330348.22853200,1231,15678118.5,8980039.69683300,0
1776784500000,0.5742,0.5747,0.5707,0.5723,27281.6,1776784799999,15665.19490800,704,21770.9,12511.73623000,0
1776784800000,0.5723,0.5781,0.571,0.57638,22391730.9,1776785099999,12900569.83951800,1180,22386267.2,12897427.59429300,0
1776785100000,0.57638,0.5773,0.5701,0.5709,16276360.2,1776785399999,9323455.71739800,1286,1824.9,1042.14879900,0
1776785400000,0.5709,0.571,0.56683,0.56754,13727812.8,1776785699999,7792436.82312000,1083,391.5,222.08455000,0
1776785700000,0.5676,0.5696,0.56675,0.5696,609688.2,1776785999999,346071.03502500,805,181934.4,103623.30305000,0
1776786000000,0.5696,0.5709,0.5686,0.5698,4517757.0,1776786299999,2575040.86729000,988,4444560.6,2533261.69512200,0
1776786300000,0.5698,0.5701,0.56442,0.56442,18433183.8,1776786599999,10426418.75425400,1251,521747.3,294653.36453100,0
1776786600000,0.56442,0.56534,0.5641,0.5646,304096.2,1776786899999,171638.59929700,698,14939.1,8445.23890500,0
1776786900000,0.5643,0.56505,0.5641,0.5641,5740.3,1776787199999,3238.18381500,612,0,0,0
1776787200000,0.5641,0.5656,0.5641,0.5641,10067.7,1776787499999,5686.66300600,553,4659.5,2635.35272100,0
1776787500000,0.5641,0.5641,0.55995,0.5618,19585158.8,1776787799999,11000428.74462800,1149,1048.0,587.96659700,0
1776787800000,0.5618,0.56299,0.55995,0.56299,2169558.9,1776788099999,1220860.69999900,733,2166588.1,1219194.42188900,0
1776788100000,0.56299,0.56526,0.5613,0.5619,13949985.9,1776788399999,7873539.94087700,1012,13935783.0,7865531.62712500,0
1776788400000,0.5619,0.5676,0.5613,0.5676,12215590.2,1776788699999,6913724.40230000,1032,12202716.4,6906488.02524000,0
1776788700000,0.5676,0.57542,0.5676,0.57542,24004868.7,1776788999999,13731801.45931400,1518,22719812.5,12997168.84708400,0
1776789000000,0.57542,0.5762,0.57345,0.574,72212.1,1776789299999,41553.43031600,699,67629.2,38919.04449400,0
1776789300000,0.574,0.5788,0.5733,0.5748,17518633.6,1776789599999,10102809.52396400,1110,14382012.2,8301670.10648600,0
1776789600000,0.5748,0.5757,0.56726,0.56726,34521555.5,1776789899999,19676193.60948700,1329,1608.4,924.92830800,0
1776789900000,0.56726,0.5768,0.5666,0.5761,32203634.1,1776790199999,18438405.55778600,1577,31782093.9,18199447.07938400,0
1776790200000,0.5761,0.5768,0.57091,0.5724,16837922.4,1776790499999,9635982.86329200,1078,3587.0,2060.12354200,0
1776790500000,0.5724,0.5725,0.57048,0.5716,4337191.8,1776790799999,2475333.47646700,891,2147.4,1226.89272300,0
1776790800000,0.5716,0.5724,0.5701,0.5711,7031.0,1776791099999,4017.29420800,678,2597.3,1486.04165200,0
1776791100000,0.5711,0.5717,0.5697,0.5697,5573.6,1776791399999,3179.47757800,631,0,0,0
1776791400000,0.5697,0.5724,0.5666,0.56746,14271300.7,1776791699999,8111213.95139700,1080,4387.2,2503.20449500,0
1776791700000,0.56746,0.56978,0.5674,0.5693,572715.5,1776791999999,326251.45486700,732,569456.0,324397.01697700,0
1776792000000,0.5695,0.57412,0.56776,0.57412,27250799.6,1776792299999,15599818.57757800,1359,26801315.8,15344508.24539200,0
1776792300000,0.57412,0.57798,0.5721,0.5724,27523397.3,1776792599999,15830511.47596500,1363,15352393.1,8860402.68535000,0
1776792600000,0.5721,0.57225,0.5711,0.5716,9792936.1,1776792899999,5598729.18718400,976,2825.3,1615.52605300,0
1776792900000,0.5716,0.5723,0.5685,0.5685,4749040.6,1776793199999,2711120.42288600,864,1155.7,660.14454900,0
1776793200000,0.5685,0.5685,0.5637,0.5637,17009569.3,1776793499999,9637364.90437300,921,1291.5,730.24616900,0
1776793500000,0.5637,0.565,0.563,0.5637,6392.5,1776793799999,3603.26133300,620,0,0,0
1776793800000,0.5636,0.56561,0.5622,0.5656,6682.8,1776794099999,3764.80848200,711,1265.8,714.91931900,0
1776794100000,0.5656,0.56895,0.5654,0.5678,17566585.8,1776794399999,9959030.92199500,1025,17560812.7,9955755.03052200,0
1776794400000,0.5675,0.5687,0.566,0.5664,5868.6,1776794699999,3328.48244300,650,0,0,0
1776794700000,0.5665,0.5681,0.5658,0.5664,6992.3,1776794999999,3961.07859700,671,0,0,0
1776795000000,0.5664,0.5668,0.5637,0.5647,10236834.5,1776795299999,5779625.36413200,1008,599.1,338.06210300,0
1776795300000,0.5647,0.5656,0.5636,0.56407,1249509.1,1776795599999,704286.67734900,803,3027.1,1709.31396800,0
1776795600000,0.5641,0.5648,0.5628,0.5644,4675084.3,1776795899999,2633620.61402300,890,2298.3,1296.38475200,0
1776795900000,0.5644,0.5649,0.5635,0.56422,7213.6,1776796199999,4071.64269600,668,2604.6,1470.87095600,0
1776796200000,0.5643,0.56453,0.56277,0.56277,10439.8,1776796499999,5881.11051700,637,1424.5,804.07430400,0
1776796500000,0.56277,0.56277,0.562,0.562,6057.6,1776796799999,3404.85943800,678,0,0,0
1776796800000,0.562,0.5623,0.5605,0.5622,7477.5,1776797099999,4199.11522200,702,0,0,0
1776797100000,0.5622,0.5651,0.5622,0.5646,1058552.4,1776797399999,597952.70051600,772,1053076.6,594863.59451200,0
1776797400000,0.5646,0.5653,0.5628,0.5628,7106.7,1776797699999,4010.84652300,735,1754.0,991.32614600,0
1776797700000,0.5628,0.5647,0.5626,0.5641,5773.1,1776797999999,3253.38291700,624,0,0,0
1776798000000,0.5641,0.56553,0.5626,0.56553,2336524.2,1776798299999,1321148.55030900,790,2331350.9,1318228.80403200,0
1776798300000,0.56553,0.57069,0.56485,0.5696,56465977.3,1776798599999,32066869.37466600,1383,50106203.5,28450859.84969100,0
1776798600000,0.5695,0.57093,0.56927,0.56986,2227152.3,1776798899999,1271282.16629000,742,2222939.9,1268881.23153200,0
1776798900000,0.56986,0.5699,0.5682,0.5683,7539.5,1776799199999,4288.46102000,652,0,0,0
1776799200000,0.5683,0.57179,0.5682,0.57179,5883859.6,1776799499999,3361818.20910500,867,5881012.8,3360196.77883500,0
1776799500000,0.57179,0.573,0.5716,0.5725,4185364.5,1776799799999,2395499.97723500,839,4181939.2,2393539.28259700,0
1776799800000,0.5725,0.57401,0.5724,0.57401,5263.4,1776800099999,3017.79043600,634,2630.3,1508.66927600,0
1776800100000,0.57401,0.5785,0.5725,0.5782,25590257.9,1776800399999,14728668.98687100,902,25586906.3,14726737.98345900,0
1776800400000,0.5782,0.5796,0.5764,0.5766,4319478.6,1776800699999,2500670.21185600,803,4315344.0,2498281.16026900,0
1776800700000,0.5766,0.5782,0.5761,0.5779,4907.2,1776800999999,2831.10689600,557,0,0,0
1776801000000,0.5779,0.5796,0.5753,0.5776,5865.1,1776801299999,3382.99302400,576,829.7,480.89412000,0
1776801300000,0.5776,0.5779,0.5758,0.5758,4815.8,1776801599999,2778.09529000,537,0,0,0
1776801600000,0.5764,0.5766,0.57402,0.5761,10159006.4,1776801899999,5837191.63907200,769,985.0,566.87191800,0
1776801900000,0.5761,0.5797,0.5761,0.5797,8020465.4,1776802199999,4643136.56834600,954,8018265.7,4641864.03056400,0
1776802200000,0.5797,0.5812,0.57877,0.5794,2894039.1,1776802499999,1679444.69113800,873,2890337.5,1677298.66619300,0
1776802500000,0.5794,0.5829,0.5786,0.5829,3876996.0,1776802799999,2259414.48945200,734,3873073.5,2257142.03470500,0
1776802800000,0.5829,0.5844,0.5812,0.5812,11510501.6,1776803099999,6716559.86774600,937,11502168.7,6711699.38657900,0
1776803100000,0.5812,0.5836,0.57937,0.57937,8822977.3,1776803399999,5119752.54483200,843,0,0,0
1776803400000,0.57937,0.5807,0.57827,0.5807,3357456.5,1776803699999,1943475.85482800,865,3631.5,2104.30195300,0
1776803700000,0.5807,0.58472,0.5777,0.58334,16346764.3,1776803999999,9519618.66192600,903,16341768.7,9516723.27238700,0
1776804000000,0.58334,0.58334,0.57926,0.57926,11499835.2,1776804299999,6668710.74820800,1003,209199.1,121210.76766100,0
1776804300000,0.57926,0.57926,0.5764,0.5764,7924481.8,1776804599999,4580670.92310100,1297,119848.6,69134.95104200,0
1776804600000,0.5764,0.5769,0.5733,0.5738,2091502.6,1776804899999,1199432.53035200,883,719.5,413.19257700,0
1776804900000,0.5738,0.5742,0.57228,0.5729,10457486.7,1776805199999,5990122.57723100,1034,496387.7,284364.97120600,0
1776805200000,0.5726,0.5738,0.5714,0.5714,27489.8,1776805499999,15765.97825700,745,22031.7,12641.75308800,0
1776805500000,0.5714,0.5738,0.571,0.572,6901.2,1776805799999,3947.47869300,686,892.7,512.23126000,0
1776805800000,0.572,0.57645,0.572,0.57645,15115411.7,1776806099999,8704438.69272600,1028,14939957.7,8603318.23878100,0
1776806100000,0.57645,0.5782,0.57645,0.5779,1792137.8,1776806399999,1033761.54638800,931,1790172.5,1032626.94562200,0
1776806400000,0.5779,0.5785,0.5771,0.578,2677423.7,1776806699999,1547993.12671000,909,2672689.9,1545258.56458900,0
1776806700000,0.578,0.5785,0.5768,0.5768,6707.4,1776806999999,3872.86712100,707,73.9,42.75115000,0
1776807000000,0.5768,0.5785,0.5765,0.5775,5896.7,1776807299999,3404.36305000,665,240.0,138.84000000,0
1776807300000,0.5775,0.5782,0.5753,0.5782,5275.8,1776807599999,3042.03942100,660,390.6,225.83425000,0
1776807600000,0.5782,0.5784,0.5744,0.5744,7537.9,1776807899999,4346.20898900,703,26.7,15.43794000,0
1776807900000,0.5744,0.5772,0.5743,0.5765,5862.9,1776808199999,3374.88890000,656,0,0,0
1776808200000,0.5765,0.57979,0.5755,0.57979,12715583.9,1776808499999,7364384.01498200,1296,12711936.9,7362276.46929800,0
1776808500000,0.57979,0.5804,0.5796,0.5796,404303.6,1776808799999,234483.89720300,736,397783.0,230703.01950800,0
1776808800000,0.5799,0.5817,0.5799,0.5808,7981419.2,1776809099999,4635151.29377000,966,7978485.4,4633447.31082900,0
1776809100000,0.5808,0.5821,0.5797,0.5797,1316853.8,1776809399999,766178.72542500,764,1311668.4,763167.09588800,0
1776809400000,0.5797,0.5818,0.5796,0.5797,6767.9,1776809699999,3927.95934800,722,0,0,0
1776809700000,0.5797,0.5798,0.5753,0.5753,11432741.4,1776809999999,6590643.51905800,1083,235.3,135.79569300,0
1776810000000,0.5753,0.5753,0.5663,0.5663,24776993.0,1776810299999,14184755.93122600,1124,288.5,164.26965800,0
1776810300000,0.5663,0.567,0.56557,0.5668,9186.8,1776810599999,5200.83548900,718,0,0,0
1776810600000,0.5668,0.57114,0.5667,0.5692,10636369.5,1776810899999,6067544.99037500,881,8505724.5,4853183.08134900,0
1776810900000,0.5692,0.57347,0.5692,0.5724,14879208.0,1776811199999,8509012.08786400,1225,14876009.5,8507181.33679700,0
1776811200000,0.5724,0.5738,0.5716,0.5731,560434.3,1776811499999,321453.72035300,778,533490.7,306031.98172500,0
1776811500000,0.5731,0.5744,0.5727,0.5735,5974.0,1776811799999,3427.53508300,711,1799.1,1032.78975000,0
1776811800000,0.5735,0.5744,0.57055,0.57055,7213.9,1776812099999,4135.81604100,735,313.8,180.24672000,0
1776812100000,0.57055,0.5721,0.5705,0.5716,5474.4,1776812399999,3127.54945700,626,0,0,0
1776812400000,0.572,0.574,0.5712,0.5734,5497.2,1776812699999,3145.57607200,610,0,0,0
1776812700000,0.5734,0.57749,0.5734,0.57749,8707274.6,1776812999999,5016307.17145400,1224,8706099.4,5015629.76076800,0
1776813000000,0.5775,0.5775,0.57439,0.5753,16889869.9,1776813299999,9726165.90843300,1540,656137.1,378694.01748600,0
1776813300000,0.5753,0.5779,0.57439,0.5779,6157.6,1776813599999,3550.42817200,777,3812.4,2198.30573900,0
1776813600000,0.5778,0.5799,0.5777,0.5798,12284172.2,1776813899999,7111785.31077100,1155,12005476.7,6950259.94559200,0
1776813900000,0.5798,0.58227,0.57941,0.58227,14909327.2,1776814199999,8658090.60634600,1331,14463751.1,8399082.77096000,0
1776814200000,0.58227,0.585,0.582,0.5837,21426902.0,1776814499999,12497377.13680800,1355,20914287.7,12198324.75029000,0
1776814500000,0.5837,0.5852,0.5831,0.5831,696757.0,1776814799999,406642.80259800,763,3144.8,1839.20809900,0
1776814800000,0.5831,0.5831,0.57909,0.5801,13437730.8,1776815099999,7800465.25958500,956,45031.5,26109.87995700,0
1776815100000,0.5801,0.5808,0.5785,0.5785,5552.1,1776815399999,3218.50920600,690,2179.4,1264.92873300,0
1776815400000,0.5785,0.5785,0.5773,0.5782,7827.2,1776815699999,4523.94176000,733,3230.4,1867.84402000,0
1776815700000,0.5782,0.5782,0.57724,0.5782,1078139.9,1776815999999,622397.53988400,783,5803.8,3355.39395100,0
1776816000000,0.5782,0.5782,0.57724,0.5782,5103.5,1776816299999,2950.38579500,529,4910.4,2838.81626700,0
1776816300000,0.5781,0.5781,0.57574,0.57677,5272958.1,1776816599999,3041161.30215400,1010,2438.7,1405.32890200,0
1776816600000,0.5768,0.58063,0.57574,0.5786,7579901.3,1776816899999,4398683.75655300,936,7576630.5,4396791.21530200,0
1776816900000,0.5786,0.58138,0.57574,0.58079,5290707.7,1776817199999,3073053.00983100,803,5286312.4,3070508.50139500,0
1776817200000,0.58079,0.58366,0.58065,0.583,14587916.6,1776817499999,8501890.94588600,1367,14584456.9,8499873.85521300,0
1776817500000,0.5829,0.596,0.5825,0.5949,42188418.9,1776817799999,24859298.91391000,1329,41855095.1,24661690.19459100,0
1776817800000,0.5949,0.5986,0.59373,0.5979,12044005.5,1776818099999,7186676.32481400,948,11907622.2,7105194.37249000,0
1776818100000,0.5979,0.60015,0.59768,0.60015,6330777.5,1776818399999,3791793.80032500,1015,6059436.6,3629435.60238000,0
1776818400000,0.60015,0.60314,0.5983,0.6019,15820275.8,1776818699999,9529257.05783400,994,15717081.5,9467411.28377100,0
1776818700000,0.6019,0.60382,0.6015,0.6024,6524679.8,1776818999999,3937788.90497800,712,6520109.3,3935034.70369400,0
1776819000000,0.6028,0.6028,0.59896,0.6001,1401023.0,1776819299999,839309.26684300,824,874.8,525.00598200,0
1776819300000,0.6001,0.60401,0.59755,0.6036,25648707.0,1776819599999,15409204.66006100,1348,15184919.2,9149296.45505100,0
1776819600000,0.6036,0.6108,0.6024,0.6079,33998929.3,1776819899999,20665463.97782500,1156,33893686.8,20601271.63543900,0
1776819900000,0.6079,0.61211,0.60601,0.60601,28872205.6,1776820199999,17598076.07378800,1213,13845241.8,8466696.00753400,0
1776820200000,0.606,0.61713,0.60557,0.6138,19540192.8,1776820499999,11960213.09300200,1142,17095736.1,10479291.01150500,0
1776820500000,0.6142,0.61713,0.60753,0.60791,21082563.0,1776820799999,12867781.69112000,1438,1009723.1,617609.77503100,0
1776820800000,0.60791,0.61085,0.6055,0.61085,12156341.6,1776821099999,7403847.67629000,1080,8020460.6,4897082.46244500,0
1776821100000,0.61085,0.6129,0.60705,0.60705,21294985.2,1776821399999,12984910.27369800,1116,10134078.8,6194883.87557300,0
1776821400000,0.60705,0.61331,0.6057,0.61331,35116504.8,1776821699999,21428828.13014500,1466,27025245.8,16521896.94194500,0
1776821700000,0.61331,0.6181,0.61331,0.6158,21515689.5,1776821999999,13241574.21429300,1544,21509464.3,13237736.59318000,0
1776822000000,0.6161,0.6181,0.6139,0.6149,6166.1,1776822299999,3793.45022900,740,97.4,60.20294000,0
1776822300000,0.6149,0.61962,0.61008,0.61962,26998136.8,1776822599999,16618460.66780700,1471,14529505.9,8986221.59882200,0
1776822600000,0.61962,0.6233,0.61938,0.6209,13569970.9,1776822899999,8432988.79223600,1259,13531924.1,8409344.82283700,0
1776822900000,0.6209,0.62953,0.6206,0.62953,21755109.4,1776823199999,13614641.19461600,1217,21292488.4,13324507.21126600,0
1776823200000,0.6296,0.6355,0.62914,0.6354,23077782.4,1776823499999,14598950.92882200,1309,22562451.6,14274277.64441400,0
1776823500000,0.6354,0.64426,0.63142,0.6373,41680046.7,1776823799999,26655346.32427100,1597,33020087.9,21129046.85936000,0
1776823800000,0.6373,0.6403,0.6339,0.6362,3491181.8,1776824099999,2222458.27063400,953,328978.7,209474.70996700,0
1776824100000,0.6365,0.63768,0.63109,0.63109,12458588.3,1776824399999,7880739.42538400,1008,868333.5,553497.93598100,0
1776824400000,0.63109,0.63109,0.6278,0.6278,3918655.5,1776824699999,2468145.39755300,1122,67230.4,42262.17192500,0
1776824700000,0.6277,0.6295,0.6226,0.6253,25270412.4,1776824999999,15801794.82385200,1565,359038.9,224129.57452600,0
1776825000000,0.6253,0.63787,0.6253,0.6283,68449614.1,1776825299999,43298648.16064800,1801,64148092.9,40584720.62245800,0
1776825300000,0.6283,0.6288,0.62072,0.62072,26266358.1,1776825599999,16387473.04506900,1513,1413.6,883.72889100,0
1776825600000,0.62072,0.62449,0.61889,0.62277,20290718.3,1776825899999,12621470.30424000,1006,13140016.8,8188057.22813600,0
1776825900000,0.62277,0.62517,0.6208,0.6251,275875.7,1776826199999,172429.25089700,692,271370.2,169624.18396900,0
1776826200000,0.6251,0.62645,0.6211,0.6262,3624560.9,1776826499999,2268826.31703300,931,3620286.5,2266159.99171400,0
1776826500000,0.6262,0.62645,0.6162,0.6162,33101417.4,1776826799999,20500018.52908500,1349,55306.7,34558.26895800,0
1776826800000,0.6164,0.61722,0.60419,0.6054,56395752.5,1776827099999,34438281.05962600,1414,2736919.5,1679736.38168900,0
1776827100000,0.6052,0.61001,0.60419,0.6069,18954252.8,1776827399999,11539414.96631200,1107,18947552.8,11535354.35424800,0
1776827400000,0.6069,0.6069,0.60252,0.60252,19942743.9,1776827699999,12049235.38862800,1478,777660.9,469441.89922900,0
1776827700000,0.6025,0.6026,0.59541,0.5972,24278969.9,1776827999999,14555905.98060000,967,4936.3,2948.75944100,0
1776828000000,0.5978,0.5983,0.59368,0.59368,3490791.6,1776828299999,2073978.50591300,917,934.0,557.01429500,0
1776828300000,0.59368,0.596,0.5932,0.5959,1206626.0,1776828599999,716250.02893000,783,2266.1,1348.19418500,0
1776828600000,0.5959,0.6024,0.5959,0.6024,26594613.4,1776828899999,15912572.38840000,1337,26582970.0,15905576.83114700,0
1776828900000,0.602,0.6111,0.602,0.6111,55233236.0,1776829199999,33488593.53704200,1851,55227627.7,33485177.02002200,0
1776829200000,0.6111,0.61543,0.60964,0.6138,19134720.8,1776829499999,11740048.12234400,1160,19125747.8,11734571.16855100,0
1776829500000,0.6138,0.6168,0.6134,0.6164,5922022.8,1776829799999,3648233.77699800,939,5918230.2,3645899.50140700,0
1776829800000,0.6164,0.6172,0.61133,0.6119,13588644.2,1776830099999,8318049.88727000,971,1611.3,992.48507700,0
1776830100000,0.6119,0.6143,0.6099,0.6099,10375749.1,1776830399999,6335118.47438200,951,2486.9,1522.67884600,0
1776830400000,0.60992,0.6127,0.60979,0.6115,100785.0,1776830699999,61475.41671600,673,2584.5,1580.21464000,0
1776830700000,0.6117,0.6165,0.6117,0.61229,12435011.7,1776830999999,7644920.49679000,1108,12431543.7,7642791.74679000,0
1776831000000,0.6123,0.6127,0.6027,0.6031,46478785.0,1776831299999,28152581.02697200,1671,6117.4,3725.98930900,0
1776831300000,0.60313,0.6044,0.60216,0.60216,2029562.4,1776831599999,1222831.70965900,950,1094.3,660.25874400,0
1776831600000,0.60216,0.60343,0.60216,0.60216,1544493.2,1776831899999,931513.63190100,791,1502503.6,906228.97727000,0
1776831900000,0.60216,0.60216,0.59663,0.5975,12373785.9,1776832199999,7402317.55312500,1161,3622.8,2169.20023600,0
1776832200000,0.5975,0.59932,0.5932,0.5935,4610253.4,1776832499999,2737349.21876800,933,1411.1,842.09450800,0
1776832500000,0.5935,0.5967,0.5931,0.5931,5634.7,1776832799999,3351.87194600,734,2808.9,1671.71401100,0
1776832800000,0.5931,0.5952,0.5926,0.5933,5294.7,1776833099999,3142.18320000,616,0,0,0
1776833100000,0.5933,0.59713,0.5926,0.5935,7792.5,1776833399999,4637.89825000,674,1597.5,953.75593000,0
1776833400000,0.5936,0.5958,0.59099,0.591,14948636.9,1776833699999,8847225.97254900,1013,584.7,345.67252900,0
1776833700000,0.591,0.59282,0.59099,0.5916,6318.1,1776833999999,3738.35584700,717,2026.4,1199.59372400,0
1776834000000,0.5917,0.59282,0.58759,0.5879,11248390.9,1776834299999,6633902.49097600,1073,177263.1,104172.13634900,0
1776834300000,0.58806,0.58929,0.5874,0.5877,474399.1,1776834599999,278672.20413700,786,2793.7,1644.14242500,0
1776834600000,0.5875,0.5889,0.5861,0.5861,6341.9,1776834899999,3726.80193600,709,1222.0,718.68954800,0
1776834900000,0.5861,0.5899,0.58593,0.5885,5613.2,1776835199999,3297.73379800,635,1395.2,821.64796900,0
1776835200000,0.5885,0.5897,0.586,0.5867,4719.3,1776835499999,2772.65077000,611,17.0,10.02490000,0
1776835500000,0.5867,0.587,0.5831,0.5837,25772990.7,1776835799999,15064309.77903900,1245,2876.4,1679.61667800,0
1776835800000,0.5837,0.5854,0.5832,0.5836,5277.9,1776836099999,3084.06249300,588,117.6,68.84108300,0
1776836100000,0.5836,0.5854,0.5831,0.5834,5511.4,1776836399999,3220.00842000,600,117.5,68.78450000,0
1776836400000,0.5834,0.5854,0.5793,0.5793,13009668.4,1776836699999,7549948.32223500,1027,8501.4,4966.89503000,0
1776836700000,0.5793,0.58027,0.5768,0.5768,362118.4,1776836999999,209757.76394600,744,1789.4,1037.79915500,0
1776837000000,0.5768,0.58027,0.5732,0.57379,25711901.9,1776837299999,14776780.75378400,1166,80981.9,46988.04439200,0
1776837300000,0.57379,0.5746,0.57164,0.5731,1141352.9,1776837599999,652695.28407800,886,6906.0,3958.93446100,0
1776837600000,0.5735,0.5743,0.5677,0.568,24582498.8,1776837899999,14002536.74797200,1341,7546.6,4316.00474500,0
1776837900000,0.568,0.56816,0.5614,0.56257,45129903.6,1776838199999,25497974.87633900,1693,5181.8,2933.31635700,0
1776838200000,0.5621,0.5646,0.5614,0.5626,7063.3,1776838499999,3979.43082100,708,3481.7,1963.61887100,0
1776838500000,0.5626,0.56465,0.55894,0.55894,16491203.4,1776838799999,9233046.03244100,1308,2491.0,1399.23548500,0
1776838800000,0.55894,0.5644,0.55794,0.56289,32327304.6,1776839099999,18143468.64441600,1354,23090869.7,12984175.83026700,0
1776839100000,0.56289,0.57406,0.5607,0.5711,54703126.5,1776839399999,31038602.27810600,1276,54441127.2,30889181.29289200,0
1776839400000,0.57102,0.5722,0.56469,0.5703,19275600.9,1776839699999,10967733.14422200,1211,10931381.4,6221126.23094300,0
1776839700000,0.57,0.57,0.5647,0.5668,15820538.6,1776839999999,8971236.69924200,1297,542579.2,308302.55555900,0
1776840000000,0.5668,0.5702,0.5664,0.5702,17556687.3,1776840299999,9997691.94521000,1006,17553622.1,9995947.52753800,0
1776840300000,0.5702,0.5737,0.5702,0.5737,7575606.0,1776840599999,4325217.04149900,1051,7573191.6,4323835.31257700,0
1776840600000,0.5737,0.57718,0.57163,0.5743,23206854.6,1776840899999,13358343.11960600,1096,23195214.1,13351649.06043800,0
1776840900000,0.5743,0.58395,0.5741,0.58395,52618090.7,1776841199999,30497726.75170700,1342,40547943.3,23494927.17645400,0
1776841200000,0.58395,0.5875,0.5833,0.5848,17510053.1,1776841499999,10262618.18251000,1189,17495266.1,10253960.97443300,0
1776841500000,0.5848,0.5875,0.58041,0.5812,10505977.2,1776841799999,6116392.47087300,1030,656592.4,381753.74393800,0
1776841800000,0.5813,0.5836,0.5802,0.58261,10008873.1,1776842099999,5826885.00988900,1043,1235861.2,720835.57682300,0
1776842100000,0.58261,0.5828,0.57719,0.5783,14082815.1,1776842399999,8140830.26004300,1199,1361.8,787.33737100,0
1776842400000,0.5783,0.5783,0.57424,0.57714,20292089.9,1776842699999,11684087.50592100,1199,2253.6,1298.96861200,0
1776842700000,0.57714,0.58005,0.57424,0.58005,12021661.0,1776842999999,6954820.28688000,1048,11847067.4,6853638.25069500,0
1776843000000,0.58005,0.58006,0.5773,0.5773,1803085.2,1776843299999,1043778.77120500,859,412561.3,239303.83030500,0
1776843300000,0.5773,0.57742,0.5755,0.57742,10179033.7,1776843599999,5867675.88436100,1251,2561.9,1477.42998200,0
1776843600000,0.57742,0.5782,0.5752,0.5759,2946704.8,1776843899999,1695321.83581300,856,3230.2,1864.67941700,0
1776843900000,0.5759,0.5761,0.5742,0.5743,5669.2,1776844199999,3261.91235800,672,1390.9,801.15603600,0
1776844200000,0.5743,0.5761,0.5713,0.57137,5823675.9,1776844499999,3329229.85866900,978,356381.2,203689.78830500,0
1776844500000,0.57137,0.5717,0.57006,0.5715,8849675.9,1776844799999,5052611.85314000,1254,49798.0,28454.18092800,0
1776844800000,0.5715,0.57603,0.56984,0.5738,18381177.6,1776845099999,10528508.00213900,1248,15608565.9,8942625.45052800,0
1776845100000,0.5738,0.57454,0.5701,0.57077,8430952.8,1776845399999,4839328.30316200,1150,7969018.7,4575768.10945800,0
1776845400000,0.5708,0.572,0.56984,0.5711,46641.7,1776845699999,26586.69094300,712,3629.3,2072.97520700,0
1776845700000,0.5711,0.5729,0.5698,0.5704,20553.1,1776845999999,11718.75974600,716,2914.4,1666.61348600,0
1776846000000,0.5704,0.5734,0.56977,0.5732,5895.4,1776846299999,3370.81422800,726,3299.6,1888.46320000,0
1776846300000,0.5732,0.5755,0.5712,0.5724,16235681.4,1776846599999,9324557.58473000,1018,16230930.8,9321833.22016300,0
1776846600000,0.5724,0.5755,0.57051,0.57051,3828876.3,1776846899999,2185689.70858900,915,1219.0,698.26682700,0
1776846900000,0.57051,0.5719,0.56911,0.5706,7533495.1,1776847199999,4292506.10863300,1067,3389.4,1933.70842300,0
1776847200000,0.5706,0.5733,0.5706,0.5726,6843.2,1776847499999,3917.74136700,673,3556.4,2036.44333700,0
1776847500000,0.5726,0.5744,0.5723,0.5728,11806513.2,1776847799999,6773226.92843300,974,11801294.7,6770236.11191100,0
1776847800000,0.5728,0.5747,0.5723,0.5735,455706.0,1776848099999,261831.90981100,736,450918.8,259085.78156000,0
1776848100000,0.5735,0.5735,0.57028,0.57028,6713.6,1776848399999,3838.22227100,720,0,0,0
1776848400000,0.5702,0.5747,0.57,0.57,6634.3,1776848699999,3786.17051100,679,17.2,9.88484000,0
1776848700000,0.57,0.5703,0.56824,0.5697,10689438.4,1776848999999,6085723.29801100,1243,2250.4,1280.74805100,0
1776849000000,0.5697,0.5725,0.5696,0.5705,5608.9,1776849299999,3200.94124200,720,4114.3,2347.82451200,0
1776849300000,0.5705,0.576,0.5705,0.576,33511961.9,1776849599999,19222194.75721400,1142,33161782.7,19021116.73985200,0
1776849600000,0.576,0.58131,0.5742,0.5753,50745040.9,1776849899999,29349656.45743000,1491,37105909.9,21472396.89781000,0
1776849900000,0.5753,0.58157,0.5753,0.58157,17559939.9,1776850199999,10155988.61431400,1504,17558624.9,10155228.25202600,0
1776850200000,0.58157,0.58328,0.58157,0.5821,14421136.3,1776850499999,8397358.06230500,1209,13212720.2,7693804.83199500,0
1776850500000,0.5821,0.5827,0.5782,0.57954,19575611.1,1776850799999,11363885.66351800,1566,79084.3,46017.39980400,0
1776850800000,0.57954,0.5804,0.57534,0.57534,26431600.1,1776851099999,15243279.77883000,1697,1639.1,948.29876300,0
1776851100000,0.57534,0.5787,0.5751,0.5784,114517.5,1776851399999,65889.92223400,736,6429.6,3709.90396100,0
1776851400000,0.5783,0.5789,0.5745,0.5745,3394128.1,1776851699999,1950821.46416100,809,698.7,404.40788200,0
1776851700000,0.5745,0.5745,0.57146,0.5715,20416728.2,1776851999999,11703111.44738600,1168,3411.9,1952.22873700,0
1776852000000,0.5715,0.5717,0.5706,0.5716,7875420.5,1776852299999,4498545.53106600,980,29552.1,16868.44260100,0
1776852300000,0.5716,0.5716,0.5655,0.5655,21624234.8,1776852599999,12270110.65329900,1312,1390.9,788.03850400,0
1776852600000,0.5655,0.56861,0.5655,0.56861,16085807.9,1776852899999,9124720.71266100,1489,16082363.3,9122767.97091700,0
1776852900000,0.56861,0.5714,0.56848,0.5714,3138438.1,1776853199999,1786357.79977800,910,3135848.7,1784882.23145000,0
1776853200000,0.5714,0.5758,0.5711,0.5725,23191125.3,1776853499999,13289807.04865200,981,23181935.8,13284530.54418400,0
1776853500000,0.5725,0.5758,0.572,0.5731,6266.8,1776853799999,3591.67905800,661,456.2,262.67996000,0
1776853800000,0.5731,0.5732,0.5707,0.5715,9434821.2,1776854099999,5388989.51385400,1018,1160.8,663.04108000,0
1776854100000,0.5715,0.57181,0.5704,0.5705,762914.5,1776854399999,435314.28343000,641,2133.5,1218.43637000,0
1776854400000,0.5705,0.5753,0.5696,0.5696,19346051.0,1776854699999,11094184.97956800,1014,14140386.7,8123995.47953900,0
1776854700000,0.5696,0.5701,0.567,0.56827,19170545.5,1776854999999,10895303.05079700,1358,3746.2,2130.77299800,0
1776855000000,0.56827,0.5705,0.5678,0.5699,6346.1,1776855299999,3612.02468000,673,4440.2,2527.89497000,0
1776855300000,0.57,0.5741,0.5688,0.5741,12974699.9,1776855599999,7414295.37229300,1048,12972678.8,7413143.16013300,0
1776855600000,0.5741,0.57466,0.57232,0.5728,58822.9,1776855899999,33773.46537000,701,53144.8,30520.18556200,0
1776855900000,0.5728,0.5728,0.56901,0.5703,11051976.9,1776856199999,6295450.88839600,1023,2100.0,1196.07909100,0
1776856200000,0.5703,0.5706,0.5678,0.56781,7553848.3,1776856499999,4293780.80571500,1083,1473.3,838.25540200,0
1776856500000,0.56781,0.56834,0.5665,0.5674,519779.1,1776856799999,295122.78088000,763,917.3,521.16501400,0
1776856800000,0.5674,0.56834,0.566,0.5663,6954.6,1776857099999,3941.97008000,618,1058.3,601.47422200,0
1776857100000,0.5663,0.5696,0.566,0.5662,553067.2,1776857399999,314648.74739000,717,549379.1,312558.34116100,0
1776857400000,0.5664,0.5696,0.5664,0.5672,23368.6,1776857699999,13281.50711200,604,867.4,494.07104000,0
1776857700000,0.5672,0.5672,0.56158,0.56158,22180088.9,1776857999999,12517998.20675100,1181,2345.4,1320.98534200,0
1776858000000,0.56158,0.56158,0.5572,0.5572,17021655.5,1776858299999,9521367.11051500,1029,6942.8,3874.38489900,0
1776858300000,0.5572,0.5601,0.557,0.5574,128109.8,1776858599999,71529.21133700,556,118149.5,65973.74044400,0
1776858600000,0.5575,0.5601,0.5567,0.558,4734.2,1776858899999,2641.55669900,435,897.0,502.40970000,0
1776858900000,0.5583,0.5591,0.5554,0.5556,10083927.6,1776859199999,5607873.65121200,992,6443.5,3582.40428700,0
1776859200000,0.5556,0.5594,0.55498,0.5583,4073012.0,1776859499999,2261159.10115800,914,3347.1,1864.42727000,0
1776859500000,0.5583,0.56115,0.5575,0.5577,11199699.1,1776859799999,6270326.99621000,995,11193603.0,6266919.39366600,0
1776859800000,0.5577,0.5582,0.5549,0.5553,15044949.1,1776860099999,8365684.49131900,1084,1617.5,898.80527200,0
1776860100000,0.5553,0.5554,0.5545,0.5545,955385.7,1776860399999,530066.98565200,762,2029.5,1126.66927500,0
1776860400000,0.5545,0.5554,0.55329,0.5542,5978.3,1776860699999,3312.87803500,684,38.0,21.10520000,0
1776860700000,0.5544,0.5548,0.55061,0.55087,7710868.3,1776860999999,4249050.05386500,904,198.9,109.54886500,0
1776861000000,0.55087,0.5542,0.55087,0.5537,22870.3,1776861299999,12654.68277500,738,20579.2,11387.02339500,0
1776861300000,0.5537,0.5559,0.553,0.5559,15758688.1,1776861599999,8745679.03688800,923,15756655.7,8744552.90661600,0
1776861600000,0.5559,0.55651,0.55379,0.5564,1662933.2,1776861899999,925011.30390600,837,1650602.2,918164.03987500,0
1776861900000,0.5564,0.5568,0.5549,0.5549,962398.7,1776862199999,535813.14054800,714,957620.2,533157.82230500,0
1776862200000,0.5552,0.5552,0.5508,0.5517,11083479.2,1776862499999,6116670.08483700,930,1094.2,603.37906300,0
1776862500000,0.5517,0.5529,0.5508,0.5518,117829.9,1776862799999,64904.49949100,683,2645.3,1459.01504100,0
1776862800000,0.552,0.5524,0.55,0.5516,7083.7,1776863099999,3904.28236100,638,1178.9,651.11070400,0
1776863100000,0.5516,0.5521,0.5495,0.55,5591.5,1776863399999,3077.11496300,605,0,0,0
1776863400000,0.55,0.5502,0.54745,0.5489,3647695.6,1776863699999,2000007.10274000,899,1161.1,636.67126700,0
1776863700000,0.5489,0.55015,0.5466,0.5466,2563920.7,1776863999999,1402672.46634600,890,1468.4,805.92196300,0
1776864000000,0.5466,0.5466,0.5428,0.5433,18154374.8,1776864299999,9888875.71706700,1260,188113.2,102351.16862900,0
1776864300000,0.5433,0.5438,0.5428,0.5434,11228.2,1776864599999,6102.01327100,606,5841.9,3176.15427100,0
1776864600000,0.5434,0.5438,0.53769,0.5412,22591087.7,1776864899999,12206517.50682200,883,22603.1,12279.70527100,0
1776864900000,0.54126,0.54979,0.54126,0.5464,51563420.0,1776865199999,28148283.46704800,1527,51543723.9,28137516.41279300,0
1776865200000,0.5464,0.54886,0.54497,0.5485,9661343.7,1776865499999,5278908.78675800,1135,2716140.5,1488514.65559600,0
1776865500000,0.5489,0.5491,0.54422,0.54422,6652141.7,1776865799999,3624288.27258600,1077,132599.4,72787.80916000,0
1776865800000,0.54422,0.55251,0.544,0.55251,45001454.3,1776866099999,24730067.19360100,1379,44437876.6,24423444.72405200,0
1776866100000,0.55251,0.55791,0.55012,0.55231,31423977.9,1776866399999,17425208.07710300,1154,30736035.1,17044888.92676100,0
1776866400000,0.55231,0.5528,0.5496,0.5517,6973.3,1776866699999,3844.90150200,700,3521.9,1943.87999200,0
1776866700000,0.5517,0.5523,0.54892,0.5498,6207.5,1776866999999,3416.49793300,591,770.4,425.22208200,0
1776867000000,0.5498,0.5523,0.54676,0.5496,9863435.2,1776867299999,5404399.00709100,824,9413.2,5190.13167500,0
1776867300000,0.5496,0.55013,0.54676,0.5473,5513.2,1776867599999,3023.92541100,553,707.9,389.21729900,0
1776867600000,0.5474,0.5476,0.5426,0.5427,16704513.2,1776867899999,9110231.78607900,1077,5057.8,2748.94063000,0
1776867900000,0.5427,0.5455,0.5422,0.5455,4868.2,1776868199999,2647.59429300,592,2808.9,1528.93242600,0
1776868200000,0.5455,0.5465,0.5422,0.5439,43285.0,1776868499999,23490.47512100,483,3008.4,1643.79658100,0
1776868500000,0.5439,0.5445,0.5376,0.5376,12393000.2,1776868799999,6710029.23487600,733,877.4,475.79983200,0
1776868800000,0.5376,0.53961,0.53538,0.5382,4166993.8,1776869099999,2232864.34233000,534,335.3,180.93123300,0
1776869100000,0.5382,0.53972,0.5375,0.53972,627271.8,1776869399999,338494.88458000,461,623488.1,336456.77671800,0
1776869400000,0.53973,0.55056,0.5396,0.54821,39728870.8,1776869699999,21632938.61682700,1169,39720369.8,21628279.30967000,0
1776869700000,0.5482,0.55056,0.5469,0.5469,76316.0,1776869999999,41894.63887500,570,29729.1,16367.65329600,0
1776870000000,0.5469,0.5469,0.5449,0.5468,5865827.0,1776870299999,3203048.89624400,744,1848.7,1009.73372700,0
1776870300000,0.5468,0.5472,0.5449,0.5457,4839.0,1776870599999,2639.95350100,557,1951.1,1064.71762100,0
1776870600000,0.5456,0.5585,0.5449,0.5585,65734100.0,1776870899999,36317327.09532700,1214,65732548.6,36316475.21578300,0
1776870900000,0.5585,0.56482,0.55349,0.5535,59615207.0,1776871199999,33451782.46288600,1644,48259534.0,27091627.46739400,0
1776871200000,0.5535,0.5535,0.54797,0.5481,33884428.9,1776871499999,18662371.59346400,1489,520810.9,287938.27781100,0
1776871500000,0.5481,0.5481,0.54629,0.5474,14443822.8,1776871799999,7903908.31417700,1150,1484.3,812.13324400,0
1776871800000,0.5474,0.55203,0.5468,0.55185,23301800.1,1776872099999,12829273.73406400,950,23300743.4,12828693.90093000,0
1776872100000,0.55185,0.5576,0.55028,0.5576,60973597.9,1776872399999,33849745.57913400,1329,60476038.1,33575175.74143300,0
1776872400000,0.5576,0.55917,0.5559,0.5559,12473536.6,1776872699999,6966302.41604400,554,12468804.2,6963666.90204100,0
1776872700000,0.5559,0.55917,0.5554,0.5564,4578.3,1776872999999,2548.61696500,420,179.5,100.37101500,0
1776873000000,0.5564,0.5564,0.55356,0.55375,14942316.6,1776873299999,8286196.42676800,873,1669.9,926.24411400,0
1776873300000,0.55375,0.5538,0.5518,0.553,4353.9,1776873599999,2407.78492000,430,925.8,512.70545100,0
1776873600000,0.5518,0.55456,0.55169,0.5534,4478.9,1776873899999,2476.74378200,489,824.6,456.90800300,0
1776873900000,0.5534,0.5545,0.5519,0.5529,2372.9,1776874199999,1312.35508000,252,0,0,0
1776874200000,0.5529,0.56152,0.55169,0.56152,20598900.8,1776874499999,11505368.12316900,1152,20596062.8,11503797.39833900,0
1776874500000,0.56152,0.5621,0.5593,0.5602,6960.9,1776874799999,3904.89118200,784,478.3,268.77515000,0
1776874800000,0.5602,0.5607,0.5577,0.5588,1167347.8,1776875099999,652157.17201000,707,0,0,0
1776875100000,0.5588,0.5604,0.55657,0.5589,12261855.3,1776875399999,6831374.72775300,1006,724438.5,403714.46423400,0
1776875400000,0.5589,0.55911,0.55577,0.5563,5231085.8,1776875699999,2908976.32830300,944,1852.5,1031.99262800,0
1776875700000,0.5563,0.558,0.5557,0.5564,6155.7,1776875999999,3425.55096000,657,1293.0,719.98845200,0
1776876000000,0.5564,0.5581,0.5562,0.557,12825.7,1776876299999,7148.57098400,705,320.2,178.69091200,0
1776876300000,0.5581,0.55812,0.5545,0.5548,2723303.3,1776876599999,1510626.91338500,845,1066.7,594.64879600,0
1776876600000,0.5548,0.5564,0.5545,0.5552,5900.6,1776876899999,3276.62064400,727,1616.5,898.23575400,0
1776876900000,0.5552,0.5552,0.5529,0.5531,10669801.5,1776877199999,5908756.74505200,1299,9403.4,5204.14591000,0
1776877200000,0.5531,0.556,0.5531,0.556,5326.7,1776877499999,2953.23782200,633,3533.7,1958.98117200,0
1776877500000,0.556,0.5592,0.556,0.5591,20725827.5,1776877799999,11559702.94723500,1157,20723911.2,11558632.33922100,0
1776877800000,0.5591,0.5602,0.5583,0.5596,5283.6,1776878099999,2955.67907000,601,2243.4,1255.72260100,0
1776878100000,0.5596,0.5599,0.5561,0.5568,4622.1,1776878399999,2578.45419200,510,0,0,0
1776878400000,0.5568,0.56292,0.5565,0.56292,18932421.4,1776878699999,10630916.38617200,1020,18930502.7,10629844.19682300,0
1776878700000,0.56297,0.57004,0.56297,0.56976,30719120.0,1776878999999,17399689.15305800,1089,30659435.1,17365684.85605800,0
1776879000000,0.5697,0.57081,0.5643,0.5643,15927340.3,1776879299999,9046619.97384700,959,5869782.3,3347578.29269800,0
1776879300000,0.5643,0.5643,0.5609,0.5629,4142233.8,1776879599999,2329362.55191400,962,2075.1,1165.89509300,0
1776879600000,0.5629,0.5631,0.5608,0.56122,5147.2,1776879899999,2892.13797500,474,1004.5,565.61706000,0
1776879900000,0.56122,0.5613,0.55885,0.55885,15857870.8,1776880199999,8879640.15815300,1250,2318.7,1298.91525900,0
1776880200000,0.55885,0.5589,0.55711,0.5572,2951607.7,1776880499999,1648974.68081700,714,1150.5,642.98132200,0
1776880500000,0.5571,0.5589,0.55501,0.55501,5188.4,1776880799999,2888.10750600,529,179.5,100.32255000,0
1776880800000,0.55501,0.5577,0.5549,0.5554,4694.2,1776881099999,2607.58479800,471,0,0,0
1776881100000,0.5555,0.5589,0.5549,0.556,5735.8,1776881399999,3190.83432000,527,840.4,469.69956000,0
1776881400000,0.556,0.5583,0.5559,0.558,4038.0,1776881699999,2248.31436500,459,0,0,0
1776881700000,0.558,0.5589,0.5556,0.5589,4261.2,1776881999999,2372.61722800,538,535.9,299.41281000,0
1776882000000,0.5589,0.5603,0.5578,0.5593,1999839.5,1776882299999,1116420.86908900,755,16302.2,9101.45648000,0
1776882300000,0.5593,0.5603,0.55742,0.5576,6472.4,1776882599999,3616.03018100,623,18.2,10.19746000,0
1776882600000,0.5586,0.5609,0.55742,0.5596,16832.3,1776882899999,9427.69422400,633,11980.6,6713.19808400,0
1776882900000,0.5596,0.5609,0.5572,0.5575,12362.1,1776883199999,6909.51646400,658,3583.0,2009.70470000,0
1776883200000,0.55744,0.5609,0.5572,0.5574,7756.2,1776883499999,4332.04945400,622,1753.9,983.76251000,0
1776883500000,0.5574,0.5606,0.5574,0.5605,5754.6,1776883799999,3214.15685000,624,0,0,0
1776883800000,0.5605,0.563,0.5605,0.5629,12593873.8,1776884099999,7073658.09083300,1128,12591434.5,7072287.33157300,0
1776884100000,0.5629,0.56422,0.562,0.56422,9218164.7,1776884399999,5193879.27005200,1115,9214765.3,5191966.81722200,0
1776884400000,0.56422,0.56511,0.5634,0.5634,3325684.9,1776884699999,1877943.92859500,823,3321663.0,1875674.69181100,0
1776884700000,0.5634,0.5677,0.5633,0.5676,13192441.9,1776884999999,7472617.53195900,1239,13189884.9,7471172.53645600,0
1776885000000,0.5676,0.57069,0.5676,0.56957,14138128.9,1776885299999,8039200.52502000,1383,14134669.6,8037229.76510300,0
1776885300000,0.56957,0.57,0.5686,0.5695,5904.8,1776885599999,3361.02655000,699,151.0,86.01414000,0
1776885600000,0.5695,0.57586,0.5689,0.57343,28048592.6,1776885899999,16088950.18771600,1193,28044826.2,16086789.54267500,0
1776885900000,0.57343,0.57343,0.57097,0.572,11404678.1,1776886199999,6520094.20903300,1240,2098.8,1199.80539500,0
1776886200000,0.572,0.574,0.5704,0.5709,4122947.8,1776886499999,2352842.48364000,889,2716.7,1554.33646800,0
1776886500000,0.571,0.5741,0.57007,0.57383,1665217.2,1776886799999,955912.18510600,742,1663325.8,954832.59102200,0
1776886800000,0.5741,0.57587,0.5711,0.57204,19335380.0,1776887099999,11117761.05286800,1104,19332262.6,11115969.72069000,0
1776887100000,0.574,0.57736,0.5711,0.5769,83272718.3,1776887399999,47793175.45824900,1673,56825211.5,32569155.74963100,0
1776887400000,0.57683,0.5813,0.5711,0.5813,145732263.2,1776887699999,84023727.55960400,2284,82439458.9,47458824.82995900,0
1776887700000,0.58121,0.58246,0.5711,0.582,101561745.8,1776887999999,58876644.91356400,1840,25975778.9,14969035.70285700,0
1776888000000,0.58197,0.58341,0.5711,0.5831,35106976.8,1776888299999,20363018.37631700,1040,15876863.3,9199316.94116200,0
1776888300000,0.5831,0.5849,0.58117,0.58117,636395.4,1776888599999,371611.21962000,665,630388.3,368110.02347200,0
1776888600000,0.5811,0.5811,0.5771,0.5782,14919601.3,1776888899999,8639057.68123700,1079,2274.1,1314.54187800,0
1776888900000,0.5782,0.5785,0.5769,0.5777,10089.1,1776889199999,5828.05976000,659,3194.5,1846.89434400,0
1776889200000,0.5777,0.5787,0.5767,0.5782,5592.4,1776889499999,3231.57566700,641,586.6,339.40890300,0
1776889500000,0.5782,0.5816,0.5765,0.5816,7943251.9,1776889799999,4611300.32010200,1123,7941087.7,4610049.68122400,0
1776889800000,0.5816,0.5819,0.5793,0.5802,767302.8,1776890099999,446421.19993800,788,762713.4,443755.95194500,0
1776890100000,0.5802,0.5819,0.5786,0.5793,6710.0,1776890399999,3892.35406300,748,829.7,482.80243000,0
1776890400000,0.5793,0.5804,0.57763,0.5786,6215833.0,1776890699999,3593011.37023800,897,274.0,158.46066800,0
1776890700000,0.5786,0.579,0.5771,0.579,5453.5,1776890999999,3151.72008000,650,1553.7,899.28566000,0
1776891000000,0.579,0.579,0.5749,0.5749,1016170.4,1776891299999,585488.14650600,791,9.5,5.50050000,0
1776891300000,0.57485,0.57485,0.57218,0.573,11353994.2,1776891599999,6515330.58648400,1287,3528.6,2021.73584300,0
1776891600000,0.573,0.5744,0.57218,0.5744,5782.9,1776891899999,3315.77467900,739,3175.5,1820.99931900,0
1776891900000,0.5744,0.57718,0.57218,0.5769,16400680.1,1776892199999,9450257.67444800,835,16390067.1,9444177.49702100,0
1776892200000,0.5769,0.577,0.5749,0.5766,5647.1,1776892499999,3252.04130200,688,0,0,0
1776892500000,0.5766,0.5777,0.5755,0.5777,6879.4,1776892799999,3965.86483900,749,1972.8,1138.49303800,0
1776892800000,0.5777,0.5779,0.5754,0.5754,7941.4,1776893099999,4580.40352400,664,1516.2,876.08062600,0
1776893100000,0.5754,0.5754,0.57127,0.5724,12400212.9,1776893399999,7104766.55868700,1013,9978.0,5708.07477100,0
1776893400000,0.5724,0.5742,0.5723,0.5742,12213.2,1776893699999,6999.07534000,701,11888.6,6812.94565000,0
1776893700000,0.5742,0.57967,0.5738,0.57967,25422911.0,1776893999999,14650787.11060800,1505,25422245.2,14650405.03731800,0
1776894000000,0.57967,0.5797,0.57659,0.5768,63880.1,1776894299999,37023.70195400,815,58010.2,33628.51238800,0
1776894300000,0.5768,0.5768,0.5744,0.57453,5949620.3,1776894599999,3420118.72616500,1158,264.3,152.00115900,0
1776894600000,0.57453,0.57454,0.5734,0.5739,8107158.3,1776894899999,4653352.15653300,1194,1724.5,989.71958800,0
1776894900000,0.5739,0.5746,0.5737,0.5746,7026.5,1776895199999,4036.36366900,694,5317.1,3055.18214900,0
1776895200000,0.5746,0.5749,0.5739,0.5747,11752.6,1776895499999,6751.01979300,726,9750.2,5600.98163300,0
1776895500000,0.5747,0.5749,0.57319,0.5745,71118.7,1776895799999,40848.83826800,650,43515.7,25017.17593000,0
1776895800000,0.5745,0.57854,0.57319,0.57854,10904018.5,1776896099999,6297521.25666500,994,10902619.8,6296714.44405900,0
1776896100000,0.57854,0.57868,0.57404,0.57404,1187342.2,1776896399999,686951.34827600,710,1181929.4,683834.09114000,0
1776896400000,0.57404,0.5761,0.57379,0.5755,5675.9,1776896699999,3263.89032300,644,0,0,0
1776896700000,0.5755,0.57868,0.575,0.5772,5433.0,1776896999999,3128.45382000,602,19.0,10.99492000,0
1776897000000,0.5772,0.5802,0.5772,0.5801,7652026.1,1776897299999,4431635.72100700,1042,7650347.2,4430663.50600700,0
1776897300000,0.5801,0.5814,0.5796,0.5796,913940.4,1776897599999,529965.82617200,720,48586.5,28191.91559400,0
1776897600000,0.57958,0.5806,0.579,0.5793,5248.7,1776897899999,3043.18479900,608,0,0,0
1776897900000,0.5794,0.5806,0.5784,0.58,4896.2,1776898199999,2836.54513600,674,1127.4,653.95228000,0
1776898200000,0.58,0.58,0.58,0.58,4644.1,1776898499999,2693.57800000,512,4644.1,2693.57800000,0
1776898500000,0.58,0.58,0.58,0.58,4312.2,1776898799999,2501.07600000,476,4312.2,2501.07600000,0
1776898800000,0.58,0.58,0.5784,0.58,5151.3,1776899099999,2985.66983300,418,3714.1,2153.97639300,0
1776899100000,0.58,0.58,0.5784,0.58,4406.3,1776899399999,2555.43862400,503,3978.6,2307.51569400,0
1776899400000,0.58,0.58,0.5769,0.5769,11763141.9,1776899699999,6795364.67545000,1058,1458.2,844.89989400,0
1776899700000,0.5769,0.578,0.5769,0.5775,4441300.4,1776899999999,2565185.03135900,688,4300705.6,2484053.73197200,0
1776900000000,0.5775,0.57815,0.5708,0.5709,12314940.7,1776900299999,7072943.21177600,816,800.4,460.87902800,0
1776900300000,0.5709,0.573,0.5709,0.5713,195519.3,1776900599999,111687.59671900,467,18613.7,10655.88164900,0
1776900600000,0.5718,0.5733,0.5716,0.5733,6187.1,1776900899999,3543.95755000,627,2484.0,1423.66423000,0
1776900900000,0.5733,0.5773,0.5715,0.5773,18235573.7,1776901199999,10479040.46988700,1107,18231788.4,10476864.81026100,0
1776901200000,0.5773,0.5785,0.5769,0.5785,5713562.7,1776901499999,3301477.29089600,1091,5295596.0,3060085.94895900,0
1776901500000,0.57857,0.5804,0.5783,0.5785,11923541.4,1776901799999,6902717.48776300,1184,11129744.5,6443607.23139300,0
1776901800000,0.5785,0.5792,0.5725,0.5725,24698599.5,1776902099999,14197407.21183500,1329,494.2,283.57027400,0
1776902100000,0.5725,0.57294,0.5717,0.5722,1946469.9,1776902399999,1113242.51179100,778,1359.5,777.89612100,0
1776902400000,0.5719,0.572,0.5682,0.5682,4990689.7,1776902699999,2850308.54767900,847,1125.9,643.27208800,0
1776902700000,0.5682,0.5718,0.5677,0.5697,9531.4,1776902999999,5428.78398900,558,2431.0,1390.04580000,0
1776903000000,0.5697,0.5713,0.5677,0.568,4282.6,1776903299999,2437.22735800,471,0,0,0
1776903300000,0.568,0.5703,0.56636,0.56636,10746013.6,1776903599999,6093246.27768100,790,103.0,58.47157200,0
1776903600000,0.56636,0.56636,0.56462,0.56537,8740644.0,1776903899999,4943586.71541600,805,12176.6,6884.05478400,0
1776903900000,0.56537,0.56957,0.5653,0.56957,9031887.5,1776904199999,5140497.27826100,759,9031662.6,5140370.12070100,0
1776904200000,0.56957,0.57112,0.56836,0.56836,5178124.6,1776904499999,2952815.71053100,485,5174466.5,2950732.32961800,0
1776904500000,0.56836,0.5689,0.56454,0.5648,13550717.6,1776904799999,7667442.56791500,1035,946.7,535.71530100,0
1776904800000,0.56489,0.5658,0.5645,0.5658,4908.5,1776905099999,2773.94106700,582,3413.5,1929.54645700,0
1776905100000,0.56583,0.56725,0.5657,0.566,4508.0,1776905399999,2553.83497100,526,1994.4,1129.96557100,0
1776905400000,0.566,0.56742,0.5645,0.5662,48211.0,1776905699999,27349.34882800,519,43678.6,24784.07285800,0
1776905700000,0.5662,0.5691,0.5662,0.569,4753.9,1776905999999,2701.02429800,626,3676.0,2088.67914800,0
1776906000000,0.569,0.5695,0.5683,0.56947,1089343.8,1776906299999,620262.72618400,711,1087280.7,619088.75087700,0
1776906300000,0.56947,0.5701,0.5686,0.5688,4871961.3,1776906599999,2774897.31298400,834,4868771.9,2773082.44895600,0
1776906600000,0.5688,0.5694,0.5661,0.5661,729153.2,1776906899999,412844.58020200,717,0,0,0
1776906900000,0.5661,0.5673,0.56468,0.5648,11941668.1,1776907199999,6751810.64210500,790,1691.4,958.20688400,0
1776907200000,0.5648,0.5659,0.5647,0.5654,12991.5,1776907499999,7349.45388400,582,9701.3,5489.26498400,0
1776907500000,0.5654,0.5677,0.56468,0.5677,112950.1,1776907799999,63790.52769000,566,3847.9,2181.09433800,0
1776907800000,0.5677,0.5708,0.5667,0.5708,19339348.1,1776908099999,11001953.40045500,885,19337452.5,11000878.08106500,0
1776908100000,0.5708,0.57196,0.5703,0.5706,32154.4,1776908399999,18364.83359600,478,28564.0,16316.26810500,0
1776908400000,0.5706,0.572,0.5701,0.5702,7440.3,1776908699999,4248.05867800,440,1749.2,1000.54240000,0
1776908700000,0.5702,0.5722,0.5696,0.5722,6457.9,1776908999999,3686.12534700,490,1747.4,999.52912100,0
1776909000000,0.5722,0.5772,0.56964,0.577,24080837.8,1776909299999,13842065.77822400,1140,24079569.7,13841341.31255200,0
1776909300000,0.577,0.57746,0.5752,0.576,37372.9,1776909599999,21556.80441800,587,24799.6,14317.78800600,0
1776909600000,0.576,0.5793,0.576,0.5791,3698167.8,1776909899999,2138676.37857500,999,3694491.1,2136551.42222500,0
1776909900000,0.5793,0.57951,0.5747,0.5747,4611106.0,1776910199999,2660245.49673700,1061,1684945.9,976208.72651000,0
1776910200000,0.5747,0.58181,0.5747,0.5809,21026377.8,1776910499999,12184227.37098600,1192,21016778.5,12178656.71989200,0
1776910500000,0.5809,0.5818,0.57707,0.57817,3090605.2,1776910799999,1788407.90765100,979,1831.0,1058.79841900,0
1776910800000,0.5782,0.5806,0.577,0.5805,10663.2,1776911099999,6166.48485700,642,3267.0,1893.93808700,0
1776911100000,0.5806,0.58156,0.5796,0.5815,2754584.1,1776911399999,1601207.20672200,817,2572691.7,1495507.17728800,0
1776911400000,0.5815,0.58742,0.58122,0.5859,29185526.2,1776911699999,17040062.11543200,1599,28262741.9,16499819.43964900,0
1776911700000,0.5859,0.58754,0.58536,0.58754,395903.1,1776911999999,232594.49025900,606,391230.7,229855.71530600,0
1776912000000,0.58754,0.58892,0.58536,0.58892,7381276.8,1776912299999,4341167.83748900,650,7381068.0,4341045.53663900,0
1776912300000,0.58892,0.5926,0.58886,0.59259,18290412.1,1776912599999,10798990.01644400,1237,18289507.9,10798454.98488700,0
1776912600000,0.59259,0.5963,0.5921,0.5951,12970608.2,1776912899999,7700329.26581400,1097,12960831.0,7694528.40373100,0
1776912900000,0.5948,0.5963,0.5934,0.5935,6306.6,1776913199999,3750.29514000,669,344.8,205.60424000,0
1776913200000,0.5934,0.5963,0.5822,0.5843,37746850.1,1776913499999,22233386.09118700,1196,1844.5,1084.90159700,0
1776913500000,0.5843,0.59292,0.5841,0.58805,31359028.9,1776913799999,18499721.91182100,1491,19979325.0,11789179.52169700,0
1776913800000,0.58789,0.58935,0.5822,0.5822,35925774.0,1776914099999,21016982.68529000,1542,1954.4,1147.31194000,0
1776914100000,0.5822,0.5855,0.58219,0.5831,145052.8,1776914399999,84457.54556400,676,4055.7,2365.25454100,0
1776914400000,0.5831,0.58878,0.5821,0.5881,22786101.4,1776914699999,13371370.29596300,1334,22784056.1,13370170.82844000,0
1776914700000,0.5881,0.5891,0.5868,0.5875,7297.2,1776914999999,4291.22341700,732,1595.9,939.64332700,0
1776915000000,0.5875,0.5921,0.5875,0.5882,10542168.8,1776915299999,6228564.83893700,1022,10328665.8,6102233.75587800,0
1776915300000,0.5882,0.5921,0.58581,0.5867,11602293.7,1776915599999,6808107.80129200,970,5759.0,3395.92534200,0
1776915600000,0.5867,0.59215,0.5867,0.5917,19358333.6,1776915899999,11429671.87816800,1318,19011800.6,11224917.21556700,0
1776915900000,0.5917,0.5919,0.58635,0.5865,5844661.3,1776916199999,3430068.12957800,990,99.8,58.53104100,0
1776916200000,0.5865,0.5899,0.5861,0.5899,835886.6,1776916499999,490024.39956100,789,3695.2,2171.04450600,0
1776916500000,0.5899,0.5921,0.5861,0.5861,32740578.9,1776916799999,19305005.80397900,1517,18069873.6,10685504.53122800,0
1776916800000,0.5861,0.588,0.5854,0.5854,1020804.3,1776917099999,598144.80229600,892,2893.9,1698.27261200,0
1776917100000,0.5854,0.5876,0.58529,0.5863,5724.4,1776917399999,3354.60186400,659,0,0,0
1776917400000,0.5868,0.5884,0.58529,0.5878,5873.7,1776917699999,3449.16187200,651,547.1,321.82166700,0
1776917700000,0.5878,0.5912,0.5878,0.58997,11247946.6,1776917999999,6637996.44680200,1165,11245610.0,6636617.56212800,0
1776918000000,0.58991,0.5907,0.5876,0.5901,5185.7,1776918299999,3054.85334500,664,229.5,135.42285000,0
1776918300000,0.5898,0.5903,0.5881,0.589,5959.6,1776918599999,3509.80217900,752,238.0,140.48800000,0
1776918600000,0.589,0.5918,0.589,0.5907,6212.7,1776918899999,3671.99116900,664,2657.9,1572.41387900,0
1776918900000,0.5907,0.59549,0.5907,0.5917,24380077.5,1776919199999,14455221.08062500,1206,15714781.8,9321479.14786900,0
1776919200000,0.5917,0.5928,0.5909,0.5928,3081689.7,1776919499999,1821817.49349300,855,2652.5,1570.42730200,0
1776919500000,0.5928,0.5946,0.5913,0.5928,33040.2,1776919799999,19599.12561400,673,29658.8,17593.89228200,0
1776919800000,0.5928,0.5974,0.5921,0.5974,16862381.4,1776920099999,10046176.51835900,1284,16860192.7,10044876.34271200,0
1776920100000,0.5974,0.5975,0.5957,0.596,143057.1,1776920399999,85458.23906000,700,137759.0,82297.60634200,0
1776920400000,0.596,0.5991,0.5955,0.5991,866325.8,1776920699999,518587.20292500,705,861594.9,515767.11339000,0
1776920700000,0.59912,0.6067,0.59912,0.60565,37276465.5,1776920999999,22480613.35207100,1782,37270699.5,22477129.75756700,0
1776921000000,0.60565,0.6071,0.6036,0.6036,627597.0,1776921299999,380894.32296900,787,621655.9,377296.81713800,0
1776921300000,0.6036,0.6039,0.59937,0.59937,14280096.8,1776921599999,8589316.65348000,978,506.9,304.52643000,0
1776921600000,0.59937,0.602,0.5967,0.5997,5434550.7,1776921899999,3266939.98029200,928,4671274.8,2808614.73725600,0
1776921900000,0.5997,0.6007,0.59502,0.59502,17655318.2,1776922199999,10535727.70445500,1258,168938.7,101441.75121100,0
1776922200000,0.595,0.59621,0.5934,0.5943,238637.7,1776922499999,142238.27082100,714,233214.5,139012.29458400,0
1776922500000,0.5943,0.59648,0.5932,0.5932,5605.8,1776922799999,3335.44635500,767,576.0,343.47433500,0
1776922800000,0.5932,0.59913,0.5932,0.5979,12582398.9,1776923099999,7521753.17107300,1091,12579257.1,7519881.71841500,0
1776923100000,0.5979,0.59992,0.5963,0.5963,6072.8,1776923399999,3629.97326700,723,1005.3,602.21465100,0
1776923400000,0.5963,0.6011,0.5959,0.6005,8932394.5,1776923699999,5364919.73258600,837,8928810.1,5362776.52087100,0
1776923700000,0.6005,0.60183,0.5987,0.5987,2148142.8,1776923999999,1291824.55849000,834,2143886.9,1289271.10780800,0
1776924000000,0.5987,0.60556,0.5987,0.60556,14658482.8,1776924299999,8846772.24958000,928,14655145.3,8844768.09079000,0
1776924300000,0.60556,0.6062,0.6031,0.6053,3175775.8,1776924599999,1924247.44985400,867,3171629.4,1921739.23523200,0
1776924600000,0.6053,0.60861,0.6046,0.60861,7791609.8,1776924899999,4733560.58613300,1157,7778544.0,4725619.15251000,0
1776924900000,0.60861,0.6123,0.60861,0.6096,14938067.1,1776925199999,9118740.28866400,1347,14932205.3,9115167.52417100,0
1776925200000,0.6096,0.61266,0.6093,0.6116,619347.2,1776925499999,379294.55273300,715,614578.0,376381.36579500,0
1776925500000,0.6119,0.61514,0.6108,0.61514,7074434.4,1776925799999,4348038.09150400,835,7070809.9,4345820.83426600,0
1776925800000,0.61514,0.61782,0.6138,0.6138,15982186.5,1776926099999,9848909.33872200,1204,15976980.2,9845703.16111600,0
1776926100000,0.6138,0.6148,0.6107,0.6146,12501900.4,1776926399999,7655809.47799500,996,2717.8,1665.11656300,0
1776926400000,0.6146,0.6174,0.6107,0.61604,6619420.2,1776926699999,4074480.03636500,838,6615903.5,4072311.66809800,0
1776926700000,0.61604,0.6174,0.61347,0.615,174635.3,1776926999999,107275.15410300,695,353.2,218.06568000,0
1776927000000,0.615,0.6195,0.615,0.6182,14554778.4,1776927299999,8998482.30108200,1177,14551644.2,8996547.64425300,0
1776927300000,0.6182,0.6194,0.61568,0.6176,5567.0,1776927599999,3438.49341500,688,0,0,0
1776927600000,0.6176,0.62147,0.6162,0.62147,21202864.7,1776927899999,13159095.51036300,1067,21198831.4,13156603.18486700,0
1776927900000,0.6211,0.6226,0.62038,0.6208,9549327.6,1776928199999,5938859.33901700,829,9543493.5,5935233.48380000,0
1776928200000,0.6208,0.6208,0.614,0.6149,17121022.2,1776928499999,10567860.29590800,1244,1734.5,1067.13855600,0
1776928500000,0.6149,0.61903,0.61238,0.617,34538627.2,1776928799999,21284585.91247200,1290,27027620.9,16679020.55606100,0
1776928800000,0.617,0.617,0.6124,0.61416,10446898.4,1776929099999,6417424.76435200,967,1570.0,962.41878900,0
1776929100000,0.61418,0.61977,0.61338,0.61338,32819269.2,1776929399999,20229664.89155400,1413,10400785.9,6439053.64470500,0
1776929400000,0.61338,0.6154,0.61216,0.61216,9721201.8,1776929699999,5956338.67130000,1055,3722.1,2286.74258700,0
1776929700000,0.61216,0.6178,0.6115,0.6171,17462519.8,1776929999999,10750239.95932500,1038,15498191.1,9547340.33509100,0
1776930000000,0.6171,0.6244,0.6171,0.62412,19058021.3,1776930299999,11839435.53272400,1037,19039023.3,11827585.72180000,0
1776930300000,0.62412,0.62537,0.62338,0.62537,93412.7,1776930599999,58247.21131300,827,18480.8,11534.75919300,0
1776930600000,0.6254,0.6259,0.6215,0.6225,24406.7,1776930899999,15205.58460300,658,562.0,351.59611300,0
1776930900000,0.6225,0.62622,0.6225,0.6241,1232349.4,1776931199999,771344.61081600,765,1100100.4,688623.59422600,0
1776931200000,0.6243,0.6318,0.62389,0.6288,33364681.9,1776931499999,20962188.41261800,1217,33033056.0,20754088.18501400,0
1776931500000,0.6288,0.6318,0.62699,0.6287,5413922.7,1776931799999,3398458.09888300,754,10537.6,6657.65568000,0
1776931800000,0.6287,0.6305,0.62699,0.6293,6715.8,1776932099999,4220.01894300,571,169.9,106.95936000,0
1776932100000,0.6293,0.63268,0.62582,0.63194,19892123.1,1776932399999,12514436.59583400,972,11824461.4,7461279.23013800,0
1776932400000,0.63194,0.63373,0.62981,0.62981,5760591.5,1776932699999,3635632.96336700,820,1952804.0,1236199.34338500,0
1776932700000,0.62981,0.6338,0.62945,0.62945,1286138.6,1776932999999,809900.71535800,520,16353.0,10364.53140000,0
1776933000000,0.62945,0.6327,0.6279,0.6306,7918986.0,1776933299999,4977059.42201400,750,1596.1,1006.40962500,0
1776933300000,0.6306,0.6341,0.62789,0.6331,871570.6,1776933599999,552338.25330900,602,867561.5,549806.81330000,0
1776933600000,0.6331,0.6349,0.63185,0.6349,3546159.3,1776933899999,2249697.29394900,698,3543502.9,2248015.64143200,0
1776933900000,0.6349,0.6365,0.6338,0.6359,531410.1,1776934199999,337403.53109200,507,521399.8,331056.50074700,0
1776934200000,0.6358,0.637,0.63319,0.63319,12556.0,1776934499999,7961.51107400,589,349.3,222.42280500,0
1776934500000,0.6334,0.635,0.63181,0.6341,2917549.7,1776934799999,1843753.58265400,790,802.1,507.73479900,0
1776934800000,0.6342,0.6372,0.6342,0.6353,1397830.6,1776935099999,890410.53357200,739,1387848.3,884055.88645000,0
1776935100000,0.6353,0.6376,0.6335,0.6376,5739.1,1776935399999,3650.20450200,624,1933.9,1232.54735200,0
1776935400000,0.6376,0.6382,0.6307,0.6327,14517688.2,1776935699999,9202364.28235800,1025,3888076.4,2480139.00458200,0
1776935700000,0.6327,0.63828,0.6324,0.638,10833313.0,1776935999999,6888758.95664400,1158,10831686.9,6887725.48949900,0
1776936000000,0.638,0.63858,0.63073,0.631,18667332.9,1776936299999,11829073.90545700,1157,1716122.6,1095552.68149400,0
1776936300000,0.631,0.6363,0.631,0.6342,8826434.9,1776936599999,5608539.12687200,904,8823971.5,5606974.75421600,0
1776936600000,0.6342,0.6417,0.6341,0.6417,37559234.0,1776936899999,24002508.23787300,1385,37556501.8,24000767.19004500,0
1776936900000,0.6417,0.6433,0.64044,0.6408,54630.7,1776937199999,35054.14389600,751,25641.3,16480.53817400,0
1776937200000,0.641,0.6433,0.6396,0.6396,8022.6,1776937499999,5143.50870300,638,1610.3,1035.89533000,0
1776937500000,0.6396,0.6405,0.63606,0.6374,9262282.5,1776937799999,5903703.57551900,944,5271.0,3358.70623700,0
1776937800000,0.6374,0.64214,0.63606,0.641,2877935.9,1776938099999,1846478.95770100,810,2872020.4,1842705.74103700,0
1776938100000,0.641,0.64306,0.6399,0.642,6513.1,1776938399999,4175.85012700,657,862.5,554.16833700,0
1776938400000,0.642,0.6431,0.63654,0.63654,16197497.5,1776938699999,10327745.54272300,1018,2141.7,1377.30529400,0
1776938700000,0.63654,0.6372,0.6205,0.6205,46629846.3,1776938999999,29223366.79199600,1160,163850.8,102820.06715700,0
1776939000000,0.6205,0.6234,0.61769,0.6207,12976666.1,1776939299999,8031386.26821600,952,3420.0,2122.21477900,0
1776939300000,0.62081,0.62329,0.61704,0.61704,32534279.4,1776939599999,20213650.97128600,1439,26204061.5,16304682.78135100,0
1776939600000,0.61704,0.62359,0.61704,0.62359,4600266.9,1776939899999,2862970.63556900,1079,4557882.6,2836573.25612700,0
1776939900000,0.62359,0.62373,0.6195,0.6195,1175125.0,1776940199999,732836.89533500,860,1164747.3,726388.33278700,0
1776940200000,0.6201,0.6223,0.61706,0.6223,15622257.4,1776940499999,9659769.90349200,1161,330118.0,205279.41032800,0
1776940500000,0.6223,0.6283,0.6223,0.6266,22683869.6,1776940799999,14180162.46212300,1466,22656883.2,14163323.99218200,0
1776940800000,0.6266,0.6298,0.6265,0.6298,2940310.3,1776941099999,1849626.00370200,827,2920770.0,1837335.54300200,0
1776941100000,0.6298,0.6306,0.6289,0.6297,3853305.3,1776941399999,2427838.93742800,983,3841830.7,2420612.13432500,0
1776941400000,0.6297,0.6309,0.62887,0.6309,15016.9,1776941699999,9465.46945400,695,10491.5,6616.12822300,0
1776941700000,0.6309,0.6357,0.6306,0.635,16960642.3,1776941999999,10750539.46924600,986,16958166.9,10748969.11950600,0
1776942000000,0.635,0.6361,0.6321,0.6325,1325070.7,1776942299999,842531.91657000,880,1313422.0,835142.57782600,0
1776942300000,0.6325,0.6362,0.6321,0.6321,5860.2,1776942599999,3714.21010000,603,155.7,99.04182000,0
1776942600000,0.6321,0.653,0.6317,0.653,40743410.9,1776942899999,26056175.64207500,1159,40721053.6,26041837.88322100,0
1776942900000,0.653,0.661,0.651,0.651,59174119.6,1776943199999,38797832.51843500,1719,30358080.3,19958827.47525200,0
1776943200000,0.651,0.66202,0.651,0.6617,5661496.6,1776943499999,3711633.39926900,935,5656985.8,3708683.56715300,0
1776943500000,0.6617,0.66561,0.6598,0.6644,27526350.4,1776943799999,18274484.85263600,1476,27480656.3,18244113.71725500,0
1776943800000,0.6644,0.6725,0.6644,0.6725,21576326.1,1776944099999,14456289.08676300,985,21556242.8,14442831.01270800,0
1776944100000,0.6725,0.6775,0.6712,0.6751,29649505.6,1776944399999,20023148.70969000,1220,27655127.5,18674776.36840700,0
1776944400000,0.675,0.6775,0.6595,0.66609,63232358.8,1776944699999,42109928.23321300,1751,11856193.6,7876000.25822800,0
1776944700000,0.66609,0.6759,0.6653,0.6731,21340422.8,1776944999999,14340934.47447800,1342,21128055.5,14199461.43967800,0
1776945000000,0.6731,0.68226,0.67308,0.68226,34164992.5,1776945299999,23191822.94014900,1606,34094531.7,23143988.95272200,0
1776945300000,0.68226,0.68385,0.6803,0.681,5162336.4,1776945599999,3525437.25364000,940,5092996.3,3478100.56402400,0
1776945600000,0.6803,0.68578,0.6793,0.68538,6966376.3,1776945899999,4771933.96291500,1005,6959250.2,4767080.97552900,0
1776945900000,0.68529,0.68612,0.6773,0.6813,14753857.7,1776946199999,10049380.50518800,1022,163284.3,111507.61855700,0
1776946200000,0.68129,0.68612,0.67309,0.6775,33745344.8,1776946499999,22848098.92142700,1593,3547402.2,2403860.81466300,0
1776946500000,0.6775,0.68434,0.6773,0.68141,17685005.0,1776946799999,12045090.13357500,1341,13403716.3,9126313.46848400,0
1776946800000,0.68141,0.68141,0.6653,0.667,91292755.0,1776947099999,61459232.19602000,2130,8712591.6,5863383.69458300,0
1776947100000,0.6676,0.6729,0.6653,0.66656,27974159.7,1776947399999,18739775.31831200,1392,14132761.8,9475920.72845800,0
1776947400000,0.66656,0.66787,0.66043,0.66043,19926361.5,1776947699999,13206883.76703000,1234,69042.7,45892.18056000,0
1776947700000,0.66043,0.6669,0.66043,0.6641,6425868.9,1776947999999,4275673.09426400,950,6344590.9,4221983.63096300,0
1776948000000,0.6641,0.6645,0.6578,0.6578,20650939.7,1776948299999,13639602.46027100,1202,1370.5,905.66464400,0
1776948300000,0.6578,0.66323,0.6578,0.66323,8346043.8,1776948599999,5530462.64836800,976,8340067.3,5526528.57331600,0
1776948600000,0.6601,0.6655,0.65536,0.6651,26125843.5,1776948899999,17206329.94086300,1660,12558202.3,8298315.65056600,0
1776948900000,0.6651,0.66807,0.66249,0.66249,29644652.7,1776949199999,19745988.66574500,1428,17808099.4,11882868.48281100,0
1776949200000,0.66249,0.66393,0.65435,0.65831,45990292.5,1776949499999,30336681.08015900,1677,8703696.8,5763236.55738100,0
1776949500000,0.65831,0.66484,0.6574,0.66484,21259473.3,1776949799999,14098508.68566600,1192,21254979.6,14095548.67439600,0
1776949800000,0.66484,0.6714,0.65774,0.6593,50055478.3,1776950099999,33218749.82293900,1946,15467009.6,10315117.14406800,0
1776950100000,0.65966,0.661,0.6539,0.6539,20826630.9,1776950399999,13660714.28474800,1375,8983.9,5884.07600900,0
1776950400000,0.6539,0.6545,0.6492,0.6519,10109946.3,1776950699999,6574866.53479600,1222,1274386.3,831988.61141100,0
1776950700000,0.6519,0.65361,0.63893,0.65032,36520005.6,1776950999999,23556949.18906800,1402,5932876.4,3831752.78563400,0
1776951000000,0.65032,0.6564,0.649,0.6551,25479449.5,1776951299999,16638348.37362700,1330,25458915.1,16624987.05551700,0
1776951300000,0.6557,0.65948,0.6539,0.65948,11152774.4,1776951599999,7345936.49321500,928,11125855.6,7328256.50498300,0
1776951600000,0.65948,0.66852,0.65876,0.66852,44231872.3,1776951899999,29357400.58583000,1555,44198439.0,29335106.72260000,0
1776951900000,0.66852,0.6825,0.66852,0.67793,64617471.2,1776952199999,43563937.82746900,1572,57019731.0,38424762.95613400,0
1776952200000,0.67793,0.6823,0.67702,0.67702,23149544.6,1776952499999,15742591.27296600,1108,17389605.5,11835108.86198400,0
1776952500000,0.67702,0.68231,0.6721,0.682,24842556.7,1776952799999,16765103.26956200,1209,5199404.8,3521778.42314900,0
1776952800000,0.68231,0.69138,0.67572,0.69138,53218595.2,1776953099999,36445998.24322400,1271,48766270.1,33430145.33437700,0
1776953100000,0.69138,0.697,0.6849,0.69191,29920815.3,1776953399999,20705050.27180700,1253,19625721.4,13612133.64256300,0
1776953400000,0.69191,0.70101,0.69191,0.6999,27529689.8,1776953699999,19195956.49018300,1088,27507910.7,19180791.07121000,0
1776953700000,0.69979,0.70107,0.6928,0.7009,13415817.8,1776953999999,9333705.18600800,909,790426.9,552148.21525900,0
1776954000000,0.7009,0.7032,0.7009,0.7032,44371.8,1776954299999,31109.60481300,507,33354.6,23387.43178300,0
1776954300000,0.7032,0.70779,0.6989,0.6989,28488165.3,1776954599999,20042973.42423400,1302,15056185.2,10632507.60887000,0
1776954600000,0.6989,0.70011,0.68568,0.70011,61906086.1,1776954899999,42891672.85662700,1612,12562577.3,8707558.55716000,0
1776954900000,0.69997,0.70896,0.6962,0.7089,38898708.1,1776955199999,27404662.52707000,1211,38882570.3,27393372.49715800,0
1776955200000,0.70896,0.71431,0.7075,0.71431,22645174.8,1776955499999,16133265.20191800,918,22488894.1,16021841.58205100,0
1776955500000,0.71431,0.7151,0.7102,0.71204,6057382.2,1776955799999,4329051.24779300,793,5894328.9,4212814.75077500,0
1776955800000,0.71204,0.7151,0.69923,0.70094,37674623.2,1776956099999,26569835.57257300,1517,38180.6,26965.78216600,0
1776956100000,0.70094,0.70185,0.6992,0.6992,67456.7,1776956399999,47274.21526800,513,44046.3,30903.34947000,0
1776956400000,0.6998,0.70185,0.69241,0.70032,27186058.7,1776956699999,18949869.14400400,1136,4836268.3,3376614.96527700,0
1776956700000,0.70032,0.7013,0.69581,0.6997,7561622.9,1776956999999,5267278.32460200,684,196116.6,137528.92519200,0
1776957000000,0.6997,0.70049,0.69358,0.6977,8587429.4,1776957299999,5969967.35207000,897,3253.7,2265.25460000,0
1776957300000,0.6978,0.70084,0.69342,0.69342,20464555.2,1776957599999,14289050.57025700,1070,13734089.9,9612764.94600600,0
1776957600000,0.69341,0.70084,0.69341,0.6955,1632936.1,1776957899999,1137521.67274500,853,1293680.5,901829.91587700,0
1776957900000,0.6958,0.70259,0.6952,0.69931,17684225.3,1776958199999,12403507.51231300,1190,16126536.5,11312617.57151900,0
1776958200000,0.6991,0.7056,0.69886,0.70051,14769974.7,1776958499999,10368858.75179400,1116,10262049.8,7208144.61641100,0
1776958500000,0.70051,0.70135,0.68874,0.68874,31550200.0,1776958799999,21972620.24393800,1599,6183920.4,4329322.60341500,0
1776958800000,0.68874,0.68879,0.6674,0.67433,83164308.3,1776959099999,56419414.12417100,1722,2298771.8,1541786.01188300,0
1776959100000,0.67433,0.67803,0.66459,0.67803,43213115.1,1776959399999,29030089.88069500,1593,20055317.1,13531713.64899800,0
1776959400000,0.67783,0.67803,0.6622,0.67143,40060476.7,1776959699999,26738952.88829500,1731,2295017.2,1534717.22088000,0
1776959700000,0.67143,0.6776,0.6697,0.6731,49601691.6,1776959999999,33384350.70644000,1756,34158521.9,23005090.53949500,0
1776960000000,0.6731,0.67634,0.66956,0.6708,16601998.7,1776960299999,11198141.11341800,1094,15005309.2,10127337.37065000,0
1776960300000,0.6705,0.6826,0.66956,0.6778,69456530.9,1776960599999,46908542.67235600,1701,58615288.2,39590932.72631100,0
1776960600000,0.67781,0.6834,0.672,0.68022,65813246.9,1776960899999,44577960.80737200,1835,39113677.4,26480738.72143700,0
1776960900000,0.68022,0.6834,0.672,0.672,84338086.7,1776961199999,57201486.00182100,1856,43105375.6,29227611.02604500,0
1776961200000,0.67262,0.6834,0.672,0.67916,60661053.3,1776961499999,41185549.63550900,1670,25287116.7,17185842.85156800,0
1776961500000,0.67916,0.6834,0.67184,0.672,101327462.1,1776961799999,68668232.97898200,2149,34323172.3,23214712.12759200,0
1776961800000,0.672,0.6834,0.6621,0.68314,176914125.2,1776962099999,119680178.87000100,2501,61360741.4,41432589.44435300,0
1776962100000,0.68314,0.6834,0.6644,0.6693,104314196.4,1776962399999,69938583.91865300,1983,56942054.4,38051778.89005500,0
1776962400000,0.6693,0.6708,0.6659,0.6704,7936230.2,1776962699999,5296080.56243000,898,3383219.5,2254243.33432600,0
1776962700000,0.6704,0.6708,0.6689,0.67,90387.9,1776962999999,60486.10831900,698,2322.4,1555.97291700,0
1776963000000,0.6693,0.6707,0.6689,0.6693,53097.4,1776963299999,35525.69434100,753,5151.3,3450.98091200,0
1776963300000,0.6693,0.6704,0.6574,0.6689,26444845.9,1776963599999,17636890.54960300,1150,802684.7,528434.29665900,0
1776963600000,0.6689,0.66918,0.6574,0.65808,54546304.3,1776963899999,36282898.34149200,1258,14955328.8,9881959.80104800,0
1776963900000,0.6589,0.6594,0.65743,0.65889,4463059.7,1776964199999,2937174.51423200,688,1571620.5,1035203.68881300,0
1776964200000,0.6589,0.6594,0.6519,0.65801,62433441.9,1776964499999,41057944.85925200,1693,12174868.8,7985998.67445500,0
1776964500000,0.65801,0.6594,0.6519,0.65799,82945187.0,1776964799999,54557884.35706300,1671,7328475.1,4804129.64557000,0
1776964800000,0.65834,0.6649,0.6519,0.65936,77543958.9,1776965099999,51043704.85706600,1871,12338070.2,8115634.82848600,0
1776965100000,0.6594,0.66571,0.6519,0.6619,83936085.3,1776965399999,55229984.19606000,1635,30052934.2,19723889.28170300,0
1776965400000,0.66571,0.6674,0.6519,0.66565,63357248.7,1776965699999,42057384.09215700,1654,10185830.1,6765390.98209200,0
1776965700000,0.6661,0.6674,0.6642,0.66691,1629099.3,1776965999999,1085139.75644900,699,1192867.6,795097.12579800,0
1776966000000,0.6665,0.6674,0.66421,0.6649,19636611.4,1776966299999,13074276.63559000,917,14355608.1,9563714.88465700,0
1776966300000,0.6661,0.66727,0.66455,0.6668,4267804.0,1776966599999,2838550.55784400,775,458381.8,305783.04478800,0
1776966600000,0.6661,0.6688,0.66423,0.6666,9272333.9,1776966899999,6183120.56605000,1028,8318890.7,5549522.53947300,0
1776966900000,0.666,0.6688,0.666,0.666,326104.3,1776967199999,217963.17428700,637,266144.9,177996.64516000,0
1776967200000,0.667,0.667,0.66472,0.6666,10647664.7,1776967499999,7084574.74460800,899,3101426.9,2064681.38166600,0
1776967500000,0.667,0.6687,0.6649,0.66623,4489567.4,1776967799999,2992867.12170000,886,3112661.7,2076537.20593500,0
1776967800000,0.6666,0.6687,0.6647,0.667,12735796.5,1776968099999,8493775.28391500,824,12359324.7,8242952.06094000,0
1776968100000,0.66785,0.66922,0.6626,0.66326,35952183.1,1776968399999,23980075.44199000,1478,8421446.2,5613447.74975600,0
1776968400000,0.66326,0.6687,0.6586,0.6586,68069871.4,1776968699999,45211067.65041300,1523,18962884.1,12533033.61271100,0
1776968700000,0.6649,0.6651,0.6586,0.6649,39533954.3,1776968999999,26179907.47506000,1400,12359725.8,8161912.09090900,0
1776969000000,0.6649,0.6738,0.6586,0.6649,89826650.4,1776969299999,59698046.74656200,1872,42996316.4,28596456.11494100,0
1776969300000,0.6648,0.6738,0.6586,0.6651,135622172.5,1776969599999,90341123.52018600,2340,83519600.5,55569422.71052500,0
1776969600000,0.66511,0.6738,0.6586,0.6588,115159307.2,1776969899999,76620576.60909100,2111,60399653.1,40180577.43671200,0
1776969900000,0.6586,0.6738,0.6371,0.66429,175739917.9,1776970199999,116496855.08606300,2967,80720273.5,53403241.78208400,0
1776970200000,0.66517,0.6738,0.6371,0.67321,224319432.8,1776970499999,147623966.44372200,3216,99644372.5,65264800.80486800,0
1776970500000,0.6738,0.6738,0.6371,0.6602,178510829.0,1776970799999,117424801.20431200,2450,37469016.7,24460899.95121500,0
1776970800000,0.65597,0.6602,0.6371,0.65942,145122493.4,1776971099999,94980621.07130700,2470,23568410.7,15236399.76610000,0
1776971100000,0.65942,0.6602,0.6371,0.65552,123976523.2,1776971399999,81256426.12000100,2432,20075774.0,13016961.26811300,0
1776971400000,0.65647,0.6602,0.6371,0.6518,102765624.2,1776971699999,67379172.14795100,1984,28535589.3,18594445.71325500,0
1776971700000,0.65188,0.6587,0.62498,0.63342,189473981.8,1776971999999,120920256.28128500,2729,87804748.7,55820454.98868100,0
1776972000000,0.63156,0.6587,0.63031,0.63151,112242303.0,1776972299999,71416986.52609400,1863,89966865.4,56982561.58532200,0
1776972300000,0.63151,0.6512,0.6313,0.6449,162720604.4,1776972599999,103736569.16333800,2628,117226632.7,74510339.76688400,0
1776972600000,0.6449,0.6464,0.6313,0.63149,103652587.4,1776972899999,66063567.86374200,1927,75998311.6,48281353.25782000,0
1776972900000,0.63149,0.64838,0.6313,0.64449,127476094.3,1776973199999,81438802.30961700,2073,86825734.9,55243634.38021400,0
1776973200000,0.64449,0.6553,0.64433,0.64433,21787640.7,1776973499999,14137642.11305100,1252,12300208.2,7979169.96866800,0
1776973500000,0.64433,0.65035,0.64422,0.6497,17314791.1,1776973799999,11229654.72977600,1130,16763845.7,10874667.26415700,0
1776973800000,0.6466,0.65545,0.6446,0.6466,145196822.0,1776974099999,94370380.35775200,2292,98698436.9,64033124.98941900,0
1776974100000,0.64663,0.65829,0.6466,0.65829,128390947.8,1776974399999,83457048.15454600,2092,113908056.5,73993716.09579200,0
1776974400000,0.65829,0.66359,0.6466,0.65514,197953983.6,1776974699999,129264256.29650900,2473,164767200.1,107491527.72760600,0
1776974700000,0.65514,0.66505,0.6466,0.65416,184163581.7,1776974999999,120047094.99223800,2288,151722648.4,98745694.87849000,0
1776975000000,0.65561,0.6647,0.6466,0.66336,120563316.5,1776975299999,79357311.10375000,1931,56510496.9,36945330.90860400,0
1776975300000,0.6633,0.6647,0.6546,0.663,52848580.9,1776975599999,34982877.56025000,1569,12384452.6,8185500.62217000,0
1776975600000,0.663,0.6647,0.657,0.66454,73676702.7,1776975899999,48771679.06102600,1968,6683015.1,4422532.51080700,0
1776975900000,0.66454,0.6671,0.6587,0.6596,46338381.7,1776976199999,30693006.10270900,1601,23440164.4,15504615.41284900,0
1776976200000,0.6597,0.6663,0.65887,0.65929,61912640.8,1776976499999,40929488.43636400,1625,31353996.5,20704738.96943100,0
1776976500000,0.65929,0.6647,0.6587,0.6619,14777649.7,1776976799999,9762857.98536600,1096,10941179.9,7226760.82125100,0
1776976800000,0.6622,0.6638,0.6596,0.6627,9138522.3,1776977099999,6056738.25817100,857,9136395.0,6055328.91707300,0
1776977100000,0.6627,0.6658,0.66258,0.6652,3016504.9,1776977399999,2005732.06723100,901,3012880.3,2003325.46048300,0
1776977400000,0.6656,0.6656,0.65964,0.6601,6770495.4,1776977699999,4471063.15689200,924,1665.7,1100.07344300,0
1776977700000,0.6601,0.66748,0.6597,0.667,9276709.2,1776977999999,6178919.15276600,1128,9273942.0,6177082.50749700,0
1776978000000,0.667,0.66778,0.6637,0.6666,302883.0,1776978299999,202197.75208500,861,297284.4,198470.56890300,0
1776978300000,0.6666,0.6758,0.6641,0.67425,38392594.2,1776978599999,25728247.33406300,1356,26349934.6,17644744.71606200,0
1776978600000,0.67425,0.6824,0.67425,0.6821,46662074.5,1776978899999,31643923.24247900,1593,31897120.3,21610774.85678700,0
1776978900000,0.68203,0.68882,0.6745,0.67458,134733549.0,1776979199999,91661422.40959000,2444,92223960.5,62656049.97950000,0
1776979200000,0.67458,0.69394,0.6745,0.68259,144756970.6,1776979499999,98876701.03474400,2464,93267428.2,63703333.47159900,0
1776979500000,0.6824,0.69144,0.6745,0.67483,202334651.1,1776979799999,137941740.32748400,2671,143161859.0,97556974.79349800,0
1776979800000,0.6745,0.7219,0.6745,0.71183,256352541.2,1776980099999,177971424.54596800,3167,170858605.4,117994591.83605400,0
1776980100000,0.71232,0.7171,0.6824,0.70857,106765796.2,1776980399999,75950480.93347800,1977,53130798.5,37731922.08742600,0
1776980400000,0.7085,0.7171,0.70838,0.7171,53253520.9,1776980699999,38018644.04916300,1560,19694727.1,14036348.75652900,0
1776980700000,0.71703,0.7171,0.70496,0.71606,74396143.8,1776980999999,52900204.39784700,1898,17714867.7,12591623.13939500,0
1776981000000,0.71606,0.7171,0.7045,0.7112,103869997.6,1776981299999,74070867.64914600,2180,16314769.8,11612792.62395600,0
1776981300000,0.71138,0.7171,0.69601,0.6967,114401675.1,1776981599999,81351898.68761500,2069,14613389.3,10391196.00308800,0
1776981600000,0.6967,0.6993,0.6945,0.6993,887262.0,1776981899999,618565.78964300,777,337442.6,235922.97223400,0
1776981900000,0.69834,0.69981,0.6945,0.6977,10436670.3,1776982199999,7280223.82601400,981,3509434.0,2455060.90531900,0
1776982200000,0.698,0.69982,0.69349,0.6944,12587423.6,1776982499999,8758603.94198500,1200,238184.7,166667.49585700,0
1776982500000,0.698,0.70599,0.69305,0.6982,54752891.9,1776982799999,38338258.44755500,1525,46442622.8,32526530.53656000,0
1776982800000,0.698,0.71355,0.698,0.69831,139955382.3,1776983099999,98063715.52446500,2102,130895315.1,91683877.60521400,0
1776983100000,0.698,0.7076,0.698,0.70713,41496392.2,1776983399999,29109483.84843600,1289,24321525.9,17062811.03441900,0
1776983400000,0.70713,0.7076,0.698,0.7056,7376656.3,1776983699999,5186552.27117400,729,1109083.9,775113.54582400,0
1776983700000,0.7056,0.7086,0.70072,0.707,19796779.0,1776983999999,13954557.30410100,1489,8169081.4,5777944.44259700,0
1776984000000,0.7063,0.70962,0.7056,0.7076,2602773.8,1776984299999,1845155.70946900,892,2599021.7,1842498.40440400,0
1776984300000,0.7078,0.71443,0.70579,0.70609,43139989.1,1776984599999,30654273.97919800,1561,17571090.2,12474300.80050100,0
1776984600000,0.70579,0.71432,0.7056,0.71432,72851901.4,1776984899999,51750347.43682600,1770,22584490.1,15972219.92204900,0
1776984900000,0.71417,0.71572,0.71134,0.71134,3994236.3,1776985199999,2854594.17551500,975,3959238.0,2829656.28202200,0
1776985200000,0.71572,0.716,0.7097,0.7099,7809959.6,1776985499999,5554788.03670500,1075,1734862.4,1238069.26523100,0
1776985500000,0.7108,0.7162,0.7099,0.71517,3335870.5,1776985799999,2382423.51636000,889,1690574.2,1208325.14701100,0
1776985800000,0.71467,0.722,0.7099,0.71877,109183934.8,1776986099999,78094070.29735700,2040,69116084.8,49326202.45074600,0
1776986100000,0.7188,0.72221,0.7099,0.72221,41117011.2,1776986399999,29590158.26149400,1573,11648215.4,8386266.30946900,0
1776986400000,0.7212,0.7251,0.7099,0.72253,29353308.2,1776986699999,21177158.16443100,1275,16544730.2,11931426.96996700,0
1776986700000,0.7219,0.7293,0.7208,0.72865,14617120.0,1776986999999,10620907.23362000,1438,13336827.4,9693834.93061400,0
1776987000000,0.72865,0.73441,0.7276,0.732,43025281.8,1776987299999,31435722.87027000,1979,28506697.9,20827075.32307100,0
1776987300000,0.732,0.73605,0.7276,0.7336,66300763.9,1776987599999,48576999.65682400,1973,23495637.8,17173490.89490100,0
1776987600000,0.7336,0.73432,0.7276,0.72762,43800745.1,1776987899999,32032236.18896100,1222,29839903.8,21829068.94136400,0
1776987900000,0.7276,0.73447,0.7276,0.731,59675845.8,1776988199999,43520443.66434600,1625,40015586.1,29154971.08758300,0
1776988200000,0.72971,0.73601,0.7276,0.7357,26062216.9,1776988499999,19034493.86364900,1301,18896154.5,13794091.56047200,0
1776988500000,0.7331,0.73601,0.7331,0.73569,11427.9,1776988799999,8401.71600900,754,6815.7,5016.18469200,0
1776988800000,0.73366,0.73627,0.7331,0.7357,2528339.2,1776989099999,1861291.99100700,710,2517303.8,1853177.77677100,0
1776989100000,0.73483,0.73796,0.7331,0.736,12646252.8,1776989399999,9321923.92257200,970,12641801.2,9318653.82836200,0
1776989400000,0.7357,0.7428,0.734,0.73572,38745711.0,1776989699999,28662649.82755800,1177,37611427.3,27823411.78580000,0
1776989700000,0.73572,0.7422,0.73388,0.7418,21577545.5,1776989999999,15936260.70616400,1395,17477794.1,12924408.79338100,0
1776990000000,0.74152,0.74386,0.7412,0.74386,6028585.0,1776990299999,4477956.11998300,969,6023110.9,4473891.91415200,0
1776990300000,0.74386,0.74621,0.742,0.74621,7381374.8,1776990599999,5500298.37440400,1109,7357292.1,5482368.03464200,0
1776990600000,0.74615,0.75178,0.742,0.75178,39184316.0,1776990899999,29282524.76543900,1590,30422899.7,22747082.94904300,0
1776990900000,0.75178,0.7543,0.742,0.74266,92524500.8,1776991199999,69299001.61555400,1798,43009550.9,32115248.93721100,0
1776991200000,0.74266,0.76313,0.742,0.75365,94412568.4,1776991499999,71124372.50247600,1857,56038320.6,42029643.68273100,0
1776991500000,0.75365,0.7603,0.74618,0.75146,42065564.2,1776991799999,31697586.83014400,1624,22333973.8,16870438.87014600,0
1776991800000,0.75146,0.75611,0.73931,0.7494,63101904.4,1776992099999,47082826.04789100,1661,4300326.7,3193936.12574800,0
1776992100000,0.7494,0.7508,0.74895,0.7508,539590.8,1776992399999,404395.71433200,819,242563.3,181826.53076000,0
1776992400000,0.7496,0.7621,0.7496,0.7621,94349993.0,1776992699999,71256058.65508700,1844,77758341.0,58694289.23515300,0
1776992700000,0.7621,0.76895,0.7496,0.75003,118924326.0,1776992999999,90305850.00496700,2096,83942369.5,63567529.09820200,0
1776993000000,0.75003,0.7692,0.7496,0.7669,102363507.0,1776993299999,77590333.97309500,2034,55501728.6,41712821.23296900,0
1776993300000,0.76683,0.76929,0.7656,0.7675,5212404.6,1776993599999,3998559.09533600,1189,1753302.0,1347857.70277700,0
1776993600000,0.7674,0.7734,0.76405,0.7674,32517613.6,1776993899999,25038112.25494400,1533,27961438.3,21543033.89775300,0
1776993900000,0.76729,0.78589,0.76445,0.76753,101203483.1,1776994199999,78341481.79112000,2151,68677581.0,53096585.21818600,0
1776994200000,0.76753,0.78618,0.76718,0.76718,89214676.1,1776994499999,68941253.08283200,2186,56620238.6,43587408.57943600,0
1776994500000,0.76728,0.78248,0.76713,0.76832,63514237.3,1776994799999,49208871.90513700,1840,47326679.5,36627117.39891600,0
1776994800000,0.76832,0.77926,0.7674,0.7758,29060315.4,1776995099999,22517070.25913400,1691,27141923.2,21032482.33744100,0
1776995100000,0.7758,0.782,0.77244,0.782,12019300.5,1776995399999,9323111.94540800,1228,4099014.1,3198309.48459300,0
1776995400000,0.78152,0.82053,0.7764,0.813,133043117.0,1776995699999,105610869.51756400,2500,99250345.4,78593345.84841400,0
1776995700000,0.81214,0.8187,0.7764,0.81798,136726553.8,1776995999999,109931813.81784500,2911,45086903.2,35577626.12292300,0
1776996000000,0.818,0.82071,0.7764,0.82071,92135646.8,1776996299999,74018127.80625600,2116,35615533.3,27971586.93536500,0
1776996300000,0.82071,0.8325,0.7764,0.82027,89624103.8,1776996599999,73706123.85800900,1896,68124682.0,56078499.52376500,0
1776996600000,0.82027,0.82161,0.80809,0.81438,63712355.8,1776996899999,52018573.51610700,1846,5659850.4,4598682.41980000,0
1776996900000,0.81506,0.8451,0.8141,0.82174,102056346.9,1776997199999,83615666.66192500,2263,99133677.4,81219950.55691200,0
1776997200000,0.81412,0.84187,0.8141,0.83057,81281141.7,1776997499999,66697616.00408800,1848,61390475.3,50310080.14141800,0
1776997500000,0.8308,0.8446,0.8141,0.84227,130595106.5,1776997799999,107598628.69556200,2704,92408456.0,75851612.80748900,0
1776997800000,0.84227,0.8432,0.81159,0.81756,134084608.9,1776998099999,110107109.80443100,2520,85879011.4,70301861.81707400,0
1776998100000,0.81756,0.83543,0.8141,0.83504,102120947.0,1776998399999,84378460.30407500,2162,57344448.5,47326393.45723300,0
1776998400000,0.8354,0.85689,0.8264,0.82806,188498133.4,1776998699999,157310754.38145100,2968,167100363.0,139514057.35184900,0
1776998700000,0.82801,0.85232,0.8264,0.82681,133206013.1,1776998999999,111174431.07489000,2331,107644737.6,89822837.58257200,0
1776999000000,0.8264,0.84449,0.8264,0.828,92978508.9,1776999299999,77340876.95555100,1967,72358456.2,60202635.08423300,0
1776999300000,0.82802,0.85011,0.8264,0.8264,141540638.7,1776999599999,117878102.20167900,2415,112911819.0,93944954.71924100,0
1776999600000,0.8396,0.8591,0.8264,0.83883,170367315.9,1776999899999,142874665.02161600,2608,140267767.2,117420490.83358500,0
1776999900000,0.83883,0.85917,0.8387,0.84898,86366924.7,1777000199999,73289537.83510700,2028,49526380.4,41859515.21399000,0
1777000200000,0.84556,0.8636,0.83631,0.85954,100470165.3,1777000499999,85459590.26579700,2407,53359022.5,45290225.01012700,0
1777000500000,0.85976,0.86365,0.83826,0.85914,113034360.7,1777000799999,96372906.87165600,2538,38117987.7,32237813.10865100,0
1777000800000,0.84831,0.85914,0.84013,0.85077,94730099.7,1777001099999,80388722.64791500,2154,27743281.1,23507813.76816400,0
1777001100000,0.85077,0.85255,0.8392,0.84607,31804414.1,1777001399999,26920043.80076900,1719,19694933.9,16682676.21309900,0
1777001400000,0.84607,0.84667,0.8229,0.82943,80079443.2,1777001699999,66825383.62226000,1909,23737832.9,19735688.79377200,0
1777001700000,0.82943,0.85419,0.82742,0.83758,117043079.0,1777001999999,98574520.95313700,2190,92680962.7,78041257.15183200,0
1777002000000,0.83758,0.86874,0.8374,0.83747,178366897.5,1777002299999,150716767.21167100,2835,160933176.9,135822904.14232600,0
1777002300000,0.83747,0.8663,0.8374,0.8456,134410098.5,1777002599999,113947114.60312800,2325,95440325.4,80691959.69483200,0
1777002600000,0.8456,0.8659,0.8374,0.86111,106355124.8,1777002899999,90199035.61469900,2115,57247573.9,48300726.35444500,0
1777002900000,0.86111,0.8613,0.8374,0.86046,112820348.7,1777003199999,96158306.16824800,2151,45640347.4,38751440.75434900,0
1777003200000,0.86046,0.8676,0.8374,0.8676,89056006.9,1777003499999,76467460.68533500,2087,36276743.2,31017051.85426100,0
1777003500000,0.8664,0.8676,0.8516,0.86642,101923085.4,1777003799999,87585629.28468900,2142,34340515.7,29479609.06389600,0
1777003800000,0.86594,0.8843,0.8516,0.8545,143543861.5,1777004099999,123348874.08547200,2730,97334644.0,83520082.65158700,0
1777004100000,0.85554,0.91,0.8516,0.90156,178376555.8,1777004399999,155063619.47870300,2925,108147187.8,93883506.19120600,0
1777004400000,0.90156,0.92131,0.8676,0.8843,226935736.6,1777004699999,201210797.70727700,3529,148358806.2,131209411.70814400,0
1777004700000,0.8843,0.9217,0.8676,0.9217,111536287.9,1777004999999,100905362.05081600,2807,51220729.7,45965749.87942800,0
1777005000000,0.91336,0.93544,0.8843,0.92838,108446327.3,1777005299999,99561615.92567200,2674,39340032.1,35943142.27949900,0
1777005300000,0.92838,0.9456,0.8843,0.92081,90119089.2,1777005599999,83822453.95574000,2308,30691715.5,28551067.02787300,0
1777005600000,0.92561,0.9387,0.91581,0.9348,35564680.3,1777005899999,32957235.90473800,1810,17385667.1,16088117.67681400,0
1777005900000,0.9348,0.94742,0.9207,0.92532,65623222.9,1777006199999,61546220.42540900,2184,31212238.7,29435614.04684800,0
1777006200000,0.92532,0.9473,0.92023,0.9224,45323791.3,1777006499999,42261931.75915300,1813,12832299.1,12027285.07609900,0
1777006500000,0.92269,0.93293,0.91962,0.91962,39531579.5,1777006799999,36595147.25365800,2113,16648018.5,15452592.44691000,0
1777006800000,0.91962,0.92457,0.9056,0.90596,34035588.8,1777007099999,31138076.06736000,1550,4341542.6,4006286.86831500,0
1777007100000,0.90596,0.93162,0.8994,0.93162,137585007.8,1777007399999,125068218.94660100,2629,104671115.1,95121628.62419900,0
1777007400000,0.91179,0.94663,0.8994,0.89978,190301680.6,1777007699999,174000168.50531400,3396,133835587.5,122017088.02804200,0
1777007700000,0.89941,0.91699,0.89898,0.9116,117920161.9,1777007999999,107012611.29275200,2580,53431362.5,48375653.17143600,0
1777008000000,0.91699,0.9352,0.89743,0.91107,195998783.2,1777008299999,178883611.32779200,3267,141191959.9,128577607.62056200,0
1777008300000,0.91107,0.9316,0.89901,0.90496,118625908.4,1777008599999,107978852.18748800,2229,54720554.0,49627614.71740900,0
1777008600000,0.90389,0.9116,0.86998,0.86998,107071286.1,1777008899999,95847197.26840200,2635,18066798.3,16231161.99756600,0
1777008900000,0.86998,0.8982,0.7809,0.7918,178069917.3,1777009199999,151247087.14258800,3121,20686843.9,16961380.17874700,0
1777009200000,0.86685,0.87264,0.75044,0.86674,275017346.3,1777009499999,224570682.44346500,3474,119462342.6,96535690.30812900,0
1777009500000,0.867,0.87011,0.75679,0.78213,289952535.8,1777009799999,240061865.82436100,3415,62634568.6,51850988.65317100,0
1777009800000,0.78213,0.8693,0.71842,0.81,388095265.5,1777010099999,308246364.81131000,3957,81593842.1,63481969.49548500,0
1777010100000,0.81,0.81,0.69081,0.694,237199435.5,1777010399999,169454117.72612200,2950,126498710.4,89675013.95172100,0
1777010400000,0.694,0.73871,0.68411,0.68411,248031841.3,1777010699999,175570881.67717000,2536,101210407.1,72045284.49693500,0
1777010700000,0.70259,0.73,0.6787,0.70246,311148513.4,1777010999999,217226078.77779900,3354,160535078.2,112067479.97367600,0
1777011000000,0.70178,0.7387,0.6787,0.69495,332043908.4,1777011299999,232534515.23948700,3493,179211618.4,125811114.84415200,0
1777011300000,0.6947,0.74025,0.6787,0.67911,381600803.4,1777011599999,267448998.33491200,3310,242716331.8,171192466.57874100,0
1777011600000,0.67911,0.74,0.6787,0.7021,392550837.2,1777011899999,276796362.89120400,3043,230515796.1,163764468.85166800,0
1777011900000,0.70194,0.74,0.6787,0.74,306973884.8,1777012199999,216366325.32556500,2370,199911759.7,141753447.25204000,0
1777012200000,0.73999,0.7411,0.6947,0.7411,191216550.8,1777012499999,133941309.78734900,2573,162789796.1,113812635.02397300,0
1777012500000,0.74019,0.7411,0.6947,0.69477,183347170.0,1777012799999,128361488.46787900,2654,150675531.4,105302890.48043000,0
1777012800000,0.69499,0.7411,0.6947,0.726,203578242.0,1777013099999,142170030.31124400,2777,184157379.5,128590787.74877300,0
1777013100000,0.73047,0.7327,0.6947,0.70286,198363313.4,1777013399999,138665612.84518100,2810,179614992.8,125539345.98067600,0
1777013400000,0.70286,0.7327,0.6947,0.7167,136150480.7,1777013699999,95976049.87116500,2161,99256165.4,69849077.31147200,0
1777013700000,0.7167,0.7327,0.70071,0.71429,138601809.4,1777013999999,99260077.58127300,2466,88536681.2,63139630.58949200,0
1777014000000,0.71429,0.7327,0.6994,0.71667,202809734.3,1777014299999,143749917.00229600,2877,148641950.1,104884111.79678100,0
1777014300000,0.7167,0.7327,0.6994,0.6994,143290875.6,1777014599999,101835669.47656500,2083,69129907.3,48687503.73714900,0
1777014600000,0.70145,0.7167,0.6994,0.7011,111145139.7,1777014899999,78610331.83178900,1882,57411960.3,40407972.17949800,0
1777014900000,0.7146,0.7167,0.6994,0.7146,65804553.3,1777015199999,46563152.65788200,1406,42574383.9,30070422.58685300,0
1777015200000,0.71365,0.71611,0.697,0.7072,111632979.0,1777015499999,78849928.39763600,2016,46223176.1,32386167.84007600,0
1777015500000,0.70809,0.7146,0.6959,0.69641,142261475.1,1777015799999,99840567.48627100,2148,95454309.6,66804548.31636200,0
1777015800000,0.69641,0.7146,0.6959,0.697,195691338.5,1777016099999,137790722.19981200,2777,125900182.0,88338154.95372100,0
1777016100000,0.69715,0.7146,0.69586,0.697,154092452.2,1777016399999,108073480.05227500,2493,117713371.9,82400459.17537500,0
1777016400000,0.69705,0.7072,0.69586,0.6959,63399049.4,1777016699999,44339285.30473100,1513,54221212.3,37871035.47562000,0
1777016700000,0.69607,0.7136,0.6959,0.6959,73848039.7,1777016999999,51735871.88547100,1643,68911462.1,48269151.58722200,0
1777017000000,0.69598,0.7136,0.6959,0.71351,92971888.0,1777017299999,65255276.30218500,1769,77962182.5,54618039.79952500,0
1777017300000,0.7136,0.7136,0.6992,0.71358,90905851.0,1777017599999,63865420.63155200,1751,73077363.7,51256109.54998600,0
1777017600000,0.71358,0.7136,0.6992,0.7136,109980404.0,1777017899999,77595853.78812500,1951,67899494.3,47685776.03403300,0
1777017900000,0.7126,0.7136,0.69856,0.6993,111271600.6,1777018199999,78537783.04789000,2146,54055665.6,38036097.49758900,0
1777018200000,0.6993,0.7136,0.6985,0.71235,116609775.2,1777018499999,82556775.26153800,1958,50595548.3,35581202.42256500,0
1777018500000,0.71235,0.7175,0.6985,0.7124,30923624.6,1777018799999,21809122.73793100,1165,19433878.9,13641635.68811900,0
1777018800000,0.7126,0.7175,0.6872,0.71259,62508908.4,1777019099999,44445889.75510200,1812,20964712.3,14871934.73985900,0
1777019100000,0.71215,0.7175,0.6872,0.71275,90394239.4,1777019399999,64083263.97801700,1930,18412068.6,13015565.05161400,0
1777019400000,0.71275,0.7175,0.6516,0.7118,167854328.1,1777019699999,114952292.43189200,2693,67225730.5,44514752.91655300,0
1777019700000,0.71238,0.7126,0.6516,0.65212,289146270.4,1777019999999,194031094.35788900,3214,199333697.6,132286680.78760500,0
1777020000000,0.65212,0.71,0.6516,0.6516,201033631.4,1777020299999,134023002.31208600,2287,150145684.1,100089240.26391900,0
1777020300000,0.6666,0.6726,0.6516,0.65166,128591968.8,1777020599999,84729827.82136100,2317,90773009.0,59547689.54970800,0
1777020600000,0.65166,0.6726,0.65138,0.66649,155298489.2,1777020899999,102243059.03817400,2291,112302634.5,73720514.94328800,0
1777020900000,0.66649,0.6726,0.624,0.64147,261321435.8,1777021199999,171527138.20168900,3412,83814602.8,54284513.11706000,0
1777021200000,0.64139,0.6726,0.624,0.62547,233342976.9,1777021499999,149391502.21897400,2555,138067527.4,87199455.33470700,0
1777021500000,0.6251,0.6726,0.6149,0.61517,248152382.8,1777021799999,156192006.58354600,3295,148746878.1,93433207.31374400,0
1777021800000,0.61517,0.6414,0.615,0.62402,188098701.2,1777022099999,117985583.43598600,2603,138693462.5,86738538.92392000,0
1777022100000,0.62402,0.64156,0.624,0.62422,209038124.9,1777022399999,131244830.76201900,2749,159905346.0,100025350.58243500,0
1777022400000,0.62422,0.7199,0.624,0.71832,262555621.1,1777022699999,171037187.93856800,3103,209905179.0,136169854.27336200,0
1777022700000,0.71832,0.7304,0.6251,0.7152,209253443.8,1777022999999,142451980.62201600,2618,148368226.8,99229497.14792700,0
1777023000000,0.71546,0.7992,0.67183,0.73003,193519157.4,1777023299999,139732701.31217900,2516,126562585.8,91076620.62786100,0
1777023300000,0.73003,0.7992,0.7154,0.71596,221494012.5,1777023599999,163248863.04501300,3113,110055687.1,80157053.86678800,0
1777023600000,0.7154,0.7992,0.7154,0.71584,197915104.5,1777023899999,145373082.34496600,2749,91921044.8,67127131.62039300,0
1777023900000,0.71584,0.7992,0.71513,0.71543,198331294.6,1777024199999,148687689.54522900,2592,145306656.3,107811998.31052100,0
1777024200000,0.7154,0.7992,0.71518,0.7372,239252134.0,1777024499999,182087371.54033800,2700,149229288.4,112654607.51417300,0
1777024500000,0.79,0.79966,0.7372,0.79,227911003.7,1777024799999,174936107.18391900,2408,129432130.7,99750900.29392400,0
1777024800000,0.7634,0.8023,0.7634,0.7919,443107068.1,1777025099999,347146413.26731700,3233,200847895.2,158062016.47600900,0
1777025100000,0.79107,0.8023,0.76339,0.76369,329496767.9,1777025399999,257418475.54035300,3226,162465178.0,127016787.51011300,0
1777025400000,0.76369,0.8023,0.757,0.7919,242318654.6,1777025699999,189377848.24600000,3102,143291957.1,111248323.66523100,0
1777025700000,0.79155,0.8023,0.7248,0.76294,252853625.6,1777025999999,196131580.47434100,3198,92200053.2,71677596.36875000,0
1777026000000,0.76294,0.8023,0.73,0.7358,309280042.9,1777026299999,234793736.75668500,2275,116717554.8,90416257.68613300,0
1777026300000,0.73599,0.75708,0.7185,0.7185,303340356.8,1777026599999,223540351.97232500,3524,152541629.2,112099004.19905900,0
1777026600000,0.71867,0.757,0.7185,0.71852,270797405.6,1777026899999,198724009.59884300,3015,162715499.0,118959270.62337300,0
1777026900000,0.71852,0.7919,0.7185,0.7475,269698605.7,1777027199999,197864930.43015400,3303,187554935.1,137208515.92258900,0
1777027200000,0.74752,0.7919,0.7185,0.78551,237561751.8,1777027499999,174935843.36641600,3102,164916235.1,121125495.18192600,0
1777027500000,0.78551,0.78619,0.7179,0.78582,204687506.2,1777027799999,153976382.91289400,3075,70709361.8,52131351.95133600,0
1777027800000,0.786,0.80518,0.7829,0.78291,40323625.7,1777028099999,31919760.67554200,1582,27736029.8,21921628.25528900,0
1777028100000,0.7829,0.8052,0.7829,0.8049,134162296.3,1777028399999,106464991.79894700,2228,70535862.1,55441035.90430200,0
1777028400000,0.78453,0.8052,0.7647,0.7829,140487668.3,1777028699999,111727142.01030500,2555,44227669.7,34739678.55650300,0
1777028700000,0.78292,0.8052,0.76417,0.78291,174601975.2,1777028999999,138553211.68858200,2508,50405033.6,39483398.12522800,0
1777029000000,0.78291,0.80515,0.7569,0.8,265434565.7,1777029299999,207879144.70045800,2605,137304399.1,107661626.92768500,0
1777029300000,0.77,0.8,0.7541,0.75412,288940389.4,1777029599999,221918994.76692500,2566,182126544.6,140614173.66307000,0
1777029600000,0.7541,0.7617,0.7541,0.75776,27126312.0,1777029899999,20544335.45557900,1248,9915876.2,7497426.11109800,0
1777029900000,0.75776,0.7617,0.7541,0.7583,42987990.6,1777030199999,32495605.87234200,1433,28607879.0,21618145.91441600,0
1777030200000,0.75769,0.7617,0.7541,0.7541,27483432.5,1777030499999,20798396.28395900,1380,16220080.0,12279681.52599100,0
1777030500000,0.75412,0.7604,0.7519,0.7541,31484297.5,1777030799999,23840109.65671900,1484,11538636.1,8732248.89300700,0
1777030800000,0.75456,0.7604,0.7368,0.7451,145811928.2,1777031099999,109299668.22640400,2309,70511646.6,52546489.69244500,0
1777031100000,0.7451,0.7604,0.7368,0.75782,109887688.6,1777031399999,81821237.85087200,2112,76345397.6,56716169.57174500,0
1777031400000,0.75782,0.7604,0.7368,0.73992,133827961.9,1777031699999,99426647.47018400,2415,102847750.8,76163061.43285100,0
1777031700000,0.73992,0.7604,0.7368,0.75833,141153823.4,1777031999999,104682350.16304300,2389,119604713.2,88548186.00586100,0
1777032000000,0.7572,0.7589,0.73677,0.73689,146470028.7,1777032299999,108384599.47607900,2598,128532399.3,94976183.85800000,0
1777032300000,0.7368,0.7572,0.73672,0.73757,89828342.3,1777032599999,66460253.89336500,1853,80554146.8,59558240.81135100,0
1777032600000,0.7377,0.7459,0.7367,0.73687,41767510.4,1777032899999,30821723.04182700,1192,37270836.1,27492167.94193300,0
1777032900000,0.737,0.737,0.7266,0.737,25195260.6,1777033199999,18531194.32881800,1131,1924751.5,1405254.17767300,0
1777033200000,0.73687,0.737,0.72616,0.737,118346489.8,1777033499999,86969378.19507500,2255,10827534.4,7880354.43834000,0
1777033500000,0.737,0.73775,0.7244,0.737,115810815.1,1777033799999,84636662.79613200,2006,61178898.8,44520911.11047600,0
1777033800000,0.7369,0.737,0.69286,0.72606,247569205.5,1777034099999,178588306.85835000,3125,72219057.2,51554619.44237600,0
1777034100000,0.72606,0.737,0.681,0.72632,188999458.1,1777034399999,132610070.92415500,2549,80546055.7,55953633.27128500,0
1777034400000,0.72655,0.7266,0.6803,0.68074,95640791.7,1777034699999,65836632.22605400,1968,59127352.0,40503514.06162000,0
1777034700000,0.6813,0.6929,0.6803,0.68138,58428627.8,1777034999999,39854628.11388200,1417,52928723.1,36105190.71257700,0
1777035000000,0.68138,0.6929,0.6805,0.68132,73703323.4,1777035299999,50324228.83204700,1473,63643493.7,43408874.70507400,0
1777035300000,0.6805,0.68192,0.6803,0.68116,1943437.0,1777035599999,1324585.58943100,772,1507814.2,1028036.47041300,0
1777035600000,0.6813,0.6825,0.6803,0.681,11661675.5,1777035899999,7943311.74934900,921,4343516.8,2961042.58841800,0
1777035900000,0.681,0.6825,0.6626,0.68249,66758708.7,1777036199999,45346921.79851100,2229,10101566.2,6782626.46603400,0
1777036200000,0.6825,0.68261,0.6538,0.6825,128335502.6,1777036499999,86989945.73715700,2390,18080247.4,12080567.12483400,0
1777036500000,0.6825,0.68264,0.6538,0.68108,146689406.1,1777036799999,99327014.32558400,2429,26417541.6,17481679.70562000,0
1777036800000,0.68128,0.6827,0.6538,0.6812,163474272.7,1777037099999,110371163.15561900,2467,48838333.1,32591165.28766200,0
1777037100000,0.6812,0.6827,0.6538,0.66714,165736852.8,1777037399999,110584402.77242600,2198,76648850.1,50952129.59527300,0
1777037400000,0.66714,0.6684,0.6481,0.6561,86954133.9,1777037699999,57308450.64181300,1742,57447098.1,37864972.97924900,0
1777037700000,0.65666,0.6684,0.64807,0.66306,191151215.8,1777037999999,125983744.48355200,2418,47505193.3,31030199.60732800,0
1777038000000,0.6684,0.6684,0.6481,0.64841,32580366.0,1777038299999,21383238.87523200,480,12879675.3,8376388.50446100,0
