open_time,open,high,low,close,volume,close_time,quote_asset_volume,number_of_trades,taker_buy_base_asset_volume,taker_buy_quote_asset_volume,ignore
1775828700000,0.50003,0.50159,0.49941,0.50159,8859362.9,1775828879999,4437255.06798700,732,8838392.1,4426770.39121400,0
1775828880000,0.50159,0.50217,0.49785,0.5002,12927906.5,1775829059999,6453895.86837500,670,2659260.4,1334546.94765300,0
1775829060000,0.50006,0.50594,0.50006,0.50594,25588610.9,1775829239999,12909312.22576700,1059,25565339.0,12897590.37226300,0
1775829240000,0.50594,0.51061,0.50594,0.50975,53702055.7,1775829419999,27287138.81861900,1037,53337970.4,27101547.55119600,0
1775829420000,0.50998,0.51358,0.50914,0.51304,23473754.9,1775829599999,12008201.15777200,774,23242055.9,11889619.84225600,0
1775829600000,0.51355,0.51455,0.51284,0.51455,5391071.4,1775829779999,2769661.43349100,557,5360535.3,2753993.96746600,0
1775829780000,0.51455,0.5155,0.51131,0.51334,19919613.1,1775829959999,10228847.99313900,820,9909524.6,5103796.15775500,0
1775829960000,0.51334,0.51577,0.51045,0.5145,11406618.6,1775830139999,5863788.15373200,734,4224624.5,2175986.98890800,0
1775830140000,0.5145,0.51613,0.51047,0.51047,22100871.2,1775830319999,11335811.63963000,1050,3364389.0,1734063.37178800,0
1775830320000,0.51047,0.51047,0.5064,0.50878,25008580.7,1775830499999,12713358.88935100,614,7478.7,3799.38258300,0
1775830500000,0.50878,0.52025,0.50831,0.52025,66718731.7,1775830679999,34469830.97505600,1480,66689440.7,34454683.39683500,0
1775830680000,0.52025,0.54044,0.52025,0.53559,52388926.8,1775830859999,27767045.12610800,1087,49708775.7,26335204.81931100,0
1775830860000,0.53559,0.54078,0.53183,0.53183,43236860.3,1775831039999,23183683.14250700,1224,17576156.4,9450840.40582300,0
1775831040000,0.53183,0.53186,0.52382,0.52382,49432711.6,1775831219999,26133985.43164500,1006,287352.8,152093.94059500,0
1775831220000,0.52382,0.52411,0.48729,0.50396,94478342.8,1775831399999,47739575.47563600,1199,30855531.5,15320488.95879600,0
1775831400000,0.50403,0.5195,0.50403,0.51881,48440070.1,1775831579999,24847869.67324300,1034,41283547.8,21164654.35801200,0
1775831580000,0.51866,0.51866,0.51313,0.51329,16900246.7,1775831759999,8696130.79850300,645,1595579.2,821111.64131200,0
1775831760000,0.51373,0.51963,0.51313,0.51944,8215607.4,1775831939999,4248918.26345500,848,7811045.0,4039849.92414000,0
1775831940000,0.51963,0.52092,0.5185,0.5185,11745744.3,1775832119999,6108772.63790100,666,11722710.8,6096815.14600500,0
1775832120000,0.5185,0.52188,0.5183,0.52008,1778650.0,1775832299999,927660.82015400,456,1776350.2,926463.99650900,0
1775832300000,0.52008,0.52188,0.51238,0.51282,21665322.7,1775832479999,11200835.13996400,811,7778.6,4054.76914100,0
1775832480000,0.51282,0.51282,0.49916,0.50185,78935943.2,1775832659999,40004986.63147100,1239,6081.3,3050.06791300,0
1775832660000,0.50185,0.50225,0.49477,0.4989,45286894.6,1775832839999,22527575.40485800,1013,7036975.5,3500290.65337600,0
1775832840000,0.4989,0.50278,0.49437,0.49437,27943497.1,1775833019999,13958470.04272000,961,9502080.7,4757109.81935700,0
1775833020000,0.49437,0.49437,0.49204,0.49217,32123490.2,1775833199999,15847023.03142300,907,146605.7,72224.39708100,0
1775833200000,0.49217,0.50439,0.49203,0.4992,65901816.1,1775833379999,32828923.53482600,1097,53905797.9,26823796.53065500,0
1775833380000,0.4992,0.49983,0.49381,0.49381,23558609.9,1775833559999,11714644.17157200,767,74420.0,37112.77325900,0
1775833560000,0.49381,0.49556,0.49065,0.49221,14580014.2,1775833739999,7172913.77069800,693,2516.9,1244.64224500,0
1775833740000,0.49221,0.49585,0.48477,0.49585,41867427.8,1775833919999,20550851.39579200,1044,28043247.8,13791772.84178000,0
1775833920000,0.49585,0.5081,0.49585,0.50331,83478987.0,1775834099999,41992298.90968000,1420,81410362.9,40948050.21451500,0
1775834100000,0.50331,0.50873,0.5023,0.50809,19656739.2,1775834279999,9957696.01856600,929,18340407.8,9295733.54460400,0
1775834280000,0.50804,0.50965,0.50473,0.50965,13433587.5,1775834459999,6802880.81712100,759,1388289.8,705996.54847400,0
1775834460000,0.50965,0.51009,0.50523,0.50592,18550480.8,1775834639999,9398789.41535200,813,2726300.6,1389876.55748000,0
1775834640000,0.50592,0.50592,0.50474,0.50592,6846182.7,1775834819999,3457120.69335400,476,2610.6,1319.90107000,0
1775834820000,0.50592,0.51313,0.50474,0.51313,45050659.1,1775834999999,22987021.49255800,1137,45035604.3,22979410.45278200,0
1775835000000,0.51313,0.51627,0.51313,0.51536,39852685.8,1775835179999,20513843.62303700,833,39849170.5,20512031.35786900,0
1775835180000,0.51559,0.5163,0.50967,0.50991,22674214.9,1775835359999,11610108.51026500,748,57417.1,29319.58149100,0
1775835360000,0.50991,0.50991,0.50777,0.50921,568069.7,1775835539999,289026.42736500,510,3366.2,1713.48056900,0
1775835540000,0.50904,0.50981,0.50774,0.50923,163585.7,1775835719999,83076.57209900,425,9450.4,4811.33818300,0
1775835720000,0.50929,0.51689,0.50929,0.51673,44829612.5,1775835899999,23014893.50603200,1220,44627392.7,22910940.51674200,0
1775835900000,0.51666,0.53643,0.51453,0.53003,76182414.9,1775836079999,39971532.23021400,1035,71403533.7,37428752.88628300,0
1775836080000,0.52932,0.53403,0.52932,0.52932,17520220.4,1775836259999,9299376.81660300,754,16538204.8,8777766.74092900,0
1775836260000,0.52943,0.53098,0.52462,0.52889,15520748.5,1775836439999,8185290.58490200,744,3804597.7,2003642.83799100,0
1775836440000,0.52895,0.52902,0.52077,0.52077,38077497.4,1775836619999,19943091.88373500,1104,12054.7,6336.56694800,0
1775836620000,0.52077,0.52246,0.51954,0.52246,13681752.6,1775836799999,7119903.43396200,603,3829306.9,1997086.36173200,0
1775836800000,0.52246,0.53092,0.52246,0.53092,49874766.2,1775836979999,26279676.73421900,1162,49795353.6,26237724.15245500,0
1775836980000,0.53092,0.53605,0.52945,0.53605,46636865.8,1775837159999,24896224.06456600,962,46072217.3,24596897.57963900,0
1775837160000,0.53605,0.53811,0.53107,0.53811,24175728.8,1775837339999,12922874.12805700,966,20480177.8,10952987.33940200,0
1775837340000,0.53811,0.53811,0.53106,0.53106,13743555.7,1775837519999,7318972.18159900,645,142224.9,76522.69779700,0
1775837520000,0.53106,0.53133,0.52485,0.53039,51223681.5,1775837699999,27057822.00909800,1301,6124727.1,3233212.70662200,0
1775837700000,0.53027,0.5326,0.52966,0.52966,3135505.1,1775837879999,1668201.61816700,509,3131203.3,1665919.98980200,0
1775837880000,0.53002,0.53278,0.52966,0.53195,1483181.3,1775838059999,789467.92493500,528,1436195.1,764462.87773700,0
1775838060000,0.53193,0.53312,0.53096,0.53096,905733.9,1775838239999,482694.94244400,448,902508.4,480980.07993300,0
1775838240000,0.53096,0.53288,0.53004,0.53029,12438.6,1775838419999,6599.71455200,388,434.5,231.53636000,0
1775838420000,0.53025,0.53025,0.52188,0.52792,59806454.6,1775838599999,31440133.79202100,1282,9713586.9,5112498.14848800,0
1775838600000,0.52792,0.52846,0.51919,0.51919,42094109.9,1775838779999,21975565.34367200,1088,230738.7,121115.12226900,0
1775838780000,0.51919,0.52486,0.51907,0.52293,15527431.7,1775838959999,8119789.82858100,835,12225084.1,6394617.60467300,0
1775838960000,0.52319,0.52569,0.52273,0.52304,666911.7,1775839139999,349518.38719300,491,363581.1,190877.08567200,0
1775839140000,0.52391,0.52569,0.52238,0.52363,4856.9,1775839319999,2541.58974800,424,451.4,236.90706900,0
1775839320000,0.52388,0.5286,0.52388,0.5262,28856596.8,1775839499999,15214616.71752600,830,28849999.8,15211140.60445300,0
1775839500000,0.5263,0.53166,0.52523,0.53081,17709190.9,1775839679999,9373841.89942100,635,17691581.2,9364544.17335300,0
1775839680000,0.5309,0.53325,0.52707,0.52767,13482097.8,1775839859999,7132205.93193000,818,888345.9,472442.38596000,0
1775839860000,0.52767,0.52786,0.52295,0.52295,16717731.5,1775840039999,8765980.98190000,786,487.0,257.02895600,0
1775840040000,0.52295,0.52297,0.52158,0.52284,10162741.1,1775840219999,5308778.24227800,760,254427.9,132789.67384200,0
1775840220000,0.52211,0.52409,0.5214,0.52409,10002.0,1775840399999,5229.60299900,436,6742.4,3528.50032400,0
1775840400000,0.52425,0.52536,0.5214,0.52359,6423368.7,1775840579999,3371807.79420500,578,6381558.4,3349926.68891300,0
1775840580000,0.52359,0.52676,0.52359,0.52486,14254530.0,1775840759999,7499764.08244800,746,14208472.0,7475642.44164600,0
1775840760000,0.52486,0.52676,0.52221,0.52336,6272676.0,1775840939999,3279304.02002800,573,294.5,154.80641600,0
1775840940000,0.52336,0.52677,0.52188,0.52188,4046559.1,1775841119999,2117875.30164600,502,195579.1,103023.60110700,0
1775841120000,0.52188,0.52656,0.52183,0.52656,984626.6,1775841299999,516449.51959500,471,524483.5,275739.52677500,0
1775841300000,0.52656,0.52815,0.52656,0.52815,10001806.0,1775841479999,5272149.18929600,488,9991008.8,5266457.81613800,0
1775841480000,0.52818,0.52827,0.52636,0.52636,784955.5,1775841659999,414616.54051600,348,779125.2,411540.97940100,0
1775841660000,0.52632,0.52632,0.52134,0.52352,23998003.6,1775841839999,12566736.21389200,664,3167.8,1654.13956800,0
1775841840000,0.52352,0.52361,0.5169,0.51838,24272985.3,1775842019999,12598816.11948000,721,53352.9,27931.90095800,0
1775842020000,0.51842,0.51885,0.51462,0.5169,20323713.4,1775842199999,10483793.48868600,589,713727.7,368950.45860200,0
1775842200000,0.51673,0.51673,0.51457,0.51464,278043.6,1775842379999,143185.05443200,354,58907.5,30343.54558300,0
1775842380000,0.51464,0.516,0.51448,0.516,2458.7,1775842559999,1266.87158700,265,1206.3,621.82708200,0
1775842560000,0.516,0.52047,0.51537,0.51752,29396159.2,1775842739999,15236517.36430000,730,29386073.0,15231298.43396200,0
1775842740000,0.51746,0.51777,0.51521,0.51763,13749090.1,1775842919999,7096430.40485500,561,39342.5,20345.93964600,0
1775842920000,0.51711,0.51997,0.5171,0.5194,2326473.5,1775843099999,1205996.56082200,398,2322891.7,1204138.09976500,0
1775843100000,0.51944,0.52355,0.51912,0.52329,13397205.7,1775843279999,6998475.32504600,618,13395471.0,6997572.98877800,0
1775843280000,0.52329,0.52355,0.5132,0.51334,36281024.3,1775843459999,18760431.54754200,1024,6519.6,3411.93128900,0
1775843460000,0.51334,0.51512,0.5132,0.51491,50240.5,1775843639999,25859.44077900,463,48764.8,25100.76020600,0
1775843640000,0.51482,0.51512,0.50942,0.50942,30444739.3,1775843819999,15561026.21718500,992,5858.8,3012.49265100,0
1775843820000,0.50943,0.51026,0.50456,0.50804,28258620.3,1775843999999,14307915.45635700,937,1955278.8,993581.75705200,0
1775844000000,0.50804,0.50954,0.5014,0.50377,17153717.1,1775844179999,8673370.93669700,710,405260.5,206324.53579200,0
1775844180000,0.50397,0.50595,0.50165,0.50595,30098512.7,1775844359999,15192937.29582700,1268,24753000.2,12499875.66256900,0
1775844360000,0.50595,0.50595,0.502,0.50379,8687868.5,1775844539999,4385562.64073200,784,995756.8,501922.13661200,0
1775844540000,0.50379,0.50437,0.50313,0.50362,8782.7,1775844719999,4426.59826400,428,4597.6,2318.89151200,0
1775844720000,0.50362,0.50437,0.49592,0.49605,56800764.0,1775844899999,28349294.27851100,1409,72693.9,36218.11755800,0
1775844900000,0.49605,0.50134,0.49592,0.50105,12799964.7,1775845079999,6399708.36521200,674,12797927.3,6398689.46593600,0
1775845080000,0.50105,0.50256,0.49959,0.50256,8175490.2,1775845259999,4104878.30761200,688,8172212.8,4103236.89708700,0
1775845260000,0.50256,0.50275,0.49963,0.49981,5263316.5,1775845439999,2632666.37749700,581,712962.1,358327.06383200,0
1775845440000,0.49963,0.50276,0.4926,0.49808,55931461.5,1775845619999,27784043.08593400,1563,3234907.2,1608988.19879800,0
1775845620000,0.49808,0.50034,0.49719,0.50034,9361189.6,1775845799999,4673010.34465700,804,8824588.5,4406167.69949300,0
1775845800000,0.50035,0.50796,0.50024,0.50353,52890786.0,1775845979999,26638746.47297200,1107,45883841.0,23099859.32420700,0
1775845980000,0.50353,0.50644,0.49523,0.49523,70606685.5,1775846159999,35435695.26760700,1449,25380574.6,12824321.80777500,0
1775846160000,0.49536,0.49536,0.48961,0.49135,42185990.5,1775846339999,20794091.75602800,1105,2528.8,1247.16745000,0
1775846340000,0.49135,0.49201,0.48961,0.48991,4786.2,1775846519999,2349.36781900,411,2161.1,1061.62867000,0
1775846520000,0.48991,0.50928,0.48961,0.50928,73989687.0,1775846699999,37146179.53787200,1369,64893515.9,32609422.13985900,0
1775846700000,0.50928,0.50937,0.50405,0.50411,10380221.9,1775846879999,5251051.63873400,816,1495195.5,760750.90358100,0
1775846880000,0.50411,0.50568,0.49811,0.50031,20813363.4,1775847059999,10452391.68871300,680,338257.3,170785.93660000,0
1775847060000,0.50035,0.50398,0.50023,0.50186,17387846.1,1775847239999,8740509.54133000,665,17382096.3,8737620.22935700,0
1775847240000,0.50186,0.50398,0.49937,0.50182,6573635.3,1775847419999,3289220.89176800,628,51449.0,25706.08040900,0
1775847420000,0.50182,0.50279,0.50107,0.50107,2855767.5,1775847599999,1434560.83891000,572,2852683.8,1433013.31323300,0
1775847600000,0.50103,0.50279,0.4961,0.49636,18338270.7,1775847779999,9148487.48927800,927,6726.5,3364.17142100,0
1775847780000,0.49636,0.49683,0.49346,0.49355,3717712.3,1775847959999,1838570.29072900,752,2566.9,1270.11975000,0
1775847960000,0.49346,0.49402,0.49002,0.49002,24343342.7,1775848139999,11975230.26722300,1150,491.3,242.32630100,0
1775848140000,0.49002,0.4939,0.48868,0.49361,31689726.0,1775848319999,15542333.06836300,1062,21273920.1,10443386.39319400,0
1775848320000,0.49361,0.49446,0.49236,0.49384,4275711.4,1775848499999,2112712.96469400,546,4262998.6,2106438.90215300,0
1775848500000,0.49446,0.49448,0.4928,0.4936,219779.7,1775848679999,108660.20152400,427,205468.2,101595.82300600,0
1775848680000,0.49359,0.4937,0.49045,0.49063,804514.9,1775848859999,395714.10804700,460,467.5,229.36952500,0
1775848860000,0.49063,0.49063,0.48546,0.49063,29645963.4,1775849039999,14503145.85346600,883,13190049.8,6455095.45172500,0
1775849040000,0.49043,0.49116,0.48926,0.48961,1761117.7,1775849219999,862668.32510100,486,2265.0,1111.09670400,0
1775849220000,0.48954,0.49049,0.48735,0.48746,1738421.3,1775849399999,847364.57976100,476,9999.5,4877.44124700,0
1775849400000,0.48766,0.48903,0.4861,0.48903,16745643.0,1775849579999,8158280.57680800,866,3676661.3,1796396.93955400,0
1775849580000,0.48903,0.49209,0.48886,0.49073,19704127.1,1775849759999,9666829.09541000,801,19498230.9,9565537.89571800,0
1775849760000,0.49089,0.49353,0.49047,0.49067,8014772.5,1775849939999,3947143.45319700,627,8000826.9,3940269.38011600,0
1775849940000,0.49047,0.49325,0.49033,0.49295,4259.4,1775850119999,2094.71371900,457,1519.9,748.37878000,0
1775850120000,0.49272,0.49384,0.49196,0.49337,995725.6,1775850299999,491403.39083000,494,882695.3,435684.35256500,0
1775850300000,0.49337,0.5046,0.49033,0.49867,38960500.0,1775850479999,19404197.67989000,992,36883422.8,18363161.44362100,0
1775850480000,0.49867,0.49938,0.49605,0.49605,3645615.3,1775850659999,1815971.44740000,551,122529.0,61164.70116500,0
1775850660000,0.49605,0.49846,0.49602,0.49846,7268.6,1775850839999,3613.43903000,478,4423.9,2201.04318000,0
1775850840000,0.49846,0.49924,0.49602,0.49924,3493125.4,1775851019999,1743001.71278200,611,3488903.4,1740906.00273300,0
1775851020000,0.49924,0.50332,0.49924,0.5033,20798770.4,1775851199999,10402569.39812700,647,20795503.7,10400928.09884200,0
1775851200000,0.50332,0.50385,0.50225,0.50376,1007918.1,1775851379999,507238.02467200,540,518856.0,261283.11181200,0
1775851380000,0.50376,0.50461,0.50006,0.50077,9257845.4,1775851559999,4655764.53914000,710,1002948.9,505787.70214200,0
1775851560000,0.50077,0.5031,0.50077,0.50138,753415.0,1775851739999,378450.65240200,492,745228.6,374341.95198200,0
1775851740000,0.50138,0.50237,0.50032,0.50227,2330780.0,1775851919999,1166825.30707300,672,192061.6,96240.35038000,0
1775851920000,0.50227,0.50308,0.50222,0.50288,414254.9,1775852099999,208366.85613200,362,412010.7,207239.13857400,0
1775852100000,0.50274,0.50421,0.5021,0.50311,2133945.2,1775852279999,1074914.31613800,419,2129203.1,1072526.39464000,0
1775852280000,0.50304,0.50307,0.50086,0.50087,5053.7,1775852459999,2535.43112600,435,80.0,40.20240000,0
1775852460000,0.50087,0.51144,0.50084,0.51144,39123768.7,1775852639999,19814723.58812800,1022,39121951.7,19813812.39432400,0
1775852640000,0.51144,0.51399,0.51085,0.51236,10152372.3,1775852819999,5203458.83404800,641,10101316.0,5177338.63885500,0
1775852820000,0.51236,0.51236,0.50436,0.50494,13547513.3,1775852999999,6919972.35897600,685,1890.1,962.71718700,0
1775853000000,0.50484,0.50735,0.50377,0.50735,2389725.5,1775853179999,1211963.92052700,472,2343386.0,1188615.62995500,0
1775853180000,0.50735,0.50762,0.50591,0.50747,5632342.6,1775853359999,2854060.73064900,761,463881.7,235410.15375200,0
1775853360000,0.50751,0.50821,0.50552,0.50552,3824.3,1775853539999,1938.86299300,401,1244.0,631.85727700,0
1775853540000,0.50552,0.50667,0.50493,0.50569,462080.7,1775853719999,233357.87063200,473,285.1,144.23078600,0
1775853720000,0.50569,0.50667,0.50456,0.50458,117677.2,1775853899999,59394.27138800,471,3277.3,1660.47847200,0
1775853900000,0.50458,0.50563,0.50448,0.50487,765676.5,1775854079999,386291.85907800,439,32072.1,16188.33517400,0
1775854080000,0.50487,0.50578,0.50431,0.50508,53624.8,1775854259999,27116.16413000,399,48125.5,24340.88422400,0
1775854260000,0.50532,0.51008,0.50431,0.51008,18862560.7,1775854439999,9595416.82795800,796,18860549.4,9594393.23823100,0
1775854440000,0.51008,0.51198,0.51005,0.51198,4912683.2,1775854619999,2511003.04269700,764,4909762.3,2509512.11560900,0
1775854620000,0.51198,0.51252,0.5113,0.5115,2932388.2,1775854799999,1502040.31488200,479,2927852.3,1499719.63782300,0
1775854800000,0.5115,0.5129,0.5115,0.5129,815970.9,1775854979999,418398.03575200,509,810317.7,415505.61057700,0
1775854980000,0.5129,0.51326,0.5115,0.51166,1635075.3,1775855159999,838640.69930700,606,1329446.3,681990.65340400,0
1775855160000,0.5118,0.51328,0.5115,0.51301,4015.8,1775855339999,2058.65593700,464,2163.0,1108.94417000,0
1775855340000,0.51301,0.51335,0.5115,0.5115,4156.1,1775855519999,2129.67493500,449,1985.1,1017.59472800,0
1775855520000,0.5115,0.51268,0.5115,0.51195,5921.2,1775855699999,3030.84261800,408,198.3,101.62882800,0
1775855700000,0.51192,0.51192,0.50828,0.50828,8063954.4,1775855879999,4102633.12025600,646,30.9,15.70688000,0
1775855880000,0.50828,0.50885,0.50555,0.50885,24356286.7,1775856059999,12354508.99730100,908,918.9,466.12112100,0
1775856060000,0.50885,0.50921,0.50555,0.50722,5311.9,1775856239999,2692.57176100,346,1198.5,608.94724700,0
1775856240000,0.50718,0.51069,0.50675,0.51069,20418578.8,1775856419999,10398591.20257400,666,20417956.9,10398275.68122300,0
1775856420000,0.51069,0.51597,0.51069,0.51597,38305581.5,1775856599999,19658770.26875800,1117,38233083.0,19621396.72023700,0
1775856600000,0.51597,0.51847,0.51597,0.51677,6653132.2,1775856779999,3437827.57638500,799,6647224.9,3434777.55065200,0
1775856780000,0.51677,0.51847,0.51528,0.51528,6113.3,1775856959999,3161.49226500,394,2528.7,1311.05508900,0
1775856960000,0.51528,0.51847,0.512,0.512,31818712.2,1775857139999,16347288.54827200,778,1461.4,749.64190100,0
1775857140000,0.512,0.51338,0.5118,0.51338,27921.3,1775857319999,14327.30596300,382,24143.1,12392.95604800,0
1775857320000,0.51338,0.51439,0.51108,0.51108,2880.6,1775857499999,1476.12332900,339,1004.3,516.09264200,0
1775857500000,0.51108,0.51199,0.51069,0.51113,3110.3,1775857679999,1589.99049800,337,0,0,0
1775857680000,0.51126,0.51439,0.51012,0.51035,7015952.0,1775857859999,3580655.48716600,516,23198.1,11922.40125200,0
1775857860000,0.51035,0.51453,0.51007,0.51453,1518077.4,1775858039999,780005.86300400,446,1470111.2,755539.64034300,0
1775858040000,0.51453,0.5187,0.51391,0.5187,41743905.8,1775858219999,21555018.81209300,992,41742913.3,21554507.66989000,0
1775858220000,0.5187,0.52124,0.50798,0.50798,23778450.9,1775858399999,12284386.94839500,908,11462243.6,5953173.67474000,0
1775858400000,0.50817,0.51525,0.50798,0.51225,15270112.3,1775858579999,7835383.83202700,517,15267397.8,7833990.89331900,0
1775858580000,0.51252,0.51641,0.51249,0.51454,10475893.0,1775858759999,5400872.88431500,531,7949383.8,4099988.55764300,0
1775858760000,0.51447,0.51658,0.51397,0.51563,13587610.1,1775858939999,7009724.44455700,566,11819261.7,6100569.80588400,0
1775858940000,0.51579,0.5196,0.51543,0.5196,26986187.2,1775859119999,13989196.94460700,732,26983262.7,13987687.65672900,0
1775859120000,0.5196,0.51999,0.519,0.51916,2468358.2,1775859299999,1282864.18304100,312,2467141.6,1282232.29207000,0
1775859300000,0.51919,0.52459,0.51919,0.52408,39925706.8,1775859479999,20850335.06678200,871,39897732.8,20835666.87611800,0
1775859480000,0.52402,0.52682,0.52345,0.52682,17328325.1,1775859659999,9105129.50887000,896,17150506.6,9011943.42446900,0
1775859660000,0.52682,0.52878,0.52679,0.52794,11129494.3,1775859839999,5873238.53946100,744,11045120.9,5828684.36584100,0
1775859840000,0.52835,0.53037,0.52752,0.52752,82526.5,1775860019999,43641.59106200,474,48954.1,25920.23547800,0
1775860020000,0.52752,0.53037,0.52402,0.52476,13214940.7,1775860199999,6953535.99339000,845,67845.5,35649.17107900,0
1775860200000,0.52478,0.52536,0.5233,0.5233,4855.8,1775860379999,2544.78442500,434,551.8,289.74269900,0
1775860380000,0.5233,0.5233,0.52214,0.523,3840830.3,1775860559999,2006191.28052200,559,26618.2,13921.17525200,0
1775860560000,0.523,0.52592,0.52214,0.5249,67383.7,1775860739999,35325.59784600,410,47485.3,24931.47252700,0
1775860740000,0.52487,0.52566,0.5219,0.5219,3750.1,1775860919999,1964.16091800,418,77.6,40.66016900,0
1775860920000,0.5219,0.52239,0.51776,0.51776,20530335.5,1775861099999,10691540.00048100,1226,3036.3,1579.62674300,0
1775861100000,0.51776,0.51854,0.5158,0.51746,15457139.0,1775861279999,7990447.92931000,638,1098.5,568.36246700,0
1775861280000,0.5174,0.51856,0.51517,0.51531,6198477.0,1775861459999,3195148.11469100,540,266780.8,137616.18816900,0
1775861460000,0.51531,0.5157,0.51477,0.51477,2072186.9,1775861639999,1067304.14967400,632,663761.4,342167.84910000,0
1775861640000,0.51477,0.51507,0.51439,0.51507,4811098.5,1775861819999,2475606.73664600,594,3334.0,1717.11981800,0
1775861820000,0.51507,0.51507,0.51346,0.51346,7995448.8,1775861999999,4109577.63983100,750,74113.0,38167.25559700,0
1775862000000,0.51347,0.51347,0.50874,0.50874,25959731.7,1775862179999,13288428.53083300,1050,14394.7,7334.26758600,0
1775862180000,0.50874,0.50988,0.50874,0.50974,4789.7,1775862359999,2439.54754500,454,3503.0,1784.41557500,0
1775862360000,0.50974,0.51383,0.50874,0.51373,19249689.6,1775862539999,9849261.91618400,736,19138789.9,9792303.25025100,0
1775862540000,0.51373,0.51375,0.51225,0.51245,30889.6,1775862719999,15835.32362100,465,0,0,0
1775862720000,0.51254,0.51254,0.50773,0.50837,26405034.8,1775862899999,13438726.08134800,866,7441.6,3784.32340900,0
1775862900000,0.50837,0.5088,0.50725,0.5088,1622352.0,1775863079999,823441.87798900,603,39321.3,19965.11588200,0
1775863080000,0.5088,0.51047,0.50821,0.51047,3998.0,1775863259999,2036.42832900,440,2974.1,1515.50816500,0
1775863260000,0.51047,0.51051,0.50724,0.50827,5602.6,1775863439999,2851.27205000,389,641.2,327.31330500,0
1775863440000,0.50851,0.51051,0.50586,0.50586,10241072.5,1775863619999,5185476.69118900,585,2470.0,1260.92136000,0
1775863620000,0.50586,0.5061,0.50467,0.50584,7058990.9,1775863799999,3568119.83579100,760,2558.7,1293.04207200,0
1775863800000,0.50584,0.5083,0.50467,0.50784,7721.8,1775863979999,3904.03634000,368,2077.6,1052.43801100,0
1775863980000,0.50763,0.5083,0.50462,0.50462,4153.8,1775864159999,2102.50112800,335,272.9,138.51122600,0
1775864160000,0.5046,0.5083,0.50452,0.50738,149783.2,1775864339999,76065.09731800,353,147196.1,74754.83276000,0
1775864340000,0.50738,0.50773,0.50559,0.50559,42903.8,1775864519999,21763.18041700,392,236.6,120.12891800,0
1775864520000,0.50559,0.50825,0.50549,0.50695,1490638.7,1775864699999,755642.83332100,630,1271565.6,644850.46357600,0
1775864700000,0.50699,0.5083,0.50622,0.5083,45179.7,1775864879999,22896.92582800,431,462.4,235.03691000,0
1775864880000,0.50622,0.5083,0.50272,0.50273,21294332.6,1775865059999,10734868.37590200,916,205883.7,104251.38432500,0
1775865060000,0.50273,0.5033,0.50175,0.50218,17816.5,1775865239999,8946.51548000,433,3279.9,1650.38507300,0
1775865240000,0.50218,0.50399,0.50172,0.50386,4262.9,1775865419999,2145.15829400,402,1711.8,862.03074800,0
1775865420000,0.50386,0.50575,0.50172,0.50547,540419.0,1775865599999,273287.02431400,492,538162.5,272151.82811800,0
1775865600000,0.50575,0.50779,0.5057,0.5065,16046421.2,1775865779999,8127284.26186400,748,16042230.2,8125159.32383400,0
1775865780000,0.5065,0.5065,0.50415,0.50434,955983.8,1775865959999,482063.57771700,466,447.3,225.59953300,0
1775865960000,0.50434,0.51143,0.50434,0.51143,40277351.5,1775866139999,20510366.29326400,867,40277340.8,20510360.83294700,0
1775866140000,0.51143,0.51396,0.50975,0.50992,13309463.4,1775866319999,6823078.93716300,641,13303942.3,6820251.66756400,0
1775866320000,0.50992,0.51666,0.50965,0.51666,22562889.6,1775866499999,11618034.04576400,1052,22466911.6,11569107.39034200,0
1775866500000,0.51666,0.52006,0.51469,0.51501,32608372.7,1775866679999,16896693.65550900,858,27938538.4,14490812.13454600,0
1775866680000,0.51501,0.51504,0.51217,0.51217,4388125.9,1775866859999,2255918.22793700,719,1535.7,788.94254200,0
1775866860000,0.51217,0.51606,0.51177,0.51566,11869559.0,1775867039999,6112955.11358400,754,10511288.1,5417677.84390000,0
1775867040000,0.51566,0.51623,0.51249,0.51297,2124899.1,1775867219999,1096784.10101400,506,2120226.8,1094381.42964100,0
1775867220000,0.51297,0.51525,0.51033,0.51394,7740218.5,1775867399999,3966628.84088700,721,41043.4,21089.89178800,0
1775867400000,0.51394,0.51439,0.51303,0.51303,153037.1,1775867579999,78627.84403400,517,13648.4,7020.07478900,0
1775867580000,0.51325,0.51627,0.51325,0.51625,702240.9,1775867759999,361878.17466400,492,700522.5,360992.04915500,0
1775867760000,0.51617,0.51634,0.51488,0.51603,85876.3,1775867939999,44334.47859500,324,83232.3,42971.18765400,0
1775867940000,0.51574,0.52179,0.51488,0.52179,15910117.1,1775868119999,8256805.40947200,704,15904831.6,8254075.71220900,0
1775868120000,0.52179,0.52389,0.52179,0.52295,2705611.3,1775868299999,1414436.19102800,614,2704036.4,1413612.53078400,0
1775868300000,0.52295,0.5239,0.52002,0.5202,4303501.5,1775868479999,2239146.44073500,439,574.0,300.71811500,0
1775868480000,0.52022,0.5239,0.52002,0.52135,4008.0,1775868659999,2090.19362500,295,936.4,490.21964500,0
1775868660000,0.52135,0.52376,0.52002,0.52376,1108099.4,1775868839999,579604.31787600,390,1084129.0,567103.61111000,0
1775868840000,0.52352,0.52352,0.52066,0.52129,8171484.3,1775869019999,4263493.75571500,654,51295.4,26796.83149500,0
1775869020000,0.52129,0.52654,0.52047,0.52047,13654401.9,1775869199999,7150254.46793300,709,11693945.7,6128229.54441600,0
1775869200000,0.52047,0.52605,0.51988,0.52605,32459515.4,1775869379999,16979398.96586600,856,30566319.5,15994640.30713200,0
1775869380000,0.52616,0.52709,0.52495,0.52495,1924003.3,1775869559999,1013262.56982300,393,1911855.6,1006880.88519200,0
1775869560000,0.52537,0.52709,0.52382,0.52616,3714.5,1775869739999,1954.18517400,183,2051.2,1081.16700800,0
1775869740000,0.52612,0.5326,0.52382,0.5326,32299947.8,1775869919999,17100717.91224500,894,32287436.2,17094115.22366700,0
1775869920000,0.5326,0.5326,0.52878,0.52878,13140.9,1775870099999,6983.63119300,420,976.3,519.97738000,0
1775870100000,0.52878,0.53524,0.52874,0.53524,29942287.8,1775870279999,15977627.16741900,869,29941103.7,15976997.31757100,0
1775870280000,0.53524,0.54079,0.53524,0.53583,39413229.8,1775870459999,21185805.03132500,1168,34111122.4,18341082.29769900,0
1775870460000,0.53583,0.54115,0.53583,0.53823,7182868.6,1775870639999,3883343.00311800,697,6978485.7,3773218.72104900,0
1775870640000,0.53823,0.54117,0.53562,0.53649,9347758.9,1775870819999,5016505.23947200,636,5512.4,2979.06049100,0
1775870820000,0.53649,0.54029,0.53484,0.54029,7956005.4,1775870999999,4263860.80359600,695,1781914.6,958091.63357300,0
1775871000000,0.54015,0.54138,0.53933,0.54065,1248420.8,1775871179999,675647.63743300,435,1181464.9,639481.88859700,0
1775871180000,0.54055,0.54138,0.53653,0.53853,7678185.3,1775871359999,4123829.58265200,630,13912.9,7529.17875900,0
1775871360000,0.53853,0.54169,0.53792,0.54061,5457510.9,1775871539999,2953650.91115700,693,5080526.7,2750005.30390200,0
1775871540000,0.54061,0.55808,0.54048,0.55576,60983825.6,1775871719999,33525953.33429400,1345,51769384.2,28432494.44864000,0
1775871720000,0.55576,0.55888,0.55456,0.55621,11547999.7,1775871899999,6446399.13645000,859,11340967.3,6331413.11639400,0
1775871900000,0.55621,0.55621,0.55152,0.55323,13591206.7,1775872079999,7528545.43122200,749,15551.8,8603.53426800,0
1775872080000,0.5518,0.55468,0.55164,0.55164,15771606.1,1775872259999,8725871.14062700,904,5851404.8,3241299.95448800,0
1775872260000,0.55164,0.55208,0.54944,0.55009,10509277.1,1775872439999,5782817.58359700,893,29537.9,16291.02646400,0
1775872440000,0.55009,0.55135,0.54663,0.54779,16248535.8,1775872619999,8908381.52855700,791,2667.4,1466.22651700,0
1775872620000,0.54773,0.54773,0.54198,0.54383,25712047.4,1775872799999,14016369.19875900,1012,390583.3,213160.65858300,0
1775872800000,0.54383,0.54765,0.54198,0.54244,24800826.0,1775872979999,13545956.87541900,902,15808694.8,8633072.79931200,0
1775872980000,0.54254,0.54254,0.53917,0.54119,15743240.1,1775873159999,8512983.25061400,778,24130.7,13055.76843600,0
1775873160000,0.54119,0.54542,0.53842,0.53842,16095053.8,1775873339999,8730936.35256800,892,13661633.5,7415578.08660600,0
1775873340000,0.53836,0.53929,0.53354,0.53445,23240654.2,1775873519999,12467093.90849800,1008,492753.2,263911.33334200,0
1775873520000,0.53446,0.53556,0.5264,0.5264,21758685.8,1775873699999,11539619.98077400,852,209560.4,112160.14096500,0
1775873700000,0.5264,0.53164,0.5245,0.53164,30521807.1,1775873879999,16124207.10468600,1034,19594302.1,10360404.20466000,0
1775873880000,0.53164,0.53224,0.52229,0.52229,47373594.8,1775874059999,24917156.57018000,1263,1334496.8,709811.77694300,0
1775874060000,0.52229,0.53342,0.52104,0.53222,80395075.1,1775874239999,42435673.19831900,1305,67876772.0,35904927.54624600,0
1775874240000,0.53226,0.53774,0.53226,0.53774,29509014.3,1775874419999,15807539.68369700,1192,29501497.6,15803520.13095400,0
1775874420000,0.53774,0.5402,0.53774,0.53948,11575880.7,1775874599999,6243238.67550000,829,11574319.2,6242396.56295900,0
1775874600000,0.53952,0.54033,0.53835,0.53852,19110.7,1775874779999,10321.44697200,342,16273.5,8791.18445200,0
1775874780000,0.53852,0.54042,0.53711,0.54042,3392507.0,1775874959999,1831367.33507700,530,2879828.5,1555901.16006500,0
1775874960000,0.54042,0.54051,0.53826,0.54024,60199.5,1775875139999,32515.25669200,418,46828.4,25307.50163700,0
1775875140000,0.54024,0.55429,0.53826,0.55429,72741441.2,1775875319999,39972044.78315000,1488,72735716.7,39968920.68353300,0
1775875320000,0.55429,0.55805,0.55247,0.55249,37119854.4,1775875499999,20621381.12977500,784,28644059.8,15934553.48036100,0
1775875500000,0.55249,0.55347,0.54803,0.5488,12957991.9,1775875679999,7128229.29199800,612,79170.7,43452.26903200,0
1775875680000,0.54882,0.55027,0.54431,0.54431,17680075.2,1775875859999,9668641.85870500,930,528437.5,288893.11833800,0
1775875860000,0.54431,0.54743,0.54413,0.54737,1856427.6,1775876039999,1010416.65843500,583,406333.6,221199.46383500,0
1775876040000,0.54737,0.55172,0.54413,0.55172,26145885.3,1775876219999,14364189.40362900,930,26144267.8,14363300.50750700,0
1775876220000,0.55172,0.55172,0.54645,0.54707,12252102.4,1775876399999,6708686.75000000,691,10399.2,5735.67683400,0
1775876400000,0.54712,0.5473,0.53703,0.53916,44136782.0,1775876579999,23928398.89464400,1078,381831.3,208086.95368500,0
1775876580000,0.53914,0.53914,0.52632,0.52666,54862224.4,1775876759999,29195842.81558100,1480,2225098.4,1186774.50784400,0
1775876760000,0.52682,0.53266,0.52681,0.52869,3629566.5,1775876939999,1923889.42323800,934,1067491.2,566162.01563800,0
1775876940000,0.52915,0.53148,0.52632,0.52818,3552414.6,1775877119999,1879179.48090700,857,1636854.4,866258.35942600,0
1775877120000,0.52822,0.52949,0.52632,0.52647,37594.4,1775877299999,19794.91058400,397,1499.6,793.18756200,0
1775877300000,0.52636,0.5313,0.52624,0.52731,14971811.4,1775877479999,7939381.38447400,872,14412613.7,7645057.07407400,0
1775877480000,0.52731,0.52731,0.52219,0.52531,37803236.7,1775877659999,19829355.55251400,985,21246.5,11111.08332000,0
1775877660000,0.52529,0.52606,0.52203,0.52284,397662.2,1775877839999,207696.81422900,482,24656.5,12962.55081500,0
1775877840000,0.52289,0.52451,0.52065,0.52208,15123709.4,1775878019999,7883993.51504100,935,5217.0,2726.58004600,0
1775878020000,0.52213,0.52364,0.5147,0.51638,20352952.3,1775878199999,10552746.81295100,681,11247.5,5812.28379700,0
1775878200000,0.51638,0.52094,0.5147,0.51627,32403211.5,1775878379999,16817655.25709200,1086,8760121.5,4543954.02486400,0
1775878380000,0.51619,0.51619,0.51277,0.51277,23001437.2,1775878559999,11817802.65313800,893,78300.3,40385.10924300,0
1775878560000,0.51286,0.51857,0.51277,0.51857,23500573.6,1775878739999,12146917.98539600,855,23491869.2,12142449.60129400,0
1775878740000,0.51858,0.52278,0.51858,0.52165,31541625.7,1775878919999,16409816.16517200,979,31539221.4,16408561.70447100,0
1775878920000,0.5216,0.52278,0.51832,0.52065,10518459.4,1775879099999,5459315.18123300,672,390745.3,202954.85268100,0
1775879100000,0.52065,0.52442,0.52065,0.52258,13467431.2,1775879279999,7046201.56755100,827,13465832.2,7045365.10139700,0
1775879280000,0.52258,0.5294,0.52094,0.5294,41623653.0,1775879459999,21899640.02705600,713,41620837.6,21898169.35243400,0
1775879460000,0.5294,0.52953,0.52558,0.52558,1905369.6,1775879639999,1008735.52119300,436,1899358.8,1005558.21436400,0
1775879640000,0.52558,0.52681,0.52282,0.52658,21275636.4,1775879819999,11164522.80498800,885,11024789.7,5786798.58195700,0
1775879820000,0.52659,0.53221,0.52547,0.53108,22675709.2,1775879999999,11973413.28914200,869,22673176.4,11972079.04381600,0
1775880000000,0.53108,0.53221,0.52829,0.53041,34035.4,1775880179999,18102.85083900,367,30185.2,16064.86529200,0
1775880180000,0.53041,0.53043,0.52632,0.52632,16246693.9,1775880359999,8568229.23459700,1000,2325975.1,1227530.85200600,0
1775880360000,0.52632,0.5266,0.52079,0.522,29683880.9,1775880539999,15550813.78128700,1159,3413.3,1782.79346100,0
1775880540000,0.522,0.52266,0.52034,0.52034,4600716.5,1775880719999,2394884.03043900,581,3412.1,1782.21829000,0
1775880720000,0.52034,0.52034,0.51053,0.51296,14817914.8,1775880899999,7694390.78929500,707,335987.7,172636.76215700,0
1775880900000,0.51296,0.51418,0.51115,0.51292,126162.1,1775881079999,64856.98341600,516,119157.7,61268.38223000,0
1775881080000,0.51299,0.51343,0.5089,0.5089,24086638.4,1775881259999,12286859.69377200,858,221.7,112.93926800,0
1775881260000,0.5089,0.51026,0.508,0.50814,8838746.0,1775881439999,4494864.66751100,643,2154.5,1096.90259100,0
1775881440000,0.50834,0.50835,0.49983,0.49983,61074404.4,1775881619999,30788716.52464100,1267,1151.2,583.69268300,0
1775881620000,0.49983,0.50126,0.49616,0.50126,42117644.2,1775881799999,21016249.00200600,971,16182609.1,8096221.12677700,0
1775881800000,0.50126,0.50161,0.49901,0.50092,421664.6,1775881979999,211440.04889300,481,416873.1,209042.34788100,0
1775881980000,0.50092,0.50747,0.49996,0.50393,20950274.1,1775882159999,10544583.17514500,901,20292506.1,10214641.18112200,0
1775882160000,0.50395,0.50493,0.50122,0.50493,453323.2,1775882339999,228022.23629600,547,3201.4,1611.37123700,0
1775882340000,0.50493,0.50572,0.5026,0.50572,5511637.7,1775882519999,2784928.09465300,695,5507662.1,2782923.06059800,0
1775882520000,0.50562,0.50573,0.50289,0.50375,5068.4,1775882699999,2555.26596600,433,829.7,419.60386800,0
1775882700000,0.50375,0.50465,0.49995,0.50005,19437521.3,1775882879999,9746204.30552000,846,5973.3,2986.67884800,0
1775882880000,0.49995,0.50029,0.49675,0.49708,2996345.9,1775883059999,1492618.42084700,605,598.9,299.45991900,0
1775883060000,0.49706,0.50157,0.49665,0.50157,12483501.8,1775883239999,6254116.25102400,628,12480490.5,6252617.74702000,0
1775883240000,0.50157,0.51204,0.50157,0.51092,58921180.9,1775883419999,29778677.57991200,1476,58144232.4,29382224.84143900,0
1775883420000,0.51092,0.51331,0.50988,0.51331,2806770.8,1775883599999,1439789.36059600,539,2803850.3,1438295.74814000,0
1775883600000,0.51331,0.51337,0.51088,0.51189,1217644.9,1775883779999,625072.01972600,464,1211776.1,622067.66658600,0
1775883780000,0.51152,0.51341,0.51066,0.51179,18032.6,1775883959999,9214.66603000,395,123.9,63.60818100,0
1775883960000,0.51179,0.51341,0.5104,0.51341,3979.5,1775884139999,2034.20804500,415,128.8,65.92658700,0
1775884140000,0.51344,0.51389,0.51189,0.51313,2486023.3,1775884319999,1276933.54824500,480,2483198.9,1275484.59818100,0
1775884320000,0.51313,0.51389,0.50996,0.51121,13169.8,1775884499999,6750.56578200,358,7850.9,4034.49900100,0
1775884500000,0.51133,0.51389,0.50996,0.51282,4057.3,1775884679999,2078.00255600,377,329.3,169.04812700,0
1775884680000,0.51263,0.5153,0.51215,0.5153,18792388.6,1775884859999,9668966.09789200,790,18790027.0,9667752.34856300,0
1775884860000,0.5153,0.51815,0.5153,0.51594,16902501.1,1775885039999,8729429.15525000,836,16859363.1,8707131.13163000,0
1775885040000,0.51594,0.51594,0.51275,0.51388,26371434.0,1775885219999,13564359.15947100,1009,1213.0,622.82147000,0
1775885220000,0.51402,0.51402,0.50907,0.50979,15409431.0,1775885399999,7863313.91409300,698,1031.2,525.43403700,0
1775885400000,0.50979,0.5145,0.50907,0.5145,15350819.6,1775885579999,7881444.86008100,835,15339284.5,7875568.72869200,0
1775885580000,0.5145,0.51889,0.51438,0.51702,42790105.8,1775885759999,22104743.51612800,890,42782511.8,22100828.68901400,0
1775885760000,0.51702,0.51889,0.51493,0.51625,4698446.9,1775885939999,2420804.30836600,596,475541.0,245291.19456200,0
1775885940000,0.51625,0.5198,0.51499,0.51843,8601039.3,1775886119999,4467454.85459500,632,8597567.6,4465657.10578800,0
1775886120000,0.51809,0.52025,0.51693,0.52025,2844418.4,1775886299999,1479126.52250800,525,2835842.2,1474673.33885300,0
1775886300000,0.52025,0.52046,0.51554,0.51559,8724725.8,1775886479999,4502717.41515200,742,17703.4,9211.45536300,0
1775886480000,0.51559,0.51559,0.51354,0.51354,8984344.9,1775886659999,4628457.55716600,639,33624.0,17331.30864400,0
1775886660000,0.51354,0.51475,0.51301,0.51317,72047.5,1775886839999,37077.75471600,465,66429.3,34193.21671300,0
1775886840000,0.51322,0.51334,0.50883,0.50883,29624244.2,1775887019999,15120154.06264100,1118,200756.0,102512.48475800,0
1775887020000,0.50883,0.50992,0.50163,0.50214,28018551.9,1775887199999,14203318.82275000,883,3057.5,1544.33281700,0
1775887200000,0.50214,0.50214,0.50014,0.50165,4034195.1,1775887379999,2021544.77392500,674,5682.6,2849.79282400,0
1775887380000,0.50183,0.5019,0.50002,0.50066,78241.4,1775887559999,39125.59363100,352,1386.7,694.48528200,0
1775887560000,0.50064,0.50097,0.49894,0.4997,5387178.7,1775887739999,2690853.53481600,623,1498.9,748.88321200,0
1775887740000,0.4997,0.49991,0.49535,0.49615,14458569.6,1775887919999,7179584.97945100,653,1363.8,677.61131000,0
1775887920000,0.49595,0.49755,0.49556,0.49755,1931075.5,1775888099999,958998.75070800,588,912021.5,453326.63652000,0
1775888100000,0.49755,0.49761,0.49653,0.49664,3951.4,1775888279999,1964.12026600,429,217.5,108.22551700,0
1775888280000,0.49761,0.51881,0.49756,0.51752,92276097.8,1775888459999,46841999.89289700,1411,92271179.6,46839503.07302000,0
1775888460000,0.51752,0.51881,0.51441,0.51455,12456052.5,1775888639999,6421487.37611500,949,4694714.5,2421045.94489300,0
1775888640000,0.51455,0.51466,0.51012,0.51103,21791838.5,1775888819999,11164799.82160500,995,1622.0,830.67897100,0
1775888820000,0.51104,0.51271,0.51055,0.51181,4004.8,1775888999999,2048.56685000,454,2955.0,1511.67360200,0
1775889000000,0.51181,0.51544,0.5111,0.51392,19535700.4,1775889179999,10040821.37174700,864,19488550.0,10016667.78843600,0
1775889180000,0.51387,0.51506,0.51277,0.51506,3313.4,1775889359999,1701.84422000,382,0,0,0
1775889360000,0.51498,0.51544,0.51172,0.51172,16487.6,1775889539999,8460.95194100,364,900.9,464.35989600,0
1775889540000,0.51172,0.51255,0.51033,0.51255,9123943.5,1775889719999,4661976.48549200,630,3075.4,1572.27039400,0
1775889720000,0.51266,0.51394,0.51217,0.51217,853138.3,1775889899999,438164.67091500,510,850714.3,436920.59199700,0
1775889900000,0.51217,0.51868,0.51216,0.51868,35011681.6,1775890079999,18091928.89305000,928,35007662.2,18089861.72855300,0
1775890080000,0.51868,0.52454,0.51868,0.52454,27346488.9,1775890259999,14275580.10035000,1190,27340971.8,14272707.49427900,0
1775890260000,0.52454,0.52982,0.52454,0.52963,18701908.1,1775890439999,9886438.71402700,655,18695620.0,9883114.44227300,0
1775890440000,0.52958,0.52963,0.5287,0.5289,3963.6,1775890619999,2097.54594800,429,460.3,243.75761900,0
1775890620000,0.5289,0.53242,0.52343,0.53242,29983241.0,1775890799999,15810659.11001400,937,11842816.1,6269183.79410400,0
1775890800000,0.53234,0.53242,0.52913,0.52913,40061.0,1775890979999,21310.87207400,472,13884.1,7390.22990300,0
1775890980000,0.52913,0.53,0.52864,0.52974,73618.7,1775891159999,38939.23706700,478,1139.1,603.03664700,0
1775891160000,0.52974,0.54122,0.52974,0.54105,24304335.0,1775891339999,12984270.08266900,797,24206306.6,12931323.78391600,0
1775891340000,0.54105,0.54125,0.53637,0.53643,10776299.8,1775891519999,5797559.02163000,669,264225.7,143003.85196100,0
1775891520000,0.53637,0.53712,0.5347,0.53559,11392749.8,1775891699999,6101568.89200800,795,6124.3,3280.16356900,0
1775891700000,0.53542,0.53578,0.533,0.533,12733315.7,1775891879999,6795553.01984200,939,1434.9,767.11837200,0
1775891880000,0.533,0.533,0.53127,0.53127,11804450.5,1775892059999,6283609.39799900,761,49295.3,26212.19451000,0
1775892060000,0.53132,0.53356,0.5306,0.53111,65503.4,1775892239999,34783.97151100,492,1191.0,635.01014500,0
1775892240000,0.53129,0.53216,0.53041,0.53069,4395.4,1775892419999,2333.36380800,432,190.8,101.34261300,0
1775892420000,0.53069,0.53216,0.52579,0.52579,22120260.1,1775892599999,11693174.20917300,822,512.5,272.17352800,0
1775892600000,0.52579,0.53172,0.52561,0.53172,18361374.4,1775892779999,9713769.38141400,842,17108624.7,9055115.88036900,0
1775892780000,0.53139,0.53273,0.53096,0.53166,27349.1,1775892959999,14563.57936900,445,24484.2,13040.53171600,0
1775892960000,0.53166,0.53292,0.52711,0.52711,13059364.5,1775893139999,6908070.64025900,709,47795.4,25469.70214600,0
1775893140000,0.52711,0.5338,0.52662,0.5267,35032654.2,1775893319999,18602118.81780600,1109,24585934.6,13057207.25525100,0
1775893320000,0.52664,0.52791,0.52577,0.52791,12330414.9,1775893499999,6501127.25261500,784,9724383.6,5129319.49123100,0
1775893500000,0.52791,0.53052,0.52577,0.52948,5703007.8,1775893679999,3014321.94761100,707,5695497.5,3010368.20244100,0
1775893680000,0.52948,0.53122,0.5288,0.52914,1329600.1,1775893859999,705923.15774000,534,1325984.7,704008.05064500,0
1775893860000,0.52914,0.53122,0.52914,0.53108,240987.9,1775894039999,127995.13459500,430,217058.3,115305.70953800,0
1775894040000,0.53108,0.53299,0.53064,0.5326,14149810.5,1775894219999,7528107.21371200,905,14147438.2,7526846.01656900,0
1775894220000,0.5326,0.53348,0.53162,0.53293,6202774.1,1775894399999,3307155.36343300,497,6200191.2,3305780.11753300,0
1775894400000,0.53338,0.5355,0.53292,0.5355,133932.0,1775894579999,71583.60436100,444,85514.3,45779.80558900,0
1775894580000,0.5355,0.53631,0.5339,0.53535,3547544.0,1775894759999,1901062.16309600,588,3544750.9,1899566.71688400,0
1775894760000,0.53535,0.53631,0.53313,0.53313,15955.8,1775894939999,8548.02870500,396,11621.3,6232.61940300,0
1775894940000,0.53313,0.53631,0.53245,0.53261,49141.5,1775895119999,26342.83142000,373,45678.3,24497.72907300,0
1775895120000,0.53261,0.53631,0.53261,0.53486,5959.6,1775895299999,3189.47675200,415,2488.2,1334.24773200,0
1775895300000,0.53486,0.53746,0.53486,0.53639,13275799.8,1775895479999,7129233.24510700,653,13272713.2,7127578.27197300,0
1775895480000,0.53639,0.53712,0.5351,0.53569,3607.2,1775895659999,1934.05432100,411,0,0,0
1775895660000,0.53569,0.53746,0.53492,0.53572,3516.7,1775895839999,1883.67098200,361,49.9,26.81925400,0
1775895840000,0.53572,0.53746,0.53407,0.53407,49853.0,1775896019999,26738.27615500,392,28305.0,15212.76901200,0
1775896020000,0.53407,0.53746,0.53407,0.53746,42145.6,1775896199999,22646.87099300,307,39370.2,21159.90769200,0
1775896200000,0.53746,0.53823,0.53322,0.53338,21066208.2,1775896379999,11297492.44241400,767,12483541.9,6714522.43276000,0
1775896380000,0.53338,0.53383,0.53114,0.532,11194484.1,1775896559999,5961449.38755700,652,272557.6,145383.84637400,0
1775896560000,0.532,0.53211,0.53013,0.53034,1504121.4,1775896739999,798720.24562700,466,1045.1,554.86334400,0
1775896740000,0.53034,0.5306,0.52662,0.52662,21067819.7,1775896919999,11128663.10354700,1314,438.5,232.65929300,0
1775896920000,0.52664,0.52735,0.52657,0.52735,27029.8,1775897099999,14249.84414600,377,25348.1,13363.72836300,0
1775897100000,0.52733,0.52818,0.52658,0.52818,14146.3,1775897279999,7462.51605400,387,12501.3,6595.20333100,0
1775897280000,0.52806,0.52824,0.52274,0.52274,19442046.1,1775897459999,10193580.69837200,751,983.6,515.11384000,0
1775897460000,0.52274,0.52274,0.52001,0.52006,8042387.0,1775897639999,4191703.52804500,818,43415.4,22645.87668500,0
1775897640000,0.52006,0.52052,0.51848,0.51991,16036171.9,1775897819999,8327825.84610400,654,4137.8,2148.79756900,0
1775897820000,0.51991,0.52015,0.51826,0.51826,11711.9,1775897999999,6075.66194600,380,652.5,339.33974500,0
1775898000000,0.51824,0.5195,0.51706,0.51742,4074.3,1775898179999,2109.38379800,437,0,0,0
1775898180000,0.51742,0.51803,0.51464,0.51499,18160025.1,1775898359999,9369456.40456400,812,24076.2,12397.59736300,0
1775898360000,0.51494,0.51539,0.51338,0.5139,72500.4,1775898539999,37285.60839400,414,0,0,0
1775898540000,0.5139,0.51595,0.51278,0.51495,1743716.2,1775898719999,899239.94177000,461,1650154.8,851211.93127500,0
1775898720000,0.51516,0.516,0.51256,0.516,57209.6,1775898899999,29494.97157900,380,47005.3,24252.43081400,0
1775898900000,0.51586,0.51723,0.51249,0.51715,8513921.2,1775899079999,4399011.63447300,487,8509463.1,4396721.57277200,0
1775899080000,0.51715,0.51738,0.5146,0.5146,3837004.0,1775899259999,1984904.27033100,387,3834410.9,1983567.33999200,0
1775899260000,0.5146,0.5146,0.51155,0.51248,4752281.1,1775899439999,2436962.39098900,629,1681.0,861.36643100,0
1775899440000,0.51248,0.51966,0.51199,0.51966,40872813.5,1775899619999,21108130.21255300,828,40872232.4,21107831.21857400,0
1775899620000,0.51966,0.51966,0.51646,0.51795,8033.9,1775899799999,4167.83009700,435,2406.4,1250.50982400,0
1775899800000,0.51789,0.51966,0.51648,0.51648,4748.8,1775899979999,2460.64837200,381,403.8,209.83870800,0
1775899980000,0.51648,0.51648,0.5115,0.5115,28778432.6,1775900159999,14814002.04595300,892,26986.8,13852.04137200,0
1775900160000,0.5115,0.51771,0.51148,0.51761,14184892.9,1775900339999,7311682.59114900,670,14175078.5,7306654.78631000,0
1775900340000,0.51761,0.52565,0.5175,0.52519,30998351.6,1775900519999,16129924.22980500,1010,30974256.4,16117265.82615400,0
1775900520000,0.52519,0.52519,0.51857,0.51977,4801366.8,1775900699999,2501796.21898200,516,430257.8,223936.19611300,0
1775900700000,0.51949,0.52045,0.51149,0.51216,21731207.7,1775900879999,11200315.82083100,720,4622.8,2405.57496000,0
1775900880000,0.51202,0.51698,0.51149,0.51662,10251697.0,1775901059999,5273655.88777200,534,9855986.0,5069140.06315400,0
1775901060000,0.51662,0.52111,0.51527,0.52111,35992419.6,1775901239999,18646393.20036300,1079,20905700.2,10862466.88179500,0
1775901240000,0.52035,0.52236,0.52035,0.5216,6339333.6,1775901419999,3305331.38929100,645,6333507.0,3302294.05497200,0
1775901420000,0.5216,0.52213,0.51636,0.51648,16314865.9,1775901599999,8457002.05064600,744,36175.8,18680.48487200,0
1775901600000,0.51648,0.51712,0.5116,0.51705,31461286.7,1775901779999,16171157.73436400,973,7516134.3,3877740.53686900,0
1775901780000,0.51705,0.51712,0.51181,0.51191,6917185.7,1775901959999,3549269.32112400,902,1062749.9,545947.08033200,0
1775901960000,0.5119,0.51758,0.51175,0.51758,21792800.5,1775902139999,11244664.69854100,799,21650835.7,11171999.31316600,0
1775902140000,0.51758,0.51811,0.51687,0.51792,1076702.9,1775902319999,557778.51423400,493,1072286.0,555491.99149000,0
1775902320000,0.51803,0.51915,0.51757,0.51865,5236887.4,1775902499999,2715455.21319700,645,5234766.2,2714355.85085100,0
1775902500000,0.51865,0.51917,0.51738,0.51743,2371286.2,1775902679999,1227097.36051000,493,205767.9,106497.01364500,0
1775902680000,0.51743,0.5194,0.51717,0.5194,7001695.3,1775902859999,3632532.60061900,765,6991209.7,3627104.67084100,0
1775902860000,0.5194,0.5194,0.51499,0.51499,11925741.8,1775903039999,6162349.54482200,677,997.7,518.20538000,0
1775903040000,0.51499,0.5194,0.51437,0.51442,3269369.4,1775903219999,1682466.32907200,636,4236.7,2192.66529000,0
1775903220000,0.51453,0.51624,0.51429,0.51565,14296.7,1775903399999,7367.71863100,489,8801.4,4539.78187100,0
1775903400000,0.51565,0.51637,0.51429,0.51587,3887.7,1775903579999,2003.42157700,414,244.4,126.13056500,0
1775903580000,0.51574,0.51724,0.51429,0.51724,8298816.0,1775903759999,4290126.61047900,603,8295904.8,4288627.08251300,0
1775903760000,0.51724,0.51861,0.51706,0.5174,933155.2,1775903939999,483828.42232400,468,930198.9,482297.69974700,0
1775903940000,0.5174,0.51911,0.51662,0.51911,3249657.6,1775904119999,1686177.62318200,581,3247055.4,1684829.99248700,0
1775904120000,0.51911,0.52683,0.51911,0.52683,44781440.3,1775904299999,23365244.32568200,1064,44771424.8,23360002.31013100,0
1775904300000,0.52683,0.52866,0.52609,0.52738,7557662.9,1775904479999,3991861.34367000,796,7553248.3,3989535.79011500,0
1775904480000,0.52738,0.52784,0.52553,0.5267,1472111.4,1775904659999,773794.01090000,507,117230.3,61620.47783700,0
1775904660000,0.52662,0.52726,0.52331,0.52357,13147383.6,1775904839999,6893504.30578000,636,283.0,148.23428700,0
1775904840000,0.52357,0.52533,0.52336,0.52366,1877951.7,1775905019999,984728.94271700,554,1703565.1,893239.63049300,0
1775905020000,0.52361,0.5237,0.51447,0.51513,16099949.1,1775905199999,8381199.30761300,846,2117.1,1101.77670100,0
1775905200000,0.51517,0.51561,0.51385,0.51405,689584.8,1775905379999,354543.55807600,540,8182.0,4209.94835200,0
1775905380000,0.51409,0.51468,0.51291,0.5146,3234046.6,1775905559999,1660701.57959700,753,680889.6,350029.51432100,0
1775905560000,0.5146,0.51502,0.51304,0.51474,310640.3,1775905739999,159934.20387200,537,307169.9,158150.15755900,0
1775905740000,0.51474,0.51497,0.51285,0.51285,3980.9,1775905919999,2045.75628900,445,0,0,0
1775905920000,0.51285,0.51285,0.51019,0.51141,8472196.2,1775906099999,4333674.25017200,690,448352.1,229178.54703400,0
1775906100000,0.51145,0.51245,0.51145,0.51214,228904.9,1775906279999,117201.07751200,470,224083.8,114733.24635800,0
1775906280000,0.51214,0.51267,0.51166,0.51223,623877.7,1775906459999,319741.82064300,438,620328.5,317924.23687000,0
1775906460000,0.51223,0.51435,0.51206,0.51315,14826.6,1775906639999,7602.98105200,421,12068.3,6187.70437800,0
1775906640000,0.51315,0.51439,0.51251,0.51275,3976.9,1775906819999,2042.00676200,444,242.5,124.68674300,0
1775906820000,0.51275,0.51449,0.51217,0.51281,3950.7,1775906999999,2027.44113600,393,206.2,106.07916800,0
1775907000000,0.51281,0.5149,0.51281,0.51389,720448.1,1775907179999,370822.87653300,442,717089.7,369097.89787400,0
1775907180000,0.51389,0.5144,0.51315,0.51352,4053.9,1775907359999,2081.92441100,425,0,0,0
1775907360000,0.51377,0.51491,0.51191,0.51203,8133.0,1775907539999,4179.74998400,454,4040.2,2080.33928100,0
1775907540000,0.51243,0.5174,0.51185,0.5174,28296285.3,1775907719999,14597081.82669500,799,28293561.6,14595683.62624800,0
1775907720000,0.5174,0.52143,0.5174,0.52143,16905653.6,1775907899999,8795295.11193500,975,16904852.5,8794879.23218100,0
1775907900000,0.52143,0.52477,0.52143,0.52477,21208181.4,1775908079999,11095252.51627900,1165,21208111.7,11095215.95390100,0
1775908080000,0.52477,0.52767,0.52477,0.52738,13456463.6,1775908259999,7078458.56169600,888,13452847.7,7076552.80272400,0
1775908260000,0.52738,0.52907,0.52676,0.52738,6231269.9,1775908439999,3291785.98022200,690,6037515.7,3189439.94917200,0
1775908440000,0.52738,0.5286,0.52676,0.52757,297244.5,1775908619999,156819.55718700,532,39588.9,20906.41123100,0
1775908620000,0.52757,0.52929,0.52715,0.52824,8500.4,1775908799999,4492.02161900,479,7714.8,4077.13041600,0
1775908800000,0.5288,0.52944,0.52715,0.52755,11816.6,1775908979999,6247.26363400,423,10238.5,5413.93061400,0
1775908980000,0.52755,0.52868,0.52635,0.52704,515452.2,1775909159999,271452.34376800,500,1288.4,678.90946500,0
1775909160000,0.52699,0.52757,0.52602,0.52757,1257840.1,1775909339999,661771.61314200,470,22138.5,11669.12277500,0
1775909340000,0.52758,0.53143,0.52602,0.53143,32358713.0,1775909519999,17155748.44681800,801,32350453.4,17151390.82484800,0
1775909520000,0.53143,0.53145,0.52594,0.52594,5270937.8,1775909699999,2775362.87571800,582,77547.5,41212.24786600,0
1775909700000,0.52594,0.5262,0.52061,0.52061,45576036.6,1775909879999,23835514.54378200,1306,470.3,246.19317500,0
1775909880000,0.52061,0.52422,0.52014,0.52389,11882135.6,1775910059999,6204411.69631300,658,9880357.4,5162496.17530300,0
1775910060000,0.52389,0.52389,0.52255,0.52359,3558.9,1775910239999,1861.40710100,463,0,0,0
1775910240000,0.52371,0.52422,0.52201,0.52201,38016.0,1775910419999,19866.04578700,436,1270.7,666.09820200,0
1775910420000,0.52235,0.52422,0.52097,0.52127,100094.9,1775910599999,52152.52694100,474,1144.6,599.87289500,0
1775910600000,0.52119,0.52143,0.51779,0.51832,21829715.1,1775910779999,11335450.36301400,903,114709.9,59444.37229000,0
1775910780000,0.51833,0.51907,0.51812,0.51907,1225808.0,1775910959999,635664.68767200,601,1015927.4,526851.78194600,0
1775910960000,0.51907,0.52055,0.51836,0.51964,5466.3,1775911139999,2841.59965200,437,2932.0,1525.22758100,0
1775911140000,0.51955,0.52062,0.51896,0.51896,135685.6,1775911319999,70635.86334600,469,131097.0,68250.08839700,0
1775911320000,0.51884,0.52005,0.51298,0.51298,26669158.4,1775911499999,13768761.09383800,1204,51.8,26.68665400,0
1775911500000,0.51298,0.51309,0.51,0.51,18269505.0,1775911679999,9335779.37051800,997,1772.1,907.46661100,0
1775911680000,0.51,0.51058,0.51,0.51,4202.8,1775911859999,2143.54089000,406,0,0,0
1775911860000,0.51,0.51122,0.51,0.51,360571.7,1775912039999,184317.53683700,428,356684.2,182334.65237500,0
1775912040000,0.51,0.51136,0.51,0.51136,214015.5,1775912219999,109422.25494900,442,210206.0,107477.62138600,0
1775912220000,0.51136,0.5114,0.50624,0.50834,19404199.4,1775912399999,9869716.82571200,739,78819.5,40267.53569700,0
1775912400000,0.50834,0.51002,0.50612,0.50927,3219788.2,1775912579999,1634886.14136900,682,787708.5,401133.02523000,0
1775912580000,0.50927,0.5131,0.50927,0.51134,11250906.7,1775912759999,5757929.17812500,703,10995740.5,5627277.17897800,0
1775912760000,0.51134,0.51211,0.50849,0.51133,9228634.3,1775912939999,4697048.50045600,674,2481.5,1264.38993200,0
1775912940000,0.51141,0.51238,0.51061,0.51085,2899090.8,1775913119999,1484360.53267300,535,2896287.2,1482926.34788800,0
1775913120000,0.51085,0.51085,0.50859,0.51002,4847.2,1775913299999,2470.34405700,436,0,0,0
1775913300000,0.51004,0.5125,0.50928,0.5125,367054.9,1775913479999,188079.22154800,442,363597.7,186312.44826100,0
1775913480000,0.5125,0.51274,0.51084,0.51236,1259510.4,1775913659999,645674.62252500,436,1256260.1,644010.94916100,0
1775913660000,0.51244,0.51244,0.51047,0.51104,5015.8,1775913839999,2563.56621400,456,0,0,0
1775913840000,0.51097,0.51253,0.51058,0.51079,3687.4,1775914019999,1885.72313400,363,0,0,0
1775914020000,0.51079,0.51275,0.51007,0.51007,7935.8,1775914199999,4062.87143400,378,4416.9,2264.67399900,0
1775914200000,0.51007,0.5111,0.50764,0.50764,16818339.6,1775914379999,8555605.59626800,694,226056.0,114789.86890000,0
1775914380000,0.50764,0.50765,0.5051,0.50561,6196851.0,1775914559999,3142209.40112000,748,716.1,362.27025700,0
1775914560000,0.50561,0.506,0.50501,0.506,10319.0,1775914739999,5216.05806800,411,3949.4,1998.02874600,0
1775914740000,0.506,0.506,0.50494,0.50553,4003.3,1775914919999,2025.10727600,383,2871.7,1453.07531200,0
1775914920000,0.50555,0.50561,0.50465,0.50514,3322256.0,1775915099999,1677119.57261400,584,209398.3,105719.55511000,0
1775915100000,0.5052,0.5057,0.50465,0.50555,6365.2,1775915279999,3217.56275100,420,6256.5,3162.70168600,0
1775915280000,0.50555,0.50788,0.50465,0.50788,1782078.5,1775915459999,904829.79742700,493,1781960.3,904770.14779700,0
1775915460000,0.50792,0.51122,0.5076,0.5112,25189459.9,1775915639999,12823552.11734100,948,25187516.5,12822564.79768300,0
1775915640000,0.51104,0.51155,0.50962,0.51155,75788.7,1775915819999,38720.29835800,415,51776.8,26470.58780900,0
1775915820000,0.51155,0.51159,0.50958,0.50978,3929.9,1775915999999,2006.46271900,514,528.4,270.10552400,0
1775916000000,0.50978,0.51897,0.50893,0.51719,19472337.0,1775916179999,10028751.93460800,866,19467949.6,10026487.90094900,0
1775916180000,0.51719,0.51985,0.51443,0.51911,15994928.9,1775916359999,8263652.87325000,789,5111657.7,2653944.40667300,0
1775916360000,0.51919,0.51988,0.51698,0.51698,4854081.7,1775916539999,2513200.33041800,744,534.2,277.49643700,0
1775916540000,0.51698,0.51698,0.51119,0.51139,36494007.7,1775916719999,18770752.13741400,1405,489.1,251.08660300,0
1775916720000,0.51172,0.51645,0.51119,0.51644,30264127.6,1775916899999,15585112.03812300,875,30255087.1,15580488.22770500,0
1775916900000,0.51644,0.51645,0.50993,0.50993,20196406.6,1775917079999,10333011.01330100,1066,202.0,103.68474900,0
1775917080000,0.50993,0.51036,0.50799,0.50799,13786634.1,1775917259999,7012202.20348400,861,1837.5,935.23795200,0
1775917260000,0.50797,0.50797,0.50306,0.50395,38365675.2,1775917439999,19382018.38361400,1451,1023.3,516.62986000,0
1775917440000,0.50395,0.50468,0.50271,0.5028,4919700.9,1775917619999,2474197.41342600,571,2981.5,1503.53570800,0
1775917620000,0.5028,0.50505,0.5028,0.50505,4160.8,1775917799999,2098.83482800,447,2527.0,1275.03605000,0
1775917800000,0.50505,0.50681,0.50501,0.50579,9203947.2,1775917979999,4659383.33314600,588,9201846.5,4658319.90162200,0
1775917980000,0.50579,0.50718,0.50539,0.50558,5986045.3,1775918159999,3034909.79412700,606,5982742.7,3033238.68632400,0
1775918160000,0.50551,0.50718,0.50506,0.50664,4914.5,1775918339999,2487.67994000,430,1094.3,554.99163200,0
1775918340000,0.50702,0.50936,0.50702,0.50933,21625159.0,1775918519999,10987003.00971500,1057,21624860.0,10986850.92402500,0
1775918520000,0.50936,0.5126,0.50928,0.51186,30392383.5,1775918699999,15540164.30763400,1088,30234037.5,15459472.03322900,0
1775918700000,0.51185,0.5126,0.50658,0.50658,32678629.7,1775918879999,16629883.41799700,1124,1284.9,657.80669000,0
1775918880000,0.50658,0.50672,0.5059,0.50661,6476670.6,1775919059999,3277555.43672200,515,5270.5,2668.19787700,0
1775919060000,0.50661,0.50661,0.49924,0.49945,32936522.2,1775919239999,16600641.89198600,1173,2049.3,1028.31496500,0
1775919240000,0.49945,0.50187,0.49924,0.50025,37548.5,1775919419999,18782.51201200,408,36292.5,18153.78459500,0
1775919420000,0.50027,0.50098,0.49924,0.49924,5122.5,1775919599999,2561.84966800,374,2839.7,1420.45258800,0
1775919600000,0.49924,0.50051,0.4985,0.4985,41752.9,1775919779999,20867.96406700,367,26142.1,13081.52431600,0
1775919780000,0.4985,0.50051,0.49552,0.49614,14502678.9,1775919959999,7199617.47394100,634,260819.5,129389.62082100,0
1775919960000,0.49614,0.49695,0.49569,0.49695,2372450.2,1775920139999,1176939.24709700,523,595052.3,295309.46303800,0
1775920140000,0.49695,0.49804,0.49569,0.49569,3886.7,1775920319999,1931.63882600,396,1798.5,894.71875900,0
1775920320000,0.49808,0.49889,0.49563,0.49889,7998066.6,1775920499999,3986916.69322700,560,7995601.9,3985692.45984700,0
1775920500000,0.49889,0.50002,0.49552,0.49604,6148106.4,1775920679999,3061734.76283400,617,3775038.0,1885371.33446800,0
1775920680000,0.49604,0.49731,0.49023,0.49078,32670821.8,1775920859999,16121050.67329900,1037,409846.4,201913.36953100,0
1775920860000,0.49068,0.49137,0.48814,0.48814,27895212.5,1775921039999,13648992.45287500,912,1009546.5,493598.99186100,0
1775921040000,0.48814,0.48814,0.48544,0.48574,20880227.3,1775921219999,10166308.14298000,859,1088.6,529.42164000,0
1775921220000,0.48587,0.48706,0.48148,0.48197,34697382.1,1775921399999,16774238.55357600,824,4126.7,1988.66106700,0
1775921400000,0.48197,0.48654,0.48197,0.48504,4884916.6,1775921579999,2372448.84340900,677,4141679.9,2011379.08490200,0
1775921580000,0.48504,0.48545,0.4814,0.4814,8862589.2,1775921759999,4280588.22598700,751,380116.6,184122.77256700,0
1775921760000,0.4814,0.4814,0.47636,0.47979,25676387.9,1775921939999,12313697.49327400,761,2258135.9,1083000.05926200,0
1775921940000,0.47982,0.48075,0.47518,0.47614,20250741.0,1775922119999,9659495.00824300,979,4525123.8,2174418.90386300,0
1775922120000,0.47518,0.48027,0.47518,0.48027,16162667.5,1775922299999,7744766.65866400,799,16153264.9,7740295.40425100,0
1775922300000,0.48027,0.48121,0.47607,0.47611,17340156.5,1775922479999,8282947.46784100,660,2720.6,1307.37978900,0
1775922480000,0.4762,0.48545,0.47583,0.48334,33037474.8,1775922659999,15927294.55110100,898,29796332.5,14384624.49017700,0
1775922660000,0.48334,0.48552,0.48227,0.48227,5499817.2,1775922839999,2659440.84407700,477,1385589.0,672688.11922000,0
1775922840000,0.4822,0.4822,0.47243,0.47243,48174651.0,1775923019999,22956936.00143300,1138,613.3,292.82254100,0
1775923020000,0.47243,0.47291,0.46347,0.46431,66165895.2,1775923199999,30963617.87186600,1199,13343.1,6249.54127800,0
1775923200000,0.46431,0.46832,0.46346,0.46795,8297189.0,1775923379999,3874417.79730100,558,5092542.4,2374465.42620900,0
1775923380000,0.46787,0.46891,0.46431,0.46431,19352545.4,1775923559999,9030922.88401300,700,6595052.9,3091138.74657600,0
1775923560000,0.46431,0.46431,0.45497,0.45892,62730771.1,1775923739999,28965717.97448400,1089,11497963.7,5301650.63606300,0
1775923740000,0.45892,0.46257,0.45796,0.45851,20932818.0,1775923919999,9616363.55727600,897,8540430.0,3927091.27911600,0
1775923920000,0.45851,0.45977,0.45479,0.45479,41722893.6,1775924099999,19067096.23553600,1107,802285.4,367338.21568100,0
1775924100000,0.45479,0.45957,0.45479,0.45707,32377254.5,1775924279999,14838737.25435600,903,27336997.5,12534958.27170500,0
1775924280000,0.45717,0.45791,0.4538,0.45548,15267348.1,1775924459999,6944179.03559000,803,861705.9,392294.78358000,0
1775924460000,0.45548,0.47414,0.45548,0.47413,89370497.1,1775924639999,41348856.27533400,1070,89137787.8,41242185.26112500,0
1775924640000,0.47413,0.47451,0.46513,0.4653,22541381.4,1775924819999,10633712.40449700,536,7710952.1,3657651.77624300,0
1775924820000,0.4653,0.46542,0.45817,0.45846,15851391.9,1775924999999,7309136.45840200,599,11050.3,5126.09067400,0
1775925000000,0.45846,0.45899,0.4533,0.4533,44449252.8,1775925179999,20246659.67275700,820,2087.0,956.55646400,0
1775925180000,0.45337,0.4597,0.45281,0.45783,22797504.8,1775925359999,10399333.61403100,689,19920992.0,9096442.93885100,0
1775925360000,0.45783,0.46485,0.45675,0.46349,56558703.0,1775925539999,26036476.43030400,981,46980988.8,21646392.89429500,0
1775925540000,0.46349,0.48619,0.46349,0.48581,100298259.7,1775925719999,47191904.73533800,1048,100292975.1,47189381.04388600,0
1775925720000,0.48582,0.49165,0.48582,0.49165,57440810.8,1775925899999,28114418.33612800,1105,57410527.3,28099669.03051000,0
1775925900000,0.49165,0.50157,0.49165,0.49908,43870431.8,1775926079999,21724421.19401000,735,38900636.7,19243329.05898800,0
1775926080000,0.49908,0.50455,0.49908,0.50455,37590013.0,1775926259999,18880930.76675500,601,37589328.1,18880586.29246300,0
1775926260000,0.50455,0.50548,0.5005,0.50056,23682850.5,1775926439999,11898488.22330700,764,5202168.5,2626427.62852100,0
1775926440000,0.50061,0.50129,0.49592,0.49897,23272486.1,1775926619999,11621507.79614600,798,6062704.4,3030674.98127800,0
1775926620000,0.49897,0.50076,0.49821,0.49821,4766536.0,1775926799999,2379332.33991200,682,949168.4,475144.67482100,0
1775926800000,0.49821,0.50106,0.49457,0.50081,37540930.2,1775926979999,18629174.88409800,928,9938578.4,4935465.12637100,0
1775926980000,0.50081,0.50106,0.49323,0.49323,17011219.2,1775927159999,8431569.99512100,864,951.4,470.45535200,0
1775927160000,0.49323,0.49323,0.48715,0.48751,35329301.8,1775927339999,17313258.36445900,1029,516.7,252.03296900,0
1775927340000,0.48765,0.50097,0.48765,0.49508,56647355.1,1775927519999,28018605.51745700,1216,55902031.9,27647809.73974200,0
1775927520000,0.49508,0.49508,0.48878,0.48878,25795795.6,1775927699999,12682833.47273900,1008,8719.9,4311.29241900,0
1775927700000,0.48878,0.48878,0.47935,0.47935,54513626.7,1775927879999,26357046.04274300,1511,163.8,78.91137700,0
1775927880000,0.47935,0.4796,0.47584,0.47953,14323430.2,1775928059999,6827159.50195600,900,951440.1,455907.06524000,0
1775928060000,0.47953,0.4796,0.4661,0.46775,73990383.7,1775928239999,34851321.50679400,1409,91776.9,44003.07136100,0
1775928240000,0.46775,0.46775,0.45902,0.45902,55145168.7,1775928419999,25523806.46673500,1219,5803.9,2676.55405900,0
1775928420000,0.45902,0.45993,0.45325,0.45325,55348325.0,1775928599999,25247264.87598300,1092,1299.8,594.10826000,0
1775928600000,0.45325,0.45629,0.4522,0.45354,25117119.8,1775928779999,11400643.94018100,821,13427319.7,6109498.78810900,0
1775928780000,0.45365,0.45671,0.45186,0.45297,14434260.7,1775928959999,6561103.88586800,996,3886885.0,1769155.15262600,0
1775928960000,0.45297,0.46759,0.45297,0.46759,81857326.4,1775929139999,37581875.81420300,1320,81855526.9,37581040.10907300,0
1775929140000,0.46759,0.46759,0.46088,0.46088,26246473.0,1775929319999,12158485.85363600,696,304311.5,141998.24227400,0
1775929320000,0.46088,0.46088,0.45375,0.45457,63833229.8,1775929499999,29208002.11530300,1098,2179.8,995.40421400,0
1775929500000,0.45457,0.4558,0.45364,0.45497,1515483.0,1775929679999,688144.06560400,464,373663.8,170124.85184400,0
1775929680000,0.45486,0.46857,0.45364,0.46384,50866246.6,1775929859999,23540583.30176900,1153,40742379.6,18813572.46136300,0
1775929860000,0.46384,0.47493,0.46384,0.47119,35192495.1,1775930039999,16526348.76348400,917,34888607.1,16384170.43050000,0
1775930040000,0.47105,0.47105,0.46413,0.46413,31489169.3,1775930219999,14686302.81878300,1090,3398787.3,1589342.60129100,0
1775930220000,0.46413,0.46416,0.45719,0.45719,54137242.6,1775930399999,24934683.54364800,1499,14168.0,6530.26821700,0
1775930400000,0.45719,0.45966,0.45627,0.45826,14752548.9,1775930579999,6764420.06824400,944,11104766.8,5098309.45692000,0
1775930580000,0.45826,0.46058,0.45691,0.46058,4261652.9,1775930759999,1962207.08048000,551,4257968.3,1960519.36031500,0
1775930760000,0.46058,0.46218,0.45992,0.46218,8426033.8,1775930939999,3887805.32267800,707,8423537.6,3886655.16019400,0
1775930940000,0.46218,0.47553,0.46218,0.47553,114944542.7,1775931119999,53823379.02558300,1332,114942348.2,53822357.82384900,0
1775931120000,0.47518,0.47782,0.47518,0.47782,5612557.4,1775931299999,2675986.58144900,619,5611602.8,2675532.02855300,0
1775931300000,0.47782,0.4816,0.47782,0.48081,21428136.9,1775931479999,10270780.63452400,615,21424277.4,10268924.48487200,0
1775931480000,0.48081,0.48473,0.47724,0.48377,35108156.6,1775931659999,16893110.93648000,985,22717416.7,10961116.98986200,0
1775931660000,0.48375,0.48376,0.47998,0.48108,15844237.9,1775931839999,7622989.43988800,623,172106.9,82747.83512600,0
1775931840000,0.48111,0.48134,0.47925,0.47985,1343713.6,1775932019999,644627.79726000,437,896.2,430.17727700,0
1775932020000,0.48049,0.48054,0.47838,0.47838,5343609.9,1775932199999,2557738.66823500,534,10000.0,4804.21043500,0
1775932200000,0.47843,0.48029,0.47809,0.47949,2844108.4,1775932379999,1360070.95957900,324,53442.0,25614.43741000,0
1775932380000,0.47931,0.48069,0.47758,0.47899,107264.5,1775932559999,51420.33768900,291,52834.0,25396.68044400,0
1775932560000,0.47899,0.4807,0.47756,0.47896,2940.7,1775932739999,1408.51440900,182,108.7,52.25111700,0
1775932740000,0.4792,0.48108,0.47756,0.48108,6638702.2,1775932919999,3192520.34504800,396,6636616.2,3191521.62247900,0
1775932920000,0.48108,0.4811,0.47898,0.47922,4123.2,1775933099999,1978.39357100,420,32.7,15.73152400,0
1775933100000,0.47922,0.48022,0.47515,0.47515,34927010.6,1775933279999,16652118.18157900,1159,22.2,10.57674600,0
1775933280000,0.47515,0.47515,0.47046,0.47289,39801777.8,1775933459999,18822911.81576500,811,8978.5,4234.69066200,0
1775933460000,0.47289,0.47669,0.47289,0.4764,12168338.5,1775933639999,5782870.05741300,717,12165892.8,5781707.35023900,0
1775933640000,0.4764,0.4764,0.47166,0.47166,15963770.2,1775933819999,7542819.03314300,775,102.2,48.38352400,0
1775933820000,0.47199,0.47228,0.47019,0.47161,5386471.8,1775933999999,2537404.20176000,703,866.4,408.60022300,0
1775934000000,0.47163,0.47372,0.47019,0.47372,9953797.0,1775934179999,4709880.22914800,598,9942418.7,4704525.60817700,0
1775934180000,0.47372,0.47515,0.47372,0.47502,13361389.5,1775934359999,6341038.68717100,610,13358602.1,6339715.67669000,0
1775934360000,0.47515,0.48154,0.47515,0.48154,36651648.5,1775934539999,17505572.90755700,1002,36649833.0,17504704.54171100,0
1775934540000,0.48154,0.48172,0.47743,0.47743,5444922.6,1775934719999,2602794.36220600,630,280533.0,135105.11856000,0
1775934720000,0.47743,0.47819,0.47674,0.47674,6920153.3,1775934899999,3301490.33955300,570,2908.8,1388.87980500,0
1775934900000,0.47674,0.47775,0.47418,0.47418,20314252.8,1775935079999,9656924.79644000,1160,3300.8,1573.13878300,0
1775935080000,0.47418,0.47428,0.4728,0.47343,15549214.8,1775935259999,7360713.84397700,930,11853.7,5615.37238300,0
1775935260000,0.47343,0.47355,0.47227,0.47227,51944.4,1775935439999,24586.00488200,493,30512.4,14448.22688800,0
1775935440000,0.47225,0.47276,0.47151,0.47159,4820.4,1775935619999,2275.33409100,434,0,0,0
1775935620000,0.47159,0.47355,0.47087,0.47087,4333.2,1775935799999,2041.91998400,450,11.0,5.20905000,0
1775935800000,0.47087,0.47156,0.47048,0.47048,1247924.2,1775935979999,587232.01568000,442,45.2,21.30095200,0
1775935980000,0.47048,0.47048,0.46599,0.46599,29633692.3,1775936159999,13892444.00234300,1410,90539.3,42379.05357600,0
1775936160000,0.46599,0.46599,0.4647,0.46566,9699352.1,1775936339999,4512781.72187400,914,3639.3,1693.95090600,0
1775936340000,0.46548,0.46667,0.4647,0.46504,15447.7,1775936519999,7183.66578800,423,2698.0,1257.23322800,0
1775936520000,0.46504,0.46516,0.46136,0.46136,33091519.2,1775936699999,15322284.11659800,1212,79.7,36.82127100,0
1775936700000,0.46136,0.46151,0.45761,0.45761,30261349.4,1775936879999,13883741.79547200,957,4721.3,2166.34485700,0
1775936880000,0.45761,0.45923,0.45747,0.45747,511940.5,1775937059999,234256.10584900,492,11803.0,5414.85255900,0
1775937060000,0.45747,0.45747,0.45568,0.45595,11185226.0,1775937239999,5106768.34704900,1035,116515.5,53242.79426200,0
1775937240000,0.45595,0.45634,0.45441,0.45502,56385.0,1775937419999,25663.55976600,492,598.2,272.90466800,0
1775937420000,0.45531,0.45634,0.45441,0.45526,31058.1,1775937599999,14168.15698600,349,27113.8,12373.11149200,0
1775937600000,0.45518,0.46165,0.45441,0.45564,36358619.8,1775937779999,16652146.90630500,696,31298416.1,14339113.91630000,0
1775937780000,0.45564,0.4563,0.45248,0.45285,19708458.6,1775937959999,8940660.87804200,690,5231.8,2371.37424300,0
1775937960000,0.45285,0.45305,0.45226,0.45297,3051706.3,1775938139999,1380608.72555400,371,1174.7,531.74520400,0
1775938140000,0.45226,0.4541,0.45223,0.4541,3858.7,1775938319999,1748.28452100,256,2791.3,1265.16980500,0
1775938320000,0.4541,0.45856,0.4541,0.45856,15186399.0,1775938499999,6911360.48072300,638,15117344.5,6879736.31576400,0
1775938500000,0.45856,0.45856,0.45369,0.45409,21872043.4,1775938679999,9950419.32276700,529,204817.6,93919.88486600,0
1775938680000,0.45414,0.45446,0.45344,0.4539,2739661.6,1775938859999,1242506.56763800,472,1587.8,720.75095100,0
1775938860000,0.4539,0.45481,0.45342,0.45481,5562.8,1775939039999,2524.27310500,266,1977.2,898.13329900,0
1775939040000,0.45435,0.45482,0.45149,0.45149,5017.3,1775939219999,2271.77239600,369,630.0,286.53660000,0
1775939220000,0.45148,0.45482,0.45106,0.45208,1560122.6,1775939399999,703871.14053300,326,1747.9,789.54215800,0
1775939400000,0.4522,0.45378,0.45106,0.45378,2660428.8,1775939579999,1206175.46386400,440,2634492.1,1194471.32593800,0
1775939580000,0.45378,0.45588,0.45349,0.45588,11827782.9,1775939759999,5383452.61696000,800,11824440.7,5381933.03263600,0
1775939760000,0.45588,0.45594,0.45431,0.45508,119815.5,1775939939999,54621.86708800,416,113369.5,51689.67833600,0
1775939940000,0.45508,0.45605,0.45391,0.45451,4924.4,1775940119999,2240.23402300,415,696.2,317.47569100,0
1775940120000,0.45449,0.45605,0.45348,0.45348,8031.1,1775940299999,3649.75287300,417,1597.9,728.72229500,0
1775940300000,0.45348,0.45606,0.44639,0.44639,38011271.2,1775940479999,17130622.96825800,818,217519.1,99199.46310900,0
1775940480000,0.44639,0.45215,0.44639,0.45215,2723043.8,1775940659999,1227833.62866400,544,2252604.9,1015614.16472200,0
1775940660000,0.45215,0.45287,0.44823,0.44823,23519560.4,1775940839999,10567795.74004400,894,5353.7,2420.06199000,0
1775940840000,0.44823,0.44823,0.44621,0.44621,5685548.0,1775941019999,2545689.09360100,808,1020.4,456.31768000,0
1775941020000,0.4462,0.44716,0.43936,0.4397,57617065.7,1775941199999,25505454.05063800,1449,2998.9,1327.97335600,0
1775941200000,0.4397,0.43977,0.43539,0.43539,45014423.1,1775941379999,19681614.14347300,967,13975.7,6130.88037800,0
1775941380000,0.43539,0.43733,0.43526,0.43605,1232055.3,1775941559999,536348.33190600,474,2729.9,1191.78405000,0
1775941560000,0.43605,0.43794,0.43526,0.43794,3216793.0,1775941739999,1408361.95040300,520,3213577.0,1406957.99735400,0
1775941740000,0.43794,0.43819,0.43493,0.43578,7316952.0,1775941919999,3194172.11858900,667,3720914.8,1629812.84740600,0
1775941920000,0.43493,0.44635,0.43493,0.44464,65629721.7,1775942099999,28948271.74639300,1053,65620522.4,28944188.20855900,0
1775942100000,0.44448,0.44516,0.44149,0.44216,13273583.7,1775942279999,5878447.74449900,848,449797.5,199873.91944900,0
1775942280000,0.44219,0.44274,0.44111,0.44274,2747801.0,1775942459999,1212588.61039300,562,3161.5,1397.77010500,0
1775942460000,0.44275,0.446,0.44111,0.446,31343066.3,1775942639999,13933697.39532800,1052,30968731.8,13767027.85603100,0
1775942640000,0.446,0.4471,0.44589,0.4471,11229770.2,1775942819999,5015181.53530800,713,10516416.4,4696940.83899200,0
1775942820000,0.4471,0.4471,0.44479,0.44678,3571.8,1775942999999,1591.61179500,382,492.6,219.49485000,0
1775943000000,0.44678,0.44724,0.44471,0.44471,4066.0,1775943179999,1812.75562400,294,349.5,156.28270400,0
1775943180000,0.44471,0.44651,0.44432,0.44535,2795.7,1775943359999,1243.70711600,260,0,0,0
1775943360000,0.44535,0.44767,0.44472,0.44689,5573882.6,1775943539999,2493905.38360200,397,5571521.5,2492851.46769400,0
1775943540000,0.44689,0.44962,0.44681,0.4472,29635246.0,1775943719999,13292036.62289200,673,29633693.2,13291340.09628000,0
1775943720000,0.4472,0.44962,0.4452,0.4452,4992077.0,1775943899999,2223803.40860600,389,22.3,10.02652600,0
1775943900000,0.4452,0.45131,0.4452,0.45131,25788321.8,1775944079999,11612779.98987400,660,25787611.8,11612461.39335300,0
1775944080000,0.45131,0.45517,0.45131,0.4541,41988247.1,1775944259999,19011950.24548000,613,41986176.4,19011009.53679200,0
1775944260000,0.4541,0.45443,0.44987,0.44987,23653718.9,1775944439999,10694298.45846400,971,137.7,62.17155000,0
1775944440000,0.44987,0.44987,0.44889,0.44936,3642662.4,1775944619999,1637294.11655200,492,725.0,325.88003600,0
1775944620000,0.44936,0.45421,0.44936,0.45421,35040573.6,1775944799999,15854775.61247200,743,35040200.8,15854607.39877100,0
1775944800000,0.45421,0.46117,0.45421,0.4605,68520735.6,1775944979999,31330855.89110500,1163,68409129.4,31279606.47626700,0
1775944980000,0.46056,0.46117,0.45913,0.4608,8705.9,1775945159999,4011.05387800,416,4354.5,2008.16476500,0
1775945160000,0.46093,0.46117,0.45895,0.46117,11997.8,1775945339999,5529.77582700,396,9612.3,4432.89959500,0
1775945340000,0.46117,0.46117,0.45681,0.45681,17961562.5,1775945519999,8221735.56008100,842,236.5,108.45705300,0
1775945520000,0.45681,0.46076,0.45616,0.46076,31826178.8,1775945699999,14605573.90671200,903,29303398.2,13453524.70783400,0
1775945700000,0.46076,0.46266,0.46001,0.46001,19585721.1,1775945879999,9040116.03311300,1082,16353901.6,7553050.88317300,0
1775945880000,0.46001,0.46034,0.4561,0.4561,13365223.3,1775946059999,6127339.24533300,997,104156.7,47726.85323700,0
1775946060000,0.4561,0.4561,0.4524,0.4524,32110798.2,1775946239999,14600749.60404700,1337,753.8,341.96074200,0
1775946240000,0.45237,0.45284,0.4516,0.4516,3517469.6,1775946419999,1590545.26354100,621,2239.6,1013.15261300,0
1775946420000,0.4516,0.4516,0.44763,0.44763,15455273.8,1775946599999,6935352.43059500,987,409.0,183.38518200,0
1775946600000,0.44763,0.44813,0.4469,0.44804,1239052.4,1775946779999,554294.92725300,549,2154.3,964.38350200,0
1775946780000,0.44804,0.44817,0.4472,0.44747,4597.5,1775946959999,2058.11787000,407,1329.3,595.23090000,0
1775946960000,0.44747,0.44756,0.4463,0.4463,4114.1,1775947139999,1838.14558200,387,0,0,0
1775947140000,0.4463,0.44842,0.44622,0.44774,4489.2,1775947319999,2009.02532300,413,805.3,361.01673800,0
1775947320000,0.44814,0.44853,0.44622,0.44623,4215.0,1775947499999,1887.15676800,380,533.7,239.36556800,0
1775947500000,0.44623,0.44668,0.44401,0.44401,17212881.5,1775947679999,7652329.14179600,764,856.5,380.84798000,0
1775947680000,0.44401,0.44401,0.43964,0.43964,32990296.4,1775947859999,14547653.75439800,1216,314.9,138.61218000,0
1775947860000,0.43964,0.43983,0.43512,0.43574,40343686.2,1775948039999,17629862.36706000,1213,232685.7,101294.28332200,0
1775948040000,0.43574,0.43701,0.43516,0.43669,693861.0,1775948219999,302640.51103400,458,619195.7,270096.24772600,0
1775948220000,0.43669,0.44232,0.43587,0.44168,64497220.5,1775948399999,28362157.61149000,1269,64495253.3,28361293.55775800,0
1775948400000,0.44168,0.44232,0.43713,0.43713,13367084.6,1775948579999,5862773.39612300,712,5039933.4,2209698.71645300,0
1775948580000,0.43713,0.4393,0.43504,0.43827,24314794.5,1775948759999,10644345.79904900,920,16227508.9,7113450.19049500,0
1775948760000,0.43827,0.43987,0.43714,0.43952,2367583.8,1775948939999,1038404.39085300,565,1453488.8,637981.08315800,0
1775948940000,0.43956,0.4407,0.43944,0.43944,6082520.0,1775949119999,2678221.42165600,611,6079977.1,2677102.82789000,0
1775949120000,0.43944,0.44073,0.43808,0.43814,69428.0,1775949299999,30542.52877100,405,46077.3,20307.63428500,0
1775949300000,0.43839,0.44073,0.43791,0.44073,49907.1,1775949479999,21986.09643100,437,45233.0,19935.54009000,0
1775949480000,0.44073,0.44116,0.43989,0.44086,4168567.3,1775949659999,1837970.97658900,575,4165284.0,1836524.54910300,0
1775949660000,0.44081,0.44105,0.43703,0.43703,14913429.6,1775949839999,6527283.75871800,662,241.1,105.45037300,0
1775949840000,0.43703,0.43703,0.43539,0.43571,6419203.0,1775950019999,2802518.97496700,769,922.0,402.27446900,0
1775950020000,0.43539,0.43687,0.43433,0.43433,5807.2,1775950199999,2530.79222800,428,2259.2,986.43770200,0
1775950200000,0.43687,0.43687,0.4339,0.43609,23165.2,1775950379999,10072.51525800,418,3015.4,1317.33779800,0
1775950380000,0.43609,0.43699,0.43497,0.43653,4270.2,1775950559999,1861.16469900,395,455.0,198.79575300,0
1775950560000,0.43653,0.4368,0.43257,0.43257,22498375.8,1775950739999,9757586.41062900,660,108.3,46.88739900,0
1775950740000,0.43257,0.43331,0.43167,0.43167,14641163.0,1775950919999,6327701.85228800,827,2092.0,905.42587000,0
1775950920000,0.43169,0.43302,0.4316,0.4321,10381.2,1775951099999,4490.44048400,466,7523.7,3255.10600000,0
1775951100000,0.43201,0.43391,0.4316,0.43277,8094.1,1775951279999,3505.80775200,409,3593.6,1558.99182400,0
1775951280000,0.43277,0.43353,0.4324,0.43279,4683.4,1775951459999,2027.54599100,395,0,0,0
1775951460000,0.43279,0.43391,0.43045,0.43082,11029269.3,1775951639999,4751251.76105700,754,1019.3,439.20225600,0
1775951640000,0.43082,0.43116,0.42668,0.42857,18510402.2,1775951819999,7954512.12676700,773,19064.8,8154.22767000,0
1775951820000,0.42857,0.4313,0.42734,0.42734,22139402.6,1775951999999,9496529.12046500,941,6926944.9,2985305.18351000,0
1775952000000,0.42758,0.42927,0.42734,0.42876,7938.6,1775952179999,3399.37944100,461,5314.9,2275.09845400,0
1775952180000,0.42859,0.43346,0.42734,0.43346,20282811.6,1775952359999,8717762.51982100,663,20279926.1,8716524.04664200,0
1775952360000,0.43346,0.43363,0.4304,0.43254,1165458.1,1775952539999,505242.03195400,524,1155388.8,500894.01275400,0
1775952540000,0.43255,0.43453,0.43254,0.43397,10146060.9,1775952719999,4405184.92830500,700,10142835.3,4403785.27370200,0
1775952720000,0.43405,0.43613,0.43357,0.43599,7295.0,1775952899999,3172.09981800,454,5697.7,2477.77578000,0
1775952900000,0.43599,0.43987,0.43587,0.43913,48520125.0,1775953079999,21230597.75616500,981,48516123.3,21228841.78682000,0
1775953080000,0.43913,0.44382,0.43913,0.44382,39369619.9,1775953259999,17402140.12570900,966,39367592.9,17401247.45200200,0
1775953260000,0.44382,0.44706,0.44378,0.44624,40282479.0,1775953439999,17930042.29755300,871,40275764.4,17927051.23400100,0
1775953440000,0.44624,0.45282,0.44609,0.45159,46728121.4,1775953619999,20995263.76276900,853,46723601.6,20993226.22937500,0
1775953620000,0.45159,0.45282,0.45084,0.45155,11885.9,1775953799999,5365.61359400,416,542.1,245.40923100,0
1775953800000,0.45138,0.45175,0.44865,0.44877,9786533.7,1775953979999,4394972.71262900,633,635229.4,285105.40663200,0
1775953980000,0.44896,0.45153,0.4484,0.45153,6713536.7,1775954159999,3018788.43881600,834,4108499.5,1848943.44419000,0
1775954160000,0.45153,0.45233,0.44756,0.44795,11735122.4,1775954339999,5268121.63206600,814,1283926.2,579932.84850200,0
1775954340000,0.44795,0.44843,0.44635,0.44635,14637489.1,1775954519999,6539722.51271600,835,3733.8,1669.44575000,0
1775954520000,0.44635,0.44635,0.44064,0.44064,30122001.1,1775954699999,13372075.50817200,848,3929.8,1734.20241800,0
1775954700000,0.44064,0.44129,0.43473,0.43546,50360128.7,1775954879999,21993027.60328000,1005,3022.1,1328.59588400,0
1775954880000,0.43546,0.44123,0.43473,0.44027,2930901.3,1775955059999,1285800.74254600,563,2524295.7,1106628.47189800,0
1775955060000,0.44027,0.44027,0.43466,0.43466,32269918.0,1775955239999,14097295.66429700,807,523.9,230.15970300,0
1775955240000,0.43466,0.43466,0.43325,0.43348,12641978.8,1775955419999,5484276.56395500,637,1824.8,792.02606900,0
1775955420000,0.43325,0.43443,0.43312,0.43387,3744.6,1775955599999,1624.04690300,291,436.7,189.64876000,0
1775955600000,0.43387,0.43506,0.4297,0.4297,48402053.3,1775955779999,20878827.66655100,870,585.5,254.51447700,0
1775955780000,0.4297,0.43195,0.42962,0.43195,1657609.1,1775955959999,712215.40173900,332,7196.2,3101.30335600,0
1775955960000,0.43195,0.43261,0.42962,0.43235,6557.2,1775956139999,2822.27870400,302,1046.9,452.39252100,0
1775956140000,0.43259,0.43668,0.43089,0.43642,50917712.9,1775956319999,22123729.12236200,767,50916305.9,22123119.44660500,0
1775956320000,0.43633,0.43668,0.43358,0.43373,4185712.4,1775956499999,1815452.53468900,442,332164.1,144067.17117800,0
1775956500000,0.43373,0.43393,0.43084,0.43084,16952100.0,1775956679999,7330278.43159900,721,1128.7,488.49183900,0
1775956680000,0.43084,0.43102,0.42771,0.42967,35117929.3,1775956859999,15074053.01284100,870,912.0,390.87991500,0
1775956860000,0.42958,0.43041,0.42771,0.42773,636082.6,1775957039999,273710.77245500,520,632661.4,272242.16047100,0
1775957040000,0.42773,0.43041,0.42344,0.42741,44023491.2,1775957219999,18769274.83055100,979,8774355.7,3747113.51974500,0
1775957220000,0.42741,0.42745,0.42315,0.42315,14167492.6,1775957399999,6019437.72029500,864,2020.1,858.11293300,0
1775957400000,0.42315,0.42535,0.42291,0.42348,9833246.8,1775957579999,4167000.30356800,629,5133630.1,2178903.92555300,0
1775957580000,0.42294,0.43396,0.42291,0.43381,56744480.9,1775957759999,24315326.44568900,823,56729290.5,24308751.64988800,0
1775957760000,0.43381,0.43381,0.42982,0.42982,15606816.2,1775957939999,6723619.46793800,742,1288.8,557.27328800,0
1775957940000,0.42982,0.43111,0.4296,0.43111,77446.9,1775958119999,33281.43133200,365,2093.5,901.32967700,0
1775958120000,0.43111,0.43529,0.43111,0.43529,38225201.9,1775958299999,16562210.44859100,755,38214763.4,16557686.80619100,0
1775958300000,0.43529,0.43841,0.43529,0.43836,22138036.5,1775958479999,9672751.25166300,828,22134660.7,9671274.53564200,0
1775958480000,0.4382,0.44146,0.43335,0.43558,50060299.8,1775958659999,21950799.40939600,998,32627810.0,14348167.03749900,0
1775958660000,0.43558,0.43705,0.43327,0.43327,11816128.6,1775958839999,5146939.89496100,660,8699094.4,3795788.11002600,0
1775958840000,0.43327,0.43358,0.43149,0.43159,16516836.7,1775959019999,7147147.40524000,686,1130.5,488.94858900,0
1775959020000,0.43159,0.43259,0.43092,0.43117,4506.1,1775959199999,1945.28541300,416,542.8,234.72939000,0
1775959200000,0.43092,0.43261,0.42773,0.42852,27085973.0,1775959379999,11628866.35647000,716,235038.3,100655.77950300,0
1775959380000,0.42851,0.42992,0.42773,0.42773,70735.8,1775959559999,30261.19286900,408,2092.6,897.98441800,0
1775959560000,0.42773,0.42773,0.42508,0.42508,28750054.0,1775959739999,12258793.46456300,875,10358.0,4418.66447800,0
1775959740000,0.42507,0.42507,0.42388,0.42462,10021996.1,1775959919999,4252206.66757500,733,1723.7,731.31988400,0
1775959920000,0.42462,0.4259,0.42386,0.42432,4544.8,1775960099999,1930.57776000,386,1631.6,694.00469600,0
1775960100000,0.42432,0.4259,0.42052,0.42102,22321346.6,1775960279999,9438454.01549100,627,3079.7,1308.51571800,0
1775960280000,0.42098,0.4222,0.4205,0.42159,587326.3,1775960459999,246985.60308100,462,10302.1,4341.55347000,0
1775960460000,0.42159,0.42247,0.4205,0.42111,4596.2,1775960639999,1938.72650300,391,1466.8,619.20365300,0
1775960640000,0.42111,0.42247,0.4205,0.4209,4556.4,1775960819999,1919.94800300,382,261.3,110.23326000,0
1775960820000,0.42083,0.42366,0.42083,0.42366,10786542.4,1775960999999,4564033.52410600,672,10780692.5,4561559.14488200,0
1775961000000,0.42366,0.43235,0.42366,0.42817,79690372.7,1775961179999,34094483.59822500,1353,78598694.6,33625590.08873600,0
1775961180000,0.42817,0.43099,0.42816,0.42885,4818037.7,1775961359999,2070880.45422700,803,1962619.9,843909.53876600,0
1775961360000,0.42885,0.42984,0.42875,0.42984,3930.3,1775961539999,1687.59981600,363,2243.8,963.73043400,0
1775961540000,0.42984,0.43021,0.42652,0.42652,11678801.9,1775961719999,4988795.38809800,598,22018.3,9465.23487200,0
1775961720000,0.42652,0.42652,0.4243,0.42504,14763615.8,1775961899999,6284080.17698200,597,5969.7,2536.75879500,0
1775961900000,0.42517,0.42683,0.4243,0.42601,3492355.4,1775962079999,1488095.13707200,526,3488911.4,1486630.46440100,0
1775962080000,0.42601,0.42683,0.42479,0.4254,5996.1,1775962259999,2551.88262200,459,476.8,203.51254400,0
1775962260000,0.4254,0.42772,0.42533,0.42772,7102562.6,1775962439999,3035507.19703900,822,7100116.3,3034464.06367300,0
1775962440000,0.42772,0.43229,0.42772,0.43174,40414208.0,1775962619999,17372120.10497000,1014,40004685.0,17195266.77977300,0
1775962620000,0.43173,0.43231,0.43116,0.43116,7352.6,1775962799999,3174.15767400,413,929.1,401.62104000,0
1775962800000,0.43116,0.43232,0.42805,0.42832,16903435.7,1775962979999,7249385.40561400,776,1401.8,601.47816600,0
1775962980000,0.42836,0.43136,0.42805,0.43136,4776045.0,1775963159999,2058186.47756500,587,4775223.9,2057834.15528500,0
1775963160000,0.43136,0.43293,0.43068,0.43173,15779409.1,1775963339999,6818919.92252900,633,15775482.3,6817224.85151600,0
1775963340000,0.43173,0.43228,0.43059,0.431,3969.1,1775963519999,1712.40270100,353,0,0,0
1775963520000,0.431,0.43293,0.42877,0.42913,16291449.1,1775963699999,7000621.30530500,732,1653828.5,709306.74501500,0
1775963700000,0.42913,0.43108,0.42877,0.43082,2485093.1,1775963879999,1068173.07966600,546,2388533.7,1026751.56458700,0
1775963880000,0.43082,0.43326,0.43082,0.43255,18143431.0,1775964059999,7838414.50929000,975,18142492.7,7838008.50518600,0
1775964060000,0.43255,0.43612,0.43242,0.43472,27004195.6,1775964239999,11723008.09868800,964,26999241.4,11720853.65943300,0
1775964240000,0.4347,0.43519,0.43177,0.43177,18540686.8,1775964419999,8017895.11283900,827,590034.1,255007.93976000,0
1775964420000,0.43175,0.43377,0.43167,0.43353,223035.4,1775964599999,96295.91374200,431,2776.4,1200.84805600,0
1775964600000,0.43353,0.43382,0.43167,0.43301,7071.7,1775964779999,3058.83972800,394,233.5,101.28887200,0
1775964780000,0.43301,0.43401,0.43226,0.43356,4382.9,1775964959999,1899.26207900,384,672.2,291.65856200,0
1775964960000,0.43383,0.43411,0.43211,0.43303,4389.6,1775965139999,1901.16279400,380,361.8,157.03601700,0
1775965140000,0.43301,0.43413,0.43167,0.43297,7122.3,1775965319999,3088.10173100,405,2265.6,983.56120600,0
1775965320000,0.43297,0.43313,0.43165,0.43222,11585.4,1775965499999,5003.60861100,389,0,0,0
1775965500000,0.43227,0.43471,0.43227,0.43471,6822770.7,1775965679999,2963623.77017600,598,6819245.9,2962096.67855100,0
1775965680000,0.43474,0.43887,0.43474,0.43887,45665037.4,1775965859999,19955459.18452900,1213,45660949.3,19953673.70426500,0
1775965860000,0.43887,0.43892,0.43678,0.43782,8874.6,1775966039999,3888.88792300,389,2315.5,1016.21634800,0
1775966040000,0.43782,0.4424,0.43678,0.4424,27957531.2,1775966219999,12313099.85352800,841,27952948.6,12311079.27180600,0
1775966220000,0.44247,0.44311,0.44212,0.44212,3304678.6,1775966399999,1463700.67777900,482,3302395.7,1462690.13390000,0
1775966400000,0.44204,0.44311,0.44073,0.44232,8936.2,1775966579999,3943.97932600,369,158.7,70.32155700,0
1775966580000,0.44262,0.45168,0.4426,0.45168,65893117.2,1775966759999,29438298.79881400,1038,65891449.5,29437559.21335300,0
1775966760000,0.45168,0.45583,0.44661,0.44661,50123322.1,1775966939999,22635348.15477300,1023,24036994.6,10893161.99282100,0
1775966940000,0.44658,0.44693,0.44436,0.44436,10128284.0,1775967119999,4507301.73158800,766,1009.5,450.57493600,0
1775967120000,0.44436,0.4448,0.44228,0.44478,22390278.7,1775967299999,9925608.36319200,698,1973.2,875.41514200,0
1775967300000,0.44478,0.446,0.4429,0.44373,12925289.2,1775967479999,5756482.30135300,693,12580105.7,5603368.28567100,0
1775967480000,0.44374,0.44374,0.43994,0.43994,10638722.1,1775967659999,4697179.30042200,949,49757.0,21895.77953300,0
1775967660000,0.43997,0.44071,0.43924,0.44031,7785121.0,1775967839999,3422432.45781600,719,2341.5,1030.25403800,0
1775967840000,0.44033,0.44058,0.43876,0.44046,4579.6,1775968019999,2012.85554600,424,662.9,291.98127900,0
1775968020000,0.44042,0.44151,0.44,0.44062,4323.3,1775968199999,1905.90775000,403,1337.4,589.76511700,0
1775968200000,0.44062,0.44145,0.43862,0.43883,5310.4,1775968379999,2332.98590200,362,0,0,0
1775968380000,0.43923,0.4432,0.43882,0.4432,19073402.5,1775968559999,8428090.62700400,603,19069282.9,8426276.64153700,0
1775968560000,0.4432,0.44345,0.44226,0.44342,1157392.0,1775968739999,513004.54419900,548,1151854.3,510551.67680400,0
1775968740000,0.44324,0.44888,0.44271,0.44843,45647296.5,1775968919999,20322703.92749200,952,45645123.9,20321737.80739200,0
1775968920000,0.44843,0.44918,0.44696,0.44899,868169.1,1775969099999,389778.90831400,487,862056.8,387039.38009900,0
1775969100000,0.44918,0.44975,0.44752,0.44974,6760380.3,1775969279999,3038969.94726500,502,6756866.5,3037393.52919900,0
1775969280000,0.44974,0.45077,0.44946,0.4505,8665455.2,1775969459999,3901153.45447400,744,8663953.2,3900477.24971400,0
1775969460000,0.45077,0.45091,0.44957,0.45059,4419.1,1775969639999,1989.38729700,396,473.0,213.25208900,0
1775969640000,0.45082,0.4514,0.4494,0.45044,5137.4,1775969819999,2314.51160600,416,1703.8,768.76693300,0
1775969820000,0.45044,0.4521,0.44938,0.4521,6993.8,1775969999999,3150.26716400,437,1053.6,475.89535800,0
1775970000000,0.4521,0.45491,0.45132,0.45378,21763846.9,1775970179999,9863943.93037700,717,21761302.6,9862788.95125800,0
1775970180000,0.45378,0.45527,0.45186,0.45186,4447.0,1775970359999,2019.93537700,459,1900.5,864.60661000,0
1775970360000,0.45186,0.45526,0.45171,0.45206,4519.8,1775970539999,2048.48747900,399,0,0,0
1775970540000,0.45206,0.45253,0.44967,0.44967,18626705.8,1775970719999,8398827.38551600,806,864.9,389.62148000,0
1775970720000,0.44967,0.45184,0.44922,0.45025,4352005.2,1775970899999,1965955.82189400,550,4339374.6,1960257.61542600,0
1775970900000,0.45025,0.45184,0.4487,0.4487,3175822.8,1775971079999,1425471.95586400,496,45620.8,20613.17206900,0
1775971080000,0.4487,0.44899,0.44788,0.44868,8927388.3,1775971259999,4000883.87221700,612,3665.4,1642.69773000,0
1775971260000,0.44868,0.4491,0.44788,0.44859,4770.3,1775971439999,2138.65955300,377,2119.9,950.79756000,0
1775971440000,0.44859,0.44948,0.44788,0.44805,55173.8,1775971619999,24714.17405300,387,1707.3,766.18555500,0
1775971620000,0.44833,0.44851,0.44623,0.44631,5742.5,1775971799999,2568.42982400,458,0,0,0
1775971800000,0.44621,0.44948,0.44597,0.44686,8894.7,1775971979999,3984.36281000,406,4479.3,2013.35576400,0
1775971980000,0.44686,0.44948,0.44597,0.44789,4331.6,1775972159999,1938.15465000,399,572.9,256.89671600,0
1775972160000,0.44769,0.4486,0.44597,0.44723,11115.3,1775972339999,4964.26725500,357,0,0,0
1775972340000,0.44723,0.44723,0.44169,0.44169,33968851.1,1775972519999,15087807.44246100,1259,48233.9,21422.01591200,0
1775972520000,0.44169,0.44183,0.44005,0.4417,9175117.6,1775972699999,4042425.72634300,669,3616.9,1595.27632500,0
1775972700000,0.4417,0.44221,0.43973,0.43974,3577444.7,1775972879999,1573588.86352600,401,627.6,277.27783600,0
1775972880000,0.43974,0.43989,0.43788,0.43825,11666421.1,1775973059999,5124962.55820300,841,20068.0,8805.77817300,0
1775973060000,0.43825,0.44314,0.4382,0.44308,30044363.3,1775973239999,13243205.17281000,826,30043865.8,13242985.42700800,0
1775973240000,0.44308,0.44314,0.44086,0.44105,6562.2,1775973419999,2900.77908600,394,2260.4,1001.67365600,0
1775973420000,0.44105,0.44148,0.43788,0.43788,10889165.0,1775973599999,4780780.42753300,746,35.5,15.58272500,0
1775973600000,0.43787,0.43836,0.43596,0.43596,3406181.2,1775973779999,1489125.02980500,819,1807.8,790.97032800,0
1775973780000,0.43596,0.43596,0.43367,0.43372,21733956.6,1775973959999,9450117.13196100,744,2602.3,1131.68986300,0
1775973960000,0.43372,0.43587,0.43276,0.43503,20208148.9,1775974139999,8773418.12364400,799,7930688.4,3453814.54783000,0
1775974140000,0.43503,0.43639,0.43309,0.43639,4464161.1,1775974319999,1946655.47000400,611,4460761.8,1945179.73502000,0
1775974320000,0.43639,0.43963,0.43639,0.43929,23347703.3,1775974499999,10218500.21051800,1049,23346438.2,10217944.77895500,0
1775974500000,0.43929,0.43963,0.43797,0.43939,222663.9,1775974679999,97885.13742500,412,218196.4,95925.68333200,0
1775974680000,0.43939,0.43939,0.43785,0.43785,4561.0,1775974859999,1998.86523200,398,718.1,314.98738400,0
1775974860000,0.43785,0.43864,0.43785,0.43864,4409.1,1775975039999,1933.90579500,372,4146.8,1818.91976600,0
1775975040000,0.43864,0.45012,0.43785,0.44832,75102092.4,1775975219999,33346690.80356800,1031,69209439.2,30703873.39873300,0
1775975220000,0.44832,0.45547,0.44832,0.45474,26716197.1,1775975399999,12103629.69653400,942,26711814.3,12101637.50594600,0
1775975400000,0.45474,0.46266,0.45398,0.46165,33531138.4,1775975579999,15319015.70984200,686,33526267.3,15316795.69362000,0
1775975580000,0.46202,0.46267,0.46063,0.46109,328535.5,1775975759999,151994.46432200,415,318528.1,147372.13280300,0
1775975760000,0.46109,0.46269,0.45935,0.46254,3776961.7,1775975939999,1736379.72612000,448,78835.6,36475.42805300,0
1775975940000,0.46254,0.46291,0.45991,0.45991,5807477.4,1775976119999,2687603.70118800,455,5804232.3,2686104.45464300,0
1775976120000,0.45991,0.45993,0.45717,0.45776,16837226.7,1775976299999,7719708.75656700,613,1337.8,612.29249500,0
1775976300000,0.45776,0.46165,0.45776,0.46146,6333833.5,1775976479999,2919293.14434400,730,6332117.2,2918501.78018900,0
1775976480000,0.46146,0.46804,0.46065,0.46792,51148602.4,1775976659999,23785227.50975300,1092,51145350.6,23783722.34721200,0
1775976660000,0.46792,0.48101,0.46792,0.47899,45726661.9,1775976839999,21593617.73937100,848,40636298.2,19166876.78826800,0
1775976840000,0.47904,0.48192,0.47736,0.47814,25799353.7,1775977019999,12411776.16279400,810,17718052.1,8529089.52954100,0
1775977020000,0.47818,0.47852,0.47227,0.47642,51359677.5,1775977199999,24397355.58624800,1462,18708956.1,8895059.13507800,0
1775977200000,0.47642,0.47983,0.47472,0.47906,36797163.8,1775977379999,17603917.37520400,844,36786810.8,17598977.82591800,0
1775977380000,0.47906,0.48197,0.47893,0.4812,17053408.8,1775977559999,8202299.83686700,904,17052023.1,8201634.89449500,0
1775977560000,0.4812,0.48944,0.481,0.48944,38867449.1,1775977739999,18914556.87063000,951,38847786.9,18904978.22841600,0
1775977740000,0.48944,0.49875,0.48882,0.49725,36541000.1,1775977919999,18017257.83680400,798,36501471.5,17997776.82128400,0
1775977920000,0.49725,0.49889,0.49366,0.49366,12831121.3,1775978099999,6344442.58992600,860,1468557.0,727561.68616200,0
1775978100000,0.49366,0.49366,0.49194,0.49284,9163101.4,1775978279999,4517980.24903900,548,508288.0,250399.90655100,0
1775978280000,0.49265,0.50039,0.49265,0.49858,47357107.0,1775978459999,23503339.32954700,965,47334117.3,23491874.08157300,0
1775978460000,0.49858,0.50039,0.49151,0.49151,16641133.6,1775978639999,8249056.10600300,751,4843.9,2423.55294500,0
1775978640000,0.49151,0.50277,0.49151,0.49913,76897379.9,1775978819999,38292554.99578700,1394,66080932.0,32876770.13527200,0
1775978820000,0.49918,0.50472,0.49918,0.50177,15299620.2,1775978999999,7652563.92230700,751,15245753.7,7625526.48888000,0
1775979000000,0.50177,0.50245,0.49846,0.49874,16846872.5,1775979179999,8422171.46029100,875,3588.4,1793.73571600,0
1775979180000,0.49875,0.49968,0.49447,0.49458,36289880.4,1775979359999,18012610.18157800,1145,2698.8,1344.33317700,0
1775979360000,0.49458,0.49458,0.4889,0.48958,29140406.5,1775979539999,14373356.53873600,760,208281.6,102134.77698800,0
1775979540000,0.48926,0.4908,0.48652,0.48655,16963319.6,1775979719999,8271417.08021700,1030,909.2,444.61895300,0
1775979720000,0.48652,0.4918,0.48652,0.49156,13567391.4,1775979899999,6651665.42564300,719,13565509.9,6650746.66311400,0
1775979900000,0.49156,0.49316,0.48485,0.49242,37747779.1,1775980079999,18447626.19099700,931,24868270.2,12181449.34119900,0
1775980080000,0.49242,0.49493,0.48748,0.48976,38912791.0,1775980259999,19100649.02580500,1114,9499615.5,4691158.32608200,0
1775980260000,0.48954,0.49205,0.48711,0.48823,18023824.2,1775980439999,8838189.91232600,915,9994227.2,4908967.76000400,0
1775980440000,0.48823,0.4919,0.48789,0.48945,16748314.7,1775980619999,8220645.28528600,734,16746092.0,8219556.57999900,0
1775980620000,0.48945,0.49202,0.48945,0.49141,4206393.3,1775980799999,2069345.90574400,522,4203147.9,2067752.46294700,0
1775980800000,0.49117,0.49202,0.4839,0.48458,16957142.9,1775980979999,8259275.55991200,671,1230.7,604.49964100,0
1775980980000,0.48471,0.48672,0.48376,0.48376,51402.8,1775981159999,24967.33083100,384,46419.9,22553.19104900,0
1775981160000,0.48376,0.48377,0.48159,0.48196,18674013.5,1775981339999,9009869.08867400,868,41585.7,20067.12889200,0
1775981340000,0.48196,0.48703,0.48159,0.48687,15495367.3,1775981519999,7510130.67898700,714,15484928.9,7505096.77106600,0
1775981520000,0.48687,0.48703,0.48526,0.48703,13963.1,1775981699999,6790.67133200,414,449.9,219.11479700,0
1775981700000,0.48703,0.48813,0.48594,0.48616,1862000.3,1775981879999,908630.21573200,585,1859292.7,907312.20742800,0
1775981880000,0.48616,0.4918,0.48616,0.4918,37165519.6,1775982059999,18202627.99134000,932,37163872.2,18201825.61822500,0
1775982060000,0.49177,0.4918,0.48769,0.48864,683290.3,1775982239999,333296.85155900,437,31160.5,15199.76709200,0
1775982240000,0.48864,0.48946,0.48764,0.48776,4202.5,1775982419999,2052.10179400,419,281.7,137.76858200,0
1775982420000,0.48776,0.49364,0.4876,0.49259,24819656.7,1775982599999,12226513.26314600,947,24805209.9,12219393.97829700,0
1775982600000,0.49259,0.49364,0.48953,0.48953,10471227.4,1775982779999,5130632.27439400,610,9888.8,4881.45664000,0
1775982780000,0.48953,0.48953,0.48341,0.48431,18574453.9,1775982959999,9033005.79366500,556,1567.6,759.85282100,0
1775982960000,0.48431,0.48541,0.48322,0.48322,150159.5,1775983139999,72571.60089400,439,792.2,384.07311300,0
1775983140000,0.48317,0.48496,0.48255,0.48463,882242.7,1775983319999,427409.12924000,529,650220.2,315065.02059800,0
1775983320000,0.48463,0.48484,0.48201,0.48263,4655.2,1775983499999,2248.59266700,476,293.3,142.17460400,0
1775983500000,0.48259,0.48484,0.47914,0.47916,19255929.8,1775983679999,9255345.57686200,682,141.2,67.92150000,0
1775983680000,0.47916,0.48087,0.47864,0.47873,4577771.5,1775983859999,2192276.26496500,482,7264.6,3485.83874000,0
1775983860000,0.47873,0.47952,0.47749,0.47749,5295715.1,1775984039999,2532711.25332900,632,1199.8,574.10971800,0
1775984040000,0.47749,0.48411,0.4774,0.47967,45244878.9,1775984219999,21791256.71113500,974,37978378.8,18299759.94670100,0
1775984220000,0.47967,0.47988,0.47904,0.47988,2786927.8,1775984399999,1336182.97751800,546,2333.2,1119.22540600,0
1775984400000,0.47988,0.48423,0.47988,0.48423,17669178.2,1775984579999,8506952.90367300,775,17666704.4,8505756.46507600,0
1775984580000,0.48423,0.48744,0.4831,0.48559,14720472.6,1775984759999,7153370.23675100,754,14373605.8,6984521.94058700,0
1775984760000,0.48559,0.48559,0.4798,0.4798,39548787.2,1775984939999,19050053.01946100,936,2341.4,1127.65951900,0
1775984940000,0.4798,0.4824,0.47957,0.48147,2348502.0,1775985119999,1131783.17633800,487,2327875.3,1121881.78116800,0
1775985120000,0.48147,0.48197,0.47968,0.48012,3427.5,1775985299999,1646.52028400,347,0,0,0
1775985300000,0.48012,0.48233,0.47981,0.48088,14855.3,1775985479999,7135.10751700,359,11324.4,5438.49369600,0
1775985480000,0.48082,0.4824,0.47668,0.47668,24063585.7,1775985659999,11509299.61946500,813,202.2,97.13263600,0
1775985660000,0.47668,0.47668,0.47494,0.47622,11924279.1,1775985839999,5676448.02388900,635,3162.0,1504.70036900,0
1775985840000,0.47638,0.47711,0.47526,0.47614,157663.1,1775986019999,75183.60257300,493,154040.8,73458.38498900,0
1775986020000,0.47614,0.47839,0.47614,0.47763,5676076.8,1775986199999,2712455.69381800,622,5628761.7,2689880.06135000,0
1775986200000,0.4777,0.47903,0.47632,0.47674,4070374.5,1775986379999,1948592.47561200,533,4062757.0,1944956.35775300,0
1775986380000,0.4768,0.47749,0.47428,0.47581,14122272.6,1775986559999,6712188.49235600,714,1811.5,860.70807800,0
1775986560000,0.47581,0.47761,0.47423,0.47714,59078.5,1775986739999,28032.00167400,475,4872.3,2322.56204800,0
1775986740000,0.47714,0.48441,0.47714,0.48245,23151223.3,1775986919999,11123436.64488300,838,23003986.4,11052317.72662400,0
1775986920000,0.48245,0.48859,0.4803,0.48767,16781958.3,1775987099999,8135058.10293300,651,16772435.4,8130437.91612900,0
1775987100000,0.48767,0.48862,0.48427,0.48427,10041874.9,1775987279999,4869648.31220500,664,1038.8,507.57845600,0
1775987280000,0.48427,0.48508,0.48278,0.48508,12752744.7,1775987459999,6175663.49223200,804,7178826.7,3477709.30406600,0
1775987460000,0.48508,0.4861,0.48473,0.48606,986254.5,1775987639999,478619.05972800,468,983977.8,477513.84517300,0
1775987640000,0.48606,0.48759,0.48525,0.48728,4495964.7,1775987819999,2188684.60987900,606,4494073.6,2187764.34012900,0
1775987820000,0.48728,0.48833,0.48643,0.48643,3479160.3,1775987999999,1697223.39066700,674,3464833.0,1690249.89259900,0
1775988000000,0.48643,0.48833,0.48569,0.48569,51601.1,1775988179999,25165.73091400,442,37999.0,18555.59006600,0
1775988180000,0.48566,0.49345,0.48566,0.49345,18353642.8,1775988359999,8978338.79635200,703,18351477.6,8977280.74690700,0
1775988360000,0.49345,0.49817,0.49345,0.49817,21245867.4,1775988539999,10538253.78095500,795,21242234.8,10536449.15200000,0
1775988540000,0.49817,0.50199,0.49817,0.49864,31735769.5,1775988719999,15861646.50347600,811,31733214.7,15860369.89859800,0
1775988720000,0.49864,0.49864,0.49622,0.49729,18587185.8,1775988899999,9241896.33372600,682,207428.6,102947.45953900,0
1775988900000,0.49729,0.49824,0.49622,0.49824,4341.8,1775989079999,2158.94765800,414,1903.0,947.40206000,0
1775989080000,0.49824,0.49834,0.49517,0.49517,6242.5,1775989259999,3100.82965500,414,1210.1,603.02384100,0
1775989260000,0.49517,0.49707,0.49517,0.49687,4073.4,1775989439999,2020.87630200,402,0,0,0
1775989440000,0.49687,0.49973,0.49636,0.49971,6153261.3,1775989619999,3069944.55786600,618,6151089.3,3068861.24449600,0
1775989620000,0.49969,0.4998,0.49813,0.49936,3700.9,1775989799999,1847.19112600,368,294.1,146.98589300,0
1775989800000,0.49936,0.50057,0.49812,0.49857,3649.4,1775989979999,1823.10458900,374,1440.8,720.64157800,0
1775989980000,0.4984,0.50057,0.49736,0.49736,15657.4,1775990159999,7827.18845300,354,11322.9,5667.90405300,0
1775990160000,0.49736,0.49842,0.49664,0.49803,10094.2,1775990339999,5018.48354100,297,0,0,0
1775990340000,0.49848,0.49996,0.49664,0.4996,14390.2,1775990519999,7154.10747500,320,0,0,0
1775990520000,0.4996,0.50109,0.49775,0.49821,4997368.6,1775990699999,2503124.22084500,501,4990386.3,2499636.75003800,0
1775990700000,0.49821,0.49821,0.49551,0.4959,13225311.9,1775990879999,6562670.30302800,856,1208.8,599.68190700,0
1775990880000,0.4959,0.4959,0.49347,0.49488,22638920.2,1775991059999,11192136.12743400,1050,879.0,434.80875300,0
1775991060000,0.49488,0.4952,0.49347,0.49452,3747.8,1775991239999,1852.52472200,355,147.2,72.89210100,0
1775991240000,0.49464,0.49522,0.49347,0.49368,5616.2,1775991419999,2776.58187400,330,2117.7,1048.72739400,0
1775991420000,0.49368,0.49476,0.49368,0.49368,7706.8,1775991599999,3805.14765000,359,0,0,0
1775991600000,0.49368,0.49423,0.49368,0.49368,3861.3,1775991779999,1906.28548900,363,0,0,0
1775991780000,0.49368,0.4954,0.49368,0.4954,1704764.7,1775991959999,844357.79960400,430,1701225.5,842609.85520600,0
1775991960000,0.4954,0.49565,0.4897,0.4897,22968271.4,1775992139999,11286234.81958500,810,1449774.9,718409.37793700,0
1775992140000,0.4897,0.49112,0.48954,0.49096,1486240.7,1775992319999,728277.28101100,551,414149.0,203352.48139200,0
1775992320000,0.49089,0.4954,0.49089,0.49536,25431264.2,1775992499999,12563944.57092800,820,25429463.4,12563054.30759300,0
1775992500000,0.49523,0.4954,0.49256,0.49256,2978893.7,1775992679999,1471431.79909700,499,241718.4,119747.29536000,0
1775992680000,0.49256,0.49256,0.48792,0.48792,27870552.4,1775992859999,13685476.93833300,988,362.8,177.83578600,0
1775992860000,0.48792,0.48792,0.48662,0.48744,10552844.8,1775993039999,5140120.82411400,813,1442.6,702.68918100,0
1775993040000,0.48744,0.48848,0.48662,0.48848,4909.6,1775993219999,2393.49956500,435,2773.5,1352.80280600,0
1775993220000,0.48848,0.4891,0.48662,0.48877,6119.3,1775993399999,2985.37443300,413,1305.0,637.83048300,0
1775993400000,0.48877,0.48985,0.48662,0.48932,3506514.4,1775993579999,1716729.57342800,561,3443291.8,1685959.02864700,0
1775993580000,0.48932,0.49026,0.48872,0.49026,20200.2,1775993759999,9891.97615600,418,18178.1,8902.85946600,0
1775993760000,0.49026,0.49188,0.4901,0.49188,4482889.5,1775993939999,2201968.48983000,628,4477669.2,2199407.31587300,0
1775993940000,0.49188,0.49188,0.48896,0.48896,6102.4,1775994119999,2993.23035900,395,267.5,131.57790000,0
1775994120000,0.48896,0.4945,0.4888,0.4945,40367547.8,1775994299999,19905092.72807600,793,40365121.6,19903904.28688000,0
1775994300000,0.4945,0.4945,0.49274,0.49389,6396.5,1775994479999,3160.30797100,397,1876.2,927.78090000,0
1775994480000,0.49395,0.49459,0.49075,0.49075,3624.5,1775994659999,1785.31266100,391,213.9,105.77453100,0
1775994660000,0.49089,0.49137,0.48445,0.48489,38985560.1,1775994839999,19054071.37026500,1138,192.7,94.06770200,0
1775994840000,0.48489,0.48872,0.48445,0.48746,2446144.4,1775995019999,1194389.69501500,587,440513.6,215062.50874000,0
1775995020000,0.48746,0.48746,0.48415,0.48552,4827657.6,1775995199999,2340937.53764100,708,320.5,155.46622100,0
1775995200000,0.48553,0.48561,0.48286,0.48286,11872121.5,1775995379999,5742645.63929200,648,37915.2,18337.39576400,0
1775995380000,0.48283,0.48342,0.48215,0.48249,4562197.6,1775995559999,2200470.84775300,496,1881.4,908.17992900,0
1775995560000,0.48243,0.48334,0.48198,0.48334,3903.1,1775995739999,1883.86072100,368,1685.2,813.99158200,0
1775995740000,0.48334,0.48403,0.48198,0.48285,3977.5,1775995919999,1922.76982100,423,2109.2,1020.07410500,0
1775995920000,0.4828,0.48404,0.4796,0.4796,15196169.8,1775996099999,7306117.00206000,648,1829.1,885.35724200,0
1775996100000,0.4796,0.48241,0.47849,0.48225,17702030.2,1775996279999,8486857.00470500,699,2120667.4,1022490.18639200,0
1775996280000,0.48241,0.48327,0.48191,0.48233,4078275.4,1775996459999,1969735.04505600,478,4075316.8,1968307.68516000,0
1775996460000,0.48233,0.48347,0.48185,0.4823,1797954.0,1775996639999,869031.43039500,415,1794187.3,867214.36459100,0
1775996640000,0.4823,0.48347,0.4814,0.4814,5093.2,1775996819999,2456.02374100,422,228.0,110.23116000,0
1775996820000,0.48138,0.48267,0.48096,0.48257,4263.5,1775996999999,2053.93075800,405,0,0,0
1775997000000,0.48278,0.48363,0.48212,0.48341,4298.5,1775997179999,2076.83984900,427,2896.7,1399.70219300,0
1775997180000,0.48341,0.48393,0.48241,0.4836,982562.0,1775997359999,475279.99578500,465,980024.8,474053.73822200,0
1775997360000,0.4836,0.484,0.48281,0.48281,180305.6,1775997539999,87258.53409000,410,176917.8,85621.21864500,0
1775997540000,0.48328,0.484,0.48111,0.48151,5624.7,1775997719999,2713.89074500,382,1053.1,509.70040000,0
1775997720000,0.48151,0.484,0.47957,0.47957,15169249.2,1775997899999,7284021.52766400,763,5393.5,2609.29023200,0
1775997900000,0.47957,0.47957,0.47044,0.47101,66331774.6,1775998079999,31545683.28027100,1258,3787.8,1785.32536600,0
1775998080000,0.4712,0.47227,0.47092,0.47227,14783.6,1775998259999,6974.99440100,407,11516.8,5435.06950300,0
1775998260000,0.47227,0.47382,0.47044,0.47287,502601.2,1775998439999,237435.83430600,420,500248.4,236323.83651000,0
1775998440000,0.47287,0.47402,0.47061,0.47402,8256772.0,1775998619999,3910567.72765000,562,8255985.8,3910197.02083400,0
1775998620000,0.47402,0.47731,0.47402,0.47731,15596599.7,1775998799999,7407399.17830200,843,15593765.5,7406053.63826200,0
1775998800000,0.47731,0.48026,0.47731,0.47965,21856060.8,1775998979999,10446437.47880600,770,21356063.1,10207022.89231500,0
1775998980000,0.47965,0.48217,0.4789,0.48028,18821484.8,1775999159999,9060511.15404800,740,18794190.0,9047379.52409400,0
1775999160000,0.48028,0.48222,0.47212,0.47319,32181071.9,1775999339999,15332667.84094600,881,26916.9,12973.82118200,0
1775999340000,0.47326,0.47326,0.46663,0.46705,26852999.1,1775999519999,12638411.04772200,1053,5227.5,2450.48565700,0
1775999520000,0.46705,0.46961,0.46634,0.46634,16632.9,1775999699999,7771.80756700,414,3675.2,1721.45955900,0
1775999700000,0.46634,0.46961,0.46602,0.46851,5392.1,1775999879999,2525.62499800,385,1105.9,519.34169900,0
1775999880000,0.46851,0.46998,0.46851,0.4689,4701.4,1776000059999,2206.81931600,384,1150.9,540.73983100,0
1776000060000,0.46898,0.47003,0.46752,0.4676,4056.8,1776000239999,1901.20638100,398,344.6,161.32130000,0
1776000240000,0.4676,0.47084,0.46676,0.47084,10994513.3,1776000419999,5170987.18176400,649,10991806.9,5169721.88929000,0
1776000420000,0.47087,0.47184,0.46974,0.47,1780340.9,1776000599999,839338.64776400,537,1767664.2,833382.20727000,0
1776000600000,0.47,0.47066,0.46862,0.46937,4037.2,1776000779999,1896.06282900,399,0,0,0
1776000780000,0.46938,0.47184,0.46707,0.46707,13120557.8,1776000959999,6137196.76573300,724,672.9,314.55480300,0
1776000960000,0.46707,0.46845,0.46707,0.46832,13909.8,1776001139999,6499.96224500,415,2397.4,1121.65396800,0
1776001140000,0.46848,0.46848,0.46629,0.46641,9429764.1,1776001319999,4401217.19293800,667,1272.0,593.61450100,0
1776001320000,0.46641,0.46649,0.46548,0.46548,5534189.6,1776001499999,2579230.85187800,589,450.2,209.89729800,0
1776001500000,0.46548,0.4665,0.46226,0.46296,17285022.8,1776001679999,8002466.85751100,896,842.0,390.65343700,0
1776001680000,0.46296,0.46672,0.46226,0.46616,10499603.5,1776001859999,4893434.17494000,625,10369310.1,4832641.93915500,0
1776001860000,0.46616,0.4676,0.46524,0.4676,3878723.2,1776002039999,1811308.85227400,633,3876508.1,1810276.61076800,0
1776002040000,0.4676,0.46763,0.46536,0.46715,4085.2,1776002219999,1905.44724400,405,90.3,42.22461900,0
1776002220000,0.46715,0.46867,0.46683,0.46759,7553848.9,1776002399999,3535922.86029400,721,7550776.6,3534485.69710500,0
1776002400000,0.46759,0.46973,0.46756,0.46973,4126.6,1776002579999,1934.83907800,452,2484.9,1165.62465500,0
1776002580000,0.46974,0.47138,0.46919,0.47079,12495366.7,1776002759999,5882285.89202200,714,12493131.4,5881234.76592400,0
1776002760000,0.47079,0.47261,0.47079,0.47162,8187984.8,1776002939999,3864782.88240400,631,8185921.0,3863808.75667200,0
1776002940000,0.47163,0.47301,0.4712,0.4712,3513.4,1776003119999,1658.91104700,334,695.0,328.59574300,0
1776003120000,0.4712,0.47408,0.4712,0.47408,15513.2,1776003299999,7340.61783100,390,13177.0,6237.58850700,0
1776003300000,0.47408,0.47925,0.47387,0.47748,28452834.7,1776003479999,13536280.02480800,951,28438740.7,13529539.96946300,0
1776003480000,0.47781,0.47925,0.47618,0.47712,6631.0,1776003659999,3165.66635000,388,452.3,216.76477500,0
1776003660000,0.47813,0.47971,0.47813,0.47971,2512721.0,1776003839999,1204768.51924000,460,2467167.9,1182921.00982600,0
1776003840000,0.47971,0.47989,0.47896,0.47915,797619.1,1776004019999,382702.43593500,436,794189.2,381058.07514300,0
1776004020000,0.47896,0.48553,0.47888,0.48553,36061419.2,1776004199999,17404929.70442400,850,36060017.7,17404258.06252600,0
1776004200000,0.48553,0.4856,0.4829,0.48322,8796.3,1776004379999,4263.95082300,432,2756.7,1338.46354000,0
1776004380000,0.48322,0.48385,0.48036,0.48111,13191426.4,1776004559999,6345122.03099000,698,382.6,184.00767200,0
1776004560000,0.48095,0.48343,0.48036,0.48337,26863.2,1776004739999,12941.54722400,429,13159.8,6356.14003100,0
1776004740000,0.48336,0.48526,0.48314,0.48443,24645094.3,1776004919999,11938822.27817200,695,24642526.0,11937578.21321000,0
1776004920000,0.48443,0.48994,0.48406,0.48908,22326518.6,1776005099999,10862346.04239700,608,22118707.8,10760664.61439600,0
1776005100000,0.48994,0.48994,0.48793,0.48793,24394.0,1776005279999,11928.67697100,397,10205.7,5000.18065800,0
1776005280000,0.48793,0.48826,0.48687,0.48737,14616.5,1776005459999,7118.58280800,448,53.7,26.21880900,0
1776005460000,0.48737,0.49048,0.4854,0.4854,21755416.7,1776005639999,10603799.00603800,915,6042018.4,2961390.89040100,0
1776005640000,0.4854,0.4854,0.47997,0.48001,35623564.7,1776005819999,17185203.78324800,1059,304386.3,146227.30649000,0
1776005820000,0.48001,0.48043,0.47881,0.48043,3030102.4,1776005999999,1453540.01717500,525,46122.5,22154.19763500,0
1776006000000,0.48051,0.48429,0.48046,0.48304,11647933.8,1776006179999,5613482.96044000,589,11647249.5,5613152.84670300,0
1776006180000,0.48304,0.48304,0.48197,0.4824,36676.2,1776006359999,17683.56096800,257,0,0,0
1776006360000,0.4824,0.48334,0.4819,0.48247,2869.3,1776006539999,1384.38653600,291,0,0,0
1776006540000,0.48245,0.48429,0.48198,0.48343,29423.1,1776006719999,14231.22261600,301,5893.1,2853.96939900,0
1776006720000,0.48345,0.48434,0.48295,0.48418,68982.5,1776006899999,33407.62044500,238,66847.0,32374.42839800,0
1776006900000,0.48409,0.48479,0.48355,0.48479,3178.5,1776007079999,1539.25589200,323,1178.2,570.75302100,0
1776007080000,0.48479,0.48567,0.4836,0.48425,2220.0,1776007259999,1076.55710400,224,1130.2,548.42534700,0
1776007260000,0.48425,0.48575,0.48355,0.48575,63609.6,1776007439999,30781.55918200,223,9857.4,4787.45583900,0
1776007440000,0.48576,0.49004,0.48354,0.49004,27782410.7,1776007619999,13536335.23551600,841,27743900.2,13517713.56817200,0
1776007620000,0.49004,0.49284,0.49004,0.49284,33538268.3,1776007799999,16471539.13363600,672,33487520.7,16446601.58898000,0
1776007800000,0.49284,0.49492,0.49284,0.49492,8456165.4,1776007979999,4181044.89544400,377,8456143.2,4181033.95439600,0
1776007980000,0.49492,0.49891,0.49492,0.49889,34479413.0,1776008159999,17127503.94747700,1057,34466053.0,17120845.18573500,0
1776008160000,0.49864,0.50034,0.49864,0.50034,9809378.8,1776008339999,4897190.78819100,770,9807890.4,4896447.38731500,0
1776008340000,0.50034,0.50127,0.49863,0.50052,21015.0,1776008519999,10527.18345400,425,17725.3,8884.71344100,0
1776008520000,0.50063,0.50254,0.49907,0.50254,6989115.2,1776008699999,3507526.75432800,683,6985396.8,3505664.66452000,0
1776008700000,0.50255,0.53193,0.50255,0.52514,69401404.5,1776008879999,35704779.25322700,1214,55211760.1,28237007.15695700,0
1776008880000,0.52514,0.52985,0.52106,0.52807,20062523.2,1776009059999,10535500.03687500,1090,14775340.2,7761711.92356200,0
1776009060000,0.52805,0.52987,0.52587,0.52714,2851891.2,1776009239999,1508999.36576200,530,2848481.8,1507200.44282900,0
1776009240000,0.52714,0.52714,0.51525,0.51525,50787143.3,1776009419999,26464087.45045900,1201,1820.4,942.70313700,0
1776009420000,0.51525,0.51525,0.51219,0.51348,24349178.5,1776009599999,12512398.07075000,755,40175.1,20634.79996700,0
1776009600000,0.51355,0.5168,0.512,0.51296,12768983.1,1776009779999,6576750.68723800,727,10340329.9,5333039.48289700,0
1776009780000,0.51296,0.52167,0.51134,0.51715,64338147.2,1776009959999,33330136.18100200,1336,45332526.8,23518123.80748100,0
1776009960000,0.51715,0.51715,0.51273,0.51489,13956835.0,1776010139999,7180489.44714800,1196,1168244.3,601642.96487200,0
1776010140000,0.51512,0.51512,0.51265,0.51265,5931.7,1776010319999,3045.18898200,460,0,0,0
1776010320000,0.51264,0.51637,0.5126,0.51435,4826.6,1776010499999,2482.87838800,397,587.0,302.96613300,0
1776010500000,0.51429,0.51656,0.50928,0.51137,24000003.7,1776010679999,12268748.42626500,794,3970.6,2046.86226100,0
1776010680000,0.51166,0.51849,0.51125,0.51733,3610690.2,1776010859999,1862367.97686000,665,3436070.8,1772479.89919800,0
1776010860000,0.51733,0.52281,0.51733,0.52165,35985870.0,1776011039999,18727073.39834100,840,35983572.4,18725878.80255900,0
1776011040000,0.52166,0.52321,0.52049,0.52078,5957869.9,1776011219999,3115072.54562000,553,5560882.9,2908208.39207600,0
1776011220000,0.52078,0.52119,0.51836,0.51888,14391133.8,1776011399999,7469188.70360600,741,2512.9,1304.69067700,0
1776011400000,0.51888,0.51984,0.51699,0.51699,444346.7,1776011579999,230316.74252300,468,4451.4,2313.15509100,0
1776011580000,0.51698,0.51973,0.51611,0.51758,7171703.3,1776011759999,3703678.97006300,604,2247.0,1164.98276600,0
1776011760000,0.51755,0.51858,0.51611,0.51685,50316.5,1776011939999,25975.55695100,398,922.2,477.68432800,0
1776011940000,0.51685,0.52402,0.51641,0.52402,22760300.9,1776012119999,11851905.68003300,892,22753031.9,11848117.16178400,0
1776012120000,0.52402,0.52647,0.52382,0.52647,15007627.1,1776012299999,7876655.19527400,840,15004390.6,7874954.08533200,0
1776012300000,0.52647,0.52656,0.52507,0.5254,83233.1,1776012479999,43821.43862900,440,79406.1,41810.09132000,0
1776012480000,0.5254,0.52664,0.52501,0.52527,4059.7,1776012659999,2134.01051800,412,199.4,105.00834700,0
1776012660000,0.52527,0.52639,0.52483,0.52622,3393.4,1776012839999,1782.94359000,365,206.7,108.76299200,0
1776012840000,0.52622,0.52779,0.52482,0.52779,509164.5,1776013019999,268081.57461400,389,348434.9,183724.75914100,0
1776013020000,0.52779,0.52829,0.52589,0.52691,135465.9,1776013199999,71536.03790000,465,130457.2,68895.71699900,0
1776013200000,0.52691,0.52829,0.5248,0.52725,15030.0,1776013379999,7914.63399600,435,2182.4,1152.52602200,0
1776013380000,0.52725,0.53001,0.52707,0.53001,14677755.1,1776013559999,7768431.78419600,607,14659259.7,7758653.12723400,0
1776013560000,0.53001,0.53551,0.52932,0.53277,20071342.3,1776013739999,10659915.74281500,819,19641807.1,10430897.22963400,0
1776013740000,0.53277,0.53678,0.53125,0.53617,18741118.7,1776013919999,10030259.39122600,829,15191644.1,8143275.13992000,0
1776013920000,0.53617,0.53678,0.53117,0.53152,4729024.6,1776014099999,2522590.40723300,662,2575.1,1371.29509300,0
1776014100000,0.53156,0.53208,0.52952,0.53164,6435.7,1776014279999,3418.74214100,442,647.4,344.40881300,0
1776014280000,0.53176,0.53367,0.53165,0.53324,3998862.0,1776014459999,2131634.13324100,614,3995830.8,2130020.35601600,0
1776014460000,0.53319,0.53373,0.53055,0.53055,1175956.5,1776014639999,626428.33812700,492,455929.0,243336.77367600,0
1776014640000,0.53045,0.53838,0.52823,0.53806,49358942.7,1776014819999,26359361.93607000,1348,33773626.6,18106349.72342600,0
1776014820000,0.53803,0.54987,0.53685,0.54987,29616318.7,1776014999999,16068498.71688400,838,29607105.3,16063498.58770000,0
1776015000000,0.54954,0.56301,0.54954,0.56151,67074026.8,1776015179999,37189630.57885500,1584,67039422.3,37170498.00613700,0
1776015180000,0.56139,0.56469,0.56094,0.56134,18387109.6,1776015359999,10365746.74887700,844,17692031.5,9974461.75779200,0
1776015360000,0.56134,0.56393,0.55643,0.55903,23246185.2,1776015539999,12989647.61588100,806,2091900.8,1168160.30629900,0
1776015540000,0.55903,0.56327,0.55643,0.55696,32046250.9,1776015719999,17943185.16574500,920,21813202.0,12223085.34332300,0
1776015720000,0.55696,0.55714,0.54525,0.54827,33419906.0,1776015899999,18470142.78688200,943,4258395.2,2334766.94681300,0
1776015900000,0.54827,0.55715,0.54471,0.54471,44278494.6,1776016079999,24314099.68783700,1151,12369414.4,6821658.38985400,0
1776016080000,0.54471,0.54519,0.54068,0.54519,37813645.6,1776016259999,20529427.12850600,923,5785507.1,3149535.72710200,0
1776016260000,0.54519,0.55378,0.54519,0.55226,51925693.5,1776016439999,28525179.06057400,933,51923748.1,28524109.37047200,0
1776016440000,0.55203,0.55224,0.54767,0.54918,15166470.0,1776016619999,8324329.80686800,698,1904.5,1045.94915600,0
1776016620000,0.54943,0.5524,0.54737,0.5524,19535830.9,1776016799999,10762505.91806700,816,17240474.0,9505720.10128600,0
1776016800000,0.5524,0.55962,0.55125,0.55897,44708615.4,1776016979999,24780902.72857600,1092,41370307.1,22919216.52931900,0
1776016980000,0.55889,0.55962,0.55035,0.55159,37244232.8,1776017159999,20592791.51724900,1218,429869.9,237819.88253100,0
1776017160000,0.55159,0.55447,0.54768,0.55447,9286233.7,1776017339999,5104021.32051600,830,2167015.9,1198267.93024900,0
1776017340000,0.55346,0.55888,0.55269,0.55341,14315777.0,1776017519999,7953079.80400900,720,13727318.6,7626774.55675200,0
1776017520000,0.55342,0.55403,0.54818,0.54818,17750173.5,1776017699999,9770122.82561600,647,1139.5,627.88078900,0
1776017700000,0.54833,0.55279,0.54818,0.55279,10616036.4,1776017879999,5863747.06086400,570,10614986.9,5863170.48323000,0
1776017880000,0.55279,0.55953,0.55261,0.55851,45976724.8,1776018059999,25560564.86265000,1030,45893539.6,25514527.94572600,0
1776018060000,0.55851,0.57196,0.55851,0.57196,40077284.2,1776018239999,22621287.88514300,1475,38824181.2,21910557.74279600,0
1776018240000,0.57196,0.58577,0.57196,0.58032,62731147.7,1776018419999,36284726.41708500,1300,54537758.4,31524792.24701200,0
1776018420000,0.58041,0.58578,0.57788,0.58578,24661673.7,1776018599999,14365197.53447300,1099,22144506.5,12905272.53740900,0
1776018600000,0.58568,0.58585,0.58256,0.58256,2250381.3,1776018779999,1317986.38332700,519,2019687.5,1183148.77507400,0
1776018780000,0.58256,0.58559,0.57914,0.58425,23553251.4,1776018959999,13699927.40872600,1015,501720.2,292562.19057000,0
1776018960000,0.58426,0.59595,0.58385,0.59595,47782276.3,1776019139999,28200975.14432500,1391,45718964.6,26984676.73275400,0
1776019140000,0.59595,0.64953,0.59545,0.63629,116654825.0,1776019319999,72214973.22476500,1729,107716446.9,66510176.66908200,0
1776019320000,0.63606,0.63606,0.62062,0.6299,46971419.7,1776019499999,29552329.44246100,1185,20980657.1,13177893.41362700,0
1776019500000,0.6299,0.6372,0.62281,0.63679,58908461.0,1776019679999,37194816.99144700,1435,43555863.0,27555171.02867100,0
1776019680000,0.63679,0.6372,0.61735,0.61758,53603462.6,1776019859999,33537581.90855500,1193,108060.8,66870.08977500,0
1776019860000,0.61758,0.62045,0.61198,0.6172,34466350.3,1776020039999,21192854.84190600,999,9205139.8,5674326.00903900,0
1776020040000,0.6172,0.6172,0.59583,0.61,69435423.0,1776020219999,42078023.11665200,1361,25632123.3,15526379.41060200,0
1776020220000,0.61,0.61,0.5994,0.60035,8730537.5,1776020399999,5278138.01781300,726,1691.3,1018.00961600,0
1776020400000,0.60073,0.60367,0.58439,0.5912,83694356.4,1776020579999,49754648.51211700,1529,11018190.2,6612135.07252700,0
1776020580000,0.5912,0.59581,0.57933,0.58613,86735172.8,1776020759999,51021250.68141600,1584,28718583.5,16952921.24691700,0
1776020760000,0.58613,0.59062,0.58436,0.59062,24398684.5,1776020939999,14351108.20133400,968,15932577.5,9392233.60997100,0
1776020940000,0.59062,0.60409,0.59062,0.60409,56323613.4,1776021119999,33736753.14567000,1219,56255182.7,33695879.28506600,0
1776021120000,0.60413,0.61111,0.60321,0.61088,30181245.3,1776021299999,18321201.59659800,1128,30171707.3,18315430.04136400,0
1776021300000,0.61088,0.61215,0.60477,0.60759,35580865.3,1776021479999,21657896.59142500,1074,17604793.3,10738464.73807500,0
1776021480000,0.60759,0.61199,0.60196,0.60267,37083110.6,1776021659999,22484285.67622800,1090,12818627.1,7802320.72063200,0
1776021660000,0.60226,0.61424,0.60226,0.61416,21964838.4,1776021839999,13425561.21058900,864,21957891.9,13421304.50461600,0
1776021840000,0.6138,0.61777,0.60652,0.61116,38826819.5,1776022019999,23812872.77920300,1174,24292346.1,14951559.95663800,0
1776022020000,0.61116,0.61116,0.60443,0.60443,16482930.6,1776022199999,10006357.02797000,819,113996.6,69649.12226900,0
1776022200000,0.60443,0.60968,0.60325,0.60968,27423165.4,1776022379999,16642067.87754400,978,20806162.5,12646143.86013700,0
1776022380000,0.60968,0.61363,0.60968,0.61223,10036434.2,1776022559999,6137272.76494300,872,9936467.5,6075985.64683800,0
1776022560000,0.61273,0.61541,0.61273,0.61491,15039105.3,1776022739999,9243938.59007200,728,15036537.7,9242361.24669600,0
1776022740000,0.61438,0.62218,0.61438,0.62101,40543689.4,1776022919999,25074933.57467200,1052,40501676.8,25048847.29072700,0
1776022920000,0.62101,0.62235,0.61842,0.62013,979829.2,1776023099999,609604.85663400,512,973527.2,605689.73538300,0
1776023100000,0.62004,0.62004,0.61049,0.61049,32735011.5,1776023279999,20125646.42127500,1215,15860.4,9744.10970900,0
1776023280000,0.61049,0.61049,0.5914,0.59823,84035477.2,1776023459999,50530175.07295900,1487,11616097.6,6944023.88814500,0
1776023460000,0.59823,0.59823,0.59346,0.59346,18098848.5,1776023639999,10791166.53477000,839,1477.0,879.34133100,0
1776023640000,0.59346,0.59834,0.58876,0.59006,36332773.6,1776023819999,21538207.54242300,1254,11120288.5,6629100.03425800,0
1776023820000,0.59006,0.59388,0.58756,0.58756,16921118.1,1776023999999,9992094.08772900,967,4900734.0,2904002.15346000,0
1776024000000,0.58756,0.58776,0.5716,0.5716,66386559.9,1776024179999,38435976.98992100,1296,12926.5,7483.65730800,0
1776024180000,0.5716,0.57904,0.56561,0.57904,60517790.3,1776024359999,34678276.88227100,1259,42130282.2,24194736.30118500,0
1776024360000,0.57904,0.59031,0.57904,0.58694,60508746.8,1776024539999,35401063.18925600,1302,60506086.9,35399503.34642900,0
1776024540000,0.58672,0.59342,0.57982,0.57997,60092420.8,1776024719999,35320853.13715300,1384,19928550.4,11796021.90478100,0
1776024720000,0.57997,0.58911,0.57982,0.58617,32567161.3,1776024899999,19077655.04366400,1088,14909761.1,8738546.63310000,0
1776024900000,0.58617,0.58617,0.5675,0.5675,83589130.3,1776025079999,48114384.34275900,1738,838.2,487.27765800,0
1776025080000,0.56794,0.56883,0.55238,0.55415,71905559.7,1776025259999,40226876.61611900,1270,13644.9,7636.32523100,0
1776025260000,0.55418,0.55419,0.54791,0.54791,34921551.1,1776025439999,19205577.29302300,1080,26873.4,14837.40241500,0
1776025440000,0.54791,0.54849,0.53849,0.54175,65398280.6,1776025619999,35528846.06620700,1324,6353898.6,3446462.97290000,0
1776025620000,0.54175,0.55008,0.53789,0.55001,26195405.1,1776025799999,14175128.24566700,1033,9395746.6,5085970.92106900,0
1776025800000,0.55001,0.5664,0.54904,0.56442,82386934.1,1776025979999,45715473.77665400,1300,82366536.2,45703977.86299700,0
1776025980000,0.56442,0.56557,0.56074,0.5643,18260981.6,1776026159999,10257957.51717000,927,9514542.8,5346633.41572800,0
1776026160000,0.5643,0.57085,0.56263,0.56667,37754912.0,1776026339999,21456812.06941700,1005,37248768.5,21169478.33064900,0
1776026340000,0.56667,0.5721,0.56515,0.56944,15553248.5,1776026519999,8831108.06219400,890,6460913.8,3687563.14245800,0
1776026520000,0.56944,0.57295,0.56909,0.57295,7914195.5,1776026699999,4531748.10220600,603,7908543.7,4528519.51480400,0
1776026700000,0.57295,0.58032,0.57295,0.58032,68743586.3,1776026879999,39592238.43581400,1337,65574257.7,37770525.46222100,0
1776026880000,0.5803,0.5803,0.57201,0.57454,22601849.8,1776027059999,12971185.47065900,752,6803207.3,3899177.16162700,0
1776027060000,0.57459,0.57753,0.57425,0.57487,21318137.2,1776027239999,12261200.66907100,695,12073490.8,6942106.90033500,0
1776027240000,0.57487,0.57508,0.57372,0.57372,3359675.6,1776027419999,1930618.48004100,455,801.6,460.71109700,0
1776027420000,0.57372,0.5803,0.57363,0.57955,11195228.9,1776027599999,6474171.79773400,629,11192742.2,6472733.46986900,0
1776027600000,0.57933,0.58171,0.57822,0.58171,10781419.7,1776027779999,6266138.05562400,604,10776597.5,6263347.77103400,0
1776027780000,0.58171,0.58171,0.57705,0.57808,2579783.2,1776027959999,1489806.07109000,523,421.2,243.82962600,0
1776027960000,0.57824,0.58124,0.57586,0.58063,10601543.9,1776028139999,6120835.54972100,930,3267667.3,1892980.88319800,0
1776028140000,0.58039,0.58204,0.57517,0.57703,23910389.2,1776028319999,13828498.03525500,1166,12567020.6,7295507.85773000,0
1776028320000,0.57703,0.57708,0.57465,0.57594,4938837.9,1776028499999,2839815.58138900,590,15781.7,9096.44913800,0
1776028500000,0.57594,0.57906,0.57465,0.57697,15104171.4,1776028679999,8735762.37113000,762,14375426.4,8314960.45021500,0
1776028680000,0.57705,0.58377,0.57575,0.57575,41374215.9,1776028859999,23980743.44762500,1256,24542187.5,14254745.84219100,0
1776028860000,0.57575,0.5761,0.56799,0.56799,34492966.2,1776029039999,19682271.71521600,991,462119.7,262528.22501000,0
1776029040000,0.56809,0.56929,0.56421,0.56929,28908893.8,1776029219999,16403933.07238700,1294,13638950.5,7750902.22757600,0
1776029220000,0.56929,0.57131,0.56768,0.57131,5100974.4,1776029399999,2906635.75451500,561,5098473.7,2905211.45038400,0
1776029400000,0.5704,0.57136,0.56487,0.56487,13319083.2,1776029579999,7542970.52244800,684,3940.9,2232.20394700,0
1776029580000,0.56487,0.56525,0.56263,0.56263,8183104.0,1776029759999,4618608.03689000,718,372436.3,210158.90476600,0
1776029760000,0.56263,0.56456,0.56126,0.56378,3761310.8,1776029939999,2112751.26385300,720,288535.8,162127.66167200,0
1776029940000,0.56373,0.56398,0.5585,0.56001,18795253.2,1776030119999,10527935.57188900,790,470172.9,263532.55162700,0
1776030120000,0.55951,0.56017,0.5585,0.559,18370.8,1776030299999,10278.89241200,445,16355.5,9151.87721600,0
1776030300000,0.559,0.56006,0.55776,0.55785,3381757.2,1776030479999,1887709.25883700,500,109729.9,61447.35797600,0
1776030480000,0.55815,0.56007,0.55615,0.55801,13035.3,1776030659999,7273.98351500,502,4184.0,2342.78979500,0
1776030660000,0.55801,0.55802,0.55306,0.55306,12296091.5,1776030839999,6826423.94359000,737,4666.6,2596.08439500,0
1776030840000,0.55306,0.55306,0.5505,0.55069,3522620.2,1776031019999,1945204.93644200,880,576.1,317.84152400,0
1776031020000,0.55069,0.5528,0.55034,0.55034,3452.3,1776031199999,1904.03129000,467,1608.7,888.05395500,0
1776031200000,0.55033,0.55159,0.55013,0.55036,3778.6,1776031379999,2081.74623400,335,2441.1,1345.13577800,0
1776031380000,0.55036,0.55234,0.5499,0.55073,4442.3,1776031559999,2446.98394100,367,1658.3,914.58763100,0
1776031560000,0.55046,0.55264,0.54977,0.55264,3795.9,1776031739999,2092.71809800,339,1347.0,744.06705900,0
1776031740000,0.55264,0.55264,0.55064,0.55207,3987.3,1776031919999,2200.34628000,349,763.3,421.83011200,0
1776031920000,0.55222,0.55319,0.54609,0.54609,35285081.3,1776032099999,19376530.66894600,1151,7527560.1,4162089.19073300,0
1776032100000,0.54609,0.54714,0.54564,0.54564,629563.7,1776032279999,343688.02779700,457,8545.9,4669.60170900,0
1776032280000,0.54564,0.54789,0.5456,0.54775,3735.9,1776032459999,2043.61342200,417,1047.9,573.76804100,0
1776032460000,0.54779,0.54881,0.54604,0.54636,3595.6,1776032639999,1968.41598300,406,1203.6,659.91740400,0
1776032640000,0.54636,0.5491,0.54562,0.54781,3545.1,1776032819999,1940.95521200,375,362.4,198.93312700,0
1776032820000,0.5478,0.54965,0.54683,0.54884,3586.9,1776032999999,1967.12650400,409,784.9,431.27803000,0
1776033000000,0.54903,0.54903,0.54229,0.54262,21785467.6,1776033179999,11849503.15379600,766,829499.9,450006.76658700,0
1776033180000,0.54262,0.5427,0.54069,0.54102,253388.4,1776033359999,137152.20837800,428,11805.7,6406.12925500,0
1776033360000,0.54102,0.54349,0.54067,0.54097,2294600.1,1776033539999,1244234.68904600,586,1914547.8,1038625.52790900,0
1776033540000,0.54097,0.54291,0.54063,0.54218,2160477.0,1776033719999,1169879.56531800,557,1180886.1,639873.74759900,0
1776033720000,0.54218,0.54259,0.54034,0.5407,844772.7,1776033899999,458093.27514200,457,841354.1,456243.98822400,0
1776033900000,0.54039,0.54259,0.53951,0.54101,1764303.1,1776034079999,952402.68072800,550,184.0,99.83656000,0
1776034080000,0.54136,0.54259,0.53776,0.53776,17226845.7,1776034259999,9282412.42539000,827,1122.8,608.07215500,0
1776034260000,0.53776,0.53872,0.53736,0.53736,711046.0,1776034439999,382483.67872500,492,660089.1,355080.88637700,0
1776034440000,0.53736,0.53897,0.53684,0.5389,4124.0,1776034619999,2217.47259500,459,361.9,195.02378700,0
1776034620000,0.53868,0.53936,0.53679,0.53679,2359336.7,1776034799999,1271754.53751300,532,2356606.3,1270286.40739200,0
1776034800000,0.53679,0.53679,0.53229,0.53229,24634877.5,1776034979999,13167790.90267900,874,514.2,274.05591200,0
1776034980000,0.53229,0.53425,0.53106,0.53425,43801.6,1776035159999,23353.65191500,501,40743.4,21727.72182300,0
1776035160000,0.53429,0.53448,0.53105,0.53358,15048.3,1776035339999,7997.69301700,450,1242.6,662.83105400,0
1776035340000,0.53368,0.53629,0.53317,0.53629,10411006.7,1776035519999,5573619.32096800,674,10409185.3,5572644.30123300,0
1776035520000,0.53629,0.53631,0.5355,0.5356,4272.9,1776035699999,2288.90246900,406,252.7,135.52495300,0
1776035700000,0.5356,0.5356,0.52838,0.52838,25651045.8,1776035879999,13617731.62812000,756,2030.2,1077.81142200,0
1776035880000,0.52838,0.52895,0.52573,0.5265,15238909.9,1776036059999,8024291.83956900,907,1018.5,537.46529500,0
1776036060000,0.5265,0.53026,0.52573,0.53026,4780712.5,1776036239999,2533474.13429000,622,4771941.7,2528842.12016100,0
1776036240000,0.53026,0.53631,0.53026,0.536,24282338.5,1776036419999,12954074.17329200,985,24281706.4,12953736.19622700,0
1776036420000,0.536,0.53657,0.5313,0.5313,10786954.5,1776036599999,5743810.21916100,554,364536.4,195554.05959400,0
1776036600000,0.5313,0.5316,0.53048,0.53091,5976681.4,1776036779999,3173326.26911500,609,4977.2,2644.63871900,0
1776036780000,0.53091,0.53135,0.53048,0.53135,3362.0,1776036959999,1784.99484400,379,2204.2,1170.45241800,0
1776036960000,0.53138,0.53383,0.53138,0.53381,3573.7,1776037139999,1903.78588500,435,2934.8,1562.93205500,0
1776037140000,0.53381,0.5342,0.53312,0.53369,5188.2,1776037319999,2769.47800900,408,2711.2,1447.59061800,0
1776037320000,0.53369,0.53475,0.53048,0.53457,2547316.8,1776037499999,1361781.78127700,512,2545920.7,1361037.84470900,0
1776037500000,0.53457,0.5398,0.53428,0.5398,53349444.8,1776037679999,28643915.41309700,1059,53197968.8,28562906.26533100,0
1776037680000,0.5398,0.54229,0.53642,0.53697,16833895.0,1776037859999,9075505.94448300,935,7562680.9,4090826.45363600,0
1776037860000,0.53697,0.5372,0.53349,0.53372,2635282.8,1776038039999,1408064.88313300,738,83231.9,44650.17405300,0
1776038040000,0.53372,0.53698,0.53349,0.53698,3182823.4,1776038219999,1708635.48401100,547,3176798.2,1705412.62981200,0
1776038220000,0.53698,0.54342,0.53684,0.54342,32260441.6,1776038399999,17412413.28812100,1421,31443650.3,16969867.71108100,0
1776038400000,0.54342,0.54592,0.54313,0.54592,11800022.1,1776038579999,6425503.89444400,873,10881347.9,5925850.12838800,0
1776038580000,0.54592,0.54738,0.54444,0.54738,14022.8,1776038759999,7659.12311400,446,12611.7,6889.33761700,0
1776038760000,0.54738,0.54771,0.54409,0.54771,316701.9,1776038939999,173440.50569600,414,312828.1,171326.51149700,0
1776038940000,0.54771,0.55699,0.54714,0.55695,67020592.1,1776039119999,36993589.02077600,1449,67015459.4,36990776.11894300,0
1776039120000,0.55695,0.56385,0.55648,0.5635,35255657.3,1776039299999,19744714.95745600,1084,35221991.1,19725831.45706700,0
1776039300000,0.56349,0.56385,0.55622,0.55625,28517995.2,1776039479999,15942857.72575600,791,160021.1,90227.03767500,0
1776039480000,0.55625,0.55625,0.55001,0.55001,23642743.3,1776039659999,13047698.17038300,805,6609.4,3675.77278000,0
1776039660000,0.55001,0.55476,0.54789,0.54968,18147516.2,1776039839999,9998886.33095400,629,16179104.3,8914055.15189400,0
1776039840000,0.54996,0.55161,0.5492,0.55108,6902519.3,1776040019999,3803092.49911900,541,6898196.4,3800711.18683100,0
1776040020000,0.55065,0.55217,0.54951,0.55217,3745813.5,1776040199999,2067217.30618400,500,3743739.0,2066076.25557000,0
1776040200000,0.55217,0.55245,0.54616,0.54616,20701431.9,1776040379999,11339356.67355200,997,5345.4,2939.93282600,0
1776040380000,0.54616,0.54616,0.54159,0.54159,25717034.6,1776040559999,13974489.20661800,1113,1374.4,745.42427400,0
1776040560000,0.54159,0.54376,0.54148,0.54349,291047.9,1776040739999,157631.03044900,441,2995.1,1625.22795800,0
1776040740000,0.54349,0.54432,0.54174,0.54314,12685.7,1776040919999,6900.90736100,405,10061.2,5476.25438900,0
1776040920000,0.54314,0.54455,0.53775,0.53775,27535722.8,1776041099999,14856867.61748100,968,34582.3,18823.50626900,0
1776041100000,0.53775,0.53775,0.53408,0.5346,14418752.8,1776041279999,7721322.49563300,797,22048.7,11814.45167400,0
1776041280000,0.5346,0.53473,0.53335,0.53386,8629118.3,1776041459999,4605685.64448300,631,4514.5,2410.04365200,0
1776041460000,0.53386,0.53386,0.53139,0.53145,4986.9,1776041639999,2653.97954100,401,0,0,0
1776041640000,0.53145,0.53493,0.53138,0.53239,664300.1,1776041819999,355301.95117700,388,661298.5,353701.84859100,0
1776041820000,0.53239,0.5451,0.53239,0.54385,18357405.4,1776041999999,9899015.63732600,817,18356014.6,9898266.06011700,0
1776042000000,0.54412,0.54592,0.54042,0.54109,14364086.5,1776042179999,7788383.62126900,575,634735.8,346166.65193100,0
1776042180000,0.54116,0.54523,0.53987,0.54523,7662005.0,1776042359999,4145020.91331600,792,3173941.5,1720483.78136100,0
1776042360000,0.54523,0.54607,0.54449,0.54595,1567117.3,1776042539999,855189.67052900,539,1564048.6,853515.38524500,0
1776042540000,0.54595,0.54678,0.54595,0.54678,1392120.9,1776042719999,760401.18792400,463,1388783.0,758578.62900500,0
1776042720000,0.54678,0.5553,0.54572,0.54973,54704562.6,1776042899999,30144194.28468700,1092,47698548.3,26282578.41633600,0
1776042900000,0.54973,0.54987,0.54471,0.54471,10371044.5,1776043079999,5654735.26771200,736,46425.8,25522.51374600,0
1776043080000,0.54471,0.54471,0.53951,0.53951,37912974.2,1776043259999,20551424.42031900,945,3747.5,2033.14007400,0
1776043260000,0.53951,0.54334,0.53951,0.54318,804383.0,1776043439999,436788.51089600,457,803344.0,436224.62094100,0
1776043440000,0.54318,0.54479,0.54298,0.54302,17797439.5,1776043619999,9683467.19400400,766,17785698.2,9677080.50360000,0
1776043620000,0.54325,0.545,0.54249,0.54249,2609503.8,1776043799999,1419774.80534000,553,1709285.3,931271.09652100,0
1776043800000,0.54249,0.54249,0.54126,0.54241,7699538.5,1776043979999,4171310.07769400,570,2141.2,1160.37071000,0
1776043980000,0.54241,0.54753,0.54241,0.54753,22753172.7,1776044159999,12417536.37582300,977,22752564.2,12417203.99428000,0
1776044160000,0.54753,0.55458,0.54753,0.55331,32135086.5,1776044339999,17666849.39991500,1024,31897239.5,17535464.62690100,0
1776044340000,0.55331,0.5547,0.55157,0.55368,13193.2,1776044519999,7310.76861800,384,9923.1,5503.19137300,0
1776044520000,0.55368,0.5547,0.54659,0.54659,23583531.8,1776044699999,12955686.60374700,705,4593.7,2541.07110800,0
1776044700000,0.54659,0.54782,0.54404,0.54404,195553.6,1776044879999,106712.33314700,523,2185.2,1194.24116600,0
1776044880000,0.54404,0.54546,0.54214,0.54546,13254611.1,1776045059999,7197737.87413600,705,28354.1,15417.23027500,0
1776045060000,0.54546,0.54567,0.54256,0.54284,3296.9,1776045239999,1794.02421700,377,504.1,274.36101800,0
1776045240000,0.54284,0.54291,0.53957,0.53957,14222927.4,1776045419999,7695776.17636200,1007,578129.2,312658.97272800,0
1776045420000,0.53957,0.54019,0.53782,0.53813,11245093.2,1776045599999,6061888.76715400,791,511386.3,275482.89082700,0
1776045600000,0.53782,0.53914,0.53416,0.53416,9166807.2,1776045779999,4903543.88180700,765,569794.7,304658.73724400,0
1776045780000,0.53416,0.53489,0.53349,0.53349,5455080.8,1776045959999,2912489.27577200,484,228138.2,121819.34661500,0
1776045960000,0.53349,0.53485,0.53152,0.53272,53702.8,1776046139999,28703.17441200,423,45658.3,24420.34175500,0
1776046140000,0.53258,0.53449,0.5279,0.5279,27688077.2,1776046319999,14679581.09778600,791,94.0,49.73070000,0
1776046320000,0.5279,0.53123,0.52523,0.52663,19469067.8,1776046499999,10282456.87895700,667,8484255.6,4487087.00272000,0
1776046500000,0.52664,0.52677,0.52456,0.52571,5385831.7,1776046679999,2828856.18003600,679,1774.9,932.92104100,0
1776046680000,0.52578,0.52716,0.52456,0.52693,3233.2,1776046859999,1702.36226400,349,1216.4,640.57544300,0
1776046860000,0.52657,0.52746,0.52534,0.52746,13389.5,1776047039999,7055.67403800,391,10104.5,5326.79881600,0
1776047040000,0.52746,0.52773,0.52405,0.52714,22374.0,1776047219999,11798.22729900,403,19463.5,10267.66016600,0
1776047220000,0.52732,0.52791,0.52399,0.52728,28235.0,1776047399999,14808.93474300,411,1092.7,576.76633800,0
1776047400000,0.52722,0.52805,0.52619,0.52752,431025.9,1776047579999,227566.09857600,459,427606.9,225763.34292300,0
1776047580000,0.52751,0.52808,0.52603,0.52757,206831.7,1776047759999,109119.75525100,413,152481.7,80519.47050500,0
1776047760000,0.52757,0.5283,0.52638,0.52712,978702.3,1776047939999,516904.53114800,459,972294.3,513528.04450000,0
1776047940000,0.52707,0.52849,0.52676,0.52711,5756.9,1776048119999,3037.22337200,411,506.9,267.84604000,0
1776048120000,0.52725,0.52865,0.52693,0.52807,3963.1,1776048299999,2092.13258900,413,494.4,261.31681400,0
1776048300000,0.52807,0.52865,0.5243,0.5243,4604530.9,1776048479999,2418795.51175600,568,4735.0,2503.15775000,0
1776048480000,0.5243,0.5243,0.52271,0.52302,15306899.9,1776048659999,8014203.84871200,855,25351.6,13264.88676700,0
1776048660000,0.52311,0.52485,0.52303,0.52375,9909724.9,1776048839999,5197920.52178800,572,9907959.3,5196995.43821300,0
1776048840000,0.52375,0.52522,0.5227,0.52522,149882.2,1776049019999,78416.41990200,389,32268.2,16936.07364100,0
1776049020000,0.52532,0.52624,0.52532,0.52601,3599.5,1776049199999,1892.83771900,401,1404.9,738.76373700,0
1776049200000,0.52601,0.52831,0.52562,0.52831,3402569.4,1776049379999,1793757.86293000,699,3400866.3,1792860.91710600,0
1776049380000,0.52831,0.52884,0.52744,0.52882,35383.1,1776049559999,18696.97772400,387,32882.6,17376.91571500,0
1776049560000,0.52848,0.52848,0.52648,0.5275,3778.1,1776049739999,1991.49917200,425,0,0,0
1776049740000,0.5275,0.53111,0.52734,0.53111,17961346.2,1776049919999,9526118.19472900,745,17960549.0,9525696.85273800,0
1776049920000,0.53108,0.53342,0.53089,0.53342,11173692.2,1776050099999,5941630.01752400,684,11172207.0,5940839.33102200,0
1776050100000,0.53342,0.53344,0.52949,0.52949,167606.7,1776050279999,89402.97301700,347,164840.6,87932.56887400,0
1776050280000,0.52949,0.53344,0.52922,0.53013,15743.8,1776050459999,8347.39233300,360,3248.7,1732.98652800,0
1776050460000,0.53013,0.53296,0.52919,0.53296,44467.0,1776050639999,23536.58571700,322,215.6,114.74913400,0
1776050640000,0.53287,0.53397,0.52919,0.53182,6101023.3,1776050819999,3256288.86926500,554,6089852.0,3250362.44841500,0
1776050820000,0.532,0.53397,0.52926,0.53062,9657026.7,1776050999999,5125856.93665200,450,37.8,20.18406600,0
1776051000000,0.53062,0.53739,0.53052,0.53739,35939085.0,1776051179999,19237766.35566900,784,35937193.4,19236759.30001700,0
1776051180000,0.53739,0.54208,0.53739,0.53771,26591692.8,1776051359999,14349951.24889500,742,26265230.1,14174315.97723700,0
1776051360000,0.53773,0.53773,0.53443,0.53536,13659931.7,1776051539999,7322971.49359400,717,14300.7,7681.44863300,0
1776051540000,0.53536,0.53536,0.53388,0.53438,7393.7,1776051719999,3950.01993200,346,942.4,503.96864500,0
1776051720000,0.53439,0.53489,0.53293,0.53489,790068.1,1776051899999,421500.87521200,388,9282.3,4960.61039700,0
1776051900000,0.53489,0.53506,0.53279,0.53281,6566.5,1776052079999,3508.18639900,289,2826.5,1512.34037300,0
1776052080000,0.53281,0.53617,0.53281,0.53498,6100084.3,1776052259999,3267661.81051700,555,6097841.1,3266463.45530400,0
1776052260000,0.53498,0.53498,0.53369,0.53395,2182.0,1776052439999,1165.49092500,227,0,0,0
1776052440000,0.53395,0.53395,0.53277,0.53287,5236214.4,1776052619999,2790822.46080400,400,766.0,408.31339500,0
1776052620000,0.53283,0.53283,0.53198,0.53198,5352248.7,1776052799999,2848705.39604300,485,707.4,376.51960100,0
1776052800000,0.53204,0.53278,0.53144,0.53278,4378519.2,1776052979999,2328456.02646000,487,1048.9,558.23219600,0
1776052980000,0.53278,0.53707,0.53144,0.53624,17316579.6,1776053159999,9267044.68780200,475,17315951.0,9266708.35429900,0
1776053160000,0.53619,0.53707,0.53439,0.5359,77048.6,1776053339999,41320.16745300,356,25728.3,13817.89808100,0
1776053340000,0.5359,0.53603,0.53242,0.53242,6319612.8,1776053519999,3367684.51860300,604,0,0,0
1776053520000,0.53242,0.53452,0.53154,0.53452,8063004.6,1776053699999,4290469.67994100,616,307922.8,164578.93148200,0
1776053700000,0.53452,0.54444,0.53452,0.54444,61853789.5,1776053879999,33441705.75215200,1759,61853789.5,33441705.75215200,0
1776053880000,0.54444,0.54502,0.54129,0.5427,16553951.7,1776054059999,9010875.79421000,827,14737464.1,8026379.14396700,0
1776054060000,0.5427,0.54993,0.5427,0.54743,30641998.2,1776054239999,16730853.12589700,1062,30632336.8,16725552.63183400,0
1776054240000,0.5476,0.55029,0.54462,0.54987,12166735.6,1776054419999,6644764.05696800,848,4209438.6,2305544.58091000,0
1776054420000,0.54987,0.55041,0.54803,0.55041,562763.9,1776054599999,309711.06777800,504,559298.9,307808.56388600,0
1776054600000,0.55043,0.55263,0.55019,0.55263,10069410.9,1776054779999,5553716.41695800,827,10065488.6,5551554.78572200,0
1776054780000,0.55266,0.55471,0.55262,0.55421,17243063.3,1776054959999,9542026.68037300,735,17234325.3,9537186.63252200,0
1776054960000,0.55414,0.55549,0.55333,0.55362,2844.6,1776055139999,1577.80271700,313,1130.9,627.65605500,0
1776055140000,0.55355,0.55549,0.54952,0.55007,16153784.4,1776055319999,8901099.17128800,590,43877.2,24136.92244300,0
1776055320000,0.55007,0.55103,0.5489,0.54963,1380638.7,1776055499999,758717.99596800,545,61108.3,33642.00682500,0
1776055500000,0.54963,0.55419,0.54963,0.55152,15481690.4,1776055679999,8559215.16421600,692,15478920.7,8557685.65504200,0
1776055680000,0.55152,0.55257,0.55067,0.5525,3690.1,1776055859999,2035.24931500,425,0,0,0
1776055860000,0.55224,0.55419,0.55067,0.55244,15630.5,1776056039999,8655.82697500,361,12242.2,6784.50481800,0
1776056040000,0.55244,0.55419,0.55067,0.55359,26071.7,1776056219999,14362.91887300,393,165.6,91.77386400,0
1776056220000,0.55419,0.55419,0.54608,0.5465,14276629.8,1776056399999,7848273.80525100,686,35219.6,19245.94864600,0
1776056400000,0.5465,0.54747,0.54367,0.54367,4926045.8,1776056579999,2684906.09197000,791,2785.3,1523.18148700,0
1776056580000,0.54367,0.54367,0.53599,0.53599,43055299.0,1776056759999,23287755.62497800,1201,3004.6,1614.40961400,0
1776056760000,0.53599,0.53601,0.53137,0.53209,24730434.2,1776056939999,13187615.98875500,1204,390.4,208.14579500,0
1776056940000,0.5322,0.53359,0.53131,0.53346,393174.0,1776057119999,208909.59089200,421,2555.6,1361.48239900,0
1776057120000,0.53346,0.53368,0.53171,0.53324,3723.5,1776057299999,1983.24378100,381,78.8,42.04810700,0
1776057300000,0.53281,0.53565,0.53131,0.53482,404681.9,1776057479999,216428.42428700,453,400369.0,214130.40937400,0
1776057480000,0.53482,0.53654,0.53482,0.53482,5060135.5,1776057659999,2712183.77645400,598,5057302.2,2710666.40569500,0
1776057660000,0.53482,0.53657,0.53447,0.53552,4530.1,1776057839999,2425.64556800,411,960.2,515.18656800,0
1776057840000,0.53552,0.53747,0.53445,0.53747,12933.9,1776058019999,6917.60496500,403,1005.9,540.13267500,0
1776058020000,0.53747,0.54137,0.53445,0.54137,29443580.6,1776058199999,15877350.72077100,875,29395376.4,15851582.92593500,0
1776058200000,0.54137,0.5414,0.5408,0.54114,150625.5,1776058379999,81544.42278200,381,147868.9,80052.78998600,0
1776058380000,0.54116,0.5414,0.54079,0.54138,3723.8,1776058559999,2015.67942200,386,2468.8,1336.60832000,0
1776058560000,0.5414,0.54159,0.54063,0.54159,4080951.6,1776058739999,2209700.41439800,503,4078669.1,2208465.12383300,0
1776058740000,0.54159,0.54246,0.54159,0.54159,15622289.0,1776058919999,8467604.91979700,748,15619421.0,8466050.36680100,0
1776058920000,0.54155,0.54246,0.54003,0.54246,38392.2,1776059099999,20737.70521200,429,643.8,349.23574800,0
1776059100000,0.54246,0.54246,0.54041,0.54149,3693.2,1776059279999,2001.71389500,394,831.7,451.05700700,0
1776059280000,0.54149,0.54246,0.53983,0.54001,64652.2,1776059459999,35055.70324200,503,57824.5,31367.29755900,0
1776059460000,0.53997,0.54246,0.53997,0.5406,3835.4,1776059639999,2077.67855100,396,917.3,497.59855800,0
1776059640000,0.5406,0.54246,0.53982,0.54165,47732.9,1776059819999,25887.63171500,384,44147.6,23948.16896800,0
1776059820000,0.5415,0.54162,0.53976,0.53976,2962.0,1776059999999,1601.13287100,309,0,0,0
1776060000000,0.53976,0.54246,0.53595,0.53883,20063726.2,1776060179999,10792499.40663000,654,3513.8,1888.37376900,0
1776060180000,0.53884,0.54164,0.53595,0.54081,1057943.7,1776060359999,571368.66078700,542,1055725.8,570168.80619300,0
1776060360000,0.54081,0.54246,0.53816,0.5383,3940.6,1776060539999,2125.29899400,464,214.8,116.51278200,0
1776060540000,0.5383,0.54246,0.53654,0.53654,4065121.9,1776060719999,2184364.41907000,717,1853.5,995.59882700,0
1776060720000,0.53657,0.53693,0.5341,0.53668,18633963.6,1776060899999,9973147.99523400,1049,3942.3,2110.96327900,0
1776060900000,0.53668,0.53693,0.53295,0.53345,7176377.4,1776061079999,3828528.69851900,686,1398.1,746.16100400,0
1776061080000,0.53356,0.5345,0.53295,0.53433,4698.1,1776061259999,2507.51670000,426,3271.5,1746.17904200,0
1776061260000,0.53435,0.53522,0.53295,0.53426,4052.0,1776061439999,2165.58148900,430,1311.9,701.71356800,0
1776061440000,0.53426,0.53532,0.53295,0.53478,4041.3,1776061619999,2162.09830700,406,1119.4,599.18010800,0
1776061620000,0.53464,0.53568,0.53184,0.53219,6791.9,1776061799999,3623.63952300,504,1363.1,729.96142800,0
1776061800000,0.53219,0.53608,0.53145,0.53608,2502181.9,1776061979999,1340706.89689500,582,2499569.4,1339315.33307800,0
1776061980000,0.53608,0.53644,0.53543,0.53543,1080630.4,1776062159999,579451.09468400,548,1078016.9,578050.55061800,0
1776062160000,0.53543,0.53717,0.53528,0.53708,3954.5,1776062339999,2119.29243900,406,848.3,455.28903700,0
1776062340000,0.53708,0.53897,0.53629,0.5388,7826899.9,1776062519999,4212790.89002200,700,7823540.7,4210985.09841600,0
1776062520000,0.5388,0.5423,0.53754,0.53872,18287099.2,1776062699999,9887387.00845800,821,18282462.3,9884886.17350500,0
1776062700000,0.53871,0.53871,0.53684,0.53748,6306971.5,1776062879999,3388691.58690300,653,936971.3,503312.29189200,0
1776062880000,0.53748,0.53915,0.53681,0.53809,1685903.5,1776063059999,908467.91922500,508,1525648.2,822433.74273800,0
1776063060000,0.53809,0.53922,0.53681,0.53727,3312.0,1776063239999,1782.23203100,391,1692.7,911.14347700,0
1776063240000,0.53727,0.53727,0.53352,0.53504,17498713.1,1776063419999,9365752.89486100,946,5541.4,2959.75781700,0
1776063420000,0.53513,0.53604,0.53438,0.53487,5681.4,1776063599999,3043.03810600,386,3129.2,1677.04788900,0
1776063600000,0.53479,0.5431,0.53352,0.5431,51278727.8,1776063779999,27673027.87711900,1215,51277973.3,27672623.48090500,0
1776063780000,0.54312,0.55092,0.54312,0.55092,62446720.9,1776063959999,34170920.09786700,1416,62441290.0,34167945.21347600,0
1776063960000,0.55092,0.55092,0.54313,0.54313,23692032.3,1776064139999,12923124.39559600,731,20024.6,11022.33947700,0
1776064140000,0.54313,0.544,0.54223,0.54238,1525252.3,1776064319999,828269.25927400,529,21484.0,11684.01924300,0
1776064320000,0.54238,0.54814,0.54223,0.5452,14869771.2,1776064499999,8117936.20979300,637,14214952.6,7760130.12283300,0
1776064500000,0.54432,0.54728,0.54374,0.54588,3249435.2,1776064679999,1775778.44536100,473,2621845.6,1433085.38460700,0
1776064680000,0.54588,0.54833,0.54523,0.54833,15265095.5,1776064859999,8346268.42692100,785,13830904.9,7563658.54872800,0
1776064860000,0.54833,0.54833,0.54546,0.54575,961622.9,1776065039999,524731.99328800,464,1670.5,912.21272300,0
1776065040000,0.54575,0.54871,0.54546,0.54842,24197.3,1776065219999,13241.49422000,411,14456.5,7924.77259900,0
1776065220000,0.54842,0.54901,0.54376,0.54585,12396888.6,1776065399999,6755710.20028900,688,595815.4,325018.78997900,0
1776065400000,0.54585,0.55586,0.54525,0.55445,17936482.8,1776065579999,9865668.71114600,772,17204700.9,9466497.76902300,0
1776065580000,0.55435,0.56541,0.55387,0.56453,29398183.4,1776065759999,16390485.58656600,928,29311104.4,16341310.26117100,0
1776065760000,0.56444,0.56629,0.56054,0.56629,24845341.4,1776065939999,13969210.67012600,1041,12544475.3,7063349.83186000,0
1776065940000,0.56622,0.5678,0.5638,0.5638,4809213.1,1776066119999,2724528.28470000,550,4761767.9,2697717.18510200,0
1776066120000,0.56381,0.5678,0.56255,0.56448,5243663.8,1776066299999,2954712.61087600,808,2924657.9,1649623.69984300,0
1776066300000,0.56523,0.56782,0.56354,0.56541,941911.5,1776066479999,534010.30974500,493,937648.0,531600.48928000,0
1776066480000,0.56553,0.56822,0.56511,0.56624,6581034.9,1776066659999,3738300.12811000,511,6541951.0,3716150.37378400,0
1776066660000,0.56628,0.56966,0.5658,0.56943,7753538.1,1776066839999,4408414.78781800,623,7713438.0,4385629.33394700,0
1776066840000,0.56943,0.57946,0.56909,0.57635,35627638.8,1776067019999,20419162.61129000,1161,35578103.4,20390547.18056300,0
1776067020000,0.57625,0.57625,0.57224,0.57562,9779584.9,1776067199999,5613095.35576100,603,12065.8,6925.03554400,0
1776067200000,0.57377,0.58027,0.57224,0.5802,21111807.1,1776067379999,12198668.64299900,866,21109457.2,12197316.43894200,0
1776067380000,0.58027,0.5922,0.58025,0.5922,60240402.4,1776067559999,35342526.84478300,1360,60226216.4,35334177.05922700,0
1776067560000,0.5922,0.59645,0.592,0.59645,22195450.1,1776067739999,13193154.70420800,1157,22193353.0,13191907.49247600,0
1776067740000,0.59645,0.59746,0.59471,0.59672,4117595.0,1776067919999,2458354.10607900,507,4104587.8,2450613.16850500,0
1776067920000,0.59475,0.59748,0.59007,0.5916,8971241.2,1776068099999,5322690.65270900,592,139021.6,82159.00124800,0
1776068100000,0.5916,0.59227,0.57147,0.57897,61498009.1,1776068279999,35637342.94810900,1066,16786948.4,9681015.72815500,0
1776068280000,0.57897,0.57933,0.56726,0.57295,48459248.1,1776068459999,27695057.45673500,1055,10827250.2,6212058.85465900,0
1776068460000,0.5731,0.58603,0.5731,0.58603,44936527.1,1776068639999,26101485.65243900,1181,44928150.8,26096580.96432800,0
1776068640000,0.58603,0.59747,0.58603,0.59747,59979726.6,1776068819999,35497663.38227000,1527,59977563.8,35496388.95097600,0
1776068820000,0.59747,0.5994,0.58369,0.5838,60659173.3,1776068999999,35819289.65585200,1297,4220972.8,2525095.04965600,0
1776069000000,0.58369,0.58395,0.57291,0.58079,42855498.6,1776069179999,24818013.39890300,922,11180188.3,6466417.61492300,0
1776069180000,0.58079,0.58138,0.57832,0.58125,6639132.6,1776069359999,3848759.55714800,685,3995387.2,2317336.87900800,0
1776069360000,0.58119,0.5826,0.58115,0.58173,2630317.0,1776069539999,1530993.56257400,619,2627476.1,1529341.10229000,0
1776069540000,0.58115,0.5926,0.58111,0.58962,42226048.6,1776069719999,24781438.46696700,931,42224454.7,24780503.81357500,0
1776069720000,0.58962,0.59413,0.5852,0.59413,32760155.7,1776069899999,19318248.12935900,1146,25432609.6,15009409.50467100,0
1776069900000,0.59413,0.60504,0.59362,0.60452,66116671.5,1776070079999,39579517.00489400,1427,66106802.6,39573621.53321200,0
1776070080000,0.60504,0.61058,0.60413,0.60874,36740865.9,1776070259999,22359595.86264900,1290,36645687.3,22301972.51237100,0
1776070260000,0.60874,0.61665,0.60867,0.61595,24573152.2,1776070439999,15064469.75108700,984,24544428.9,15046793.79177700,0
1776070440000,0.61665,0.62285,0.61594,0.62207,20368432.4,1776070619999,12616589.17945200,854,19963050.9,12364858.90087100,0
1776070620000,0.62207,0.63387,0.62177,0.62689,58323391.1,1776070799999,36616937.64668500,1346,43522202.8,27312441.90338700,0
1776070800000,0.62714,0.63705,0.62652,0.63705,30088897.3,1776070979999,19051753.80189600,947,30059392.6,19033036.99432200,0
1776070980000,0.63705,0.63799,0.63528,0.63605,6839287.6,1776071159999,4354135.91623700,604,3605545.4,2298607.34562400,0
1776071160000,0.63528,0.63574,0.62616,0.6312,43297666.4,1776071339999,27320325.94778100,1013,7249531.0,4551317.94132000,0
1776071340000,0.6312,0.64941,0.62988,0.64311,45243098.1,1776071519999,28922886.87312400,1297,39124944.1,25013256.56312000,0
1776071520000,0.64311,0.65181,0.64242,0.64741,16112406.0,1776071699999,10426531.87615800,929,15932611.7,10310697.14976000,0
1776071700000,0.64741,0.65181,0.63522,0.63619,24936661.9,1776071879999,15981735.68643500,896,12871.3,8308.68787200,0
1776071880000,0.63522,0.63638,0.6297,0.63638,30447042.1,1776072059999,19264362.95051200,1158,4767598.5,3028252.95371700,0
1776072060000,0.6364,0.63898,0.63558,0.63661,6558030.3,1776072239999,4176593.33539400,765,6106716.4,3889465.38664000,0
1776072240000,0.6365,0.63898,0.62523,0.6262,28391769.9,1776072419999,17931030.15197600,932,10514.8,6610.34588800,0
1776072420000,0.62557,0.62557,0.60684,0.61891,87727573.4,1776072599999,54111878.06968000,1365,22947489.9,14089577.65802200,0
1776072600000,0.61891,0.62597,0.61783,0.62597,35332872.1,1776072779999,21999516.10124400,1048,33524450.3,20881645.14694800,0
1776072780000,0.62597,0.63729,0.62342,0.62342,57319680.9,1776072959999,36031125.69053700,1245,42146586.0,26528123.52162300,0
1776072960000,0.62342,0.62342,0.60546,0.61837,59822511.0,1776073139999,36726197.92529800,1101,44799819.8,27475551.54438500,0
1776073140000,0.61837,0.61837,0.59929,0.60115,45839046.3,1776073319999,27775773.52282100,1094,3170350.3,1905133.46953700,0
1776073320000,0.60115,0.60158,0.59403,0.5963,20461836.6,1776073499999,12236304.74516100,842,736350.0,441112.17662000,0
1776073500000,0.5963,0.60276,0.59576,0.5958,24018829.1,1776073679999,14406869.04790700,939,18779427.5,11275250.18107300,0
1776073680000,0.59588,0.61188,0.5953,0.60584,64329575.0,1776073859999,38869435.68705100,1132,53421256.7,32254059.23014900,0
1776073860000,0.60347,0.61521,0.60347,0.60515,47907008.4,1776074039999,29213178.37157000,1024,30345026.3,18500720.31236900,0
1776074040000,0.60516,0.6101,0.60516,0.609,28941093.8,1776074219999,17613161.58019900,1023,22344161.8,13595218.40183000,0
1776074220000,0.60898,0.61067,0.60349,0.60916,19771517.1,1776074399999,12022637.03984700,951,11140416.7,6792605.17071300,0
1776074400000,0.60916,0.61577,0.60916,0.61577,34371039.0,1776074579999,21082092.64283100,963,34365172.0,21078512.76195000,0
1776074580000,0.61577,0.61721,0.61187,0.61497,9009148.3,1776074759999,5537832.85640400,709,5661934.7,3488200.05782900,0
1776074760000,0.61497,0.62181,0.61497,0.6192,29047098.8,1776074939999,17966865.41219300,1106,29036085.9,17960048.45958600,0
1776074940000,0.6192,0.62181,0.60831,0.61639,54505207.9,1776075119999,33484143.69623800,1279,12565110.1,7713056.07013000,0
1776075120000,0.61639,0.61829,0.61019,0.61829,21251313.3,1776075299999,13067392.66847900,990,11328618.1,6992231.47077700,0
1776075300000,0.61829,0.62178,0.60945,0.60945,41169037.5,1776075479999,25361038.61282400,1227,12136403.3,7527012.02375300,0
1776075480000,0.60945,0.60981,0.59587,0.59766,31533087.0,1776075659999,19028686.89976900,980,27438.5,16709.89597400,0
1776075660000,0.59801,0.60224,0.59587,0.60002,6536248.5,1776075839999,3923573.11751500,592,5703933.9,3423376.49202700,0
1776075840000,0.60002,0.6058,0.59953,0.60459,19433841.1,1776076019999,11738779.09941000,826,19412688.4,11726072.87471900,0
1776076020000,0.60401,0.61192,0.60356,0.60677,34601276.5,1776076199999,21060967.54818200,992,24395681.9,14850947.79913100,0
1776076200000,0.60677,0.60913,0.6067,0.609,2474168.3,1776076379999,1504787.15113400,594,2473949.7,1504654.27889800,0
1776076380000,0.609,0.61177,0.60703,0.60703,9695006.7,1776076559999,5920912.79784300,802,9692661.3,5919484.43109400,0
1776076560000,0.60887,0.6121,0.6076,0.61001,3319614.5,1776076739999,2030556.81814800,581,3075168.7,1881537.57360800,0
1776076740000,0.61001,0.61261,0.61001,0.61077,6454532.8,1776076919999,3949657.97359400,698,4290087.2,2627070.04789700,0
1776076920000,0.61077,0.61077,0.60496,0.60496,15114415.0,1776077099999,9171417.39147500,1011,378.1,229.34790000,0
1776077100000,0.60496,0.60527,0.59915,0.60071,26752118.6,1776077279999,16100689.99087900,983,3781.3,2271.05652100,0
1776077280000,0.60071,0.60086,0.58626,0.58794,52518588.7,1776077459999,31150715.40906300,1273,1807.4,1079.80191500,0
1776077460000,0.58784,0.58925,0.58118,0.58118,38757544.1,1776077639999,22625152.07431100,944,18018.5,10588.68627200,0
1776077640000,0.58118,0.58811,0.57877,0.58634,27850067.8,1776077819999,16232408.82457900,909,12308563.8,7194318.33172500,0
1776077820000,0.58634,0.58787,0.58062,0.58062,14099287.9,1776077999999,8213638.61768900,669,18338.7,10762.89894200,0
1776078000000,0.58062,0.58233,0.57866,0.57868,8276744.5,1776078179999,4809291.41418100,640,5386700.2,3133152.11618900,0
1776078180000,0.57868,0.58392,0.57383,0.57509,33080662.3,1776078359999,19118803.84476300,872,17580707.7,10157207.73292300,0
1776078360000,0.57509,0.58316,0.5738,0.5738,32327459.5,1776078539999,18673836.30842000,1003,14800209.5,8558852.42090300,0
1776078540000,0.57379,0.58229,0.57331,0.58229,18659965.9,1776078719999,10775105.54273500,974,10698424.0,6205804.63876100,0
1776078720000,0.58229,0.58857,0.58124,0.5876,36331543.4,1776078899999,21276284.46418000,1238,36330586.0,21275726.71594700,0
1776078900000,0.5876,0.58916,0.5861,0.5861,2785232.1,1776079079999,1640412.80829900,478,2782361.4,1638726.42887500,0
1776079080000,0.58607,0.58932,0.58322,0.58347,12074486.8,1776079259999,7069433.59922500,716,487007.1,286987.12796100,0
1776079260000,0.58321,0.58937,0.58308,0.58817,21443758.2,1776079439999,12597139.81996100,893,19235192.9,11309228.28431700,0
1776079440000,0.58817,0.58898,0.58235,0.58898,10182201.2,1776079619999,5965153.86219900,917,6577665.2,3863133.13740800,0
1776079620000,0.58898,0.5895,0.57892,0.58695,31090239.0,1776079799999,18182154.70181300,889,16308481.0,9529504.20459200,0
1776079800000,0.58745,0.59105,0.58489,0.59105,34787716.6,1776079979999,20465246.45887400,1049,28256741.5,16642242.77867600,0
1776079980000,0.59105,0.5924,0.58847,0.59096,5447125.1,1776080159999,3223946.56443000,683,5174544.6,3062915.25984900,0
1776080160000,0.59096,0.5946,0.58845,0.59438,21168219.1,1776080339999,12558358.44953300,679,21165741.0,12556896.03963900,0
1776080340000,0.5946,0.5946,0.59158,0.59296,9836.6,1776080519999,5833.89367500,371,3386.5,2013.61290000,0
1776080520000,0.59336,0.59531,0.59158,0.59531,9888.9,1776080699999,5876.10303900,400,7065.9,4201.79323500,0
1776080700000,0.59531,0.60023,0.59519,0.59519,37540913.1,1776080879999,22402814.59135300,1043,28935624.8,17271853.36152300,0
1776080880000,0.59519,0.59602,0.59271,0.59602,8681374.9,1776081059999,5155371.66373800,535,941560.4,559648.94259300,0
1776081060000,0.59602,0.59602,0.59317,0.59516,18948.8,1776081239999,11244.60945000,398,27.4,16.33094800,0
1776081240000,0.59532,0.5961,0.58644,0.58644,12177119.3,1776081419999,7218249.64418900,632,648198.2,386372.16863900,0
1776081420000,0.58644,0.58645,0.57626,0.57707,40545557.9,1776081599999,23555795.94273400,1168,342927.1,200756.29180200,0
1776081600000,0.57743,0.57833,0.57609,0.57609,219091.4,1776081779999,126317.08441200,400,42740.9,24692.48698900,0
1776081780000,0.57609,0.57833,0.57145,0.57494,24640704.3,1776081959999,14154189.92220600,776,899289.1,516822.27012200,0
1776081960000,0.57494,0.57835,0.57119,0.57332,11419164.0,1776082139999,6547921.97263400,720,3093466.2,1784076.57527900,0
1776082140000,0.57332,0.57624,0.57075,0.57218,2796396.1,1776082319999,1601939.70028000,677,1366838.0,784110.47333300,0
1776082320000,0.57222,0.57298,0.57067,0.5713,5175.7,1776082499999,2959.07538900,389,1185.7,678.67271900,0
1776082500000,0.5713,0.57331,0.57063,0.57164,10590.7,1776082679999,6051.42530000,387,2184.0,1251.45521600,0
1776082680000,0.57164,0.57637,0.57039,0.57291,23725492.3,1776082859999,13640204.77853600,840,21535163.9,12382670.58111100,0
1776082860000,0.57291,0.57671,0.57205,0.57458,2967418.7,1776083039999,1707711.79568400,531,2359353.7,1359008.14919700,0
1776083040000,0.57482,0.57728,0.5744,0.57728,4310778.9,1776083219999,2486788.94456200,606,4121361.8,2377645.76892200,0
1776083220000,0.57728,0.57922,0.57614,0.57614,9773307.5,1776083399999,5646173.82978900,867,8269012.7,4778231.04606800,0
1776083400000,0.57614,0.57943,0.57614,0.57943,551432.2,1776083579999,319431.82867400,514,543868.9,315073.37618200,0
1776083580000,0.57943,0.58124,0.57875,0.57902,12469924.9,1776083759999,7236901.43898700,807,10526686.7,6109790.19321700,0
1776083760000,0.57902,0.58219,0.57869,0.58219,6524094.2,1776083939999,3794340.50068800,717,6246401.7,3633629.69301200,0
1776083940000,0.58219,0.58226,0.579,0.58079,3551.6,1776084119999,2060.68747800,464,36.3,21.13479900,0
1776084120000,0.58047,0.58255,0.579,0.58252,1994997.1,1776084299999,1161441.96622200,597,1992660.9,1160084.20046500,0
1776084300000,0.58252,0.58303,0.58102,0.58303,333391.3,1776084479999,194066.47739600,456,205384.5,119665.99831500,0
1776084480000,0.58303,0.5859,0.58102,0.58541,12450064.1,1776084659999,7280576.94030500,737,12448459.2,7279640.19987400,0
1776084660000,0.58539,0.58773,0.58384,0.58641,9939082.7,1776084839999,5830170.81365800,681,9935255.9,5827926.23012300,0
1776084840000,0.58641,0.58792,0.58584,0.58665,35401.5,1776085019999,20775.59977700,366,16010.0,9412.53938700,0
1776085020000,0.58665,0.58745,0.57714,0.57746,20208477.9,1776085199999,11769068.89171400,861,3997.3,2309.92743300,0
1776085200000,0.57714,0.5856,0.57714,0.5856,26217455.2,1776085379999,15257156.96981200,1058,26212250.0,15254118.37659600,0
1776085380000,0.5856,0.59898,0.58527,0.59892,60373828.4,1776085559999,35793465.65571400,1284,60357339.4,35783611.46620900,0
1776085560000,0.59892,0.60171,0.59862,0.60093,11470992.3,1776085739999,6887731.08866100,812,11469468.0,6886817.03243800,0
1776085740000,0.60078,0.60176,0.59412,0.59587,15813248.9,1776085919999,9441003.81205900,698,2207586.8,1313882.02874900,0
1776085920000,0.59587,0.59587,0.59164,0.59228,6244862.1,1776086099999,3704894.72653900,642,904.2,536.89194400,0
1776086100000,0.59169,0.59236,0.58663,0.58913,25434025.6,1776086279999,14987068.21095800,890,1132.9,666.57517300,0
1776086280000,0.58913,0.59163,0.58663,0.58876,10123423.6,1776086459999,5982806.29743900,613,10095926.5,5966667.10469300,0
1776086460000,0.58873,0.58937,0.58644,0.58881,1034911.6,1776086639999,608148.18283200,525,2074.2,1219.19991100,0
1776086640000,0.58891,0.58908,0.58453,0.5864,8748791.2,1776086819999,5124546.05034000,768,43258.7,25352.16250900,0
1776086820000,0.5864,0.59167,0.5864,0.59128,27237431.9,1776086999999,16072586.96149600,933,27236320.2,16071930.04555400,0
1776087000000,0.59128,0.59951,0.59118,0.59755,56088129.4,1776087179999,33402583.27554500,1042,55917619.7,33301762.88289900,0
1776087180000,0.59755,0.59998,0.59743,0.59902,3605561.9,1776087359999,2162268.84360400,485,3602418.1,2160385.25369500,0
1776087360000,0.59884,0.60053,0.59847,0.60053,20481.6,1776087539999,12279.92958300,373,10364.7,6219.52677900,0
1776087540000,0.60053,0.60126,0.58763,0.59102,38682795.2,1776087719999,22941240.83717900,835,3025.4,1816.55269700,0
1776087720000,0.59102,0.59102,0.58669,0.58713,7377806.5,1776087899999,4332493.65018400,524,42339.8,24885.64379600,0
1776087900000,0.58713,0.59088,0.58669,0.59088,5363773.8,1776088079999,3162117.67182200,553,5228138.5,3082541.27102500,0
1776088080000,0.59088,0.59268,0.58751,0.59268,20507736.4,1776088259999,12139687.68032100,691,20412173.7,12083352.69779700,0
1776088260000,0.59268,0.59268,0.58642,0.58692,1478688.1,1776088439999,870760.53926900,478,57644.5,33874.23659000,0
1776088440000,0.58692,0.58692,0.57885,0.57921,36397626.8,1776088619999,21237983.76160600,1129,1521.9,889.07672100,0
1776088620000,0.57921,0.58098,0.57794,0.58098,6408354.5,1776088799999,3706599.12018000,509,23942.8,13883.08263300,0
1776088800000,0.58054,0.58397,0.57789,0.58321,12281069.8,1776088979999,7147997.54862900,619,12265496.7,7138984.18011400,0
1776088980000,0.58331,0.58397,0.57671,0.57703,12724949.6,1776089159999,7370353.08880100,627,1721.8,1002.38960700,0
1776089160000,0.57703,0.57772,0.57518,0.57772,581788.4,1776089339999,335323.26012600,529,1329.3,767.04380500,0
1776089340000,0.57772,0.57979,0.57634,0.57739,6898371.7,1776089519999,3994780.31669500,666,6893657.9,3992052.52732100,0
1776089520000,0.57739,0.57979,0.57557,0.57568,8675.1,1776089699999,4997.92949900,477,29.1,16.87188900,0
1776089700000,0.57568,0.57568,0.57355,0.57539,10544106.3,1776089879999,6056282.54188000,745,9283.9,5330.39532600,0
1776089880000,0.57539,0.57774,0.57353,0.57522,8899338.5,1776090059999,5136214.74871500,502,8896816.9,5134761.47049500,0
1776090060000,0.5752,0.57774,0.57176,0.57182,16898670.9,1776090239999,9677135.49633700,654,6453.4,3722.09517900,0
1776090240000,0.57182,0.57465,0.57172,0.57465,322695.1,1776090419999,184578.36223500,537,31734.2,18220.30219400,0
1776090420000,0.5747,0.57731,0.5747,0.57609,6351981.9,1776090599999,3660725.69535500,710,6349782.3,3659458.45608500,0
1776090600000,0.57609,0.57761,0.57508,0.57761,993575.6,1776090779999,573718.60232900,455,982104.1,567105.98748400,0
1776090780000,0.57766,0.58007,0.57676,0.58007,18764948.3,1776090959999,10862026.17062400,638,18763822.2,10861375.99896700,0
1776090960000,0.58007,0.58575,0.58007,0.58519,31357968.8,1776091139999,18265317.78895900,652,31320668.5,18243572.16153500,0
1776091140000,0.58519,0.58658,0.58282,0.58562,2760105.4,1776091319999,1617148.65570200,491,2757609.4,1615689.16477300,0
1776091320000,0.58562,0.58658,0.57994,0.5809,15607634.8,1776091499999,9067983.07367800,711,372.8,216.55914700,0
1776091500000,0.5809,0.58557,0.57994,0.58557,11109951.4,1776091679999,6493586.04496600,710,11046054.1,6456529.19307500,0
1776091680000,0.58557,0.58988,0.58557,0.58988,10051714.4,1776091859999,5914040.49019000,993,9987387.9,5876203.93883000,0
1776091860000,0.58988,0.59061,0.58523,0.58871,9541703.3,1776092039999,5595309.02988800,683,667824.4,393552.93892500,0
1776092040000,0.58871,0.58871,0.5843,0.58449,11144270.4,1776092219999,6526650.03966800,714,5261.3,3075.80912800,0
1776092220000,0.58449,0.58541,0.58351,0.58351,101968.0,1776092399999,59685.29824900,415,99262.9,58104.66359000,0
1776092400000,0.58351,0.59044,0.58278,0.58965,11515474.6,1776092579999,6750675.10748800,635,11508753.6,6746749.29059800,0
1776092580000,0.58992,0.59352,0.58871,0.59352,21973148.5,1776092759999,13005271.33108900,750,21968014.7,13002240.56499900,0
1776092760000,0.59352,0.59377,0.58772,0.5925,12053635.9,1776092939999,7104209.23391900,742,2201467.4,1305293.82916000,0
1776092940000,0.5925,0.59789,0.58787,0.59771,18334917.8,1776093119999,10888817.71398700,865,16182320.1,9617973.06927200,0
1776093120000,0.59771,0.59789,0.58868,0.58868,11102612.7,1776093299999,6595675.79620600,602,115009.0,68016.43046500,0
1776093300000,0.58868,0.58868,0.5855,0.58711,15010701.1,1776093479999,8807835.29571800,777,37163.6,21844.16557500,0
1776093480000,0.58711,0.58793,0.58497,0.58638,1988135.8,1776093659999,1163850.78407300,634,2039.0,1196.63179000,0
1776093660000,0.58638,0.58793,0.58437,0.58573,3377.0,1776093839999,1976.45012900,410,171.0,100.53257200,0
1776093840000,0.58573,0.58839,0.58437,0.58573,11087.2,1776094019999,6510.88070700,423,7149.3,4204.21105700,0
1776094020000,0.58573,0.58692,0.58352,0.58692,7496388.9,1776094199999,4377452.59230000,709,455448.9,265986.69607000,0
1776094200000,0.58695,0.59126,0.58695,0.5912,18014187.1,1776094379999,10591852.09796600,706,18009071.2,10588836.96876000,0
1776094380000,0.59126,0.59163,0.58711,0.59116,4674719.4,1776094559999,2764793.88513800,512,4637745.3,2743019.46577000,0
1776094560000,0.59116,0.59742,0.58938,0.59742,26744553.7,1776094739999,15891109.09026100,712,26742429.0,15889853.16843200,0
1776094740000,0.59742,0.59834,0.59516,0.59578,1987442.9,1776094919999,1188020.72743800,599,1951392.4,1166500.58386500,0
1776094920000,0.59578,0.59601,0.59239,0.59324,10451941.7,1776095099999,6204809.53419500,655,657.3,389.84634400,0
1776095100000,0.593,0.5956,0.59239,0.59283,36166.1,1776095279999,21430.43581800,418,1051.0,625.15483200,0
1776095280000,0.59283,0.59845,0.59239,0.59772,7683091.2,1776095459999,4590366.09274600,650,7647430.6,4569229.19407800,0
1776095460000,0.59772,0.59846,0.59082,0.5933,10378161.4,1776095639999,6145861.90901800,671,80340.7,47845.19705200,0
1776095640000,0.5933,0.5933,0.5867,0.59154,37609391.8,1776095819999,22159550.66425200,770,13985066.2,8255398.18297900,0
1776095820000,0.59154,0.59198,0.58867,0.59022,1624113.0,1776095999999,961347.59424200,429,1621315.7,959696.46339200,0
1776096000000,0.59022,0.59442,0.59022,0.59442,7233393.1,1776096179999,4293386.39700100,580,7232164.9,4292657.61632600,0
1776096180000,0.59442,0.59532,0.59344,0.59365,522800.3,1776096359999,310813.12403000,421,479742.7,285246.60591000,0
1776096360000,0.59389,0.60068,0.59389,0.60068,24615251.7,1776096539999,14722470.20080600,995,24484211.6,14643966.52682400,0
1776096540000,0.60068,0.60283,0.60068,0.60091,13220411.9,1776096719999,7959410.31177300,787,13118303.9,7897889.14772900,0
1776096720000,0.60104,0.60288,0.60085,0.60288,3578.2,1776096899999,2155.13583800,391,1751.9,1056.10368900,0
1776096900000,0.60288,0.60693,0.60085,0.60647,10117651.3,1776097079999,6117166.98269900,630,10115362.3,6115781.91357000,0
1776097080000,0.60632,0.60748,0.60479,0.60599,3293484.8,1776097259999,1999255.06372600,557,3045611.4,1848885.97940500,0
1776097260000,0.60599,0.60667,0.59532,0.59568,19013407.0,1776097439999,11437670.43839900,968,8165.0,4889.71815300,0
1776097440000,0.59568,0.59624,0.58601,0.58601,57970099.4,1776097619999,34233951.25327200,1405,2428.4,1446.73336700,0
1776097620000,0.58601,0.59286,0.58557,0.58784,15945490.8,1776097799999,9403104.02875300,843,9691032.4,5728398.07973000,0
1776097800000,0.58784,0.58964,0.5856,0.5856,1513363.6,1776097979999,888969.82994600,593,112615.6,66211.23172500,0
1776097980000,0.5856,0.58727,0.58353,0.5847,20178272.7,1776098159999,11804849.46723200,934,3834085.6,2250057.81703800,0
1776098160000,0.58469,0.58897,0.58058,0.58282,32892336.5,1776098339999,19237767.23037300,994,16627694.7,9773750.47568300,0
1776098340000,0.58282,0.5892,0.58282,0.58579,5063955.5,1776098519999,2957649.30020500,666,5060594.1,2955677.26342600,0
1776098520000,0.58579,0.59142,0.58578,0.59142,9625714.8,1776098699999,5681429.06288900,765,9615166.8,5675219.17795700,0
1776098700000,0.59142,0.5924,0.59011,0.5924,3720518.6,1776098879999,2202175.74463800,583,3718152.6,2200776.99880100,0
1776098880000,0.5924,0.59253,0.58893,0.58893,522237.1,1776099059999,309398.02288800,463,517270.7,306468.02855200,0
1776099060000,0.58893,0.58893,0.58295,0.58295,30000667.7,1776099239999,17578887.85824000,1197,78549.3,46078.00649000,0
1776099240000,0.58295,0.58398,0.58121,0.58186,12339372.2,1776099419999,7181897.28479700,787,20169.3,11757.82737600,0
1776099420000,0.58186,0.58356,0.58113,0.58339,5902.9,1776099599999,3437.30530200,412,4456.6,2596.22076800,0
1776099600000,0.58339,0.58357,0.5806,0.58232,4636.8,1776099779999,2696.10488800,344,261.0,152.08691600,0
1776099780000,0.58232,0.58232,0.5759,0.57688,13724271.4,1776099959999,7953856.38117700,717,24729.2,14261.01648400,0
1776099960000,0.57688,0.57757,0.57571,0.57701,1932866.3,1776100139999,1112930.09907500,445,7065.3,4075.55201600,0
1776100140000,0.57713,0.58057,0.57498,0.58057,20888710.3,1776100319999,12092817.60478800,703,20884267.7,12090259.34922100,0
1776100320000,0.58057,0.58067,0.57472,0.57511,2473479.0,1776100499999,1427413.18850000,526,847957.1,492342.23705300,0
1776100500000,0.57511,0.58068,0.57457,0.57719,5062375.0,1776100679999,2913655.68124800,598,2855697.3,1645628.85906200,0
1776100680000,0.57719,0.57903,0.57696,0.57707,4058.6,1776100859999,2345.32416600,401,0,0,0
1776100860000,0.57707,0.57878,0.57493,0.57493,9950868.4,1776101039999,5727011.40827600,664,300.0,172.55400000,0
1776101040000,0.57493,0.57493,0.56703,0.56879,25339092.6,1776101219999,14491403.56194600,827,135923.3,77377.99871600,0
1776101220000,0.56879,0.56962,0.56797,0.56962,625490.7,1776101399999,355625.44124400,496,738.8,420.62635500,0
1776101400000,0.56963,0.57341,0.56785,0.57321,17423911.7,1776101579999,9947035.72349800,1102,17418904.1,9944189.73213400,0
1776101580000,0.57321,0.57855,0.57321,0.57855,23037137.1,1776101759999,13266617.98740300,1182,23027008.5,13260799.85891000,0
1776101760000,0.57855,0.57907,0.57631,0.57893,1424794.4,1776101939999,824681.74255200,484,1421152.0,822577.54113400,0
1776101940000,0.57893,0.58006,0.57788,0.58006,181189.7,1776102119999,104954.59847600,477,179163.1,103781.18123800,0
1776102120000,0.58006,0.58174,0.57789,0.58169,13141061.7,1776102299999,7630799.64816300,861,13138396.0,7629255.21265800,0
1776102300000,0.58155,0.58159,0.57762,0.57979,7673210.2,1776102479999,4436003.18230300,672,1731.0,1001.83576200,0
1776102480000,0.57973,0.58045,0.57747,0.57747,1721563.9,1776102659999,994283.33398800,450,1188.2,689.13866900,0
1776102660000,0.57747,0.57863,0.57673,0.57701,3415187.6,1776102839999,1971250.89864500,686,139597.4,80594.18074000,0
1776102840000,0.57701,0.57948,0.5757,0.57948,11201235.6,1776103019999,6482119.57836500,710,11198746.7,6480685.01884500,0
1776103020000,0.57948,0.5832,0.57948,0.5832,18796055.9,1776103199999,10929002.65413200,1163,18795625.8,10928752.75014200,0
1776103200000,0.5832,0.58771,0.5832,0.58665,26830453.6,1776103379999,15700507.79872400,852,26826585.8,15698241.08705100,0
1776103380000,0.58665,0.58771,0.58148,0.58148,13740411.3,1776103559999,8007086.98811000,802,1516.9,888.22181200,0
1776103560000,0.58148,0.58148,0.57826,0.58018,15523029.6,1776103739999,8997232.62118300,1054,6917.9,4004.86482500,0
1776103740000,0.58014,0.58127,0.57826,0.58106,5542.3,1776103919999,3213.11592300,414,2316.2,1344.87973200,0
1776103920000,0.58127,0.58452,0.57789,0.58452,17455554.8,1776104099999,10170803.08828100,832,17453326.8,10169511.69116700,0
1776104100000,0.58452,0.58464,0.57706,0.57922,14572350.4,1776104279999,8441138.27962300,696,615545.2,359774.57322100,0
1776104280000,0.57923,0.57925,0.57218,0.57407,22644455.6,1776104459999,13012461.14380300,924,8477.4,4864.87324300,0
1776104460000,0.57419,0.57513,0.57218,0.57513,27727.3,1776104639999,15912.70702100,407,16001.2,9197.87215200,0
1776104640000,0.57513,0.57924,0.57513,0.57924,17699687.3,1776104819999,10209818.99704700,718,17699416.2,10209662.10434600,0
1776104820000,0.57912,0.57978,0.57799,0.57978,39840.3,1776104999999,23066.16895900,374,26878.1,15572.72270400,0
1776105000000,0.57978,0.58051,0.57872,0.58051,3308.8,1776105179999,1918.53830300,419,1440.7,835.78908700,0
1776105180000,0.58053,0.5818,0.57917,0.57945,4826028.6,1776105359999,2804944.65985900,642,4823208.0,2803308.15443100,0
1776105360000,0.57945,0.57967,0.57657,0.57696,12173174.0,1776105539999,7031238.84419500,647,173.3,99.96915400,0
1776105540000,0.57703,0.57777,0.57262,0.57262,21798655.2,1776105719999,12524923.27409800,811,1197.3,690.66640600,0
1776105720000,0.57234,0.57234,0.56791,0.56791,25086290.6,1776105899999,14295033.52187000,1230,193.3,109.91406800,0
1776105900000,0.56793,0.56793,0.54526,0.55347,44398751.6,1776106079999,24881225.74144100,1085,6570485.9,3613920.69470800,0
1776106080000,0.55347,0.55551,0.55229,0.55434,1661659.5,1776106259999,920353.63844200,619,350292.0,194192.29993600,0
1776106260000,0.55396,0.55456,0.55199,0.55199,93454.5,1776106439999,51819.72017900,340,35751.1,19822.55989000,0
1776106440000,0.55199,0.555,0.55192,0.555,10058.4,1776106619999,5555.65650000,269,781.2,433.30882000,0
1776106620000,0.555,0.55519,0.5505,0.5505,12810323.3,1776106799999,7059638.80833400,611,527.1,291.44270600,0
1776106800000,0.5505,0.55124,0.55003,0.551,7671770.9,1776106979999,4222845.06468600,513,1579815.4,870409.80163400,0
1776106980000,0.551,0.551,0.54954,0.55049,27576.9,1776107159999,15168.51989400,303,843.9,464.71281300,0
1776107160000,0.55049,0.55642,0.55049,0.55642,44654217.5,1776107339999,24755562.76270300,992,44653001.2,24754887.18443800,0
1776107340000,0.55642,0.55642,0.55435,0.55621,2094.3,1776107519999,1163.28975400,223,101.7,56.58791400,0
1776107520000,0.55633,0.55642,0.55404,0.55404,2704.1,1776107699999,1502.10349900,207,896.3,498.71924600,0
1776107700000,0.55404,0.55642,0.5503,0.55512,19648596.9,1776107879999,10852239.53983100,861,1932454.6,1069718.50416400,0
1776107880000,0.55512,0.55739,0.5551,0.55739,1033190.4,1776108059999,574420.16748000,502,1031491.6,573475.50617100,0
1776108060000,0.55739,0.564,0.55551,0.564,31598161.4,1776108239999,17696960.72282400,925,31594325.6,17694826.80629700,0
1776108240000,0.564,0.56464,0.5623,0.5631,4487088.6,1776108419999,2532428.45490500,527,4480955.7,2528973.84866300,0
1776108420000,0.56345,0.56467,0.5621,0.56285,16449.6,1776108599999,9283.74473300,393,13123.0,7409.77185000,0
1776108600000,0.56285,0.56468,0.56062,0.56241,5627.3,1776108779999,3169.21206800,400,2259.0,1275.61193600,0
1776108780000,0.56233,0.56233,0.55845,0.5609,17674457.6,1776108959999,9888747.51472000,761,3906.8,2185.96290400,0
1776108960000,0.56118,0.56162,0.55814,0.55867,1278729.5,1776109139999,713935.00845900,494,1280.4,716.86633300,0
1776109140000,0.55868,0.56075,0.55772,0.56075,4582158.5,1776109319999,2567459.58588400,543,4578387.4,2565355.20195700,0
1776109320000,0.56075,0.5637,0.56075,0.5637,18442643.1,1776109499999,10365161.18663100,615,18442129.7,10364872.21483400,0
1776109500000,0.5637,0.56404,0.56226,0.56404,36057.0,1776109679999,20331.79058200,301,33977.1,19160.93079100,0
1776109680000,0.56404,0.57007,0.56404,0.57007,45947242.2,1776109859999,26071128.39668800,969,45943436.9,26068962.61546500,0
1776109860000,0.57009,0.5715,0.56999,0.57088,6925239.2,1776110039999,3951059.93873400,567,6924718.8,3950762.85294600,0
1776110040000,0.5715,0.57357,0.57088,0.5722,6107442.1,1776110219999,3493340.93119600,529,6105743.7,3492368.94938200,0
1776110220000,0.57217,0.57405,0.57114,0.57405,116550.4,1776110399999,66687.58959500,285,94007.7,53794.04880800,0
1776110400000,0.57356,0.57877,0.57114,0.57742,22768675.0,1776110579999,13119517.83261200,661,22765930.1,13117933.15239800,0
1776110580000,0.57738,0.57755,0.57184,0.57184,7175060.2,1776110759999,4113452.72130600,534,9.2,5.27518800,0
1776110760000,0.57184,0.57271,0.57048,0.57107,1369912.1,1776110939999,784165.23464000,384,1186772.5,679476.51825400,0
1776110940000,0.5714,0.57301,0.57048,0.57059,3254.9,1776111119999,1862.72307200,220,1858.4,1064.73893600,0
1776111120000,0.57067,0.57231,0.56943,0.5703,950579.4,1776111299999,541899.74086500,391,161.7,92.42447700,0
1776111300000,0.57028,0.57303,0.57007,0.57176,210465.4,1776111479999,120600.39240300,234,208857.6,119680.73061300,0
1776111480000,0.57176,0.57176,0.56876,0.56876,1390201.8,1776111659999,790914.56746300,312,0,0,0
1776111660000,0.56876,0.57021,0.56738,0.568,10602392.5,1776111839999,6022597.80899600,632,1135.9,645.51162900,0
1776111840000,0.568,0.56911,0.5678,0.56876,3463.7,1776112019999,1969.16518600,433,1384.6,787.42867500,0
1776112020000,0.56825,0.57021,0.56803,0.57021,85379.2,1776112199999,48587.92739600,442,76203.2,43374.09553800,0
1776112200000,0.57021,0.59644,0.57021,0.58352,48930493.6,1776112379999,28561411.85397700,1041,26888482.2,15635817.88717500,0
1776112380000,0.58361,0.58421,0.58191,0.58421,39149.3,1776112559999,22785.55291500,413,618.3,360.95267600,0
1776112560000,0.58415,0.5844,0.58161,0.58363,10048.7,1776112739999,5867.70889800,439,7356.7,4298.86177900,0
1776112740000,0.58351,0.5891,0.58161,0.58405,34060316.3,1776112919999,19943498.06720300,947,17184486.3,10052139.07494500,0
1776112920000,0.58393,0.58472,0.58249,0.58249,4370595.9,1776113099999,2548675.59524000,621,3204.2,1869.07458200,0
1776113100000,0.58249,0.59079,0.58249,0.58855,49698425.8,1776113279999,29221307.68543100,1019,49648073.4,29191971.55809700,0
1776113280000,0.58862,0.58957,0.58394,0.58394,8530809.8,1776113459999,5001834.71467500,650,71.4,41.93067300,0
1776113460000,0.58394,0.58396,0.58075,0.58181,6693179.3,1776113639999,3902841.06090200,828,2900.5,1688.02460300,0
1776113640000,0.58181,0.5857,0.5807,0.58353,12824701.7,1776113819999,7497270.30426500,597,12593511.8,7362231.64465100,0
1776113820000,0.58353,0.58353,0.58191,0.5835,210404.7,1776113999999,122608.47190300,522,1611.4,939.17241300,0
1776114000000,0.5835,0.58622,0.58303,0.58593,5304204.0,1776114179999,3105053.42289300,611,5301600.4,3103529.30082400,0
1776114180000,0.58593,0.5867,0.5834,0.58581,4042194.0,1776114359999,2370658.89691700,575,4039521.4,2369096.16406200,0
1776114360000,0.58581,0.58673,0.58434,0.58613,3464.1,1776114539999,2028.49475400,449,80.7,47.34856500,0
1776114540000,0.58613,0.58755,0.58562,0.5868,3480671.7,1776114719999,2043673.08561200,582,3477886.5,2042039.78135200,0
1776114720000,0.5868,0.58867,0.58649,0.58867,16502.4,1776114899999,9682.72751000,413,1640.0,964.68274600,0
1776114900000,0.58867,0.5939,0.58833,0.59255,22674190.2,1776115079999,13401856.33267200,833,22670286.6,13399543.00990400,0
1776115080000,0.59255,0.59391,0.59173,0.5932,3354.7,1776115259999,1989.20564900,402,1216.4,721.92626400,0
1776115260000,0.59299,0.59525,0.59299,0.59494,4559.7,1776115439999,2710.27370700,460,3339.2,1984.76890800,0
1776115440000,0.59494,0.59778,0.59169,0.59645,23230083.2,1776115619999,13859658.16730200,861,23137284.0,13804364.35040600,0
1776115620000,0.59645,0.59756,0.59394,0.59696,966560.7,1776115799999,575007.60602000,557,252688.1,150520.18416900,0
1776115800000,0.59696,0.59739,0.59374,0.59663,1182684.5,1776115979999,702296.56472900,457,2152.0,1283.44065800,0
1776115980000,0.59663,0.59742,0.59374,0.5969,2083191.4,1776116159999,1243927.10214200,567,1926891.9,1150675.60293900,0
1776116160000,0.5969,0.59864,0.59619,0.5969,10303681.3,1776116339999,6163481.60029400,696,10288305.6,6154298.10098500,0
1776116340000,0.5969,0.59881,0.59493,0.59881,2918792.0,1776116519999,1747477.15168500,542,2916364.1,1746028.12596400,0
1776116520000,0.59881,0.60065,0.5988,0.60065,19100619.4,1776116699999,11455175.59145300,764,19098856.1,11454119.25028600,0
1776116700000,0.60065,0.60144,0.5988,0.60106,7614698.3,1776116879999,4576518.13765200,666,7604765.1,4570549.74817300,0
1776116880000,0.5988,0.60146,0.59543,0.59543,11910370.3,1776117059999,7128541.83478800,721,839662.8,501164.03659600,0
1776117060000,0.59521,0.60106,0.59415,0.59593,78429892.0,1776117239999,46940077.61787900,1115,18083645.2,10768880.90404000,0
1776117240000,0.59593,0.60106,0.59357,0.59996,85276074.4,1776117419999,50814647.96042500,1564,54824058.3,32611874.06319700,0
1776117420000,0.59996,0.60106,0.5932,0.59455,47570491.4,1776117599999,28296633.30554700,1081,39967819.6,23763013.44241500,0
1776117600000,0.59458,0.60106,0.58994,0.59043,84485971.5,1776117779999,50205355.21138900,1266,39106750.1,23181861.88340000,0
1776117780000,0.59056,0.60106,0.59023,0.59644,81672092.3,1776117959999,48635133.65660100,1114,48970551.7,29016455.30826200,0
1776117960000,0.59644,0.60106,0.5941,0.59814,11822427.0,1776118139999,7035588.38310800,477,11550499.1,6873933.85018500,0
1776118140000,0.59814,0.59819,0.59633,0.59633,2729828.9,1776118319999,1628397.67037600,444,0,0,0
1776118320000,0.59633,0.59651,0.59525,0.59651,10805730.2,1776118499999,6437638.09817300,742,2616.0,1559.24732800,0
1776118500000,0.59651,0.59652,0.59462,0.59462,4686207.9,1776118679999,2788321.26695200,679,248234.9,147696.31095100,0
1776118680000,0.59462,0.59512,0.59257,0.59257,14605038.3,1776118859999,8669461.03607400,1003,273697.4,162604.12198100,0
1776118860000,0.59257,0.59338,0.59041,0.59041,14369321.1,1776119039999,8501778.22139100,833,342299.6,202564.22366400,0
1776119040000,0.59041,0.59055,0.58903,0.5894,6090183.8,1776119219999,3591338.93505200,728,703105.1,414622.85099000,0
1776119220000,0.5894,0.59147,0.58903,0.59147,9959.9,1776119399999,5873.53195800,392,5382.4,3176.22366200,0
1776119400000,0.59149,0.59171,0.58881,0.589,3717.8,1776119579999,2193.34465100,429,732.3,433.21830600,0
1776119580000,0.58901,0.58939,0.58504,0.58547,13450446.7,1776119759999,7888625.85043700,653,765.2,448.03731500,0
1776119760000,0.58547,0.58672,0.58504,0.58672,430710.9,1776119939999,252006.83981500,431,19454.8,11404.97375200,0
1776119940000,0.58672,0.5909,0.58672,0.58971,11998682.4,1776120119999,7072871.26528400,666,11691646.1,6891614.25310500,0
1776120120000,0.58971,0.58981,0.58547,0.58558,7384390.1,1776120299999,4328707.56712600,605,286.5,167.81355000,0
1776120300000,0.58547,0.58655,0.58347,0.58655,12207668.4,1776120479999,7139124.60122100,900,1822.0,1065.98447700,0
1776120480000,0.58655,0.58657,0.58457,0.58657,39167.2,1776120659999,22971.57696700,370,36060.4,21151.94755800,0
1776120660000,0.58657,0.58834,0.58549,0.58606,5097229.7,1776120839999,2994045.65771700,511,5095750.9,2993178.43614700,0
1776120840000,0.58618,0.58852,0.58618,0.58752,584807.9,1776121019999,344130.77709400,303,582557.9,342808.61466000,0
1776121020000,0.58752,0.58852,0.58663,0.58738,2596.5,1776121199999,1524.66657800,315,18.0,10.59336000,0
1776121200000,0.58738,0.59007,0.58733,0.58968,15660547.4,1776121379999,9223181.01521200,599,15659227.3,9222403.76815500,0
1776121380000,0.58955,0.59008,0.58567,0.58649,17792.8,1776121559999,10488.66658400,343,14269.4,8420.08738300,0
1776121560000,0.58649,0.58749,0.5843,0.58448,10040579.5,1776121739999,5873231.00533500,624,377.1,220.49501300,0
1776121740000,0.5843,0.59094,0.58427,0.59092,13515534.2,1776121919999,7955547.22699400,646,13259920.4,7806191.95423800,0
1776121920000,0.59094,0.5911,0.58714,0.58714,3199.4,1776122099999,1885.86215600,440,518.8,306.60640500,0
1776122100000,0.58698,0.59112,0.58648,0.59085,49420.1,1776122279999,29203.69782100,357,46602.9,27547.44058400,0
1776122280000,0.59046,0.59046,0.587,0.587,5510.9,1776122459999,3240.84674400,373,0,0,0
1776122460000,0.58699,0.58768,0.58677,0.58702,4632.9,1776122639999,2719.62678900,339,0,0,0
1776122640000,0.58702,0.58873,0.5867,0.5874,2759.1,1776122819999,1620.25452900,314,0,0,0
1776122820000,0.5874,0.59112,0.58712,0.58712,2895.1,1776122999999,1703.05926800,379,226.0,133.37909000,0
1776123000000,0.58739,0.58852,0.58661,0.58661,39136.4,1776123179999,22963.35778500,384,0,0,0
1776123180000,0.58661,0.5878,0.58471,0.58471,10294375.1,1776123359999,6028145.25784000,626,0,0,0
1776123360000,0.58471,0.58577,0.58461,0.58462,370753.7,1776123539999,216775.11944700,424,1520.9,890.14260800,0
1776123540000,0.58461,0.58464,0.5831,0.5831,3322.4,1776123719999,1940.25072100,408,0,0,0
1776123720000,0.58305,0.58577,0.58148,0.58214,4594064.5,1776123899999,2675524.42972200,566,829.7,486.01336900,0
1776123900000,0.58214,0.58423,0.58147,0.58359,5104.0,1776124079999,2971.99497700,384,0,0,0
1776124080000,0.58359,0.58577,0.58278,0.58357,3677.3,1776124259999,2146.81272100,380,288.0,168.70176000,0
1776124260000,0.58357,0.58397,0.58245,0.58359,3355.0,1776124439999,1956.98490500,414,256.7,149.80402400,0
1776124440000,0.58359,0.5841,0.58235,0.58326,3346.6,1776124619999,1951.62124600,391,124.1,72.48271600,0
1776124620000,0.58326,0.58469,0.58195,0.58417,3400.4,1776124799999,1984.27266000,423,334.9,195.74584300,0
1776124800000,0.58426,0.5859,0.58147,0.58454,484564.9,1776124979999,283879.83280700,400,481723.1,282218.39320800,0
1776124980000,0.58468,0.5859,0.58347,0.58347,4161.5,1776125159999,2433.08285200,403,36.4,21.32676000,0
1776125160000,0.58347,0.58347,0.58049,0.58049,12954263.5,1776125339999,7527475.94041600,767,45.9,26.65275300,0
1776125340000,0.58049,0.58049,0.57678,0.57678,18155047.2,1776125519999,10505891.48247300,1161,172.8,99.98838800,0
1776125520000,0.57678,0.57939,0.57638,0.57904,2332715.3,1776125699999,1345160.21075400,500,1540.2,890.00289300,0
1776125700000,0.57904,0.58282,0.57904,0.58282,18455543.9,1776125879999,10724084.36077600,729,18454976.8,10723755.63124900,0
1776125880000,0.58282,0.58323,0.58167,0.58177,210947.2,1776126059999,122990.16845200,408,197430.8,115120.87794300,0
1776126060000,0.58167,0.58167,0.58023,0.58052,3252.0,1776126239999,1888.72050900,400,0,0,0
1776126240000,0.58093,0.58325,0.58056,0.58255,101942.1,1776126419999,59454.65906100,432,99431.3,57992.86537700,0
1776126420000,0.58255,0.5827,0.58171,0.58257,4027.1,1776126599999,2344.27551600,405,0,0,0
1776126600000,0.58257,0.58676,0.58257,0.58528,21779148.4,1776126779999,12738682.88217200,977,21766166.3,12731073.29481600,0
1776126780000,0.58528,0.58528,0.58149,0.58149,8134307.1,1776126959999,4733547.15625500,656,117.1,68.10876700,0
1776126960000,0.58148,0.5852,0.58148,0.58444,98157.0,1776127139999,57081.68262500,465,2038.8,1188.59718900,0
1776127140000,0.58444,0.58636,0.58444,0.58614,641020.9,1776127319999,375716.04065000,528,639187.0,374642.60911200,0
1776127320000,0.58614,0.58637,0.58321,0.58321,4366.4,1776127499999,2553.02848100,438,1003.0,588.12911000,0
1776127500000,0.58321,0.58676,0.58321,0.58589,728834.2,1776127679999,427534.89716300,423,726039.1,425899.50635300,0
1776127680000,0.58598,0.5875,0.58598,0.5875,3413725.3,1776127859999,2004853.66003900,614,3411402.9,2003491.90849600,0
1776127860000,0.5875,0.58845,0.58682,0.587,928954.5,1776128039999,546109.53712500,474,926418.3,544619.87279800,0
1776128040000,0.58708,0.58861,0.58656,0.58726,337672.0,1776128219999,198720.50213600,473,334852.9,197065.28240400,0
1776128220000,0.58726,0.58878,0.58656,0.58806,3477.7,1776128399999,2044.66380500,395,503.3,296.27952800,0
1776128400000,0.58808,0.5922,0.58808,0.5922,30660994.6,1776128579999,18099363.28168500,1017,30651602.4,18093804.73622900,0
1776128580000,0.5922,0.5922,0.59107,0.59107,3313.7,1776128759999,1959.47950200,412,9.1,5.38902000,0
1776128760000,0.59107,0.59355,0.59107,0.59262,5706257.3,1776128939999,3381873.75765800,638,5703608.1,3380304.76007600,0
1776128940000,0.59262,0.59362,0.592,0.592,47976.1,1776129119999,28476.37824000,403,44583.2,26465.47670600,0
1776129120000,0.592,0.59362,0.59107,0.59213,14172.8,1776129299999,8388.33458700,415,620.5,368.34121000,0
1776129300000,0.5925,0.59375,0.59228,0.59291,159813.1,1776129479999,94879.39361500,444,156570.3,92957.05728300,0
1776129480000,0.59291,0.59596,0.59273,0.59596,10169422.2,1776129659999,6043382.40800000,708,10165485.7,6041043.61931900,0
1776129660000,0.59596,0.59634,0.59327,0.59327,13554.6,1776129839999,8051.70809400,447,1064.9,635.01318000,0
1776129840000,0.59327,0.59421,0.59196,0.59407,2134775.4,1776130019999,1264136.48082300,547,796.0,472.18064900,0
1776130020000,0.59407,0.59619,0.59399,0.59619,3188.0,1776130199999,1895.98072700,425,1653.9,984.11372500,0
1776130200000,0.59623,0.60015,0.59623,0.59842,24670769.6,1776130379999,14746611.71153500,1042,24668666.4,14745352.23356300,0
1776130380000,0.59842,0.60015,0.59728,0.59928,2983.0,1776130559999,1785.15224000,349,80.4,48.25206000,0
1776130560000,0.59928,0.6002,0.59725,0.59862,3062.7,1776130739999,1835.02623900,340,486.8,292.07747200,0
1776130740000,0.59908,0.60203,0.59724,0.60078,16152581.0,1776130919999,9714813.89920500,789,16151032.2,9713883.63142700,0
1776130920000,0.60078,0.60286,0.60038,0.60286,8078674.5,1776131099999,4865530.64519800,753,8075006.7,4863324.60601200,0
1776131100000,0.60286,0.60754,0.60286,0.60664,11484993.6,1776131279999,6955199.10834800,1065,11425248.9,6918921.21384900,0
1776131280000,0.60664,0.60851,0.60633,0.60851,998682.1,1776131459999,606887.40503800,576,996739.6,605707.91533600,0
1776131460000,0.60851,0.61158,0.60791,0.61102,3667060.1,1776131639999,2241019.74215800,642,3666604.9,2240742.17091900,0
1776131640000,0.61127,0.6121,0.61025,0.61025,2301621.7,1776131819999,1408236.50734800,579,2295268.6,1404354.16205000,0
1776131820000,0.61113,0.61229,0.60886,0.61143,34976.5,1776131999999,21409.38328400,440,31723.8,19424.12864100,0
1776132000000,0.61097,0.61641,0.60878,0.61576,21350175.8,1776132179999,13105040.12948600,1035,21349029.0,13104340.72807500,0
1776132180000,0.61576,0.61982,0.61511,0.61982,9974889.9,1776132359999,6174648.26708500,761,9965958.4,6169124.23151300,0
1776132360000,0.61982,0.6264,0.61982,0.6264,26339077.1,1776132539999,16389326.64837200,1095,26307228.0,16369425.81293300,0
1776132540000,0.6264,0.63177,0.6264,0.63177,30657036.7,1776132719999,19286257.42959800,1206,30635226.4,19272541.24605100,0
1776132720000,0.63177,0.6318,0.62936,0.63,946319.7,1776132899999,596430.89068400,422,2404.9,1515.21825500,0
1776132900000,0.63,0.63789,0.62936,0.63647,36369150.8,1776133079999,23067445.66690100,1001,36366454.7,23065736.10393400,0
1776133080000,0.63647,0.6436,0.63511,0.64168,20748791.8,1776133259999,13286049.61252300,801,20723748.6,13270029.43778500,0
1776133260000,0.64173,0.6436,0.63392,0.63511,25192724.5,1776133439999,16058142.25341700,863,2015265.1,1286588.03664600,0
1776133440000,0.63511,0.64239,0.63285,0.63435,24447110.3,1776133619999,15590148.13960500,862,8326728.4,5310001.66777000,0
1776133620000,0.63435,0.64274,0.63285,0.64274,15673834.4,1776133799999,10022162.46217500,848,11398324.8,7294593.42394100,0
1776133800000,0.64274,0.65021,0.64274,0.65021,39305351.4,1776133979999,25391664.73561100,1239,39291866.3,25382922.77893500,0
1776133980000,0.65021,0.67383,0.6495,0.67383,74234591.8,1776134159999,49161781.20028600,1393,74211392.2,49146592.46078000,0
1776134160000,0.67383,0.68438,0.67371,0.68309,28250252.1,1776134339999,19151052.54863500,1008,28247703.7,19149321.35514200,0
1776134340000,0.68309,0.68572,0.67848,0.68157,21984835.1,1776134519999,14962954.18944400,954,3747575.3,2553750.41590400,0
1776134520000,0.68165,0.77,0.68165,0.7087,50008046.6,1776134699999,34774431.03878500,1497,48138679.9,33454072.45789400,0
1776134700000,0.70864,0.73527,0.70864,0.73527,64429648.3,1776134879999,46412769.23606100,1463,59321711.0,42724186.61434000,0
1776134880000,0.73527,0.74044,0.72255,0.72255,28513253.1,1776135059999,20882588.85609100,1004,7693206.1,5661759.66470300,0
1776135060000,0.72255,0.72298,0.69726,0.70029,67593649.2,1776135239999,47902935.89422500,1337,11889817.1,8367315.01510400,0
1776135240000,0.70029,0.71247,0.69998,0.71247,42864286.4,1776135419999,30272588.15059500,1099,34938260.6,24675269.31737700,0
1776135420000,0.71247,0.72346,0.71244,0.72165,21447559.1,1776135599999,15380891.47902600,794,21395497.9,15343483.78529600,0
1776135600000,0.72038,0.72346,0.69363,0.70651,58223263.2,1776135779999,41077795.35421100,1442,9972508.5,7010145.21141100,0
1776135780000,0.70651,0.71029,0.70019,0.70805,14486721.7,1776135959999,10217760.04117800,815,7161779.9,5072954.44553900,0
1776135960000,0.71029,0.72346,0.70946,0.71915,28457592.3,1776136139999,20370687.97546500,793,28444728.2,20361535.74261600,0
1776136140000,0.71915,0.73198,0.70843,0.70843,62036507.2,1776136319999,44642617.35560700,1388,26420341.7,19184119.07661700,0
1776136320000,0.70843,0.71055,0.69484,0.69696,49087569.5,1776136499999,34477685.00727300,991,8675032.4,6087381.94577000,0
1776136500000,0.69696,0.70134,0.69287,0.69287,9442328.1,1776136679999,6568100.04755700,799,2850000.5,1989891.63569900,0
1776136680000,0.69287,0.69708,0.69,0.69,17583570.3,1776136859999,12160125.98525100,757,12557.7,8704.32923600,0
1776136860000,0.69,0.70218,0.69,0.70047,23488008.0,1776137039999,16429036.35412800,1118,23485930.8,16427583.89965200,0
1776137040000,0.70038,0.71234,0.69949,0.70977,50286694.9,1776137219999,35547767.57757200,1117,50285560.6,35546967.03258200,0
1776137220000,0.70973,0.71263,0.70803,0.7123,1568840.5,1776137399999,1117749.42848200,441,1555626.8,1108388.39132700,0
1776137400000,0.71263,0.71553,0.7088,0.71439,14032055.3,1776137579999,9994155.82835200,642,9694922.6,6917583.25502100,0
1776137580000,0.71439,0.7179,0.71374,0.71756,17221507.0,1776137759999,12337112.40438900,702,17220030.1,12336054.46465300,0
1776137760000,0.71756,0.7179,0.70515,0.70692,27249267.4,1776137939999,19343580.23349200,863,1725.7,1219.54638800,0
1776137940000,0.70692,0.70764,0.69965,0.69968,26958515.9,1776138119999,18936706.60739900,951,858.3,602.60114000,0
1776138120000,0.69968,0.70146,0.69382,0.69627,16288775.9,1776138299999,11341041.48623500,734,772.6,539.30276800,0
1776138300000,0.69699,0.69701,0.68261,0.68261,18921019.1,1776138479999,13075472.22236300,815,5947.8,4075.99487500,0
1776138480000,0.68261,0.68378,0.66706,0.66706,48794221.7,1776138659999,32952306.53221600,1456,86410.0,59009.86801100,0
1776138660000,0.66706,0.66773,0.64671,0.65484,42522912.8,1776138839999,28069290.34395500,1040,2672131.6,1746956.35089700,0
1776138840000,0.65484,0.65678,0.65012,0.65132,8409121.1,1776139019999,5479272.42010000,671,749.2,490.84460200,0
1776139020000,0.65132,0.6547,0.64461,0.64548,13779156.9,1776139199999,8941223.12313500,735,637193.8,415576.17847300,0
1776139200000,0.64548,0.66718,0.64548,0.66287,62012833.3,1776139379999,40986990.92251600,1329,46325587.4,30574352.52570500,0
1776139380000,0.66287,0.6665,0.65099,0.65099,44972628.8,1776139559999,29521991.32061100,1164,608265.2,404185.40516400,0
1776139560000,0.65099,0.65099,0.63669,0.63946,43604360.2,1776139739999,28059495.52332400,1024,1382300.4,881956.11426400,0
1776139740000,0.63946,0.6403,0.6295,0.6295,25091805.3,1776139919999,15880056.44158100,903,5577.9,3549.14788900,0
1776139920000,0.63037,0.63453,0.62559,0.63323,36432812.6,1776140099999,22903949.82173800,1191,14977471.5,9438006.10197400,0
1776140100000,0.63299,0.64326,0.62534,0.64326,73623461.2,1776140279999,46700126.62213800,1540,60612383.9,38514589.33418500,0
1776140280000,0.643,0.66126,0.643,0.65606,96033996.6,1776140459999,62491716.13134600,1598,92353299.5,60076655.36371700,0
1776140460000,0.65606,0.67881,0.65606,0.67605,72049337.7,1776140639999,48113210.78576800,1347,69502878.0,46391078.31052400,0
1776140640000,0.67605,0.67824,0.6748,0.6748,9594404.9,1776140819999,6482042.48742000,761,5351916.7,3617218.85973900,0
1776140820000,0.6748,0.67989,0.67277,0.67847,16913297.6,1776140999999,11438472.36724000,851,8246023.8,5598974.10626900,0
1776141000000,0.67847,0.67989,0.67167,0.67167,7376228.8,1776141179999,4973584.40004900,808,93482.0,63557.30638700,0
1776141180000,0.67167,0.67376,0.6692,0.67198,9016127.3,1776141359999,6060797.51498800,717,5923627.0,3988840.42187100,0
1776141360000,0.67196,0.68132,0.67039,0.68127,37626212.7,1776141539999,25499917.00371000,1101,37504813.4,25418502.79277600,0
1776141540000,0.68127,0.68127,0.66911,0.67341,11634208.3,1776141719999,7842688.58772800,731,2062246.2,1388323.66147700,0
1776141720000,0.67341,0.67462,0.67001,0.67001,3159856.9,1776141899999,2122268.24142000,783,35727.5,24102.25225400,0
1776141900000,0.67001,0.67001,0.65751,0.65923,47330049.1,1776142079999,31392139.64474300,1394,426068.9,282161.24144900,0
1776142080000,0.65923,0.66429,0.65491,0.65491,18958698.4,1776142259999,12478649.43543800,982,964161.8,639031.17303300,0
1776142260000,0.65491,0.65593,0.64909,0.65028,31940837.9,1776142439999,20842633.73368600,1269,2732173.0,1786196.36727700,0
1776142440000,0.65028,0.66422,0.64761,0.66422,13922268.0,1776142619999,9053873.96191200,673,11424554.8,7432903.50670600,0
1776142620000,0.66422,0.66422,0.65712,0.65771,56572163.8,1776142799999,37380128.91651200,924,12765566.9,8407590.49985800,0
1776142800000,0.65736,0.65736,0.64904,0.64966,37330147.0,1776142979999,24363946.50912300,1234,5384615.4,3506837.57883000,0
1776142980000,0.64966,0.65095,0.64904,0.64919,75906.9,1776143159999,49269.38935100,346,1747.8,1136.27676300,0
1776143160000,0.64966,0.65095,0.64329,0.64329,29095624.9,1776143339999,18777883.45089600,968,5653.8,3679.95922700,0
1776143340000,0.64329,0.64329,0.6321,0.63256,57454741.7,1776143519999,36617922.05516500,1404,11897.5,7641.64515500,0
1776143520000,0.6321,0.6343,0.6319,0.6319,1210520.1,1776143699999,765081.63291700,401,7554.9,4777.46675500,0
1776143700000,0.6319,0.63191,0.63042,0.63125,7909724.6,1776143879999,4990760.13691500,550,2117.8,1337.16464200,0
1776143880000,0.63052,0.64127,0.62954,0.62954,28341451.2,1776144059999,17983045.33229000,1073,18208749.3,11586988.45589900,0
1776144060000,0.62954,0.64287,0.62647,0.64287,35996998.1,1776144239999,22724513.29680900,1001,24134889.2,15274743.27520300,0
1776144240000,0.64287,0.6462,0.63613,0.63613,32991219.1,1776144419999,21179644.53245800,1084,14099851.2,9085843.63833400,0
1776144420000,0.6361,0.64237,0.63316,0.64237,20364221.3,1776144599999,12980162.98131800,938,12823675.4,8199662.99319200,0
1776144600000,0.64237,0.64238,0.6348,0.63558,25126101.8,1776144779999,16005022.13499100,918,6010772.2,3826255.70898600,0
1776144780000,0.63523,0.63523,0.63118,0.63132,17058726.0,1776144959999,10794501.03012900,1116,3773.6,2385.21807000,0
1776144960000,0.63159,0.63444,0.63123,0.63405,38604.2,1776145139999,24399.85052700,438,37296.4,23571.39653300,0
1776145140000,0.63405,0.64657,0.6335,0.64657,58112896.5,1776145319999,37221458.60423600,1260,58111922.0,37220837.34411700,0
1776145320000,0.64657,0.65425,0.64635,0.65253,39685590.4,1776145499999,25822610.50905000,1012,39682381.4,25820517.39535200,0
1776145500000,0.65253,0.65425,0.64739,0.64933,10310241.6,1776145679999,6690177.89941200,659,19623.1,12836.02503600,0
1776145680000,0.64923,0.65307,0.64705,0.65307,17808846.2,1776145859999,11576104.46332100,839,16517664.5,10740421.04777300,0
1776145860000,0.65307,0.65653,0.65045,0.65045,34161106.4,1776146039999,22328237.22793300,976,19058223.5,12474406.77683400,0
1776146040000,0.65045,0.65618,0.65017,0.65475,11347179.3,1776146219999,7427187.74181200,585,10176214.8,6665691.23634700,0
1776146220000,0.65475,0.66165,0.65307,0.66085,33271124.7,1776146399999,21916375.99521300,907,33235025.0,21892703.50849000,0
1776146400000,0.66085,0.66165,0.65299,0.65299,22531090.7,1776146579999,14766255.10760900,1066,1323882.9,869518.08122700,0
1776146580000,0.65299,0.65299,0.64423,0.64552,20230241.2,1776146759999,13157776.79967600,904,124293.8,80430.29546900,0
1776146760000,0.64556,0.64663,0.64039,0.64159,17036297.3,1776146939999,10946408.69938800,776,2002.0,1289.19619500,0
1776146940000,0.64159,0.64571,0.64039,0.64214,1448216.9,1776147119999,931671.56553700,601,435614.3,281055.46579000,0
1776147120000,0.64198,0.64233,0.63104,0.63104,34450435.0,1776147299999,21895685.16097200,1319,9073.2,5825.13036000,0
1776147300000,0.63104,0.63161,0.61981,0.61981,35688019.9,1776147479999,22369097.22597200,1061,97083.9,61287.35025800,0
1776147480000,0.61981,0.62151,0.6132,0.61588,35503010.8,1776147659999,21878822.67353600,859,39466.4,24304.92880100,0
1776147660000,0.61588,0.61601,0.61305,0.61368,555407.9,1776147839999,340644.08909200,487,45267.5,27844.56059600,0
1776147840000,0.61357,0.61585,0.60722,0.60725,31941264.1,1776148019999,19509452.64941100,955,5790168.1,3528492.56945300,0
1776148020000,0.60722,0.60765,0.59558,0.59694,24930380.9,1776148199999,15021326.24444700,912,348386.9,211641.03648000,0
1776148200000,0.59694,0.597,0.59177,0.59177,15007227.4,1776148379999,8898581.32476500,837,258177.8,153773.43281700,0
1776148380000,0.59177,0.59494,0.59,0.59489,20769516.3,1776148559999,12303228.24021200,709,7916076.8,4704884.27240700,0
1776148560000,0.59489,0.5976,0.59133,0.59133,39565268.6,1776148739999,23525465.37842400,1160,21499401.0,12820510.72686000,0
1776148740000,0.59133,0.59378,0.58529,0.59378,30530144.9,1776148919999,18014704.45444400,763,15122782.5,8930616.52340900,0
1776148920000,0.59378,0.59887,0.59344,0.59506,37364997.1,1776149099999,22269664.46955300,1148,28750504.5,17146255.80955700,0
1776149100000,0.59506,0.59506,0.58608,0.58758,29579023.9,1776149279999,17452133.50615400,848,412727.9,242469.93697200,0
1776149280000,0.5875,0.58914,0.58259,0.58264,22091699.5,1776149459999,12907843.38212100,871,1469.2,863.82921100,0
1776149460000,0.58264,0.58784,0.58036,0.58424,11502210.4,1776149639999,6718334.76709000,649,9643397.9,5631745.55887800,0
1776149640000,0.58424,0.5874,0.58065,0.58737,20287756.8,1776149819999,11865111.29828300,858,13477552.4,7893280.10668600,0
1776149820000,0.58737,0.5874,0.58228,0.58475,4730877.4,1776149999999,2760141.03346800,633,2430080.2,1418633.20903300,0
1776150000000,0.58475,0.58572,0.57975,0.57975,20458494.6,1776150179999,11908152.71338700,1015,991.3,576.98092100,0
1776150180000,0.57975,0.58131,0.57366,0.57499,19119284.1,1776150359999,11034019.70181600,715,1428.2,823.85313700,0
1776150360000,0.57499,0.57516,0.57276,0.57276,606033.5,1776150539999,347396.91342800,443,1438.8,826.04636700,0
1776150540000,0.57276,0.58667,0.57273,0.58081,53687785.6,1776150719999,31169381.26705100,1004,43817895.8,25416291.10222400,0
1776150720000,0.58081,0.58174,0.5787,0.5804,73122.5,1776150899999,42525.30686800,428,34920.4,20307.19518500,0
1776150900000,0.57968,0.58171,0.57783,0.58125,5257.1,1776151079999,3051.05903600,364,2183.8,1270.33829800,0
1776151080000,0.5809,0.5809,0.57454,0.57484,15776688.3,1776151259999,9092067.56576900,716,10623.1,6112.15737200,0
1776151260000,0.57469,0.57469,0.57237,0.57254,892793.3,1776151439999,511726.83338500,570,587.6,336.83729300,0
1776151440000,0.57254,0.57379,0.56275,0.5645,28461723.9,1776151619999,16154068.97995200,1022,9031.3,5098.13259100,0
1776151620000,0.5645,0.56496,0.5561,0.5561,31017625.7,1776151799999,17339753.89715100,1081,14742.2,8277.88466000,0
1776151800000,0.5561,0.55854,0.556,0.55662,677425.7,1776151979999,376687.10657400,429,7400.6,4125.13912500,0
1776151980000,0.55652,0.56264,0.556,0.56264,19063995.0,1776152159999,10674769.45164700,717,19060903.9,10673038.77271400,0
1776152160000,0.56264,0.56269,0.55836,0.55843,285918.7,1776152339999,160861.78703000,466,279602.2,157325.49529800,0
1776152340000,0.55902,0.56215,0.55675,0.56209,16461908.3,1776152519999,9180013.17832800,889,705329.7,395573.70183100,0
1776152520000,0.56209,0.56875,0.56209,0.56875,41252801.6,1776152699999,23331487.93038200,1333,41251804.5,23330926.25349400,0
1776152700000,0.56875,0.57324,0.56795,0.573,37433599.8,1776152879999,21385374.75847200,1051,37369631.6,21348945.21691200,0
1776152880000,0.57287,0.57287,0.5661,0.57269,32288669.0,1776153059999,18375596.35231500,1109,15754785.8,8977938.01861900,0
1776153060000,0.57269,0.57403,0.56692,0.56781,20983306.1,1776153239999,11954958.84375100,966,4199899.2,2407298.82900200,0
1776153240000,0.56728,0.56728,0.55662,0.56554,72677715.5,1776153419999,40834094.81971400,1529,11641012.4,6544033.99278200,0
1776153420000,0.56554,0.5849,0.56105,0.58485,92288963.4,1776153599999,52919424.80998900,1537,81979347.4,47124907.33657800,0
1776153600000,0.58443,0.58633,0.58305,0.58633,14851325.7,1776153779999,8697749.28087900,604,14849915.1,8696925.13763600,0
1776153780000,0.58633,0.58657,0.57255,0.57378,11959371.7,1776153959999,6974094.69504400,663,3192992.0,1863059.15536600,0
1776153960000,0.57378,0.57503,0.56752,0.56805,27711079.0,1776154139999,15804827.66064200,1000,648.1,369.28119300,0
1776154140000,0.56805,0.58435,0.56805,0.57567,27556063.3,1776154319999,15893124.97583100,841,19870507.0,11440507.74449400,0
1776154320000,0.57567,0.57606,0.57162,0.57162,4574282.7,1776154499999,2617058.47921300,540,571.4,329.07161200,0
1776154500000,0.57162,0.57708,0.57162,0.57461,9444793.1,1776154679999,5443643.96052000,680,9168018.7,5284813.20356200,0
1776154680000,0.57321,0.57708,0.57098,0.57416,8296763.0,1776154859999,4743690.77982900,699,2466.5,1416.14220100,0
1776154860000,0.57416,0.58499,0.57416,0.58499,55531562.8,1776155039999,32291621.84226700,1296,54910476.9,31929390.39318900,0
1776155040000,0.58499,0.59451,0.58499,0.59451,69996340.5,1776155219999,41245196.24191600,1668,68747082.0,40507028.06090200,0
1776155220000,0.59451,0.60619,0.59315,0.60619,52977498.7,1776155399999,31766293.50423500,1334,52189142.6,31293431.69111300,0
1776155400000,0.60619,0.60908,0.60285,0.60286,12235737.1,1776155579999,7400235.37935900,692,2726799.8,1656806.79786900,0
1776155580000,0.60285,0.60285,0.59435,0.59945,38731255.4,1776155759999,23204833.01743400,1237,4217893.1,2527264.65210900,0
1776155760000,0.59945,0.60294,0.59474,0.59483,33891015.9,1776155939999,20287942.86281900,1135,12357866.0,7420710.55116100,0
1776155940000,0.59474,0.59757,0.59443,0.59495,1544466.1,1776156119999,918348.28510300,429,9735.5,5813.21947600,0
1776156120000,0.59508,0.59685,0.59323,0.59332,6439871.3,1776156299999,3824475.82621000,648,3232.4,1922.10040500,0
1776156300000,0.59335,0.59335,0.581,0.58215,60822330.4,1776156479999,35729176.63057800,1363,504.0,295.12283000,0
1776156480000,0.58233,0.58374,0.58022,0.58039,8832174.5,1776156659999,5140745.31661100,744,2231608.6,1301735.29783900,0
1776156660000,0.58033,0.5837,0.57656,0.57752,14259364.1,1776156839999,8259729.15499400,802,2516838.6,1467674.56520200,0
1776156840000,0.57752,0.57858,0.57095,0.57163,16090193.9,1776157019999,9247656.29049000,865,1102405.8,630971.09718900,0
1776157020000,0.57163,0.57249,0.57084,0.57084,1468923.1,1776157199999,839028.16440000,550,461083.5,263504.01751700,0
1776157200000,0.57084,0.57084,0.55704,0.55874,77410674.0,1776157379999,43658451.01188400,1411,2791002.0,1568042.36834800,0
1776157380000,0.55869,0.56089,0.5503,0.5503,52751463.4,1776157559999,29265663.79855200,1156,9393055.7,5255626.89912200,0
1776157560000,0.5503,0.5519,0.54819,0.5519,26322095.3,1776157739999,14481629.74638600,1044,14002711.8,7716471.37670300,0
1776157740000,0.5519,0.55602,0.55176,0.55249,29841675.8,1776157919999,16516811.44232900,821,27395958.6,15165031.00260700,0
1776157920000,0.55249,0.55779,0.54817,0.55526,33267795.8,1776158099999,18379547.56731400,1138,17660467.7,9779108.63007100,0
1776158100000,0.55524,0.55524,0.55024,0.55024,12729052.5,1776158279999,7035481.27456500,895,6546.8,3620.17028300,0
1776158280000,0.55024,0.56193,0.54894,0.56165,42006002.0,1776158459999,23284254.16072700,1077,37315574.5,20707465.33775200,0
1776158460000,0.56165,0.56382,0.55965,0.56112,15738651.2,1776158639999,8853037.66839800,648,12739684.4,7172929.74372100,0
1776158640000,0.56112,0.56446,0.55968,0.56446,7931153.2,1776158819999,4473959.03328100,469,7925058.3,4470544.77804100,0
1776158820000,0.56446,0.56595,0.55932,0.55933,23528229.3,1776158999999,13255656.75815400,838,14853002.3,8388110.24634900,0
1776159000000,0.55933,0.56568,0.55853,0.56568,42015546.2,1776159179999,23637163.42019000,1156,35775399.4,20149546.50851400,0
1776159180000,0.56568,0.56849,0.56133,0.56133,25599311.5,1776159359999,14473516.79815000,1025,14070130.9,7975945.87586800,0
1776159360000,0.56133,0.56133,0.55434,0.55434,22605159.9,1776159539999,12574291.57233000,817,981.4,545.52484100,0
1776159540000,0.55434,0.5588,0.55331,0.5588,31344567.2,1776159719999,17467257.81944500,1035,26949758.3,15032440.67834800,0
1776159720000,0.5588,0.5588,0.55117,0.55117,5107137.9,1776159899999,2831422.96155400,561,318386.1,177913.56760600,0
1776159900000,0.55117,0.55117,0.54445,0.54445,37306409.5,1776160079999,20433838.72780500,1309,945.5,517.42529400,0
1776160080000,0.54445,0.54445,0.53675,0.5392,40601700.1,1776160259999,21997673.74333800,1115,4486.3,2434.39495400,0
1776160260000,0.5392,0.54311,0.5392,0.54311,12504684.7,1776160439999,6780123.97222200,654,12501093.3,6778177.45056100,0
1776160440000,0.54311,0.54335,0.54063,0.5407,771428.8,1776160619999,419031.40985100,432,758412.2,411972.55873200,0
1776160620000,0.54081,0.54211,0.54066,0.54066,3638.3,1776160799999,1968.04463800,406,184.7,100.10012300,0
1776160800000,0.54066,0.54335,0.53697,0.53781,14017108.9,1776160979999,7547222.68959600,693,43168.5,23450.75474100,0
1776160980000,0.5377,0.54261,0.53697,0.54193,18545081.4,1776161159999,10033613.28683200,661,18543657.8,10032844.92966500,0
1776161160000,0.54188,0.54261,0.53987,0.54087,5305.2,1776161339999,2873.32913200,416,2026.5,1099.57642900,0
1776161340000,0.54084,0.54491,0.54084,0.54207,23714436.4,1776161519999,12892054.81956700,791,23688929.5,12878238.79564000,0
1776161520000,0.54207,0.54576,0.54156,0.54282,4204859.1,1776161699999,2293319.70805800,593,4201213.4,2291338.87297000,0
1776161700000,0.54267,0.54636,0.54267,0.54338,2282734.3,1776161879999,1246622.63872200,531,2280119.7,1245199.17111400,0
1776161880000,0.54338,0.54476,0.53894,0.53955,38653538.5,1776162059999,20939084.22256700,990,3222318.8,1746520.87757100,0
1776162060000,0.53957,0.54617,0.53957,0.54617,15212666.7,1776162239999,8259124.93834100,853,15206923.4,8256017.79854800,0
1776162240000,0.54617,0.54937,0.54153,0.54221,49760589.8,1776162419999,27175968.22841800,1036,32433891.7,17759361.71865800,0
1776162420000,0.54227,0.54397,0.54123,0.54123,930219.0,1776162599999,503573.29691500,495,1954.2,1059.63929500,0
1776162600000,0.5415,0.5415,0.53682,0.53813,29370857.7,1776162779999,15831384.66715800,1060,1242.0,668.32682200,0
1776162780000,0.53813,0.53946,0.53666,0.53946,6517412.0,1776162959999,3510481.38332000,663,5350398.1,2884140.45064400,0
1776162960000,0.53946,0.54084,0.53843,0.54065,733146.1,1776163139999,396410.38038600,476,730488.0,394976.24112500,0
1776163140000,0.54065,0.54188,0.54008,0.54029,5584312.3,1776163319999,3024234.57807200,626,5581509.4,3022718.09613200,0
1776163320000,0.54029,0.5419,0.54029,0.54029,191609.9,1776163499999,103826.81799900,376,188442.3,102114.40578200,0
1776163500000,0.54029,0.54192,0.54029,0.54035,402332.1,1776163679999,218021.20635500,312,399887.1,216698.88048000,0
1776163680000,0.5403,0.54192,0.54029,0.54108,98969.2,1776163859999,53628.41477200,377,95361.0,51677.47666900,0
1776163860000,0.54088,0.541,0.54029,0.54029,3522.0,1776164039999,1903.00479300,368,76.9,41.56980600,0
1776164040000,0.54029,0.54192,0.53577,0.53577,22328164.9,1776164219999,12000225.37451200,760,1949.2,1055.85055500,0
1776164220000,0.53577,0.53598,0.53319,0.53355,206613.8,1776164399999,110690.73208700,471,553.5,296.14624700,0
1776164400000,0.53355,0.53468,0.53223,0.53439,1496094.6,1776164579999,796746.29736600,533,662.6,353.62210400,0
1776164580000,0.53414,0.53414,0.5322,0.53253,3507.4,1776164759999,1868.52802100,391,304.2,162.22789700,0
1776164760000,0.53253,0.5344,0.5322,0.53331,3714.5,1776164939999,1979.33736500,397,1733.0,923.86314800,0
1776164940000,0.53331,0.53578,0.52874,0.52992,12815047.1,1776165119999,6810311.88040100,684,1625996.9,860090.34408300,0
1776165120000,0.52992,0.53354,0.52949,0.53223,13328551.9,1776165299999,7094530.31878200,716,12264972.4,6529457.94954900,0
1776165300000,0.53105,0.53305,0.53047,0.53305,1039870.6,1776165479999,553114.42866000,501,783938.3,417209.82940000,0
1776165480000,0.53305,0.5338,0.53095,0.5338,4319988.0,1776165659999,2304960.31892900,559,4143041.7,2210927.01721400,0
1776165660000,0.53352,0.53805,0.53223,0.53803,46447367.2,1776165839999,24850651.54958300,1126,43764550.5,23418948.60178300,0
1776165840000,0.53803,0.54145,0.53223,0.53749,93308998.7,1776166019999,50062797.93986300,1141,71085177.6,38111621.89546100,0
1776166020000,0.53744,0.54114,0.53223,0.54114,27250269.0,1776166199999,14666566.46089400,1051,18796808.6,10137919.23813700,0
1776166200000,0.54114,0.54386,0.54114,0.54249,20370335.0,1776166379999,11042466.80676300,899,20367629.3,11040999.65207400,0
1776166380000,0.54232,0.54394,0.54009,0.54372,44776.8,1776166559999,24345.24899700,412,41303.4,22463.27786600,0
1776166560000,0.54233,0.54403,0.53995,0.54288,5172.0,1776166739999,2801.22783100,541,732.0,397.27033800,0
1776166740000,0.54288,0.54906,0.54265,0.54771,56509564.8,1776166919999,30866978.95819700,1158,56508308.5,30866292.28762300,0
1776166920000,0.54771,0.55059,0.54748,0.55004,14157005.7,1776167099999,7783533.66085700,690,14155101.7,7782487.71768700,0
1776167100000,0.55001,0.55266,0.54906,0.55075,5854405.0,1776167279999,3232464.18194700,540,5852549.8,3231442.72303200,0
1776167280000,0.55087,0.55424,0.55027,0.5528,10991426.5,1776167459999,6081152.40112300,613,10721675.9,5932143.70951800,0
1776167460000,0.5528,0.5528,0.5483,0.5489,18594168.0,1776167639999,10213342.75380600,674,97.7,53.61303800,0
1776167640000,0.54891,0.55425,0.54816,0.55425,19876451.3,1776167819999,10975230.71665600,813,17974966.6,9932789.08109900,0
1776167820000,0.55425,0.55575,0.55366,0.55575,4461348.8,1776167999999,2474708.46467800,586,4459493.6,2473679.75430300,0
1776168000000,0.55575,0.56035,0.55575,0.56018,26488411.8,1776168179999,14786279.95024100,1091,25953900.4,14487192.92531500,0
1776168180000,0.56018,0.56083,0.55809,0.56083,1745059.9,1776168359999,978574.08762100,459,1742761.3,977288.89772400,0
1776168360000,0.56083,0.56243,0.55873,0.56243,5207596.5,1776168539999,2925550.60627500,631,5205903.6,2924601.92080700,0
1776168540000,0.56243,0.56245,0.55796,0.56044,8437307.1,1776168719999,4712303.40244500,572,611.0,342.51954000,0
1776168720000,0.56044,0.56284,0.55982,0.56272,5092052.8,1776168899999,2864963.00582800,494,5089518.3,2863539.85658900,0
1776168900000,0.56272,0.56564,0.56236,0.56503,16122141.7,1776169079999,9095497.69029100,908,16121061.9,9094887.68819800,0
1776169080000,0.56503,0.56564,0.56283,0.56283,3259.1,1776169259999,1837.11915000,370,88.5,50.05914000,0
1776169260000,0.56283,0.56283,0.56007,0.56069,14446788.0,1776169439999,8105475.72032200,764,1352.7,758.93830600,0
1776169440000,0.56069,0.56972,0.56069,0.56897,36462731.6,1776169619999,20672541.42497900,1052,36110501.9,20472093.69286900,0
1776169620000,0.56897,0.56897,0.5614,0.5614,15334381.7,1776169799999,8654919.62450700,904,360407.7,203485.09692400,0
1776169800000,0.5614,0.5614,0.55542,0.55545,36835974.9,1776169979999,20559244.51601500,1094,790.9,442.16297300,0
1776169980000,0.55548,0.55574,0.54939,0.55165,35835121.6,1776170159999,19804111.85023400,1128,1081.6,597.33112100,0
1776170160000,0.55165,0.55502,0.55165,0.55331,6216600.8,1776170339999,3444966.39073900,525,6214345.8,3443717.97307300,0
1776170340000,0.55331,0.55847,0.55331,0.55771,11842047.5,1776170519999,6580560.72025600,654,11839952.1,6579395.43794000,0
1776170520000,0.55771,0.55847,0.55062,0.55062,16443393.8,1776170699999,9102153.43679500,991,51364.9,28685.28860300,0
1776170700000,0.55054,0.5507,0.5496,0.55025,809491.3,1776170879999,445463.22455800,489,1013.7,557.92357400,0
1776170880000,0.55025,0.55069,0.54725,0.54774,13727159.5,1776171059999,7524318.06086900,730,1176.6,644.77397300,0
1776171060000,0.5478,0.54932,0.54725,0.54932,3551.2,1776171239999,1947.61145300,378,1649.8,905.16116000,0
1776171240000,0.54935,0.55221,0.54922,0.55076,21308556.1,1776171419999,11731350.34085900,548,21306871.0,11730422.25182700,0
1776171420000,0.55076,0.55451,0.55076,0.55175,14043281.5,1776171599999,7767611.07887400,460,14041753.2,7766766.39775400,0
1776171600000,0.55233,0.55941,0.55165,0.55941,31247993.7,1776171779999,17374707.66438500,1082,31209908.8,17353417.45202700,0
1776171780000,0.55941,0.56824,0.55941,0.56739,52166287.5,1776171959999,29400684.34731600,1207,52143141.6,29387711.61301200,0
1776171960000,0.56739,0.57482,0.5667,0.57482,64333546.0,1776172139999,36774377.73796100,1067,64332137.2,36773578.17991700,0
1776172140000,0.57482,0.57563,0.57376,0.57551,1077970.4,1776172319999,619961.20713600,510,1074017.4,617688.72637700,0
1776172320000,0.57551,0.57745,0.57347,0.57638,9634140.1,1776172499999,5555709.27783100,578,9632250.8,5554623.32105200,0
1776172500000,0.57638,0.57898,0.57485,0.57782,11606020.6,1776172679999,6711071.33572100,563,11601367.5,6708384.32985900,0
1776172680000,0.57782,0.58068,0.5774,0.58068,12198993.4,1776172859999,7078632.48528400,687,12197644.1,7077852.44547000,0
1776172860000,0.58068,0.58816,0.58053,0.58816,26168906.8,1776173039999,15274037.95840900,1039,25421008.9,14837988.66356500,0
1776173040000,0.58816,0.59794,0.58742,0.59794,66835152.6,1776173219999,39664737.43483500,1111,66832366.7,39663084.06801700,0
1776173220000,0.59794,0.59946,0.59391,0.59466,23947307.3,1776173399999,14296894.48400300,795,12728759.1,7618279.96136700,0
1776173400000,0.59466,0.5994,0.59283,0.59738,27540206.6,1776173579999,16402400.33740000,895,19285798.4,11504146.44269900,0
1776173580000,0.59735,0.5994,0.59582,0.59623,3892.0,1776173759999,2327.10595400,354,1287.6,771.48789500,0
1776173760000,0.59623,0.59623,0.59271,0.59504,11240184.0,1776173939999,6675039.54420200,612,1265.8,751.74145300,0
1776173940000,0.59504,0.5958,0.58569,0.58571,24413159.1,1776174119999,14410663.79521700,698,11019.3,6537.26470400,0
1776174120000,0.58571,0.58654,0.58116,0.58116,21098234.8,1776174299999,12303334.59970400,1139,506.1,295.75922200,0
1776174300000,0.58116,0.58158,0.57535,0.58158,39657499.4,1776174479999,22949481.41760800,973,7656206.1,4444787.04643000,0
1776174480000,0.58167,0.58335,0.58017,0.5809,11022869.0,1776174659999,6422302.87582900,638,11020435.3,6420888.18878600,0
1776174660000,0.58085,0.58335,0.58003,0.58007,274037.2,1776174839999,159540.34590100,368,173356.0,101127.19759700,0
1776174840000,0.58,0.58335,0.57727,0.57727,14753249.6,1776175019999,8531023.12894600,676,20613.5,12024.72772200,0
1776175020000,0.57727,0.57727,0.5747,0.57571,13914005.8,1776175199999,8018934.82736700,590,620.2,357.06546200,0
1776175200000,0.57571,0.57727,0.57512,0.57528,2912.6,1776175379999,1678.81035300,340,858.9,495.36744800,0
1776175380000,0.57528,0.57727,0.57085,0.57629,22123160.4,1776175559999,12698731.26019000,905,6622091.5,3811121.81723200,0
1776175560000,0.57698,0.57698,0.56814,0.56939,17729326.9,1776175739999,10109173.10228100,713,42793.1,24422.65167100,0
1776175740000,0.56972,0.57021,0.56795,0.5689,3047.5,1776175919999,1734.00344700,341,387.8,221.06642100,0
1776175920000,0.5692,0.56984,0.56796,0.568,3187.3,1776176099999,1812.45011000,351,521.4,296.15520000,0
1776176100000,0.568,0.568,0.56763,0.56783,381824.1,1776176279999,216792.60200000,313,2257.2,1282.08960000,0
1776176280000,0.56763,0.568,0.56763,0.568,2749.8,1776176459999,1561.63605800,226,2073.2,1177.57760000,0
1776176460000,0.568,0.57318,0.5674,0.57279,21211823.3,1776176639999,12114522.43949600,736,19476847.8,11129923.56422900,0
1776176640000,0.57279,0.57279,0.568,0.56888,6659609.9,1776176819999,3789774.84854700,531,115482.2,65618.46918500,0
1776176820000,0.56888,0.5742,0.56888,0.5742,12194263.9,1776176999999,6993464.76970500,855,12174868.9,6982346.94672400,0
1776177000000,0.5742,0.57488,0.57254,0.57254,1616793.0,1776177179999,928541.96565500,384,1614847.0,927426.02313300,0
1776177180000,0.57252,0.57488,0.57073,0.57389,6975246.9,1776177359999,3984157.47934600,524,3342.9,1919.32912700,0
1776177360000,0.57389,0.57438,0.57042,0.57273,2210491.7,1776177539999,1261327.85759500,384,2043.4,1169.35014100,0
1776177540000,0.57289,0.57547,0.57042,0.57349,17830871.7,1776177719999,10243309.63187700,624,17828878.6,10242167.82679100,0
1776177720000,0.57349,0.57349,0.56966,0.57055,7119262.0,1776177899999,4058701.99706400,429,220882.2,125867.81070800,0
1776177900000,0.57055,0.57571,0.57025,0.57222,5915712.0,1776178079999,3402130.57728500,507,5913063.8,3400611.63727600,0
1776178080000,0.57234,0.57982,0.57222,0.57877,44620848.8,1776178259999,25779013.26702800,706,44619799.8,25778410.08025900,0
1776178260000,0.57876,0.57897,0.57571,0.57871,6368645.4,1776178439999,3679828.24903200,502,4990036.8,2883710.27955000,0
1776178440000,0.57871,0.58019,0.57243,0.57243,26882963.9,1776178619999,15509983.78504200,1306,11607003.2,6725634.67925600,0
1776178620000,0.57243,0.57263,0.5654,0.5654,39041785.0,1776178799999,22208425.84127500,1393,667.3,378.87522900,0
1776178800000,0.5654,0.56684,0.56417,0.56634,4535841.4,1776178979999,2560674.51410400,525,1710.8,968.08830900,0
1776178980000,0.56654,0.56732,0.5639,0.56401,267888.4,1776179159999,151249.60700400,395,42728.7,24240.52756200,0
1776179160000,0.56424,0.56732,0.5639,0.56444,17144.4,1776179339999,9681.20477200,326,2973.0,1686.64236000,0
1776179340000,0.56444,0.56732,0.56444,0.56653,2989.8,1776179519999,1691.84684800,326,74.7,42.37880400,0
1776179520000,0.56653,0.56682,0.56177,0.56187,15747590.6,1776179699999,8861860.95756600,724,235.6,132.49938000,0
1776179700000,0.56187,0.56605,0.56187,0.56605,3028.4,1776179879999,1708.55266300,359,1259.7,709.98246700,0
1776179880000,0.56605,0.5716,0.56605,0.5716,18858084.5,1776180059999,10746133.13068100,1160,18857946.9,10746054.61220700,0
1776180060000,0.5716,0.57687,0.5716,0.57621,44456365.5,1776180239999,25527278.58925500,1070,44393977.3,25491358.11205300,0
1776180240000,0.57607,0.57947,0.57602,0.57947,11368555.3,1776180419999,6571250.83559400,741,11367739.7,6570780.74443000,0
1776180420000,0.57947,0.57997,0.57736,0.57736,2305609.4,1776180599999,1336534.09328400,423,2302858.5,1334942.40951400,0
1776180600000,0.57717,0.57717,0.57242,0.57336,18768925.4,1776180779999,10778346.14816800,825,238818.4,136833.22960700,0
1776180780000,0.57336,0.57924,0.57336,0.57781,12967637.9,1776180959999,7471735.17772900,675,12960043.6,7467339.03450900,0
1776180960000,0.57781,0.57924,0.57672,0.57846,4887.1,1776181139999,2825.69622200,329,2079.2,1204.35580800,0
1776181140000,0.57846,0.58022,0.57669,0.58018,7775314.0,1776181319999,4509193.67069500,470,7774077.5,4508478.27218400,0
1776181320000,0.58022,0.58347,0.57972,0.58343,11738321.2,1776181499999,6831612.12536200,616,11729671.0,6826591.63656600,0
1776181500000,0.58343,0.58551,0.58343,0.58427,16521254.3,1776181679999,9652260.77413100,617,16520233.9,9651664.06231800,0
1776181680000,0.5844,0.58747,0.5844,0.5865,7688058.9,1776181859999,4509804.60983900,619,7687040.5,4509207.35648800,0
1776181860000,0.58644,0.58657,0.58496,0.58542,2078.8,1776182039999,1217.32572000,271,0,0,0
1776182040000,0.58649,0.59015,0.58496,0.58962,12204223.5,1776182219999,7181328.38193700,439,12199305.5,7178432.89949000,0
1776182220000,0.58936,0.59096,0.58451,0.59096,13594320.7,1776182399999,7970424.93793400,985,8013051.5,4702573.75510300,0
1776182400000,0.59096,0.59187,0.59043,0.59123,2659785.2,1776182579999,1572530.19184600,384,2659031.8,1572084.85289800,0
1776182580000,0.59187,0.59429,0.58787,0.58787,20705273.6,1776182759999,12231896.28357200,832,5576295.4,3310574.62178200,0
1776182760000,0.58787,0.59935,0.58722,0.59635,16601715.0,1776182939999,9819026.64928300,608,10581426.4,6282043.40949400,0
1776182940000,0.59668,0.5993,0.59522,0.59522,5220.5,1776183119999,3113.52956500,346,67.3,40.29134300,0
1776183120000,0.59522,0.60476,0.59203,0.59204,50248343.5,1776183299999,30077955.78453400,1036,20270976.3,12175694.42270700,0
1776183300000,0.59212,0.59615,0.58987,0.58987,19676014.9,1776183479999,11645526.25844500,908,3260879.5,1934501.67778800,0
1776183480000,0.58987,0.59058,0.58678,0.58678,8238164.0,1776183659999,4844821.47100900,612,275.9,162.56374700,0
1776183660000,0.58678,0.58831,0.58407,0.58581,16215048.6,1776183839999,9493043.44355100,667,9194.6,5407.42982400,0
1776183840000,0.58581,0.59204,0.58581,0.59204,18513595.4,1776184019999,10903383.94482300,687,18498676.9,10894573.52785500,0
1776184020000,0.59204,0.60231,0.59204,0.6004,51462417.4,1776184199999,30732945.02830700,1000,51459202.2,30731017.12603600,0
1776184200000,0.6004,0.60335,0.59108,0.59108,15475604.3,1776184379999,9257190.18982500,958,3173106.1,1913727.36180900,0
1776184380000,0.59108,0.59108,0.5848,0.5848,29051756.4,1776184559999,17065034.41928600,870,1000.6,588.83358200,0
1776184560000,0.5848,0.5848,0.57726,0.57726,34983694.9,1776184739999,20334120.85949400,1255,557.6,324.03219100,0
1776184740000,0.57726,0.58256,0.57629,0.58256,41397154.0,1776184919999,23990006.90365400,1140,30314150.3,17598472.34014200,0
1776184920000,0.58256,0.59096,0.58256,0.59039,43108020.6,1776185099999,25291945.52721000,1033,43056222.5,25261375.18375100,0
1776185100000,0.59039,0.59103,0.58026,0.58068,20609979.3,1776185279999,12033553.81261500,582,759921.0,449100.61221600,0
1776185280000,0.58047,0.58091,0.57512,0.57573,17149142.0,1776185459999,9904568.01017700,434,108.2,62.26574600,0
1776185460000,0.57498,0.58178,0.57473,0.5809,8796779.5,1776185639999,5072022.54952000,422,7284171.1,4202468.22341200,0
1776185640000,0.58081,0.58187,0.57966,0.58144,246452.1,1776185819999,143379.38543300,267,237934.0,138426.50174400,0
1776185820000,0.5819,0.58378,0.5819,0.58266,7468009.9,1776185999999,4351261.09682700,410,7467755.8,4351112.96841800,0
1776186000000,0.58246,0.58246,0.5722,0.5722,35837765.7,1776186179999,20663191.92645300,905,230.6,133.17158800,0
1776186180000,0.5722,0.57735,0.55081,0.56521,44948013.8,1776186359999,25293113.80972900,817,18328058.6,10301045.06798100,0
1776186360000,0.56521,0.56521,0.52678,0.53445,99276986.3,1776186539999,54152540.68009000,1181,18006143.9,9559115.94057000,0
1776186540000,0.53445,0.53448,0.51557,0.51949,89532341.1,1776186719999,47174341.17318300,1094,634271.1,329457.96255000,0
1776186720000,0.51922,0.52115,0.51389,0.52024,36712055.3,1776186899999,19009442.86207400,838,20288841.2,10542376.21633000,0
1776186900000,0.52017,0.52017,0.51288,0.51585,24308495.7,1776187079999,12519872.71232400,660,7462076.7,3845465.25072400,0
1776187080000,0.51582,0.51582,0.49848,0.5004,59697480.0,1776187259999,30145207.54928900,1191,463666.5,233354.18151500,0
1776187260000,0.49848,0.49848,0.48666,0.48666,74321939.0,1776187439999,36607939.87183500,944,922614.7,457035.81035400,0
1776187440000,0.48666,0.48854,0.47143,0.48158,111602930.9,1776187619999,53452053.29431700,1307,24380998.8,11653175.74982300,0
1776187620000,0.48158,0.48279,0.47646,0.47741,50529259.2,1776187799999,24232599.53060100,1148,17000280.3,8182569.72662100,0
1776187800000,0.47747,0.50831,0.47741,0.50301,122197424.3,1776187979999,60478920.32282800,1382,108365518.5,53532995.83671600,0
1776187980000,0.50301,0.5095,0.50301,0.50874,37694923.5,1776188159999,19055689.07084000,687,26419182.2,13345292.36172000,0
1776188160000,0.50865,0.51609,0.5067,0.51504,82496390.4,1776188339999,42152844.94352300,1038,69020478.6,35301869.23755700,0
1776188340000,0.51504,0.51609,0.50812,0.51046,47184426.6,1776188519999,24118354.33887700,941,10904248.5,5572751.45029800,0
1776188520000,0.51046,0.51046,0.50526,0.5075,11363345.4,1776188699999,5756190.80083300,445,552008.1,279861.09745700,0
1776188700000,0.5075,0.51903,0.5075,0.51903,37316141.0,1776188879999,19199168.57348800,1030,37267098.8,19174179.63112300,0
1776188880000,0.51903,0.52948,0.51903,0.52845,100357510.8,1776189059999,52615792.38414400,1269,99961547.1,52408147.87912100,0
1776189060000,0.52845,0.52845,0.51154,0.51154,54713339.0,1776189239999,28310160.33604500,872,41.6,21.56615200,0
1776189240000,0.51154,0.51154,0.50502,0.51142,45532875.2,1776189419999,23129939.22740600,730,1378657.5,701109.22920100,0
1776189420000,0.51153,0.51531,0.51017,0.51531,20164559.9,1776189599999,10362707.85873700,879,19291634.6,9916915.99501100,0
1776189600000,0.51531,0.52015,0.51531,0.52015,56304185.4,1776189779999,29138815.77950100,1232,55393461.3,28668258.00750200,0
1776189780000,0.52015,0.52148,0.519,0.52128,4991895.0,1776189959999,2599254.19245500,589,4748298.0,2472384.71114200,0
1776189960000,0.52128,0.5263,0.52061,0.5263,51026329.8,1776190139999,26733505.24822600,1262,50117155.4,26257573.45691300,0
1776190140000,0.5263,0.52934,0.52231,0.52238,34031102.9,1776190319999,17902861.63750500,682,19041555.6,10042957.32458000,0
1776190320000,0.52238,0.52934,0.52238,0.52934,6772181.0,1776190499999,3550443.80045000,519,6770760.9,3549694.07408500,0
1776190500000,0.52934,0.53497,0.52886,0.53393,60787430.3,1776190679999,32301867.91498400,1324,59360420.6,31542970.52145900,0
1776190680000,0.53393,0.53393,0.5253,0.5253,24191076.4,1776190859999,12809684.26426800,1030,159.3,84.10327900,0
1776190860000,0.5253,0.5253,0.51877,0.51877,32041966.6,1776191039999,16719756.65032600,1324,2941.9,1535.21198300,0
1776191040000,0.51877,0.53349,0.51873,0.53191,44719381.9,1776191219999,23601687.63369100,886,44007244.8,23232185.84903600,0
1776191220000,0.53191,0.53979,0.53191,0.53711,25797766.7,1776191399999,13802278.52084700,568,25794920.2,13800747.93526000,0
1776191400000,0.53731,0.53796,0.53276,0.53376,15819913.0,1776191579999,8477808.55113400,668,190871.4,102195.36118000,0
1776191580000,0.53369,0.53484,0.53276,0.53322,3125409.8,1776191759999,1668217.05492300,654,927786.8,495724.61452700,0
1776191760000,0.53322,0.53428,0.53274,0.53274,2570.8,1776191939999,1371.66015700,302,1343.3,717.07537900,0
1776191940000,0.53274,0.53274,0.52886,0.52886,26457309.5,1776192119999,14047694.57396700,1255,227.4,120.69053300,0
1776192120000,0.52886,0.52949,0.52129,0.52129,31801512.5,1776192299999,16687184.01505100,769,534.6,282.89317800,0
1776192300000,0.52129,0.52129,0.51703,0.51703,32173252.4,1776192479999,16699005.15593800,924,3092.0,1604.99308200,0
1776192480000,0.51703,0.51967,0.51393,0.51712,42201878.4,1776192659999,21808611.31548700,729,17680725.9,9171179.03877100,0
1776192660000,0.51719,0.51982,0.51487,0.51487,7726162.5,1776192839999,3987458.34232300,565,402229.9,209046.87949000,0
1776192840000,0.51487,0.51879,0.51433,0.51768,16184641.3,1776193019999,8378229.34786900,486,13967068.4,7237134.34411800,0
1776193020000,0.51768,0.51879,0.51589,0.51656,6474.5,1776193199999,3353.18654800,281,3760.8,1951.06543200,0
1776193200000,0.51656,0.51879,0.51381,0.51464,7115273.1,1776193379999,3659138.89876300,657,5264.6,2726.97373500,0
1776193380000,0.51474,0.5148,0.51309,0.51309,6983295.1,1776193559999,3585402.38115700,614,1968.6,1012.55440400,0
1776193560000,0.51309,0.51309,0.50897,0.50897,21915501.9,1776193739999,11177131.51657500,841,427.1,217.64711900,0
1776193740000,0.50897,0.5102,0.50814,0.5102,168507.7,1776193919999,85758.47445200,412,3652.9,1862.06870700,0
1776193920000,0.5102,0.51163,0.50814,0.51049,733147.0,1776194099999,374656.28922000,479,731282.8,373704.84140800,0
1776194100000,0.51049,0.51173,0.50918,0.50918,3165.5,1776194279999,1615.46668800,313,165.8,84.83885700,0
1776194280000,0.50918,0.51104,0.50725,0.50892,5520346.3,1776194459999,2800990.80815800,520,5167.3,2624.73453900,0
1776194460000,0.50892,0.51004,0.50697,0.50697,4019915.4,1776194639999,2038527.55346100,493,854.9,434.36275700,0
1776194640000,0.50697,0.50701,0.50433,0.50648,22016527.4,1776194819999,11134301.41849600,964,2029.4,1025.80916800,0
1776194820000,0.50653,0.5076,0.50433,0.5076,3740.3,1776194999999,1894.05354700,365,1136.2,576.31231300,0
1776195000000,0.5076,0.50793,0.50328,0.50359,12786752.4,1776195179999,6442142.56108900,578,163016.3,82050.06216100,0
1776195180000,0.50336,0.50401,0.50114,0.50114,9194746.1,1776195359999,4623692.95876300,820,1018910.1,513138.93424000,0
1776195360000,0.50106,0.50421,0.5008,0.50421,971388.8,1776195539999,486634.09274900,481,12399.6,6235.46997400,0
1776195540000,0.50411,0.50626,0.5008,0.50259,13598685.4,1776195719999,6868789.46465100,649,13596263.6,6867569.43809200,0
1776195720000,0.50259,0.50626,0.5007,0.50072,3900189.6,1776195899999,1956712.11972300,546,490956.2,246282.62047700,0
1776195900000,0.50072,0.50082,0.49636,0.49773,20569694.6,1776196079999,10241402.48864000,1383,430477.0,214265.62416900,0
1776196080000,0.49773,0.4996,0.49636,0.4996,13985.4,1776196259999,6973.37695000,461,12605.7,6286.47354000,0
1776196260000,0.4996,0.50187,0.4996,0.50165,12312327.3,1776196439999,6167072.18668600,704,12311247.8,6166531.12330100,0
1776196440000,0.50165,0.50423,0.5005,0.5005,13268205.7,1776196619999,6667974.82831800,740,8421779.1,4241363.51980800,0
1776196620000,0.5005,0.50331,0.49924,0.50331,15621797.6,1776196799999,7811574.36104400,736,914154.8,459908.51147700,0
1776196800000,0.50331,0.50337,0.49995,0.50163,3842.6,1776196979999,1927.88684000,375,205.0,103.18962600,0
1776196980000,0.50163,0.50512,0.50163,0.50512,17530746.9,1776197159999,8836894.84859900,792,17529040.4,8836035.93133600,0
1776197160000,0.50512,0.50962,0.5046,0.50962,28944056.3,1776197339999,14691370.49328300,836,28943356.3,14691016.38543200,0
1776197340000,0.50963,0.50963,0.50558,0.50806,4373.2,1776197519999,2219.71243900,410,72.1,36.74432300,0
1776197520000,0.50802,0.51101,0.50802,0.50928,14577671.3,1776197699999,7435229.62387600,755,14574952.2,7433843.84725200,0
1776197700000,0.50928,0.51103,0.50819,0.50875,4977.4,1776197879999,2535.88118900,391,1027.0,524.80768000,0
1776197880000,0.50886,0.51304,0.50779,0.51193,23846931.3,1776198059999,12206382.16775900,672,23844029.3,12204904.33079100,0
1776198060000,0.51193,0.51193,0.50731,0.50747,7799648.6,1776198239999,3963285.75699600,811,258299.5,131500.78273200,0
1776198240000,0.50747,0.50904,0.50712,0.50712,13709.8,1776198419999,6972.53835700,408,11855.8,6030.85118800,0
1776198420000,0.50712,0.5072,0.50495,0.50537,5447257.9,1776198599999,2757682.23149100,533,0,0,0
1776198600000,0.50532,0.50759,0.50502,0.5073,3503.3,1776198779999,1773.45422900,344,0,0,0
1776198780000,0.5073,0.50904,0.50495,0.50904,3656.6,1776198959999,1851.75251900,352,29.6,15.06758400,0
1776198960000,0.50663,0.5095,0.50614,0.50614,9567114.6,1776199139999,4872949.73403900,621,9564321.5,4871530.85421900,0
1776199140000,0.50627,0.50952,0.50615,0.50952,160587.0,1776199319999,81813.92296400,358,157185.8,80087.67807500,0
1776199320000,0.50952,0.50988,0.50736,0.50736,1636482.5,1776199499999,834023.18624000,416,1633700.5,832608.45387500,0
1776199500000,0.50736,0.50736,0.50539,0.50539,4526725.9,1776199679999,2289345.50461600,574,775.2,392.48129600,0
1776199680000,0.50539,0.50685,0.50472,0.50685,4133179.7,1776199859999,2087442.32723500,551,2310.8,1168.65258100,0
1776199860000,0.50685,0.50701,0.50464,0.50635,4312.0,1776200039999,2182.29348800,385,1088.7,551.95497100,0
1776200040000,0.50635,0.50883,0.50635,0.50868,225566.2,1776200219999,114669.41492800,447,224358.5,114055.59158800,0
1776200220000,0.50866,0.50947,0.50803,0.50843,5225591.3,1776200399999,2660186.57601500,565,5222829.6,2658781.85408400,0
1776200400000,0.50848,0.5095,0.50775,0.5085,3271.9,1776200579999,1663.79052300,347,165.1,84.11564900,0
1776200580000,0.5085,0.50881,0.50745,0.50833,3235.4,1776200759999,1643.37193700,360,180.0,91.48640000,0
1776200760000,0.50833,0.50983,0.50813,0.50935,3193.6,1776200939999,1626.24067500,343,922.9,470.29948200,0
1776200940000,0.50935,0.50983,0.50719,0.50719,2262579.6,1776201119999,1147720.75432400,430,2117.5,1076.42030300,0
1776201120000,0.50719,0.50767,0.5068,0.50712,2986169.7,1776201299999,1514117.80969400,479,2106.6,1068.68041300,0
1776201300000,0.50712,0.50769,0.50662,0.50758,3000.7,1776201479999,1521.24907900,324,166.6,84.57864600,0
1776201480000,0.50758,0.50905,0.50758,0.50838,8730872.4,1776201659999,4441028.05303500,483,8729147.8,4440151.02040700,0
1776201660000,0.50838,0.50935,0.50662,0.50926,3661.2,1776201839999,1861.87644000,360,797.3,406.00012400,0
1776201840000,0.50935,0.51068,0.50916,0.51068,6521113.0,1776202019999,3329107.66190200,579,6520118.3,3328600.78512000,0
1776202020000,0.51068,0.512,0.50942,0.512,6207927.4,1776202199999,3174693.52714000,670,6206447.4,3173938.15643700,0
1776202200000,0.512,0.51377,0.51192,0.51377,7421127.3,1776202379999,3805488.63870300,733,7416615.4,3803176.62494700,0
1776202380000,0.51377,0.51403,0.50941,0.51076,11977583.6,1776202559999,6133123.22639600,642,1942468.9,998242.52999400,0
1776202560000,0.51076,0.51404,0.50754,0.50754,15485470.9,1776202739999,7878056.92048500,819,16874.2,8625.82904600,0
1776202740000,0.50754,0.50768,0.50356,0.50387,22547360.3,1776202919999,11375209.37206500,903,362.5,183.39358900,0
1776202920000,0.50387,0.50391,0.50224,0.50224,12973451.8,1776203099999,6527035.57767100,715,435.5,218.96166300,0
1776203100000,0.50224,0.50224,0.49902,0.49902,36781562.3,1776203279999,18417874.04975600,1294,10022.9,5008.64132700,0
1776203280000,0.49923,0.49995,0.49885,0.49923,726242.1,1776203459999,362365.84748600,343,5353.8,2674.38290000,0
1776203460000,0.49923,0.49989,0.49861,0.49989,670743.2,1776203639999,334476.10060500,402,2877.8,1436.18519200,0
1776203640000,0.49989,0.50156,0.49989,0.50049,11644.5,1776203819999,5833.91683600,360,9247.5,4633.66262500,0
1776203820000,0.50049,0.50052,0.49816,0.50041,314463.0,1776203999999,157254.80923600,416,172141.3,86121.65458800,0
1776204000000,0.50034,0.50052,0.49747,0.49818,6490863.4,1776204179999,3230617.52270500,510,68.8,34.43577600,0
1776204180000,0.49818,0.49818,0.49538,0.49628,17049928.4,1776204359999,8468676.62296800,792,1408.0,698.46085300,0
1776204360000,0.49628,0.49843,0.49538,0.49832,20473.7,1776204539999,10168.55237900,378,15144.0,7527.71078700,0
1776204540000,0.49831,0.49831,0.49538,0.49737,207871.5,1776204719999,103473.22982300,339,1575.8,784.97839800,0
1776204720000,0.49737,0.49807,0.49709,0.49807,3497.4,1776204899999,1740.66982700,342,2482.3,1235.46437500,0
1776204900000,0.49808,0.49955,0.49789,0.49789,8579664.0,1776205079999,4280467.40742700,597,8573135.1,4277214.00483000,0
1776205080000,0.49789,0.49957,0.4956,0.49775,553150.5,1776205259999,274225.58484600,375,9570.0,4774.53066400,0
1776205260000,0.49775,0.49871,0.49625,0.49871,606647.4,1776205439999,301717.67069800,385,146.1,72.78959000,0
1776205440000,0.49871,0.49963,0.49777,0.49777,610075.3,1776205619999,304467.94880300,420,558858.4,278957.63452000,0
1776205620000,0.49774,0.49913,0.49649,0.49865,4231.7,1776205799999,2105.69965400,320,998.4,496.60705200,0
1776205800000,0.49865,0.49963,0.49647,0.49766,628237.8,1776205979999,312220.70843400,419,172791.1,85984.24275400,0
1776205980000,0.49766,0.49791,0.4957,0.4957,912261.4,1776206159999,453838.37633000,487,608122.2,302718.46180800,0
1776206160000,0.4957,0.4957,0.4909,0.49097,17020146.8,1776206339999,8409412.16390400,651,3400.4,1672.59440300,0
1776206340000,0.49097,0.49132,0.49018,0.49101,334282.6,1776206519999,164035.25615000,451,4933.4,2422.84604700,0
1776206520000,0.49099,0.49137,0.49026,0.49101,7445.5,1776206699999,3655.44233300,341,6632.9,3256.78544900,0
1776206700000,0.49101,0.49208,0.4909,0.4909,419090.0,1776206879999,206016.22033300,427,416492.2,204740.09160400,0
1776206880000,0.4909,0.4921,0.48915,0.48915,12044.4,1776207059999,5907.15528600,348,40.3,19.83163000,0
1776207060000,0.48913,0.49213,0.48874,0.49051,209737.4,1776207239999,102847.72662800,359,136.8,67.13629100,0
1776207240000,0.49051,0.49083,0.48909,0.48932,3778416.9,1776207419999,1850613.77276200,579,215073.1,105538.64798500,0
1776207420000,0.48932,0.49095,0.48909,0.4903,5767.2,1776207599999,2824.19459500,320,2745.4,1345.89640800,0
1776207600000,0.4903,0.49129,0.48904,0.49129,10466326.9,1776207779999,5136131.28429300,837,10264191.3,5037272.23625700,0
1776207780000,0.49129,0.49183,0.49051,0.49051,3174339.6,1776207959999,1560057.48229500,437,3171138.9,1558485.87504000,0
1776207960000,0.49051,0.49073,0.48922,0.48944,271011.2,1776208139999,132906.80814300,458,63748.4,31275.33707200,0
1776208140000,0.48944,0.48944,0.48865,0.48875,419662.1,1776208319999,205192.77890600,451,1712.7,837.13045100,0
1776208320000,0.48875,0.4907,0.48532,0.48532,27664729.7,1776208499999,13474069.35372400,746,2129.7,1042.32765900,0
1776208500000,0.48532,0.4858,0.48328,0.48344,22007095.3,1776208679999,10660190.12251100,1048,1939.3,938.65025000,0
1776208680000,0.48344,0.4838,0.48245,0.48248,9998732.5,1776208859999,4828131.03544700,773,6464.1,3124.76202800,0
1776208860000,0.48248,0.48276,0.48204,0.4822,2777807.3,1776209039999,1339502.87295400,526,10914.4,5266.89558400,0
1776209040000,0.4822,0.48363,0.48204,0.48362,14416.5,1776209219999,6960.35877400,396,12961.6,6257.86601300,0
1776209220000,0.48362,0.48363,0.48225,0.48242,90541.6,1776209399999,43742.91938900,448,83786.7,40478.92576800,0
1776209400000,0.48242,0.48363,0.48183,0.48183,3992.8,1776209579999,1925.56760400,392,514.1,248.19792000,0
1776209580000,0.48183,0.48273,0.47827,0.47855,23186476.6,1776209759999,11114709.26934000,734,450.4,216.09886100,0
1776209760000,0.47866,0.48036,0.47827,0.47963,640739.9,1776209939999,306936.45838200,428,639452.5,306319.38384800,0
1776209940000,0.47963,0.47965,0.47827,0.47965,9060.1,1776210119999,4340.88538000,410,7373.6,3533.12904000,0
1776210120000,0.47965,0.48304,0.47827,0.48037,23280416.7,1776210299999,11211327.24583900,729,23270548.5,11206565.64274300,0
1776210300000,0.48037,0.48068,0.47825,0.47825,11760175.8,1776210479999,5631159.34439500,672,624.6,298.92348500,0
1776210480000,0.47825,0.47882,0.47796,0.47841,2998903.5,1776210659999,1433910.18095200,491,31322.2,14993.96552300,0
1776210660000,0.47796,0.47882,0.47691,0.47691,14043901.0,1776210839999,6706486.00924400,697,8507.6,4064.74692100,0
1776210840000,0.47694,0.48007,0.47691,0.48007,14214216.1,1776211019999,6816485.16027400,638,14214045.2,6816403.53882900,0
1776211020000,0.48007,0.4811,0.48007,0.48056,4190443.3,1776211199999,2014034.65405100,608,4188007.2,2012864.05682600,0
1776211200000,0.48025,0.4811,0.47909,0.4805,9267.7,1776211379999,4448.01003300,331,20.0,9.62200000,0
1776211380000,0.48051,0.48248,0.48022,0.48248,10308268.9,1776211559999,4965764.91450200,643,10306084.1,4964714.93598700,0
1776211560000,0.48248,0.48529,0.48248,0.48529,31296271.1,1776211739999,15142933.88944100,745,31294887.3,15142263.04395100,0
1776211740000,0.48532,0.48551,0.48199,0.48199,2997456.0,1776211919999,1448126.91959600,487,948808.4,460552.23249400,0
1776211920000,0.48199,0.48199,0.4763,0.47746,30908411.6,1776212099999,14837070.80021100,948,216295.0,103131.78681300,0
1776212100000,0.47746,0.47761,0.47536,0.47536,10163983.8,1776212279999,4835312.70884400,844,4756.3,2271.37743500,0
1776212280000,0.47536,0.47536,0.47123,0.47147,20974424.9,1776212459999,9919153.44100200,819,90433.9,42642.75704500,0
1776212460000,0.47147,0.47209,0.46983,0.47209,14373364.0,1776212639999,6764326.61071000,797,622359.5,292869.75430300,0
1776212640000,0.47209,0.47235,0.47033,0.47033,4156.0,1776212819999,1959.96406800,381,773.8,365.44392100,0
1776212820000,0.47033,0.47235,0.46997,0.47155,23549.0,1776212999999,11085.09403400,442,17059.4,8032.95845000,0
1776213000000,0.47155,0.47237,0.46966,0.46978,27049.7,1776213179999,12762.49141900,423,21240.7,10029.68749300,0
1776213180000,0.46978,0.47237,0.46965,0.46984,29432.5,1776213359999,13880.62539900,347,19713.0,9311.80615800,0
1776213360000,0.46984,0.47237,0.46931,0.4709,6758.6,1776213539999,3177.35369200,370,2412.3,1134.92629100,0
1776213540000,0.4709,0.47237,0.47075,0.47105,461416.0,1776213719999,217238.23185100,491,54022.4,25448.41591000,0
1776213720000,0.47105,0.47315,0.47036,0.47315,10061862.9,1776213899999,4754907.79860500,772,10057194.1,4752705.79566700,0
1776213900000,0.47315,0.47565,0.47315,0.47558,13748218.1,1776214079999,6518412.89459700,766,13747159.4,6517909.61835100,0
1776214080000,0.47558,0.47612,0.47477,0.47558,3994423.3,1776214259999,1900597.87146200,512,3984418.5,1895841.90848600,0
1776214260000,0.47601,0.47656,0.47521,0.47521,2778032.0,1776214439999,1323101.34685200,502,2773023.2,1320717.47682200,0
1776214440000,0.47518,0.47518,0.47044,0.47044,19834432.4,1776214619999,9362916.27402800,949,5481.1,2587.24077000,0
1776214620000,0.47044,0.47072,0.46883,0.47011,7344650.7,1776214799999,3447830.47368500,780,63659.4,29915.34875400,0
1776214800000,0.47011,0.4711,0.46506,0.46841,19718334.6,1776214979999,9221468.64588000,679,10344.1,4861.14332700,0
1776214980000,0.46841,0.47142,0.46841,0.47109,11973291.2,1776215159999,5623585.33490700,753,11971475.5,5622733.40413700,0
1776215160000,0.47109,0.47355,0.47109,0.47355,16975644.3,1776215339999,8016489.14319000,907,16973426.2,8015442.57662800,0
1776215340000,0.47359,0.47529,0.47338,0.4736,8333488.7,1776215519999,3952519.83780000,665,8316943.5,3944671.41516400,0
1776215520000,0.47362,0.47441,0.47318,0.47398,3947.3,1776215699999,1869.35163800,395,0,0,0
1776215700000,0.47398,0.47398,0.47072,0.47073,16548195.4,1776215879999,7800642.41327300,684,376.3,177.43357100,0
1776215880000,0.47095,0.47095,0.46875,0.46928,11529430.5,1776216059999,5420780.77096100,658,4269.5,2003.68231100,0
1776216060000,0.46928,0.46928,0.46581,0.46619,24330716.2,1776216239999,11373290.79394700,1050,14765.8,6907.74578600,0
1776216240000,0.46619,0.46721,0.46492,0.46593,10060586.6,1776216419999,4682115.60857100,821,19248.1,8970.42257900,0
1776216420000,0.46593,0.46611,0.46192,0.46353,28940704.7,1776216599999,13407932.11757200,1006,88390.2,40971.29313000,0
1776216600000,0.46353,0.46353,0.46171,0.46173,2052936.8,1776216779999,949051.78471500,561,11414.4,5274.94868600,0
1776216780000,0.46194,0.46261,0.46171,0.46185,17677.4,1776216959999,8169.05904300,366,12860.9,5944.91257800,0
1776216960000,0.46185,0.46378,0.46093,0.46262,9272033.1,1776217139999,4282062.61227500,646,2227552.2,1031773.16458500,0
1776217140000,0.46262,0.46763,0.46254,0.46763,25776967.8,1776217319999,11991765.98766900,1051,25776890.1,11991729.87812300,0
1776217320000,0.46763,0.46845,0.46618,0.4678,6012190.5,1776217499999,2814094.11765200,569,5729051.5,2681645.35017200,0
1776217500000,0.4678,0.46848,0.46562,0.46562,8429358.6,1776217679999,3929152.79903700,756,209967.2,98061.65600400,0
1776217680000,0.46562,0.46562,0.45684,0.45827,53248177.6,1776217859999,24630817.18314400,1366,1668.2,766.04594500,0
1776217860000,0.45828,0.45828,0.45548,0.45548,7793354.4,1776218039999,3555319.87178900,758,201871.2,92322.27581100,0
1776218040000,0.45548,0.45948,0.45488,0.458,21135946.1,1776218219999,9676144.07937800,764,16534460.0,7581665.88403900,0
1776218220000,0.458,0.45948,0.45091,0.45134,48242307.7,1776218399999,21894136.87595700,1088,343635.3,156475.63450300,0
1776218400000,0.45091,0.45091,0.43784,0.4421,81795036.1,1776218579999,36322235.77575700,1115,14109363.5,6225139.17124000,0
1776218580000,0.4421,0.45905,0.44108,0.45693,90996335.9,1776218759999,40969696.29224600,1219,90990592.9,40967116.24332100,0
1776218760000,0.45676,0.45678,0.44886,0.44997,29747412.2,1776218939999,13442980.85428300,962,2456255.9,1115839.68514300,0
1776218940000,0.45028,0.45204,0.4434,0.44343,56208607.5,1776219119999,25094580.84450500,1081,2545.6,1133.28175000,0
1776219120000,0.4434,0.45661,0.44335,0.45661,61057377.6,1776219299999,27509114.86782200,1019,60567039.4,27291702.87585500,0
1776219300000,0.45661,0.45966,0.45544,0.45625,46045125.2,1776219479999,21080117.54629600,1026,39817935.1,18239588.43020300,0
1776219480000,0.45625,0.45777,0.45362,0.45391,23224977.7,1776219659999,10572736.69983300,833,7927482.8,3608054.90338700,0
1776219660000,0.45391,0.45514,0.45045,0.45514,32115460.7,1776219839999,14549193.37883800,1063,8832700.2,4016965.89782200,0
1776219840000,0.45514,0.45836,0.45514,0.45582,32926604.0,1776220019999,15028964.71185400,768,32658882.0,14906648.38953700,0
1776220020000,0.45582,0.45688,0.45118,0.45118,39649760.2,1776220199999,17978012.09821500,1299,228256.2,103190.14079100,0
1776220200000,0.45118,0.45173,0.45057,0.45122,6774266.4,1776220379999,3054439.35854800,700,1650690.2,744748.29937100,0
1776220380000,0.45089,0.45128,0.44817,0.44817,7435586.2,1776220559999,3336591.47369700,669,375.5,169.45564000,0
1776220560000,0.44817,0.44817,0.44098,0.44098,54799659.0,1776220739999,24372337.60862700,1401,230889.7,102884.44056900,0
1776220740000,0.44098,0.44099,0.43423,0.4349,35619625.5,1776220919999,15584051.75175800,1055,450149.9,196844.96423800,0
1776220920000,0.43493,0.43573,0.4332,0.43417,7238093.9,1776221099999,3142216.86054400,733,1178116.5,512099.43001700,0
1776221100000,0.43417,0.43489,0.43012,0.43479,45084956.3,1776221279999,19461072.50011800,1159,2991553.8,1295727.23013800,0
1776221280000,0.43483,0.43483,0.42794,0.42794,48239846.2,1776221459999,20757513.95145400,1016,1652499.1,711949.20614300,0
1776221460000,0.42794,0.42805,0.42667,0.42794,10173976.4,1776221639999,4349966.21559300,590,66614.4,28461.66609400,0
1776221640000,0.42794,0.42794,0.42582,0.42662,13109862.8,1776221819999,5589077.69166500,764,161614.5,69031.20901600,0
1776221820000,0.42633,0.42633,0.42272,0.42355,26888134.6,1776221999999,11411843.95444400,942,4731.1,2013.12562200,0
1776222000000,0.42361,0.42599,0.42173,0.42599,29264878.7,1776222179999,12399757.08338300,847,12898340.9,5487516.24724500,0
1776222180000,0.42599,0.42681,0.42157,0.42681,30523110.4,1776222359999,12935275.82831600,1025,22397605.3,9490986.45641200,0
1776222360000,0.42681,0.43009,0.42526,0.42872,19293765.8,1776222539999,8257354.52066500,809,17285815.9,7399496.43244000,0
1776222540000,0.42872,0.44075,0.42718,0.44075,112934917.9,1776222719999,49073130.83577300,1346,112703964.6,48972878.68690400,0
1776222720000,0.44075,0.45332,0.43363,0.43855,77012262.6,1776222899999,34062920.36373500,1233,45533372.1,20226499.37554700,0
1776222900000,0.43855,0.44014,0.43457,0.43526,17512396.8,1776223079999,7653303.94771600,892,2872944.4,1259885.61634800,0
1776223080000,0.43526,0.43861,0.43346,0.43861,25791611.0,1776223259999,11275544.64541600,686,25308343.8,11065932.84166900,0
1776223260000,0.43861,0.44557,0.43861,0.4446,59631455.1,1776223439999,26341023.65786100,937,54118533.0,23900451.18929900,0
1776223440000,0.4446,0.44758,0.44363,0.44387,35936286.4,1776223619999,16010641.82199000,955,23320122.4,10394745.26839000,0
1776223620000,0.44387,0.4452,0.44348,0.44348,3925563.1,1776223799999,1741938.29065800,550,1510844.1,670690.17438000,0
1776223800000,0.44348,0.44888,0.44331,0.44888,37298377.9,1776223979999,16673020.41945900,1055,36254692.8,16210224.26107600,0
1776223980000,0.44888,0.45143,0.44252,0.44252,42196020.6,1776224159999,18944448.62177400,1060,25139021.5,11318021.13657200,0
1776224160000,0.44252,0.44271,0.42892,0.43079,101610646.7,1776224339999,44311925.81554800,1531,1625655.6,700006.92859200,0
1776224340000,0.43102,0.43494,0.42751,0.43304,23815874.3,1776224519999,10258450.99767600,746,14859784.4,6416347.00241300,0
1776224520000,0.43304,0.43531,0.43076,0.4321,19029640.3,1776224699999,8218295.68302500,716,1535725.2,665303.33497800,0
1776224700000,0.4321,0.43244,0.4292,0.4292,8335927.9,1776224879999,3586154.78318700,627,49092.8,21228.76070400,0
1776224880000,0.4292,0.43184,0.42617,0.43184,43062613.0,1776225059999,18446021.13853700,1292,14416171.8,6182574.67671200,0
1776225060000,0.43184,0.43185,0.42613,0.42627,16621223.7,1776225239999,7110714.18993800,922,3186968.0,1367353.77717100,0
1776225240000,0.42627,0.42642,0.42203,0.42203,36303343.1,1776225419999,15383966.41937600,1194,1454.9,615.00260700,0
1776225420000,0.42203,0.42254,0.41075,0.41147,67042726.1,1776225599999,27901931.59817000,1136,233041.1,96886.14352100,0
1776225600000,0.41147,0.43339,0.40999,0.43339,74281605.2,1776225779999,31286921.08782000,941,73366381.5,30904624.42377100,0
1776225780000,0.43339,0.43701,0.42308,0.42638,81227331.3,1776225959999,34710816.69048700,1293,27002820.0,11554316.88666800,0
1776225960000,0.42638,0.43105,0.426,0.43105,33102788.6,1776226139999,14218427.16763000,1007,32588380.1,13999128.34529000,0
1776226140000,0.4311,0.44802,0.4311,0.44343,129196151.9,1776226319999,56794007.07319300,1370,106037610.3,46439436.57770900,0
1776226320000,0.44343,0.44448,0.43862,0.44307,48759836.4,1776226499999,21537559.36130700,903,18136255.9,8022538.47870000,0
1776226500000,0.44307,0.44448,0.43538,0.43673,41654317.9,1776226679999,18258386.09280500,897,500396.3,220148.71967300,0
1776226680000,0.43673,0.44113,0.4349,0.43831,20127007.7,1776226859999,8816502.77100700,921,4233165.9,1861558.67251800,0
1776226860000,0.43831,0.45613,0.43782,0.45613,58217241.5,1776227039999,25983810.18235300,1029,50343467.5,22534599.21066200,0
1776227040000,0.45613,0.46743,0.45603,0.46743,105732097.9,1776227219999,48638243.80629800,1612,103715194.2,47707446.26981900,0
1776227220000,0.46743,0.46833,0.46629,0.46634,7350612.5,1776227399999,3438735.32624600,650,6370928.1,2981178.69135500,0
1776227400000,0.4667,0.46833,0.45917,0.45917,68031974.5,1776227579999,31471645.65389800,1333,1772.0,825.26630700,0
1776227580000,0.45917,0.45917,0.45471,0.45648,33262859.9,1776227759999,15200828.72457700,666,56565.4,25737.25807900,0
1776227760000,0.45648,0.47278,0.45642,0.46781,70050902.8,1776227939999,32502096.18765200,1120,69794857.2,32382283.99087300,0
1776227940000,0.46781,0.46988,0.45482,0.45536,77917436.4,1776228119999,36141964.68019700,1305,18096910.5,8488422.60549300,0
1776228120000,0.45536,0.45536,0.44813,0.44982,40710722.9,1776228299999,18387328.88367800,722,969675.0,436337.56132500,0
1776228300000,0.44982,0.4547,0.4494,0.45346,15834285.8,1776228479999,7160996.94500000,753,15783133.2,7137790.48392600,0
1776228480000,0.45345,0.45602,0.45273,0.45332,10948355.2,1776228659999,4986235.96929500,659,10652288.2,4852151.50360700,0
1776228660000,0.45332,0.45333,0.45002,0.45128,25290463.6,1776228839999,11416438.66016700,862,709857.5,320038.32452300,0
1776228840000,0.45128,0.45345,0.44962,0.44962,22122783.4,1776229019999,9995512.76951700,841,16176940.5,7320758.47414700,0
1776229020000,0.44962,0.45839,0.44751,0.45813,81839248.7,1776229199999,37005358.80152800,1480,59168643.9,26831566.62345900,0
1776229200000,0.45813,0.46243,0.45595,0.45611,66045702.7,1776229379999,30312921.62045800,1001,34081209.4,15678586.75235600,0
1776229380000,0.45657,0.45711,0.4519,0.4519,25920595.0,1776229559999,11757552.38033200,1041,1772.9,807.45002900,0
1776229560000,0.4519,0.4519,0.44127,0.44133,85842366.5,1776229739999,38373409.25754200,1469,461467.0,203702.28471100,0
1776229740000,0.44133,0.44138,0.43664,0.43683,29697508.6,1776229919999,13035650.98031600,792,680186.7,299079.26430300,0
1776229920000,0.43683,0.43865,0.4361,0.4361,4218175.8,1776230099999,1840308.09389000,526,378678.7,165200.44617900,0
1776230100000,0.4361,0.43615,0.43222,0.43451,46954485.5,1776230279999,20385860.82365300,1098,702083.1,304482.34238500,0
1776230280000,0.43451,0.43766,0.43451,0.436,14660703.6,1776230459999,6395465.33024100,684,14652786.4,6392004.79875500,0
1776230460000,0.436,0.44275,0.43598,0.44257,52813540.5,1776230639999,23218463.61643100,983,52809534.9,23216694.35323700,0
1776230640000,0.44275,0.44454,0.43973,0.44028,37475951.4,1776230819999,16593075.92133900,879,30103230.6,13343942.41342700,0
1776230820000,0.44028,0.44204,0.43934,0.44098,2983283.8,1776230999999,1317452.13995900,513,2976972.9,1314669.27413700,0
1776231000000,0.44098,0.44869,0.44098,0.44867,63195455.2,1776231179999,28103840.33265900,1317,63191211.1,28101955.53786900,0
1776231180000,0.44862,0.44877,0.44677,0.448,2204596.5,1776231359999,989262.62939500,390,2195143.3,985030.15407200,0
1776231360000,0.4485,0.44886,0.44548,0.44886,6431278.1,1776231539999,2883144.30303300,818,5928849.3,2658911.74444400,0
1776231540000,0.44886,0.45059,0.44875,0.45059,18401432.9,1776231719999,8268221.51679200,866,18396585.0,8266044.62923200,0
1776231720000,0.45059,0.47627,0.45015,0.47476,155801343.6,1776231899999,72261949.69893100,1618,155773967.0,72249066.06434500,0
1776231900000,0.47483,0.48421,0.47483,0.48344,41311470.2,1776232079999,19780726.09252200,811,41235642.4,19744098.67051000,0
1776232080000,0.48344,0.48461,0.47839,0.48461,29473002.5,1776232259999,14179070.12410400,1002,15552070.6,7497360.53742300,0
1776232260000,0.48461,0.48667,0.47516,0.48128,70209977.4,1776232439999,33845203.45558800,1137,38209960.2,18505523.70827400,0
1776232440000,0.48131,0.48465,0.46491,0.46847,80188804.6,1776232619999,37958931.74439700,1319,3488958.0,1680444.42901200,0
1776232620000,0.46849,0.47452,0.46849,0.4694,21907703.0,1776232799999,10323430.65921900,908,15780157.6,7432269.86041600,0
1776232800000,0.4694,0.47299,0.46518,0.46704,34308173.7,1776232979999,16036030.26655800,803,827046.8,389243.72119100,0
1776232980000,0.46706,0.46749,0.46364,0.46619,9753913.2,1776233159999,4526924.04953300,490,8424.4,3923.56914000,0
1776233160000,0.46619,0.47,0.46444,0.4652,21845457.8,1776233339999,10201370.06044400,739,6514052.1,3045520.84683100,0
1776233340000,0.46526,0.46834,0.46419,0.46595,19041490.6,1776233519999,8884951.25927800,651,18164528.2,8477788.68418000,0
1776233520000,0.46593,0.46845,0.46313,0.46328,11210688.8,1776233699999,5204997.69277300,487,1410898.9,660864.77464500,0
1776233700000,0.46328,0.46776,0.46312,0.46334,3872468.6,1776233879999,1799425.20650500,581,2123852.6,987484.18053400,0
1776233880000,0.46334,0.47448,0.4633,0.46792,71058429.9,1776234059999,33464867.70505800,918,55098728.4,25929095.25303800,0
1776234060000,0.46792,0.47129,0.46785,0.46785,6931573.9,1776234239999,3259447.13877000,671,5422304.7,2550364.16586400,0
1776234240000,0.46785,0.46785,0.46438,0.4646,38563250.2,1776234419999,17967241.94343500,1028,1042.0,485.80165300,0
1776234420000,0.46438,0.46479,0.45794,0.45794,55788260.4,1776234599999,25733663.34758500,1254,1329.8,612.18347300,0
1776234600000,0.45796,0.46274,0.45794,0.46106,8020506.7,1776234779999,3698926.94603100,454,7800385.3,3597166.20398200,0
1776234780000,0.46106,0.46106,0.45665,0.45665,20336111.5,1776234959999,9309703.73119000,864,45893.2,21062.79682500,0
1776234960000,0.45665,0.45803,0.44767,0.45272,41233991.8,1776235139999,18662869.12706200,697,10734789.3,4845557.81837500,0
1776235140000,0.45267,0.4601,0.45199,0.4601,35735160.8,1776235319999,16326076.13840800,762,35730393.4,16323897.98739300,0
1776235320000,0.4601,0.46091,0.45518,0.45518,13078933.7,1776235499999,5994430.78341600,566,5597831.6,2577456.93104900,0
1776235500000,0.45518,0.45661,0.45332,0.45661,10110958.6,1776235679999,4615230.56095000,435,9855978.8,4498917.17848100,0
1776235680000,0.45654,0.45675,0.45347,0.45577,830387.3,1776235859999,378204.32595600,372,1967.7,896.55451800,0
1776235860000,0.45577,0.45647,0.45306,0.45512,583394.4,1776236039999,264340.66622100,380,1002.1,455.48691600,0
1776236040000,0.45459,0.45546,0.45316,0.45365,3046.6,1776236219999,1384.24166800,268,0,0,0
1776236220000,0.45496,0.45591,0.45136,0.45181,16029746.6,1776236399999,7247881.71683300,575,977.5,442.14914300,0
1776236400000,0.45181,0.45327,0.45096,0.45096,3629999.7,1776236579999,1637572.47220300,456,3247.7,1469.62144600,0
1776236580000,0.45104,0.45104,0.44675,0.44675,38904859.1,1776236759999,17467055.14924200,832,6178.8,2773.11130100,0
1776236760000,0.44675,0.44792,0.44637,0.44691,5554829.2,1776236939999,2480861.13382200,512,12455.5,5566.64163000,0
1776236940000,0.44698,0.44792,0.44559,0.44562,6960.3,1776237119999,3111.64282300,279,3362.8,1505.81494700,0
1776237120000,0.44562,0.44792,0.44367,0.4444,16832147.7,1776237299999,7483120.85629700,508,924.6,411.73167200,0
1776237300000,0.4444,0.44444,0.44237,0.44237,14340229.2,1776237479999,6354031.00794700,757,227879.6,101055.85533600,0
1776237480000,0.44237,0.44237,0.43853,0.43957,32913379.4,1776237659999,14498335.49300400,876,2487.7,1094.06386000,0
1776237660000,0.43978,0.4423,0.43786,0.43786,23188548.9,1776237839999,10206307.54714300,797,16426470.2,7242595.28403200,0
1776237840000,0.43786,0.43792,0.43434,0.43691,27529358.9,1776238019999,11999463.06763500,1174,5029.4,2192.64393800,0
1776238020000,0.43434,0.43808,0.43339,0.43672,19605589.4,1776238199999,8521566.31387600,803,4572463.6,1999046.76460700,0
1776238200000,0.43672,0.43809,0.43318,0.43411,9030370.9,1776238379999,3924095.55597500,545,721501.7,315643.50071200,0
1776238380000,0.43413,0.43802,0.43318,0.43692,6845513.3,1776238559999,2987933.42770500,449,6794840.3,2965875.29215300,0
1776238560000,0.43743,0.44198,0.43715,0.4376,45387250.8,1776238739999,19919985.59542500,886,40330199.9,17705193.59773200,0
1776238740000,0.4376,0.43823,0.43686,0.43823,722970.3,1776238919999,316014.20316300,371,3630.7,1589.59265800,0
1776238920000,0.4383,0.44107,0.4383,0.44106,34399486.5,1776239099999,15137205.72739700,972,34399133.5,15137050.42188200,0
1776239100000,0.44106,0.44343,0.43686,0.44343,35406452.9,1776239279999,15589853.70791900,1022,19111093.4,8443947.80000400,0
1776239280000,0.44343,0.44572,0.44283,0.44572,23942600.0,1776239459999,10650816.21022900,726,23940339.4,10649814.04436900,0
1776239460000,0.44572,0.45121,0.44214,0.44214,61923095.4,1776239639999,27644271.45658000,1191,34356634.0,15389311.63309900,0
1776239640000,0.44214,0.44264,0.43792,0.44011,24061131.0,1776239819999,10584288.50146900,717,1161.8,510.30704600,0
1776239820000,0.44013,0.4452,0.44013,0.44422,15256493.0,1776239999999,6757869.33620500,485,13911931.3,6163382.05730300,0
1776240000000,0.44395,0.45379,0.44251,0.45376,63443548.8,1776240179999,28566463.37969500,853,63435604.9,28562895.35889200,0
1776240180000,0.45374,0.45641,0.45197,0.45632,20318026.5,1776240359999,9225249.79746600,861,14400025.9,6547071.09332800,0
1776240360000,0.45632,0.46019,0.45631,0.46019,40467979.0,1776240539999,18543028.83684400,794,40461654.0,18540134.72544300,0
1776240540000,0.46019,0.46019,0.4538,0.4542,21253886.2,1776240719999,9683269.50913600,662,190660.4,86975.60881200,0
1776240720000,0.45418,0.45521,0.45065,0.45096,16019284.7,1776240899999,7244715.03626600,535,7021.6,3194.25712300,0
1776240900000,0.45102,0.45103,0.44687,0.44812,28252304.5,1776241079999,12674474.32717900,929,5834.3,2625.15812300,0
1776241080000,0.44812,0.45855,0.44812,0.45161,92184990.8,1776241259999,41833442.18394600,1068,66040307.4,29963427.96971600,0
1776241260000,0.45161,0.46068,0.45161,0.46068,49901985.1,1776241439999,22861936.12381100,903,49897445.0,22859854.84866300,0
1776241440000,0.46068,0.46573,0.46068,0.46573,42775461.4,1776241619999,19763202.62892800,484,42773448.8,19762271.99073400,0
1776241620000,0.46573,0.46943,0.46037,0.46943,78008781.2,1776241799999,36289331.17958300,1084,60317822.2,28079040.55270100,0
1776241800000,0.46935,0.4699,0.45906,0.46282,25323238.6,1776241979999,11776948.95775400,655,4942592.6,2320603.89946400,0
1776241980000,0.46195,0.4635,0.45593,0.45593,38835573.1,1776242159999,17828244.42531000,861,2878020.3,1330347.67501900,0
1776242160000,0.45593,0.45895,0.45294,0.4581,32787075.2,1776242339999,14932808.48382400,763,16106963.6,7362690.41654000,0
1776242340000,0.45817,0.46155,0.45759,0.45965,43361668.8,1776242519999,19945946.62480300,989,42747437.0,19664628.74379100,0
1776242520000,0.45965,0.45971,0.45541,0.45541,16383337.5,1776242699999,7495150.59092600,888,1374.1,628.13509000,0
1776242700000,0.45541,0.45681,0.44956,0.44964,57585228.0,1776242879999,26069198.41941500,973,6203.2,2828.47654900,0
1776242880000,0.44964,0.45237,0.44956,0.45066,3237.1,1776243059999,1460.49741500,312,1622.9,731.93425800,0
1776243060000,0.45059,0.45258,0.44964,0.45234,3844.1,1776243239999,1737.13371200,330,2059.0,930.98639900,0
1776243240000,0.45234,0.45416,0.45089,0.4541,25683981.0,1776243419999,11645697.32191900,683,25123468.9,11391186.39607800,0
1776243420000,0.45417,0.4605,0.45344,0.4605,75490195.9,1776243599999,34503027.98016800,1214,73737765.5,33705862.78970600,0
1776243600000,0.4605,0.46705,0.4605,0.46492,48217480.0,1776243779999,22345461.31641900,786,48166830.6,22322046.42009000,0
1776243780000,0.46492,0.48021,0.46492,0.47887,115827749.2,1776243959999,54721761.14118500,1360,114883237.5,54278850.19561900,0
1776243960000,0.47925,0.47925,0.46894,0.47061,34352703.4,1776244139999,16281027.22908800,887,3284337.2,1557358.59059700,0
1776244140000,0.47061,0.47544,0.46336,0.46365,40286977.2,1776244319999,18863803.52714700,886,9102596.8,4299958.73635500,0
1776244320000,0.46365,0.46773,0.46365,0.46603,15621027.2,1776244499999,7285069.94273700,404,15613712.2,7281653.05349100,0
1776244500000,0.46534,0.46773,0.46206,0.46631,12507785.7,1776244679999,5791851.97155000,635,850742.6,396702.75056800,0
1776244680000,0.46631,0.46666,0.46275,0.46288,14188262.6,1776244859999,6583539.73527600,577,1134997.2,526997.36659100,0
1776244860000,0.46274,0.46666,0.4611,0.46666,28824632.8,1776245039999,13337644.31839100,692,10182509.9,4729314.27385300,0
1776245040000,0.46666,0.46996,0.46621,0.46996,18158564.3,1776245219999,8520605.60535300,740,18156052.0,8519431.74022500,0
1776245220000,0.46996,0.47281,0.46996,0.47281,30952608.8,1776245399999,14578663.82276900,960,30906673.3,14556974.59407000,0
1776245400000,0.47281,0.47546,0.47281,0.47546,23896167.0,1776245579999,11322396.64178700,713,23853829.8,11302298.11612400,0
1776245580000,0.47546,0.47594,0.47338,0.47545,7447129.5,1776245759999,3542283.69487400,615,7412524.3,3525875.08604700,0
1776245760000,0.47547,0.47584,0.47345,0.47522,1811888.2,1776245939999,859107.66910900,556,192934.0,91788.54903700,0
1776245940000,0.47522,0.47594,0.47472,0.47516,823129.3,1776246119999,391592.97892900,492,818752.5,389513.71173500,0
1776246120000,0.47523,0.47762,0.47523,0.47753,7499108.1,1776246299999,3572084.45879500,820,7485246.9,3565482.97819800,0
1776246300000,0.47753,0.47753,0.4703,0.4703,29140780.6,1776246479999,13791521.56889900,965,25657.0,12134.83351900,0
1776246480000,0.4703,0.47062,0.46616,0.46631,29666118.5,1776246659999,13888158.49374100,913,51709.0,24281.02357500,0
1776246660000,0.46631,0.46792,0.46397,0.46397,19877083.7,1776246839999,9242497.29256900,1084,555339.5,258139.91879100,0
1776246840000,0.46397,0.46403,0.46225,0.46225,11677909.3,1776247019999,5410963.34841100,872,847.5,392.33287900,0
1776247020000,0.46224,0.46224,0.45227,0.45244,80627793.8,1776247199999,36897742.33851600,1338,133180.6,60934.17580300,0
1776247200000,0.45244,0.45698,0.4522,0.45607,20103764.1,1776247379999,9142352.63935000,766,19816958.9,9012622.95478800,0
1776247380000,0.45607,0.45698,0.45124,0.45179,19039953.6,1776247559999,8646017.41816200,989,1340906.0,610118.62261700,0
1776247560000,0.45179,0.45229,0.45042,0.45219,1344068.9,1776247739999,607417.98760600,538,1152540.0,521022.07923200,0
1776247740000,0.45219,0.45361,0.45219,0.45219,11205838.9,1776247919999,5073807.50531000,620,11192465.8,5067754.98274900,0
1776247920000,0.45219,0.45712,0.45148,0.45407,35695527.3,1776248099999,16228305.15623500,982,25183624.3,11461165.16759400,0
1776248100000,0.45407,0.45421,0.45183,0.45333,725007.8,1776248279999,328344.15124900,458,299638.3,135838.75865300,0
1776248280000,0.45333,0.45346,0.45127,0.45346,895142.0,1776248459999,405736.28642000,495,773923.6,350878.47281500,0
1776248460000,0.45346,0.45384,0.44896,0.44896,25387647.6,1776248639999,11432712.65529000,918,3644572.2,1653056.14984100,0
1776248640000,0.44896,0.44992,0.44786,0.44975,8705684.2,1776248819999,3911546.48890600,721,6495288.6,2920365.56483300,0
1776248820000,0.44975,0.44975,0.44815,0.44818,1114345.8,1776248999999,499657.96632900,488,101559.6,45630.49993400,0
1776249000000,0.44818,0.44818,0.44409,0.44471,46421743.8,1776249179999,20705418.25568000,1454,99132.2,44235.05214700,0
1776249180000,0.44471,0.44692,0.44469,0.44674,425349.2,1776249359999,189718.61049600,455,12818.6,5717.49268100,0
1776249360000,0.44683,0.44862,0.44578,0.44847,19706867.5,1776249539999,8823289.97953700,815,19390909.0,8682272.58360000,0
1776249540000,0.44847,0.44898,0.44772,0.44898,3566084.9,1776249719999,1599900.04205800,475,3561504.8,1597846.36625600,0
1776249720000,0.44898,0.45179,0.44805,0.45141,37135097.2,1776249899999,16710524.23558200,1049,27439033.1,12357878.57797300,0
1776249900000,0.45141,0.45179,0.44766,0.44786,14974537.3,1776250079999,6723580.87411400,942,518997.2,234377.04004000,0
1776250080000,0.44766,0.44926,0.44639,0.44926,33896544.2,1776250259999,15185653.02167000,933,16672403.9,7482786.46277500,0
1776250260000,0.44926,0.44986,0.44802,0.44834,8478364.6,1776250439999,3806948.31075600,550,2967807.5,1333664.68314000,0
1776250440000,0.44834,0.44848,0.44666,0.44797,14828880.9,1776250619999,6638420.74190800,798,10201387.1,4567497.35875900,0
1776250620000,0.44797,0.44956,0.4469,0.44956,7797128.3,1776250799999,3500041.95911300,732,7786286.9,3495190.29686600,0
1776250800000,0.44956,0.4637,0.44956,0.4625,110380598.9,1776250979999,50295580.21586200,1334,110341826.1,50277913.16841100,0
1776250980000,0.4625,0.46316,0.45824,0.46316,28174336.9,1776251159999,12987164.17447600,944,13116187.9,6059601.82360300,0
1776251160000,0.46316,0.46411,0.45797,0.45797,43068765.4,1776251339999,19835338.15965700,1225,7213136.9,3346201.28020800,0
1776251340000,0.45797,0.46059,0.45768,0.45989,8352686.2,1776251519999,3827708.70222900,761,2101171.3,965167.03844700,0
1776251520000,0.45989,0.46178,0.45593,0.45593,28437361.9,1776251699999,13030106.15914700,1169,8655733.9,3990809.50246200,0
1776251700000,0.45593,0.4575,0.45323,0.4575,33443382.1,1776251879999,15229400.06579200,1237,14021902.7,6406546.98793200,0
1776251880000,0.4575,0.46183,0.4575,0.46163,54504052.9,1776252059999,25032198.41478000,836,54500749.6,25030680.20496900,0
1776252060000,0.46163,0.46258,0.45993,0.45993,6931610.6,1776252239999,3202835.60076900,650,6923702.0,3199191.17185100,0
1776252240000,0.45993,0.45993,0.45251,0.45307,68519350.9,1776252419999,31242861.77660900,1539,1417542.0,643184.89613500,0
1776252420000,0.45317,0.4559,0.45288,0.4559,5703198.0,1776252599999,2596279.78419300,768,5425982.5,2470473.26207500,0
1776252600000,0.4559,0.4588,0.4559,0.45879,13042932.5,1776252779999,5957752.61523600,796,13032866.7,5953150.89627000,0
1776252780000,0.45879,0.45899,0.45752,0.4583,1987829.6,1776252959999,912291.57555000,547,1973753.1,905838.45500700,0
1776252960000,0.4583,0.45898,0.45593,0.45611,8434723.0,1776253139999,3848240.55176400,577,33.7,15.46762600,0
1776253140000,0.4561,0.45853,0.4561,0.45839,1147875.1,1776253319999,525095.90893300,541,638930.9,292472.73975200,0
1776253320000,0.4584,0.46097,0.45839,0.46097,2288090.6,1776253499999,1050252.21106100,590,2284340.7,1048531.39645600,0
1776253500000,0.46097,0.46131,0.45814,0.46131,13159047.5,1776253679999,6058076.04230100,896,9438296.4,4352129.04024900,0
1776253680000,0.46131,0.46272,0.45897,0.45899,11780606.1,1776253859999,5442540.09307000,674,11287441.4,5216074.85661100,0
1776253860000,0.45899,0.46384,0.45899,0.46325,9859604.0,1776254039999,4560228.95242800,841,9858104.2,4559535.56257300,0
1776254040000,0.46325,0.46471,0.46155,0.46155,7559801.8,1776254219999,3510078.50511800,662,7545948.7,3503668.32693200,0
1776254220000,0.46155,0.46155,0.45805,0.45805,20961025.6,1776254399999,9646496.04575600,1131,9049.3,4154.76714400,0
1776254400000,0.45805,0.45911,0.45692,0.45692,9853563.6,1776254579999,4505571.40359400,718,9405.4,4308.92849700,0
1776254580000,0.45692,0.45919,0.45692,0.45866,1665413.4,1776254759999,762492.78699800,473,683177.9,313687.51017300,0
1776254760000,0.45866,0.46019,0.45704,0.45942,4353235.2,1776254939999,2001422.14676900,516,4348781.0,1999382.81604100,0
1776254940000,0.45937,0.46024,0.45734,0.45889,158157.4,1776255119999,72639.25322100,447,96009.5,44187.05939700,0
1776255120000,0.45889,0.45931,0.45805,0.45842,7978.0,1776255299999,3658.00440300,414,0,0,0
1776255300000,0.45842,0.46355,0.45767,0.46355,21511714.0,1776255479999,9920396.20936700,1088,20982367.4,9677991.77938500,0
1776255480000,0.46355,0.46548,0.46352,0.46477,11957872.8,1776255659999,5551197.23490500,703,11952232.1,5548574.43001000,0
1776255660000,0.46477,0.46585,0.4619,0.4619,19580391.2,1776255839999,9071486.46958300,754,1669485.9,777415.73859400,0
1776255840000,0.4619,0.46327,0.46142,0.46243,8428692.4,1776256019999,3892184.59443700,735,200369.2,92570.88536500,0
1776256020000,0.46243,0.46357,0.4615,0.46192,133109.0,1776256199999,61635.73554500,430,130465.3,60413.79812000,0
1776256200000,0.46192,0.46259,0.46137,0.4625,820647.3,1776256379999,379359.60307900,526,699814.9,323501.53101000,0
1776256380000,0.4625,0.46259,0.46079,0.46244,9888367.2,1776256559999,4561050.44213100,873,253296.7,117109.78244200,0
1776256560000,0.46244,0.4658,0.46087,0.46568,15184912.2,1776256739999,7051461.47594300,721,15182888.0,7050520.15484300,0
1776256740000,0.46568,0.46854,0.46551,0.46854,4517545.3,1776256919999,2113347.99149500,744,4517150.7,2113163.75363300,0
1776256920000,0.46854,0.46958,0.4679,0.46958,5399519.6,1776257099999,2531793.98886400,716,5395910.1,2530102.96894900,0
1776257100000,0.46958,0.47148,0.46873,0.46878,9257260.0,1776257279999,4350045.35350900,752,9247507.1,4345458.62676500,0
1776257280000,0.46878,0.47106,0.46851,0.46851,818642.5,1776257459999,384313.71149200,560,273694.1,128767.89360900,0
1776257460000,0.4685,0.46855,0.46698,0.46799,12828096.4,1776257639999,6000927.60326100,800,8342.5,3901.74570900,0
1776257640000,0.46799,0.46799,0.46606,0.46606,5255403.0,1776257819999,2451564.82943300,700,57176.7,26715.00946900,0
1776257820000,0.46606,0.46705,0.46604,0.46624,892617.5,1776257999999,416010.34698600,419,11117.9,5187.28077500,0
1776258000000,0.4664,0.46668,0.46533,0.46542,1375761.8,1776258179999,640292.13175700,372,7621.9,3551.33763700,0
1776258180000,0.46542,0.46562,0.46277,0.46289,12552607.2,1776258359999,5816659.46699800,649,303.6,141.04754700,0
1776258360000,0.46289,0.46369,0.45806,0.45806,39508951.9,1776258539999,18197966.47911500,960,4566.0,2111.99237000,0
1776258540000,0.45806,0.45933,0.45355,0.45532,30477618.5,1776258719999,13885218.01516800,631,31714.8,14433.69603100,0
1776258720000,0.45561,0.45915,0.45515,0.4588,7951825.4,1776258899999,3630950.41014900,524,7951384.2,3630748.60162600,0
1776258900000,0.45915,0.46464,0.45891,0.46463,48415304.7,1776259079999,22354026.21869700,1001,48414980.0,22353875.52242900,0
1776259080000,0.46463,0.46633,0.46227,0.46633,27375241.6,1776259259999,12744042.59837500,672,27358118.9,12736111.84405900,0
1776259260000,0.46633,0.46871,0.46629,0.46748,6834517.9,1776259439999,3193533.90793900,686,6823744.2,3188498.38123100,0
1776259440000,0.46737,0.46871,0.46651,0.46795,1569540.1,1776259619999,733394.00630000,446,761404.1,355886.15912400,0
1776259620000,0.4677,0.47182,0.4677,0.47182,34362489.7,1776259799999,16151355.84499500,1176,34190791.5,16070809.50229900,0
1776259800000,0.47182,0.47322,0.47182,0.47322,8267166.7,1776259979999,3908184.88417000,662,8265004.1,3907163.63017700,0
1776259980000,0.47322,0.48374,0.47322,0.48374,86336854.6,1776260159999,41296511.85240200,1480,86331199.4,41293805.55086300,0
1776260160000,0.48374,0.48374,0.47689,0.47689,17404759.7,1776260339999,8335074.83033200,909,1691029.5,810975.64364200,0
1776260340000,0.47689,0.47951,0.47479,0.47905,16376314.7,1776260519999,7805101.15631900,964,6014980.7,2877632.43885100,0
1776260520000,0.47905,0.47951,0.47348,0.47349,21353793.5,1776260699999,10134639.77831400,1021,636383.2,302250.79752400,0
1776260700000,0.47348,0.47834,0.47348,0.47669,17785111.4,1776260879999,8476068.88301300,840,17615895.3,8395627.70946800,0
1776260880000,0.47669,0.48203,0.47326,0.48203,48247587.1,1776261059999,23043317.90417900,1273,31674225.8,15171191.32975200,0
1776261060000,0.48203,0.48278,0.47148,0.47536,63290058.2,1776261239999,30116332.22431300,1123,11597963.9,5578221.70213000,0
1776261240000,0.47563,0.48204,0.47563,0.47991,41298640.7,1776261419999,19797481.55903800,1100,40049133.2,19200466.27855400,0
1776261420000,0.47965,0.48016,0.471,0.471,52241660.2,1776261599999,24831187.39389400,1504,1535004.6,727734.29638800,0
1776261600000,0.471,0.47102,0.46544,0.46596,49374478.7,1776261779999,23106037.95258000,1178,1253196.2,585648.59346300,0
1776261780000,0.46596,0.46638,0.46199,0.4654,32713638.1,1776261959999,15159187.02166500,1055,2347362.4,1091285.18761500,0
1776261960000,0.4654,0.46648,0.45771,0.45771,53396450.0,1776262139999,24603191.45000000,1419,2749574.0,1280391.33205900,0
1776262140000,0.45771,0.46093,0.45709,0.45943,8563864.4,1776262319999,3935392.66017000,723,8452583.9,3884435.02325200,0
1776262320000,0.45943,0.46095,0.45828,0.45891,6372147.9,1776262499999,2922075.60388200,734,644201.0,296185.14295300,0
1776262500000,0.45891,0.45934,0.45464,0.45464,28637424.0,1776262679999,13069602.79036900,714,225824.1,103635.95808400,0
1776262680000,0.45465,0.45565,0.45383,0.45512,7944068.8,1776262859999,3608067.82699000,516,6018.1,2738.64524100,0
1776262860000,0.45515,0.45692,0.45511,0.45692,14365411.8,1776263039999,6558483.32944500,681,14358446.6,6555310.70024100,0
1776263040000,0.45692,0.46552,0.45515,0.46552,144341107.5,1776263219999,66290770.17802100,1412,116202052.1,53296721.63843900,0
1776263220000,0.46552,0.46558,0.45515,0.45526,101168356.7,1776263399999,46441771.39479700,1134,69118040.1,31622659.82695900,0
1776263400000,0.45526,0.46562,0.45515,0.45516,86376019.4,1776263579999,39788909.36549900,1144,54891165.0,25207711.08953300,0
1776263580000,0.45516,0.46505,0.45515,0.45517,56825956.0,1776263759999,26212789.74860800,869,7579535.3,3458429.19516900,0
1776263760000,0.45538,0.46255,0.45515,0.46192,38775947.5,1776263939999,17874624.61221500,715,5336474.1,2456319.10759300,0
1776263940000,0.46215,0.46494,0.45515,0.46433,100643494.9,1776264119999,46433893.19901700,1193,30763784.9,14196695.89447000,0
1776264120000,0.46433,0.46434,0.45517,0.4624,15042901.3,1776264299999,6910583.52021400,416,6904867.4,3146116.40182000,0
1776264300000,0.4624,0.46245,0.46182,0.4624,6491.8,1776264479999,2999.99519600,200,5268.0,2434.22541100,0
1776264480000,0.4624,0.46509,0.46137,0.4615,5840858.6,1776264659999,2710755.31954000,482,4607222.2,2141201.18481700,0
1776264660000,0.4615,0.46166,0.45905,0.45905,20194393.6,1776264839999,9297762.07199400,750,1227.4,565.23042700,0
1776264840000,0.45905,0.45957,0.45723,0.45723,19969977.4,1776265019999,9148870.15080900,799,11868.3,5452.76987200,0
1776265020000,0.45723,0.45723,0.44802,0.44802,65388333.3,1776265199999,29645393.77116500,1162,271.0,122.96886100,0
1776265200000,0.44802,0.44904,0.44662,0.44662,11794886.4,1776265379999,5275154.91691300,699,4319.2,1936.59127600,0
1776265380000,0.44662,0.45295,0.4466,0.45157,28753928.7,1776265559999,12958141.71464200,633,28737364.9,12950658.79112600,0
1776265560000,0.45144,0.45407,0.44971,0.45325,11773972.5,1776265739999,5322709.08292800,426,9745617.8,4410287.08564000,0
1776265740000,0.45325,0.45407,0.45325,0.45325,48788.3,1776265919999,22147.53782000,321,41446.0,18819.38522000,0
1776265920000,0.45325,0.45325,0.44838,0.44838,23415691.6,1776266099999,10543000.88006100,695,5599.8,2517.30963600,0
1776266100000,0.44846,0.44903,0.4462,0.4462,22568905.3,1776266279999,10093442.30802300,763,1349.5,605.47288700,0
1776266280000,0.4462,0.45018,0.4462,0.45018,19071105.5,1776266459999,8573343.13448500,649,19070684.7,8573154.76497000,0
1776266460000,0.45018,0.45033,0.44944,0.45033,4740874.2,1776266639999,2134552.69268600,355,4691856.1,2112510.35020400,0
1776266640000,0.45033,0.4512,0.44634,0.44681,18447416.3,1776266819999,8290137.03012700,648,7294499.1,3285879.19463700,0
1776266820000,0.44681,0.44816,0.44615,0.44816,3031469.1,1776266999999,1353192.19808400,394,12207.7,5457.08974000,0
1776267000000,0.44816,0.45176,0.44616,0.44878,23912256.6,1776267179999,10763178.38261700,594,11885524.1,5349190.45644600,0
1776267180000,0.44878,0.44881,0.44571,0.44734,13180506.5,1776267359999,5882912.63929900,518,3194531.0,1428142.81983600,0
1776267360000,0.44734,0.45462,0.44192,0.45462,111394787.6,1776267539999,49944168.97686600,1221,76464977.3,34414200.34910000,0
1776267540000,0.45462,0.45822,0.45461,0.45743,27870006.1,1776267719999,12713963.63074600,483,27869029.4,12713517.04379400,0
1776267720000,0.45743,0.45957,0.45481,0.45957,22214687.9,1776267899999,10190998.05495200,718,21143034.5,9703173.52192200,0
1776267900000,0.45957,0.46011,0.45435,0.45435,28122523.9,1776268079999,12871471.40041900,818,11933342.5,5486260.47856100,0
1776268080000,0.45435,0.45497,0.45196,0.45368,13582285.1,1776268259999,6153559.59288400,595,77379.5,35203.05253800,0
1776268260000,0.45344,0.45344,0.44947,0.45303,36430546.1,1776268439999,16438383.62173000,818,7570916.4,3427885.81917500,0
1776268440000,0.45303,0.45373,0.44944,0.44949,8674156.1,1776268619999,3922047.51869600,481,5144265.0,2332493.88858200,0
1776268620000,0.44949,0.45026,0.44896,0.44909,8075436.6,1776268799999,3627180.06552500,448,3805.0,1709.55272600,0
1776268800000,0.44934,0.44967,0.44883,0.44883,4661059.6,1776268979999,2092264.54107000,333,7363.3,3308.56202000,0
1776268980000,0.44883,0.44883,0.4471,0.4471,18746026.1,1776269159999,8398069.72273700,815,1066.6,477.72305200,0
1776269160000,0.44721,0.44891,0.4471,0.44891,88834.7,1776269339999,39860.18167900,321,86826.8,38961.19045300,0
1776269340000,0.44891,0.44904,0.44454,0.44495,22247421.4,1776269519999,9926997.71328000,745,28677.0,12873.23029400,0
1776269520000,0.44495,0.44499,0.4444,0.4444,1300961.6,1776269699999,578287.02250300,449,734.6,326.72075600,0
1776269700000,0.4444,0.4444,0.44089,0.44227,41944630.5,1776269879999,18559756.52918100,1150,226442.5,99846.57731700,0
1776269880000,0.44241,0.44741,0.44212,0.4467,19994115.5,1776270059999,8901965.33791100,526,19993013.4,8901474.89708400,0
1776270060000,0.4467,0.44724,0.44479,0.44558,2437.3,1776270239999,1086.32362500,196,0,0,0
1776270240000,0.44558,0.44635,0.44482,0.44573,3343.0,1776270419999,1489.10626700,323,0,0,0
1776270420000,0.44569,0.44569,0.44304,0.44456,14538675.8,1776270599999,6453755.24156500,622,1854.9,822.80440400,0
1776270600000,0.44456,0.44696,0.44304,0.44381,3694984.5,1776270779999,1644366.86823200,592,2531292.8,1127393.52340700,0
1776270780000,0.44374,0.44387,0.44231,0.44387,8385959.8,1776270959999,3713652.67811000,526,3049.1,1352.41298600,0
1776270960000,0.44387,0.4467,0.44387,0.44544,26679812.6,1776271139999,11903096.85900200,656,26679045.4,11902754.89552600,0
1776271140000,0.44553,0.44648,0.44385,0.4445,2888.5,1776271319999,1285.21149600,296,0,0,0
1776271320000,0.44469,0.44662,0.44388,0.44435,3167.4,1776271499999,1407.79517300,279,45.2,20.18722400,0
1776271500000,0.44435,0.44457,0.4421,0.4421,17885500.6,1776271679999,7919033.55921500,701,23375.8,10356.58589700,0
1776271680000,0.4421,0.44312,0.44197,0.44246,2580218.9,1776271859999,1141921.04321800,434,2236480.1,989975.37916100,0
1776271860000,0.44246,0.44425,0.44244,0.44425,5903958.5,1776272039999,2620261.64001500,446,5902264.5,2619510.87989500,0
1776272040000,0.4438,0.44681,0.4438,0.4465,30679133.5,1776272219999,13664775.86077400,910,30660585.4,13656511.50274600,0
1776272220000,0.4465,0.4465,0.44207,0.44293,12295028.5,1776272399999,5450637.11954800,550,966.0,427.56195100,0
1776272400000,0.44293,0.4435,0.44196,0.4435,231420.1,1776272579999,102301.70463800,326,1702.7,753.91267900,0
1776272580000,0.4435,0.44543,0.44244,0.44273,14774968.3,1776272759999,6560219.58246600,719,12264142.0,5448865.94033500,0
1776272760000,0.44273,0.44273,0.44066,0.44066,13884697.8,1776272939999,6128789.56402300,687,1050.4,463.71752300,0
1776272940000,0.44066,0.441,0.43464,0.43708,67977507.9,1776273119999,29728316.48753100,999,23498.6,10355.45903400,0
1776273120000,0.43708,0.44114,0.43708,0.44114,13760407.1,1776273299999,6050843.43294100,639,13758358.7,6049945.12804200,0
1776273300000,0.44114,0.44757,0.44114,0.44607,62929387.7,1776273479999,27908793.48352900,1097,62927178.1,27907808.64938400,0
1776273480000,0.44607,0.44799,0.44359,0.44799,19709124.2,1776273659999,8758621.00650900,767,12740299.7,5663153.81704000,0
1776273660000,0.44799,0.44864,0.44768,0.44864,2725790.3,1776273839999,1221935.20423600,338,2723200.1,1220774.20981700,0
1776273840000,0.44864,0.44899,0.44784,0.44899,454769.9,1776274019999,204041.56799800,226,450221.5,202003.73618400,0
1776274020000,0.44899,0.44996,0.44766,0.44996,4946779.0,1776274199999,2223810.89298400,415,4945500.1,2223237.79269800,0
1776274200000,0.45,0.45034,0.44886,0.44886,529541.0,1776274379999,238295.86240700,303,526954.2,237132.93949400,0
1776274380000,0.44886,0.45161,0.44874,0.45161,3771421.7,1776274559999,1700236.37220500,403,3769910.8,1699557.51012300,0
1776274560000,0.45161,0.45427,0.45161,0.45427,33452860.1,1776274739999,15158296.89397300,1124,33452042.3,15157926.89449700,0
1776274740000,0.45427,0.46088,0.45427,0.46088,79646489.3,1776274919999,36455349.70103700,1416,79643933.0,36454184.38870800,0
1776274920000,0.46089,0.46697,0.46089,0.46627,50635485.0,1776275099999,23494881.42511400,1108,43079542.5,19982450.56796500,0
1776275100000,0.46627,0.46914,0.46415,0.46914,17891384.3,1776275279999,8358076.62483300,859,12630293.4,5914254.28169400,0
1776275280000,0.46914,0.46984,0.46786,0.46984,1995660.8,1776275459999,936718.62411300,402,1993720.3,935808.51198500,0
1776275460000,0.46984,0.47435,0.46954,0.47435,48738437.6,1776275639999,22992194.92449300,1182,48737565.5,22991782.15922300,0
1776275640000,0.47416,0.47781,0.47416,0.47641,39830181.8,1776275819999,18945851.87565000,836,39827031.0,18944354.72817000,0
1776275820000,0.47629,0.47781,0.47072,0.47092,27429241.0,1776275999999,12984765.01040200,770,5739.8,2739.49020700,0
1776276000000,0.47092,0.472,0.4684,0.47116,21466368.6,1776276179999,10092980.88871200,736,4262331.6,2009095.63731900,0
1776276180000,0.47116,0.47292,0.46993,0.4716,1666920.0,1776276359999,787718.15644600,371,1483588.2,701299.57790000,0
1776276360000,0.47178,0.47367,0.4699,0.47367,7103836.1,1776276539999,3361725.86952200,429,7101606.1,3360675.21347100,0
1776276540000,0.47367,0.47885,0.47367,0.47885,37737300.9,1776276719999,18003480.90946200,981,37736821.4,18003253.00448500,0
1776276720000,0.47885,0.48463,0.47885,0.48463,66744769.4,1776276899999,32160669.50788200,930,66734458.6,32155674.79074600,0
1776276900000,0.48463,0.49985,0.48371,0.49985,36266050.8,1776277079999,17673518.51827200,657,36261004.8,17671070.25646800,0
1776277080000,0.49985,0.49985,0.4866,0.48864,50861188.3,1776277259999,25059733.40924300,937,3503984.3,1713605.54199800,0
1776277260000,0.48866,0.48885,0.48291,0.48489,20838411.2,1776277439999,10089256.18750400,764,387772.4,189518.62281300,0
1776277440000,0.48518,0.48824,0.48447,0.48824,8454462.2,1776277619999,4110351.57327600,657,3295541.6,1600739.26821100,0
1776277620000,0.48824,0.49132,0.48687,0.49132,29813914.0,1776277799999,14615890.91258500,667,29809598.7,14613788.97812400,0
1776277800000,0.49132,0.49339,0.48989,0.49339,30571992.8,1776277979999,15049696.24288000,610,30569352.7,15048400.62810500,0
1776277980000,0.49339,0.49339,0.48749,0.48786,24291930.1,1776278159999,11871734.65059700,710,9165.9,4503.39012800,0
1776278160000,0.48826,0.48835,0.48445,0.48689,15358400.6,1776278339999,7471849.64154500,561,2266.7,1100.62346800,0
1776278340000,0.48689,0.4907,0.48439,0.4907,15606971.1,1776278519999,7629833.46064000,614,14852627.8,7264390.34061800,0
1776278520000,0.4907,0.49934,0.4907,0.49469,79345088.1,1776278699999,39267926.92058400,902,69695045.2,34476348.15354500,0
1776278700000,0.49465,0.50047,0.49465,0.49992,10361338.9,1776278879999,5158164.53000700,677,10360022.1,5157511.66602600,0
1776278880000,0.49981,0.50141,0.49941,0.50072,2894842.6,1776279059999,1450070.30743800,411,2892183.7,1448741.14264800,0
1776279060000,0.501,0.50152,0.49861,0.49861,10754676.1,1776279239999,5367422.66078800,649,30793.4,15435.31873000,0
1776279240000,0.49861,0.49898,0.49497,0.49497,6852763.7,1776279419999,3394877.99196100,600,13370.7,6648.94851600,0
1776279420000,0.49497,0.50965,0.49382,0.50567,55186114.6,1776279599999,27601413.21191800,1034,38011573.9,19092993.21322100,0
1776279600000,0.50567,0.50976,0.50344,0.50751,16038563.9,1776279779999,8105225.92971500,736,16028267.9,8100011.10909100,0
1776279780000,0.50751,0.51,0.50534,0.50837,12528317.3,1776279959999,6344616.07090700,532,9580185.2,4851226.13175600,0
1776279960000,0.50892,0.50892,0.50521,0.50609,2574382.9,1776280139999,1302384.86753000,451,1887.7,954.67929900,0
1776280140000,0.50609,0.50609,0.50128,0.5024,19112108.6,1776280319999,9609119.40257200,557,27865.2,13972.76452800,0
1776280320000,0.50231,0.50397,0.49777,0.49814,37547215.5,1776280499999,18760083.85005600,725,370133.6,184478.82305600,0
1776280500000,0.49816,0.50693,0.49777,0.50653,31789649.5,1776280679999,16007889.74684400,743,31787282.6,16006694.96751300,0
1776280680000,0.50653,0.50653,0.50102,0.50102,16892119.3,1776280859999,8492018.47566100,730,1097710.9,551494.10123400,0
1776280860000,0.50102,0.50102,0.49513,0.49697,15740680.0,1776281039999,7825703.88079200,719,760688.5,376825.91583200,0
1776281040000,0.49697,0.49998,0.49492,0.49998,24193721.2,1776281219999,12058039.41611200,676,23727819.5,11827325.20287400,0
1776281220000,0.49998,0.50091,0.4993,0.4993,2786484.8,1776281399999,1393386.10828400,352,2782509.9,1391398.94765300,0
1776281400000,0.4993,0.50092,0.4986,0.49995,5736.7,1776281579999,2868.54713100,304,2921.8,1463.56609700,0
1776281580000,0.49995,0.49995,0.49558,0.49558,15471771.7,1776281759999,7680854.96206200,726,284497.7,141124.52201600,0
1776281760000,0.49558,0.49597,0.49432,0.49564,1608599.0,1776281939999,795811.14868500,384,803.7,398.29432700,0
1776281940000,0.49538,0.49549,0.49031,0.49145,20741148.9,1776282119999,10221424.90323100,568,3139.3,1539.90155300,0
1776282120000,0.49145,0.49606,0.49145,0.49236,11630568.3,1776282299999,5752959.33226200,755,7534112.0,3726798.28544500,0
1776282300000,0.49236,0.49336,0.48994,0.49001,17943902.8,1776282479999,8808655.94914000,731,38546.5,18903.31391500,0
1776282480000,0.49001,0.49544,0.49001,0.49544,34840662.7,1776282659999,17204765.27270300,645,34839887.8,17204385.08161500,0
1776282660000,0.49544,0.4963,0.49416,0.4963,6839096.0,1776282839999,3391723.72212900,609,6837066.7,3390719.75574800,0
1776282840000,0.4963,0.49719,0.49576,0.49713,4059979.8,1776283019999,2016870.29531700,468,4058885.4,2016326.57871600,0
1776283020000,0.49713,0.49713,0.49226,0.49226,16659245.8,1776283199999,8216552.99901100,457,0,0,0
1776283200000,0.49243,0.49643,0.49226,0.49399,5093666.8,1776283379999,2519901.46778900,449,3063648.6,1515164.08056000,0
1776283380000,0.49399,0.49399,0.49078,0.49102,16598825.4,1776283559999,8159643.73616000,575,9422.1,4638.95572200,0
1776283560000,0.49116,0.49284,0.49078,0.49284,35752.3,1776283739999,17565.31572900,177,14274.6,7024.26754500,0
1776283740000,0.49286,0.49502,0.49214,0.49236,10146767.3,1776283919999,5015090.67958200,549,8595436.3,4249012.46178300,0
1776283920000,0.49236,0.4936,0.49153,0.49316,11011.9,1776284099999,5417.69753800,359,1491.2,734.90922100,0
1776284100000,0.49337,0.4938,0.48903,0.48903,20437640.6,1776284279999,10020156.05484500,547,608.8,299.50534300,0
1776284280000,0.48903,0.49285,0.48703,0.4926,25341798.8,1776284459999,12431631.16914200,966,20756555.4,10193762.24355000,0
1776284460000,0.49272,0.49375,0.49033,0.49375,1675215.6,1776284639999,826107.12658900,477,1672580.8,824812.55118000,0
1776284640000,0.49375,0.49518,0.49338,0.49518,6445816.2,1776284819999,3184851.00425400,450,6445005.8,3184450.79977200,0
1776284820000,0.49518,0.49558,0.49319,0.49552,78681.2,1776284999999,38810.06607000,358,2281.3,1127.66317000,0
1776285000000,0.49552,0.4957,0.49306,0.49354,3095.6,1776285179999,1529.72854400,315,326.7,161.91575100,0
1776285180000,0.49354,0.49354,0.48861,0.48861,19865213.6,1776285359999,9757065.01893400,881,0,0,0
1776285360000,0.48861,0.48948,0.487,0.48861,12658426.7,1776285539999,6173287.33763500,753,1042.1,509.28133900,0
1776285540000,0.48861,0.49066,0.48716,0.49066,3261.4,1776285719999,1595.43431900,328,1045.9,512.61984400,0
1776285720000,0.49066,0.49081,0.48797,0.49055,465954.3,1776285899999,228668.02289200,275,463755.5,227591.16201200,0
1776285900000,0.49055,0.4929,0.49022,0.49022,17728022.3,1776286079999,8714221.57995100,746,17014055.0,8363751.77310100,0
1776286080000,0.49022,0.4909,0.48977,0.48988,11457.3,1776286259999,5616.56855700,348,531.9,260.93365900,0
1776286260000,0.48988,0.49353,0.48873,0.49337,19508922.7,1776286439999,9584673.78904900,847,10869290.1,5357955.15173600,0
1776286440000,0.49353,0.49471,0.49322,0.49471,658729.1,1776286619999,325195.16143900,345,653855.2,322790.47549600,0
1776286620000,0.49471,0.49525,0.49384,0.49396,10427.5,1776286799999,5158.87949200,341,4654.2,2304.90177800,0
1776286800000,0.49396,0.49499,0.49346,0.49499,6999.0,1776286979999,3456.00614600,254,1237.6,611.75938300,0
1776286980000,0.49499,0.49542,0.49322,0.49351,4944.1,1776287159999,2445.44392000,325,2741.6,1358.10444800,0
1776287160000,0.49351,0.49558,0.49314,0.49531,3190.5,1776287339999,1577.10410900,361,896.4,443.84693300,0
1776287340000,0.49531,0.49642,0.49408,0.49425,5392385.1,1776287519999,2674077.86511100,356,5391072.8,2673427.57781600,0
1776287520000,0.49425,0.49449,0.49093,0.49093,18500132.7,1776287699999,9108098.27569200,504,0,0,0
1776287700000,0.49093,0.49327,0.49074,0.49206,2067317.4,1776287879999,1015037.34666000,404,60125.6,29596.75195800,0
1776287880000,0.49206,0.49649,0.4905,0.49433,39006593.1,1776288059999,19290259.26548400,779,35519678.5,17578817.34679600,0
1776288060000,0.49433,0.49649,0.49153,0.49256,1931528.5,1776288239999,953237.82024500,318,2379.7,1173.86441400,0
1776288240000,0.49256,0.49586,0.49256,0.49586,17856989.0,1776288419999,8820025.49976600,498,17856362.8,8819715.58962800,0
1776288420000,0.49591,0.49627,0.49396,0.49549,1345.7,1776288599999,666.22345500,140,357.6,177.38959500,0
1776288600000,0.49549,0.49655,0.49334,0.49655,521177.6,1776288779999,258690.18730300,271,519315.3,257769.24647200,0
1776288780000,0.49655,0.49692,0.49574,0.49692,655134.2,1776288959999,325538.10807100,281,654031.4,324991.01517700,0
1776288960000,0.49692,0.49803,0.49665,0.49803,13045580.1,1776289139999,6488203.72610800,488,13044076.9,6487456.17588900,0
1776289140000,0.49803,0.49836,0.49648,0.49648,122316.2,1776289319999,60937.98909300,233,111916.0,55768.26604700,0
1776289320000,0.49659,0.49833,0.49572,0.49572,2089.1,1776289499999,1037.78536400,220,198.6,98.95995300,0
1776289500000,0.49572,0.49793,0.49542,0.49648,2176.5,1776289679999,1080.19267100,207,0,0,0
1776289680000,0.4967,0.4984,0.4964,0.49717,2121.6,1776289859999,1055.35832100,202,202.8,101.07159400,0
1776289860000,0.49708,0.4985,0.4948,0.49679,5029015.9,1776290039999,2489584.50636800,273,112880.1,56270.72453800,0
1776290040000,0.49679,0.50452,0.49665,0.50256,58386451.4,1776290219999,29217417.74980700,847,58183213.9,29115245.17528000,0
1776290220000,0.50283,0.5029,0.50032,0.50045,2500902.1,1776290399999,1253020.12899500,265,984.0,492.72469800,0
1776290400000,0.50094,0.50417,0.50094,0.50359,14510639.2,1776290579999,7296088.68173700,659,14510293.2,7295914.50395900,0
1776290580000,0.50359,0.50417,0.50046,0.50087,25739.7,1776290759999,12970.19830600,272,23161.0,11677.03951000,0
1776290760000,0.50109,0.50448,0.50043,0.50406,817218.5,1776290939999,412051.72225900,324,701833.5,353953.35710400,0
1776290940000,0.50406,0.50455,0.49927,0.49927,28082742.9,1776291119999,14061990.31041900,663,274.8,137.54552300,0
1776291120000,0.49927,0.49927,0.49752,0.49851,9227193.5,1776291299999,4601678.18885500,609,626.6,312.24395900,0
1776291300000,0.49853,0.50052,0.49751,0.49766,27384.2,1776291479999,13628.64209200,300,1788.2,892.29917500,0
1776291480000,0.49766,0.49807,0.49669,0.49807,5219680.9,1776291659999,2594588.33195500,667,3041.9,1513.31052300,0
1776291660000,0.49807,0.49984,0.49807,0.49984,2941.9,1776291839999,1468.33176700,326,1988.2,992.58884600,0
1776291840000,0.49984,0.50009,0.49389,0.49389,26261438.9,1776292019999,13008336.45747400,750,19591.7,9796.28641400,0
1776292020000,0.49389,0.49538,0.49387,0.49475,295284.6,1776292199999,145838.57211300,288,1175.2,581.34977600,0
1776292200000,0.49428,0.49481,0.48996,0.4907,36443093.0,1776292379999,17924912.84567200,767,841.1,412.49496400,0
1776292380000,0.49075,0.49375,0.48996,0.49371,3541090.2,1776292559999,1744214.01677200,392,3535445.3,1741446.14285800,0
1776292560000,0.49371,0.49408,0.49175,0.49408,1388966.7,1776292739999,686130.31500700,380,1386474.7,684900.92431200,0
1776292740000,0.49408,0.49418,0.49154,0.49258,2814.0,1776292919999,1385.39650800,313,84.9,41.94839600,0
1776292920000,0.49263,0.49402,0.49121,0.49147,3326.3,1776293099999,1636.24303900,350,0,0,0
1776293100000,0.4914,0.49164,0.48898,0.49118,13902683.5,1776293279999,6812779.14491200,501,661.5,324.31748700,0
1776293280000,0.49118,0.49118,0.48881,0.48881,1155463.8,1776293459999,564921.28011500,263,723.8,354.31405700,0
1776293460000,0.48894,0.49113,0.48881,0.49085,4006.3,1776293639999,1962.96808100,373,2979.3,1460.33551700,0
1776293640000,0.49094,0.4941,0.48889,0.4941,16370330.3,1776293819999,8067995.22918100,613,16369019.2,8067350.43172500,0
1776293820000,0.49391,0.49428,0.49349,0.49428,2066728.9,1776293999999,1021383.31844500,377,2064395.6,1020231.20507100,0
1776294000000,0.49428,0.49474,0.49349,0.49351,3685011.7,1776294179999,1822011.55824000,381,3682136.6,1820590.46878000,0
1776294180000,0.49357,0.49381,0.49171,0.49171,3420.9,1776294359999,1685.61996600,380,0,0,0
1776294360000,0.49171,0.49468,0.49155,0.49172,2711.8,1776294539999,1336.14949400,272,31.7,15.68135600,0
1776294540000,0.49175,0.49536,0.49154,0.49536,2522406.7,1776294719999,1249027.27640400,357,2521170.9,1248418.46197300,0
1776294720000,0.49536,0.49605,0.4928,0.49312,12414931.3,1776294899999,6154723.90931100,518,12412177.5,6153363.37535200,0
1776294900000,0.4928,0.4928,0.48993,0.49112,23859088.8,1776295079999,11722004.58844700,875,1574.7,773.03511100,0
1776295080000,0.49118,0.49118,0.48899,0.49103,2719059.1,1776295259999,1330600.00960000,530,1285.2,629.86185900,0
1776295260000,0.49107,0.49407,0.48898,0.49407,32339921.8,1776295439999,15947634.84059000,957,32339219.4,15947290.33964900,0
1776295440000,0.49407,0.50095,0.49407,0.50095,58617402.6,1776295619999,29166049.43258300,1478,58617327.6,29166012.02933300,0
1776295620000,0.50095,0.50142,0.49944,0.50091,2183031.1,1776295799999,1093719.92504200,430,1823693.5,914197.29834400,0
1776295800000,0.50091,0.50155,0.49515,0.49661,25956021.0,1776295979999,12904025.89134500,621,232734.8,115289.73610200,0
1776295980000,0.49662,0.49806,0.49633,0.49806,2111994.8,1776296159999,1050735.48018700,502,1525563.0,759544.12359400,0
1776296160000,0.49806,0.50116,0.49806,0.50116,30685279.8,1776296339999,15331643.34947300,815,30684353.6,15331181.01160200,0
1776296340000,0.50116,0.50316,0.50116,0.50313,14272443.0,1776296519999,7171178.68385500,740,14271081.2,7170494.95646500,0
1776296520000,0.50313,0.50743,0.50313,0.50677,33868229.2,1776296699999,17125301.74735700,958,33867183.1,17124771.88347300,0
1776296700000,0.50665,0.50693,0.50366,0.5059,3428.5,1776296879999,1732.23085600,300,0,0,0
1776296880000,0.5059,0.50743,0.50395,0.50658,3361.0,1776297059999,1701.20607500,253,829.7,420.99293300,0
1776297060000,0.50658,0.50658,0.50246,0.50443,11236413.7,1776297239999,5650165.24184900,541,6583.0,3316.10514800,0
1776297240000,0.50485,0.50717,0.50468,0.50571,1545820.4,1776297419999,782105.95867700,445,1543891.2,781129.18875600,0
1776297420000,0.50568,0.50776,0.50518,0.50764,4628192.9,1776297599999,2348763.74457700,408,4627012.9,2348166.61929600,0
1776297600000,0.50756,0.5141,0.50756,0.50972,35692573.1,1776297779999,18246410.39245100,732,34147828.8,17459023.12822000,0
1776297780000,0.50972,0.51297,0.50844,0.51273,7337655.8,1776297959999,3736332.30289800,561,555476.9,283639.10050200,0
1776297960000,0.51273,0.51514,0.51273,0.51514,5335877.4,1776298139999,2745977.62294300,509,5334492.5,2745265.89093700,0
1776298140000,0.51514,0.51514,0.50967,0.5117,12834653.8,1776298319999,6581834.14093000,568,1385582.9,708396.85489400,0
1776298320000,0.5117,0.5145,0.50974,0.51011,3768322.2,1776298499999,1930275.14320700,564,819254.5,420270.76299400,0
1776298500000,0.51011,0.51299,0.50954,0.51035,1318033.8,1776298679999,671689.70978100,350,1894.2,967.90347900,0
1776298680000,0.51048,0.51331,0.50927,0.51331,21941269.3,1776298859999,11226553.07016300,543,16925500.1,8671619.15114300,0
1776298860000,0.51321,0.51321,0.50872,0.50872,2454445.6,1776299039999,1249790.78953800,411,443.9,226.00214300,0
1776299040000,0.50872,0.5088,0.50736,0.50736,3928686.0,1776299219999,1996521.00155900,545,1230.0,625.54753600,0
1776299220000,0.50734,0.50833,0.50656,0.50683,195166.7,1776299399999,98914.04818300,293,4226.6,2145.08121600,0
1776299400000,0.50683,0.5121,0.50683,0.51178,30514287.1,1776299579999,15582292.94557400,881,30513894.7,15582092.85940600,0
1776299580000,0.51178,0.51412,0.51125,0.51411,11642866.0,1776299759999,5970721.06421100,556,11642249.6,5970405.53816900,0
1776299760000,0.51412,0.51445,0.51164,0.51445,6336460.0,1776299939999,3259053.51372500,534,6322193.8,3251728.67778900,0
1776299940000,0.51445,0.51671,0.51328,0.51365,12507980.2,1776300119999,6441715.16833700,548,12506344.2,6440873.62929300,0
1776300120000,0.51365,0.51547,0.51164,0.51185,11500391.3,1776300299999,5894301.86863700,529,297.3,152.14774800,0
1776300300000,0.51185,0.51186,0.50988,0.50988,2326701.9,1776300479999,1189951.01654200,438,6019.8,3077.04529400,0
1776300480000,0.50988,0.5104,0.50309,0.50826,22768019.2,1776300659999,11547468.17114700,753,4276793.7,2168864.58103000,0
1776300660000,0.5083,0.5083,0.50457,0.50579,14362029.5,1776300839999,7283415.22746000,824,298212.3,151116.70092200,0
1776300840000,0.50579,0.50615,0.5045,0.5045,164119.1,1776301019999,83063.03169100,333,161464.8,81721.76955000,0
1776301020000,0.5045,0.50607,0.50271,0.50291,2873.5,1776301199999,1446.52436100,319,39.7,20.09097900,0
1776301200000,0.5028,0.50619,0.50196,0.50558,7838991.6,1776301379999,3939911.32540700,469,485798.7,245898.42977200,0
1776301380000,0.50495,0.50645,0.50102,0.50169,15438295.3,1776301559999,7754488.33807900,617,646861.3,327496.20600800,0
1776301560000,0.50181,0.50525,0.50102,0.50114,3044621.4,1776301739999,1530910.87146400,606,596004.8,300775.20196000,0
1776301740000,0.50114,0.50214,0.50016,0.50214,6431455.4,1776301919999,3220360.55390500,633,2248.0,1127.01188100,0
1776301920000,0.50217,0.50229,0.49724,0.49724,28401684.3,1776302099999,14157593.37395000,831,400.0,199.76343300,0
1776302100000,0.49724,0.49724,0.49504,0.49622,6881707.6,1776302279999,3417545.41165800,730,42160.9,20898.09432400,0
1776302280000,0.49622,0.49817,0.49617,0.49701,3618.7,1776302459999,1799.56617500,349,2182.3,1085.22039900,0
1776302460000,0.49701,0.4973,0.4923,0.49483,20034372.7,1776302639999,9894636.85151000,568,1254.9,620.14378200,0
1776302640000,0.49483,0.49951,0.49406,0.49951,35501962.2,1776302819999,17657243.42027900,938,35501198.0,17656865.04852000,0
1776302820000,0.49951,0.50717,0.49951,0.50717,78174878.8,1776302999999,39264708.48757300,982,78170994.9,39262742.28563500,0
1776303000000,0.50717,0.50717,0.50037,0.50109,12105939.9,1776303179999,6080519.01951000,576,1001.0,503.20957800,0
1776303180000,0.50109,0.50162,0.49888,0.49888,733841.9,1776303359999,366399.11094100,442,407.4,203.96239100,0
1776303360000,0.49888,0.50077,0.49867,0.5001,253569.2,1776303539999,126465.11605800,346,1969.5,984.67675400,0
1776303540000,0.50046,0.5029,0.50046,0.50258,10883593.4,1776303719999,5467583.10687100,456,10882306.7,5466937.15093400,0
1776303720000,0.50258,0.50294,0.49851,0.49906,19388436.1,1776303899999,9695614.03022400,698,190418.3,95759.20738300,0
1776303900000,0.49906,0.49985,0.49835,0.49947,1293381.8,1776304079999,644700.63072800,293,3238.4,1617.73137400,0
1776304080000,0.49953,0.50026,0.49835,0.50021,3292.8,1776304259999,1645.16271500,213,1522.8,761.42158900,0
1776304260000,0.50006,0.50349,0.49843,0.50349,20283211.2,1776304439999,10174517.01546700,845,20268143.9,10166941.58431200,0
1776304440000,0.50356,0.51069,0.50356,0.51056,60133201.5,1776304619999,30469383.56050900,1337,60124684.5,30465050.37389300,0
1776304620000,0.51056,0.51069,0.50618,0.50772,3270996.5,1776304799999,1656484.18546100,402,12477.4,6339.91596600,0
1776304800000,0.50772,0.50847,0.50538,0.50613,7005731.4,1776304979999,3542832.74869600,436,1741.2,881.96730500,0
1776304980000,0.50616,0.50621,0.49672,0.49867,44284599.6,1776305159999,22217636.16037900,1183,586.2,292.78068000,0
1776305160000,0.49867,0.49986,0.49655,0.4993,2743626.3,1776305339999,1364112.87543900,333,280849.7,140326.78687100,0
1776305340000,0.4993,0.50109,0.49924,0.50109,3743887.2,1776305519999,1874996.67436200,402,3741270.9,1873688.96198500,0
1776305520000,0.50109,0.5012,0.49921,0.49969,610336.5,1776305699999,305888.48014500,294,608134.7,304787.95042700,0
1776305700000,0.49969,0.50261,0.49969,0.50224,5021190.8,1776305879999,2521811.70569200,316,5020540.1,2521485.55958200,0
1776305880000,0.50247,0.50261,0.50071,0.50071,2659.1,1776306059999,1333.10672500,294,31.3,15.73169300,0
1776306060000,0.50063,0.50114,0.49987,0.50033,3127.5,1776306239999,1564.84849500,322,0,0,0
1776306240000,0.50032,0.50268,0.49932,0.50093,2345.3,1776306419999,1173.57669500,274,146.8,73.68019900,0
1776306420000,0.50062,0.50269,0.49995,0.50226,904380.6,1776306599999,453779.01057800,407,872494.9,437793.06272200,0
1776306600000,0.50226,0.50228,0.49628,0.49628,28436621.9,1776306779999,14159666.00563500,870,407.4,202.42801000,0
1776306780000,0.49628,0.49744,0.4955,0.49712,1903022.1,1776306959999,943759.03076500,490,1001.1,497.03409300,0
1776306960000,0.49743,0.49761,0.49534,0.49586,504398.3,1776307139999,249899.48815900,329,1349.4,669.57344600,0
1776307140000,0.49587,0.4977,0.49539,0.49559,3505.6,1776307319999,1741.60445900,413,2262.3,1124.28348300,0
1776307320000,0.49579,0.49871,0.49494,0.49871,5926243.9,1776307499999,2934273.34230700,513,4168.8,2074.86532800,0
1776307500000,0.49871,0.50146,0.49871,0.50006,18227906.5,1776307679999,9102979.61764600,841,18226835.6,9102443.55457700,0
1776307680000,0.50006,0.50138,0.49837,0.49837,2806769.3,1776307859999,1399386.12154800,442,40.1,20.10533800,0
1776307860000,0.49837,0.50169,0.49786,0.50098,564814.8,1776308039999,283299.08580100,323,562258.3,282022.80944100,0
1776308040000,0.50098,0.50169,0.49876,0.50028,22289.8,1776308219999,11178.31964000,263,20012.6,10040.11498600,0
1776308220000,0.50022,0.50172,0.4995,0.50063,77791.7,1776308399999,39025.42838300,346,74488.0,37372.10192400,0
1776308400000,0.50046,0.50167,0.49925,0.50063,1874.4,1776308579999,937.18421900,193,78.5,39.37994000,0
1776308580000,0.50075,0.50344,0.49997,0.50075,16145805.4,1776308759999,8116054.86899600,521,16143366.3,8114832.26965600,0
1776308760000,0.50075,0.50326,0.49961,0.50264,2411.7,1776308939999,1209.81219900,239,0,0,0
1776308940000,0.50264,0.50344,0.49911,0.50252,11424548.3,1776309119999,5712628.25613800,603,1372170.9,688175.23185600,0
1776309120000,0.50252,0.50252,0.49832,0.49837,11660581.8,1776309299999,5820176.69428000,771,346.5,172.80810400,0
1776309300000,0.49844,0.49875,0.4977,0.49875,867228.5,1776309479999,432058.24048100,418,858.9,428.14280500,0
1776309480000,0.49875,0.49876,0.49673,0.49673,2234.6,1776309659999,1112.13244400,243,83.0,41.39646500,0
1776309660000,0.49673,0.49686,0.49363,0.49363,15393123.6,1776309839999,7610563.99307400,610,214.5,106.13889000,0
1776309840000,0.49363,0.49427,0.49307,0.49308,1975942.4,1776310019999,974976.88499600,466,318.5,157.24102300,0
1776310020000,0.49308,0.4941,0.49203,0.4941,1417939.8,1776310199999,699656.39337600,356,882427.0,435783.77999700,0
1776310200000,0.4941,0.49509,0.49173,0.49509,11181198.6,1776310379999,5532434.90201900,444,11179036.4,5531370.38605300,0
1776310380000,0.49509,0.49518,0.49146,0.49518,4348154.3,1776310559999,2142158.57440900,437,1310918.3,649030.61429900,0
1776310560000,0.49515,0.4952,0.49242,0.49339,2364.9,1776310739999,1167.22120100,258,31.6,15.64810200,0
1776310740000,0.49337,0.49521,0.49231,0.49297,3397.6,1776310919999,1674.87707500,317,61.4,30.31967600,0
1776310920000,0.49308,0.49406,0.49267,0.4927,3561.6,1776311099999,1756.96574500,385,569.9,281.37795500,0
1776311100000,0.4927,0.49366,0.49141,0.49328,6581868.7,1776311279999,3235918.87700900,414,1166.9,574.50502900,0
1776311280000,0.49328,0.4934,0.4894,0.48941,21238008.1,1776311459999,10415663.86917600,678,4111.1,2019.73899700,0
1776311460000,0.48941,0.48985,0.48697,0.48977,27412452.9,1776311639999,13396894.02875000,1031,5706789.6,2794480.78190300,0
1776311640000,0.48977,0.49242,0.48928,0.49117,20773552.2,1776311819999,10200886.26692000,852,20709450.3,10169495.84242800,0
1776311820000,0.49117,0.49183,0.49046,0.49084,2788.9,1776311999999,1369.44332900,268,0,0,0
1776312000000,0.49084,0.49254,0.4904,0.49166,4127.3,1776312179999,2028.42058100,334,883.3,434.96477400,0
1776312180000,0.49166,0.49274,0.49056,0.49274,29610.4,1776312359999,14578.34309100,375,20112.2,9902.74543400,0
1776312360000,0.49275,0.49276,0.4898,0.49026,1871.3,1776312539999,918.75244800,192,32.8,16.16241700,0
1776312540000,0.49043,0.49223,0.48976,0.49188,3295.6,1776312719999,1618.83428600,314,0,0,0
1776312720000,0.49188,0.49523,0.49188,0.49523,24518423.5,1776312899999,12105103.79059000,585,24514519.5,12103172.27484200,0
1776312900000,0.49523,0.49574,0.49446,0.49574,53818.3,1776313079999,26658.48486200,301,51845.1,25681.76060100,0
1776313080000,0.49574,0.49574,0.48894,0.48894,35983929.4,1776313259999,17667473.23223600,739,93.4,46.02285600,0
1776313260000,0.48896,0.48925,0.4873,0.48786,1991342.7,1776313439999,972735.26193700,405,326.7,159.71497400,0
1776313440000,0.48778,0.48833,0.48706,0.48833,313938.4,1776313619999,152953.44977400,319,4537.3,2213.57938800,0
1776313620000,0.48833,0.49003,0.48707,0.49,2869062.7,1776313799999,1405593.78017300,448,2868891.9,1405510.32604500,0
1776313800000,0.48976,0.49045,0.48758,0.49045,2698192.6,1776313979999,1322644.52374300,253,2690840.6,1319057.40689200,0
1776313980000,0.49045,0.49104,0.49008,0.49104,1710809.8,1776314159999,839415.17328200,290,1658369.6,813710.58283800,0
1776314160000,0.49104,0.49691,0.49104,0.49691,27173026.0,1776314339999,13435674.46931600,850,27172933.6,13435629.01590800,0
1776314340000,0.49691,0.49864,0.49576,0.49864,8981155.2,1776314519999,4465636.09077200,420,8369697.9,4161674.96607100,0
1776314520000,0.49864,0.5012,0.49864,0.5012,25248832.3,1776314699999,12619783.85940200,761,25248707.5,12619721.32605000,0
1776314700000,0.5012,0.50593,0.50116,0.50415,32738469.5,1776314879999,16469992.75922700,783,32731865.6,16466659.90225500,0
1776314880000,0.504,0.504,0.49933,0.50075,20411106.6,1776315059999,10223820.79765200,500,702823.6,352093.03910100,0
1776315060000,0.50076,0.50353,0.50076,0.50111,5829236.6,1776315239999,2928834.39741700,456,1525171.2,766324.57600100,0
1776315240000,0.50111,0.50621,0.50111,0.50558,2844589.7,1776315419999,1429527.24297600,431,2843619.2,1429037.36993100,0
1776315420000,0.50517,0.50878,0.50517,0.50734,23115092.5,1776315599999,11743541.88977500,768,23109735.3,11740824.79763600,0
1776315600000,0.50734,0.51696,0.50685,0.51535,57179040.9,1776315779999,29240051.37068600,1011,57175816.6,29238390.91357000,0
1776315780000,0.51534,0.51597,0.50885,0.51119,26601231.8,1776315959999,13605467.82691200,830,2825892.4,1447144.18581200,0
1776315960000,0.51119,0.5112,0.5078,0.5078,15438803.8,1776316139999,7851002.39508500,741,759794.4,387460.48948100,0
1776316140000,0.5078,0.5099,0.50685,0.50889,12669093.4,1776316319999,6429054.76799700,589,1047270.9,532102.61041100,0
1776316320000,0.50892,0.50914,0.50155,0.50155,51017002.1,1776316499999,25730884.21344000,1187,1363155.1,687315.66386900,0
1776316500000,0.50155,0.50317,0.50002,0.50048,5882512.3,1776316679999,2945994.75967300,745,730344.9,366204.29429900,0
1776316680000,0.50048,0.50269,0.49995,0.50227,1747966.9,1776316859999,876408.45868800,479,1177664.0,590941.33282100,0
1776316860000,0.50227,0.5032,0.49838,0.49892,15098031.3,1776317039999,7546504.25993400,958,1393229.1,698768.18350800,0
1776317040000,0.49878,0.50021,0.49835,0.50021,55005.4,1776317219999,27415.53639400,276,1820.0,908.89861000,0
1776317220000,0.50021,0.50123,0.49835,0.50008,1239088.8,1776317399999,620257.23205400,333,1037830.3,519594.19457000,0
1776317400000,0.50032,0.5007,0.49861,0.49928,106298.3,1776317579999,53020.76021000,336,39916.6,19912.42911600,0
1776317580000,0.49928,0.49928,0.49588,0.49594,26577804.4,1776317759999,13212840.18875600,966,223.8,111.30576100,0
1776317760000,0.49594,0.49808,0.49583,0.49808,5643.4,1776317939999,2802.20962000,341,2847.6,1415.30515400,0
1776317940000,0.49808,0.49815,0.4958,0.49698,3822.8,1776318119999,1899.98226100,315,789.4,393.23182600,0
1776318120000,0.49698,0.49891,0.49578,0.49592,15077.3,1776318299999,7503.16716600,320,10669.9,5315.86684700,0
1776318300000,0.49592,0.49693,0.49529,0.49601,3496255.1,1776318479999,1732301.32603900,504,1350.0,669.71009900,0
1776318480000,0.49616,0.49717,0.4938,0.4938,12914804.9,1776318659999,6388047.70047200,557,844.9,419.75512700,0
1776318660000,0.4938,0.49621,0.4938,0.49381,4855.1,1776318839999,2402.11079800,294,2234.0,1106.44092200,0
1776318840000,0.49381,0.49627,0.4938,0.49473,13965.6,1776319019999,6925.52669100,326,10688.6,5304.41044200,0
1776319020000,0.49492,0.49628,0.4903,0.49175,24242079.1,1776319199999,11929459.67751600,642,1480.3,728.39578500,0
1776319200000,0.4919,0.49413,0.49031,0.49412,4141169.1,1776319379999,2045220.80611800,382,4139938.7,2044614.99660800,0
1776319380000,0.49406,0.49466,0.49388,0.49466,1644741.0,1776319559999,813042.87512900,352,1562967.2,772629.62673800,0
1776319560000,0.49466,0.49714,0.49466,0.49627,16751828.3,1776319739999,8303466.12883100,728,16750123.3,8302619.11301300,0
1776319740000,0.49627,0.49714,0.49582,0.49677,5851.5,1776319919999,2902.93745200,299,632.8,314.36611800,0
1776319920000,0.49677,0.49714,0.49481,0.49575,948458.8,1776320099999,469841.65503900,323,4225.9,2097.31469600,0
1776320100000,0.4957,0.49583,0.49449,0.49449,2347.9,1776320279999,1162.06160700,239,380.4,188.55510800,0
1776320280000,0.49449,0.49585,0.49449,0.49449,3967.6,1776320459999,1964.16290400,309,1011.1,501.35362300,0
1776320460000,0.49449,0.49585,0.49222,0.49222,4959592.7,1776320639999,2442972.69034900,515,3253.5,1603.01910500,0
1776320640000,0.49221,0.49252,0.49197,0.49217,2270797.4,1776320819999,1117451.78828600,406,912.5,449.20262900,0
1776320820000,0.49217,0.49332,0.49187,0.49187,2907.5,1776320999999,1432.60282200,295,1718.3,846.92417800,0
1776321000000,0.49187,0.49364,0.49185,0.49278,2841.1,1776321179999,1400.82101400,258,1008.5,497.62758400,0
1776321180000,0.49234,0.4937,0.4918,0.49202,2723.8,1776321359999,1341.44679000,281,353.2,174.34321900,0
1776321360000,0.49237,0.4937,0.49028,0.49051,228467.2,1776321539999,112091.66597000,298,2750.0,1357.65379200,0
1776321540000,0.49058,0.49179,0.49023,0.49163,2828.0,1776321719999,1388.66220000,291,245.9,120.75720100,0
1776321720000,0.49163,0.4937,0.49082,0.4937,52745.3,1776321899999,26034.66763300,257,50557.2,24959.45128700,0
1776321900000,0.49105,0.49246,0.49024,0.4911,3173.7,1776322079999,1559.90082300,298,0,0,0
1776322080000,0.4911,0.49299,0.49024,0.49257,2994.2,1776322259999,1472.10278100,284,0,0,0
1776322260000,0.49257,0.4937,0.49082,0.49127,3620.5,1776322439999,1779.89024000,345,40.8,20.14296000,0
1776322440000,0.49127,0.49194,0.49024,0.49083,3573.6,1776322619999,1755.30422000,362,41.6,20.42393600,0
1776322620000,0.49096,0.49234,0.49024,0.49161,3328.0,1776322799999,1635.22204500,353,414.5,203.80689900,0
1776322800000,0.49153,0.4937,0.48876,0.49011,17030730.2,1776322979999,8338701.09367600,626,20909.1,10310.49396400,0
1776322980000,0.49028,0.49034,0.4885,0.48858,1511545.2,1776323159999,738729.80414500,371,1249.9,611.14357800,0
1776323160000,0.48858,0.48867,0.48751,0.48751,6651016.7,1776323339999,3245855.27565600,728,57873.7,28244.21515000,0
1776323340000,0.48751,0.48776,0.48674,0.48676,9771830.7,1776323519999,4760896.56787800,666,2129.2,1037.85042600,0
1776323520000,0.48674,0.48674,0.48142,0.48142,39603512.0,1776323699999,19174068.04686100,1318,38086.5,18533.91890700,0
1776323700000,0.48142,0.48263,0.4811,0.48263,3554815.1,1776323879999,1711068.77229500,457,5082.8,2450.25024700,0
1776323880000,0.48263,0.48273,0.48097,0.48176,53363.6,1776324059999,25753.58995600,322,51314.2,24766.69904200,0
1776324060000,0.48176,0.48213,0.47992,0.47992,11830758.1,1776324239999,5684310.64566600,631,885.6,426.69166700,0
1776324240000,0.47993,0.48005,0.47931,0.47951,6051453.4,1776324419999,2901980.77868600,493,26361.3,12653.19512100,0
1776324420000,0.47951,0.47957,0.47884,0.47935,5309231.7,1776324599999,2543506.09441100,474,1796.2,860.98668400,0
1776324600000,0.47948,0.47977,0.47828,0.47828,5224.4,1776324779999,2501.97717000,329,846.4,406.01398900,0
1776324780000,0.47828,0.47906,0.4776,0.47882,3092.6,1776324959999,1478.52089100,270,0,0,0
1776324960000,0.47888,0.47958,0.4775,0.47811,2994.4,1776325139999,1431.78949800,218,0,0,0
1776325140000,0.4782,0.4796,0.47723,0.47759,3189.4,1776325319999,1524.40552100,302,0,0,0
1776325320000,0.4776,0.47833,0.4746,0.47466,23237508.3,1776325499999,11058837.65895800,620,3460.8,1647.75847700,0
1776325500000,0.4746,0.47593,0.4745,0.47559,1374611.5,1776325679999,652328.57401600,355,1346.2,639.85326500,0
1776325680000,0.47559,0.47655,0.47446,0.47522,6925.7,1776325859999,3296.80981600,353,4616.6,2198.88590500,0
1776325860000,0.47522,0.47647,0.47442,0.47618,2506.2,1776326039999,1191.79617600,229,21.8,10.38704600,0
1776326040000,0.47618,0.47621,0.47419,0.47491,2370.1,1776326219999,1125.01397000,227,0,0,0
1776326220000,0.47496,0.47656,0.47285,0.47285,18557.3,1776326399999,8810.56295000,254,5483.5,2613.14566700,0
1776326400000,0.47285,0.4738,0.47146,0.4738,13713103.4,1776326579999,6476378.06403600,440,2311.5,1092.60292900,0
1776326580000,0.47323,0.47323,0.47096,0.47161,6099737.7,1776326759999,2874522.22445600,471,1931.4,910.42042200,0
1776326760000,0.47161,0.47243,0.46911,0.47243,1477857.7,1776326939999,697299.12557400,452,1472018.6,694552.99616000,0
1776326940000,0.47243,0.47245,0.47091,0.47147,46604.7,1776327119999,22016.63900000,229,44449.6,21000.21140200,0
1776327120000,0.47145,0.47244,0.47001,0.47028,8063.1,1776327299999,3795.24970900,335,0,0,0
1776327300000,0.47028,0.47929,0.46987,0.47928,24588746.9,1776327479999,11651398.76687900,639,24585871.9,11650043.59874800,0
1776327480000,0.47928,0.47933,0.47339,0.47341,31151050.5,1776327659999,14806027.15992400,581,218828.9,104882.51205300,0
1776327660000,0.47339,0.47429,0.47291,0.47304,3180.5,1776327839999,1505.73320000,308,782.9,370.97795700,0
1776327840000,0.47291,0.48148,0.47291,0.48126,21804387.5,1776328019999,10423083.21581100,790,21802839.6,10422344.78098500,0
1776328020000,0.48124,0.48148,0.47612,0.47748,24002633.3,1776328199999,11474570.63447100,516,1216.5,580.44438300,0
1776328200000,0.47748,0.47761,0.4755,0.47612,4122880.3,1776328379999,1961870.56934500,414,11435.0,5443.29805000,0
1776328380000,0.47612,0.47688,0.47429,0.47497,8541299.5,1776328559999,4056273.95122900,642,1716.0,815.94656600,0
1776328560000,0.47488,0.47576,0.47409,0.47409,2196.9,1776328739999,1043.65646700,211,1002.1,476.39428000,0
1776328740000,0.47409,0.47556,0.4739,0.47536,2977.0,1776328919999,1411.78496200,286,0,0,0
1776328920000,0.47536,0.4755,0.4739,0.47406,53184.7,1776329099999,25218.01454400,344,0,0,0
1776329100000,0.474,0.47416,0.47059,0.47409,18215532.5,1776329279999,8609784.22235000,598,1527947.6,722485.93634400,0
1776329280000,0.47409,0.47515,0.47371,0.47433,1128240.7,1776329459999,535140.47289700,414,1067574.2,506392.41333300,0
1776329460000,0.47427,0.47427,0.4731,0.47334,3090.5,1776329639999,1463.85329600,331,21.6,10.22997600,0
1776329640000,0.47334,0.47515,0.47214,0.47231,2138026.9,1776329819999,1010589.71747100,312,812.0,385.35118200,0
1776329820000,0.47214,0.47214,0.47069,0.47192,17746797.7,1776329999999,8368341.98438100,549,15143.1,7136.85537900,0
1776330000000,0.47192,0.47223,0.46913,0.46913,16253342.4,1776330179999,7640691.27676100,619,842.3,397.27132400,0
1776330180000,0.46913,0.46913,0.4663,0.4663,25310338.0,1776330359999,11836631.67652100,497,11411.5,5341.34790000,0
1776330360000,0.4663,0.4679,0.46259,0.46342,14915298.6,1776330539999,6912005.00754800,332,28946.2,13498.54995700,0
1776330540000,0.46342,0.46421,0.4629,0.46317,4742.2,1776330719999,2199.05391600,130,4136.7,1918.45154100,0
1776330720000,0.46323,0.46323,0.46253,0.46283,350485.3,1776330899999,162125.81768200,81,190.9,88.34627500,0
1776330900000,0.463,0.4638,0.46253,0.4638,10871.1,1776331079999,5032.17840200,121,6180.0,2862.15549800,0
1776331080000,0.4638,0.46762,0.4638,0.46762,35103925.3,1776331259999,16357648.76514300,721,35100619.5,16356103.17141100,0
1776331260000,0.46769,0.46825,0.46689,0.46716,1244529.7,1776331439999,582450.80389200,254,1238739.1,579743.68727300,0
1776331440000,0.46716,0.46776,0.46476,0.466,3375.1,1776331619999,1572.32914500,270,0,0,0
1776331620000,0.466,0.466,0.46301,0.46564,8049572.6,1776331799999,3735735.65812500,487,1623.0,752.94076000,0
1776331800000,0.46564,0.4735,0.46564,0.4724,61167718.8,1776331979999,28714710.69646800,996,59004421.8,27705225.65126400,0
1776331980000,0.47237,0.47364,0.47112,0.47112,9349.4,1776332159999,4421.13293600,255,3362.1,1592.42504400,0
1776332160000,0.47112,0.47194,0.46852,0.46852,9183578.8,1776332339999,4313086.43990800,586,55.7,26.10380500,0
1776332340000,0.46852,0.46852,0.46702,0.4677,691714.8,1776332519999,323790.66768100,347,166.5,77.89869000,0
1776332520000,0.46764,0.46856,0.46702,0.46813,2574.7,1776332699999,1204.86112900,236,1336.8,625.81225000,0
1776332700000,0.46813,0.46849,0.46696,0.46768,3529.8,1776332879999,1650.74336900,320,0,0,0
1776332880000,0.46768,0.46959,0.46768,0.46892,4761077.4,1776333059999,2231906.06957500,351,4759652.2,2231238.93551200,0
1776333060000,0.46882,0.46959,0.46705,0.46896,21382.0,1776333239999,10037.97740200,233,19062.3,8951.46545700,0
1776333240000,0.46942,0.47076,0.46842,0.47013,4133641.8,1776333419999,1942124.29514800,414,4131294.0,1941021.89908300,0
1776333420000,0.47013,0.47038,0.4686,0.47033,6288.7,1776333599999,2949.30237300,255,0,0,0
1776333600000,0.47033,0.47139,0.46925,0.47139,9634605.5,1776333779999,4539573.07199400,469,9633032.2,4538833.13564200,0
1776333780000,0.47141,0.47298,0.47141,0.47298,10755725.8,1776333959999,5077460.03962300,698,10755050.8,5077141.31271500,0
1776333960000,0.47301,0.47338,0.47099,0.47099,5428733.2,1776334139999,2568610.03461300,468,5279084.1,2497832.87894600,0
1776334140000,0.47099,0.47099,0.46844,0.46844,13581383.7,1776334319999,6372321.29758800,554,188.1,88.22735300,0
1776334320000,0.46844,0.46928,0.46801,0.46928,2421631.0,1776334499999,1133893.57874100,507,1593.3,746.71738900,0
1776334500000,0.4693,0.47313,0.46859,0.47294,13791613.7,1776334679999,6494784.32533600,550,13789775.4,6493920.57733600,0
1776334680000,0.47294,0.47343,0.47207,0.47227,73940.6,1776334859999,34983.34902900,286,72311.0,34213.25183100,0
1776334860000,0.47227,0.47352,0.4719,0.47214,3027.8,1776335039999,1430.24238600,311,310.2,146.87235700,0
1776335040000,0.47296,0.47439,0.47189,0.47439,38460.1,1776335219999,18187.30826600,260,19457.0,9218.64185200,0
1776335220000,0.47439,0.4764,0.47281,0.47369,18594438.7,1776335399999,8841812.75603400,578,18588141.7,8838823.71700800,0
1776335400000,0.47369,0.4744,0.47277,0.4744,3125.1,1776335579999,1479.67611000,289,0,0,0
1776335580000,0.47441,0.47645,0.47274,0.47621,633316.4,1776335759999,301723.49213700,321,630472.6,300375.68758400,0
1776335760000,0.47621,0.48614,0.47452,0.48613,29571059.3,1776335939999,14178027.43570500,433,29569426.1,14177249.33397900,0
1776335940000,0.48614,0.48986,0.48499,0.48574,38796365.8,1776336119999,18950396.34821700,777,36728764.9,17944555.02036700,0
1776336120000,0.48558,0.49128,0.48525,0.49128,18123472.9,1776336299999,8866919.09852000,693,17600840.0,8613242.60842900,0
1776336300000,0.49128,0.49907,0.49128,0.498,51889548.4,1776336479999,25630622.54766000,652,51885334.7,25628522.92843700,0
1776336480000,0.498,0.49907,0.49358,0.49675,12254792.0,1776336659999,6069379.18280400,477,606659.8,300638.00174500,0
1776336660000,0.49675,0.50128,0.49675,0.50127,12697238.3,1776336839999,6350657.34883200,827,12687961.2,6346021.56927800,0
1776336840000,0.50127,0.50286,0.50123,0.50286,9016885.1,1776337019999,4525832.34683600,721,9016012.9,4525394.53248000,0
1776337020000,0.50286,0.50817,0.50286,0.50628,46181127.8,1776337199999,23348474.36846700,1195,46179348.1,23347572.33869600,0
1776337200000,0.50619,0.50638,0.4985,0.4987,37765165.9,1776337379999,18937612.11874000,821,96812.4,48714.03777700,0
1776337380000,0.4988,0.50366,0.49772,0.50366,17563684.9,1776337559999,8791036.31554400,689,10253203.5,5148311.57265200,0
1776337560000,0.5037,0.50406,0.49772,0.49772,24542147.4,1776337739999,12307925.09772200,693,6796385.8,3424659.42913800,0
1776337740000,0.49772,0.49772,0.49396,0.49605,24585136.6,1776337919999,12178955.38369200,889,4268.7,2111.82683800,0
1776337920000,0.49605,0.49892,0.49413,0.49562,12966064.5,1776338099999,6451626.39860200,770,11415401.0,5683052.51630100,0
1776338100000,0.49562,0.4991,0.49428,0.4966,7911553.8,1776338279999,3938830.45949400,777,4122813.4,2054608.29727300,0
1776338280000,0.4966,0.4966,0.49393,0.49453,707204.3,1776338459999,349368.42346500,474,1704.7,843.53440100,0
1776338460000,0.49473,0.49524,0.4928,0.4928,4232.2,1776338639999,2089.87080700,467,0,0,0
1776338640000,0.4928,0.49302,0.49076,0.49127,23647160.1,1776338819999,11629023.32469300,909,5589.2,2750.32427100,0
1776338820000,0.49127,0.49152,0.48804,0.48804,28284920.9,1776338999999,13841784.90346300,1223,1836.7,898.87396200,0
1776339000000,0.48804,0.48804,0.48564,0.48664,16374351.4,1776339179999,7970451.23348500,848,11673.4,5671.68424400,0
1776339180000,0.48664,0.4888,0.48564,0.48854,3331349.2,1776339359999,1627845.20263700,488,3328538.5,1626475.79074400,0
1776339360000,0.48855,0.49083,0.48839,0.49083,14110976.2,1776339539999,6911632.96992400,856,14110448.0,6911374.70441200,0
1776339540000,0.49083,0.49125,0.48991,0.49125,4948839.9,1776339719999,2430233.62155600,524,4937692.2,2424764.70342600,0
1776339720000,0.49125,0.49146,0.48784,0.48784,12340375.7,1776339899999,6029901.74244800,586,4881.2,2398.82487000,0
1776339900000,0.48784,0.48784,0.48591,0.4864,15931271.2,1776340079999,7759890.83875500,726,1093.4,531.85500000,0
1776340080000,0.4864,0.48769,0.48383,0.48383,7711359.5,1776340259999,3734091.90009600,566,2166.7,1055.12746800,0
1776340260000,0.48383,0.4842,0.48213,0.48298,14032171.3,1776340439999,6777534.70142700,600,5092.4,2458.19273300,0
1776340440000,0.48307,0.48379,0.48209,0.48361,4054.0,1776340619999,1957.45626700,422,1302.5,629.50174700,0
1776340620000,0.48361,0.48664,0.48303,0.48448,17913091.4,1776340799999,8703867.52240600,770,17911006.2,8702856.91832200,0
1776340800000,0.48613,0.48645,0.4849,0.4849,3751.5,1776340979999,1821.90186200,368,0,0,0
1776340980000,0.48487,0.48585,0.48347,0.48347,4338.3,1776341159999,2101.12213000,413,0,0,0
1776341160000,0.48347,0.48348,0.47859,0.47865,16669271.3,1776341339999,8034632.48633400,1036,482.1,231.04424700,0
1776341340000,0.47865,0.48966,0.47819,0.48742,56309418.4,1776341519999,27300275.02038100,1032,55319310.2,26826691.96258700,0
1776341520000,0.48717,0.49297,0.48611,0.49061,37285544.7,1776341699999,18318565.77041000,733,37282995.5,18317319.72728700,0
1776341700000,0.49061,0.49158,0.48785,0.48785,12697646.9,1776341879999,6205504.00917100,689,792.8,387.78099900,0
1776341880000,0.48785,0.49297,0.48783,0.49052,8640340.0,1776342059999,4230988.34609200,622,8400370.3,4113914.19155700,0
1776342060000,0.49094,0.49294,0.49029,0.49073,3396.5,1776342239999,1669.14909200,360,0,0,0
1776342240000,0.49073,0.49077,0.48761,0.48761,10166173.1,1776342419999,4970460.82661000,597,258.1,125.85214100,0
1776342420000,0.48761,0.48811,0.4873,0.48741,3191.2,1776342599999,1556.07401700,331,1076.4,525.00915700,0
1776342600000,0.48741,0.48806,0.48216,0.48316,16839154.3,1776342779999,8170371.76331300,598,4493.1,2170.44559800,0
1776342780000,0.48298,0.48361,0.48236,0.48336,3002.0,1776342959999,1450.40041800,340,1960.4,947.29762300,0
1776342960000,0.48336,0.48508,0.48288,0.48392,3504.1,1776343139999,1697.03842200,383,1973.4,955.43483300,0
1776343140000,0.48392,0.48513,0.48325,0.48377,3276.6,1776343319999,1586.04922500,305,63.6,30.85226200,0
1776343320000,0.48377,0.48476,0.48213,0.48263,3405.6,1776343499999,1646.97518600,327,0,0,0
1776343500000,0.48262,0.48388,0.48213,0.48359,2870.5,1776343679999,1386.41312600,267,0,0,0
1776343680000,0.48359,0.48514,0.48212,0.4851,125616.2,1776343859999,60566.80809700,316,297.5,144.30926700,0
1776343860000,0.4851,0.48514,0.48375,0.48375,3670.2,1776344039999,1778.98819500,444,44.3,21.49170200,0
1776344040000,0.48375,0.48529,0.48375,0.48474,2785.5,1776344219999,1350.14037800,303,415.8,201.64707900,0
1776344220000,0.48473,0.48778,0.48366,0.48732,17950877.3,1776344399999,8731647.68333400,670,17945777.1,8729172.16044800,0
1776344400000,0.48732,0.49404,0.48722,0.49404,42455868.0,1776344579999,20777510.06200300,909,42454719.1,20776949.69567900,0
1776344580000,0.49404,0.49679,0.49404,0.49679,17136388.8,1776344759999,8496185.23592800,686,17114923.2,8485533.07975400,0
1776344760000,0.49679,0.50385,0.49619,0.50228,59194019.4,1776344939999,29540454.46857500,1020,58592828.8,29238012.43205200,0
1776344940000,0.50228,0.50228,0.49609,0.49777,8245420.5,1776345119999,4100642.34035300,441,1465.9,728.44248500,0
1776345120000,0.4978,0.49929,0.49701,0.49854,635459.2,1776345299999,317000.42051300,352,634292.1,316418.57526400,0
1776345300000,0.49854,0.49932,0.4977,0.4977,3034.3,1776345479999,1512.87218700,306,449.2,224.29349700,0
1776345480000,0.4977,0.49932,0.49672,0.49739,4138.9,1776345659999,2060.39683200,356,1031.2,514.87817600,0
1776345660000,0.49736,0.49742,0.49595,0.49599,2953.4,1776345839999,1465.95023300,237,0,0,0
1776345840000,0.49599,0.49961,0.49598,0.49961,967049.4,1776346019999,482897.13994700,348,963297.8,481030.00584500,0
1776346020000,0.49961,0.49991,0.49744,0.49786,3772.6,1776346199999,1880.40036600,319,750.0,374.83896900,0
1776346200000,0.49809,0.5004,0.49744,0.49942,36296.6,1776346379999,18059.27684700,195,541.5,270.83527300,0
1776346380000,0.49942,0.5001,0.49697,0.49697,3396.7,1776346559999,1691.68903800,351,0,0,0
1776346560000,0.49697,0.49697,0.49441,0.49441,27763606.5,1776346739999,13763487.68332000,903,172723.3,85409.94371100,0
1776346740000,0.49441,0.49672,0.49441,0.49469,224597.6,1776346919999,111053.07993600,355,1401.5,694.65262900,0
1776346920000,0.49469,0.50045,0.49396,0.50038,37954865.8,1776347099999,18878417.31479400,945,33270749.6,16563052.71182700,0
1776347100000,0.50038,0.50077,0.49788,0.49904,602584.2,1776347279999,301291.09639700,475,592056.3,296037.74786900,0
1776347280000,0.49904,0.50077,0.49737,0.49784,10960.1,1776347459999,5479.62616500,384,7131.9,3571.41347200,0
1776347460000,0.4978,0.50143,0.4978,0.50143,14761079.7,1776347639999,7396626.17961100,569,14759183.2,7395678.82162300,0
1776347640000,0.50143,0.5128,0.50143,0.51151,83177963.7,1776347819999,42161785.42782200,1236,83148586.4,42146823.47099200,0
1776347820000,0.51151,0.51198,0.50392,0.50573,26919127.7,1776347999999,13645331.73116700,1137,1010766.2,513049.38945900,0
1776348000000,0.50573,0.50609,0.4947,0.4947,83023366.7,1776348179999,41470919.21492100,1329,10508.6,5239.84897900,0
1776348180000,0.4947,0.49614,0.49153,0.49213,24783615.6,1776348359999,12226534.32444900,703,2463.5,1216.10532300,0
1776348360000,0.49213,0.49277,0.4904,0.49185,5903692.5,1776348539999,2897208.54960200,662,81343.9,39992.68546100,0
1776348540000,0.49188,0.49396,0.49128,0.49396,5096.1,1776348719999,2508.55765100,457,2410.8,1188.25134400,0
1776348720000,0.49399,0.49885,0.49382,0.49784,15493794.2,1776348899999,7675081.76677500,778,15448063.3,7652316.39169000,0
1776348900000,0.49784,0.50025,0.49739,0.49954,7054383.3,1776349079999,3521236.53848800,535,7048757.1,3518434.40868100,0
1776349080000,0.49944,0.50025,0.49788,0.50015,29575.9,1776349259999,14760.27434600,397,4530.2,2266.23255000,0
1776349260000,0.50025,0.50102,0.49835,0.4988,5228.4,1776349439999,2614.23576600,404,2841.2,1422.51522500,0
1776349440000,0.4988,0.50106,0.49849,0.50106,144756.6,1776349619999,72525.21801300,385,141074.3,70686.68679300,0
1776349620000,0.50108,0.50175,0.50078,0.50091,4783216.8,1776349799999,2398368.76923500,511,4780413.3,2396964.10676700,0
1776349800000,0.50091,0.50175,0.49922,0.49938,5383.2,1776349979999,2691.33459800,366,29.8,14.95215000,0
1776349980000,0.49938,0.50313,0.49881,0.50313,11448923.0,1776350159999,5751631.19181800,656,11446436.4,5750389.54153200,0
1776350160000,0.50313,0.50335,0.50211,0.50246,621748.7,1776350339999,312886.79919000,455,618473.6,311240.07952800,0
1776350340000,0.50245,0.50336,0.50133,0.50133,3765.4,1776350519999,1892.09461800,380,126.5,63.67398500,0
1776350520000,0.50133,0.50133,0.49991,0.50008,3860.6,1776350699999,1932.32418900,407,0,0,0
1776350700000,0.50008,0.50044,0.49773,0.49773,16296812.1,1776350879999,8126810.62231400,761,931.8,464.46459500,0
1776350880000,0.49773,0.49846,0.49733,0.49846,3498906.7,1776351059999,1740726.95791800,562,1117.9,556.89648900,0
1776351060000,0.49848,0.49876,0.49776,0.49782,3813.7,1776351239999,1900.70156300,389,1318.9,657.63982600,0
1776351240000,0.49782,0.49782,0.49621,0.49648,3731.8,1776351419999,1854.13968000,382,0,0,0
1776351420000,0.49648,0.50001,0.49616,0.49948,6907944.0,1776351599999,3449402.74101800,505,6902643.0,3446760.16486400,0
1776351600000,0.49955,0.50174,0.499,0.50167,15600783.8,1776351779999,7809724.38288800,690,15597529.7,7808099.47959100,0
1776351780000,0.50155,0.50224,0.50126,0.50167,1563272.8,1776351959999,784639.50630500,431,1561807.7,783904.39940500,0
1776351960000,0.50186,0.50192,0.49775,0.49783,6850022.8,1776352139999,3414412.49545900,557,224.6,111.85758600,0
1776352140000,0.49783,0.49788,0.49507,0.49507,22731998.8,1776352319999,11282778.07354500,1074,71.1,35.26058800,0
1776352320000,0.49517,0.4958,0.49424,0.49424,9958408.2,1776352499999,4926198.10553500,598,1001.8,496.26438700,0
1776352500000,0.49424,0.49424,0.49051,0.49051,26245233.8,1776352679999,12921996.05834500,1190,10.9,5.34754000,0
1776352680000,0.49051,0.49078,0.48502,0.48567,40499830.8,1776352859999,19752156.19200700,976,21850.4,10691.59125000,0
1776352860000,0.48575,0.49073,0.48575,0.49073,19959917.9,1776353039999,9766960.32150700,593,19876539.2,9726193.53184300,0
1776353040000,0.49073,0.49088,0.48877,0.48877,1093220.2,1776353219999,535584.58781700,369,511721.0,251167.33251700,0
1776353220000,0.48877,0.4908,0.48859,0.4908,2093.9,1776353399999,1024.60941400,196,152.6,74.89608000,0
1776353400000,0.4908,0.49109,0.48798,0.48889,3501557.8,1776353579999,1719291.31019600,489,3480157.4,1708812.88396200,0
1776353580000,0.48889,0.49041,0.48729,0.48781,39798.4,1776353759999,19409.37236100,468,1337.8,653.79327200,0
1776353760000,0.48729,0.48766,0.4846,0.48466,26117372.7,1776353939999,12696282.81791200,1175,25688.7,12454.51164700,0
1776353940000,0.48466,0.48481,0.4802,0.48153,25685591.8,1776354119999,12375111.70137100,920,50618.9,24317.64364800,0
1776354120000,0.48153,0.48196,0.47896,0.47924,8968829.7,1776354299999,4303030.32993400,889,79495.6,38157.90732900,0
1776354300000,0.4793,0.47954,0.47821,0.47867,185353.7,1776354479999,88729.02660800,434,791.0,379.10005600,0
1776354480000,0.47852,0.47951,0.47658,0.47658,18244688.7,1776354659999,8710039.30648100,762,100383.7,48038.77906700,0
1776354660000,0.47653,0.47653,0.47516,0.47628,4826040.9,1776354839999,2294252.50673000,683,84253.7,40049.20404800,0
1776354840000,0.47628,0.47628,0.47332,0.47332,22195582.2,1776355019999,10526371.63315900,1125,39931.3,18937.93920700,0
1776355020000,0.47332,0.47332,0.47177,0.47261,9745209.6,1776355199999,4606342.34464300,671,232068.0,109596.31358200,0
1776355200000,0.47261,0.47334,0.46919,0.46919,12933799.9,1776355379999,6075247.45776200,681,749.8,354.59054100,0
1776355380000,0.46919,0.47267,0.46808,0.47267,24112056.6,1776355559999,11348420.87570800,882,14927903.8,7042855.13910600,0
1776355560000,0.47267,0.47384,0.47217,0.47217,5584129.0,1776355739999,2641852.69169100,545,5431861.2,2569800.70194000,0
1776355740000,0.472,0.47408,0.4687,0.47408,30775908.5,1776355919999,14464228.48964800,913,10398814.3,4885783.41762200,0
1776355920000,0.47408,0.48428,0.47408,0.48385,71317618.5,1776356099999,34191967.34570800,1115,71195508.8,34133718.31182700,0
1776356100000,0.48412,0.49165,0.48313,0.48643,51077416.8,1776356279999,24852591.87633800,935,44509431.6,21650665.87605300,0
1776356280000,0.48643,0.48809,0.48568,0.48694,24857011.1,1776356459999,12104226.95208400,722,19297196.2,9395986.58104100,0
1776356460000,0.48694,0.4934,0.48643,0.4934,38943544.2,1776356639999,19096212.63762300,1193,38942867.2,19095880.80431500,0
1776356640000,0.4934,0.49448,0.48553,0.48553,47402957.0,1776356819999,23247539.19982200,1112,17760660.3,8772325.13151700,0
1776356820000,0.48553,0.48579,0.48336,0.48336,21684405.7,1776356999999,10506678.75872600,885,1953.3,946.70655200,0
1776357000000,0.48336,0.48336,0.47633,0.47847,34874594.0,1776357179999,16773788.01836300,1032,1239.8,594.59098800,0
1776357180000,0.47847,0.47986,0.4766,0.47804,5575993.1,1776357359999,2673929.35000100,549,5573122.5,2672554.37888400,0
1776357360000,0.47804,0.47912,0.47504,0.47507,14498604.7,1776357539999,6899663.01128600,781,852.8,405.51115600,0
1776357540000,0.47507,0.47989,0.47504,0.47903,17343506.5,1776357719999,8293901.71781200,685,17342077.8,8293217.61783900,0
1776357720000,0.47903,0.47903,0.4718,0.4718,41905054.4,1776357899999,19895406.54508700,1157,211.4,100.06659800,0
1776357900000,0.47173,0.47484,0.47115,0.47268,3346664.7,1776358079999,1584080.79971800,557,1352737.3,642298.60029100,0
1776358080000,0.47268,0.47351,0.47232,0.47264,267912.4,1776358259999,126648.36851500,400,85322.7,40352.50643300,0
1776358260000,0.47262,0.47657,0.47228,0.47523,16778833.6,1776358439999,7974182.76826600,580,16157819.9,7678948.13505300,0
1776358440000,0.47511,0.47511,0.47295,0.47295,1280089.4,1776358619999,606394.78236900,400,1209.9,572.48156700,0
1776358620000,0.47295,0.47361,0.47242,0.47361,3357636.0,1776358799999,1588716.10646000,539,2265349.3,1072457.21622500,0
1776358800000,0.47361,0.47581,0.47322,0.47575,12550098.4,1776358979999,5956070.97208800,811,11974670.3,5682978.56009200,0
1776358980000,0.47575,0.47947,0.47472,0.47696,46260228.0,1776359159999,22101118.25117200,847,45515386.5,21745732.95296300,0
1776359160000,0.47696,0.47771,0.47486,0.47643,10018470.8,1776359339999,4762505.18067500,467,2440079.8,1159776.94874700,0
1776359340000,0.47643,0.47655,0.47476,0.47523,5168535.1,1776359519999,2455746.64210400,458,1075806.6,511530.92339500,0
1776359520000,0.47524,0.47626,0.47476,0.47527,2351.1,1776359699999,1118.00978300,228,1002.1,476.80262900,0
1776359700000,0.47511,0.47648,0.47476,0.47648,2623.1,1776359879999,1247.20117800,155,1269.5,604.19956600,0
1776359880000,0.47648,0.47914,0.47648,0.4787,24512001.2,1776360059999,11717296.05450500,725,24511256.2,11716939.82968100,0
1776360060000,0.4787,0.48605,0.47857,0.48605,70407473.3,1776360239999,33952714.75228800,1000,70407115.5,33952542.13405200,0
1776360240000,0.48605,0.48792,0.48605,0.48792,27630315.7,1776360419999,13457488.98236800,731,27623311.5,13454082.47802400,0
1776360420000,0.48792,0.49227,0.48792,0.49179,46703876.0,1776360599999,22878206.28398700,796,46698949.0,22875790.01037700,0
1776360600000,0.49179,0.49229,0.4902,0.49075,1955.4,1776360779999,960.48166700,189,223.6,110.06350500,0
1776360780000,0.49045,0.49243,0.4902,0.49097,1812.9,1776360959999,890.78252800,191,1195.7,587.68093500,0
1776360960000,0.49099,0.49546,0.49099,0.49546,28668816.3,1776361139999,14157081.50362000,724,28667391.0,14156379.83550900,0
1776361140000,0.49546,0.49546,0.49337,0.49452,20515.5,1776361319999,10136.19965600,249,20.9,10.35511400,0
1776361320000,0.49458,0.49546,0.49338,0.49366,4899.8,1776361499999,2424.12683200,227,2683.4,1329.49686000,0
1776361500000,0.49362,0.49362,0.4911,0.49319,10405599.8,1776361679999,5116841.10936100,515,0,0,0
1776361680000,0.49319,0.4937,0.49215,0.49369,2522.4,1776361859999,1242.90579600,276,0,0,0
1776361860000,0.49369,0.49546,0.49216,0.49431,20378.2,1776362039999,10093.00352200,227,18000.0,8918.25948000,0
1776362040000,0.49431,0.49462,0.49027,0.49027,16420384.6,1776362219999,8069070.37072500,638,486.9,238.83152200,0
1776362220000,0.49027,0.49074,0.48362,0.48362,50390125.9,1776362399999,24551890.21336000,906,5555.1,2699.31456800,0
1776362400000,0.48362,0.48639,0.48039,0.4853,30142907.1,1776362579999,14546586.41117300,660,6163358.8,2983200.21405600,0
1776362580000,0.4853,0.48693,0.4841,0.48603,13343911.2,1776362759999,6485959.81807900,688,13216377.4,6423926.66540400,0
1776362760000,0.48603,0.48603,0.48276,0.48385,24685451.1,1776362939999,11945209.21950800,1024,310982.3,150372.70009500,0
1776362940000,0.48385,0.48417,0.48238,0.48238,1824976.7,1776363119999,882143.25686500,509,1841.9,890.52980000,0
1776363120000,0.48236,0.4841,0.48146,0.48146,4174.8,1776363299999,2012.50557000,458,30.9,14.95869000,0
1776363300000,0.48146,0.48168,0.48022,0.4808,4576913.4,1776363479999,2199179.13592200,561,815.4,391.80978200,0
1776363480000,0.48022,0.48024,0.47892,0.47985,15080433.2,1776363659999,7232163.64718700,831,2429.1,1164.96630400,0
1776363660000,0.47985,0.47998,0.4786,0.47998,3998.4,1776363839999,1916.72938200,403,978.4,469.56209900,0
1776363840000,0.48,0.48125,0.47941,0.48125,3832.3,1776364019999,1839.72107700,383,1760.4,845.76752300,0
1776364020000,0.48125,0.48225,0.48042,0.48165,11406199.1,1776364199999,5496892.52962500,671,11403948.7,5495809.49395900,0
1776364200000,0.48165,0.48242,0.48109,0.48176,169488.3,1776364379999,81752.99722500,387,165849.9,80001.00973500,0
1776364380000,0.48176,0.48225,0.48128,0.48178,3841.1,1776364559999,1850.18538400,355,0,0,0
1776364560000,0.48178,0.48178,0.47989,0.47993,3732.6,1776364739999,1793.31492500,396,0,0,0
1776364740000,0.47993,0.48004,0.47933,0.47999,3142.3,1776364919999,1507.34144700,330,163.5,78.48038800,0
1776364920000,0.47999,0.48258,0.47933,0.48258,2812.9,1776365099999,1351.85832100,309,793.5,382.25462300,0
1776365100000,0.48266,0.48295,0.4808,0.48219,28600.4,1776365279999,13809.07284800,314,26037.0,12574.51990800,0
1776365280000,0.48219,0.48307,0.48041,0.48255,3951783.3,1776365459999,1908767.93274700,448,3948340.4,1907108.92198000,0
1776365460000,0.48255,0.48385,0.48249,0.48385,432325.2,1776365639999,208874.24980200,388,430420.4,207954.29527200,0
1776365640000,0.48393,0.48438,0.48286,0.48344,642431.6,1776365819999,311089.98287800,438,638735.9,309302.28044600,0
1776365820000,0.4834,0.48405,0.4802,0.48032,16625505.5,1776365999999,8013983.08941400,629,743.9,357.44564600,0
1776366000000,0.48032,0.48445,0.48032,0.48317,7484590.2,1776366179999,3613003.64605000,544,7479828.9,3610700.92544700,0
1776366180000,0.48317,0.4836,0.48219,0.48279,7702.2,1776366359999,3718.13868900,411,0,0,0
1776366360000,0.48279,0.48324,0.48138,0.48138,3849.0,1776366539999,1856.31897900,370,0,0,0
1776366540000,0.4813,0.48445,0.48104,0.48131,4492.7,1776366719999,2163.51900900,411,354.8,171.86459000,0
1776366720000,0.48125,0.48283,0.48117,0.48222,3900.8,1776366899999,1879.74067000,362,0,0,0
1776366900000,0.48222,0.48222,0.47859,0.47859,13955255.5,1776367079999,6705562.17402200,647,268387.0,128727.79926700,0
1776367080000,0.47859,0.48013,0.4782,0.48013,655045.6,1776367259999,314347.46884000,526,634261.2,304404.16113100,0
1776367260000,0.48013,0.48113,0.47991,0.48113,2309509.7,1776367439999,1109908.28488200,520,2298742.5,1104733.68692400,0
1776367440000,0.48113,0.48161,0.47995,0.47995,11223379.0,1776367619999,5391368.13054700,814,838681.7,403663.39736300,0
1776367620000,0.47995,0.48048,0.4796,0.48011,1806151.4,1776367799999,866482.55325000,592,1675.9,804.90737200,0
1776367800000,0.48011,0.48107,0.47916,0.48107,4389.0,1776367979999,2107.22849600,371,1499.3,720.61389000,0
1776367980000,0.48111,0.48165,0.48007,0.48007,3825.4,1776368159999,1840.70219600,401,1609.9,775.03346000,0
1776368160000,0.48007,0.48166,0.47966,0.48112,3573.0,1776368339999,1717.10022300,338,65.2,31.40422900,0
1776368340000,0.48128,0.48234,0.48024,0.48234,3212366.9,1776368519999,1548085.12088600,374,3209385.9,1546651.54234500,0
1776368520000,0.48234,0.48263,0.48116,0.48192,4547.4,1776368699999,2190.90367500,406,388.3,187.35064100,0
1776368700000,0.48194,0.48264,0.48103,0.48103,3474.6,1776368879999,1672.95912200,348,124.1,59.89562400,0
1776368880000,0.48102,0.48117,0.48059,0.48075,3236.8,1776369059999,1556.49331100,328,0,0,0
1776369060000,0.48075,0.4816,0.4805,0.48073,3086.4,1776369239999,1483.94954000,302,0,0,0
1776369240000,0.48086,0.48153,0.48004,0.48029,2998.9,1776369419999,1441.49914700,296,0,0,0
1776369420000,0.48041,0.48045,0.47736,0.47736,23807201.2,1776369599999,11393470.10057800,840,10.8,5.15635200,0
1776369600000,0.47736,0.47864,0.47728,0.47864,232010.0,1776369779999,110773.58403800,308,25432.9,12163.71469300,0
1776369780000,0.47864,0.47872,0.47695,0.47695,13918.0,1776369959999,6653.54885000,331,7265.1,3477.76508000,0
1776369960000,0.47695,0.47864,0.47505,0.47505,7645469.9,1776370139999,3636173.35043900,628,64.2,30.64117400,0
1776370140000,0.47505,0.47612,0.47439,0.47612,8564721.6,1776370319999,4066280.38344500,563,1705.2,810.73815900,0
1776370320000,0.47612,0.47726,0.47438,0.4768,9232.1,1776370499999,4390.74480500,413,2259.2,1077.30221200,0
1776370500000,0.4768,0.47706,0.47578,0.47673,3871.8,1776370679999,1845.05742000,355,0,0,0
1776370680000,0.47699,0.4772,0.47538,0.47596,3780.8,1776370859999,1801.30195000,347,0,0,0
1776370860000,0.47596,0.47684,0.4752,0.47604,3920.2,1776371039999,1866.30870700,359,0,0,0
1776371040000,0.47604,0.4773,0.47553,0.47616,4055.6,1776371219999,1932.03200000,372,108.5,51.78313400,0
1776371220000,0.47616,0.4773,0.47438,0.47587,27282.2,1776371399999,12951.70555000,417,1114.4,531.90312000,0
1776371400000,0.4759,0.4759,0.47376,0.47376,4673025.2,1776371579999,2215057.29176700,628,49232.3,23336.71523000,0
1776371580000,0.47376,0.47376,0.47227,0.47227,10360030.3,1776371759999,4901041.08346500,891,1033.3,488.27486500,0
1776371760000,0.47233,0.47278,0.47201,0.47201,4907.6,1776371939999,2318.22189500,397,1152.6,544.72679700,0
1776371940000,0.472,0.47389,0.47199,0.47288,5811.0,1776372119999,2746.96081800,466,2083.6,986.08397400,0
1776372120000,0.47288,0.4739,0.47246,0.47332,4446.3,1776372299999,2104.15610100,429,637.8,302.12147200,0
1776372300000,0.47332,0.47592,0.47328,0.47534,4952402.3,1776372479999,2354241.30846700,575,4950690.8,2353428.83649400,0
1776372480000,0.47534,0.47709,0.47518,0.47709,14370912.8,1776372659999,6845706.39784400,810,14368694.9,6844651.36499000,0
1776372660000,0.47709,0.48001,0.47709,0.47923,16343477.3,1776372839999,7814932.91312300,877,16342052.2,7814250.27556400,0
1776372840000,0.47897,0.48177,0.47886,0.48177,12440843.9,1776373019999,5978932.70184500,809,12382230.0,5950734.93979900,0
1776373020000,0.48179,0.4818,0.48058,0.48128,167595.3,1776373199999,80745.11868200,414,163803.5,78920.52479200,0
1776373200000,0.48122,0.48288,0.48096,0.48288,39981.8,1776373379999,19266.95243800,395,20149.6,9727.37228200,0
1776373380000,0.48289,0.483,0.48153,0.48251,4091.3,1776373559999,1973.67786800,388,327.0,157.92279500,0
1776373560000,0.48228,0.48348,0.4812,0.48288,4027.4,1776373739999,1943.82207000,421,1257.1,607.42008300,0
1776373740000,0.48288,0.48422,0.48247,0.48422,5217909.3,1776373919999,2525659.97548900,598,5216087.7,2524779.86819700,0
1776373920000,0.48422,0.48456,0.48299,0.48299,826649.7,1776374099999,400397.55508900,463,823277.9,398766.45678900,0
1776374100000,0.48299,0.48324,0.48198,0.48226,3675.3,1776374279999,1773.19207400,354,0,0,0
1776374280000,0.48226,0.48331,0.48164,0.482,3138.0,1776374459999,1513.71335700,297,0,0,0
1776374460000,0.482,0.48448,0.48159,0.48365,2609.8,1776374639999,1259.57359600,249,43.4,21.02643200,0
1776374640000,0.48365,0.48426,0.48176,0.48267,3365.3,1776374819999,1624.44503400,312,0,0,0
1776374820000,0.48267,0.48459,0.48152,0.4818,4614.2,1776374999999,2226.43130200,343,1054.5,510.98550700,0
1776375000000,0.4818,0.4818,0.48033,0.48114,12634626.6,1776375179999,6076243.57338300,851,1009.3,485.32011700,0
1776375180000,0.48114,0.48155,0.48008,0.48008,3416.6,1776375359999,1642.90885200,333,899.9,433.17230300,0
1776375360000,0.48008,0.48175,0.48008,0.48175,14138.3,1776375539999,6790.60769000,316,737.0,354.97549200,0
1776375540000,0.48175,0.48539,0.48157,0.48539,28612741.3,1776375719999,13854944.30067100,842,28593618.9,13845694.00635700,0
1776375720000,0.48539,0.48627,0.48533,0.48617,3106917.5,1776375899999,1509052.86545500,540,3105120.0,1508179.71230100,0
1776375900000,0.48617,0.48704,0.4861,0.48692,3710.1,1776376079999,1804.85593800,387,2289.8,1114.17701800,0
1776376080000,0.48692,0.48889,0.48675,0.48742,15399640.2,1776376259999,7512221.25456200,605,15398320.2,7511577.59856800,0
1776376260000,0.48742,0.48742,0.48504,0.48504,4261973.2,1776376439999,2067939.64122400,517,0,0,0
1776376440000,0.48501,0.48517,0.48454,0.48454,4529885.9,1776376619999,2195643.23452100,621,1065093.2,516251.91358200,0
1776376620000,0.48454,0.48608,0.48443,0.48507,1791344.6,1776376799999,867843.52296300,512,2260.0,1096.54880800,0
1776376800000,0.48507,0.4862,0.48454,0.4862,3607.5,1776376979999,1751.13943400,380,534.4,259.54957000,0
1776376980000,0.4862,0.48689,0.48494,0.48494,4083.4,1776377159999,1985.13177000,400,1680.5,817.42046100,0
1776377160000,0.4848,0.48501,0.48391,0.48391,3668.1,1776377339999,1777.23330000,375,0,0,0
1776377340000,0.48387,0.4869,0.48356,0.48426,8375.0,1776377519999,4067.35625700,406,4423.5,2153.78126600,0
1776377520000,0.48426,0.48527,0.48411,0.48452,3876.9,1776377699999,1878.99709100,362,0,0,0
1776377700000,0.48452,0.48513,0.48356,0.48513,5991.7,1776377879999,2901.92005800,368,0,0,0
1776377880000,0.48513,0.48524,0.48351,0.48351,4047.3,1776378059999,1959.47042900,383,0,0,0
1776378060000,0.48351,0.48489,0.48347,0.48356,3965.6,1776378239999,1920.22482000,383,0,0,0
1776378240000,0.48356,0.4836,0.4821,0.48222,9366500.6,1776378419999,4520362.55343800,609,423.2,204.07911100,0
1776378420000,0.48222,0.48343,0.48208,0.48328,255203.9,1776378599999,123032.54798900,434,2763.6,1333.94120600,0
1776378600000,0.48328,0.48465,0.48326,0.48465,4087.8,1776378779999,1976.80021000,419,2439.6,1180.10750300,0
1776378780000,0.48465,0.4849,0.4832,0.48336,4133.1,1776378959999,2000.92436100,401,520.9,252.52187400,0
1776378960000,0.48336,0.4843,0.48312,0.4839,4101.8,1776379139999,1984.30034600,381,0,0,0
1776379140000,0.48389,0.48443,0.48305,0.48408,3845.0,1776379319999,1860.24086300,357,0,0,0
1776379320000,0.48408,0.48474,0.4839,0.48462,3743.2,1776379499999,1813.12118700,353,0,0,0
1776379500000,0.48462,0.48462,0.48348,0.48363,3697.8,1776379679999,1789.47006200,347,0,0,0
1776379680000,0.48355,0.48496,0.48325,0.48446,5120.4,1776379859999,2479.87936300,386,1456.3,706.18103900,0
1776379860000,0.48425,0.48488,0.48182,0.48277,22116.4,1776380039999,10660.94031000,451,0.3,0.14546400,0
1776380040000,0.48277,0.48496,0.48271,0.48491,21869.7,1776380219999,10601.10534500,363,17999.7,8729.11615600,0
1776380220000,0.48496,0.48526,0.48386,0.48526,4090.2,1776380399999,1982.34726200,445,1474.1,715.10142800,0
1776380400000,0.48526,0.4876,0.48526,0.4876,23573450.7,1776380579999,11462398.65190400,1134,23568545.4,11460013.98854400,0
1776380580000,0.4876,0.49059,0.4876,0.49059,19646479.9,1776380759999,9602699.93170000,961,19624351.8,9591852.87035300,0
1776380760000,0.49059,0.49093,0.48923,0.49009,205822.4,1776380939999,101041.34395900,437,203037.1,99676.41714300,0
1776380940000,0.49009,0.49009,0.48619,0.48619,8152174.3,1776381119999,3968014.07450500,640,0,0,0
1776381120000,0.48619,0.49105,0.48619,0.4902,2473887.8,1776381299999,1214540.55004100,515,2471215.9,1213234.55670300,0
1776381300000,0.4902,0.49042,0.48905,0.48923,3692.3,1776381479999,1807.63026700,417,0,0,0
1776381480000,0.48923,0.49074,0.48923,0.49036,3530.1,1776381659999,1730.11739600,354,0,0,0
1776381660000,0.49076,0.49252,0.4891,0.4893,28442882.2,1776381839999,13985145.51180800,873,28441248.5,13984345.01774100,0
1776381840000,0.4893,0.49232,0.48909,0.49205,3325.8,1776382019999,1631.96109900,340,0,0,0
1776382020000,0.49205,0.49583,0.49131,0.49583,30946138.8,1776382199999,15288689.98212900,815,30943808.3,15287543.83923600,0
1776382200000,0.4958,0.49659,0.49543,0.49652,2733365.1,1776382379999,1355654.79420200,489,2732124.1,1355039.37005100,0
1776382380000,0.49652,0.49677,0.49504,0.49677,236157.6,1776382559999,117274.44750000,400,225339.1,111916.53030000,0
1776382560000,0.49677,0.49696,0.49507,0.49691,2604.6,1776382739999,1292.18672900,268,295.5,146.81909500,0
1776382740000,0.49691,0.49885,0.49683,0.49863,11080197.9,1776382919999,5518192.98811100,833,10954019.4,5455282.35766700,0
1776382920000,0.49859,0.4994,0.4982,0.49905,3671841.6,1776383099999,1832588.36944300,603,2982239.5,1488448.87443500,0
1776383100000,0.49905,0.49905,0.49779,0.49779,3939.8,1776383279999,1963.62609800,468,0,0,0
1776383280000,0.49779,0.49934,0.49739,0.49808,4012.9,1776383459999,1999.22350000,429,447.1,223.25214600,0
1776383460000,0.4979,0.49942,0.48096,0.49071,43533600.8,1776383639999,21304547.06555500,1098,21765348.3,10614465.90248200,0
1776383640000,0.49071,0.49557,0.49047,0.49181,23712812.8,1776383819999,11706335.28830900,651,19546970.6,9646167.39065100,0
1776383820000,0.49187,0.49187,0.49029,0.49172,879976.4,1776383999999,431796.38147500,456,14624.2,7189.00970300,0
1776384000000,0.49089,0.49172,0.48969,0.49097,67204.9,1776384179999,32970.67261800,374,25775.0,12673.97961800,0
1776384180000,0.49097,0.49181,0.49009,0.49123,3756.6,1776384359999,1844.53829600,375,509.4,250.49275200,0
1776384360000,0.49123,0.49247,0.48969,0.49247,4264.5,1776384539999,2095.70134200,359,1819.9,895.64287300,0
1776384540000,0.49228,0.49279,0.49163,0.49279,3474.5,1776384719999,1710.34092700,344,940.7,463.41047700,0
1776384720000,0.49279,0.49445,0.49265,0.49407,21324575.9,1776384899999,10527070.28617100,852,21282400.6,10506232.25339700,0
1776384900000,0.49407,0.49445,0.49314,0.49411,3938.2,1776385079999,1944.21837000,416,41.8,20.66801000,0
1776385080000,0.49424,0.49424,0.49194,0.49194,3943.1,1776385259999,1942.50604600,448,0,0,0
1776385260000,0.49194,0.49314,0.49052,0.49224,3943.3,1776385439999,1937.97438400,412,0,0,0
1776385440000,0.49224,0.49398,0.49204,0.49348,4025.4,1776385619999,1984.83601800,402,0,0,0
1776385620000,0.49348,0.49561,0.49326,0.49561,3973.1,1776385799999,1964.89865200,435,2438.4,1207.03513100,0
1776385800000,0.49561,0.49591,0.49311,0.49397,3961.7,1776385979999,1958.90768800,395,496.8,246.29690900,0
1776385980000,0.49431,0.49591,0.49215,0.49215,5808976.9,1776386159999,2861464.64417600,458,2497.8,1238.66325400,0
1776386160000,0.49215,0.49242,0.49117,0.49188,4294841.1,1776386339999,2111299.46628600,542,2227.9,1095.86285000,0
1776386340000,0.49187,0.49187,0.48912,0.48912,13904614.8,1776386519999,6816630.14129700,983,538.5,263.65544200,0
1776386520000,0.48912,0.49072,0.48856,0.49072,3392331.6,1776386699999,1658179.87386000,653,3335.3,1633.53072700,0
1776386700000,0.49072,0.49072,0.4884,0.4884,4372.9,1776386879999,2140.99062500,436,74.8,36.70585600,0
1776386880000,0.4884,0.48872,0.48695,0.48836,8633385.4,1776387059999,4207194.80285300,656,1502.4,732.51123800,0
1776387060000,0.48832,0.48934,0.48696,0.48884,4257.1,1776387239999,2081.17531900,446,2305.7,1127.32033300,0
1776387240000,0.48884,0.48907,0.48813,0.48852,4031.2,1776387419999,1970.04563400,403,1366.2,667.79665200,0
1776387420000,0.48852,0.48901,0.48704,0.48719,3583.9,1776387599999,1748.49554300,340,0,0,0
1776387600000,0.48716,0.48716,0.48603,0.48657,3820.3,1776387779999,1858.48019600,357,0,0,0
1776387780000,0.48649,0.48904,0.48533,0.48643,2201735.5,1776387959999,1068919.24465500,582,13353.4,6526.45036100,0
1776387960000,0.48627,0.48705,0.48592,0.48592,17398.4,1776388139999,8465.49385800,456,14719.2,7162.05767300,0
1776388140000,0.48592,0.48672,0.48572,0.48619,3823.5,1776388319999,1859.04137600,403,0,0,0
1776388320000,0.48619,0.48742,0.48619,0.48742,3877.8,1776388499999,1888.63148400,382,2114.5,1030.02224700,0
1776388500000,0.48742,0.48756,0.48664,0.48756,3713.7,1776388679999,1809.40706300,367,722.1,351.99493900,0
1776388680000,0.48756,0.48941,0.48756,0.48812,10878393.5,1776388859999,5318164.97493500,636,10877124.8,5317544.73519600,0
1776388860000,0.48812,0.48836,0.48712,0.48815,3368.8,1776389039999,1642.70602800,342,0,0,0
1776389040000,0.48815,0.48942,0.48815,0.48902,549824.3,1776389219999,269088.76391700,394,546642.4,267533.22143100,0
1776389220000,0.48898,0.4892,0.48839,0.48904,3937.6,1776389399999,1924.83312100,413,0,0,0
1776389400000,0.48874,0.48894,0.48742,0.48748,269235.0,1776389579999,131339.73403700,488,195.7,95.61953500,0
1776389580000,0.48748,0.48942,0.48728,0.48756,4334.2,1776389759999,2113.64548000,388,366.0,179.09871600,0
1776389760000,0.48756,0.48849,0.48724,0.48772,3994.1,1776389939999,1947.82668600,394,0,0,0
1776389940000,0.48772,0.4882,0.48677,0.48798,4205.3,1776390119999,2049.64909600,393,0,0,0
1776390120000,0.48798,0.48942,0.48648,0.48684,4386.5,1776390299999,2139.16543700,401,363.7,177.98084600,0
1776390300000,0.4869,0.48942,0.48642,0.48672,4781.7,1776390479999,2328.26276800,398,364.1,178.17657400,0
1776390480000,0.48672,0.48725,0.48613,0.48669,4221.2,1776390659999,2054.07727400,380,0,0,0
1776390660000,0.48613,0.48942,0.48612,0.48763,4158.6,1776390839999,2024.67136500,363,363.4,177.83394000,0
1776390840000,0.48763,0.48966,0.48613,0.48966,623674.7,1776391019999,305373.59508500,415,620697.0,303919.31345400,0
1776391020000,0.48966,0.49148,0.4893,0.49065,11790277.5,1776391199999,5781773.56635300,793,11788589.3,5780945.35427000,0
1776391200000,0.49065,0.4914,0.48818,0.48818,22286.3,1776391379999,10930.79216500,400,10.5,5.15970000,0
1776391380000,0.48818,0.48818,0.48658,0.4877,9453791.2,1776391559999,4603850.84049300,642,1680.1,818.46672800,0
1776391560000,0.4877,0.48801,0.48644,0.48664,1367109.8,1776391739999,665108.81618200,479,799.3,389.21578900,0
1776391740000,0.48664,0.48685,0.48597,0.48653,4127.6,1776391919999,2007.76547000,432,484.8,235.98716800,0
1776391920000,0.48685,0.48773,0.48555,0.48773,3940.2,1776392099999,1916.93738600,404,1761.2,857.92061800,0
1776392100000,0.48773,0.48827,0.48712,0.48827,5642.6,1776392279999,2752.65903700,386,4280.1,2088.29643700,0
1776392280000,0.48827,0.48871,0.48805,0.48805,3387.8,1776392459999,1654.74392400,371,1699.3,830.01537200,0
1776392460000,0.48801,0.49028,0.48779,0.49002,21863206.9,1776392639999,10703277.68691900,687,21861726.3,10702554.01506800,0
1776392640000,0.48994,0.4905,0.48917,0.4905,3070845.3,1776392819999,1505818.70267300,510,3067114.7,1503992.22897800,0
1776392820000,0.4905,0.49085,0.49009,0.49026,738932.3,1776392999999,362608.43620300,491,736321.3,361327.93466600,0
1776393000000,0.49026,0.49092,0.49009,0.4904,4091.2,1776393179999,2007.22405300,363,664.0,325.95594000,0
1776393180000,0.49075,0.49205,0.49009,0.49068,40380.0,1776393359999,19825.23254500,425,20987.7,10320.31693800,0
1776393360000,0.49058,0.49062,0.48765,0.48933,11540051.9,1776393539999,5640712.48557500,1123,1142.7,558.64563000,0
1776393540000,0.48929,0.48952,0.48715,0.48745,4144.3,1776393719999,2021.91526700,397,96.4,47.14530700,0
1776393720000,0.48745,0.48789,0.48714,0.48714,3452.3,1776393899999,1682.87226100,329,0,0,0
1776393900000,0.48714,0.48819,0.48643,0.48643,7597074.3,1776394079999,3697308.55430200,579,0,0,0
1776394080000,0.48643,0.4875,0.48636,0.48701,3962.5,1776394259999,1928.31662100,378,0,0,0
1776394260000,0.48701,0.4885,0.48636,0.48845,29874.2,1776394439999,14533.18646800,461,923.9,450.26444600,0
1776394440000,0.48828,0.48856,0.48643,0.48649,3927.8,1776394619999,1913.29176700,373,53.1,25.94187600,0
1776394620000,0.48649,0.48831,0.48636,0.48644,4076.9,1776394799999,1985.95798100,383,0,0,0
1776394800000,0.48636,0.48739,0.48589,0.48589,1156975.8,1776394979999,562419.34310900,559,639.6,311.27276900,0
1776394980000,0.48589,0.48659,0.48572,0.48659,236371.8,1776395159999,114812.46412600,447,1919.3,933.38414300,0
1776395160000,0.48659,0.48706,0.48585,0.48685,3903.2,1776395339999,1899.25622300,374,1804.7,878.49632300,0
1776395340000,0.48693,0.48751,0.48679,0.48751,3865.4,1776395519999,1882.72468900,387,1385.0,674.82535300,0
1776395520000,0.48739,0.48752,0.48606,0.48665,4107.6,1776395699999,1999.47483500,384,42.5,20.71958900,0
1776395700000,0.48665,0.48752,0.48525,0.48598,40072.3,1776395879999,19490.64123200,386,18000.0,8775.33857600,0
1776395880000,0.48568,0.48752,0.48551,0.48626,4706.5,1776396059999,2288.30418100,444,314.7,153.42254400,0
1776396060000,0.48626,0.48854,0.48607,0.48854,4044.9,1776396239999,1971.28915200,429,2390.0,1166.52713900,0
1776396240000,0.48854,0.49058,0.48854,0.49054,22738896.7,1776396419999,11134651.28699700,738,22737542.9,11133987.70391400,0
1776396420000,0.49058,0.49181,0.49033,0.49181,2707701.7,1776396599999,1329687.99467400,626,2706738.6,1329215.53220700,0
1776396600000,0.49182,0.49366,0.49182,0.49204,4447354.6,1776396779999,2192751.61999100,606,4426739.3,2182582.19921700,0
1776396780000,0.49204,0.49265,0.49099,0.49099,3991.1,1776396959999,1962.65781300,494,0,0,0
1776396960000,0.49099,0.49366,0.49099,0.4922,21935.1,1776397139999,10823.15997800,383,18000.0,8885.85884000,0
1776397140000,0.4922,0.49224,0.49143,0.49143,21122.8,1776397319999,10388.17135300,366,0,0,0
1776397320000,0.49143,0.49211,0.49078,0.49098,3432.8,1776397499999,1686.86006000,348,0,0,0
1776397500000,0.4913,0.49366,0.48885,0.48885,9634919.8,1776397679999,4713797.03906000,699,19354.9,9554.72007900,0
1776397680000,0.48885,0.48918,0.48862,0.48918,1187456.5,1776397859999,580342.57785500,457,1414.6,691.65624900,0
1776397860000,0.48907,0.4892,0.48765,0.48765,9712471.7,1776398039999,4741082.56254500,768,1311.0,640.82977800,0
1776398040000,0.48765,0.48765,0.486,0.48624,12824594.9,1776398219999,6244775.23470500,896,1709.3,831.57125900,0
1776398220000,0.48627,0.48732,0.48627,0.48693,4105.2,1776398399999,1997.90055300,411,2476.4,1205.37003200,0
1776398400000,0.48732,0.48737,0.48594,0.48701,512732.0,1776398579999,249185.27339900,404,1329.9,647.38556200,0
1776398580000,0.48689,0.48689,0.48581,0.48593,1639096.4,1776398759999,796342.22631500,484,1752.9,852.05296200,0
1776398760000,0.48593,0.48593,0.48474,0.48515,13917451.2,1776398939999,6754705.85128500,736,30884.6,14987.75968400,0
1776398940000,0.48515,0.48552,0.4845,0.48471,5190.1,1776399119999,2516.06269900,409,774.8,375.82244300,0
1776399120000,0.48471,0.48532,0.4845,0.48503,5031.3,1776399299999,2439.61095800,425,2425.4,1176.37780700,0
1776399300000,0.48503,0.48671,0.48503,0.4863,7872.1,1776399479999,3824.54208100,423,6786.6,3296.52612300,0
1776399480000,0.4863,0.48705,0.4863,0.4868,3997.9,1776399659999,1945.98036200,408,1332.4,648.64392500,0
1776399660000,0.48674,0.48728,0.48593,0.48628,4048.3,1776399839999,1969.72942900,394,545.8,265.90730900,0
1776399840000,0.48624,0.48728,0.4861,0.48721,3932.3,1776400019999,1913.83269900,368,53.4,26.02075200,0
1776400020000,0.48721,0.48751,0.4845,0.48641,25794.9,1776400199999,12507.67522800,396,665.7,324.44254200,0
1776400200000,0.48644,0.48751,0.4841,0.4841,21981.8,1776400379999,10706.65965400,396,17989.7,8770.15864700,0
1776400380000,0.48418,0.48762,0.48406,0.48762,4050.7,1776400559999,1967.65415400,387,680.8,331.92366400,0
1776400560000,0.48752,0.48825,0.48704,0.4881,6237315.9,1776400739999,3043447.39911200,609,6234615.2,3042130.18937000,0
1776400740000,0.4881,0.48864,0.48772,0.48856,2271377.2,1776400919999,1109351.12383200,564,2269078.3,1108229.05726600,0
1776400920000,0.48856,0.48856,0.48576,0.48576,4319.6,1776401099999,2105.10872400,445,0,0,0
1776401100000,0.48576,0.48632,0.48476,0.48476,22134.7,1776401279999,10738.82734200,446,0,0,0
1776401280000,0.48482,0.48864,0.48459,0.48554,27113.9,1776401459999,13225.08328400,392,20596.9,10064.43836300,0
1776401460000,0.48554,0.48648,0.48472,0.48472,21975.7,1776401639999,10661.82404100,446,0,0,0
1776401640000,0.48472,0.4857,0.48353,0.4849,12377672.6,1776401819999,5992044.53169400,669,19520.0,9455.04600500,0
1776401820000,0.4849,0.4856,0.4846,0.4846,3714.1,1776401999999,1801.81461800,345,0,0,0
1776402000000,0.4848,0.4848,0.48274,0.483,2289231.6,1776402179999,1106445.77891600,569,163.1,78.84842800,0
1776402180000,0.483,0.48316,0.48233,0.48233,759937.7,1776402359999,366685.15914200,397,661.4,319.20848300,0
1776402360000,0.48233,0.4841,0.48139,0.4841,7757.9,1776402539999,3748.22667300,421,5538.9,2678.15643300,0
1776402540000,0.48411,0.48609,0.484,0.48544,16623933.1,1776402719999,8067526.70988900,652,16621519.3,8066356.90635100,0
1776402720000,0.48544,0.48609,0.48452,0.48509,5290.4,1776402899999,2567.37980400,383,1491.0,724.75346500,0
1776402900000,0.48509,0.48664,0.48509,0.48661,3561688.0,1776403079999,1732113.00996900,535,3559488.0,1731043.68929100,0
1776403080000,0.4865,0.48989,0.48635,0.48989,13076743.4,1776403259999,6393058.91123900,758,13075926.9,6392661.68760100,0
1776403260000,0.48989,0.49121,0.48989,0.49011,16977675.0,1776403439999,8326919.35203600,706,16974800.3,8325508.81331300,0
1776403440000,0.49011,0.49255,0.49005,0.49255,5559725.0,1776403619999,2734354.47579100,633,5541255.8,2725273.26417600,0
1776403620000,0.49255,0.49502,0.49255,0.4937,21521099.2,1776403799999,10623492.89853500,966,21517888.8,10621908.46388100,0
1776403800000,0.49353,0.4978,0.4931,0.4966,23363463.1,1776403979999,11592339.95908900,746,23360721.5,11590979.22866100,0
1776403980000,0.4966,0.4985,0.49565,0.4972,3964.9,1776404159999,1971.53438500,406,1153.6,574.56103500,0
1776404160000,0.4972,0.49867,0.49604,0.49767,3846.7,1776404339999,1914.47021500,382,496.5,247.55798700,0
1776404340000,0.49767,0.49886,0.49702,0.49886,1236034.1,1776404519999,616475.25302500,501,1232963.5,614947.08529600,0
1776404520000,0.49886,0.50111,0.49562,0.49562,36565720.3,1776404699999,18229400.19955500,932,24823450.7,12396774.50363000,0
1776404700000,0.49562,0.49562,0.49455,0.49455,4026.5,1776404879999,1992.72854200,455,0,0,0
1776404880000,0.49455,0.4962,0.49433,0.49565,3952.3,1776405059999,1956.44613500,403,1137.0,563.39303300,0
1776405060000,0.49559,0.49559,0.49221,0.49221,21966191.4,1776405239999,10838142.65885200,1311,371.9,184.11524200,0
1776405240000,0.49221,0.49363,0.49219,0.49282,3946.2,1776405419999,1944.52923700,406,2327.4,1146.96475100,0
1776405420000,0.49282,0.49433,0.49228,0.49343,9660388.1,1776405599999,4763723.23596100,620,9658010.5,4762550.29586700,0
1776405600000,0.49343,0.49526,0.49215,0.49469,11967.6,1776405779999,5898.80891800,371,912.9,451.44310700,0
1776405780000,0.49469,0.49473,0.49215,0.49272,3727.3,1776405959999,1837.64586600,363,924.9,455.61044700,0
1776405960000,0.49273,0.49274,0.49186,0.49257,3686724.6,1776406139999,1814633.00744100,506,1219920.4,600921.82417400,0
1776406140000,0.49257,0.49437,0.49176,0.49422,3925.5,1776406319999,1934.72418900,440,1951.1,962.89567100,0
1776406320000,0.4942,0.49437,0.4926,0.49404,3782.8,1776406499999,1866.65679500,360,43.6,21.55453200,0
1776406500000,0.49404,0.49487,0.49255,0.49259,4002.5,1776406679999,1976.79637100,474,1299.9,642.94735000,0
1776406680000,0.49278,0.49504,0.49278,0.49428,438888.6,1776406859999,217240.53689200,469,435426.2,215528.25304400,0
1776406860000,0.49428,0.49606,0.4942,0.49606,1530221.2,1776407039999,758065.25023400,442,1528423.7,757176.18940600,0
1776407040000,0.49608,0.49775,0.49608,0.49715,6897517.8,1776407219999,3428438.00616100,830,6895722.6,3427545.30484800,0
1776407220000,0.49715,0.49778,0.49393,0.49393,3145429.4,1776407399999,1556378.28089700,563,462.3,230.01397100,0
1776407400000,0.49393,0.49457,0.49363,0.49457,1189640.4,1776407579999,587421.40337400,516,1941.2,959.33869100,0
1776407580000,0.49458,0.49554,0.49427,0.49509,74289.4,1776407759999,36797.53628000,444,72435.3,35879.74080200,0
1776407760000,0.4951,0.49546,0.4938,0.49478,3811.2,1776407939999,1885.80822300,348,106.2,52.61785200,0
1776407940000,0.49478,0.49649,0.4947,0.49649,3613.6,1776408119999,1791.81386500,376,2431.9,1206.28601800,0
1776408120000,0.49649,0.49754,0.4938,0.49754,3704.9,1776408299999,1840.20700600,411,2795.1,1388.98731700,0
1776408300000,0.49755,0.50039,0.49755,0.50039,28469041.0,1776408479999,14197955.96692600,1166,28249042.7,14088064.19807500,0
1776408480000,0.50047,0.50089,0.49913,0.50089,768569.9,1776408659999,384757.95570700,405,765630.5,383288.20811900,0
1776408660000,0.50089,0.50094,0.49862,0.499,3971.0,1776408839999,1983.10145100,377,304.4,152.47569200,0
1776408840000,0.49897,0.5008,0.49822,0.50049,3801.1,1776409019999,1898.05714200,417,0,0,0
1776409020000,0.50039,0.50144,0.49976,0.50144,4000.4,1776409199999,2004.07555000,434,2193.3,1099.36491000,0
1776409200000,0.50144,0.50252,0.49822,0.50252,13027950.7,1776409379999,6538573.81998300,820,13026912.8,6538053.63547300,0
1776409380000,0.50252,0.50285,0.50212,0.50212,860020.7,1776409559999,432348.90611200,451,857619.2,431142.17796800,0
1776409560000,0.50211,0.50277,0.49901,0.49934,4218.3,1776409739999,2110.47171100,442,205.7,103.41978900,0
1776409740000,0.499,0.50139,0.49888,0.5009,3755.2,1776409919999,1876.59219600,377,0,0,0
1776409920000,0.5008,0.50243,0.49882,0.49937,4038.2,1776410099999,2022.31249800,372,0,0,0
1776410100000,0.49937,0.50099,0.4985,0.50099,3778.2,1776410279999,1886.50761500,385,0,0,0
1776410280000,0.50099,0.50291,0.50078,0.50291,338860.8,1776410459999,170403.04752700,372,335431.0,168681.52425000,0
1776410460000,0.50291,0.50347,0.5022,0.5022,4028086.2,1776410639999,2026546.58023300,596,4025817.0,2025405.25040600,0
1776410640000,0.5022,0.50359,0.502,0.50359,434916.5,1776410819999,218991.22597600,441,432014.3,217532.93577600,0
1776410820000,0.50352,0.50375,0.50342,0.5037,838887.7,1776410999999,422520.85569900,475,836531.2,421334.12431200,0
1776411000000,0.5037,0.50379,0.50328,0.50366,5532.1,1776411179999,2786.17267400,344,2511.7,1265.30432800,0
1776411180000,0.50372,0.51161,0.50328,0.51055,39263681.5,1776411359999,19946886.36136400,917,39259016.3,19944510.67478600,0
1776411360000,0.51003,0.51177,0.5088,0.51148,199734.2,1776411539999,102180.91991400,323,196935.1,100753.97240300,0
1776411540000,0.51147,0.51154,0.5067,0.50949,9416692.5,1776411719999,4779672.33835500,668,224363.0,114199.94736800,0
1776411720000,0.50989,0.51254,0.50946,0.51254,7328528.1,1776411899999,3753715.63762000,545,7324512.4,3751667.39053500,0
1776411900000,0.51254,0.5153,0.51254,0.5153,18398932.7,1776412079999,9456505.98853900,993,18398901.5,9456489.98793100,0
1776412080000,0.5153,0.51747,0.51524,0.51611,9473885.9,1776412259999,4891601.35257900,621,9168258.1,4733891.35717400,0
1776412260000,0.51611,0.51753,0.51557,0.51721,660341.0,1776412439999,341495.09884900,486,418346.9,216450.96514000,0
1776412440000,0.51708,0.51799,0.51569,0.51748,3313524.4,1776412619999,1715752.52221000,574,3310476.9,1714176.64064200,0
1776412620000,0.51746,0.51934,0.51566,0.51794,6751162.9,1776412799999,3503420.80009500,620,6749168.5,3502387.47416300,0
1776412800000,0.51934,0.522,0.51906,0.522,24348997.7,1776412979999,12676601.68311600,1009,24348323.3,12676250.92727000,0
1776412980000,0.522,0.53579,0.522,0.53342,57054423.3,1776413159999,30052775.83170500,1201,47639531.6,25048922.04263600,0
1776413160000,0.53339,0.53339,0.52788,0.52788,16156838.8,1776413339999,8559256.43890900,759,3258466.7,1724097.12287300,0
1776413340000,0.52788,0.52977,0.52641,0.52757,10812668.5,1776413519999,5702298.29737300,787,1607055.8,850052.37418300,0
1776413520000,0.52757,0.53005,0.52686,0.5288,4100.4,1776413699999,2167.40709000,382,507.1,268.70347800,0
1776413700000,0.52869,0.53295,0.52863,0.53295,28369255.9,1776413879999,15075945.76133700,869,28368382.2,15075481.12064000,0
1776413880000,0.53296,0.53489,0.53217,0.53489,2702386.6,1776414059999,1444883.64207500,613,2700912.3,1444098.32443300,0
1776414060000,0.53489,0.54285,0.53489,0.54186,89842940.3,1776414239999,48391146.72830200,1309,89841070.9,48390134.01543700,0
1776414240000,0.54186,0.54461,0.53909,0.54461,15228059.6,1776414419999,8267863.07646300,780,13672625.6,7429173.85450900,0
1776414420000,0.54461,0.5481,0.54306,0.5481,33915216.6,1776414599999,18522357.71900300,938,33909154.6,18519049.61171200,0
1776414600000,0.5481,0.55163,0.54625,0.55163,27275093.2,1776414779999,15001190.00927500,796,27272922.4,15000001.63172900,0
1776414780000,0.55163,0.55892,0.55163,0.55892,42035421.3,1776414959999,23326734.40229800,1054,42032111.5,23324903.45655800,0
1776414960000,0.55892,0.55894,0.55489,0.5587,2532918.2,1776415139999,1411358.51630300,639,2004109.3,1117346.53600300,0
1776415140000,0.55865,0.5591,0.54856,0.55111,37197455.5,1776415319999,20566890.18528400,1014,6036727.1,3352097.74989600,0
1776415320000,0.55111,0.55242,0.51574,0.51574,102934188.6,1776415499999,55025640.86864800,1438,3730963.6,2057156.71083000,0
1776415500000,0.51577,0.53587,0.5035,0.53587,136918473.6,1776415679999,71143132.04592000,1639,97240320.8,50936812.47915100,0
1776415680000,0.53587,0.54457,0.53337,0.54332,54926744.7,1776415859999,29623796.36366200,992,54913085.2,29616486.21183800,0
1776415860000,0.54349,0.5538,0.54349,0.54707,97048730.8,1776416039999,53202341.15427400,1352,74448526.7,40805712.88532800,0
1776416040000,0.54707,0.5538,0.54661,0.54764,29943277.3,1776416219999,16431696.17756400,883,15773609.5,8654345.17716400,0
1776416220000,0.54764,0.55569,0.54697,0.55549,28632209.4,1776416399999,15814535.66619200,812,26803867.2,14813730.85740700,0
1776416400000,0.55549,0.55703,0.55357,0.55703,6858028.0,1776416579999,3816915.81789100,594,6028161.2,3356743.18817600,0
1776416580000,0.55703,0.55707,0.55154,0.55478,11372679.0,1776416759999,6286409.67075900,672,2009269.0,1114790.80430900,0
1776416760000,0.55478,0.55593,0.54893,0.54893,24689840.6,1776416939999,13640275.30833000,926,4421229.2,2441472.79620000,0
1776416940000,0.54893,0.55491,0.54886,0.55281,17917136.7,1776417119999,9891406.52640000,872,13479480.6,7439742.51285000,0
1776417120000,0.55281,0.56108,0.54821,0.54821,48528246.5,1776417299999,26985454.25569900,1285,21714728.1,12107907.88142400,0
1776417300000,0.54821,0.54821,0.54048,0.54124,44663418.2,1776417479999,24280596.93819100,930,229846.8,125756.33663500,0
1776417480000,0.54124,0.54129,0.53251,0.53532,34448542.1,1776417659999,18485791.57063600,766,2246.1,1204.93248700,0
1776417660000,0.53532,0.53534,0.53192,0.53192,3617152.2,1776417839999,1924828.91960200,550,1483.5,793.83713500,0
1776417840000,0.53192,0.53192,0.51932,0.51978,86382232.3,1776418019999,45478694.42960300,1496,7169.1,3767.40230200,0
1776418020000,0.51978,0.53701,0.51978,0.53077,74602827.1,1776418199999,39594565.04021500,1246,71509908.9,37959614.17388000,0
1776418200000,0.5306,0.5306,0.52149,0.52149,38447926.6,1776418379999,20197989.67072500,1197,1775479.0,934973.85823200,0
1776418380000,0.52149,0.52149,0.51764,0.51815,26261265.9,1776418559999,13648716.81945700,882,1872.6,972.24983200,0
1776418560000,0.51815,0.52028,0.51375,0.5202,46948432.7,1776418739999,24243330.40902300,1067,4216421.8,2192144.77544600,0
1776418740000,0.51994,0.5238,0.51994,0.52373,23079790.3,1776418919999,12047341.56090900,702,23076580.3,12045666.17205300,0
1776418920000,0.52373,0.53564,0.52373,0.53036,106031914.1,1776419099999,56167185.74039500,1302,92140747.9,48782969.08529100,0
1776419100000,0.53036,0.53826,0.53036,0.53632,11325331.4,1776419279999,6073528.07838300,1010,11323530.7,6072564.53335100,0
1776419280000,0.53618,0.5388,0.53468,0.5388,8629352.8,1776419459999,4647659.55414500,546,8626559.8,4646160.39473100,0
1776419460000,0.5388,0.54515,0.5388,0.53923,52540937.3,1776419639999,28452622.92164600,1103,38228310.0,20706301.82571400,0
1776419640000,0.53923,0.5412,0.53291,0.53578,52248142.6,1776419819999,28079539.68096100,1220,4717216.5,2548124.02638800,0
1776419820000,0.53578,0.54707,0.53578,0.54707,41945483.9,1776419999999,22760309.79620900,1073,41943846.5,22759421.27897700,0
1776420000000,0.54707,0.55229,0.54438,0.54725,36531298.5,1776420179999,20042283.86344300,883,32937761.8,18073867.29939000,0
1776420180000,0.54725,0.5499,0.54123,0.54201,27787892.5,1776420359999,15137420.91158400,1143,6583398.5,3606810.12371900,0
1776420360000,0.54253,0.54632,0.53812,0.53812,28036905.3,1776420539999,15151332.42692700,982,5083583.5,2759985.10403500,0
1776420540000,0.53812,0.54049,0.53277,0.5344,30880387.5,1776420719999,16517141.87697400,787,1320.4,707.80065300,0
1776420720000,0.53416,0.5361,0.53111,0.53464,20596202.8,1776420899999,11007060.09883300,860,14785927.9,7914507.09967300,0
1776420900000,0.53464,0.54005,0.53449,0.53897,17477650.9,1776421079999,9395474.74346000,867,17475578.6,9394361.22388700,0
1776421080000,0.53897,0.55037,0.53781,0.54976,95249764.1,1776421259999,51920406.84470100,1208,95248438.2,51919689.85071600,0
1776421260000,0.54962,0.55697,0.54962,0.55636,37958969.3,1776421439999,21003703.27914800,936,37922220.9,20983451.55941600,0
1776421440000,0.55636,0.55636,0.54866,0.55019,4287224.4,1776421619999,2362514.78564600,389,663.9,365.58829500,0
1776421620000,0.54995,0.55049,0.54464,0.54986,16297833.7,1776421799999,8898980.05787700,692,548601.7,300892.58290500,0
1776421800000,0.54986,0.55421,0.54861,0.55328,14878760.2,1776421979999,8215708.43588800,872,14877511.1,8215019.97737200,0
1776421980000,0.55314,0.55427,0.55133,0.55238,3851.1,1776422159999,2129.01853200,377,728.8,403.88920800,0
1776422160000,0.55223,0.55805,0.55092,0.55805,25971238.3,1776422339999,14429545.62017600,873,25968809.0,14428200.77547300,0
1776422340000,0.55805,0.55816,0.55216,0.55216,13248655.1,1776422519999,7327203.74146900,694,37563.4,20964.24122400,0
1776422520000,0.55216,0.55216,0.54274,0.54274,29073615.0,1776422699999,15952660.65520000,1171,542.2,294.74541800,0
1776422700000,0.54305,0.54448,0.54256,0.54289,103969.8,1776422879999,56423.52776600,430,1797.0,976.90407100,0
1776422880000,0.54288,0.54345,0.54101,0.54327,15934575.5,1776423059999,8640631.38966300,1011,6904455.3,3748568.02678800,0
1776423060000,0.54327,0.5447,0.54247,0.54284,3924.9,1776423239999,2133.89777000,418,1423.3,774.16386300,0
1776423240000,0.54296,0.54436,0.54019,0.54166,9617603.8,1776423419999,5197818.73137300,608,1014.0,548.90699900,0
1776423420000,0.54166,0.54478,0.54019,0.54478,5853308.0,1776423599999,3184591.76185100,646,5848015.8,3181728.72069700,0
1776423600000,0.54478,0.54559,0.54323,0.54323,11027902.3,1776423779999,6011393.76443500,678,11025344.5,6010001.52488800,0
1776423780000,0.54319,0.54344,0.5403,0.54181,8604991.2,1776423959999,4657263.04214300,691,395822.7,214178.04184500,0
1776423960000,0.54181,0.54578,0.53572,0.53586,15805425.6,1776424139999,8552397.55867400,845,2889165.3,1572120.16947800,0
1776424140000,0.53586,0.54283,0.53572,0.54283,17792009.1,1776424319999,9617867.60374000,695,17785453.4,9614347.16139500,0
1776424320000,0.54283,0.5449,0.54172,0.54172,2432074.8,1776424499999,1324481.92485500,551,2428555.2,1322571.38281300,0
1776424500000,0.5416,0.54542,0.54073,0.54542,7101179.5,1776424679999,3850923.96507400,634,2299296.3,1252682.46734000,0
1776424680000,0.54542,0.54561,0.5405,0.5412,20562700.0,1776424859999,11156451.79659700,861,100652.6,54906.39646500,0
1776424860000,0.5412,0.54536,0.53988,0.54536,26320398.6,1776425039999,14281259.22264600,825,18963773.4,10307549.58441400,0
1776425040000,0.54536,0.55535,0.54536,0.55518,75704660.0,1776425219999,41680288.63538700,1634,75702506.5,41679107.46794400,0
1776425220000,0.5552,0.56121,0.55471,0.55475,36060234.2,1776425399999,20097836.52065100,1061,32862412.7,18319224.20075000,0
1776425400000,0.55471,0.56962,0.55464,0.56896,43252129.9,1776425579999,24297376.93142500,1024,43092272.5,24207755.18864600,0
1776425580000,0.56896,0.56992,0.56798,0.56985,161261.8,1776425759999,91791.42018200,457,158670.2,90318.31841400,0
1776425760000,0.56986,0.57921,0.56796,0.57016,19396016.3,1776425939999,11091443.69112000,877,13047421.0,7453552.07674100,0
1776425940000,0.57016,0.57813,0.57016,0.57369,69637225.3,1776426119999,39998854.12868400,1375,61872495.3,35538567.85350300,0
1776426120000,0.57369,0.57942,0.57364,0.57942,19717426.8,1776426299999,11378753.23954100,866,19716568.0,11378256.91008300,0
1776426300000,0.57942,0.5854,0.57941,0.58445,27469035.0,1776426479999,15960508.81537700,784,27295038.9,15859490.20719900,0
1776426480000,0.58445,0.5854,0.57126,0.57187,53058023.2,1776426659999,30579351.44042100,1075,3392.9,1974.87329400,0
1776426660000,0.57187,0.57613,0.57041,0.57568,9818416.5,1776426839999,5621408.44370400,611,1569411.5,899398.57968300,0
1776426840000,0.57568,0.57705,0.57429,0.57705,4521643.1,1776427019999,2605790.02565000,728,4287559.2,2471313.14514000,0
1776427020000,0.57711,0.58366,0.57711,0.58174,54954113.1,1776427199999,31887179.61204800,1174,53971188.5,31315262.11285700,0
1776427200000,0.58174,0.58497,0.58127,0.58177,5801499.0,1776427379999,3392119.11068700,580,5800276.5,3391406.85975600,0
1776427380000,0.58174,0.58235,0.57758,0.57854,20137695.7,1776427559999,11673429.53824000,885,6249.0,3615.73831600,0
1776427560000,0.57842,0.58345,0.57748,0.581,10865784.7,1776427739999,6307043.79731000,692,10516302.6,6104172.62450100,0
1776427740000,0.58066,0.58114,0.57327,0.57406,41001712.6,1776427919999,23625845.14687200,1036,10129390.8,5855489.35659600,0
1776427920000,0.57406,0.57854,0.57406,0.57683,3918222.4,1776428099999,2259322.20246400,596,2114347.4,1218263.17579200,0
1776428100000,0.57692,0.58881,0.57614,0.58833,34171550.3,1776428279999,19905007.57730900,1054,34170239.4,19904243.51293200,0
1776428280000,0.58808,0.58808,0.58009,0.58271,20569211.0,1776428459999,12014353.21712600,864,10783966.0,6288934.13715500,0
1776428460000,0.58271,0.58484,0.57528,0.57553,41354481.3,1776428639999,23944218.40350000,1365,3039956.5,1776140.37835200,0
1776428640000,0.57561,0.57653,0.56753,0.56831,43698154.5,1776428819999,24939508.06620600,1152,1073.2,614.40348200,0
1776428820000,0.56774,0.57267,0.56096,0.56096,42464044.7,1776428999999,24007454.13837700,1271,7097859.3,4053953.28188500,0
1776429000000,0.56096,0.5668,0.56096,0.5668,6534306.2,1776429179999,3695153.20733200,764,6408195.0,3623794.36274900,0
1776429180000,0.5668,0.56681,0.5645,0.56524,163987.4,1776429359999,92902.60277400,455,138522.6,78514.61027800,0
1776429360000,0.56524,0.57135,0.5645,0.56756,26078545.3,1776429539999,14819348.75658600,1015,23702453.5,13473859.54515700,0
1776429540000,0.56756,0.57041,0.5653,0.567,26128953.8,1776429719999,14835137.64031100,981,13276067.1,7558437.50946400,0
1776429720000,0.56699,0.56737,0.56303,0.56303,13490050.5,1776429899999,7610632.94031400,671,1171.3,661.76449100,0
1776429900000,0.56303,0.56305,0.55366,0.55887,45950213.6,1776430079999,25622373.57196100,1331,4377316.5,2444036.19773100,0
1776430080000,0.55884,0.55952,0.54505,0.54505,59889887.9,1776430259999,33017944.12663000,1201,836920.1,468165.42442000,0
1776430260000,0.54505,0.54646,0.54337,0.54635,5920642.2,1776430439999,3221433.74974400,512,5051.9,2759.54133500,0
1776430440000,0.54635,0.54637,0.54276,0.54325,1131788.0,1776430619999,614428.55667400,424,724.8,395.15466100,0
1776430620000,0.54357,0.54471,0.53911,0.54271,28202590.7,1776430799999,15270460.83139200,862,8872039.8,4805114.86232400,0
1776430800000,0.54271,0.54387,0.54007,0.54062,9526229.5,1776430979999,5153009.14061800,607,385.3,208.47490600,0
1776430980000,0.54062,0.54581,0.54007,0.54459,5199251.6,1776431159999,2834640.18664700,579,5184678.0,2826713.92427400,0
1776431160000,0.5448,0.54581,0.53982,0.54006,20204391.6,1776431339999,10947921.68683200,584,372.4,202.13660100,0
1776431340000,0.54006,0.54854,0.54006,0.54542,21444758.1,1776431519999,11695449.99999200,558,21443664.9,11694853.05689100,0
1776431520000,0.54542,0.556,0.54542,0.556,40568299.8,1776431699999,22403377.74864000,774,40566505.3,22402395.53670100,0
1776431700000,0.556,0.55664,0.55419,0.55654,10333427.1,1776431879999,5748248.07219800,534,10328241.5,5745367.87321000,0
1776431880000,0.55664,0.55664,0.54755,0.54794,31549005.8,1776432059999,17398018.47274500,1129,301.5,165.54941100,0
1776432060000,0.54794,0.55068,0.54794,0.55058,3325.9,1776432239999,1827.81056400,406,2490.1,1368.50260800,0
1776432240000,0.55068,0.55071,0.5478,0.54853,3369.3,1776432419999,1849.46629600,355,46.5,25.60690800,0
1776432420000,0.54853,0.55266,0.54788,0.5523,19003758.2,1776432599999,10479649.48610100,699,14184846.5,7821916.65334400,0
1776432600000,0.5523,0.55443,0.5512,0.5512,5212214.8,1776432779999,2880037.49137300,686,2979220.5,1648209.06869500,0
1776432780000,0.5512,0.55144,0.54877,0.54898,15981042.2,1776432959999,8785479.69191700,726,118361.7,64961.44145400,0
1776432960000,0.54898,0.54932,0.54322,0.54322,29283925.7,1776433139999,15976944.36750300,1026,389100.7,212075.89096900,0
1776433140000,0.54322,0.54481,0.54265,0.54342,2504303.6,1776433319999,1359714.07433100,597,187950.6,102061.34226900,0
1776433320000,0.54321,0.54358,0.54052,0.54082,16070506.2,1776433499999,8703751.77890900,904,653246.3,353929.64947600,0
1776433500000,0.54104,0.54241,0.54052,0.54241,3483.5,1776433679999,1885.97069600,396,2283.5,1236.83529300,0
1776433680000,0.54243,0.54374,0.53923,0.54374,10856411.1,1776433859999,5898340.57429400,642,10853810.0,5896936.40763500,0
1776433860000,0.54374,0.54374,0.54082,0.54165,40618.7,1776434039999,22081.43881400,400,37537.3,20410.53150200,0
1776434040000,0.54207,0.5427,0.53922,0.5417,14716468.0,1776434219999,7948869.90053500,660,0,0,0
1776434220000,0.54185,0.54418,0.54059,0.54152,4304561.2,1776434399999,2341534.73063500,423,4301579.0,2339917.66736800,0
1776434400000,0.54162,0.55082,0.5415,0.54518,23413305.3,1776434579999,12778847.05342700,768,14069228.3,7663358.81803800,0
1776434580000,0.54518,0.54518,0.53667,0.53797,24436190.0,1776434759999,13178090.77476000,1207,405.9,218.67900700,0
1776434760000,0.53801,0.53831,0.53394,0.53567,21923088.1,1776434939999,11736801.47185300,747,27023.7,14447.71232800,0
1776434940000,0.53626,0.5365,0.5302,0.5302,23022352.0,1776435119999,12251787.98213600,677,913.5,487.76731700,0
1776435120000,0.5302,0.53088,0.52655,0.52658,12826377.3,1776435299999,6773388.09188100,694,54885.3,29130.91290800,0
1776435300000,0.52658,0.5283,0.52525,0.5283,10112841.0,1776435479999,5317713.08186100,516,13314.5,7015.32147300,0
1776435480000,0.5283,0.53285,0.5262,0.53079,33449554.3,1776435659999,17738074.05190700,868,33447330.6,17736895.22132600,0
1776435660000,0.53079,0.53811,0.52886,0.53694,45544589.3,1776435839999,24368036.49290400,854,45541853.7,24366581.00294900,0
1776435840000,0.53694,0.54066,0.53485,0.53996,16707285.0,1776436019999,9020898.55886700,686,16641586.5,8985668.75262600,0
1776436020000,0.53995,0.54247,0.53647,0.5371,20792179.8,1776436199999,11187029.48474800,988,1553481.7,840868.17910600,0
1776436200000,0.53717,0.54344,0.53677,0.54257,18149507.0,1776436379999,9835670.79635600,811,18148452.8,9835099.73320600,0
1776436380000,0.54257,0.54331,0.54107,0.54169,50561.4,1776436559999,27428.77002000,344,0,0,0
1776436560000,0.54169,0.54169,0.54009,0.54141,3314.1,1776436739999,1792.27697300,352,0,0,0
1776436740000,0.542,0.54671,0.5406,0.5458,32099158.2,1776436919999,17482573.90088600,772,32094937.5,17480276.31713700,0
1776436920000,0.54637,0.54824,0.543,0.54344,28625600.3,1776437099999,15612335.82051700,948,10199451.5,5581488.81387600,0
1776437100000,0.54344,0.54473,0.54244,0.54473,7705921.2,1776437279999,4183829.28616300,624,1274033.4,693356.58740700,0
1776437280000,0.54473,0.54583,0.54139,0.54273,9299400.9,1776437459999,5039718.89355800,596,1237.8,672.44144400,0
1776437460000,0.54275,0.54276,0.53139,0.53576,25754451.2,1776437639999,13880551.90293700,876,6796138.0,3635775.80930100,0
1776437640000,0.53599,0.55748,0.53599,0.55581,125109762.5,1776437819999,68640010.96519300,1631,125097293.7,68633189.68773100,0
1776437820000,0.55558,0.55751,0.54527,0.54527,12510241.9,1776437999999,6902283.45461400,620,236821.5,131948.81662200,0
1776438000000,0.54527,0.54637,0.5445,0.54559,2055370.0,1776438179999,1119546.72334700,540,38428.8,20930.53857900,0
1776438180000,0.54559,0.54781,0.54186,0.54775,39496052.3,1776438359999,21506086.04982900,1077,17864373.8,9751662.14518000,0
1776438360000,0.54775,0.54781,0.54526,0.54616,3571.3,1776438539999,1952.67701900,404,348.7,191.02134700,0
1776438540000,0.54665,0.55044,0.54544,0.5494,11276118.1,1776438719999,6185336.60515700,791,11274047.0,6184199.19651900,0
1776438720000,0.5494,0.55028,0.54793,0.54793,3468.4,1776438899999,1903.63573800,415,0,0,0
1776438900000,0.54785,0.55044,0.54351,0.54351,26052669.2,1776439079999,14215372.77304000,1156,533833.9,290608.97297200,0
1776439080000,0.54396,0.54452,0.54115,0.54115,5202359.2,1776439259999,2821991.84656100,694,125735.8,68355.65868300,0
1776439260000,0.54113,0.54149,0.5349,0.53525,34581157.5,1776439439999,18596156.11028300,1540,598281.6,322685.83809900,0
1776439440000,0.53525,0.53525,0.53198,0.5345,21121998.7,1776439619999,11279395.13210500,987,5522120.7,2949799.45505500,0
1776439620000,0.5345,0.5369,0.53282,0.53336,18536401.4,1776439799999,9926016.38666700,778,18533281.5,9924350.96250900,0
1776439800000,0.53336,0.5369,0.53301,0.5369,9786.4,1776439979999,5243.84591100,363,5883.2,3158.69008000,0
1776439980000,0.5369,0.53698,0.53484,0.5356,469112.6,1776440159999,251891.61873900,423,465650.4,250035.74854700,0
1776440160000,0.5356,0.53718,0.5347,0.53554,486951.3,1776440339999,261545.15460500,447,483839.2,259877.23260200,0
1776440340000,0.53554,0.53821,0.53476,0.53821,51059.3,1776440519999,27440.02029000,403,49433.1,26568.51304400,0
1776440520000,0.53823,0.53954,0.53811,0.53811,15721992.2,1776440699999,8474536.65398000,692,15720720.2,8473851.32364800,0
1776440700000,0.53811,0.53976,0.53683,0.53976,2613.9,1776440879999,1406.59123900,305,533.8,288.07327200,0
1776440880000,0.53976,0.53994,0.5362,0.53732,444242.6,1776441059999,238478.25957600,431,3113.5,1680.89208000,0
1776441060000,0.53732,0.53999,0.53726,0.5395,4931.9,1776441239999,2658.27468600,392,242.6,130.99185400,0
1776441240000,0.5395,0.54019,0.53836,0.5389,958849.1,1776441419999,517901.91280100,476,955691.1,516199.54983200,0
1776441420000,0.5389,0.54062,0.5389,0.53934,1540482.1,1776441599999,832498.37703400,475,1537365.6,830816.49529100,0
1776441600000,0.53934,0.54062,0.53476,0.53476,21205630.6,1776441779999,11380530.31928400,655,120.4,64.70865500,0
1776441780000,0.53476,0.53575,0.53442,0.53534,268810.3,1776441959999,143745.94257100,432,6200.8,3318.02418600,0
1776441960000,0.53552,0.53594,0.53427,0.53594,4716.9,1776442139999,2524.77638100,425,2466.0,1321.02181300,0
1776442140000,0.53594,0.54313,0.53594,0.54313,28563784.9,1776442319999,15424275.40689000,987,28561822.5,15423211.22443400,0
1776442320000,0.54313,0.54935,0.5429,0.54869,40717723.9,1776442499999,22244974.00391900,1285,40708552.4,22239960.28134800,0
1776442500000,0.54869,0.55133,0.54473,0.55025,22757527.4,1776442679999,12505203.41168700,869,18839910.3,10365918.22401500,0
1776442680000,0.54998,0.55071,0.54305,0.54319,7934237.4,1776442859999,4320804.08927900,922,129275.0,70595.19115400,0
1776442860000,0.54314,0.54819,0.54279,0.54789,24017090.0,1776443039999,13116247.53464900,823,19967625.9,10917764.06860100,0
1776443040000,0.54809,0.55049,0.5475,0.55049,17162626.9,1776443219999,9431761.89087400,928,13193957.1,7251173.68263600,0
1776443220000,0.5505,0.55416,0.5505,0.55416,20700110.9,1776443399999,11436322.54324900,1124,20698943.7,11435678.34773500,0
1776443400000,0.55416,0.5617,0.55416,0.5617,52817488.4,1776443579999,29474813.62786000,1335,52817042.2,29474565.24914500,0
1776443580000,0.5617,0.5647,0.5617,0.56263,3407892.8,1776443759999,1923013.92315100,723,3404866.1,1921308.32044800,0
1776443760000,0.56216,0.56471,0.55913,0.55913,7858283.2,1776443939999,4400119.40873300,579,22039.1,12445.67104900,0
1776443940000,0.55925,0.563,0.55887,0.56134,6982130.4,1776444119999,3906524.43976600,557,1294626.5,724046.57292400,0
1776444120000,0.56061,0.56334,0.56,0.56106,466071.0,1776444299999,262024.08173500,448,462951.6,260272.04857700,0
1776444300000,0.56106,0.5621,0.55818,0.56036,6341523.5,1776444479999,3542996.54405900,607,1542.8,863.30276400,0
1776444480000,0.56036,0.56436,0.55818,0.56436,17335096.5,1776444659999,9752115.74463700,714,17333720.1,9751344.30463400,0
1776444660000,0.56436,0.56557,0.56436,0.56534,1367578.2,1776444839999,771906.99484600,344,1366906.6,771527.66957200,0
1776444840000,0.56557,0.56558,0.56067,0.56067,5328760.9,1776445019999,2991457.20460100,469,886.1,497.48684500,0
1776445020000,0.56066,0.56194,0.55989,0.56194,4157871.8,1776445199999,2329899.45779600,470,1588.7,891.35985100,0
1776445200000,0.56194,0.56506,0.56194,0.56424,22718570.6,1776445379999,12815282.12936300,891,22717007.6,12814400.64304200,0
1776445380000,0.56424,0.56897,0.56213,0.56897,24130502.9,1776445559999,13683587.05279300,958,24129013.5,13682747.63641600,0
1776445560000,0.56897,0.57135,0.56492,0.56492,25098029.6,1776445739999,14254636.45470500,865,11081162.5,6320406.81330300,0
1776445740000,0.56492,0.56924,0.56387,0.56805,7535100.5,1776445919999,4257122.15989400,559,986681.1,560872.86755900,0
1776445920000,0.56805,0.56979,0.56599,0.56604,4320046.3,1776446099999,2449836.26632400,602,376707.4,214542.86468300,0
1776446100000,0.56604,0.56908,0.56501,0.56899,9587970.4,1776446279999,5437351.32737000,669,5286910.4,3004715.24879300,0
1776446280000,0.56899,0.56993,0.56761,0.56761,2484839.6,1776446459999,1415162.13908800,577,2235956.3,1273529.02886000,0
1776446460000,0.56761,0.57319,0.56741,0.57319,44771614.8,1776446639999,25607983.37087800,1019,44523503.5,25465962.65449700,0
1776446640000,0.57319,0.5742,0.5719,0.5742,1336836.3,1776446819999,767074.99323300,478,861458.6,494302.53001800,0
1776446820000,0.5742,0.57549,0.57384,0.57482,6255878.6,1776446999999,3596627.55201500,755,5217316.6,2999912.76301300,0
1776447000000,0.57482,0.57666,0.57463,0.57666,107364.5,1776447179999,61699.08643500,376,1710.7,985.30142300,0
1776447180000,0.57669,0.57887,0.57463,0.57887,25132.0,1776447359999,14499.47728800,362,20198.3,11662.13795900,0
1776447360000,0.57887,0.58473,0.57716,0.58473,27127448.9,1776447539999,15756598.37525800,989,26920258.4,15635923.61319600,0
1776447540000,0.58474,0.58805,0.57978,0.57978,51417133.3,1776447719999,30052946.75747700,1206,29769194.2,17465618.48814900,0
1776447720000,0.57978,0.57978,0.57183,0.57195,36770923.6,1776447899999,21181836.41502600,954,1283539.2,739046.20294700,0
1776447900000,0.57195,0.57982,0.57195,0.57982,30748104.9,1776448079999,17753831.90386200,865,30588373.7,17662022.40128000,0
1776448080000,0.57982,0.57982,0.57267,0.57331,18552487.8,1776448259999,10660608.87352200,753,223560.1,129286.68008900,0
1776448260000,0.57331,0.57889,0.57267,0.5788,6112912.4,1776448439999,3527798.61793700,512,6111563.8,3527020.83106700,0
1776448440000,0.5788,0.5793,0.57631,0.5778,2625301.5,1776448619999,1520360.74451300,541,2622058.3,1518488.53998700,0
1776448620000,0.5778,0.57937,0.57559,0.57661,4179.6,1776448799999,2415.04466200,388,971.4,562.79391900,0
1776448800000,0.57652,0.57702,0.57295,0.57477,19581284.7,1776448979999,11242367.67076100,735,1441.5,827.87893100,0
1776448980000,0.57477,0.57579,0.57295,0.57488,3349.1,1776449159999,1924.56097400,380,1242.6,714.47765400,0
1776449160000,0.57475,0.58153,0.57464,0.57978,28599433.8,1776449339999,16533556.53832500,988,28594140.6,16530492.12001500,0
1776449340000,0.57972,0.58169,0.57925,0.58101,789570.5,1776449519999,459206.95951700,359,785424.7,456803.86048600,0
1776449520000,0.58101,0.58198,0.57936,0.57936,2864489.3,1776449699999,1666780.07861700,455,2861718.3,1665170.93906200,0
1776449700000,0.57936,0.57936,0.5758,0.5758,15383593.4,1776449879999,8873589.72274600,855,616.2,355.10961900,0
1776449880000,0.5758,0.58311,0.57562,0.58116,34313903.7,1776450059999,19882832.53763300,781,34107543.4,19764040.54151000,0
1776450060000,0.58112,0.58311,0.57759,0.57773,12343631.2,1776450239999,7147674.66552600,600,70999.8,41373.04943700,0
1776450240000,0.57783,0.57787,0.57498,0.57498,12987766.7,1776450419999,7488398.42483900,795,578.1,332.91562100,0
1776450420000,0.57498,0.57498,0.57104,0.57185,24126231.3,1776450599999,13824189.27640400,672,6921.6,3961.97487600,0
1776450600000,0.57185,0.57302,0.57104,0.57249,6487.7,1776450779999,3713.16631500,376,5589.3,3199.56010700,0
1776450780000,0.57267,0.57297,0.57102,0.57102,5582.0,1776450959999,3192.15086700,354,1333.7,764.00428700,0
1776450960000,0.57102,0.57235,0.56978,0.56978,9111.8,1776451139999,5201.29781400,382,0,0,0
1776451140000,0.56978,0.57302,0.5687,0.5689,5972736.7,1776451319999,3399778.74607600,580,9697.9,5554.35716300,0
1776451320000,0.5689,0.57022,0.56775,0.56879,7686520.4,1776451499999,4367566.76633200,620,1029.6,586.04634800,0
1776451500000,0.56855,0.57024,0.56682,0.56989,4708.5,1776451679999,2678.43383200,352,1785.8,1018.29989400,0
1776451680000,0.56997,0.57092,0.5679,0.56885,272892.3,1776451859999,155778.33714100,419,270929.9,154660.60186600,0
1776451860000,0.5684,0.57558,0.56738,0.57265,16724442.9,1776452039999,9563787.81770500,576,16720470.1,9561517.07767800,0
1776452040000,0.57265,0.57265,0.56657,0.56716,14775265.3,1776452219999,8427729.71035700,738,1027.5,584.36602400,0
1776452220000,0.56718,0.56821,0.56645,0.56645,4394.1,1776452399999,2491.50056500,355,1033.9,586.77318100,0
1776452400000,0.56645,0.56823,0.56467,0.56494,12531634.1,1776452579999,7082406.43525100,789,805.6,455.55530300,0
1776452580000,0.56494,0.5657,0.56422,0.56422,1972687.5,1776452759999,1113588.72772000,480,1234.6,697.68350300,0
1776452760000,0.5657,0.56598,0.56345,0.56598,6047.8,1776452939999,3418.04312700,348,3328.2,1882.99810300,0
1776452940000,0.566,0.57014,0.56595,0.57012,24814996.6,1776453119999,14098436.48587800,822,24768228.5,14071844.76907400,0
1776453120000,0.5701,0.57014,0.56861,0.56861,56332.5,1776453299999,32115.48358200,318,54025.1,30801.87051400,0
1776453300000,0.56861,0.57034,0.56641,0.56689,8480348.8,1776453479999,4809140.53641600,644,496560.5,283174.82706000,0
1776453480000,0.56689,0.56876,0.56605,0.56605,471859.7,1776453659999,267827.48185000,472,41410.6,23530.02370200,0
1776453660000,0.56603,0.56745,0.56396,0.564,13944517.9,1776453839999,7879954.02578100,957,324.3,183.64986700,0
1776453840000,0.564,0.564,0.56241,0.56306,7878226.5,1776454019999,4436729.36316600,840,1318.4,742.30341900,0
1776454020000,0.56306,0.56306,0.5624,0.56281,42962.4,1776454199999,24164.29235400,383,3180.9,1790.99537900,0
1776454200000,0.56281,0.56306,0.56208,0.56208,1390556.4,1776454379999,781807.69368100,527,2587.5,1456.08230400,0
1776454380000,0.56208,0.5647,0.56202,0.56202,4440.1,1776454559999,2501.32146800,398,3415.3,1924.43736800,0
1776454560000,0.56202,0.5647,0.56114,0.56267,3643.6,1776454739999,2046.92834200,408,53.0,29.92910000,0
1776454740000,0.56251,0.56579,0.56251,0.5655,6316631.3,1776454919999,3572314.86109100,532,6314578.9,3571156.58472200,0
1776454920000,0.5655,0.56656,0.56463,0.56463,4940983.2,1776455099999,2798215.68019500,590,4938284.3,2796688.70152600,0
1776455100000,0.56463,0.56463,0.559,0.559,12018007.4,1776455279999,6740144.26256300,785,492.6,275.84326600,0
1776455280000,0.55888,0.56011,0.55801,0.55801,839910.2,1776455459999,468729.20293000,513,1994.5,1116.15193700,0
1776455460000,0.55801,0.56064,0.55789,0.56064,1256851.6,1776455639999,701261.70036400,508,2359.0,1319.45834500,0
1776455640000,0.56064,0.56109,0.55779,0.55882,5182.2,1776455819999,2898.15773300,437,1083.3,607.59528800,0
1776455820000,0.55882,0.55924,0.55778,0.55856,4420.2,1776455999999,2468.63188800,399,0,0,0
1776456000000,0.55836,0.56109,0.55748,0.55769,6603.1,1776456179999,3691.36804100,383,1404.5,788.05090500,0
1776456180000,0.55774,0.56109,0.55678,0.55743,18084.2,1776456359999,10113.94833700,386,8884.8,4985.17243200,0
1776456360000,0.5588,0.55984,0.55686,0.55742,3378.5,1776456539999,1885.29595200,419,184.6,103.31564500,0
1776456540000,0.55742,0.56109,0.55636,0.55788,6643.4,1776456719999,3715.85504600,416,3592.4,2014.68209700,0
1776456720000,0.55788,0.56109,0.55636,0.55956,13832.2,1776456899999,7749.62989800,441,10631.6,5964.01582100,0
1776456900000,0.55956,0.56113,0.55956,0.56037,5152.6,1776457079999,2888.53717500,391,1147.2,643.67372400,0
1776457080000,0.56037,0.56113,0.55828,0.55828,3426.5,1776457259999,1917.66653300,407,32.2,18.06838600,0
1776457260000,0.55825,0.55825,0.55669,0.55669,6642.5,1776457439999,3700.33547700,425,259.3,144.51307600,0
1776457440000,0.55662,0.55665,0.55575,0.55639,9619469.5,1776457619999,5349459.24157500,777,1184.9,658.89736200,0
1776457620000,0.55614,0.55726,0.55587,0.55587,3369.6,1776457799999,1875.82338600,420,1580.5,880.15985800,0
1776457800000,0.55643,0.55643,0.55442,0.55483,5412259.9,1776457979999,3004717.35930400,664,732.5,406.44114100,0
1776457980000,0.55488,0.55678,0.55442,0.55678,11545608.3,1776458159999,6423046.11484800,519,11539124.7,6419440.21066700,0
1776458160000,0.55678,0.56305,0.55678,0.56056,21768410.0,1776458339999,12193645.71722200,619,21741979.8,12178795.43214200,0
1776458340000,0.56056,0.56321,0.56019,0.56077,28904.4,1776458519999,16249.48141000,320,17451.7,9828.62066900,0
1776458520000,0.56077,0.56606,0.55951,0.56468,15474795.9,1776458699999,8718057.17454000,663,13291285.6,7495844.16008300,0
1776458700000,0.56468,0.56616,0.56433,0.56433,4573738.5,1776458879999,2584527.36849300,600,4568929.1,2581809.12023000,0
1776458880000,0.56431,0.56616,0.56175,0.5632,3341.6,1776459059999,1880.61105300,417,32.0,18.11712000,0
1776459060000,0.56297,0.56706,0.56297,0.56431,5082319.5,1776459239999,2879232.52854800,578,5079511.9,2877644.63439200,0
1776459240000,0.56431,0.56706,0.56329,0.56329,202947.4,1776459419999,114340.29278400,446,460.7,261.24454200,0
1776459420000,0.56329,0.56706,0.5623,0.56365,96454.0,1776459599999,54660.38250600,417,88388.2,50121.41269200,0
1776459600000,0.56365,0.56706,0.56124,0.56225,9354128.1,1776459779999,5254906.34626400,606,5408.5,3062.27517600,0
1776459780000,0.5622,0.56355,0.56161,0.56206,3492.3,1776459959999,1964.98498600,417,1187.2,668.12203300,0
1776459960000,0.56225,0.56446,0.56153,0.56446,3480.4,1776460139999,1960.08172100,422,1989.3,1120.90146700,0
1776460140000,0.56446,0.56662,0.56372,0.56372,14705078.5,1776460319999,8314048.03262600,774,14702782.0,8312749.55518200,0
1776460320000,0.56365,0.56662,0.5633,0.565,4392.5,1776460499999,2480.70338900,425,2375.4,1343.44511400,0
1776460500000,0.565,0.565,0.56289,0.56289,2514344.4,1776460679999,1415849.76329500,612,112305.5,63266.07218400,0
1776460680000,0.56289,0.5659,0.56263,0.5659,16476588.5,1776460859999,9310914.21566300,797,15518290.8,8771628.14345700,0
1776460860000,0.5659,0.5673,0.5659,0.56699,7686040.0,1776461039999,4356735.25519900,674,7683756.3,4355440.66529100,0
1776461040000,0.56699,0.57162,0.56656,0.5716,18643406.4,1776461219999,10641227.03500500,836,18642138.4,10640504.34749000,0
1776461220000,0.57154,0.573,0.57071,0.573,14914.8,1776461399999,8525.87421500,434,12931.3,7392.63604200,0
1776461400000,0.573,0.57349,0.57071,0.5724,4385.9,1776461579999,2509.96796600,436,1745.5,1000.30496700,0
1776461580000,0.5724,0.57652,0.571,0.57531,19652645.4,1776461759999,11275861.84897200,1094,18173124.3,10427910.31950100,0
1776461760000,0.57542,0.57712,0.57156,0.57156,18095144.5,1776461939999,10418100.35402100,889,8317290.6,4792500.52529600,0
1776461940000,0.57227,0.57406,0.57156,0.57315,1125801.9,1776462119999,646155.75069200,406,1123607.6,644899.79980500,0
1776462120000,0.57278,0.57472,0.57156,0.5742,4934050.8,1776462299999,2834391.78653200,473,4923837.9,2828524.79433000,0
1776462300000,0.5742,0.58095,0.57156,0.58095,73064117.0,1776462479999,42090218.63207900,1368,64354581.5,37098997.22206100,0
1776462480000,0.58095,0.58505,0.57156,0.58353,90594665.4,1776462659999,52378715.84613100,1317,67526669.9,38964822.32600200,0
1776462660000,0.58339,0.58623,0.57156,0.58542,92294364.8,1776462839999,53317735.98397800,1313,64142026.9,36878736.32859900,0
1776462840000,0.58542,0.58756,0.57156,0.58345,98170771.7,1776463019999,57024116.86680500,1478,49972024.8,28809089.61571400,0
1776463020000,0.58345,0.585,0.57156,0.5716,36880593.9,1776463199999,21452746.36330900,713,4807577.5,2757681.32809300,0
1776463200000,0.5716,0.58758,0.57156,0.58758,37596989.7,1776463379999,21916890.53934100,988,11314030.8,6614269.22535800,0
1776463380000,0.58758,0.58822,0.57156,0.58822,39950686.1,1776463559999,23314793.96137700,1027,14501606.2,8449512.54748900,0
1776463560000,0.58822,0.59134,0.58822,0.58883,26591697.9,1776463739999,15673623.15261500,993,26589943.6,15672588.37615200,0
1776463740000,0.58883,0.59134,0.58504,0.58609,13485560.8,1776463919999,7910082.26064200,781,173382.0,101566.86894700,0
1776463920000,0.58609,0.58767,0.58504,0.58748,294760.7,1776464099999,173191.59535200,494,292466.5,171846.43942100,0
1776464100000,0.58762,0.5879,0.58573,0.58753,1137737.6,1776464279999,668739.55486300,486,1134773.5,667000.36858700,0
1776464280000,0.5879,0.5879,0.58596,0.58727,3663.1,1776464459999,2149.69455300,430,39.4,23.16326000,0
1776464460000,0.58788,0.59046,0.58751,0.59016,8617766.5,1776464639999,5076656.74520700,798,8616011.3,5075622.83195600,0
1776464640000,0.59016,0.59775,0.59015,0.59586,50057105.0,1776464819999,29737284.70411100,1181,50044407.8,29729724.07427800,0
1776464820000,0.59586,0.59775,0.59395,0.59497,5725.8,1776464999999,3411.55538000,481,938.5,560.98837500,0
1776465000000,0.59472,0.59775,0.59021,0.59021,15170754.5,1776465179999,8985030.18775700,1127,75.0,44.55209700,0
1776465180000,0.59035,0.59114,0.59013,0.59073,112230.4,1776465359999,66313.94296900,394,81382.5,48107.47575600,0
1776465360000,0.59114,0.59316,0.59022,0.59202,26509.5,1776465539999,15674.17504000,422,24610.1,14549.04753600,0
1776465540000,0.59202,0.59604,0.59202,0.59545,14243429.8,1776465719999,8471751.24829500,706,14241230.4,8470443.49181200,0
1776465720000,0.59551,0.59627,0.59492,0.59492,1569981.7,1776465899999,935942.74804200,493,1566080.6,933618.24339300,0
1776465900000,0.5949,0.59537,0.59365,0.59365,20915.7,1776466079999,12438.64471900,433,0,0,0
1776466080000,0.59365,0.59365,0.58826,0.58826,22173115.5,1776466259999,13112955.82082800,977,1707.7,1008.81559900,0
1776466260000,0.58826,0.58847,0.58586,0.58586,16524728.6,1776466439999,9703111.01041900,1018,686.3,402.91562400,0
1776466440000,0.58586,0.58586,0.58321,0.58325,598517.9,1776466619999,350168.22265100,599,1854.4,1084.62551000,0
1776466620000,0.58325,0.58618,0.58325,0.58618,7612.1,1776466799999,4455.28083000,412,5771.4,3378.80728500,0
1776466800000,0.58618,0.58894,0.58321,0.58894,20394913.8,1776466979999,11993710.99520000,695,20393417.2,11992835.26801100,0
1776466980000,0.58894,0.58914,0.58832,0.58832,242025.4,1776467159999,142566.89870700,446,238342.0,140398.86064800,0
1776467160000,0.58832,0.58832,0.58253,0.58414,4679266.6,1776467339999,2748845.62348100,627,2765.1,1615.68547700,0
1776467340000,0.58414,0.58625,0.58262,0.58625,5303652.5,1776467519999,3106772.98535500,660,5283900.9,3095261.72925600,0
1776467520000,0.58625,0.58947,0.58625,0.58878,16511926.8,1776467699999,9701968.36826700,997,16510742.8,9701271.08295500,0
1776467700000,0.58875,0.58947,0.58545,0.58545,50456.5,1776467879999,29625.56648200,468,2358.9,1390.50078300,0
1776467880000,0.58545,0.58545,0.58306,0.58324,16648736.7,1776468059999,9727950.73540700,911,42897.7,25070.83292200,0
1776468060000,0.5834,0.58555,0.58306,0.58467,130195.5,1776468239999,75980.08228300,428,87431.7,51044.94116300,0
1776468240000,0.58503,0.58723,0.58441,0.58723,1413793.8,1776468419999,829873.95477500,465,1413046.3,829436.49276800,0
1776468420000,0.58723,0.59088,0.58655,0.58655,44062204.7,1776468599999,25929414.98904000,1347,27769155.0,16349000.78917100,0
1776468600000,0.58655,0.58688,0.58262,0.58283,18895901.2,1776468779999,11052442.40592000,1174,476.1,278.81480600,0
1776468780000,0.58283,0.58283,0.58127,0.58127,8213074.3,1776468959999,4779705.15044400,759,2032.7,1182.39111200,0
1776468960000,0.58127,0.58339,0.58127,0.58165,3527.8,1776469139999,2053.23316900,427,2067.9,1203.85699500,0
1776469140000,0.58251,0.58339,0.58121,0.58285,3469.8,1776469319999,2018.83265000,401,30.9,18.02675100,0
1776469320000,0.58285,0.58339,0.58107,0.58311,3382.1,1776469499999,1969.37443000,401,26.8,15.63485200,0
1776469500000,0.58313,0.58626,0.58107,0.58626,5566780.7,1776469679999,3262077.86615200,678,5565996.8,3261619.39945700,0
1776469680000,0.58626,0.58804,0.58626,0.58736,10161802.0,1776469859999,5961447.62444900,686,10159582.8,5960143.91114500,0
1776469860000,0.58736,0.58825,0.5857,0.5857,5014.3,1776470039999,2944.42620600,430,474.8,279.19321000,0
1776470040000,0.58563,0.58563,0.58198,0.58217,18407883.1,1776470219999,10731497.09484700,880,993.9,578.85845900,0
1776470220000,0.58223,0.58223,0.58092,0.58126,7022650.7,1776470399999,4083603.84219600,688,1263.4,734.84006900,0
1776470400000,0.58126,0.58317,0.58092,0.58133,260212.8,1776470579999,151165.13542200,350,1342.1,780.87878700,0
1776470580000,0.58133,0.58323,0.58092,0.5827,3587.9,1776470759999,2088.52324100,377,339.0,197.67468600,0
1776470760000,0.58268,0.58379,0.58092,0.58379,57093.1,1776470939999,33247.07679300,402,32850.9,19162.09833600,0
1776470940000,0.58379,0.58393,0.57802,0.57814,21946698.9,1776471119999,12725990.08630100,786,481.9,280.17096800,0
1776471120000,0.5782,0.5804,0.57792,0.5804,547093.4,1776471299999,316222.07523300,461,2850.0,1650.65451600,0
1776471300000,0.5804,0.58382,0.5804,0.58382,6292892.4,1776471479999,3667159.75580800,669,6291523.8,3666362.95538000,0
1776471480000,0.58382,0.58589,0.583,0.58589,3062338.4,1776471659999,1789336.13755100,556,3058682.4,1787201.72111800,0
1776471660000,0.58589,0.59006,0.58546,0.59006,19161278.3,1776471839999,11271969.43177700,805,19160468.3,11271494.63842400,0
1776471840000,0.59006,0.59279,0.59005,0.59257,10766045.0,1776472019999,6367961.14961300,1044,10763177.8,6366266.40032900,0
1776472020000,0.59266,0.5985,0.59083,0.59083,21703813.7,1776472199999,12906427.83319700,1000,16058750.8,9562013.61881200,0
1776472200000,0.59083,0.59568,0.58966,0.59568,15985790.2,1776472379999,9485816.26323200,854,15035486.3,8925139.72264300,0
1776472380000,0.59568,0.59637,0.59428,0.59637,360916.3,1776472559999,215094.38650600,325,358992.6,213949.50694600,0
1776472560000,0.59637,0.59879,0.59428,0.59742,10943079.4,1776472739999,6547107.60376400,617,10927255.5,6537678.04827800,0
1776472740000,0.59742,0.59742,0.5939,0.5965,698979.6,1776472919999,415158.78126100,419,1440.3,856.97318000,0
1776472920000,0.5965,0.59889,0.5939,0.59832,2397437.7,1776473099999,1435359.49039600,601,2396577.3,1434844.95030700,0
1776473100000,0.59829,0.59978,0.59798,0.59978,9568767.1,1776473279999,5734411.81239200,489,9567190.7,5733467.62939400,0
1776473280000,0.59978,0.60169,0.59978,0.60003,24850244.2,1776473459999,14930512.10938600,755,24847210.8,14928689.96168400,0
1776473460000,0.59996,0.60169,0.59972,0.59972,28530.2,1776473639999,17114.12985800,278,333.3,200.54327700,0
1776473640000,0.59972,0.60089,0.59916,0.59966,1324170.0,1776473819999,793594.13040400,446,933.2,559.95556100,0
1776473820000,0.59959,0.60676,0.5965,0.60676,25752800.3,1776473999999,15406786.75538300,1004,7413769.2,4448963.45767200,0
1776474000000,0.60676,0.60679,0.60297,0.60297,31083.3,1776474179999,18854.59551800,415,27369.6,16606.76471900,0
1776474180000,0.60259,0.61375,0.59963,0.61208,22589926.5,1776474359999,13664296.79091100,978,15924388.0,9657087.20312000,0
1776474360000,0.61208,0.6164,0.61022,0.6164,22524248.8,1776474539999,13849573.60667800,638,22520654.4,13847374.42702700,0
1776474540000,0.6164,0.62026,0.61444,0.61784,15276166.5,1776474719999,9411002.39903700,826,4508449.6,2786041.43624300,0
1776474720000,0.61784,0.62422,0.61768,0.62335,25474974.8,1776474899999,15832310.75748500,1082,25473427.6,15831349.46560200,0
1776474900000,0.62422,0.62488,0.61695,0.61695,24008701.5,1776475079999,14866280.78151400,844,57809.6,36098.38668000,0
1776475080000,0.61695,0.62305,0.61565,0.62305,13301213.1,1776475259999,8245622.27609100,773,11600822.7,7197910.39264200,0
1776475260000,0.62305,0.62712,0.61759,0.61772,25902027.8,1776475439999,16135127.51980200,1103,10199825.4,6381544.18459800,0
1776475440000,0.61772,0.61997,0.61176,0.6144,15792447.8,1776475619999,9715259.55412600,706,40208.9,24925.54682100,0
1776475620000,0.6144,0.61686,0.60556,0.60556,36715359.2,1776475799999,22394516.44569800,1297,1527021.3,940294.68312700,0
1776475800000,0.60768,0.61498,0.60556,0.61436,7328815.4,1776475979999,4496123.39936000,766,7324156.1,4493274.37646100,0
1776475980000,0.61436,0.61866,0.61436,0.61724,11662088.0,1776476159999,7194097.82164500,766,11653285.4,7188674.90140700,0
1776476160000,0.61724,0.62239,0.61649,0.62186,21075425.6,1776476339999,13081863.42651900,812,21073478.4,13080656.79723500,0
1776476340000,0.62191,0.62275,0.61222,0.61222,29128434.0,1776476519999,17963522.97093900,999,2203974.2,1372148.13204400,0
1776476520000,0.61222,0.61222,0.607,0.60901,19711752.0,1776476699999,12030758.99859300,728,456571.4,278183.96491100,0
1776476700000,0.60901,0.60939,0.60325,0.60535,13218973.6,1776476879999,7996137.75400600,669,2989.1,1819.39320600,0
1776476880000,0.60535,0.60995,0.60535,0.60852,996205.5,1776477059999,605535.57198500,445,993158.9,603679.95409800,0
1776477060000,0.60852,0.61621,0.60852,0.61621,17635568.1,1776477239999,10802775.63056200,855,17634939.4,10802389.86368700,0
1776477240000,0.61621,0.61692,0.59675,0.60202,50614120.4,1776477419999,30640682.29475600,1081,5855609.7,3523697.30510900,0
1776477420000,0.60202,0.60841,0.60192,0.60841,14314999.7,1776477599999,8674940.85163000,946,13595203.0,8241490.90477200,0
1776477600000,0.60841,0.61353,0.60788,0.61129,41561829.0,1776477779999,25358010.11615300,1138,27477577.5,16779603.47559200,0
1776477780000,0.61129,0.61512,0.60949,0.61083,18986435.0,1776477959999,11624010.90643800,883,6026778.4,3700987.37329000,0
1776477960000,0.61083,0.6155,0.61083,0.61417,3458617.3,1776478139999,2127299.10763600,548,3425799.9,2107116.26485700,0
1776478140000,0.61417,0.61766,0.61417,0.61669,272203.8,1776478319999,167928.44828100,469,270819.0,167074.76653900,0
1776478320000,0.61676,0.61785,0.61415,0.61735,105189.3,1776478499999,64969.47466200,389,102572.8,63356.27833600,0
1776478500000,0.61747,0.61796,0.61502,0.61737,47685.8,1776478679999,29462.46460900,344,44918.2,27755.40632500,0
1776478680000,0.61737,0.61868,0.61637,0.61751,125282.5,1776478859999,77421.36525300,442,122985.5,76003.25348900,0
1776478860000,0.61751,0.61952,0.61637,0.61918,54455.5,1776479039999,33708.02512700,407,52623.1,32574.60400000,0
1776479040000,0.61918,0.62515,0.61918,0.62515,39649008.8,1776479219999,24659716.64379400,1418,39648394.7,24659334.17931200,0
1776479220000,0.62515,0.62703,0.62471,0.62471,9234536.7,1776479399999,5783164.37033900,754,9231346.9,5781167.51891300,0
1776479400000,0.62471,0.62703,0.61904,0.62085,20601967.3,1776479579999,12802523.55421800,778,1270.9,788.21691200,0
1776479580000,0.62081,0.62099,0.61893,0.61972,7171.3,1776479759999,4442.03657300,412,521.8,323.81244700,0
1776479760000,0.61972,0.621,0.61834,0.61958,44314.5,1776479939999,27515.51228800,394,41370.1,25690.49790200,0
1776479940000,0.6203,0.62376,0.61589,0.61593,32317004.4,1776480119999,20023008.31840900,1030,13880146.2,8643078.63160200,0
1776480120000,0.61593,0.61768,0.61337,0.61442,2478881.1,1776480299999,1523602.82958300,599,982.4,606.65480100,0
1776480300000,0.61442,0.61531,0.61073,0.61073,16540604.3,1776480479999,10120243.73220300,934,1543.1,944.72578600,0
1776480480000,0.61073,0.61073,0.59008,0.59008,94683512.0,1776480659999,56840845.60090000,1794,487.9,292.48127900,0
1776480660000,0.59008,0.59911,0.58677,0.59911,33334183.9,1776480839999,19769123.23120800,1073,18226773.0,10870449.46228600,0
1776480840000,0.59911,0.60746,0.59608,0.59615,56636103.1,1776481019999,34049703.97603500,1413,31102665.6,18739392.08526700,0
1776481020000,0.59615,0.59737,0.58743,0.59737,58530310.4,1776481199999,34723269.86149300,1229,23208774.4,13786108.11706100,0
1776481200000,0.59737,0.60134,0.59721,0.60134,18690901.6,1776481379999,11207142.75646700,1146,18619003.3,11164030.91895000,0
1776481380000,0.60134,0.60446,0.60134,0.60326,14494055.0,1776481559999,8742033.88221800,628,14490785.2,8740060.34117300,0
1776481560000,0.60326,0.60492,0.5964,0.59835,19334734.3,1776481739999,11647068.43772600,798,9390256.2,5678700.67116500,0
1776481740000,0.59835,0.60018,0.59481,0.5958,8784129.2,1776481919999,5237014.53672600,940,499866.8,299615.92160100,0
1776481920000,0.59598,0.596,0.59002,0.59257,15271167.0,1776482099999,9048751.70272700,774,1130.9,671.57177700,0
1776482100000,0.59257,0.59681,0.59257,0.59681,6616106.6,1776482279999,3939729.10599500,692,6513576.8,3878747.34120400,0
1776482280000,0.59681,0.59957,0.59561,0.59561,9016466.7,1776482459999,5388878.37197000,716,9013950.7,5387375.51811400,0
1776482460000,0.59561,0.59593,0.59317,0.59317,14392779.4,1776482639999,8555316.93528200,736,2385.1,1419.00354900,0
1776482640000,0.59317,0.59458,0.59147,0.59458,9741605.3,1776482819999,5771214.13240000,625,2074.6,1231.09562000,0
1776482820000,0.59458,0.59985,0.59458,0.5984,21442057.5,1776482999999,12787892.61875700,1081,21421064.3,12775325.80749900,0
1776483000000,0.5984,0.60377,0.59838,0.60289,21408906.3,1776483179999,12887395.99168600,1045,21408130.5,12886928.40777500,0
1776483180000,0.60282,0.60603,0.60199,0.60199,7739518.0,1776483359999,4682030.67327700,509,7715293.3,4667426.21000900,0
1776483360000,0.60199,0.60609,0.60183,0.60516,3418.6,1776483539999,2065.15302100,380,547.2,331.37228600,0
1776483540000,0.60516,0.60822,0.60516,0.60822,7527083.8,1776483719999,4568786.47547500,780,7525486.6,4567817.20083300,0
1776483720000,0.60822,0.61766,0.6079,0.61483,29196405.5,1776483899999,17868117.64468500,1027,28782399.0,17613580.80098400,0
1776483900000,0.61483,0.61606,0.61103,0.61135,15761052.5,1776484079999,9656170.08040700,793,570878.4,351193.32237400,0
1776484080000,0.61135,0.61606,0.61096,0.61502,3547945.1,1776484259999,2184041.99724400,555,3342085.1,2058250.74505500,0
1776484260000,0.61496,0.61496,0.61076,0.61249,1616994.6,1776484439999,988537.22883100,590,2026.9,1239.39138100,0
1776484440000,0.61242,0.61296,0.60585,0.60585,30374258.3,1776484619999,18484070.09295500,1341,635.7,387.96889800,0
1776484620000,0.60585,0.60592,0.60046,0.60592,37194306.4,1776484799999,22475923.83151400,1016,19312635.7,11671370.76415600,0
1776484800000,0.60572,0.60824,0.60572,0.60824,3430005.3,1776484979999,2079115.34668500,616,3429072.7,2078549.77931000,0
1776484980000,0.60828,0.61318,0.60828,0.6129,26953397.9,1776485159999,16449906.84204000,961,26914401.5,16426068.13996600,0
1776485160000,0.61281,0.6144,0.61205,0.61394,10609.1,1776485339999,6499.76188200,463,1322.0,811.47731300,0
1776485340000,0.61394,0.6144,0.60403,0.60403,33749869.1,1776485519999,20502806.63639900,1241,2020.4,1239.26622000,0
1776485520000,0.60403,0.60403,0.59641,0.59643,30958158.5,1776485699999,18606437.71454700,1029,14683.8,8788.39194800,0
1776485700000,0.59641,0.59881,0.59641,0.59881,20462.6,1776485879999,12208.77668400,435,2555.1,1526.50492400,0
1776485880000,0.59881,0.60008,0.59641,0.60008,5207690.9,1776486059999,3123260.24901900,514,5199327.0,3118268.62315600,0
1776486060000,0.60008,0.6007,0.59458,0.59583,15087357.7,1776486239999,8981858.75777600,716,2008.4,1197.68406100,0
1776486240000,0.59583,0.59788,0.59458,0.59788,92602.7,1776486419999,55336.19876200,450,90989.8,54374.15734400,0
1776486420000,0.59788,0.60019,0.5964,0.60019,5886047.4,1776486599999,3529011.15141900,640,5884169.9,3527889.76321800,0
1776486600000,0.6002,0.60741,0.59966,0.60741,40921317.3,1776486779999,24726756.68157500,1309,40715202.6,24601946.40312000,0
1776486780000,0.60741,0.60812,0.60537,0.60579,1727503.6,1776486959999,1049915.91369800,565,1559256.1,947677.83402300,0
1776486960000,0.60554,0.61222,0.60554,0.61199,28791938.9,1776487139999,17558327.03207600,825,28691357.7,17496831.17411000,0
1776487140000,0.61184,0.61222,0.60593,0.60874,11180546.4,1776487319999,6803838.97126900,715,14240.9,8697.17016200,0
1776487320000,0.60874,0.61009,0.60494,0.60665,10075918.1,1776487499999,6105964.68884500,784,712758.3,434546.10578800,0
1776487500000,0.60665,0.60916,0.60452,0.60916,7409263.1,1776487679999,4490729.72865000,607,4654879.2,2822925.50114400,0
1776487680000,0.60908,0.61287,0.6084,0.61149,13994069.0,1776487859999,8559096.51729200,583,13992453.4,8558111.09588400,0
1776487860000,0.61149,0.61149,0.60751,0.60772,3964858.1,1776488039999,2410082.27979300,404,315.4,191.65068800,0
1776488040000,0.60759,0.61265,0.60661,0.61239,20448295.9,1776488219999,12482597.92032100,869,15470498.1,9460893.96551200,0
1776488220000,0.61239,0.61765,0.612,0.61386,12727759.5,1776488399999,7818077.77364600,599,12726192.9,7817114.47277200,0
1776488400000,0.61386,0.61765,0.60418,0.60493,28370902.0,1776488579999,17252423.36104200,947,879157.6,535360.79705800,0
1776488580000,0.60493,0.60493,0.5979,0.5979,33526155.3,1776488759999,20139682.19598100,1019,174927.5,104817.41274800,0
1776488760000,0.5979,0.59863,0.58533,0.58533,52863389.7,1776488939999,31246714.91219000,1260,27852.0,16642.38885100,0
1776488940000,0.58533,0.5924,0.58533,0.58589,17970097.2,1776489119999,10556389.33283000,616,8642137.8,5075927.62552200,0
1776489120000,0.58589,0.59475,0.58589,0.59475,31057812.1,1776489299999,18359360.52555200,978,31056599.4,18358643.12279100,0
1776489300000,0.59475,0.59476,0.59055,0.5913,2529798.6,1776489479999,1495509.64518000,320,32981.8,19615.92563500,0
1776489480000,0.5913,0.5948,0.5908,0.59088,2406.3,1776489659999,1424.29233600,262,304.0,180.81435500,0
1776489660000,0.59088,0.5948,0.59055,0.59117,3412.4,1776489839999,2021.70016200,388,34.8,20.69904000,0
1776489840000,0.59117,0.5936,0.59039,0.59322,3329.4,1776490019999,1970.45550900,394,0,0,0
1776490020000,0.59322,0.59483,0.59173,0.59322,13700.7,1776490199999,8144.02586800,404,10752.7,6395.70806600,0
1776490200000,0.59306,0.59483,0.58956,0.59101,10248810.9,1776490379999,6050129.01768200,664,1172.3,693.64979800,0
1776490380000,0.59101,0.59178,0.58956,0.59029,5048.9,1776490559999,2985.27521700,382,1868.1,1105.43489300,0
1776490560000,0.59029,0.59256,0.59014,0.59137,3366.3,1776490739999,1990.61535400,403,799.6,473.45378800,0
1776490740000,0.59141,0.59256,0.58956,0.59202,3556.9,1776490919999,2104.31474400,369,314.7,186.47863200,0
1776490920000,0.59202,0.59311,0.59089,0.59226,3410.0,1776491099999,2018.96066800,414,1829.1,1083.21481500,0
1776491100000,0.59232,0.59326,0.59062,0.59318,1743421.1,1776491279999,1034208.56850800,502,1741691.7,1033184.51743700,0
1776491280000,0.59318,0.5938,0.59178,0.5938,4616.2,1776491459999,2736.08391300,484,1806.3,1071.83800900,0
1776491460000,0.5938,0.59845,0.5938,0.59547,26627564.5,1776491639999,15862568.61856800,985,26624546.4,15860766.33832700,0
1776491640000,0.59547,0.5962,0.59059,0.59059,23479815.6,1776491819999,13909184.11783900,807,92.9,55.06758000,0
1776491820000,0.59065,0.5934,0.59029,0.5934,405105.4,1776491999999,239169.81458600,404,1667.4,986.14544100,0
1776492000000,0.5934,0.59382,0.59029,0.59114,5224.5,1776492179999,3096.34545100,374,2420.4,1436.63843800,0
1776492180000,0.59137,0.59294,0.59029,0.59144,3364.9,1776492359999,1990.35145900,332,0,0,0
1776492360000,0.59155,0.59385,0.58992,0.59339,3033.8,1776492539999,1793.80094700,360,53.3,31.65116100,0
1776492540000,0.59339,0.59873,0.59339,0.59608,17475700.1,1776492719999,10418809.53855300,740,17472832.7,10417096.58936900,0
1776492720000,0.5963,0.59873,0.5952,0.59703,2825.0,1776492899999,1685.34386700,341,25.1,15.02812300,0
1776492900000,0.59703,0.59873,0.5952,0.59816,3125.3,1776493079999,1865.27823100,348,35.2,21.07529600,0
1776493080000,0.59842,0.60262,0.59839,0.59969,25491843.3,1776493259999,15312423.72701600,1013,25490358.9,15311531.42207400,0
1776493260000,0.59969,0.59969,0.59513,0.59513,11415946.2,1776493439999,6819142.21517400,863,2717.8,1620.57469100,0
1776493440000,0.59513,0.59627,0.59098,0.59187,13478315.4,1776493619999,7979289.07099800,721,21347.3,12726.66207800,0
1776493620000,0.59157,0.60397,0.5912,0.60397,45951410.2,1776493799999,27475699.21474200,1177,45950917.7,27475403.86077600,0
1776493800000,0.60397,0.6056,0.60252,0.6056,2525487.0,1776493979999,1525864.93381600,526,2512665.2,1518136.81264700,0
1776493980000,0.6056,0.60782,0.60536,0.60661,16420063.2,1776494159999,9966672.21872700,733,16417811.6,9965306.33433700,0
1776494160000,0.60649,0.6089,0.60536,0.60758,9312378.2,1776494339999,5665412.53688300,565,9268677.0,5638952.82945300,0
1776494340000,0.60758,0.6089,0.60619,0.60842,3536.2,1776494519999,2148.45713400,417,510.5,310.74638200,0
1776494520000,0.60804,0.6089,0.60695,0.60888,10082.8,1776494699999,6135.93270900,359,6990.2,4256.33278000,0
1776494700000,0.6089,0.6114,0.60878,0.61028,11034781.0,1776494879999,6736112.05525700,774,11033439.9,6735293.54956800,0
1776494880000,0.61028,0.6114,0.6083,0.60839,3694.9,1776495059999,2253.79599600,461,295.0,180.36300000,0
1776495060000,0.60839,0.6091,0.60217,0.60301,20763979.8,1776495239999,12576795.81387800,1248,399.1,241.34302400,0
1776495240000,0.60301,0.60416,0.60217,0.6034,58209.8,1776495419999,35056.58870400,444,2101.2,1268.02980700,0
1776495420000,0.6034,0.60712,0.6034,0.60633,16054458.1,1776495599999,9732045.40775200,712,16052419.2,9730808.57752300,0
1776495600000,0.60633,0.60827,0.60587,0.6077,11729310.1,1776495779999,7128428.17422200,700,11726779.8,7126892.58105500,0
1776495780000,0.60786,0.61082,0.6078,0.61045,11107622.7,1776495959999,6771368.36990400,852,11105287.7,6769945.39643000,0
1776495960000,0.61045,0.61046,0.60346,0.60346,21911563.5,1776496139999,13274286.83476200,838,331.7,200.41112000,0
1776496140000,0.60346,0.60452,0.60252,0.60342,918569.0,1776496319999,553937.26064300,426,1270.5,767.51835800,0
1776496320000,0.60342,0.60452,0.60079,0.60248,3037.8,1776496499999,1829.42369000,383,24.9,15.05254800,0
1776496500000,0.60248,0.60468,0.59993,0.60328,1730834.8,1776496679999,1038746.36955900,488,5326.3,3216.51926700,0
1776496680000,0.60328,0.60432,0.59993,0.60375,9898.8,1776496859999,5950.80271900,399,1044.4,630.93619200,0
1776496860000,0.60375,0.61231,0.60316,0.61231,32621013.7,1776497039999,19853856.81849100,1111,32620225.2,19853376.85200500,0
1776497040000,0.61231,0.61882,0.60828,0.60828,26102796.2,1776497219999,16054913.58081700,885,20413596.6,12554233.03979300,0
1776497220000,0.60812,0.61245,0.60635,0.60888,6107216.0,1776497399999,3706624.84518300,637,830.5,505.43749000,0
1776497400000,0.60953,0.61014,0.60596,0.60747,2185608.0,1776497579999,1324850.96660000,482,8763.9,5343.99613700,0
1776497580000,0.60731,0.60913,0.60646,0.60902,2948.6,1776497759999,1793.46919500,377,1610.1,979.32043000,0
1776497760000,0.60902,0.61417,0.60833,0.60929,41316350.4,1776497939999,25259705.24545100,1060,33420959.0,20447262.91006600,0
1776497940000,0.60929,0.61622,0.60929,0.61619,11704770.4,1776498119999,7194887.85453000,901,11699586.1,7191698.81597800,0
1776498120000,0.61609,0.61716,0.6156,0.61716,1341788.9,1776498299999,826895.87214800,502,1307719.6,805912.15375300,0
1776498300000,0.61716,0.61766,0.61535,0.61766,495197.9,1776498479999,304788.86188200,475,2212.7,1364.93232000,0
1776498480000,0.61767,0.6191,0.61145,0.61145,18149737.5,1776498659999,11139093.93576700,911,2163.0,1337.08123600,0
1776498660000,0.61145,0.61327,0.61074,0.61094,794497.3,1776498839999,485590.69349900,457,1642.7,1005.86553000,0
1776498840000,0.61094,0.61551,0.61074,0.61551,2346536.4,1776499019999,1443931.43887500,559,2342503.9,1441465.48683900,0
1776499020000,0.61551,0.61552,0.60905,0.61462,11945421.6,1776499199999,7287013.51784600,826,342482.5,210061.92549900,0
1776499200000,0.6148,0.62111,0.6148,0.62111,26888768.1,1776499379999,16619964.06375800,1132,26888511.6,16619806.14686200,0
1776499380000,0.62111,0.62185,0.61926,0.62071,2537184.7,1776499559999,1576611.96126100,521,2517941.2,1564675.52293400,0
1776499560000,0.62066,0.62779,0.61926,0.62296,22778817.7,1776499739999,14205831.72051900,816,21707245.3,13537294.31926000,0
1776499740000,0.62296,0.6266,0.62259,0.6266,1567551.6,1776499919999,977980.06527400,654,763302.1,477228.00614900,0
1776499920000,0.6266,0.62845,0.62579,0.62845,313526.8,1776500099999,196524.39944800,452,285407.9,178903.72988400,0
1776500100000,0.62845,0.62888,0.62301,0.62391,16529923.6,1776500279999,10320632.61919800,956,3744.8,2344.65056700,0
1776500280000,0.62392,0.62942,0.62301,0.62832,7499784.9,1776500459999,4697290.51608000,626,7419374.8,4646702.10727400,0
1776500460000,0.62832,0.63162,0.62787,0.63087,8949827.9,1776500639999,5639006.62215200,600,8947312.5,5637421.35259900,0
1776500640000,0.63079,0.63196,0.62841,0.62841,11261.9,1776500819999,7097.06556400,463,547.3,345.76083200,0
1776500820000,0.62841,0.63196,0.62019,0.62252,41971606.7,1776500999999,26220822.49875800,1112,33287.7,20789.20213900,0
1776501000000,0.62258,0.6267,0.62258,0.62442,9672978.4,1776501179999,6049804.14323500,792,4914283.2,3073401.64093200,0
1776501180000,0.62442,0.62492,0.62012,0.62202,13394205.0,1776501359999,8321278.65938900,651,131193.7,81446.39463400,0
1776501360000,0.62202,0.62393,0.62012,0.623,4149.1,1776501539999,2579.77926900,355,1646.2,1025.41942200,0
1776501540000,0.623,0.62644,0.623,0.62644,13208470.3,1776501719999,8250543.45283700,1021,13207856.4,8250159.29008500,0
1776501720000,0.62644,0.62644,0.62,0.62424,18071927.3,1776501899999,11237674.60598200,754,45757.0,28396.41443200,0
1776501900000,0.6245,0.62469,0.61972,0.62414,5170692.1,1776502079999,3205186.43759800,493,1535.5,953.51990400,0
1776502080000,0.62414,0.62868,0.62414,0.62769,12009448.8,1776502259999,7514115.64650300,779,12007547.7,7512923.82668800,0
1776502260000,0.62769,0.63098,0.6269,0.6292,8842426.1,1776502439999,5571603.01212900,617,8840626.4,5570470.99819600,0
1776502440000,0.6292,0.63098,0.62684,0.62844,16079.8,1776502619999,10104.23909000,380,1524.3,961.80281400,0
1776502620000,0.62858,0.62858,0.62226,0.62226,14337464.1,1776502799999,8955521.44970600,805,715.5,446.13826900,0
1776502800000,0.62226,0.62226,0.612,0.61534,35641375.8,1776502979999,21983081.39741300,1105,8233407.9,5073293.27802100,0
1776502980000,0.61534,0.61715,0.61352,0.61388,5901.6,1776503159999,3624.67235100,431,166.0,102.36600200,0
1776503160000,0.61388,0.62464,0.61352,0.62464,16767440.7,1776503339999,10377286.01257300,766,16534862.5,10234363.02074900,0
1776503340000,0.62464,0.62554,0.62293,0.62501,1474356.1,1776503519999,921620.92367600,467,1414500.6,884327.60309900,0
1776503520000,0.62501,0.62528,0.62139,0.62242,3073.0,1776503699999,1915.71766000,459,0,0,0
1776503700000,0.62243,0.62251,0.61201,0.61232,39682284.2,1776503879999,24464012.25944100,1331,303.2,186.40517700,0
1776503880000,0.61232,0.61499,0.61201,0.6139,5495.9,1776504059999,3369.42340000,442,2352.6,1443.87921600,0
1776504060000,0.6139,0.61525,0.61224,0.61525,3283.3,1776504239999,2016.50308700,421,1276.8,785.04771600,0
1776504240000,0.61525,0.61536,0.61372,0.61413,3136.3,1776504419999,1927.48659300,367,163.9,100.84828200,0
1776504420000,0.61413,0.61561,0.61328,0.61328,494101.3,1776504599999,304112.23978700,499,490887.2,302137.46848500,0
1776504600000,0.61328,0.61791,0.61328,0.61728,8940542.6,1776504779999,5516007.94925800,774,8935854.6,5513130.55623600,0
1776504780000,0.61728,0.61837,0.61655,0.61778,3231.3,1776504959999,1994.69944400,402,766.2,473.65006600,0
1776504960000,0.61767,0.61767,0.61351,0.61351,3546833.6,1776505139999,2183583.12362200,492,0,0,0
1776505140000,0.6135,0.61416,0.60566,0.60566,24387754.9,1776505319999,14866644.40782400,1094,858.1,523.52646400,0
1776505320000,0.60566,0.60566,0.59607,0.598,39823749.4,1776505499999,23898647.97078200,1094,9689.0,5794.22005400,0
1776505500000,0.59745,0.59913,0.58484,0.58807,33756324.1,1776505679999,19963565.25795500,835,3580.4,2107.61653700,0
1776505680000,0.58807,0.59058,0.58464,0.58464,11962198.7,1776505859999,7035195.69281500,792,6216001.7,3665218.29195100,0
1776505860000,0.58464,0.58806,0.57947,0.58683,32687663.0,1776506039999,19078024.15374700,932,12753361.7,7458245.25911000,0
1776506040000,0.58683,0.59801,0.58598,0.59801,14205442.3,1776506219999,8418688.58144100,685,13915904.2,8245680.21635900,0
1776506220000,0.59805,0.59841,0.59173,0.59498,16477128.7,1776506399999,9793758.97030500,700,562555.8,336484.22234800,0
1776506400000,0.59498,0.59635,0.59173,0.59525,228070.0,1776506579999,135981.64095200,391,225686.4,134563.91992500,0
1776506580000,0.59525,0.59525,0.59058,0.59426,10874761.6,1776506759999,6430887.97390900,827,1271170.0,754124.45725300,0
1776506760000,0.59426,0.59426,0.58197,0.5833,43490030.3,1776506939999,25523016.20103100,1073,1061.6,619.52396100,0
1776506940000,0.5833,0.58913,0.5833,0.5888,11233715.5,1776507119999,6582677.11715500,705,10663072.0,6248519.13351600,0
1776507120000,0.5887,0.58976,0.58738,0.58744,1376018.9,1776507299999,810728.24098300,587,1277622.2,752855.82466200,0
1776507300000,0.58744,0.58976,0.58492,0.58538,2604614.1,1776507479999,1527960.85309900,523,306.2,180.58451200,0
1776507480000,0.58538,0.5878,0.58492,0.58593,2958.0,1776507659999,1734.01639100,329,43.0,25.22560600,0
1776507660000,0.58535,0.5912,0.58534,0.5912,13879756.0,1776507839999,8193397.55928800,528,13877498.1,8192072.17782800,0
1776507840000,0.59118,0.59219,0.59019,0.59219,2135930.1,1776508019999,1263418.07288600,619,2134439.9,1262537.24388600,0
1776508020000,0.59219,0.59254,0.58667,0.58698,11374663.6,1776508199999,6686595.73480400,612,530031.0,313955.83014000,0
1776508200000,0.58698,0.59563,0.58666,0.59452,18808566.1,1776508379999,11156921.14765800,720,18794478.3,11148570.30636800,0
1776508380000,0.59452,0.60061,0.59371,0.59949,32594975.5,1776508559999,19494810.84970500,771,32593854.4,19494142.84223100,0
1776508560000,0.5998,0.5998,0.59524,0.59588,3058699.9,1776508739999,1825812.52466000,560,91212.4,54391.81129500,0
1776508740000,0.59588,0.60217,0.59584,0.60217,33031239.7,1776508919999,19777911.69908000,1201,33029978.4,19777155.14166600,0
1776508920000,0.60217,0.60482,0.60217,0.60239,13899115.5,1776509099999,8384358.03470200,816,13896412.0,8382728.22661400,0
1776509100000,0.60224,0.60484,0.59611,0.59779,21287007.0,1776509279999,12764175.77685600,984,2438.0,1468.63793700,0
1776509280000,0.5978,0.59788,0.59011,0.59011,24871794.1,1776509459999,14754336.32092800,835,1109.6,656.30353300,0
1776509460000,0.59011,0.59207,0.58648,0.58897,3400076.7,1776509639999,1996089.79913100,666,24616.2,14564.28105900,0
1776509640000,0.58897,0.59308,0.58897,0.59091,9286323.0,1776509819999,5499593.96033600,725,9283637.2,5498005.50093000,0
1776509820000,0.59115,0.5931,0.59115,0.59233,234422.1,1776509999999,139031.40679800,420,231281.5,137172.00301000,0
1776510000000,0.59263,0.59427,0.59164,0.59417,3662.5,1776510179999,2170.78075100,409,1164.2,691.16864100,0
1776510180000,0.59427,0.59456,0.59179,0.59269,3135.4,1776510359999,1859.72161100,364,350.1,208.09899900,0
1776510360000,0.59269,0.59309,0.58811,0.5886,19734967.2,1776510539999,11635026.08178500,820,502.3,296.01584800,0
1776510540000,0.58861,0.58988,0.58754,0.58988,4833087.4,1776510719999,2840987.94700000,570,1418.3,834.95070900,0
1776510720000,0.59006,0.59077,0.58715,0.58799,3598.4,1776510899999,2121.45996400,331,1518.5,896.71948900,0
1776510900000,0.5881,0.59031,0.58539,0.58539,6839767.3,1776511079999,4006735.82509800,613,248.4,145.46939800,0
1776511080000,0.58539,0.58539,0.58264,0.58264,10547763.2,1776511259999,6166637.18166900,727,351.4,205.23347200,0
1776511260000,0.58264,0.58267,0.57736,0.57814,16875106.7,1776511439999,9792462.74286500,763,1057.4,611.36298200,0
1776511440000,0.57814,0.58316,0.57736,0.58292,16228498.0,1776511619999,9437603.03765800,697,16125751.9,9378279.35514300,0
1776511620000,0.58292,0.58316,0.57908,0.5807,6134.8,1776511799999,3564.40611400,488,829.7,483.84785200,0
1776511800000,0.5807,0.58316,0.57655,0.5767,7728106.5,1776511979999,4461261.26074700,608,4018.9,2319.50959400,0
1776511980000,0.57655,0.58059,0.57354,0.57835,14349377.5,1776512159999,8292255.38594600,768,12997478.9,7509515.13828700,0
1776512160000,0.57835,0.58329,0.57666,0.58329,20865856.1,1776512339999,12094879.72721300,871,14283362.0,8293252.17280600,0
1776512340000,0.58329,0.58644,0.58232,0.58393,16158740.3,1776512519999,9437439.91638800,845,15469320.4,9035010.89111400,0
1776512520000,0.58393,0.58656,0.58081,0.58081,11245353.8,1776512699999,6544548.62665400,820,1264457.3,739691.96531200,0
1776512700000,0.58081,0.58448,0.58039,0.58193,62256.8,1776512879999,36155.85264700,455,2027.5,1180.38509100,0
1776512880000,0.58203,0.58448,0.58015,0.58067,14859.2,1776513059999,8624.22998200,398,87.3,51.02510400,0
1776513060000,0.58067,0.58121,0.57318,0.57318,37515408.4,1776513239999,21643301.17241200,1122,698.2,402.94563000,0
1776513240000,0.57319,0.57566,0.57314,0.57503,412081.5,1776513419999,236193.64606500,444,1638.7,941.66954300,0
1776513420000,0.57503,0.57906,0.57501,0.57709,6733407.3,1776513599999,3886315.62932600,509,6731269.4,3885081.10957600,0
1776513600000,0.57752,0.57964,0.57538,0.57898,10853253.2,1776513779999,6287504.35515300,402,10850843.7,6286113.32700100,0
1776513780000,0.57884,0.58178,0.57815,0.58178,12542911.4,1776513959999,7285122.28358500,745,12541220.3,7284143.42856100,0
1776513960000,0.58178,0.58769,0.58178,0.58769,29084297.7,1776514139999,16997225.24880900,861,29081336.4,16995491.61239300,0
1776514140000,0.58773,0.58883,0.56981,0.57028,59152234.8,1776514319999,34276072.40420900,1163,5525032.2,3219823.41694500,0
1776514320000,0.57039,0.57952,0.57039,0.57642,22915324.7,1776514499999,13204661.84394900,981,12926480.5,7436603.72187100,0
1776514500000,0.57642,0.58186,0.57642,0.577,18994325.8,1776514679999,11011599.04317500,734,18246554.4,10579531.05871400,0
1776514680000,0.577,0.57715,0.57478,0.57715,3999571.4,1776514859999,2302780.70945100,627,1901.8,1095.91810900,0
1776514860000,0.57715,0.57828,0.56871,0.56871,34396474.8,1776515039999,19692960.77993400,850,828.2,475.62995800,0
1776515040000,0.56855,0.57001,0.56359,0.57001,28839712.4,1776515219999,16314355.09605600,891,4058776.0,2307489.62029800,0
1776515220000,0.57001,0.57512,0.56919,0.57296,26120952.9,1776515399999,14948673.37815300,762,25993430.4,14875389.20070100,0
1776515400000,0.5722,0.57769,0.57115,0.57769,17655169.6,1776515579999,10173129.24456100,719,17650372.8,10170376.83844400,0
1776515580000,0.57749,0.58216,0.57727,0.5789,22758462.5,1776515759999,13172184.45330500,760,20937007.7,12117402.16511200,0
1776515760000,0.5789,0.57914,0.5757,0.57624,20170042.9,1776515939999,11640537.82320700,835,4272.6,2461.47843700,0
1776515940000,0.57624,0.57763,0.5757,0.57763,26809.1,1776516119999,15446.29641200,416,5548.1,3204.06960000,0
1776516120000,0.57636,0.5777,0.57417,0.57417,5328.9,1776516299999,3070.75908300,414,876.3,506.23722900,0
1776516300000,0.57417,0.57554,0.57179,0.57234,14909598.5,1776516479999,8540610.66831400,738,1681.7,964.74426400,0
1776516480000,0.57219,0.5756,0.57219,0.573,3324.7,1776516659999,1909.23734300,394,1720.6,987.83836600,0
1776516660000,0.57293,0.5756,0.56928,0.56928,19698739.7,1776516839999,11240503.02890900,815,79.9,45.70229600,0
1776516840000,0.56928,0.57116,0.56928,0.57065,4330.6,1776517019999,2468.64331000,407,1967.9,1122.35911200,0
1776517020000,0.57117,0.57177,0.56909,0.56909,3405.3,1776517199999,1943.32570000,402,940.0,537.14409000,0
1776517200000,0.56909,0.57179,0.56808,0.57022,3467.8,1776517379999,1973.82752400,409,44.3,25.33011500,0
1776517380000,0.57022,0.57183,0.56941,0.57101,47018.7,1776517559999,26883.32260700,380,44466.4,25427.11768000,0
1776517560000,0.57105,0.57186,0.56951,0.57101,3148.3,1776517739999,1797.02412500,356,30.1,17.21298600,0
1776517740000,0.57101,0.57423,0.57073,0.57175,16834576.7,1776517919999,9644440.73835700,686,16832649.3,9643338.03232400,0
1776517920000,0.57175,0.57304,0.57175,0.57175,3550.1,1776518099999,2031.04334800,424,0,0,0
1776518100000,0.57175,0.57175,0.56808,0.56898,10290550.5,1776518279999,5863928.78486000,690,1663.1,945.46807600,0
1776518280000,0.56898,0.57128,0.56803,0.56927,3172.2,1776518459999,1805.97371100,396,1177.8,670.65638100,0
1776518460000,0.56927,0.57135,0.56769,0.56769,2969656.5,1776518639999,1686225.34916500,542,2420.1,1377.77092000,0
1776518640000,0.56769,0.56769,0.56618,0.56682,11019933.1,1776518819999,6246923.11786100,819,11512.0,6523.33350200,0
1776518820000,0.56695,0.56814,0.56608,0.56609,3014.8,1776518999999,1709.21496800,346,969.9,550.36995800,0
1776519000000,0.56609,0.56814,0.56596,0.56781,3030.5,1776519179999,1717.61573400,340,18.0,10.22652000,0
1776519180000,0.56781,0.56814,0.55945,0.55948,22833763.6,1776519359999,12860766.32780500,697,366.5,208.22331000,0
1776519360000,0.5595,0.56424,0.5595,0.56276,15479936.6,1776519539999,8711350.24701100,770,10134242.5,5701374.75816000,0
1776519540000,0.56275,0.57986,0.56275,0.57775,47240278.9,1776519719999,26956548.93314000,1227,43927296.6,25069935.45808900,0
1776519720000,0.57775,0.57775,0.57412,0.57471,5749870.8,1776519899999,3314934.91553600,616,488167.7,281348.86041000,0
1776519900000,0.57471,0.57674,0.57386,0.57674,3508.7,1776520079999,2017.00257700,419,942.0,542.03442700,0
1776520080000,0.57674,0.57935,0.57674,0.57909,7943109.5,1776520259999,4591704.62173400,662,7889843.0,4560922.12433800,0
1776520260000,0.57908,0.57944,0.57632,0.57632,6131892.7,1776520439999,3537711.80274800,695,324686.3,188123.28256000,0
1776520440000,0.57632,0.57754,0.57486,0.57579,7411808.7,1776520619999,4268442.03812800,760,1953.4,1126.17682300,0
1776520620000,0.57583,0.57656,0.5746,0.57496,11175.8,1776520799999,6425.90077400,395,55.0,31.65085000,0
1776520800000,0.57496,0.57813,0.57449,0.57756,4681980.7,1776520979999,2705896.48555700,471,4679976.2,2704741.63688900,0
1776520980000,0.57756,0.57756,0.57216,0.57244,14713003.2,1776521159999,8435462.00504700,729,725.6,415.29421000,0
1776521160000,0.57244,0.57256,0.5714,0.57194,2346421.5,1776521339999,1341985.64058600,591,646439.5,369860.56089000,0
1776521340000,0.57194,0.57194,0.5694,0.5715,12964222.1,1776521519999,7397195.45678800,931,907253.0,517654.96217000,0
1776521520000,0.5715,0.57394,0.57143,0.57394,13593403.0,1776521699999,7779604.97182700,879,13277912.2,7598569.48075600,0
1776521700000,0.57394,0.574,0.56936,0.56936,7995525.7,1776521879999,4559332.32638700,612,727144.7,417342.26647300,0
1776521880000,0.56936,0.56962,0.56846,0.56935,5269094.7,1776522059999,2997279.12262000,654,1073.4,610.58015900,0
1776522060000,0.56937,0.56986,0.56756,0.56986,5178210.5,1776522239999,2941481.42768000,666,1760.5,1001.89993500,0
1776522240000,0.56986,0.57,0.56705,0.56846,3873.0,1776522419999,2199.54422800,337,46.7,26.61504600,0
1776522420000,0.56846,0.5686,0.56573,0.56627,3178101.9,1776522599999,1798785.57705800,493,761.9,431.24999500,0
1776522600000,0.56628,0.56865,0.56554,0.56596,1699601.6,1776522779999,961383.46494900,457,10183.5,5764.55206000,0
1776522780000,0.566,0.56792,0.56554,0.56654,3210.5,1776522959999,1820.25993000,363,1501.4,851.61632100,0
1776522960000,0.56661,0.56823,0.56617,0.56648,2955.4,1776523139999,1677.34511300,361,870.6,494.41842400,0
1776523140000,0.56648,0.57008,0.56633,0.57008,13442273.1,1776523319999,7651711.74688200,520,13441198.0,7651101.47059800,0
1776523320000,0.57008,0.57198,0.57008,0.57019,13013180.1,1776523499999,7425590.86368600,548,13012037.5,7424938.40636900,0
1776523500000,0.57019,0.5733,0.57003,0.5733,6831785.8,1776523679999,3912250.97381300,516,6827643.4,3909888.74186700,0
1776523680000,0.5733,0.57642,0.5733,0.57642,8394577.6,1776523859999,4823927.44442500,760,8381364.5,4816313.69506000,0
1776523860000,0.57642,0.57656,0.57453,0.57453,597003.5,1776524039999,344168.18059000,203,595083.8,343062.96272200,0
1776524040000,0.57453,0.57656,0.5709,0.57093,21144026.4,1776524219999,12098156.89563300,550,551.8,317.11301400,0
1776524220000,0.57093,0.57094,0.56951,0.56991,5102951.5,1776524399999,2911574.51549800,523,680.0,387.73430800,0
1776524400000,0.56991,0.5712,0.56923,0.5712,2996.2,1776524579999,1708.66379900,369,1050.4,599.51393800,0
1776524580000,0.5712,0.5712,0.56853,0.56853,1968.5,1776524759999,1121.33685500,219,9.4,5.36928000,0
1776524760000,0.5685,0.5712,0.56649,0.56649,5550157.9,1776524939999,3146795.66216200,537,361.1,206.26032000,0
1776524940000,0.56657,0.56742,0.56543,0.56692,7801342.8,1776525119999,4414829.06323400,568,457744.4,258887.64558100,0
1776525120000,0.567,0.56885,0.56675,0.56861,1689171.7,1776525299999,959783.62028400,399,1688790.3,959566.92999200,0
1776525300000,0.56861,0.56999,0.568,0.56999,5169183.1,1776525479999,2944050.93445700,566,5167454.6,2943068.46541300,0
1776525480000,0.56999,0.57124,0.5698,0.57124,5160031.9,1776525659999,2944234.59282700,645,5158365.8,2943284.13851900,0
1776525660000,0.57124,0.57233,0.57004,0.57005,4327.1,1776525839999,2473.73787700,417,2658.5,1520.58810200,0
1776525840000,0.56984,0.56984,0.56662,0.56687,8163604.8,1776526019999,4631490.36410100,646,468.7,265.67037300,0
1776526020000,0.56687,0.56687,0.56431,0.56579,9926689.6,1776526199999,5616423.36153100,824,1705.5,964.03226200,0
1776526200000,0.56579,0.56593,0.56383,0.56383,4404.5,1776526379999,2486.30952500,418,112.1,63.43351100,0
1776526380000,0.56383,0.56595,0.56251,0.56251,4771.0,1776526559999,2689.64985300,435,14.5,8.20609700,0
1776526560000,0.56251,0.56376,0.56101,0.56125,9404358.6,1776526739999,5281223.82326600,783,419.6,235.66898200,0
1776526740000,0.56125,0.56138,0.55805,0.55805,6988271.0,1776526919999,3917533.19889300,673,1687.3,945.55475400,0
1776526920000,0.55805,0.56022,0.55718,0.55755,12867.1,1776527099999,7176.57404700,416,829.7,464.81453400,0
1776527100000,0.55755,0.55961,0.5572,0.5586,3393.2,1776527279999,1895.27364500,362,0,0,0
1776527280000,0.55881,0.56027,0.55713,0.55814,88780.6,1776527459999,49471.20718500,399,1029.7,575.19636000,0
1776527460000,0.55818,0.55832,0.55271,0.55271,37836458.0,1776527639999,20993318.44718800,1211,10491.7,5842.15242700,0
1776527640000,0.55271,0.55357,0.55199,0.55294,3893140.1,1776527819999,2150809.98314200,527,1686.6,933.26651700,0
1776527820000,0.55294,0.55522,0.55162,0.55162,5057671.4,1776527999999,2790627.27066500,527,1803.3,999.43155300,0
1776528000000,0.55162,0.55404,0.55162,0.5538,3695.9,1776528179999,2043.19063100,306,1780.3,984.56022100,0
1776528180000,0.5538,0.55439,0.55108,0.5517,1038362.9,1776528359999,573382.08094900,490,193476.2,107180.80111200,0
1776528360000,0.5517,0.55285,0.54364,0.54364,31581074.2,1776528539999,17333753.28344800,1151,1287.6,707.33536700,0
1776528540000,0.54372,0.55013,0.54372,0.55013,6611176.3,1776528719999,3626196.76631700,447,6609729.6,3625402.70183000,0
1776528720000,0.55017,0.55341,0.54925,0.55341,12368738.9,1776528899999,6822558.69286000,931,12367224.4,6821725.95799300,0
1776528900000,0.55342,0.5538,0.55245,0.55309,272661.6,1776529079999,150891.81806700,349,219306.2,121379.45908300,0
1776529080000,0.5531,0.554,0.55066,0.5511,5140.0,1776529259999,2839.57168100,405,1465.9,812.05696100,0
1776529260000,0.55101,0.554,0.54979,0.55058,1971317.9,1776529439999,1084144.72032400,495,1414.2,781.56569100,0
1776529440000,0.55028,0.55076,0.54813,0.54813,13226585.5,1776529619999,7262875.79190600,852,888.0,487.33795200,0
1776529620000,0.54813,0.54813,0.54382,0.54413,17629250.8,1776529799999,9610585.49276700,995,2053.2,1120.45409000,0
1776529800000,0.54413,0.54457,0.54278,0.54278,7891712.2,1776529979999,4288051.47467300,782,156810.4,85139.38150000,0
1776529980000,0.54278,0.54377,0.54278,0.54278,105986.4,1776530159999,57528.30118300,376,632.5,343.87809900,0
1776530160000,0.54278,0.54278,0.5388,0.5388,31916827.6,1776530339999,17261488.49274100,872,1127.2,608.21531400,0
1776530340000,0.5388,0.53902,0.53666,0.53696,3443203.2,1776530519999,1854524.68123800,574,118670.4,63964.17132200,0
1776530520000,0.53694,0.53791,0.53601,0.53658,3689.2,1776530699999,1980.44200200,415,0,0,0
1776530700000,0.53658,0.53772,0.53558,0.53591,362123.3,1776530879999,194061.16957900,450,0,0,0
1776530880000,0.53591,0.53703,0.5344,0.5344,6996634.6,1776531059999,3741449.91976100,576,150707.6,80605.00108200,0
1776531060000,0.5344,0.53507,0.53398,0.53398,4677528.2,1776531239999,2498956.14623900,593,152869.7,81697.10982400,0
1776531240000,0.53398,0.53454,0.53358,0.53358,1013017.8,1776531419999,540918.37320100,450,777.3,415.27736700,0
1776531420000,0.53358,0.5348,0.53284,0.53327,53997.1,1776531599999,28862.63356900,378,51203.3,27371.39871600,0
1776531600000,0.53355,0.53483,0.53284,0.53329,27875.4,1776531779999,14859.63989300,386,2157.0,1153.05486900,0
1776531780000,0.53329,0.53476,0.53055,0.53055,13878107.9,1776531959999,7376478.87745100,732,0,0,0
1776531960000,0.53055,0.53055,0.52714,0.52737,13003085.8,1776532139999,6887635.32679200,871,3654.0,1934.66284300,0
1776532140000,0.5273,0.52789,0.52675,0.52675,142067.3,1776532319999,74881.38481100,446,1132.7,597.49965500,0
1776532320000,0.52675,0.52675,0.52226,0.52335,24849117.1,1776532499999,13014879.22995000,1001,1414.5,739.32767400,0
1776532500000,0.52339,0.52447,0.5228,0.52328,3908.3,1776532679999,2047.42735200,436,1782.5,934.21233000,0
1776532680000,0.52328,0.52451,0.5211,0.5211,630740.1,1776532859999,329098.84996100,433,1755.8,920.93075900,0
1776532860000,0.5211,0.52457,0.51899,0.52457,14459269.8,1776533039999,7534085.18942500,774,3565469.9,1867657.95244300,0
1776533040000,0.52457,0.52695,0.52081,0.52081,30531261.6,1776533219999,16017109.54257600,933,19951774.8,10488623.73989500,0
1776533220000,0.52081,0.52081,0.51572,0.51572,24276986.0,1776533399999,12573313.09652600,1134,90.5,46.74706800,0
1776533400000,0.51572,0.51642,0.51494,0.51642,407291.2,1776533579999,209933.04593800,425,1688.1,871.03943500,0
1776533580000,0.51642,0.51968,0.51493,0.51924,10453675.7,1776533759999,5414246.46966300,535,10452552.5,5413666.15886200,0
1776533760000,0.51931,0.51968,0.51448,0.51448,13465192.2,1776533939999,6935238.53740100,697,59.8,31.06078400,0
1776533940000,0.51448,0.51456,0.51306,0.51306,3014519.4,1776534119999,1549186.27353700,769,1521.4,782.00944900,0
1776534120000,0.51306,0.51463,0.5128,0.5128,25510.3,1776534299999,13104.38998400,337,10495.2,5400.42151700,0
1776534300000,0.51278,0.51352,0.50622,0.50647,36627931.3,1776534479999,18662353.81762300,930,23744.7,12034.97259600,0
1776534480000,0.50647,0.50826,0.50564,0.50626,6417.4,1776534659999,3255.50217500,330,4212.9,2139.21853500,0
1776534660000,0.50626,0.50826,0.50535,0.50705,21650.4,1776534839999,10989.68663300,359,15555.4,7906.18760400,0
1776534840000,0.50705,0.51065,0.50258,0.50258,35980686.6,1776535019999,18221342.85249200,1190,13350617.3,6798889.35868300,0
1776535020000,0.50258,0.50258,0.49709,0.49772,49570206.1,1776535199999,24773418.93535500,1449,2570.6,1288.43199100,0
1776535200000,0.49776,0.50459,0.49709,0.49847,32064387.8,1776535379999,16069521.90794200,1052,22563776.2,11308947.90996300,0
1776535380000,0.49847,0.49847,0.48592,0.48592,54488395.6,1776535559999,26763307.34506200,1358,11214.8,5499.81878200,0
1776535560000,0.48592,0.49081,0.47974,0.49081,97082231.5,1776535739999,47115502.82932600,1463,42037030.3,20529360.18444600,0
1776535740000,0.49081,0.49363,0.48398,0.48604,26482121.2,1776535919999,12951977.76444700,1076,15635345.3,7668327.30709000,0
1776535920000,0.48604,0.4979,0.48593,0.48691,91781134.4,1776536099999,45026006.50390000,1494,61772306.2,30276819.84556800,0
1776536100000,0.4868,0.4868,0.48073,0.48073,15379021.8,1776536279999,7447436.78318900,794,11278.2,5444.87913000,0
1776536280000,0.48073,0.48079,0.47409,0.47799,48797231.9,1776536459999,23293129.20079900,1156,11595205.1,5523616.56279600,0
1776536460000,0.47804,0.49524,0.47804,0.49089,87349325.7,1776536639999,42485566.91116800,1355,81536459.6,39628445.86691700,0
1776536640000,0.49089,0.49569,0.48908,0.48936,14662617.9,1776536819999,7204804.04798000,766,11052878.0,5433662.12673800,0
1776536820000,0.48946,0.49399,0.4858,0.49399,62658302.3,1776536999999,30696798.30274600,1395,39651035.4,19486493.40150800,0
1776537000000,0.49399,0.49962,0.49399,0.4968,43485118.1,1776537179999,21609286.98037100,746,43415150.1,21574414.56215000,0
1776537180000,0.49962,0.49965,0.49586,0.49763,914158.2,1776537359999,455136.06652000,392,454617.7,227145.60018700,0
1776537360000,0.49763,0.50199,0.49611,0.49994,34125161.6,1776537539999,17084006.78607700,770,34065860.9,17054344.07356500,0
1776537540000,0.49994,0.49994,0.48919,0.48919,40454410.4,1776537719999,19927082.42323000,1149,4241.4,2105.28817000,0
1776537720000,0.48919,0.48919,0.48334,0.48423,29314599.7,1776537899999,14243173.92438900,914,6322.9,3060.38305100,0
1776537900000,0.48423,0.48751,0.48131,0.48131,25522460.9,1776538079999,12332628.27378900,1062,3513385.8,1704346.89993100,0
1776538080000,0.48131,0.48131,0.47707,0.47782,35314624.3,1776538259999,16924271.01462400,1308,11956.5,5709.04047200,0
1776538260000,0.47782,0.47782,0.47363,0.47395,15690741.3,1776538439999,7442182.44022600,718,1091.3,517.83310100,0
1776538440000,0.47396,0.47396,0.47119,0.47119,14570305.8,1776538619999,6886631.90306700,794,2469.3,1169.22641600,0
1776538620000,0.47119,0.4735,0.46906,0.47092,28963496.2,1776538799999,13631394.12927300,880,6105677.4,2884285.52925700,0
1776538800000,0.47088,0.47675,0.47063,0.47675,39711201.1,1776538979999,18870086.83821400,932,39709086.6,18869088.75011000,0
1776538980000,0.47675,0.48043,0.47592,0.47601,20723888.0,1776539159999,9906426.38141000,674,10933093.4,5237882.24714000,0
1776539160000,0.47601,0.47601,0.47343,0.47343,15761646.9,1776539339999,7476228.61288200,895,13600.2,6455.66259900,0
1776539340000,0.47343,0.47562,0.46944,0.47491,57075091.6,1776539519999,26965449.85081400,1187,21759898.7,10309548.89144600,0
1776539520000,0.47477,0.47626,0.46991,0.47626,15235000.5,1776539699999,7218370.35259100,852,9251682.2,4393745.37094100,0
1776539700000,0.47626,0.47895,0.47607,0.47895,31035601.5,1776539879999,14822682.78519100,740,30988314.2,14800116.76350200,0
1776539880000,0.47895,0.48197,0.47607,0.47607,30563366.4,1776540059999,14647863.95733300,754,20522600.1,9855150.44743000,0
1776540060000,0.47607,0.47634,0.47244,0.47244,20654782.0,1776540239999,9793136.38478900,736,4332.7,2063.81514700,0
1776540240000,0.47244,0.47292,0.47131,0.47292,10310909.3,1776540419999,4865032.38961300,486,83552.4,39431.99689300,0
1776540420000,0.47292,0.47674,0.47292,0.47598,7751818.8,1776540599999,3687374.38643500,732,7749630.3,3686334.21722700,0
1776540600000,0.47622,0.48803,0.47586,0.48803,78303400.8,1776540779999,37697916.33573100,1204,78302418.3,37697444.03590000,0
1776540780000,0.48803,0.48883,0.48294,0.48591,21530811.7,1776540959999,10458405.56958000,1133,7535258.8,3670369.93864000,0
1776540960000,0.48539,0.48648,0.48173,0.48648,33893541.6,1776541139999,16420706.22086700,852,24292734.7,11788613.54741700,0
1776541140000,0.48648,0.48927,0.48648,0.4884,14181723.3,1776541319999,6927598.24078000,714,14147182.4,6910727.08152700,0
1776541320000,0.4884,0.49905,0.48801,0.49905,43763928.3,1776541499999,21606790.24569300,936,37434750.8,18477013.21674800,0
1776541500000,0.49905,0.50516,0.49768,0.50516,49233248.1,1776541679999,24690425.72838600,950,49230730.6,24689170.53997400,0
1776541680000,0.50512,0.50692,0.50031,0.50031,21465574.4,1776541859999,10779670.69834100,878,725813.5,366853.44796800,0
1776541860000,0.50031,0.50075,0.49625,0.49669,21448090.4,1776542039999,10668772.32450400,775,710.0,354.40008400,0
1776542040000,0.49669,0.50122,0.48778,0.49574,75626405.1,1776542219999,37462345.38218800,1443,22254786.7,10994250.04024700,0
1776542220000,0.49574,0.49574,0.4903,0.4903,17693844.4,1776542399999,8717104.93246600,978,1359160.5,668843.34444900,0
1776542400000,0.4903,0.49356,0.4885,0.49068,19405226.5,1776542579999,9563918.65077500,647,19300497.4,9512603.62683600,0
1776542580000,0.49068,0.49862,0.48899,0.49777,61463535.8,1776542759999,30414021.92726200,1165,54318817.9,26914376.48821100,0
1776542760000,0.49777,0.50462,0.49329,0.50462,48191463.4,1776542939999,24043335.48892500,1176,39758629.1,19872469.31223200,0
1776542940000,0.50462,0.50934,0.50395,0.5068,22974581.0,1776543119999,11632520.67037700,713,22898772.4,11593948.51462200,0
1776543120000,0.5068,0.51585,0.5068,0.51585,48649918.5,1776543299999,24895580.45659000,1082,48647573.9,24894382.92755000,0
1776543300000,0.51585,0.51585,0.5103,0.51159,15302952.8,1776543479999,7832917.88084800,643,1894.4,972.71703400,0
1776543480000,0.51159,0.51223,0.50828,0.50828,13550368.6,1776543659999,6904856.04751500,909,1451.7,741.68809200,0
1776543660000,0.50828,0.50828,0.50546,0.50655,21103994.2,1776543839999,10691996.96936900,1114,4686.1,2372.70994200,0
1776543840000,0.50655,0.50901,0.50533,0.50553,4741313.2,1776544019999,2403791.50386600,634,2102054.0,1069820.82241400,0
1776544020000,0.50546,0.50732,0.50344,0.50421,18366338.4,1776544199999,9260972.38778300,899,46059.9,23263.83390100,0
1776544200000,0.50417,0.50417,0.50194,0.50363,19539433.5,1776544379999,9821288.04880600,749,2435.4,1224.30097100,0
1776544380000,0.50363,0.50818,0.50225,0.50818,34218174.2,1776544559999,17308371.03782800,803,34217188.4,17307874.89460000,0
1776544560000,0.50818,0.50839,0.50487,0.50566,9924.5,1776544739999,5029.28029500,448,2267.4,1152.38492900,0
1776544740000,0.50839,0.5084,0.50387,0.50443,3137060.4,1776544919999,1581277.18272500,532,4500.2,2285.94172100,0
1776544920000,0.50462,0.5123,0.50384,0.5122,44825404.4,1776545099999,22844949.04597500,805,44737417.1,22800009.11045100,0
1776545100000,0.5123,0.51422,0.51139,0.51422,16589653.8,1776545279999,8513366.27301900,882,16504840.8,8469935.71187900,0
1776545280000,0.51422,0.51929,0.51422,0.51708,39221978.4,1776545459999,20255706.67744600,896,39219269.5,20254302.90298000,0
1776545460000,0.51708,0.51929,0.51643,0.5183,3723.4,1776545639999,1928.71516400,385,193.5,100.48261500,0
1776545640000,0.5183,0.5197,0.51641,0.51641,54403.8,1776545819999,28103.03554800,387,985.5,511.89372400,0
1776545820000,0.51641,0.52134,0.51463,0.52134,29119084.5,1776545999999,15091280.56209500,987,16707686.7,8693226.10590200,0
1776546000000,0.52134,0.52437,0.52044,0.52044,44211536.4,1776546179999,23092575.42820600,1102,37103337.6,19389288.76333400,0
1776546180000,0.52044,0.52424,0.52002,0.52424,11310228.8,1776546359999,5915662.53563200,655,9017296.5,4722713.82068300,0
1776546360000,0.52424,0.52424,0.51849,0.51849,12356830.6,1776546539999,6417876.70205800,683,3344.1,1748.84856400,0
1776546540000,0.51845,0.51877,0.51478,0.5155,4388575.8,1776546719999,2261212.96271100,579,217606.2,112308.85443200,0
1776546720000,0.5155,0.5155,0.51232,0.51232,23722840.9,1776546899999,12184649.47321800,948,869464.0,445644.28157000,0
1776546900000,0.51232,0.51747,0.51232,0.514,32852092.1,1776547079999,16953392.24189000,925,32850605.6,16952626.10707700,0
1776547080000,0.514,0.51444,0.5123,0.51372,4603829.4,1776547259999,2362863.91190700,596,382478.0,196059.02173800,0
1776547260000,0.51372,0.51372,0.51217,0.51355,2661352.3,1776547439999,1364439.72404000,597,1318802.5,676730.31419800,0
1776547440000,0.51355,0.51454,0.51105,0.51105,5939831.0,1776547619999,3053062.85358700,587,5934768.9,3050469.25475100,0
1776547620000,0.51105,0.51444,0.51105,0.51249,3668.3,1776547799999,1882.27703400,361,0,0,0
1776547800000,0.51249,0.51454,0.512,0.5142,3784.4,1776547979999,1942.28381300,372,41.6,21.40486400,0
1776547980000,0.5142,0.51424,0.51209,0.51395,3662.3,1776548159999,1880.02123400,361,0,0,0
1776548160000,0.51406,0.5143,0.51121,0.5128,3786.7,1776548339999,1942.64707000,375,0,0,0
1776548340000,0.5128,0.5147,0.51196,0.51276,3965.6,1776548519999,2036.56064800,405,381.4,196.25688200,0
1776548520000,0.51276,0.515,0.51257,0.5149,2459224.9,1776548699999,1266155.77271200,460,2455991.1,1264495.37739500,0
1776548700000,0.51483,0.51483,0.51269,0.51269,6017.3,1776548879999,3089.73063700,386,0,0,0
1776548880000,0.51266,0.515,0.50987,0.50987,11072073.3,1776549059999,5651066.11437700,885,7026.2,3596.59626300,0
1776549060000,0.50987,0.50987,0.5068,0.50718,12157614.7,1776549239999,6173071.11298500,1120,1505.1,764.43139300,0
1776549240000,0.50708,0.5081,0.50595,0.50595,4049.0,1776549419999,2053.02425800,445,1129.1,573.22177300,0
1776549420000,0.50595,0.5081,0.50517,0.5059,4020.3,1776549599999,2035.24419300,446,499.3,253.21408400,0
1776549600000,0.50567,0.5081,0.50514,0.50578,5838.2,1776549779999,2957.63333700,384,2024.0,1028.35010400,0
1776549780000,0.50563,0.50609,0.50512,0.5052,3841.8,1776549959999,1941.92418300,382,0,0,0
1776549960000,0.5052,0.50688,0.50483,0.50605,3374.8,1776550139999,1705.50104500,350,0,0,0
1776550140000,0.50605,0.50639,0.50338,0.50338,10214076.4,1776550319999,5148237.81322800,654,10.3,5.19686500,0
1776550320000,0.50338,0.50371,0.50234,0.50343,8406210.2,1776550499999,4228309.03028700,782,2208.9,1111.50733300,0
1776550500000,0.50343,0.50446,0.50266,0.50415,4439.3,1776550679999,2235.14631100,410,2319.1,1168.44146200,0
1776550680000,0.5041,0.50452,0.50234,0.50331,6166.5,1776550859999,3102.34040800,393,353.8,178.44155600,0
1776550860000,0.50331,0.50441,0.50255,0.50255,3933.2,1776551039999,1979.52090300,378,77.4,39.03855400,0
1776551040000,0.50291,0.50433,0.50234,0.50336,3773.4,1776551219999,1899.69318700,445,971.0,488.63455600,0
1776551220000,0.5035,0.50472,0.50331,0.50391,4191.8,1776551399999,2114.03738200,346,1527.4,770.70577900,0
1776551400000,0.50391,0.50472,0.50262,0.50262,3838.8,1776551579999,1932.49319300,396,343.9,173.35777300,0
1776551580000,0.50263,0.50472,0.50233,0.50343,4244.6,1776551759999,2135.92999500,438,896.8,451.77866100,0
1776551760000,0.5035,0.50489,0.50233,0.5024,6834.8,1776551939999,3444.14176700,403,2870.8,1449.13414400,0
1776551940000,0.5024,0.50489,0.50224,0.50305,3830.6,1776552119999,1929.28640700,389,31.4,15.85354600,0
1776552120000,0.50305,0.505,0.50305,0.50471,4067.5,1776552299999,2049.81161100,432,961.5,484.88654600,0
1776552300000,0.50471,0.50501,0.50283,0.50298,9169.0,1776552479999,4620.08717600,407,3355.2,1694.19470700,0
1776552480000,0.50298,0.50501,0.50096,0.50191,4441.5,1776552659999,2230.08600700,478,539.0,272.13730900,0
1776552660000,0.50183,0.50282,0.50096,0.50205,3920.0,1776552839999,1968.00318600,379,0,0,0
1776552840000,0.50218,0.50254,0.50153,0.50222,3985.6,1776553019999,2001.29477400,383,0,0,0
1776553020000,0.50208,0.50501,0.50089,0.50174,3940.9,1776553199999,1976.90702000,402,256.7,128.82811800,0
1776553200000,0.50174,0.50206,0.49978,0.49978,11580837.2,1776553379999,5793425.82232700,789,565.8,283.95381600,0
1776553380000,0.49978,0.49992,0.49789,0.49789,1010014.5,1776553559999,504762.83626100,501,864.1,431.92279600,0
1776553560000,0.49789,0.49789,0.49528,0.49542,15448713.8,1776553739999,7660988.42388300,957,624013.8,309281.50974200,0
1776553740000,0.49542,0.49737,0.4954,0.49664,706646.4,1776553919999,350884.22164600,516,663542.7,329528.16604700,0
1776553920000,0.49664,0.49939,0.49653,0.49939,6804312.3,1776554099999,3391842.48513400,755,6802739.0,3391060.15473800,0
1776554100000,0.49939,0.50168,0.49914,0.49929,10401027.5,1776554279999,5205753.99592400,782,10399471.9,5204976.06449600,0
1776554280000,0.49929,0.50176,0.4991,0.50176,3962.3,1776554459999,1983.31888400,389,239.9,120.36608000,0
1776554460000,0.50176,0.5025,0.5007,0.50132,3740.9,1776554639999,1876.51148700,394,1268.6,636.87096100,0
1776554640000,0.50132,0.50152,0.49904,0.49904,3721.7,1776554819999,1860.16374500,360,0,0,0
1776554820000,0.49904,0.50253,0.49892,0.50164,4397.4,1776554999999,2199.82922100,292,435.5,218.85006000,0
1776555000000,0.50164,0.5027,0.50068,0.5027,2888.6,1776555179999,1449.46538800,287,466.9,234.67079800,0
1776555180000,0.5027,0.5045,0.50208,0.5045,13642751.2,1776555359999,6866199.77419900,653,13641665.6,6865653.60217500,0
1776555360000,0.50431,0.50471,0.50376,0.50376,3533.4,1776555539999,1780.89999300,344,751.7,379.30656000,0
1776555540000,0.50376,0.50532,0.50235,0.50499,2752.1,1776555719999,1387.02874400,332,1024.4,517.13011400,0
1776555720000,0.50499,0.50535,0.50235,0.50414,7218.0,1776555899999,3632.33934500,341,579.7,292.57665100,0
1776555900000,0.50414,0.50536,0.50234,0.5052,35675.4,1776556079999,17926.70479100,364,417.5,210.70711600,0
1776556080000,0.5052,0.50777,0.50422,0.50777,18864717.9,1776556259999,9548217.02848300,621,18863509.1,9547606.86915300,0
1776556260000,0.50781,0.5116,0.50764,0.51036,17401401.9,1776556439999,8870717.53672600,744,17397441.3,8868698.93803700,0
1776556440000,0.51024,0.51047,0.50883,0.51028,59965.0,1776556619999,30574.74601700,279,0,0,0
1776556620000,0.51031,0.51113,0.50883,0.51111,2636.4,1776556799999,1344.72726300,259,0,0,0
1776556800000,0.51165,0.51478,0.51165,0.51427,38130905.7,1776556979999,19560040.12709300,999,38130690.9,19559929.83990600,0
1776556980000,0.51427,0.5161,0.51427,0.5161,3265806.6,1776557159999,1684109.19673300,457,3264824.7,1683603.36720200,0
1776557160000,0.51609,0.51616,0.51095,0.51113,21168648.1,1776557339999,10861273.53359400,565,241284.1,124526.63589800,0
1776557340000,0.51102,0.51391,0.51081,0.51181,1113592.3,1776557519999,568915.32774200,331,1284.4,658.36041800,0
1776557520000,0.51181,0.51364,0.51098,0.51353,2523.3,1776557699999,1292.99511500,247,0,0,0
1776557700000,0.51353,0.51436,0.50928,0.50943,19215046.8,1776557879999,9800153.40687400,571,573.8,294.02752900,0
1776557880000,0.50945,0.5096,0.50805,0.50905,3975744.8,1776558059999,2023049.85056500,739,1698.7,864.85571200,0
1776558060000,0.50905,0.50969,0.5068,0.5068,2208.7,1776558239999,1122.29639300,236,383.2,195.24261500,0
1776558240000,0.5068,0.5068,0.50548,0.50585,5619561.2,1776558419999,2842009.12804700,463,753.1,380.92143100,0
1776558420000,0.50548,0.50708,0.50534,0.50708,421614.1,1776558599999,213111.72098000,429,2453.7,1242.62671400,0
1776558600000,0.50699,0.50743,0.50607,0.50741,2789.4,1776558779999,1414.11691600,290,766.9,389.00866600,0
1776558780000,0.50741,0.50825,0.50645,0.50677,2789.1,1776558959999,1415.78949700,316,1001.9,508.82245600,0
1776558960000,0.50683,0.51079,0.50644,0.51079,17379952.8,1776559139999,8850680.79320800,596,17378053.2,8849715.42479200,0
1776559140000,0.51079,0.51194,0.51067,0.51175,3467747.2,1776559319999,1772935.52825000,454,3467294.4,1772703.93662500,0
1776559320000,0.51175,0.51343,0.51083,0.51343,4459025.0,1776559499999,2285930.36506500,531,4458207.5,2285512.19227200,0
1776559500000,0.51345,0.51373,0.51247,0.5134,1616242.5,1776559679999,830061.55633600,463,1614506.0,829170.38232300,0
1776559680000,0.51335,0.51566,0.51288,0.51566,2276.0,1776559859999,1169.62484500,256,1246.7,641.23280900,0
1776559860000,0.51566,0.52267,0.51566,0.52267,43080998.2,1776560039999,22361515.32532200,926,43007285.5,22323092.02472700,0
1776560040000,0.52267,0.52435,0.52267,0.52363,5462688.4,1776560219999,2861974.52616600,521,5459624.9,2860369.61139200,0
1776560220000,0.52363,0.52363,0.52051,0.52229,5244872.4,1776560399999,2742040.04101500,390,0,0,0
1776560400000,0.52229,0.52229,0.51759,0.51826,15308683.3,1776560579999,7944658.21706100,531,263.9,136.76007300,0
1776560580000,0.51759,0.51845,0.51654,0.51654,540479.4,1776560759999,279341.20952900,398,426.0,220.70768800,0
1776560760000,0.51654,0.52145,0.51643,0.52145,21840683.6,1776560939999,11363359.58627000,711,21828583.8,11357109.71395500,0
1776560940000,0.52145,0.5267,0.52145,0.5267,30140209.3,1776561119999,15792709.96627000,1024,30074090.6,15758200.07360200,0
1776561120000,0.5267,0.53286,0.5267,0.5327,43472313.4,1776561299999,23035398.76954300,834,43467867.5,23033035.96930100,0
1776561300000,0.5325,0.53302,0.52708,0.52835,24388322.8,1776561479999,12917681.80231100,677,1791516.4,954759.61747600,0
1776561480000,0.52835,0.52858,0.52658,0.52858,3061443.9,1776561659999,1613103.55483400,552,1586.3,836.92130500,0
1776561660000,0.52858,0.52939,0.52629,0.52649,1473976.1,1776561839999,779699.57288100,367,1467763.2,776427.33494600,0
1776561840000,0.52649,0.52649,0.52388,0.52529,17631735.0,1776562019999,9258813.04434700,652,1970.1,1033.45280200,0
1776562020000,0.52529,0.52534,0.52321,0.52534,2547016.4,1776562199999,1333593.74841500,578,1548.0,811.94648500,0
1776562200000,0.52537,0.52537,0.52061,0.52061,10139550.2,1776562379999,5284466.41218900,719,9.6,5.04355200,0
1776562380000,0.52061,0.52064,0.5187,0.51874,15775300.5,1776562559999,8198355.00032300,805,398.1,206.76221200,0
1776562560000,0.51874,0.51913,0.51804,0.51913,908455.2,1776562739999,471166.00176800,399,1835.7,952.53239800,0
1776562740000,0.51913,0.52419,0.51913,0.52076,13633819.6,1776562919999,7099055.70910100,776,12375510.7,6443396.90014200,0
1776562920000,0.52076,0.52455,0.52016,0.52455,1896994.2,1776563099999,994617.56655000,328,1893308.7,992698.38170700,0
1776563100000,0.52455,0.52992,0.52453,0.52942,36436829.0,1776563279999,19194123.77852600,892,36357369.0,19152070.06723900,0
1776563280000,0.52942,0.52992,0.52723,0.52723,6244.6,1776563459999,3302.63689500,334,270.0,143.07840000,0
1776563460000,0.52723,0.52834,0.52427,0.52514,15228083.7,1776563639999,8003739.66773100,568,1136.9,597.22396200,0
1776563640000,0.52514,0.52539,0.52304,0.52304,8270183.3,1776563819999,4332792.98786500,468,199.6,104.57114900,0
1776563820000,0.52304,0.52407,0.52231,0.52389,3314.4,1776563999999,1734.29168100,351,315.7,165.38382700,0
1776564000000,0.52389,0.52389,0.52168,0.52386,554192.4,1776564179999,289191.54100400,323,0,0,0
1776564180000,0.52283,0.52513,0.52168,0.52513,1858562.4,1776564359999,974755.74669300,305,1853258.3,971985.97033700,0
1776564360000,0.52513,0.5263,0.52493,0.52583,1901170.5,1776564539999,999760.76786000,483,1899374.9,998816.96586200,0
1776564540000,0.52607,0.52619,0.52456,0.52494,3257.0,1776564719999,1710.36246400,336,0,0,0
1776564720000,0.52494,0.5263,0.52421,0.52421,197569.0,1776564899999,103974.73861100,455,194361.5,102292.04627800,0
1776564900000,0.52421,0.5264,0.52322,0.5264,3146.4,1776565079999,1650.22243200,363,565.6,297.69744100,0
1776565080000,0.52642,0.52852,0.52622,0.52788,15632420.3,1776565259999,8248571.60119300,662,15631239.8,8247948.41477300,0
1776565260000,0.52788,0.52916,0.52783,0.52916,1276308.3,1776565439999,674845.86069500,364,1275099.1,674207.10532500,0
1776565440000,0.52916,0.52941,0.5271,0.52934,2595916.1,1776565619999,1373997.21574400,361,2563426.0,1356824.66713000,0
1776565620000,0.52904,0.53208,0.52904,0.53168,14911223.6,1776565799999,7920432.78271600,803,14910665.3,7920136.24817700,0
1776565800000,0.53168,0.53289,0.53061,0.53061,198112.2,1776565979999,105158.74482100,273,2502.7,1333.07068600,0
1776565980000,0.53061,0.53289,0.52874,0.52874,78856.0,1776566159999,41879.00945300,398,37676.1,20077.21692900,0
1776566160000,0.52874,0.53345,0.52833,0.53279,12762984.0,1776566339999,6790316.25541400,565,9564753.6,5100058.68220200,0
1776566340000,0.53273,0.53866,0.53271,0.53866,21644096.5,1776566519999,11567478.52371000,688,21640548.2,11565575.55874300,0
1776566520000,0.53866,0.53929,0.53806,0.53929,1399711.6,1776566699999,754271.60224400,482,1364249.3,735160.26733400,0
1776566700000,0.53929,0.53935,0.53653,0.53803,6331.2,1776566879999,3408.13901200,298,1997.7,1077.40038900,0
1776566880000,0.53803,0.53935,0.53461,0.53461,4921831.3,1776567059999,2632575.34177800,466,7828.1,4222.08573500,0
1776567060000,0.53461,0.53948,0.53461,0.5394,4014499.0,1776567239999,2164197.08831300,572,3594063.9,1937433.77033300,0
1776567240000,0.5394,0.53969,0.53762,0.53762,907079.8,1776567419999,489430.14300400,366,905263.1,488451.24883600,0
1776567420000,0.53809,0.53899,0.53715,0.53845,2137.4,1776567599999,1149.52124100,227,0,0,0
1776567600000,0.53845,0.54289,0.53715,0.54288,12049188.8,1776567779999,6517293.61598700,655,11862252.0,6415860.80009800,0
1776567780000,0.54288,0.54343,0.54042,0.54042,826241.0,1776567959999,448862.74976000,422,824267.9,447792.69475600,0
1776567960000,0.54039,0.54039,0.53637,0.53637,17696124.3,1776568139999,9523335.72895200,878,233.4,125.68693800,0
1776568140000,0.53637,0.53833,0.53262,0.53833,29815077.4,1776568319999,15938537.73112000,816,5856988.3,3150011.18258200,0
1776568320000,0.53833,0.54616,0.5383,0.54616,41224754.9,1776568499999,22352041.45589500,890,41156549.4,22315321.25614100,0
1776568500000,0.54616,0.54835,0.54561,0.54835,13251280.0,1776568679999,7249802.32448400,830,13250941.9,7249617.65158600,0
1776568680000,0.5484,0.55343,0.54831,0.54887,31955808.8,1776568859999,17563883.62494300,700,27381733.8,15050485.26681600,0
1776568860000,0.54887,0.54962,0.54532,0.54532,22493991.2,1776569039999,12293228.96963000,808,1976.8,1082.19293800,0
1776569040000,0.54532,0.55138,0.54532,0.55138,25323298.2,1776569219999,13921569.34859700,660,25320356.8,13919951.89340700,0
1776569220000,0.55138,0.55161,0.54929,0.55161,553869.2,1776569399999,305432.25981300,374,551656.8,304214.23443300,0
1776569400000,0.5514,0.55146,0.54544,0.54544,16633954.9,1776569579999,9092054.91024600,740,212.7,116.18868800,0
1776569580000,0.54544,0.54544,0.54202,0.54263,20175736.9,1776569759999,10973600.91469200,902,38.9,21.11063700,0
1776569760000,0.54224,0.54308,0.54111,0.54308,9857836.3,1776569939999,5338180.47892900,557,1787.9,969.54391700,0
1776569940000,0.54309,0.54319,0.54087,0.54097,14375.6,1776570119999,7781.34947700,316,204.6,111.12689000,0
1776570120000,0.54097,0.5432,0.54049,0.5432,1719.6,1776570299999,931.13272800,200,86.6,47.04092600,0
1776570300000,0.5432,0.54323,0.53862,0.53862,8781574.3,1776570479999,4734957.26754700,495,388.7,210.35685600,0
1776570480000,0.53862,0.53862,0.53603,0.53603,16060778.4,1776570659999,8636286.42182100,788,481.9,258.85369600,0
1776570660000,0.53603,0.53769,0.53579,0.53758,5581.3,1776570839999,2994.39853900,437,920.6,494.62715100,0
1776570840000,0.53758,0.53797,0.53506,0.53546,3727.5,1776571019999,2000.10051800,431,478.9,257.55784700,0
1776571020000,0.53546,0.53797,0.53422,0.53422,491642.9,1776571199999,262687.58549700,463,829.7,446.35370900,0
1776571200000,0.53428,0.53617,0.53357,0.53357,553296.8,1776571379999,295416.88255300,451,922.7,493.37415500,0
1776571380000,0.53357,0.53488,0.53298,0.53395,9044421.7,1776571559999,4822874.12902900,705,1494.0,797.74734800,0
1776571560000,0.53395,0.53412,0.53254,0.53396,4429079.4,1776571739999,2359798.02469000,587,2116.2,1128.86023800,0
1776571740000,0.53396,0.53549,0.53161,0.53189,5827539.2,1776571919999,3101423.12479200,677,79510.0,42292.85829100,0
1776571920000,0.53189,0.53244,0.53101,0.53183,7362496.2,1776572099999,3912842.09684100,692,588194.0,313063.23792500,0
1776572100000,0.53183,0.5341,0.52789,0.52932,19723211.9,1776572279999,10447801.18445800,757,398087.2,212595.97317500,0
1776572280000,0.52932,0.53302,0.52931,0.53265,944725.7,1776572459999,502158.68220200,511,942715.8,501090.73926200,0
1776572460000,0.53265,0.53336,0.5316,0.53194,3878.3,1776572639999,2064.26589100,463,177.2,94.49119600,0
1776572640000,0.53217,0.53371,0.53055,0.53055,3555636.6,1776572819999,1886773.33440000,534,211.2,112.67677200,0
1776572820000,0.53055,0.53055,0.52645,0.52645,17924325.4,1776572999999,9481614.15261600,869,335039.0,176807.98299900,0
1776573000000,0.52645,0.52645,0.52452,0.52452,6114505.1,1776573179999,3209205.59893700,761,271915.8,142671.32776900,0
1776573180000,0.52452,0.5256,0.52276,0.5256,11131144.0,1776573359999,5829074.49350900,865,253359.2,132815.81656800,0
1776573360000,0.52556,0.52752,0.52276,0.52664,9743621.1,1776573539999,5130598.58118300,737,9741109.8,5129280.48760800,0
1776573540000,0.5265,0.5275,0.52421,0.52589,3320.5,1776573719999,1746.41885200,356,0,0,0
1776573720000,0.52622,0.52691,0.52234,0.52234,11948927.4,1776573899999,6251246.34006300,555,0,0,0
1776573900000,0.52234,0.52236,0.51969,0.5209,9412615.1,1776574079999,4907799.72537700,870,924.7,481.18272700,0
1776574080000,0.5209,0.52217,0.5194,0.52209,5309.3,1776574259999,2763.90066400,433,1597.4,833.25225700,0
1776574260000,0.52203,0.52485,0.52181,0.52475,6378139.4,1776574439999,3337955.29174400,574,6376580.6,3337140.89324600,0
1776574440000,0.52483,0.52573,0.52462,0.52493,2161270.7,1776574619999,1134726.68290600,480,2159192.9,1133635.83763700,0
1776574620000,0.52493,0.52719,0.52428,0.52633,4841.7,1776574799999,2545.72270700,423,2886.4,1518.95198700,0
1776574800000,0.52633,0.52744,0.52402,0.52402,4839.6,1776574979999,2543.05901600,373,169.7,89.50208900,0
1776574980000,0.52402,0.52744,0.52187,0.5222,11182715.8,1776575159999,5849350.55691900,623,174165.8,90922.19772900,0
1776575160000,0.5222,0.52428,0.5215,0.52411,2462078.5,1776575339999,1285471.24083700,520,447434.4,234451.45564200,0
1776575340000,0.52411,0.52522,0.52397,0.52424,3402889.2,1776575519999,1785369.13272900,576,3400023.6,1783866.41849100,0
1776575520000,0.52424,0.52891,0.52264,0.52891,28771383.7,1776575699999,15132515.16002000,1060,18773723.6,9900709.89305800,0
1776575700000,0.52891,0.53191,0.52891,0.53107,27837324.9,1776575879999,14764291.14833400,774,27834783.8,14762943.29655100,0
1776575880000,0.53107,0.53231,0.52957,0.53053,722542.9,1776576059999,384457.27304100,530,718874.0,382509.84164900,0
1776576060000,0.53053,0.53243,0.52777,0.53065,8129038.7,1776576239999,4295319.57540800,651,1620.8,859.18095000,0
1776576240000,0.53065,0.53247,0.52777,0.53245,123400.7,1776576419999,65681.82957200,440,119451.0,63590.31985500,0
1776576420000,0.53245,0.53264,0.529,0.53099,1955070.2,1776576599999,1041221.06908800,543,1942045.6,1034293.42833000,0
1776576600000,0.5311,0.53359,0.5311,0.53336,15746368.0,1776576779999,8395908.02764900,726,15744562.5,8394946.76156200,0
1776576780000,0.53336,0.53362,0.53249,0.53253,192350.4,1776576959999,102430.43338200,411,1743.4,929.86077100,0
1776576960000,0.53256,0.54309,0.53256,0.54309,52951079.1,1776577139999,28557848.96982200,1364,52950697.7,28557642.80546900,0
1776577140000,0.54309,0.54347,0.54185,0.54347,6348319.2,1776577319999,3448700.28389000,595,6345583.3,3447215.17915600,0
1776577320000,0.54336,0.54356,0.54259,0.54356,1777184.6,1776577499999,965916.41417800,502,1775888.3,965212.48575300,0
1776577500000,0.54356,0.54356,0.53928,0.53928,5887.7,1776577679999,3190.44167200,461,535.9,291.23791100,0
1776577680000,0.53928,0.53928,0.53783,0.53814,12490520.8,1776577859999,6725245.72603900,853,1390.0,748.38170100,0
1776577860000,0.53814,0.53998,0.53732,0.53732,4949039.2,1776578039999,2660533.77673900,586,11174.6,6014.97135100,0
1776578040000,0.53737,0.53858,0.53708,0.53708,3684.1,1776578219999,1980.53232400,407,1159.1,623.57626800,0
1776578220000,0.53706,0.53858,0.5362,0.53659,10294.2,1776578399999,5528.99596200,481,4188.1,2253.80532900,0
1776578400000,0.53659,0.54846,0.5362,0.54676,18299076.7,1776578579999,9925197.75834400,728,18293822.0,9922326.48947200,0
1776578580000,0.54643,0.54846,0.54393,0.54393,4316960.7,1776578759999,2349116.25394400,482,183.3,100.53271800,0
1776578760000,0.54393,0.54846,0.54371,0.54579,1773129.5,1776578939999,970078.73304800,547,1429616.2,783270.50695900,0
1776578940000,0.54579,0.54579,0.54292,0.54396,8090464.7,1776579119999,4395885.68249100,689,2191.4,1190.92971600,0
1776579120000,0.54404,0.54739,0.5424,0.54648,23320389.5,1776579299999,12726474.29088400,720,23318342.2,12725359.53512300,0
1776579300000,0.54648,0.54965,0.54648,0.54965,12463788.7,1776579479999,6830192.64493000,814,12462700.8,6829597.14222700,0
1776579480000,0.54965,0.55974,0.54965,0.55731,29558852.7,1776579659999,16320162.49806200,943,29529054.7,16303719.04740400,0
1776579660000,0.55766,0.56449,0.55708,0.56302,20785543.8,1776579839999,11648659.43907800,664,20782206.1,11646787.95859200,0
1776579840000,0.56292,0.56449,0.55742,0.55742,11311486.3,1776580019999,6327950.46757600,782,1108.8,619.87041300,0
1776580020000,0.5573,0.55754,0.55572,0.55599,13387168.5,1776580199999,7450163.62726300,807,1582.2,880.77235600,0
1776580200000,0.55602,0.55686,0.55386,0.55386,11777096.8,1776580379999,6532410.85000100,840,2146.0,1191.74932000,0
1776580380000,0.55386,0.55386,0.55258,0.55324,8178507.9,1776580559999,4524654.25090300,660,21963.6,12158.80486400,0
1776580560000,0.55324,0.55679,0.55324,0.55612,7459157.2,1776580739999,4146653.22741500,558,7457918.6,4145964.53710000,0
1776580740000,0.55612,0.55695,0.55445,0.55695,3713.3,1776580919999,2063.78166000,420,465.7,259.22111300,0
1776580920000,0.55695,0.55804,0.55425,0.55509,13452745.6,1776581099999,7502373.92550300,719,13449748.1,7500707.45301100,0
1776581100000,0.55509,0.55804,0.55482,0.55721,4275.0,1776581279999,2378.74252400,418,189.1,105.52536400,0
1776581280000,0.55721,0.5581,0.55667,0.55667,1440284.2,1776581459999,803771.88134200,482,1437084.5,801988.92381000,0
1776581460000,0.55665,0.55885,0.55568,0.55885,4037.1,1776581639999,2249.30883100,496,1460.3,815.29579000,0
1776581640000,0.55885,0.56129,0.55568,0.56129,18739705.3,1776581819999,10495152.26148400,819,18737709.3,10494034.03346800,0
1776581820000,0.56129,0.56367,0.56127,0.56359,2254378.8,1776581999999,1268543.74034900,782,2251900.5,1267149.17377300,0
1776582000000,0.56359,0.56411,0.5625,0.56411,668888.4,1776582179999,377130.52058200,428,666043.6,375528.58827500,0
1776582180000,0.56413,0.5642,0.56235,0.56239,9386.7,1776582359999,5292.61224700,394,6145.8,3467.39632200,0
1776582360000,0.56235,0.5642,0.56127,0.56191,4820.3,1776582539999,2711.06909900,410,457.0,257.83940000,0
1776582540000,0.56191,0.56191,0.55669,0.56095,10093606.7,1776582719999,5658255.63609200,713,1671758.7,936908.77555800,0
1776582720000,0.56095,0.56334,0.55968,0.56273,502746.4,1776582899999,281521.17602900,426,1887.8,1059.55850100,0
1776582900000,0.56273,0.56553,0.56273,0.56469,20618338.9,1776583079999,11635302.59183400,725,20614764.1,11633283.67377700,0
1776583080000,0.56469,0.56606,0.56381,0.56381,832283.9,1776583259999,470698.01042300,419,830115.2,469473.22033800,0
1776583260000,0.56381,0.56381,0.55911,0.5602,21976559.4,1776583439999,12328355.76372000,780,37561.4,21012.92009100,0
1776583440000,0.5602,0.5602,0.55272,0.55404,19113485.9,1776583619999,10629794.22842600,597,161919.4,90428.61199500,0
1776583620000,0.55404,0.55507,0.55322,0.55507,1033818.2,1776583799999,572867.31743500,477,1031307.4,571475.24937800,0
1776583800000,0.55507,0.55951,0.55466,0.55951,15356477.2,1776583979999,8548912.32117400,841,14904243.3,8297566.94248400,0
1776583980000,0.55951,0.56138,0.559,0.56138,3431.6,1776584159999,1920.92562700,407,2362.0,1322.78324700,0
1776584160000,0.56145,0.56855,0.56145,0.56684,38888691.6,1776584339999,21940404.62046300,1074,38886932.1,21939407.24319400,0
1776584340000,0.56684,0.56893,0.56521,0.56798,2559276.0,1776584519999,1455614.12867300,492,2555512.0,1453481.81927900,0
1776584520000,0.56798,0.57282,0.56752,0.57282,30146453.8,1776584699999,17197660.32157000,1038,30144852.9,17196747.91296000,0
1776584700000,0.57282,0.57484,0.57227,0.57484,380825.4,1776584879999,218189.42528500,465,379194.7,217255.80070600,0
1776584880000,0.57485,0.57774,0.57414,0.57414,27612246.8,1776585059999,15911818.46207900,772,25089522.2,14462763.97978600,0
1776585060000,0.57418,0.57418,0.57166,0.57322,6441746.5,1776585239999,3689415.17595600,537,17031.1,9753.30306000,0
1776585240000,0.57322,0.57347,0.57122,0.57229,44813.7,1776585419999,25606.52161200,349,277.3,158.68523500,0
1776585420000,0.57227,0.57405,0.56778,0.56778,14329647.1,1776585599999,8159008.18078700,767,626.3,359.03054100,0
1776585600000,0.56786,0.56786,0.56595,0.56599,2791483.7,1776585779999,1583393.14026700,618,921.1,522.00360900,0
1776585780000,0.56599,0.5684,0.56599,0.5684,3245.1,1776585959999,1840.23823200,357,1224.0,693.65862600,0
1776585960000,0.56837,0.57241,0.56594,0.57241,24688352.7,1776586139999,14096063.05039900,695,24665932.0,14083373.28718100,0
1776586140000,0.57241,0.57305,0.57166,0.57224,578902.7,1776586319999,331487.65498000,433,576498.8,330112.02714600,0
1776586320000,0.57224,0.57357,0.5711,0.57274,2694.6,1776586499999,1541.73430400,325,527.7,302.46899400,0
1776586500000,0.57274,0.57701,0.57253,0.57701,26168015.6,1776586679999,15061537.72966200,836,26165906.2,15060325.28186000,0
1776586680000,0.57701,0.58183,0.57701,0.58183,23028560.3,1776586859999,13333744.00219400,831,23026613.1,13332616.04413600,0
1776586860000,0.58183,0.58369,0.58175,0.58175,9181518.4,1776587039999,5347999.12878100,516,9180412.2,5347354.57749700,0
1776587040000,0.58175,0.59479,0.58123,0.59408,40132946.2,1776587219999,23552542.44062400,798,40129418.5,23550481.45180700,0
1776587220000,0.59408,0.59479,0.58633,0.58701,1963913.4,1776587399999,1156640.41949900,543,253134.0,148766.19282000,0
1776587400000,0.58701,0.59099,0.58544,0.58966,18298989.0,1776587579999,10786170.81869600,632,16767657.9,9883011.87120700,0
1776587580000,0.5894,0.58966,0.58199,0.58199,14785338.5,1776587759999,8635221.01855100,546,856.4,504.78510800,0
1776587760000,0.58199,0.58199,0.57913,0.58096,8370452.4,1776587939999,4863854.47995300,651,2390.7,1387.42646700,0
1776587940000,0.58048,0.58212,0.57826,0.57858,1874.8,1776588119999,1087.10307700,256,502.4,292.09214200,0
1776588120000,0.57858,0.57858,0.576,0.57693,11517702.8,1776588299999,6647988.41744900,466,2906.4,1677.28173900,0
1776588300000,0.57693,0.57798,0.57537,0.57798,1828962.4,1776588479999,1052992.28805000,499,1672.8,964.62946400,0
1776588480000,0.5781,0.58206,0.57537,0.58206,11545897.5,1776588659999,6700587.51226700,723,11545358.3,6700275.66831900,0
1776588660000,0.58206,0.58592,0.58206,0.58491,28218781.8,1776588839999,16498305.64099200,829,28218009.5,16497853.72822600,0
1776588840000,0.58491,0.58717,0.58436,0.58717,32615.2,1776589019999,19090.12872800,380,15385.4,9018.41124500,0
1776589020000,0.58717,0.59235,0.58717,0.59111,31541935.1,1776589199999,18589030.48876900,967,31533892.2,18584271.54118700,0
1776589200000,0.59235,0.5932,0.59089,0.5932,1050142.4,1776589379999,622920.63801900,290,1045803.9,620356.00011200,0
1776589380000,0.59322,0.59558,0.59089,0.59558,12376208.6,1776589559999,7363908.66974400,695,12375222.3,7363322.15742600,0
1776589560000,0.59558,0.59897,0.5951,0.59897,13406661.5,1776589739999,8013349.69879900,522,13405799.7,8012836.56718400,0
1776589740000,0.59897,0.59898,0.59493,0.5983,2112001.9,1776589919999,1259269.28160000,324,159924.3,95790.02332400,0
1776589920000,0.5983,0.59993,0.59759,0.5988,4050240.0,1776590099999,2427478.15080300,453,4048856.0,2426649.50505700,0
1776590100000,0.5988,0.60239,0.5988,0.60226,22419490.0,1776590279999,13482151.60769500,676,22417081.2,13480704.10473500,0
1776590280000,0.60239,0.60316,0.59999,0.59999,1864904.9,1776590459999,1124144.34620800,536,1862660.6,1122793.04431900,0
1776590460000,0.60016,0.60029,0.59592,0.59668,21051893.8,1776590639999,12591471.09156300,646,2659.5,1585.55909600,0
1776590640000,0.59668,0.60044,0.59668,0.60044,785558.5,1776590819999,471656.16165600,380,784561.0,471058.74048400,0
1776590820000,0.60044,0.60458,0.60044,0.60458,16079911.9,1776590999999,9680644.30089000,845,16052852.4,9664323.16418700,0
1776591000000,0.60458,0.60466,0.60252,0.60252,168532.8,1776591179999,101889.74361900,349,162923.8,98503.70470400,0
1776591180000,0.60267,0.60337,0.60118,0.60292,2468.1,1776591359999,1486.00809100,303,0,0,0
1776591360000,0.60292,0.6053,0.60118,0.6047,14951.9,1776591539999,9008.78968900,350,4124.5,2495.71189000,0
1776591540000,0.6047,0.60533,0.59986,0.60224,6124209.9,1776591719999,3677931.90291100,513,22858.7,13833.30797100,0
1776591720000,0.59986,0.60377,0.59976,0.6,280757.1,1776591899999,168408.91157500,310,2383.2,1437.31880100,0
1776591900000,0.60006,0.60453,0.59777,0.601,19920137.5,1776592079999,11989949.78406800,860,11382736.5,6874084.76503500,0
1776592080000,0.60059,0.60453,0.59653,0.59653,12954743.9,1776592259999,7761496.63148100,937,1685997.4,1009599.90606100,0
1776592260000,0.59653,0.59704,0.59491,0.5956,7423319.2,1776592439999,4419732.07532400,501,298.7,178.25992600,0
1776592440000,0.59607,0.59607,0.5916,0.59288,22131534.3,1776592619999,13130676.26852600,576,502.0,297.45620400,0
1776592620000,0.59246,0.5992,0.5916,0.5992,21118196.6,1776592799999,12604817.37491200,701,21108185.8,12598821.95046100,0
1776592800000,0.5992,0.60315,0.59896,0.60262,17165131.0,1776592979999,10321490.13571800,682,17161373.3,10319231.15936100,0
1776592980000,0.60223,0.60223,0.59867,0.59867,1520523.9,1776593159999,911060.45397500,435,3829.4,2293.99360100,0
1776593160000,0.59867,0.59867,0.59156,0.5928,48271326.4,1776593339999,28740206.45370600,983,839.0,497.66204300,0
1776593340000,0.5928,0.59586,0.5928,0.59308,2061132.0,1776593519999,1226505.47113800,434,1535846.6,914939.59444500,0
1776593520000,0.59308,0.59586,0.5908,0.5908,9216939.8,1776593699999,5450553.01584000,698,1000.3,595.23052200,0
1776593700000,0.5908,0.5952,0.58968,0.5952,14317961.1,1776593879999,8481794.90026400,761,10789942.0,6399021.34256800,0
1776593880000,0.5952,0.59907,0.59406,0.59906,7445734.8,1776594059999,4438592.69040000,591,7444934.8,4438116.85822800,0
1776594060000,0.59906,0.59937,0.59108,0.59141,14314076.0,1776594239999,8551678.87128100,707,1171576.1,701978.08454000,0
1776594240000,0.59108,0.59422,0.5891,0.5891,2097427.0,1776594419999,1237815.57181000,636,894.7,529.38441700,0
1776594420000,0.5891,0.59686,0.58901,0.5964,15971100.0,1776594599999,9487494.16006400,667,15960527.6,9481265.18000700,0
1776594600000,0.59686,0.59867,0.59413,0.59828,5441869.4,1776594779999,3250216.37041100,667,5422520.9,3238674.52661400,0
1776594780000,0.59828,0.59828,0.59507,0.59688,11381.5,1776594959999,6800.29037900,335,0,0,0
1776594960000,0.59688,0.60007,0.59567,0.60007,10710092.1,1776595139999,6421447.09845500,579,10709115.4,6420862.90466000,0
1776595140000,0.60007,0.60139,0.59934,0.60033,8571179.5,1776595319999,5146786.10130300,619,8562080.4,5141316.36949000,0
1776595320000,0.60033,0.60346,0.60033,0.60346,3176695.7,1776595499999,1916570.01279800,351,3176350.6,1916362.64943500,0
1776595500000,0.60346,0.60398,0.60034,0.6037,3315.8,1776595679999,1998.93203000,323,473.1,285.60149000,0
1776595680000,0.6037,0.60398,0.59924,0.59924,2712621.0,1776595859999,1626350.44230700,420,1217.3,733.85956700,0
1776595860000,0.59924,0.6015,0.59884,0.59884,4982281.0,1776596039999,2984504.26994100,442,102869.8,61653.85791400,0
1776596040000,0.59883,0.59883,0.59594,0.59687,18218432.2,1776596219999,10887245.70617200,901,767.3,457.95124200,0
1776596220000,0.59687,0.59697,0.59363,0.59363,2531.5,1776596399999,1507.55571100,324,62.8,37.48578100,0
1776596400000,0.59363,0.59417,0.59175,0.59378,10567075.0,1776596579999,6262443.86463000,574,2973.7,1765.65891600,0
1776596580000,0.59378,0.59379,0.5914,0.59379,2250622.1,1776596759999,1331374.75493900,346,5547.2,3283.69599900,0
1776596760000,0.59379,0.59661,0.59228,0.59632,18409792.4,1776596939999,10960211.27522400,628,18408576.9,10959488.38685800,0
1776596940000,0.59632,0.5965,0.59383,0.59457,2108.9,1776597119999,1255.31993000,282,0,0,0
1776597120000,0.59457,0.59666,0.58706,0.58706,17637030.4,1776597299999,10411964.85504900,745,4980.9,2960.95616200,0
1776597300000,0.58706,0.59119,0.58223,0.59081,40332946.4,1776597479999,23634531.78987900,862,10834239.2,6382322.51699500,0
1776597480000,0.59106,0.59214,0.58987,0.58987,5051637.5,1776597659999,2988160.36443600,434,4750477.6,2810407.94265800,0
1776597660000,0.58987,0.58987,0.58424,0.58424,28726194.4,1776597839999,16850299.30273300,816,2116.4,1237.28871200,0
1776597840000,0.58424,0.58606,0.58422,0.58523,33549.0,1776598019999,19608.71578800,312,22609.2,13216.49678500,0
1776598020000,0.58523,0.58747,0.5838,0.58384,3969901.1,1776598199999,2318377.61916500,525,2499.2,1465.97233300,0
1776598200000,0.58389,0.58459,0.58125,0.58222,11174721.5,1776598379999,6509694.61992100,536,4487.4,2619.29496800,0
1776598380000,0.58222,0.58222,0.57981,0.58016,11004515.0,1776598559999,6390307.42364600,689,1408.7,818.68281000,0
1776598560000,0.58016,0.5815,0.5782,0.5815,10522892.9,1776598739999,6113903.63817300,607,10177494.4,5913695.43281600,0
1776598740000,0.5815,0.58295,0.57817,0.5784,8295569.4,1776598919999,4833049.27279400,478,8292624.8,4831339.86237300,0
1776598920000,0.5784,0.58504,0.57675,0.58504,31113529.0,1776599099999,18088157.04050000,1102,20044811.1,11696515.71719600,0
1776599100000,0.58504,0.58504,0.58248,0.58248,12239.8,1776599279999,7144.98842900,302,1888.3,1104.73103200,0
1776599280000,0.58228,0.58504,0.58143,0.58183,10899.5,1776599459999,6369.16585100,295,8546.3,4999.92735200,0
1776599460000,0.58183,0.58704,0.58175,0.58572,12448116.0,1776599639999,7296314.76657700,546,12444172.1,7294006.15541600,0
1776599640000,0.58572,0.58747,0.58432,0.58747,3684656.2,1776599819999,2163955.82095600,446,3682461.2,2162671.30414400,0
1776599820000,0.58747,0.58868,0.58745,0.58868,4484859.4,1776599999999,2635989.85421900,496,4481492.2,2634010.29966200,0
1776600000000,0.58868,0.58877,0.58716,0.58716,23425.5,1776600179999,13790.05055500,333,20958.2,12339.13727200,0
1776600180000,0.58716,0.59336,0.58506,0.59336,47866332.2,1776600359999,28284862.79903900,761,47864390.4,28283724.83724500,0
1776600360000,0.59336,0.59778,0.58942,0.58951,6975452.7,1776600539999,4136813.80115600,422,1355974.3,804917.22956000,0
1776600540000,0.58951,0.59145,0.58749,0.58749,2734.4,1776600719999,1611.77904600,329,161.3,95.40088500,0
1776600720000,0.58749,0.58781,0.58524,0.5877,13936923.8,1776600899999,8169265.71787400,566,4501.0,2640.53561500,0
1776600900000,0.58784,0.59145,0.58524,0.59145,2286490.7,1776601079999,1348036.17025400,484,2211019.3,1303529.67923200,0
1776601080000,0.59145,0.59683,0.59145,0.59683,27756273.9,1776601259999,16497162.56488600,1059,27745980.1,16491070.71466600,0
1776601260000,0.59683,0.59775,0.59468,0.59468,2283136.7,1776601439999,1363513.75789000,493,2273998.9,1358064.02899500,0
1776601440000,0.59461,0.59775,0.59286,0.59366,35966.6,1776601619999,21444.40175600,252,21986.6,13142.49015000,0
1776601620000,0.59362,0.5979,0.59341,0.59545,73442.1,1776601799999,43907.04140900,314,71304.3,42632.81340800,0
1776601800000,0.59545,0.59689,0.59472,0.59472,2736.5,1776601979999,1630.21952500,377,220.4,131.38023400,0
1776601980000,0.59472,0.5979,0.59172,0.5947,10211873.5,1776602159999,6050393.77940600,471,5364.5,3201.30794200,0
1776602160000,0.5947,0.5947,0.59141,0.59283,1291012.3,1776602339999,763737.64307900,313,5987.1,3543.96135000,0
1776602340000,0.59283,0.59304,0.5904,0.5904,1393713.5,1776602519999,824126.96786400,532,7494.3,4438.82316900,0
1776602520000,0.5904,0.59407,0.59038,0.59407,8458.3,1776602699999,4997.97487600,317,1360.2,806.54147400,0
1776602700000,0.59407,0.60095,0.5937,0.60092,25248403.0,1776602879999,15073335.91574500,992,25220366.3,15056546.44637200,0
1776602880000,0.60092,0.60222,0.59823,0.60094,84244.3,1776603059999,50518.44029100,386,42736.8,25685.17470500,0
1776603060000,0.60094,0.6025,0.60023,0.60084,388018.0,1776603239999,233761.18225100,376,385820.6,232440.73914200,0
1776603240000,0.60023,0.61434,0.60023,0.61403,45331295.3,1776603419999,27485177.69685900,848,45202802.5,27406333.12856900,0
1776603420000,0.61403,0.62922,0.61293,0.62922,39195363.4,1776603599999,24263417.34451100,1034,38816147.8,24030113.26170200,0
1776603600000,0.62917,0.62971,0.62157,0.62478,33452006.9,1776603779999,20893186.34094900,789,23878282.0,14917809.89807200,0
1776603780000,0.62451,0.62971,0.621,0.62135,23911101.5,1776603959999,14924520.14317400,874,9615721.4,6007873.82809200,0
1776603960000,0.62135,0.62939,0.621,0.62939,697539.4,1776604139999,438259.87002700,540,628417.4,394769.38920700,0
1776604140000,0.62939,0.63278,0.62911,0.63183,14556073.7,1776604319999,9182139.70580200,689,14543628.0,9174301.83903800,0
1776604320000,0.63278,0.63278,0.61851,0.61851,40189405.5,1776604499999,25043598.89620700,1151,236415.1,146836.84649000,0
1776604500000,0.61851,0.62249,0.61443,0.62137,28797746.4,1776604679999,17790176.56314300,832,9224717.2,5723470.07628600,0
1776604680000,0.62137,0.62273,0.62006,0.62273,375273.7,1776604859999,233618.53104000,197,374004.2,232829.71676100,0
1776604860000,0.62274,0.62852,0.62274,0.62821,32099940.2,1776605039999,20089341.20901600,653,32039737.3,20051568.67814200,0
1776605040000,0.62852,0.6291,0.6259,0.62643,158191.2,1776605219999,99064.15148400,387,1602.3,1005.00621800,0
1776605220000,0.62643,0.6291,0.62267,0.62284,13542394.1,1776605399999,8454568.23275600,570,421660.7,264752.40590600,0
1776605400000,0.62267,0.62791,0.6219,0.62791,11799552.9,1776605579999,7368202.64906900,496,6518210.7,4082040.17164200,0
1776605580000,0.62791,0.63704,0.62781,0.63566,15900867.8,1776605759999,10046474.69088200,889,15851733.0,10015215.91428600,0
1776605760000,0.63517,0.63757,0.63172,0.63199,11770819.9,1776605939999,7453818.00165000,463,204851.9,130296.49316800,0
1776605940000,0.63221,0.63627,0.63117,0.63189,7343832.0,1776606119999,4647052.10748400,622,4806788.5,3043990.72637400,0
1776606120000,0.63117,0.63236,0.62729,0.62842,11451092.0,1776606299999,7194894.11280200,562,3207.0,2027.97835600,0
1776606300000,0.62842,0.63236,0.62567,0.6266,10750076.8,1776606479999,6735967.27964900,449,51051.5,32279.77185900,0
1776606480000,0.6264,0.62976,0.62634,0.62789,538637.2,1776606659999,338332.38716800,365,537354.1,337526.07959000,0
1776606660000,0.62782,0.63008,0.62567,0.62732,88214.4,1776606839999,55375.12340400,410,40620.8,25592.15793000,0
1776606840000,0.62732,0.63239,0.62579,0.63239,18342828.7,1776607019999,11576876.50153600,858,17877690.9,11285229.17841200,0
1776607020000,0.63239,0.64557,0.63239,0.64416,57442170.0,1776607199999,36600396.19448600,902,57353800.7,36543587.23444800,0
1776607200000,0.64416,0.65069,0.64396,0.65069,22155969.9,1776607379999,14379526.59746300,744,22018303.6,14290866.28694900,0
1776607380000,0.65062,0.65069,0.64078,0.64666,25372823.9,1776607559999,16342962.03585400,970,5914574.5,3816495.03570300,0
1776607560000,0.64666,0.64767,0.64274,0.64664,9817656.4,1776607739999,6327054.89122800,783,1891467.2,1224243.50278900,0
1776607740000,0.64664,0.64884,0.64531,0.64884,7125585.4,1776607919999,4618947.59104100,683,7074429.3,4585923.62465200,0
1776607920000,0.64892,0.6615,0.64862,0.6615,57088271.9,1776608099999,37321848.58289700,1411,57077702.8,37314905.79106300,0
1776608100000,0.6615,0.66174,0.65977,0.65977,1127889.3,1776608279999,745822.33549200,453,762156.8,504300.27993200,0
1776608280000,0.65977,0.66313,0.65936,0.66313,693455.4,1776608459999,459530.38663800,500,668977.4,443384.25823200,0
1776608460000,0.66271,0.66728,0.6623,0.66427,24560275.3,1776608639999,16336602.29002300,840,24431090.9,16250966.42875800,0
1776608640000,0.66427,0.66891,0.66256,0.66891,12983694.4,1776608819999,8663034.61320800,871,10706756.5,7151414.48562200,0
1776608820000,0.66891,0.6735,0.6677,0.6709,10817179.7,1776608999999,7255132.65322500,635,10811794.9,7251515.88412900,0
1776609000000,0.6709,0.6735,0.66583,0.66736,20316450.4,1776609179999,13570297.15962300,722,45292.4,30193.60079400,0
1776609180000,0.66736,0.67375,0.66582,0.67375,1712769.5,1776609359999,1149835.06787700,495,1596651.3,1072207.76981400,0
1776609360000,0.67218,0.67375,0.66647,0.67108,837667.2,1776609539999,561709.69553300,549,685461.7,459651.27711600,0
1776609540000,0.67108,0.6735,0.66478,0.66614,18965745.9,1776609719999,12649046.04419300,704,3687.5,2478.08156900,0
1776609720000,0.66614,0.67029,0.6642,0.6699,10225309.9,1776609899999,6818866.81236800,600,4903967.2,3283127.57320100,0
1776609900000,0.6699,0.68404,0.6699,0.68404,29344478.3,1776610079999,19879147.91596200,974,29333992.2,19872019.35754600,0
1776610080000,0.68404,0.68676,0.67482,0.67499,12654622.5,1776610259999,8641235.15425500,641,7499380.9,5138426.37332100,0
1776610260000,0.67499,0.67963,0.67482,0.67858,3339507.5,1776610439999,2263228.42430400,433,3288423.4,2228574.82124200,0
1776610440000,0.67858,0.67971,0.6576,0.65803,45029328.9,1776610619999,29967240.24253400,1097,2794891.9,1848756.65213500,0
1776610620000,0.65797,0.66656,0.65797,0.66383,7422620.9,1776610799999,4925390.49588600,643,6987859.4,4638587.97167400,0
1776610800000,0.66383,0.66871,0.66359,0.66871,5642443.2,1776610979999,3769827.75919800,460,5631927.1,3762845.99255100,0
1776610980000,0.66871,0.67147,0.66584,0.66973,20413219.6,1776611159999,13670455.28553200,860,15084677.1,10103427.80706100,0
1776611160000,0.66973,0.6702,0.65883,0.66381,29602064.1,1776611339999,19628336.17521400,758,4471357.6,2964531.13602200,0
1776611340000,0.66381,0.66633,0.66284,0.66633,5292123.4,1776611519999,3521078.37601500,450,5270142.9,3506507.67270000,0
1776611520000,0.66633,0.66644,0.66134,0.66134,11243908.3,1776611699999,7450749.90672600,730,195525.1,130271.57014300,0
1776611700000,0.66134,0.6677,0.66081,0.66747,11905471.0,1776611879999,7905493.53013900,669,6099948.6,4067091.30556000,0
1776611880000,0.66751,0.66872,0.66658,0.66658,1367258.6,1776612059999,913640.40462700,398,1356540.3,906480.54838500,0
1776612060000,0.66658,0.66872,0.66134,0.66154,16472518.9,1776612239999,10937973.01489500,742,39926.3,26546.29033200,0
1776612240000,0.6614,0.66244,0.65345,0.65345,27574312.8,1776612419999,18153903.93696400,699,5579.5,3693.82422700,0
1776612420000,0.65354,0.6563,0.64208,0.65313,59555995.2,1776612599999,38569396.24748000,1034,13929611.3,9032790.35558600,0
1776612600000,0.65313,0.65443,0.65033,0.652,12287290.4,1776612779999,8004069.55300400,615,26207.3,17134.56044300,0
1776612780000,0.652,0.65529,0.65033,0.65448,1265695.9,1776612959999,828571.28904800,347,1194346.7,782164.90872700,0
1776612960000,0.65427,0.65585,0.64272,0.64758,29913103.9,1776613139999,19392233.67707400,874,7397423.4,4801238.92703400,0
1776613140000,0.64758,0.64915,0.64409,0.64687,8876144.5,1776613319999,5741839.66492400,621,2004560.6,1299708.06762700,0
1776613320000,0.64687,0.65099,0.64652,0.65099,13079817.1,1776613499999,8504556.41653900,774,12878364.2,8373970.82559100,0
1776613500000,0.65106,0.65988,0.65087,0.65578,58737235.2,1776613679999,38502643.35208100,972,54373385.4,35638793.88142100,0
1776613680000,0.65578,0.6629,0.65576,0.66088,7523732.6,1776613859999,4966929.13476100,627,7518059.2,4963176.85193500,0
1776613860000,0.66086,0.6629,0.645,0.64722,36837739.6,1776614039999,24021817.60271800,851,5387.4,3533.70501100,0
1776614040000,0.64759,0.65026,0.64287,0.64524,12619957.7,1776614219999,8139064.21325800,473,363366.5,235807.04051200,0
1776614220000,0.64524,0.64972,0.64286,0.64676,11161443.3,1776614399999,7216640.93935600,531,10704270.0,6922735.15090900,0
1776614400000,0.64972,0.64972,0.61637,0.61675,84951613.9,1776614579999,53696750.94323000,1199,116419.5,74752.28990900,0
1776614580000,0.61675,0.6295,0.61675,0.62873,16211477.2,1776614759999,10105176.35802400,576,9742991.6,6059558.58681200,0
1776614760000,0.62873,0.64381,0.62873,0.63558,197610.0,1776614939999,125657.93514300,521,37680.9,24023.81671400,0
1776614940000,0.63557,0.63578,0.63388,0.63395,2879797.4,1776615119999,1830652.19739500,398,2877349.3,1829098.55458900,0
1776615120000,0.63395,0.63578,0.62584,0.62621,24701395.8,1776615299999,15559741.13523900,738,4220.1,2680.78979700,0
1776615300000,0.6264,0.62675,0.61787,0.62041,43667106.0,1776615479999,27141638.59409400,958,147237.6,91207.69733500,0
1776615480000,0.62102,0.62375,0.61307,0.61312,19874911.1,1776615659999,12268466.25288600,835,1313622.0,817618.93951200,0
1776615660000,0.61312,0.61966,0.61312,0.6192,7221140.3,1776615839999,4459613.93971400,474,7219395.5,4458534.94510100,0
1776615840000,0.61915,0.61977,0.59561,0.59671,68314935.1,1776616019999,41468146.39416500,1217,175813.4,108871.63386800,0
1776616020000,0.59671,0.60925,0.59561,0.60256,24894722.7,1776616199999,15062983.62755400,866,18454674.3,11158965.81544700,0
1776616200000,0.60256,0.60601,0.6025,0.6048,1234305.3,1776616379999,746337.05566900,396,1219952.3,737657.47241900,0
1776616380000,0.60503,0.60601,0.59837,0.59837,10893448.5,1776616559999,6544334.90615100,564,40967.8,24824.03774700,0
1776616560000,0.59837,0.59855,0.58936,0.58974,50135675.3,1776616739999,29755185.24545000,1200,12735.2,7596.37366500,0
1776616740000,0.58936,0.59533,0.58892,0.59387,20898829.7,1776616919999,12380381.85194500,582,11956841.8,7087312.66932300,0
1776616920000,0.59383,0.59663,0.58885,0.59453,17493444.1,1776617099999,10395624.50887200,685,14256805.1,8481115.28192600,0
1776617100000,0.59422,0.59431,0.58428,0.58488,32537619.1,1776617279999,19108121.96567400,814,4266.3,2514.77434800,0
1776617280000,0.58488,0.60652,0.58428,0.60605,85614928.8,1776617459999,50939740.12658100,1081,85401752.6,50815028.30550000,0
1776617460000,0.60605,0.61238,0.60356,0.60392,17826539.0,1776617639999,10829074.39163600,568,17043039.4,10354140.02353700,0
1776617640000,0.60392,0.60446,0.60098,0.6042,12830985.0,1776617819999,7724690.06153600,777,6628.4,4001.33070900,0
1776617820000,0.6042,0.60449,0.59636,0.59738,25116027.6,1776617999999,15036008.80742900,685,3965.1,2393.54397300,0
1776618000000,0.59738,0.59819,0.595,0.595,949919.0,1776618179999,565391.13064900,420,858.1,512.52146600,0
1776618180000,0.59497,0.59533,0.59029,0.59061,35417061.6,1776618359999,20991693.00281300,852,59814.3,35345.02399500,0
1776618360000,0.59061,0.59061,0.58744,0.59002,22838529.3,1776618539999,13448608.25749800,810,12466.8,7345.79743200,0
1776618540000,0.59002,0.59609,0.58984,0.58984,17128924.2,1776618719999,10139678.91615000,697,7768730.2,4602370.94277500,0
1776618720000,0.58984,0.58987,0.58223,0.58223,32762893.1,1776618899999,19147674.19585500,848,1837.0,1073.25613900,0
1776618900000,0.58223,0.58363,0.57058,0.57058,51861185.7,1776619079999,29901553.72730000,1039,5446.5,3116.11670300,0
1776619080000,0.57074,0.57092,0.53784,0.54301,65220986.8,1776619259999,36138557.96633400,1082,133066.6,72332.17979600,0
1776619260000,0.54301,0.5578,0.54301,0.55688,26160677.8,1776619439999,14462481.28988100,705,23604281.5,13051271.16079800,0
1776619440000,0.55688,0.56843,0.5567,0.56546,56737829.7,1776619619999,31961943.57304700,940,56724951.8,31954716.56334700,0
1776619620000,0.56546,0.58101,0.56487,0.58097,25994023.9,1776619799999,14912193.16548300,749,25990071.5,14909948.81188700,0
1776619800000,0.58097,0.58555,0.57255,0.58542,45111486.4,1776619979999,26149359.15147100,1115,38096713.8,22104603.70153300,0
1776619980000,0.58514,0.58962,0.58083,0.58869,26754616.9,1776620159999,15685660.02845900,884,24403810.0,14317782.25244300,0
1776620160000,0.58869,0.58962,0.58618,0.58806,26210.0,1776620339999,15438.64848800,366,13263.7,7820.54279400,0
1776620340000,0.58806,0.59051,0.58721,0.59051,3965998.0,1776620519999,2341070.67884600,542,3964243.4,2340037.25394700,0
1776620520000,0.59051,0.59413,0.58851,0.59262,31437868.9,1776620699999,18639157.01372300,697,31435774.4,18637916.53072900,0
1776620700000,0.59261,0.59417,0.58624,0.58655,12825629.3,1776620879999,7572643.46372100,631,209594.3,124443.73220900,0
1776620880000,0.58655,0.58941,0.58586,0.58787,30730.9,1776621059999,18035.02250100,325,15097.8,8874.28970300,0
1776621060000,0.58838,0.59445,0.5873,0.59045,12440893.7,1776621239999,7363204.50073200,515,12428040.2,7355580.66922900,0
1776621240000,0.59062,0.59124,0.58661,0.58707,3216818.0,1776621419999,1893363.86387800,403,420806.1,247917.66150500,0
1776621420000,0.58707,0.58767,0.58089,0.58089,15892903.3,1776621599999,9274462.06938800,754,3872.1,2273.35009000,0
1776621600000,0.58089,0.58119,0.56981,0.57058,24483593.1,1776621779999,14066722.75276300,650,4278.1,2480.14623600,0
1776621780000,0.57116,0.5729,0.56616,0.56685,22098059.5,1776621959999,12557777.71584800,544,100114.3,57257.82771400,0
1776621960000,0.56721,0.56759,0.56554,0.56639,2448731.5,1776622139999,1387500.24593700,539,812637.9,460929.65984200,0
1776622140000,0.56639,0.57132,0.56583,0.56975,20045248.3,1776622319999,11405008.66325000,621,19945545.6,11348157.40610700,0
1776622320000,0.56975,0.57364,0.56911,0.5724,17365511.7,1776622499999,9939055.83220400,583,17244041.9,9869838.68935400,0
1776622500000,0.5724,0.57364,0.56668,0.56668,15057410.8,1776622679999,8555170.74065900,629,4067.2,2329.60792700,0
1776622680000,0.56659,0.56728,0.5633,0.5633,6061462.8,1776622859999,3424483.77712300,762,50655.7,28718.67838800,0
1776622860000,0.5633,0.5633,0.55291,0.5559,54086656.6,1776623039999,30207327.99474000,844,409646.5,227661.96961600,0
1776623040000,0.5559,0.56159,0.55438,0.56157,18479048.2,1776623219999,10307223.78937900,563,17930162.6,10002400.46346800,0
1776623220000,0.56157,0.56159,0.55928,0.56152,32925.5,1776623399999,18442.57460300,122,6231.8,3499.71656200,0
1776623400000,0.56159,0.57012,0.55928,0.57012,10256285.3,1776623579999,5768881.75331500,353,10245743.8,5762942.05983500,0
1776623580000,0.57012,0.57107,0.56725,0.56746,3608525.1,1776623759999,2057573.19825400,564,2865880.7,1636089.74550900,0
1776623760000,0.56746,0.5729,0.56725,0.5729,12181551.6,1776623939999,6963707.21192200,666,12002326.4,6861235.36205300,0
1776623940000,0.5729,0.57396,0.5726,0.57293,1372888.1,1776624119999,786892.63391900,465,1369904.3,785183.16121500,0
1776624120000,0.57293,0.57486,0.57207,0.57207,3462256.2,1776624299999,1988660.39694300,368,3460203.4,1987484.47998900,0
1776624300000,0.57207,0.57486,0.56891,0.57036,15632130.0,1776624479999,8914605.43119000,774,1224.1,697.73261500,0
1776624480000,0.57083,0.57317,0.56891,0.57317,1067784.2,1776624659999,611861.49037600,423,1065435.5,610523.05235500,0
1776624660000,0.57323,0.57379,0.57222,0.57292,887102.9,1776624839999,508747.57648500,401,884095.8,507025.29750900,0
1776624840000,0.57292,0.57619,0.57292,0.57619,16158951.2,1776625019999,9286359.37046400,854,16157155.0,9285327.37034600,0
1776625020000,0.57619,0.58098,0.57408,0.58,17632069.4,1776625199999,10188798.55423900,725,15891640.3,9179244.87343200,0
1776625200000,0.58,0.58532,0.57977,0.58086,13828477.1,1776625379999,8034823.05193200,828,11732044.6,6814334.84179300,0
1776625380000,0.58086,0.59239,0.57778,0.59206,26775862.1,1776625559999,15661511.03217100,1145,19574755.3,11490018.09020400,0
1776625560000,0.59187,0.59321,0.5857,0.5857,18660600.1,1776625739999,11000423.75207600,845,6333636.7,3754010.89041200,0
1776625740000,0.58563,0.58613,0.58311,0.58409,4814156.8,1776625919999,2812241.76508300,648,92277.8,54035.98403700,0
1776625920000,0.58421,0.58903,0.581,0.58318,31907785.5,1776626099999,18661639.35906300,1238,9080602.5,5335771.25929700,0
1776626100000,0.5832,0.58364,0.58041,0.58041,901093.6,1776626279999,523517.85759500,454,4537.1,2641.61708200,0
1776626280000,0.5804,0.58312,0.5793,0.58185,6292.2,1776626459999,3662.73142700,352,3802.7,2217.10865800,0
1776626460000,0.58245,0.58312,0.57911,0.58015,3832.1,1776626639999,2224.28120900,363,34.6,20.17595200,0
1776626640000,0.58015,0.58104,0.57683,0.57683,16788038.4,1776626819999,9701808.10331700,713,26.9,15.53555700,0
1776626820000,0.57683,0.57683,0.57589,0.57628,4522541.5,1776626999999,2607326.29725900,571,23724.0,13676.57152100,0
1776627000000,0.57628,0.57737,0.57549,0.57737,28140.7,1776627179999,16208.41236300,412,2303.2,1328.59530500,0
1776627180000,0.57737,0.57778,0.57546,0.57567,40763.8,1776627359999,23464.46638400,335,1442.1,833.05740100,0
1776627360000,0.57567,0.57632,0.57466,0.57466,32538.6,1776627539999,18703.45118500,344,0,0,0
1776627540000,0.57466,0.57466,0.57093,0.5718,13259971.3,1776627719999,7600073.34565900,858,1684693.7,963382.08534800,0
1776627720000,0.5718,0.57194,0.57045,0.57057,666446.5,1776627899999,380432.04555800,362,24307.5,13881.41793000,0
1776627900000,0.57057,0.57179,0.57049,0.57049,2428.2,1776628079999,1386.49169600,280,665.2,380.14900900,0
1776628080000,0.57049,0.57049,0.56524,0.56715,12431244.7,1776628259999,7053405.25424100,453,7454.2,4225.06056300,0
1776628260000,0.56715,0.56739,0.56495,0.56665,3906847.2,1776628439999,2207810.11045800,234,6234.5,3536.49060300,0
1776628440000,0.56551,0.56551,0.56379,0.56478,1267105.7,1776628619999,715696.05379900,453,529.6,299.20155700,0
1776628620000,0.56478,0.56914,0.56409,0.5683,13765359.7,1776628799999,7805361.36357200,673,13762901.2,7803970.59261200,0
1776628800000,0.56914,0.56914,0.56547,0.56704,8989.0,1776628979999,5103.01891900,400,439.1,249.90937400,0
1776628980000,0.56696,0.56914,0.56521,0.56814,3402.5,1776629159999,1930.09186000,369,108.5,61.75169000,0
1776629160000,0.56808,0.56914,0.56166,0.56166,15373771.8,1776629339999,8668397.05875700,763,1116.9,631.45774600,0
1776629340000,0.56166,0.56383,0.56064,0.56352,12563.0,1776629519999,7050.98340100,501,2168.5,1220.24843500,0
1776629520000,0.56352,0.5668,0.56064,0.5668,24813531.4,1776629699999,14020987.48122900,894,24806522.5,14017055.02032700,0
1776629700000,0.5668,0.5688,0.5658,0.5658,15942847.8,1776629879999,9057449.47328300,735,15735896.0,8940331.40246800,0
1776629880000,0.5658,0.56694,0.56293,0.56366,26908561.6,1776630059999,15182186.89754800,891,937802.9,528261.04113400,0
1776630060000,0.56366,0.56516,0.56349,0.56516,5190023.3,1776630239999,2929743.48576100,709,5188251.1,2928744.09962400,0
1776630240000,0.56516,0.56866,0.56516,0.56866,12637672.3,1776630419999,7162653.92844900,837,12635642.3,7161503.98717500,0
1776630420000,0.56867,0.56884,0.56344,0.56349,10433215.2,1776630599999,5886193.09555400,691,541037.4,306966.34599400,0
1776630600000,0.56349,0.56353,0.56068,0.56095,21058093.6,1776630779999,11837642.58646500,1347,1467774.2,825623.51134300,0
1776630780000,0.56095,0.56127,0.55993,0.56015,6442904.7,1776630959999,3610214.82309700,762,543743.9,304916.56586800,0
1776630960000,0.56015,0.56127,0.55874,0.55958,3726.8,1776631139999,2086.12038800,426,197.0,110.57019000,0
1776631140000,0.55941,0.56134,0.55839,0.55907,3383.1,1776631319999,1893.19184300,408,215.5,120.95925800,0
1776631320000,0.55907,0.56079,0.55839,0.56077,3395.4,1776631499999,1898.53401800,371,0,0,0
1776631500000,0.56077,0.56135,0.5543,0.55954,15054854.6,1776631679999,8397248.76583400,732,3336311.2,1864415.95143600,0
1776631680000,0.55954,0.55999,0.5575,0.5575,820728.8,1776631859999,459409.64897800,502,718168.4,402018.92386600,0
1776631860000,0.5575,0.5575,0.55556,0.55602,10814613.7,1776632039999,6015597.53147700,807,31962.1,17767.08019500,0
1776632040000,0.55603,0.55628,0.55545,0.55607,25819.3,1776632219999,14342.76589400,413,1199.0,666.56393200,0
1776632220000,0.55628,0.56175,0.55538,0.56175,12726110.5,1776632399999,7105781.91261100,670,12719328.3,7101985.45774600,0
1776632400000,0.56175,0.56187,0.55866,0.56016,807400.3,1776632579999,453465.30771100,429,759320.2,426561.62777300,0
1776632580000,0.56029,0.56282,0.55864,0.56282,9060080.6,1776632759999,5094841.16435800,586,9050136.4,5089282.77952300,0
1776632760000,0.56282,0.56282,0.56052,0.56161,3356.9,1776632939999,1884.92378100,391,9.6,5.40307200,0
1776632940000,0.56161,0.56311,0.56052,0.56091,2905.2,1776633119999,1633.40187400,328,730.6,411.35110000,0
1776633120000,0.56064,0.56698,0.5605,0.56344,21539125.7,1776633299999,12156046.48927500,774,21533022.7,12152601.19396300,0
1776633300000,0.56344,0.56698,0.56154,0.56155,11080859.3,1776633479999,6235341.14492400,590,8949.4,5073.37278400,0
1776633480000,0.56155,0.56358,0.56154,0.56301,202871.5,1776633659999,113923.70812700,445,47113.3,26458.72635000,0
1776633660000,0.56301,0.56671,0.5626,0.5667,7318984.3,1776633839999,4136799.34605500,657,7317350.0,4135877.49179500,0
1776633840000,0.56671,0.56793,0.56596,0.56748,1555129.0,1776634019999,881400.10211500,505,1552292.5,879793.11989600,0
1776634020000,0.56748,0.56803,0.56547,0.56547,78886.1,1776634199999,44801.85430100,461,75413.6,42834.79304500,0
1776634200000,0.56547,0.56803,0.56279,0.56279,16120606.4,1776634379999,9087066.10552500,857,335.1,189.58839700,0
1776634380000,0.56279,0.56279,0.56107,0.56107,6287165.9,1776634559999,3531521.74588600,980,1375.4,773.24392000,0
1776634560000,0.56107,0.5618,0.55747,0.55769,7086336.6,1776634739999,3955520.84928300,644,4255.7,2389.14537200,0
1776634740000,0.55769,0.55867,0.55587,0.55599,11603157.6,1776634919999,6458609.97224100,803,5459.8,3046.00186700,0
1776634920000,0.55599,0.5567,0.55504,0.5567,8520.3,1776635099999,4739.67840300,432,5494.5,3058.02302800,0
1776635100000,0.5567,0.55699,0.5549,0.5549,3653.1,1776635279999,2032.35488700,417,1498.3,833.94857200,0
1776635280000,0.5549,0.55699,0.55353,0.55399,4701.8,1776635459999,2608.23692300,408,1170.5,651.95679500,0
1776635460000,0.55399,0.55432,0.55311,0.5539,4122188.8,1776635639999,2280423.99702400,561,375.5,207.86354500,0
1776635640000,0.5539,0.55519,0.55309,0.55309,879328.0,1776635819999,486356.88902600,441,755.0,418.18142700,0
1776635820000,0.55309,0.55393,0.55241,0.5536,6370270.9,1776635999999,3521439.25737100,596,1314.5,727.49868800,0
1776636000000,0.5536,0.55769,0.55128,0.55606,29605133.6,1776636179999,16402663.37879600,917,17579930.0,9767709.87676000,0
1776636180000,0.55601,0.55721,0.55546,0.55631,26184.6,1776636359999,14570.90800700,386,0,0,0
1776636360000,0.55629,0.55634,0.55251,0.55284,6459479.8,1776636539999,3571214.90252400,718,1714495.5,948171.03093300,0
1776636540000,0.55284,0.55375,0.55086,0.55112,11336868.3,1776636719999,6255945.36837900,745,1771.4,979.54382000,0
1776636720000,0.55114,0.55476,0.55114,0.55476,26504.4,1776636899999,14646.46826700,453,25996.4,14365.65333200,0
1776636900000,0.55477,0.55691,0.55475,0.55524,13996339.6,1776637079999,7775781.39346600,850,13955455.1,7753021.30161400,0
1776637080000,0.55524,0.55524,0.55327,0.55327,3420.5,1776637259999,1894.80826200,432,0,0,0
1776637260000,0.55327,0.55344,0.55147,0.55175,8006721.5,1776637439999,4419422.96159100,630,581.2,320.73384800,0
1776637440000,0.55175,0.55253,0.55095,0.55095,4502496.6,1776637619999,2482020.45370200,515,1966.8,1085.29086400,0
1776637620000,0.55103,0.55253,0.55063,0.55166,4577.6,1776637799999,2523.70289600,418,1151.4,636.18304200,0
1776637800000,0.55179,0.55242,0.55063,0.5518,10987.6,1776637979999,6053.13622300,302,0,0,0
1776637980000,0.5518,0.55253,0.55,0.55,4318.0,1776638159999,2377.66687600,323,327.0,180.67731000,0
1776638160000,0.55,0.55079,0.55,0.55,3235.8,1776638339999,1779.93057700,340,0,0,0
1776638340000,0.55,0.55253,0.55,0.55,3506.8,1776638519999,1929.56731000,331,327.0,180.67731000,0
1776638520000,0.55,0.55097,0.55,0.55069,3035.4,1776638699999,1670.20924900,326,0,0,0
1776638700000,0.55069,0.55253,0.54666,0.54666,11535989.1,1776638879999,6319942.45269700,697,16110.0,8900.58439900,0
1776638880000,0.54665,0.54665,0.54566,0.54615,391918.1,1776639059999,214151.95323500,473,4328.2,2365.94352300,0
1776639060000,0.54615,0.54665,0.54408,0.54422,12554.0,1776639239999,6838.57309100,359,858.8,469.42831000,0
1776639240000,0.5441,0.54443,0.54287,0.54293,1166470.6,1776639419999,633354.25899500,430,57.8,31.38135400,0
1776639420000,0.54293,0.54416,0.54262,0.54298,1370201.0,1776639599999,743582.36888200,427,4898.4,2661.92378500,0
1776639600000,0.54298,0.54307,0.54215,0.5426,4464265.2,1776639779999,2421345.79934900,620,113504.0,61564.80279900,0
1776639780000,0.5426,0.54306,0.54211,0.54306,307138.1,1776639959999,166507.39609600,239,1416.3,768.65983300,0
1776639960000,0.54307,0.54601,0.54307,0.54547,4622730.7,1776640139999,2518763.67337300,437,4620895.5,2517763.29995300,0
1776640140000,0.54549,0.54613,0.5446,0.54581,2051.6,1776640319999,1119.14677600,218,192.2,104.96201200,0
1776640320000,0.54532,0.54613,0.54524,0.54532,10310.4,1776640499999,5629.32306000,202,8374.7,4573.67491100,0
1776640500000,0.54532,0.54613,0.54415,0.54415,3284.9,1776640679999,1791.56700300,355,18.7,10.21263100,0
1776640680000,0.54415,0.54614,0.54068,0.54091,14518117.7,1776640859999,7868955.66563200,694,21122.8,11533.63728600,0
1776640860000,0.54075,0.54095,0.54003,0.54095,1002714.7,1776641039999,541953.97934800,576,1021.9,552.54924900,0
1776641040000,0.54095,0.54161,0.54,0.54076,8419.8,1776641219999,4550.33707300,436,1916.7,1037.39601800,0
1776641220000,0.54074,0.54162,0.5402,0.54096,35321.1,1776641399999,19108.32414400,405,100.0,54.16200000,0
1776641400000,0.54096,0.54098,0.53981,0.54025,4063.1,1776641579999,2196.24351900,408,0,0,0
1776641580000,0.54025,0.54198,0.53995,0.54198,2086052.9,1776641759999,1130181.40936400,541,2049244.9,1110252.21131100,0
1776641760000,0.54198,0.55279,0.5414,0.55207,52609275.5,1776641939999,28725650.80056000,1065,52605793.6,28723753.65201000,0
1776641940000,0.5521,0.55279,0.5454,0.5454,3779541.0,1776642119999,2069146.37878100,685,25364.0,13911.96131200,0
1776642120000,0.5454,0.5454,0.54096,0.54096,17471462.0,1776642299999,9477646.89517900,1160,203498.3,110405.79466600,0
1776642300000,0.54096,0.54096,0.53863,0.53864,15940794.1,1776642479999,8607792.11999500,1020,259539.0,140008.93522600,0
1776642480000,0.53866,0.53941,0.53822,0.5392,3994.0,1776642659999,2151.92098600,432,373.4,201.41569400,0
1776642660000,0.5392,0.54328,0.53853,0.54328,20825203.7,1776642839999,11288173.75531500,750,20824135.2,11287597.50237800,0
1776642840000,0.54328,0.54456,0.53998,0.54456,9948900.8,1776643019999,5409498.38961700,693,9938674.1,5403961.62465900,0
1776643020000,0.54456,0.54488,0.52754,0.53584,12364965.7,1776643199999,6706949.60606900,656,1465953.8,798384.61875900,0
1776643200000,0.53732,0.53824,0.53692,0.53707,2977030.3,1776643379999,1599366.78531500,444,1041376.6,559843.36071700,0
1776643380000,0.53707,0.53838,0.53655,0.53838,6259.3,1776643559999,3364.90997500,430,2625.4,1413.12400700,0
1776643560000,0.53839,0.53847,0.53202,0.53362,24060078.8,1776643739999,12837960.08046800,790,1103.1,588.36739800,0
1776643740000,0.53362,0.53363,0.53082,0.53097,10844843.9,1776643919999,5764637.61641400,702,546123.3,290239.90226300,0
1776643920000,0.53134,0.5317,0.52994,0.52994,4969.5,1776644099999,2638.17199400,478,1924.7,1022.67157800,0
1776644100000,0.52994,0.5317,0.52751,0.52751,15885853.1,1776644279999,8399400.12458800,939,101237.3,53500.54847700,0
1776644280000,0.52774,0.52901,0.52751,0.52901,137127.8,1776644459999,72338.68382900,429,3198.5,1689.43994600,0
1776644460000,0.52901,0.53846,0.52751,0.53846,67096376.8,1776644639999,35834055.47001800,1232,67096196.5,35833959.63674700,0
1776644640000,0.53846,0.54062,0.53431,0.53431,21877283.0,1776644819999,11771296.10390700,985,10030800.3,5410468.10160200,0
1776644820000,0.53431,0.53431,0.53141,0.53141,3146.1,1776644999999,1675.51270800,376,0,0,0
1776645000000,0.53141,0.53141,0.52668,0.52668,23142871.9,1776645179999,12256798.97364900,1020,275.5,145.50963600,0
1776645180000,0.52668,0.52706,0.52324,0.52511,20464614.3,1776645359999,10745575.17329900,797,2945.4,1546.19413100,0
1776645360000,0.5252,0.52528,0.52226,0.52226,7951410.6,1776645539999,4155756.60968500,812,505.1,264.11495500,0
1776645540000,0.52226,0.52349,0.52201,0.52349,2487126.2,1776645719999,1298682.21930900,571,39556.7,20683.17924800,0
1776645720000,0.52349,0.52546,0.52201,0.52546,56379.0,1776645899999,29492.42193200,482,22776.7,11950.13660500,0
1776645900000,0.52546,0.52555,0.52488,0.52519,193978.9,1776646079999,101941.68183000,414,184077.8,96741.69204300,0
1776646080000,0.52519,0.52519,0.52034,0.52047,26277788.6,1776646259999,13693422.27035100,790,121510.1,63273.86903000,0
1776646260000,0.52044,0.52047,0.51654,0.51654,9636093.9,1776646439999,5001399.29792800,1217,280883.0,145381.89971600,0
1776646440000,0.51692,0.51717,0.51593,0.516,5025372.6,1776646619999,2595283.29019800,599,116235.0,60091.52378800,0
1776646620000,0.516,0.51704,0.51298,0.51342,15842763.1,1776646799999,8148746.62787400,1242,1958.8,1007.43184900,0
1776646800000,0.51344,0.51473,0.51292,0.51473,4092.2,1776646979999,2102.72139000,423,1687.5,867.73140800,0
1776646980000,0.51472,0.52103,0.51292,0.51948,24343605.1,1776647159999,12600193.44437500,833,23791031.7,12312800.41786400,0
1776647160000,0.51948,0.52432,0.51828,0.52432,35470725.9,1776647339999,18522329.29805700,964,35079330.7,18319419.15424500,0
1776647340000,0.52432,0.5244,0.5209,0.52244,1096643.9,1776647519999,573107.67312600,497,135019.7,70774.81177300,0
1776647520000,0.52244,0.52602,0.52244,0.52602,24673306.2,1776647699999,12958410.45007400,902,24213716.2,12717661.78502000,0
1776647700000,0.52602,0.53248,0.52564,0.53009,45669149.9,1776647879999,24162639.47629500,1015,44910772.1,23762099.64851400,0
1776647880000,0.52996,0.53282,0.52773,0.53082,7703908.9,1776648059999,4087279.64361700,577,4376048.2,2327642.43617000,0
1776648060000,0.53082,0.53225,0.52901,0.53006,4864.4,1776648239999,2579.03313300,432,3391.8,1798.35794700,0
1776648240000,0.53006,0.53017,0.52619,0.52645,13449498.9,1776648419999,7093194.54035600,1023,898.3,474.05982500,0
1776648420000,0.52645,0.53893,0.5249,0.53893,16063479.2,1776648599999,8477144.18973300,861,14105093.1,7448397.01899800,0
1776648600000,0.53893,0.5403,0.53301,0.53335,9007448.7,1776648779999,4832378.04655600,594,195908.1,105537.58065200,0
1776648780000,0.53327,0.53327,0.52693,0.52737,13582155.9,1776648959999,7188126.56992600,702,356.0,187.67412400,0
1776648960000,0.52737,0.52742,0.52451,0.52453,7220.8,1776649139999,3797.56992000,429,772.9,407.64242800,0
1776649140000,0.52453,0.52588,0.52033,0.52033,24232903.1,1776649319999,12672432.23402600,1057,335.9,175.09360500,0
1776649320000,0.52033,0.52045,0.51552,0.51736,36789081.3,1776649499999,19037665.21440500,943,610.4,315.52048900,0
1776649500000,0.51748,0.51748,0.51458,0.51465,8674937.5,1776649679999,4467692.76331400,701,9199.2,4746.57494300,0
1776649680000,0.51465,0.51465,0.50932,0.50932,45886988.5,1776649859999,23490021.30978000,1392,13463.3,6889.84620000,0
1776649860000,0.50932,0.50967,0.50868,0.50938,7086732.6,1776650039999,3607061.63825800,546,15071.9,7677.27835400,0
1776650040000,0.50938,0.51471,0.50938,0.511,19100655.0,1776650219999,9793898.01745400,782,19097255.6,9792153.71509200,0
1776650220000,0.51096,0.51471,0.50599,0.50599,6913261.9,1776650399999,3515365.76749300,590,1518.0,781.12890000,0
1776650400000,0.50598,0.50823,0.50487,0.50487,74277.9,1776650579999,37531.16510100,479,4634.3,2353.63132200,0
1776650580000,0.50486,0.51222,0.50445,0.51214,12480898.0,1776650759999,6332235.78137300,903,6657779.6,3393547.00348200,0
1776650760000,0.51214,0.51398,0.50829,0.50829,22733124.1,1776650939999,11586855.14569700,1054,423407.0,217125.17816000,0
1776650940000,0.50829,0.50829,0.50331,0.50457,29905482.7,1776651119999,15131402.65410800,916,6280.3,3164.80817400,0
1776651120000,0.50457,0.50771,0.50331,0.50771,18994560.0,1776651299999,9627561.84572900,721,18976952.3,9618687.44600500,0
1776651300000,0.50771,0.51444,0.50761,0.51045,74474876.2,1776651479999,38064501.53108700,1303,72083860.7,36842147.33905700,0
1776651480000,0.51053,0.5184,0.51053,0.51787,26337393.8,1776651659999,13575860.35496800,1021,26225301.3,13518236.54333800,0
1776651660000,0.51796,0.51796,0.51282,0.51309,18479813.2,1776651839999,9495220.33445000,772,62.4,32.05192400,0
1776651840000,0.51324,0.51324,0.5108,0.5108,2836725.3,1776652019999,1452964.71952700,731,739.5,378.90515400,0
1776652020000,0.51078,0.51129,0.50507,0.50507,27587555.2,1776652199999,14026422.21912300,1570,1389.1,710.23293900,0
1776652200000,0.50507,0.50507,0.49644,0.49644,51111747.4,1776652379999,25662889.88043600,1331,1764.9,878.05126700,0
1776652380000,0.49644,0.49724,0.4953,0.49675,407284.3,1776652559999,201957.14060500,501,17870.9,8880.52282500,0
1776652560000,0.49675,0.49736,0.49368,0.4941,10169969.4,1776652739999,5027090.87088400,585,4059.5,2017.96581800,0
1776652740000,0.4941,0.49484,0.49327,0.49366,3274634.5,1776652919999,1615944.99762300,544,1670.4,824.51655200,0
1776652920000,0.49366,0.49395,0.49236,0.49363,1358372.2,1776653099999,670862.10868700,451,1342756.7,663166.29308200,0
1776653100000,0.49371,0.49826,0.49226,0.49502,27227323.0,1776653279999,13498229.41602000,854,26398711.9,13087109.47813300,0
1776653280000,0.49502,0.49502,0.49141,0.49173,13793276.4,1776653459999,6806956.39915600,893,336408.9,165894.18655900,0
1776653460000,0.49173,0.49257,0.48884,0.48884,14591083.3,1776653639999,7154942.13091400,901,12385.2,6070.16479000,0
1776653640000,0.48884,0.49477,0.4881,0.49477,41374960.0,1776653819999,20356808.96089200,1366,37064191.2,18251428.09576100,0
1776653820000,0.49477,0.49596,0.49122,0.49126,18184643.3,1776653999999,8967710.58933600,718,6426949.2,3183906.20591600,0
1776654000000,0.49126,0.49753,0.49074,0.49753,34814214.3,1776654179999,17238524.68629600,1001,28669914.7,14221919.49423400,0
1776654180000,0.49753,0.49968,0.49432,0.49432,40453829.7,1776654359999,20116358.38774500,905,28681855.7,14289318.89261700,0
1776654360000,0.49432,0.49534,0.49194,0.49534,3264422.0,1776654539999,1612680.31372800,562,274883.0,136135.56648200,0
1776654540000,0.49534,0.50334,0.49534,0.50334,46907265.4,1776654719999,23436270.13451500,1246,46901404.3,23433363.20547600,0
1776654720000,0.50334,0.51418,0.50334,0.50786,103898144.9,1776654899999,52869014.74285500,1614,97451264.9,49584672.32229400,0
1776654900000,0.50786,0.50809,0.50074,0.50074,25253217.8,1776655079999,12719931.52686400,1015,1719650.7,873469.90629200,0
1776655080000,0.50082,0.50118,0.49627,0.49639,21494754.2,1776655259999,10693363.63375500,965,4478.4,2240.26379200,0
1776655260000,0.49639,0.49639,0.49278,0.49278,27975060.4,1776655439999,13827354.71720900,1147,38567.7,19059.61362600,0
1776655440000,0.49278,0.49765,0.4922,0.49614,23831596.5,1776655619999,11775862.07705600,832,20188295.8,9981667.10063100,0
1776655620000,0.49614,0.49765,0.49467,0.49539,12137.2,1776655799999,6033.55589700,405,8427.6,4193.99514000,0
1776655800000,0.49539,0.49839,0.4903,0.49824,31456492.6,1776655979999,15575029.75449000,1019,19318795.9,9578530.52878100,0
1776655980000,0.49824,0.4984,0.49512,0.49831,158583.2,1776656159999,78929.27408000,426,110104.9,54876.14983200,0
1776656160000,0.49831,0.50351,0.49689,0.50341,53053243.2,1776656339999,26543702.27876000,1006,53050838.4,26542504.71365000,0
1776656340000,0.50339,0.50742,0.5016,0.50706,53955354.7,1776656519999,27277449.51319300,953,53951428.6,27275474.92960700,0
1776656520000,0.50706,0.52012,0.50706,0.52012,91827564.3,1776656699999,47167683.45216400,1413,91820549.1,47164049.45493400,0
1776656700000,0.52012,0.52728,0.52012,0.52202,53646919.4,1776656879999,28075359.18759300,1030,40401894.4,21144821.87990000,0
1776656880000,0.52194,0.52355,0.5108,0.5108,19595510.7,1776657059999,10136081.75753000,619,1681.6,876.42719600,0
1776657060000,0.5108,0.5224,0.51067,0.52056,35409855.8,1776657239999,18293255.25924600,644,35006640.4,18085518.75820300,0
1776657240000,0.52056,0.52209,0.51698,0.5183,10682634.4,1776657419999,5542810.57257800,517,1321.6,686.75632500,0
1776657420000,0.5183,0.52163,0.51574,0.51671,10911103.2,1776657599999,5643021.18228000,652,1889695.1,982640.38076900,0
1776657600000,0.51671,0.517,0.51262,0.51384,25002588.9,1776657779999,12856729.39651800,867,4946.1,2539.66495800,0
1776657780000,0.51384,0.51752,0.51227,0.51752,20304063.0,1776657959999,10456125.84401100,791,17430965.5,8983846.50806100,0
1776657960000,0.51752,0.51834,0.51687,0.51687,2037857.2,1776658139999,1054997.49696900,506,2031845.7,1051889.48664400,0
1776658140000,0.51687,0.51687,0.51262,0.51419,13671094.1,1776658319999,7045179.49606000,751,635793.9,326499.29557800,0
1776658320000,0.51429,0.52097,0.51429,0.52094,31556041.3,1776658499999,16350891.55005800,725,31554112.0,16349889.24215800,0
1776658500000,0.52097,0.53015,0.52097,0.52902,61448814.1,1776658679999,32334037.22613000,1191,61438727.2,32328730.64635800,0
1776658680000,0.52911,0.53015,0.52401,0.52401,16473791.6,1776658859999,8649087.13662500,712,1681953.2,882517.92082200,0
1776658860000,0.52405,0.53103,0.52373,0.53103,44257411.3,1776659039999,23372412.31548900,901,42576069.5,22491661.45326300,0
1776659040000,0.53103,0.53256,0.5302,0.53072,5348307.4,1776659219999,2843723.73935800,485,5344516.8,2841709.43802200,0
1776659220000,0.531,0.53433,0.53083,0.53338,21245866.8,1776659399999,11336350.02941500,633,21245156.6,11335971.49395300,0
1776659400000,0.53338,0.53541,0.53306,0.53488,8363889.4,1776659579999,4473587.40349300,477,8348413.8,4465314.01524400,0
1776659580000,0.53488,0.54044,0.53447,0.53975,23774597.1,1776659759999,12779504.39377100,605,23747938.0,12765224.24474100,0
1776659760000,0.5392,0.54049,0.53504,0.53645,12943920.8,1776659939999,6949807.15033600,371,927941.6,497342.37652000,0
1776659940000,0.53645,0.54055,0.53602,0.53998,22686347.3,1776660119999,12227393.01539900,715,22685534.6,12226954.58521500,0
1776660120000,0.53998,0.54178,0.53885,0.54178,3855510.4,1776660299999,2086132.87324700,620,3756075.0,2032421.69715300,0
1776660300000,0.54178,0.54312,0.54085,0.54276,9228767.0,1776660479999,5005971.07428900,617,9214144.1,4998057.32416600,0
1776660480000,0.54222,0.5441,0.54065,0.5441,28600.5,1776660659999,15499.88799800,416,13650.1,7414.46928100,0
1776660660000,0.54413,0.54805,0.54065,0.54805,26215635.1,1776660839999,14310609.94212900,1147,26202722.5,14303626.92620800,0
1776660840000,0.54805,0.54839,0.54625,0.54783,7330.6,1776661019999,4015.08896200,410,4252.3,2330.88794000,0
1776661020000,0.54783,0.55178,0.54613,0.55178,21584825.2,1776661199999,11872264.26403900,775,21579864.9,11869551.96783400,0
1776661200000,0.55178,0.55186,0.54603,0.55076,9947280.8,1776661379999,5466740.11966800,703,1456670.6,799623.20532200,0
1776661380000,0.55076,0.55246,0.55039,0.55246,481236.2,1776661559999,265436.75221200,452,442422.5,244062.31269600,0
1776661560000,0.55249,0.55264,0.54857,0.55177,842315.9,1776661739999,462580.57853800,410,200.6,110.84793000,0
1776661740000,0.55188,0.55662,0.55041,0.55554,25979921.5,1776661919999,14389640.83723500,891,25971039.9,14384703.75587800,0
1776661920000,0.55554,0.55684,0.55219,0.55306,9301071.8,1776662099999,5143885.52262700,446,20255.2,11276.74056000,0
1776662100000,0.55308,0.55684,0.55003,0.55684,6495957.9,1776662279999,3582559.58250500,475,566405.1,312254.43303900,0
1776662280000,0.55674,0.55684,0.54979,0.55144,15265568.6,1776662459999,8440238.38769300,600,99936.7,55088.74679900,0
1776662460000,0.55144,0.56261,0.55144,0.56244,17070747.0,1776662639999,9515419.18612800,708,17061327.9,9510124.22811700,0
1776662640000,0.5623,0.56261,0.55737,0.55789,4412671.3,1776662819999,2465819.50423700,656,4225.8,2358.01154800,0
1776662820000,0.55789,0.5579,0.54732,0.54732,64230341.9,1776662999999,35495986.53658900,1420,395.1,218.32929700,0
1776663000000,0.54732,0.54778,0.5426,0.54377,24181944.2,1776663179999,13157299.03370000,891,1088.6,594.46643200,0
1776663180000,0.54349,0.54842,0.54349,0.5471,10434954.3,1776663359999,5704167.71335400,785,5090435.1,2780925.04316300,0
1776663360000,0.5471,0.54893,0.54223,0.54301,25302154.4,1776663539999,13797761.71455200,920,9833980.6,5358286.29262700,0
1776663540000,0.54301,0.54484,0.54202,0.54239,82941.7,1776663719999,44998.25072800,352,745.8,405.69325100,0
1776663720000,0.54239,0.54484,0.5398,0.5398,14085699.6,1776663899999,7614145.99810400,722,39187.1,21350.33125500,0
1776663900000,0.5398,0.53998,0.53449,0.53679,25245547.7,1776664079999,13551066.76873100,1342,9493.4,5117.14115600,0
1776664080000,0.5368,0.54492,0.5368,0.54437,55071319.6,1776664259999,29803496.86083200,1303,55067095.4,29801201.03040000,0
1776664260000,0.54437,0.54505,0.54291,0.54291,1502680.5,1776664439999,818944.98246400,518,1499147.5,817023.07339300,0
1776664440000,0.54291,0.54505,0.54164,0.54164,3400099.7,1776664619999,1842162.55838400,513,326.5,177.92579900,0
1776664620000,0.54164,0.54164,0.53518,0.53518,49596929.3,1776664799999,26726927.57192200,1384,3422.9,1843.63056600,0
1776664800000,0.53518,0.53561,0.53258,0.53475,17177752.7,1776664979999,9178229.29403800,743,13101.0,6989.60425300,0
1776664980000,0.53475,0.53727,0.53475,0.53565,7908562.6,1776665159999,4238657.63455400,741,4007325.3,2148009.85082800,0
1776665160000,0.53565,0.53844,0.53368,0.538,26304004.7,1776665339999,14096387.31726300,1098,12009091.8,6454476.88631600,0
1776665340000,0.53813,0.54167,0.53804,0.54167,20554844.6,1776665519999,11091008.88492000,793,20543812.8,11085050.91294100,0
1776665520000,0.54167,0.54187,0.53981,0.54047,11506.7,1776665699999,6218.05817700,487,465.1,251.96839900,0
1776665700000,0.54047,0.54387,0.54021,0.54315,12210534.8,1776665879999,6630218.36151900,743,12198637.6,6623761.58358600,0
1776665880000,0.54286,0.54859,0.54286,0.54337,27835499.9,1776666059999,15198187.44416300,769,26898008.8,14687924.73308400,0
1776666060000,0.54337,0.54392,0.54013,0.54353,28129257.0,1776666239999,15238901.27249900,910,9551820.1,5175610.71487300,0
1776666240000,0.54353,0.55195,0.54085,0.55195,46472480.0,1776666419999,25542650.80199800,957,46420707.8,25514638.72747400,0
1776666420000,0.55195,0.55801,0.55172,0.55801,72601833.5,1776666599999,40197579.07977400,1040,72058945.9,39897211.65806800,0
1776666600000,0.55801,0.55809,0.54875,0.54956,48608889.9,1776666779999,26888777.65767800,837,2586982.3,1439879.60737100,0
1776666780000,0.5496,0.55381,0.54957,0.55274,8179959.0,1776666959999,4503009.42792000,480,8178021.3,4501939.97064800,0
1776666960000,0.55274,0.55298,0.54904,0.55046,10302171.7,1776667139999,5660834.86618200,605,1263.2,697.06780300,0
1776667140000,0.55021,0.5529,0.54809,0.5529,9804615.8,1776667319999,5382592.38103300,595,1110364.1,613318.16531500,0
1776667320000,0.5529,0.56116,0.55289,0.56116,20213690.3,1776667499999,11214525.10258700,699,20212367.2,11213790.30916100,0
1776667500000,0.56116,0.57597,0.56062,0.57594,45602475.1,1776667679999,25803941.02467900,910,45596518.2,25800528.84327200,0
1776667680000,0.57594,0.57594,0.56899,0.57366,29726912.8,1776667859999,16979465.21538200,1118,9985277.9,5706634.14267000,0
1776667860000,0.57366,0.57471,0.56859,0.56859,23905340.5,1776668039999,13648681.87492600,763,327986.3,188476.78527700,0
1776668040000,0.56859,0.56926,0.56504,0.56504,7647312.8,1776668219999,4338628.94871500,866,2086.1,1184.39419600,0
1776668220000,0.56504,0.56504,0.56158,0.56391,27879237.7,1776668399999,15708299.70916500,851,142256.9,79926.87315900,0
1776668400000,0.56391,0.56467,0.5619,0.5635,3505.5,1776668579999,1975.36771100,389,924.4,521.61792200,0
1776668580000,0.56347,0.56444,0.55609,0.55609,27605094.8,1776668759999,15436268.04779800,1115,162080.8,90501.23504000,0
1776668760000,0.55609,0.55633,0.55173,0.55173,26208053.0,1776668939999,14517018.37730600,1091,702374.1,388620.22942700,0
1776668940000,0.55163,0.55673,0.55,0.55573,19202682.6,1776669119999,10625148.89149000,1036,16245164.7,8996135.81029000,0
1776669120000,0.5563,0.55771,0.55537,0.55602,1836545.7,1776669299999,1023349.27377700,568,1762021.6,981843.30502900,0
1776669300000,0.55597,0.55685,0.55168,0.55207,14296112.2,1776669479999,7907030.62630300,729,146379.4,80848.08847200,0
1776669480000,0.55208,0.55503,0.55203,0.55503,6052441.8,1776669659999,3355329.86613000,669,6051792.5,3354970.68001500,0
1776669660000,0.5552,0.55565,0.55018,0.55155,12546052.0,1776669839999,6915821.49240300,693,450388.7,250177.46709000,0
1776669840000,0.55155,0.55161,0.54925,0.5502,8683386.5,1776670019999,4773565.65604400,531,1393.0,766.57922200,0
1776670020000,0.5502,0.55026,0.54892,0.54999,3300948.0,1776670199999,1812433.96669300,523,4891.7,2687.15490500,0
1776670200000,0.54999,0.55814,0.54999,0.55183,43180766.3,1776670379999,23922965.20816500,961,36417046.8,20183697.03198100,0
1776670380000,0.55183,0.55183,0.5487,0.54957,24388.9,1776670559999,13419.73303700,451,1004.7,552.21782700,0
1776670560000,0.54956,0.54956,0.54533,0.54534,24142240.5,1776670739999,13212918.81395500,1120,753.5,412.26112100,0
1776670740000,0.54534,0.54803,0.54534,0.54803,11134.3,1776670919999,6095.56726300,402,9423.8,5159.26236400,0
1776670920000,0.54803,0.54936,0.54533,0.54936,6396.9,1776671099999,3506.32082600,429,4764.3,2613.71046600,0
1776671100000,0.54936,0.55193,0.54881,0.55081,17819677.4,1776671279999,9807334.33644700,850,17817806.7,9806304.98469700,0
1776671280000,0.55081,0.55293,0.55066,0.55293,4785419.4,1776671459999,2643718.32739000,635,4783677.8,2642757.87957300,0
1776671460000,0.55288,0.55633,0.55288,0.55633,17091398.5,1776671639999,9473676.44877900,1002,17091208.2,9473571.07082800,0
1776671640000,0.55633,0.55694,0.55475,0.55537,2321212.5,1776671819999,1291667.03585400,384,2314118.9,1287723.28015800,0
1776671820000,0.55537,0.55628,0.55372,0.55505,6725.3,1776671999999,3729.79008800,341,0,0,0
1776672000000,0.55693,0.55809,0.55372,0.55809,5184053.6,1776672179999,2890413.30021700,536,5178448.7,2887300.53971200,0
1776672180000,0.55809,0.55908,0.55634,0.55672,5174471.3,1776672359999,2889695.85918300,618,5172026.0,2888332.27583900,0
1776672360000,0.55672,0.55908,0.55366,0.55379,10605896.6,1776672539999,5879706.28116700,738,829.7,463.86867600,0
1776672540000,0.55379,0.55496,0.5531,0.55496,4817670.8,1776672719999,2666124.68481500,513,1627.2,901.48484500,0
1776672720000,0.55496,0.55753,0.55496,0.55681,3374783.0,1776672899999,1879720.94176100,521,3373113.5,1878790.89260300,0
1776672900000,0.55681,0.55869,0.5566,0.55724,9185227.8,1776673079999,5127368.34237200,618,9181488.8,5125283.67862100,0
1776673080000,0.55724,0.55869,0.5566,0.55799,5938.9,1776673259999,3314.91237300,381,2500.0,1396.72500000,0
1776673260000,0.5583,0.55846,0.55366,0.55366,12454257.3,1776673439999,6904580.14256600,779,172.4,95.58034600,0
1776673440000,0.55366,0.55563,0.55262,0.55563,8429689.9,1776673619999,4663319.54998600,616,2354.6,1304.72555800,0
1776673620000,0.55563,0.55563,0.55066,0.55066,13466713.6,1776673799999,7425509.76764900,807,47.8,26.55911400,0
1776673800000,0.55066,0.55366,0.55055,0.55172,1410909.0,1776673979999,776824.61513400,482,2525.1,1394.02853200,0
1776673980000,0.55172,0.55321,0.54964,0.55287,11490508.8,1776674159999,6327884.09788000,720,2256787.6,1247972.28966000,0
1776674160000,0.55287,0.55287,0.5495,0.55067,3634.2,1776674339999,2003.42029700,504,0,0,0
1776674340000,0.55067,0.55321,0.54669,0.54669,17041305.4,1776674519999,9341722.00746100,756,1325.3,733.16921300,0
1776674520000,0.54684,0.54745,0.54599,0.54599,873816.8,1776674699999,477564.35631800,513,908.4,496.91974600,0
1776674700000,0.54599,0.54745,0.54275,0.54275,6473146.4,1776674879999,3518999.69494200,746,1868.3,1022.80083500,0
1776674880000,0.54275,0.54291,0.54071,0.54071,18246742.8,1776675059999,9890884.69722400,960,1717.5,931.14407300,0
1776675060000,0.54119,0.54288,0.54071,0.54071,29995.7,1776675239999,16279.93445700,372,27088.7,14704.92055900,0
1776675240000,0.54067,0.54291,0.54,0.54084,16550.7,1776675419999,8951.70310500,422,4153.9,2255.19119700,0
1776675420000,0.54084,0.54683,0.54075,0.54611,26288564.2,1776675599999,14317364.99691700,854,26282934.3,14314311.15147700,0
1776675600000,0.54611,0.54685,0.5404,0.54077,24749260.7,1776675779999,13429640.54573300,869,1187.5,643.32051400,0
1776675780000,0.54077,0.54798,0.5404,0.54798,21437929.9,1776675959999,11694413.31192900,825,21437111.6,11693966.69835700,0
1776675960000,0.54798,0.54873,0.54686,0.54873,117623.4,1776676139999,64489.40360900,412,112500.2,61685.73749400,0
1776676140000,0.54873,0.54877,0.54384,0.54505,15532731.4,1776676319999,8470746.63896600,750,3837869.3,2092866.13082100,0
1776676320000,0.54505,0.54543,0.54302,0.54302,5831450.8,1776676499999,3171678.45118500,764,272737.8,148698.83010200,0
1776676500000,0.54302,0.54363,0.54124,0.54326,7395281.4,1776676679999,4010143.67691300,661,1939.8,1052.29516300,0
1776676680000,0.54326,0.54601,0.54237,0.54601,10491846.1,1776676859999,5714072.41739600,693,10490789.3,5713498.14416500,0
1776676860000,0.54601,0.55335,0.54562,0.54794,39065935.8,1776677039999,21410276.20905800,1020,37548571.5,20577383.32311800,0
1776677040000,0.54794,0.54932,0.54791,0.54881,24550.8,1776677219999,13454.32240600,421,2188.6,1200.72514600,0
1776677220000,0.54881,0.55095,0.54727,0.55095,8126047.3,1776677399999,4470697.65334200,709,8123978.9,4469564.27368600,0
1776677400000,0.55095,0.55264,0.55027,0.55027,6713702.6,1776677579999,3704444.19745300,633,6711479.4,3703218.63723000,0
1776677580000,0.55027,0.55116,0.54837,0.54837,2296987.0,1776677759999,1259891.32369400,530,0,0,0
1776677760000,0.54837,0.55017,0.54752,0.54987,6605340.7,1776677939999,3619272.22239100,543,2286.8,1255.58879600,0
1776677940000,0.54987,0.55115,0.54918,0.54939,4154.7,1776678119999,2284.85130900,451,2582.5,1420.13638500,0
1776678120000,0.54916,0.55099,0.54912,0.54921,3998.1,1776678299999,2199.08764700,414,2873.1,1580.34094200,0
1776678300000,0.54921,0.55099,0.54705,0.54705,4254.5,1776678479999,2332.02600200,400,56.0,30.85544000,0
1776678480000,0.54705,0.54836,0.54671,0.54699,3444.4,1776678659999,1885.21156600,375,0,0,0
1776678660000,0.54699,0.54909,0.54699,0.54909,3431.3,1776678839999,1880.08250900,362,0,0,0
1776678840000,0.54909,0.55204,0.54909,0.55194,10950045.4,1776679019999,6036080.86252000,646,10948193.0,6035061.95825300,0
1776679020000,0.55179,0.55262,0.55116,0.55262,4500624.4,1776679199999,2485868.05962700,684,4495028.0,2482779.01905000,0
1776679200000,0.55246,0.55406,0.55205,0.55315,27512.2,1776679379999,15200.18814000,407,13629.6,7533.76414600,0
1776679380000,0.55315,0.5545,0.55205,0.55374,4461.3,1776679559999,2468.94689300,392,741.1,410.75053900,0
1776679560000,0.55374,0.55374,0.54983,0.55102,7816350.4,1776679739999,4305807.69217300,583,183669.4,101177.75195400,0
1776679740000,0.55102,0.55137,0.54831,0.55015,16848506.6,1776679919999,9253815.96979900,860,733968.4,403509.72178500,0
1776679920000,0.55016,0.55218,0.54831,0.55215,26523.3,1776680099999,14553.36770200,393,1297.0,714.89396400,0
1776680100000,0.55215,0.55509,0.55215,0.55509,14916192.6,1776680279999,8262402.66319600,955,14915207.7,8261857.71224600,0
1776680280000,0.55509,0.55596,0.55509,0.55588,3938940.4,1776680459999,2188536.74007700,557,3936187.2,2187006.39592300,0
1776680460000,0.55588,0.55588,0.54856,0.54856,23858075.0,1776680639999,13165614.95932000,920,210.7,115.63234100,0
1776680640000,0.54856,0.54883,0.54741,0.54873,87483.5,1776680819999,47957.96143600,488,1447.4,793.41052100,0
1776680820000,0.54873,0.55078,0.548,0.55078,3403.1,1776680999999,1869.11847100,428,2022.8,1111.65925600,0
1776681000000,0.55078,0.55141,0.55037,0.55141,2648246.0,1776681179999,1459625.08236600,514,2646919.4,1458894.44061900,0
1776681180000,0.55141,0.55144,0.54644,0.54644,15947335.6,1776681359999,8735595.76072000,639,92009.9,50737.60072400,0
1776681360000,0.54644,0.54644,0.54381,0.54389,5096261.3,1776681539999,2778254.92215600,881,143.2,77.88857900,0
1776681540000,0.54397,0.54642,0.54397,0.54642,3482.3,1776681719999,1900.04908900,387,2893.8,1579.33813200,0
1776681720000,0.54642,0.54642,0.54413,0.54431,3622.4,1776681899999,1976.02979200,412,2851.8,1556.08696800,0
1776681900000,0.54431,0.54973,0.54295,0.54973,50001272.1,1776682079999,27430080.15976200,1213,33386656.9,18326752.55248500,0
1776682080000,0.54973,0.55322,0.54973,0.5528,82587957.0,1776682259999,45538424.14299700,1161,80531378.5,44401292.15863000,0
1776682260000,0.5528,0.55352,0.54955,0.5496,85913326.2,1776682439999,47470970.40461000,1097,39461602.0,21825545.24664500,0
1776682440000,0.54955,0.55067,0.54936,0.55033,20352779.1,1776682619999,11196061.31429200,765,14990891.0,8248116.96384600,0
1776682620000,0.55033,0.55235,0.55033,0.55235,93642055.1,1776682799999,51624270.99393100,1242,67616486.2,37285840.33073500,0
1776682800000,0.55237,0.55674,0.55237,0.55674,58410873.8,1776682979999,32368040.26490400,911,58410309.9,32367727.76815100,0
1776682980000,0.55679,0.5652,0.55679,0.56337,52713588.8,1776683159999,29574019.34808500,997,52712162.2,29573217.24103400,0
1776683160000,0.56374,0.5652,0.55907,0.56293,17404123.4,1776683339999,9745171.68346800,965,12620155.7,7065037.18052300,0
1776683340000,0.56293,0.5652,0.56203,0.56212,1427874.6,1776683519999,804307.00320300,604,833297.3,469626.43795500,0
1776683520000,0.56212,0.56236,0.55817,0.56069,23691192.6,1776683699999,13264971.16619600,761,2083.3,1165.57351500,0
1776683700000,0.56069,0.56538,0.56069,0.56538,16269892.9,1776683879999,9164021.05421000,1027,14966442.6,8428401.76654000,0
1776683880000,0.56538,0.56816,0.56517,0.56676,9883005.9,1776684059999,5596458.83092000,970,9101913.8,5153833.46015800,0
1776684060000,0.56676,0.56676,0.56436,0.56511,3523.5,1776684239999,1991.74162700,430,0,0,0
1776684240000,0.56511,0.56816,0.5645,0.56736,7158.3,1776684419999,4059.40048500,415,4299.2,2441.93853600,0
1776684420000,0.5673,0.5673,0.56435,0.5655,14186.2,1776684599999,8013.02927500,451,1396.4,790.71287800,0
1776684600000,0.56523,0.56877,0.56521,0.56859,3841550.3,1776684779999,2180395.30252100,641,3840635.9,2179876.64838800,0
1776684780000,0.56859,0.57176,0.56859,0.56942,14947293.1,1776684959999,8522931.07330000,945,14945816.7,8522088.86461400,0
1776684960000,0.56931,0.57176,0.56926,0.57114,3550.0,1776685139999,2024.59732300,377,87.6,50.08617600,0
1776685140000,0.57128,0.57182,0.56708,0.56708,15594843.6,1776685319999,8864756.65253800,926,597.4,340.84468200,0
1776685320000,0.56708,0.56725,0.56378,0.56616,14723079.9,1776685499999,8315122.80925100,896,2089.6,1180.89325400,0
1776685500000,0.56581,0.56618,0.56382,0.56532,1255026.4,1776685679999,709699.58646200,514,737262.0,416913.65681300,0
1776685680000,0.56532,0.56544,0.56419,0.56473,13445.0,1776685859999,7588.86480600,443,0,0,0
1776685860000,0.56473,0.56564,0.56174,0.56174,12080100.1,1776686039999,6796894.41921000,704,0,0,0
1776686040000,0.56174,0.56174,0.55838,0.55838,12689587.1,1776686219999,7115170.93442600,928,85.2,47.70007200,0
1776686220000,0.55835,0.55835,0.5549,0.55698,21775805.7,1776686399999,12119639.56135600,897,1814508.7,1009093.34577800,0
1776686400000,0.55698,0.55698,0.55299,0.55299,11472529.4,1776686579999,6359395.02230900,751,369650.4,204925.39084500,0
1776686580000,0.55302,0.55568,0.55127,0.55224,30797722.2,1776686759999,16997429.19044400,775,732082.0,406033.81313300,0
1776686760000,0.55224,0.55624,0.55091,0.55624,16442335.0,1776686939999,9120037.01595900,777,12286287.8,6829670.64101900,0
1776686940000,0.55624,0.55732,0.55597,0.55732,1233350.5,1776687119999,686242.93882500,570,1232345.8,685683.92524600,0
1776687120000,0.55732,0.56069,0.55597,0.56069,10327180.1,1776687299999,5781802.91384300,688,10326026.2,5781157.99432200,0
1776687300000,0.56069,0.56114,0.55963,0.56036,3620590.9,1776687479999,2031310.69087300,628,3618105.5,2029917.70535000,0
1776687480000,0.56029,0.56175,0.55977,0.55977,3651.8,1776687659999,2048.01159800,424,1080.9,606.96895000,0
1776687660000,0.55977,0.56226,0.55975,0.56031,3255.8,1776687839999,1827.41040900,382,1207.9,678.74431000,0
1776687840000,0.56014,0.56014,0.55712,0.55788,4294924.7,1776688019999,2394440.33632500,583,108494.8,60473.04266800,0
1776688020000,0.55777,0.56136,0.55712,0.56063,3273973.3,1776688199999,1835970.91684000,528,3272692.3,1835253.36351300,0
1776688200000,0.56063,0.56137,0.55914,0.56108,5157.5,1776688379999,2892.19040300,408,1712.7,961.45822900,0
1776688380000,0.56108,0.56108,0.5556,0.5556,13828040.8,1776688559999,7702375.00530200,926,208.1,115.67983800,0
1776688560000,0.5556,0.55584,0.55463,0.55463,1186916.3,1776688739999,659122.92728700,595,898.2,498.79755400,0
1776688740000,0.55463,0.55822,0.55438,0.55822,3540.4,1776688919999,1967.77724000,417,2293.4,1276.22502000,0
1776688920000,0.55833,0.55876,0.55709,0.55714,3503.7,1776689099999,1954.47713500,407,727.2,406.15998800,0
1776689100000,0.55714,0.55868,0.55705,0.5574,3564.6,1776689279999,1987.61293000,413,0,0,0
1776689280000,0.55721,0.55854,0.55689,0.55787,5349.4,1776689459999,2980.50240700,390,0,0,0
1776689460000,0.55787,0.55888,0.55682,0.55885,3309.1,1776689639999,1846.82234700,372,791.6,442.37346500,0
1776689640000,0.55867,0.55867,0.55572,0.55572,3475.2,1776689819999,1935.12416100,410,0,0,0
1776689820000,0.55572,0.55727,0.55528,0.55684,3602.8,1776689999999,2003.97225100,401,0,0,0
1776690000000,0.55684,0.55781,0.55328,0.55367,13030407.0,1776690179999,7223810.92213000,733,287.7,159.26397900,0
1776690180000,0.55356,0.55356,0.55209,0.55209,7587505.2,1776690359999,4194891.71563000,742,1267.7,700.60060200,0
1776690360000,0.55209,0.55535,0.55209,0.55515,4328.5,1776690539999,2398.03975200,403,3116.6,1726.64209700,0
1776690540000,0.55515,0.557,0.5551,0.55622,14645778.7,1776690719999,8146647.65737800,801,14644207.7,8145773.45234500,0
1776690720000,0.55622,0.55798,0.55267,0.55267,26849358.7,1776690899999,14907649.22812900,784,10596275.2,5906160.42566800,0
1776690900000,0.55267,0.55345,0.5517,0.5526,7367900.8,1776691079999,4068043.91120800,510,1390.7,768.55281700,0
1776691080000,0.5526,0.5566,0.5526,0.5566,3414395.5,1776691259999,1898537.52798900,497,3414320.0,1898495.78044000,0
1776691260000,0.5566,0.5568,0.55447,0.55447,624407.5,1776691439999,347584.59426400,279,599331.2,333624.32696400,0
1776691440000,0.55447,0.55449,0.55322,0.55332,2383.8,1776691619999,1319.64783000,296,0,0,0
1776691620000,0.55332,0.55395,0.55237,0.5527,1290189.7,1776691799999,713324.83930900,397,115.1,63.60382000,0
1776691800000,0.5527,0.55482,0.55248,0.55432,3243.8,1776691979999,1795.51210700,420,1491.5,825.98890600,0
1776691980000,0.55432,0.55432,0.55204,0.55204,187083.8,1776692159999,103341.16397200,405,2000.8,1107.28836800,0
1776692160000,0.55204,0.55489,0.5517,0.55475,5064.5,1776692339999,2800.22702700,404,3171.4,1754.91704700,0
1776692340000,0.55475,0.55659,0.55466,0.55659,11977062.6,1776692519999,6658519.61013500,834,11976236.9,6658061.04320100,0
1776692520000,0.55659,0.5574,0.55659,0.55662,5965629.8,1776692699999,3323280.11451300,650,5962953.8,3321789.71434900,0
1776692700000,0.55661,0.55693,0.55461,0.55461,3614.2,1776692879999,2009.91121800,438,0,0,0
1776692880000,0.55461,0.55461,0.55267,0.55292,8109167.4,1776693059999,4486552.24566900,765,613.1,339.01995300,0
1776693060000,0.55292,0.55312,0.55158,0.55158,9210502.6,1776693239999,5086410.69282100,813,1174.2,648.76401100,0
1776693240000,0.55158,0.55158,0.54679,0.54679,60685337.3,1776693419999,33382069.14156800,1289,0,0,0
1776693420000,0.54679,0.54844,0.54635,0.54635,6114216.5,1776693599999,3341747.00126100,583,5280.6,2888.91416600,0
1776693600000,0.54635,0.54697,0.54569,0.54654,4915473.2,1776693779999,2684044.90224900,618,14172.2,7743.97660800,0
1776693780000,0.54569,0.54735,0.54563,0.54585,26386.4,1776693959999,14432.13642600,404,23805.1,13022.05703200,0
1776693960000,0.54608,0.54701,0.54209,0.54241,11679012.2,1776694139999,6351502.02654300,625,166.1,90.06303700,0
1776694140000,0.54241,0.54446,0.54209,0.54297,4070.5,1776694319999,2211.76251100,413,1546.5,841.13922800,0
1776694320000,0.54297,0.5445,0.54168,0.54168,2377928.8,1776694499999,1288548.91828600,470,891.9,484.24150800,0
1776694500000,0.54168,0.54168,0.5406,0.54135,5230305.8,1776694679999,2830244.77902000,668,1456.9,788.20963300,0
1776694680000,0.54135,0.5422,0.54096,0.54204,3456.9,1776694859999,1872.76184600,438,1574.7,853.22133800,0
1776694860000,0.54204,0.54204,0.53741,0.53741,10079927.1,1776695039999,5420892.37214500,552,0,0,0
1776695040000,0.53741,0.53978,0.53624,0.53847,9195645.0,1776695219999,4936417.08167000,590,1945.5,1046.33045600,0
1776695220000,0.53847,0.5389,0.53624,0.53841,22110.6,1776695399999,11861.35743500,405,1409.3,757.68873300,0
1776695400000,0.53837,0.53996,0.53623,0.53623,10893.8,1776695579999,5848.41293700,378,747.8,403.25385800,0
1776695580000,0.53623,0.53623,0.53153,0.53287,31339163.7,1776695759999,16744931.28061900,1085,2033.7,1084.83009600,0
1776695760000,0.53287,0.5348,0.53151,0.53408,1622675.0,1776695939999,866685.42186400,477,1620081.7,865301.89463600,0
1776695940000,0.53405,0.53497,0.53155,0.53155,493178.0,1776696119999,263783.84516900,379,490542.9,262377.15812600,0
1776696120000,0.53152,0.53152,0.52917,0.52959,17907399.3,1776696299999,9490713.50369900,734,1400.1,742.18205300,0
1776696300000,0.52959,0.53045,0.52908,0.53009,194319.8,1776696479999,102909.59758900,357,945.2,500.76276800,0
1776696480000,0.52976,0.531,0.52808,0.52808,2646711.0,1776696659999,1398901.36733700,465,762.4,404.55866900,0
1776696660000,0.52808,0.53036,0.52444,0.52975,18427357.9,1776696839999,9705875.77489500,724,781605.0,413150.89628400,0
1776696840000,0.52975,0.53101,0.52906,0.53001,17977.7,1776697019999,9528.18058200,371,6565.5,3486.31962800,0
1776697020000,0.53001,0.53001,0.52866,0.52908,12601.7,1776697199999,6664.60749300,408,295.0,156.26275900,0
1776697200000,0.52908,0.53041,0.5252,0.53019,21288508.8,1776697379999,11229476.16652600,799,2615932.1,1385581.78165300,0
1776697380000,0.53019,0.53601,0.53019,0.53535,19820792.4,1776697559999,10569549.84481200,888,19820077.8,10569168.92471400,0
1776697560000,0.53502,0.53601,0.53265,0.53266,8981.7,1776697739999,4794.97080100,390,187.4,100.44827400,0
1776697740000,0.53266,0.53601,0.52941,0.52941,17715000.6,1776697919999,9403432.36746100,992,7101.3,3765.70024600,0
1776697920000,0.52941,0.53041,0.52909,0.53041,867390.5,1776698099999,459063.12150600,478,4565.8,2419.70053700,0
1776698100000,0.52988,0.53414,0.52988,0.53235,20100968.2,1776698279999,10702339.04889800,725,20097864.1,10700685.54058900,0
1776698280000,0.53235,0.53414,0.53081,0.53124,18560.6,1776698459999,9873.80881200,425,1228.0,655.92392000,0
1776698460000,0.53121,0.53414,0.52971,0.52971,1189129.5,1776698639999,630178.96327700,483,4412.9,2354.32516600,0
1776698640000,0.52971,0.53011,0.52905,0.53011,9146021.4,1776698819999,4840966.45187300,642,12071.2,6396.27695800,0
1776698820000,0.53011,0.53077,0.52905,0.53052,52426.1,1776698999999,27809.63578300,403,48651.3,25810.49533300,0
1776699000000,0.53052,0.53104,0.52905,0.53101,12506.9,1776699179999,6636.53324700,375,8680.2,4609.39030200,0
1776699180000,0.53082,0.53146,0.52905,0.53146,15470.2,1776699359999,8212.20495600,435,10880.9,5778.48369300,0
1776699360000,0.53146,0.53525,0.53146,0.53373,28240775.3,1776699539999,15060678.32990700,751,28237089.5,15058711.18852400,0
1776699540000,0.53373,0.53525,0.53245,0.53245,4361.5,1776699719999,2328.74740300,408,1062.3,568.56700500,0
1776699720000,0.53244,0.53525,0.53244,0.53274,4532.1,1776699899999,2415.41378700,371,37.8,20.23245000,0
1776699900000,0.53274,0.53525,0.53234,0.53307,12705.7,1776700079999,6793.47102400,352,9396.6,5029.53015000,0
1776700080000,0.53307,0.53696,0.53276,0.53671,23097704.3,1776700259999,12380844.87655200,690,23084682.4,12373867.10365000,0
1776700260000,0.53671,0.53859,0.53562,0.53859,16582966.7,1776700439999,8917717.03743300,705,16577175.0,8914612.93705100,0
1776700440000,0.53865,0.53954,0.53745,0.53868,5406513.4,1776700619999,2914530.23601000,435,5402570.3,2912407.17059300,0
1776700620000,0.53868,0.54319,0.53694,0.54293,28486251.4,1776700799999,15411322.52702900,933,28484173.5,15410201.80387000,0
1776700800000,0.54293,0.54867,0.54087,0.54867,42392936.9,1776700979999,23114950.39447300,835,42384995.4,23110644.06529100,0
1776700980000,0.54867,0.55102,0.54603,0.54734,14503891.4,1776701159999,7950196.18694400,703,7421338.6,4075870.80391700,0
1776701160000,0.54734,0.55267,0.54734,0.55267,14349467.3,1776701339999,7915659.38186700,850,14347253.3,7914439.11124200,0
1776701340000,0.55267,0.554,0.55263,0.55263,2451649.0,1776701519999,1356460.63306500,595,2449244.5,1355130.17069700,0
1776701520000,0.55302,0.55385,0.54795,0.55385,19617401.9,1776701699999,10789285.63632200,889,1997061.5,1101111.16184000,0
1776701700000,0.55385,0.55843,0.55384,0.55769,41403523.6,1776701879999,23021704.28409900,1114,41401964.2,23020834.69642100,0
1776701880000,0.5577,0.55843,0.55607,0.55773,45471.7,1776702059999,25385.30478400,374,38971.4,21762.79890200,0
1776702060000,0.55773,0.56195,0.55607,0.56043,25323837.9,1776702239999,14183494.81887900,791,25321758.7,14182331.29350000,0
1776702240000,0.56043,0.56207,0.55684,0.55684,17377615.1,1776702419999,9711769.54621100,765,3229177.5,1814835.26730400,0
1776702420000,0.55684,0.55684,0.55426,0.55609,13300397.7,1776702599999,7396110.51129300,809,2682.2,1489.34331100,0
1776702600000,0.55614,0.55679,0.55417,0.55679,4124.3,1776702779999,2290.37393500,415,1828.8,1016.94221200,0
1776702780000,0.55679,0.55784,0.55574,0.55574,1055007.7,1776702959999,587988.61645900,509,1051666.5,586129.54362500,0
1776702960000,0.55574,0.55574,0.55011,0.55011,22533818.0,1776703139999,12455888.72818900,906,4124.1,2278.23445600,0
1776703140000,0.55011,0.55093,0.54968,0.54981,3366.8,1776703319999,1852.48442000,377,325.2,179.06870600,0
1776703320000,0.54981,0.55543,0.54981,0.55513,15051233.5,1776703499999,8332037.28809300,790,15049517.9,8331089.44483300,0
1776703500000,0.55543,0.55554,0.55287,0.55411,144882.8,1776703679999,80468.35835500,417,141742.4,78728.85537700,0
1776703680000,0.55411,0.55561,0.55277,0.55277,7487.1,1776703859999,4145.51789900,388,1232.0,684.45436200,0
1776703860000,0.55277,0.55564,0.55277,0.55449,3524.3,1776704039999,1952.85886100,381,276.8,153.79493700,0
1776704040000,0.55518,0.55601,0.55504,0.55523,6547.4,1776704219999,3637.94567800,381,3947.4,2194.28508600,0
1776704220000,0.55523,0.55621,0.55505,0.55505,2868187.9,1776704399999,1595119.99123800,517,2864994.9,1593346.49256200,0
1776704400000,0.55505,0.55647,0.55473,0.55524,3262.4,1776704579999,1812.07441800,356,711.9,396.04005000,0
1776704580000,0.55536,0.55595,0.55465,0.55465,3561.2,1776704759999,1976.38241400,378,0,0,0
1776704760000,0.55465,0.55647,0.55465,0.55542,4308.9,1776704939999,2394.16307800,390,928.9,516.89191900,0
1776704940000,0.55542,0.55647,0.55465,0.55484,3522.9,1776705119999,1955.46202000,393,10.4,5.78728800,0
1776705120000,0.55484,0.55647,0.55366,0.55366,11992.5,1776705299999,6665.78811500,392,7659.2,4262.11502400,0
1776705300000,0.55366,0.5586,0.55364,0.5586,12984838.7,1776705479999,7240109.61183000,668,12982549.1,7238840.00565100,0
1776705480000,0.5586,0.56161,0.5586,0.5611,11127620.4,1776705659999,6228394.43976000,878,11123437.7,6226047.38423600,0
1776705660000,0.56042,0.56071,0.55332,0.55889,18048488.8,1776705839999,10068092.28843500,848,2971878.9,1656258.30389500,0
1776705840000,0.55889,0.55889,0.55366,0.55605,22311405.1,1776706019999,12386274.47758000,957,13251.9,7356.43942900,0
1776706020000,0.55609,0.55684,0.55366,0.55575,7941.6,1776706199999,4412.12257800,409,3023.1,1682.88582300,0
1776706200000,0.55575,0.55646,0.55366,0.55383,3237.8,1776706379999,1799.70223400,349,0,0,0
1776706380000,0.55383,0.55385,0.55028,0.55038,26940126.6,1776706559999,14880129.23499800,983,500718.8,275841.42114900,0
1776706560000,0.55038,0.55177,0.5487,0.55177,2235844.5,1776706739999,1227162.29056700,536,6213.1,3417.93579600,0
1776706740000,0.55177,0.55177,0.54901,0.54938,5508.6,1776706919999,3033.16198200,368,2084.8,1150.33009600,0
1776706920000,0.54927,0.55177,0.54622,0.54661,14260232.0,1776707099999,7806686.05644000,703,5781.8,3183.46458000,0
1776707100000,0.54661,0.54661,0.54498,0.54638,10092050.1,1776707279999,5506573.66399000,731,4399.0,2400.86780900,0
1776707280000,0.54638,0.54883,0.54512,0.54774,816332.9,1776707459999,446598.39541700,423,814594.4,445645.87107200,0
1776707460000,0.54774,0.54895,0.54711,0.54717,3555.2,1776707639999,1947.86171700,374,203.1,111.47584000,0
1776707640000,0.54717,0.54754,0.54498,0.54752,4388.0,1776707819999,2396.59166300,451,667.1,364.68459900,0
1776707820000,0.54754,0.54782,0.54498,0.54672,7284.4,1776707999999,3977.13905500,438,508.0,278.14578600,0
1776708000000,0.54672,0.55071,0.54672,0.55001,15191874.5,1776708179999,8350669.82986400,711,14966631.7,8226713.38302700,0
1776708180000,0.55001,0.55203,0.55001,0.55191,5825355.3,1776708359999,3212623.81310000,718,5370176.5,2961580.86777700,0
1776708360000,0.55191,0.55264,0.54711,0.54711,15352402.9,1776708539999,8436521.85098400,916,5505281.4,3041104.71747600,0
1776708540000,0.54711,0.54784,0.54664,0.54664,2578602.6,1776708719999,1410292.72091600,551,1767.7,967.60942600,0
1776708720000,0.54664,0.5474,0.54643,0.54715,2445818.1,1776708899999,1336776.77298500,497,2009.4,1099.23049200,0
1776708900000,0.54715,0.54939,0.54715,0.54939,3624.5,1776709079999,1988.98132000,465,3450.6,1893.60739700,0
1776709080000,0.5494,0.5508,0.5494,0.55008,4406322.4,1776709259999,2424412.80503500,469,4404528.4,2423426.05609300,0
1776709260000,0.54996,0.55128,0.54996,0.55065,2066419.5,1776709439999,1138671.06767200,555,2020022.9,1113106.74620900,0
1776709440000,0.55065,0.5523,0.55065,0.55071,7176834.6,1776709619999,3958670.67038600,654,7174783.7,3957539.76941200,0
1776709620000,0.55071,0.5524,0.55065,0.55132,4238.1,1776709799999,2337.80829600,368,1077.5,595.11188000,0
1776709800000,0.55132,0.5524,0.5506,0.55071,4860.2,1776709979999,2680.41077300,335,1804.8,996.97152000,0
1776709980000,0.55071,0.55116,0.55049,0.55049,2905.4,1776710159999,1599.92194800,319,0,0,0
1776710160000,0.55049,0.55249,0.55029,0.55029,3448.7,1776710339999,1902.34253000,428,1066.9,589.09176800,0
1776710340000,0.55029,0.5525,0.54868,0.54899,4261.8,1776710519999,2342.19731600,411,22.4,12.37581100,0
1776710520000,0.54899,0.5497,0.54639,0.54639,15397758.5,1776710699999,8432951.39100400,719,193.6,105.88325800,0
1776710700000,0.54639,0.5469,0.54551,0.5469,1233241.9,1776710879999,673432.71120300,580,1877.3,1025.53272000,0
1776710880000,0.5469,0.55214,0.5469,0.55214,20481704.1,1776711059999,11263605.29916200,988,20480006.7,11262670.93553700,0
1776711060000,0.55214,0.5543,0.55214,0.55336,6276992.2,1776711239999,3475051.92755000,665,5731792.1,3173421.22616300,0
1776711240000,0.55348,0.55668,0.55336,0.55436,13818.5,1776711419999,7668.94877900,360,9511.7,5284.10964500,0
1776711420000,0.55416,0.55634,0.55416,0.55452,3264.1,1776711599999,1813.56731600,381,1863.0,1035.14173000,0
1776711600000,0.55452,0.55738,0.55452,0.55738,3479.0,1776711779999,1935.42017600,447,2567.1,1428.41637500,0
1776711780000,0.55738,0.56053,0.55618,0.56053,23792481.4,1776711959999,13290002.81146800,853,23791603.8,13289512.76031400,0
1776711960000,0.56053,0.56179,0.56053,0.56147,4544385.6,1776712139999,2549210.38552900,757,3767552.7,2113312.30560700,0
1776712140000,0.56147,0.56463,0.56097,0.56341,16825678.2,1776712319999,9484866.58752800,809,16647070.3,9384091.66489100,0
1776712320000,0.56337,0.56463,0.55823,0.55823,26792789.7,1776712499999,15005568.83505100,1019,829.7,468.47351100,0
1776712500000,0.55819,0.55968,0.55655,0.55655,427246.2,1776712679999,238433.32079800,482,471.6,263.58981900,0
1776712680000,0.55655,0.56006,0.55645,0.55995,3906.6,1776712859999,2180.00484700,426,564.4,315.84985800,0
1776712860000,0.55992,0.56006,0.55786,0.55852,4441.5,1776713039999,2483.26421000,358,1082.3,606.15293800,0
1776713040000,0.55852,0.55959,0.55773,0.5592,3219.2,1776713219999,1798.35398100,346,0,0,0
1776713220000,0.5592,0.5592,0.55572,0.55625,1731731.0,1776713399999,962532.28382600,498,681.3,378.75916300,0
1776713400000,0.55625,0.55781,0.55572,0.55781,4959.4,1776713579999,2762.69401600,457,3243.1,1806.81344200,0
1776713580000,0.55781,0.56118,0.55737,0.56118,7784737.9,1776713759999,4363839.40928600,585,7782505.9,4362593.22446100,0
1776713760000,0.56118,0.56119,0.55992,0.56011,580760.4,1776713939999,325910.09408900,412,577516.1,324091.43343900,0
1776713940000,0.56011,0.5613,0.55936,0.55936,7448.9,1776714119999,4176.10214200,395,3267.7,1833.97309800,0
1776714120000,0.55956,0.56163,0.55936,0.56147,7384.8,1776714299999,4138.79214600,400,2256.6,1266.76408700,0
1776714300000,0.56137,0.56447,0.56109,0.56447,11146407.5,1776714479999,6286998.35585300,696,11145502.8,6286489.96127500,0
1776714480000,0.56447,0.5647,0.56274,0.56342,3557232.2,1776714659999,2008166.69397200,529,3553324.7,2005965.35201800,0
1776714660000,0.56342,0.56627,0.56274,0.56627,2015483.7,1776714839999,1138778.91714900,589,2012385.4,1137033.28701400,0
1776714840000,0.56627,0.56854,0.56627,0.56771,14780026.1,1776715019999,8388357.01879900,683,14778212.1,8387326.59095100,0
1776715020000,0.56771,0.57488,0.56768,0.56928,20744361.4,1776715199999,11815549.05439600,783,15844754.9,9021534.31873000,0
1776715200000,0.5695,0.57482,0.56921,0.57482,28641397.6,1776715379999,16409654.86726600,777,28362550.4,16250928.38359300,0
1776715380000,0.57482,0.57567,0.57337,0.57567,4247843.0,1776715559999,2443163.83302400,571,4236024.0,2436372.19408000,0
1776715560000,0.57567,0.57969,0.57552,0.57949,16316399.8,1776715739999,9422209.75838600,920,16312731.9,9420093.95530500,0
1776715740000,0.57949,0.57984,0.57619,0.57619,94119.6,1776715919999,54536.08406600,387,70779.0,41035.57516600,0
1776715920000,0.57617,0.57984,0.57395,0.57811,13436784.9,1776716099999,7723312.34068400,656,6072.1,3513.86097100,0
1776716100000,0.57811,0.58,0.57786,0.57786,4145501.0,1776716279999,2400339.89270400,502,4075074.4,2359507.75702000,0
1776716280000,0.57758,0.58013,0.57628,0.58009,1111425.7,1776716459999,644689.02431200,457,1109066.6,643324.05725800,0
1776716460000,0.58009,0.58148,0.57971,0.58059,9171519.2,1776716639999,5326123.49903600,783,9170057.4,5325274.66667100,0
1776716640000,0.58071,0.58208,0.58019,0.58079,4293.5,1776716819999,2494.99456700,419,1148.2,668.07819200,0
1776716820000,0.58079,0.58149,0.57624,0.57924,12906719.3,1776716999999,7450883.67875800,685,556.3,321.48125200,0
1776717000000,0.57872,0.58069,0.57872,0.57981,128204.8,1776717179999,74438.48394700,468,123932.4,71962.61082200,0
1776717180000,0.58022,0.58215,0.57915,0.58215,6274165.5,1776717359999,3647950.26710700,578,6271746.2,3646546.57025400,0
1776717360000,0.58215,0.58315,0.58079,0.58079,954412.7,1776717539999,555617.80010600,467,951737.5,554062.35714300,0
1776717540000,0.58079,0.58121,0.57677,0.57692,20290555.4,1776717719999,11736750.07004300,735,607.6,350.91131900,0
1776717720000,0.57692,0.57729,0.57503,0.57552,3507.4,1776717899999,2021.26721700,435,455.4,262.84282300,0
1776717900000,0.57552,0.57773,0.5754,0.57773,3285.2,1776718079999,1893.67668700,373,486.1,280.71997000,0
1776718080000,0.57773,0.57773,0.57162,0.57162,15979116.5,1776718259999,9153153.29399300,913,253007.1,144670.70805800,0
1776718260000,0.57162,0.57163,0.5696,0.56983,9322038.9,1776718439999,5321140.01889800,985,258733.2,147825.52098100,0
1776718440000,0.56983,0.57106,0.5696,0.57051,3386.3,1776718619999,1931.39713200,382,1148.2,654.92444600,0
1776718620000,0.57051,0.57179,0.57029,0.57108,6335.9,1776718799999,3618.88887200,454,5202.2,2971.57715900,0
1776718800000,0.57108,0.57124,0.56609,0.56609,27391136.2,1776718979999,15552880.84887200,1434,746083.3,423621.25695300,0
1776718980000,0.566,0.56765,0.56528,0.56765,5420525.0,1776719159999,3067898.42244600,659,1134765.2,643431.60541800,0
1776719160000,0.56765,0.56945,0.56715,0.56737,2382552.6,1776719339999,1354520.12390000,641,2260244.3,1285080.00764800,0
1776719340000,0.56737,0.56742,0.56338,0.5639,8714056.8,1776719519999,4916006.85698800,649,1380.8,778.16807500,0
1776719520000,0.56338,0.56546,0.56333,0.56428,1025347.8,1776719699999,577651.08675100,478,1747.3,985.99484300,0
1776719700000,0.56428,0.56553,0.56368,0.56553,3216.0,1776719879999,1815.47858700,418,2495.0,1408.62215000,0
1776719880000,0.56553,0.56804,0.56484,0.56616,5966687.6,1776720059999,3381068.82479800,603,5965152.2,3380199.32070800,0
1776720060000,0.56616,0.56848,0.56612,0.56612,1147819.7,1776720239999,652163.27599500,508,1140558.1,648048.39561900,0
1776720240000,0.56612,0.56857,0.56612,0.56731,3278.1,1776720419999,1860.05989400,362,185.3,105.35381600,0
1776720420000,0.56731,0.56731,0.5657,0.56613,3453.1,1776720599999,1954.77609700,409,27.7,15.69499800,0
1776720600000,0.56613,0.56678,0.56552,0.56593,3403.3,1776720779999,1926.86669900,422,402.4,227.89690600,0
1776720780000,0.56592,0.56958,0.56536,0.56958,53856.3,1776720959999,30629.30449500,439,51952.6,29550.40631200,0
1776720960000,0.56958,0.56958,0.56577,0.56689,33377.6,1776721139999,19002.34262200,390,30165.8,17181.46470100,0
1776721140000,0.56689,0.57398,0.56689,0.57292,20849335.1,1776721319999,11909407.84482900,855,20848178.5,11908746.97248200,0
1776721320000,0.57292,0.57398,0.57058,0.57058,4287.5,1776721499999,2454.40440500,433,829.7,476.23120600,0
1776721500000,0.57045,0.57541,0.56952,0.57467,18790351.5,1776721679999,10786406.76560900,813,15713499.1,9032755.54744900,0
1776721680000,0.57447,0.57549,0.57335,0.57489,4303.6,1776721859999,2471.81459000,402,647.3,372.46636200,0
1776721860000,0.57489,0.57588,0.57289,0.57383,595303.6,1776722039999,342703.58133500,531,592269.8,340961.84926000,0
1776722040000,0.57383,0.57383,0.57193,0.57258,3510.8,1776722219999,2010.69731400,477,0,0,0
1776722220000,0.57258,0.57258,0.56987,0.57006,18255688.4,1776722399999,10420777.22457700,817,674.2,384.97004700,0
1776722400000,0.57006,0.57146,0.56987,0.57011,7626.8,1776722579999,4349.09594000,377,1501.2,856.88044000,0
1776722580000,0.57011,0.5708,0.56896,0.56961,3351.9,1776722759999,1909.23535100,420,0,0,0
1776722760000,0.56909,0.56962,0.56824,0.56824,2917.0,1776722939999,1659.40005500,380,0,0,0
1776722940000,0.56824,0.56986,0.56747,0.56982,3940.5,1776723119999,2239.26920100,339,0,0,0
1776723120000,0.56982,0.5718,0.5695,0.56994,2961.7,1776723299999,1690.14075700,343,553.6,316.47659800,0
1776723300000,0.56994,0.57145,0.56869,0.57017,2767.5,1776723479999,1577.47310400,307,0,0,0
1776723480000,0.57017,0.57112,0.56912,0.57094,2559.2,1776723659999,1458.87449200,280,0,0,0
1776723660000,0.57094,0.5718,0.56852,0.5704,3882.4,1776723839999,2214.33955500,335,829.7,474.42246000,0
1776723840000,0.56964,0.57074,0.56747,0.56927,3065.1,1776724019999,1746.55385100,329,0,0,0
1776724020000,0.56927,0.57182,0.5679,0.57182,3034.1,1776724199999,1728.08396100,332,27.9,15.95358400,0
1776724200000,0.57182,0.5731,0.57165,0.5731,7742523.3,1776724379999,4431468.08023600,721,7741115.3,4430662.51266800,0
1776724380000,0.57309,0.5731,0.57165,0.57169,45120.7,1776724559999,25855.33060000,368,42173.0,24169.34630000,0
1776724560000,0.57169,0.57439,0.57145,0.57439,6581969.6,1776724739999,3775568.14962100,632,6580339.3,3774635.71825800,0
1776724740000,0.5743,0.57453,0.57216,0.57261,19232.8,1776724919999,11046.47354800,289,16371.0,9405.61222100,0
1776724920000,0.57261,0.57263,0.5711,0.57207,3230.3,1776725099999,1847.31880800,276,0,0,0
1776725100000,0.57207,0.57453,0.56844,0.56956,21264375.8,1776725279999,12117006.02614000,803,898.6,512.03371100,0
1776725280000,0.56956,0.56956,0.56814,0.56814,1180349.8,1776725459999,670864.97242200,426,1181.0,671.60497100,0
1776725460000,0.5681,0.5681,0.56657,0.56693,3111.6,1776725639999,1764.76004200,345,0,0,0
1776725640000,0.56693,0.56805,0.5664,0.5664,2810.8,1776725819999,1593.47390500,304,0,0,0
1776725820000,0.5664,0.56679,0.56579,0.5662,4540.4,1776725999999,2570.17228500,335,0,0,0
1776726000000,0.5662,0.56812,0.56529,0.56529,2826643.0,1776726179999,1598842.60511400,414,1299.8,737.37857000,0
1776726180000,0.56526,0.56539,0.56447,0.56539,3082527.8,1776726359999,1741424.93716800,416,1965.0,1110.09738200,0
1776726360000,0.56539,0.56668,0.5646,0.56539,4187.6,1776726539999,2370.99276900,305,2794.3,1582.43877500,0
1776726540000,0.56529,0.56656,0.56412,0.56484,43722.0,1776726719999,24767.58426000,270,41382.9,23445.89582400,0
1776726720000,0.56484,0.56656,0.5639,0.56509,3185.8,1776726899999,1800.11361200,264,829.7,470.07483200,0
1776726900000,0.56509,0.57006,0.56471,0.57006,20628530.9,1776727079999,11722826.87078200,598,20627138.8,11722039.23400500,0
1776727080000,0.57006,0.57038,0.5682,0.5682,382756.0,1776727259999,218232.68161400,299,379066.4,216134.07007000,0
1776727260000,0.56808,0.57038,0.5664,0.5664,2971.7,1776727439999,1687.09088700,268,580.9,331.33374200,0
1776727440000,0.5664,0.57038,0.56638,0.56895,10949.4,1776727619999,6222.95073800,325,4572.0,2606.98440700,0
1776727620000,0.56941,0.57589,0.5691,0.57589,35237990.9,1776727799999,20194145.07857800,839,35235992.7,20193006.30846900,0
1776727800000,0.57589,0.57884,0.57518,0.57884,11585941.9,1776727979999,6688107.39815200,1021,11585602.2,6687911.85861600,0
1776727980000,0.57884,0.5806,0.57884,0.57899,9535891.1,1776728159999,5528149.55236700,799,9533007.9,5526477.46179400,0
1776728160000,0.57899,0.5806,0.57826,0.57994,7797.3,1776728339999,4522.39524400,404,4409.6,2560.21376000,0
1776728340000,0.57994,0.58085,0.57826,0.58026,7577.5,1776728519999,4387.07039500,402,650.2,377.56424500,0
1776728520000,0.58026,0.58066,0.57503,0.57518,13078740.9,1776728699999,7532940.05520200,730,140340.0,80717.54650400,0
1776728700000,0.57524,0.57799,0.57503,0.5762,3738.9,1776728879999,2154.66409300,373,871.3,502.45241500,0
1776728880000,0.5762,0.57799,0.57503,0.57613,7235.2,1776729059999,4164.47359700,376,4810.6,2768.07732700,0
1776729060000,0.57593,0.57822,0.57503,0.57747,5278.1,1776729239999,3044.06452300,398,2195.6,1267.77047500,0
1776729240000,0.57822,0.57864,0.57503,0.57547,3913.8,1776729419999,2257.48032100,356,693.0,400.83327400,0
1776729420000,0.57547,0.57864,0.57516,0.57668,4070.2,1776729599999,2348.99059600,382,625.8,362.11291200,0
1776729600000,0.57774,0.58085,0.57503,0.58085,15212649.1,1776729779999,8823100.63423300,595,15207079.7,8819893.66490400,0
1776729780000,0.58085,0.58171,0.58018,0.58018,1924607.9,1776729959999,1118269.04231900,443,1900643.6,1104353.20783100,0
1776729960000,0.58018,0.58106,0.57804,0.58106,3849.5,1776730139999,2229.72318200,396,0,0,0
1776730140000,0.58112,0.58203,0.58052,0.58101,1334803.7,1776730319999,776721.70792300,430,1332883.9,775605.96500800,0
1776730320000,0.58101,0.58101,0.57878,0.579,2872.8,1776730499999,1666.22552100,371,0,0,0
1776730500000,0.57878,0.58034,0.57869,0.57869,3019.1,1776730679999,1749.05569900,360,0,0,0
1776730680000,0.57867,0.58099,0.57832,0.58,2635.5,1776730859999,1527.39761400,316,200.5,116.29000000,0
1776730860000,0.58,0.58,0.57829,0.57958,887187.3,1776731039999,513712.74336900,384,759117.2,439646.43437500,0
1776731040000,0.57948,0.57967,0.57829,0.57901,770528.4,1776731219999,446055.19611700,406,715589.5,414273.06398700,0
1776731220000,0.57901,0.57948,0.57636,0.57636,3591.6,1776731399999,2076.07439000,375,838.6,485.92718600,0
1776731400000,0.57636,0.57861,0.57631,0.57861,2680.7,1776731579999,1547.69658300,329,956.8,552.75688600,0
1776731580000,0.57861,0.57892,0.57777,0.57892,2208.9,1776731759999,1278.03111600,266,899.3,520.51042300,0
1776731760000,0.57887,0.57899,0.57559,0.57559,3668.0,1776731939999,2115.39703700,328,359.2,207.96859900,0
1776731940000,0.57559,0.57621,0.57487,0.57545,9217.2,1776732119999,5302.71801200,245,0,0,0
1776732120000,0.57545,0.57613,0.5733,0.57383,12531151.6,1776732299999,7191486.63227200,552,434.6,249.49786700,0
1776732300000,0.57383,0.57489,0.5733,0.57381,4850.0,1776732479999,2782.31141700,296,1286.3,738.76603700,0
1776732480000,0.57381,0.57482,0.5733,0.57349,2283.1,1776732659999,1311.39546900,268,1335.2,767.16733700,0
1776732660000,0.57352,0.57357,0.57276,0.57276,4795007.7,1776732839999,2747721.24394400,608,712.8,408.66717700,0
1776732840000,0.57276,0.57359,0.57276,0.57294,2795.4,1776733019999,1601.81216500,312,543.7,311.70726300,0
1776733020000,0.57294,0.57306,0.57276,0.57303,7058.0,1776733199999,4042.65006300,322,0,0,0
1776733200000,0.57303,0.57411,0.57276,0.57411,368099.2,1776733379999,211148.39687000,367,366309.7,210122.83592600,0
1776733380000,0.57411,0.57429,0.57276,0.57321,2790.7,1776733559999,1599.46892700,309,140.3,80.56334700,0
1776733560000,0.57321,0.57431,0.57276,0.57276,47346.0,1776733739999,27120.48709900,301,883.3,507.28695100,0
1776733740000,0.57276,0.57307,0.57276,0.57276,4210.2,1776733919999,2411.48293100,270,0,0,0
1776733920000,0.57276,0.57431,0.56961,0.56962,12564314.4,1776734099999,7173672.28474800,481,8719.6,5007.75347600,0
1776734100000,0.56962,0.57008,0.56841,0.56858,7767082.6,1776734279999,4418840.11276900,569,679.5,386.96840400,0
1776734280000,0.5686,0.57028,0.5686,0.56988,4314.2,1776734459999,2458.46732200,334,3716.4,2117.89443800,0
1776734460000,0.56988,0.56988,0.56824,0.56835,2844460.0,1776734639999,1616547.39434900,422,370.5,210.78915000,0
1776734640000,0.56835,0.56835,0.56674,0.56674,10755279.4,1776734819999,6103779.31983300,674,223.4,126.87903100,0
1776734820000,0.56674,0.56698,0.56573,0.56672,3363652.8,1776734999999,1904924.79788000,422,2178.8,1234.37433300,0
1776735000000,0.56672,0.56746,0.56564,0.56564,720111.1,1776735179999,407367.33957800,420,11068.8,6275.95888300,0
1776735180000,0.56564,0.56564,0.56421,0.56421,10882959.5,1776735359999,6149088.13987400,546,4985.7,2816.01809900,0
1776735360000,0.56421,0.56639,0.56421,0.56585,2379.8,1776735539999,1346.34461400,265,951.1,538.18350900,0
1776735540000,0.56585,0.56639,0.56421,0.56473,4208.1,1776735719999,2379.50575300,371,795.2,450.39332800,0
1776735720000,0.56473,0.56639,0.56192,0.56193,15362.1,1776735899999,8658.30445500,438,829.7,469.93378300,0
1776735900000,0.5621,0.56241,0.56045,0.56131,12025789.9,1776736079999,6747621.20788500,663,81645.8,45786.21476800,0
1776736080000,0.56131,0.56143,0.56052,0.56093,104680.9,1776736259999,58767.62831500,402,102183.5,57366.49928900,0
1776736260000,0.56089,0.56177,0.56045,0.56177,3363.3,1776736439999,1887.43859000,379,1638.9,920.06972200,0
1776736440000,0.56177,0.56202,0.56086,0.5618,3105.0,1776736619999,1743.80226700,340,855.1,480.47291000,0
1776736620000,0.5618,0.56307,0.5609,0.56256,4009.2,1776736799999,2255.02392400,358,1951.7,1098.12057300,0
1776736800000,0.56256,0.56356,0.56202,0.56356,3435088.9,1776736979999,1935481.10558900,471,3430229.9,1932748.34049400,0
1776736980000,0.56356,0.56527,0.56242,0.56317,13222265.5,1776737159999,7461177.48065000,541,13218207.0,7458892.54530100,0
1776737160000,0.56301,0.56527,0.56239,0.56349,3083.4,1776737339999,1735.49488000,353,26.7,15.09270900,0
1776737340000,0.56349,0.56527,0.56221,0.56328,5669.2,1776737519999,3196.24797400,387,2178.0,1231.15806000,0
1776737520000,0.56332,0.56666,0.56221,0.56666,7680354.1,1776737699999,4345157.17781700,652,7669758.8,4339195.89271200,0
1776737700000,0.56666,0.56751,0.56603,0.56682,2594394.4,1776737879999,1471312.96380800,574,2591987.3,1469949.14321300,0
1776737880000,0.56682,0.57013,0.56648,0.57013,11357970.7,1776738059999,6456112.49532600,886,11356444.0,6455246.47562000,0
1776738060000,0.57013,0.58051,0.5696,0.57911,57154519.7,1776738239999,32879193.71553400,1109,57144286.7,32873295.49127700,0
1776738240000,0.57911,0.57939,0.57621,0.57804,58294.9,1776738419999,33621.28171000,418,2597.0,1503.75384100,0
1776738420000,0.57893,0.58077,0.57537,0.5785,12060499.7,1776738599999,6958950.32408700,696,5362586.4,3102094.22142400,0
1776738600000,0.5785,0.58888,0.57846,0.58888,29635499.3,1776738779999,17274747.16022400,792,29632939.7,17273258.63238200,0
1776738780000,0.58888,0.59088,0.5888,0.58982,5387017.5,1776738959999,3174597.07574000,701,5376499.9,3168396.31644900,0
1776738960000,0.58981,0.59679,0.58798,0.59609,31281889.2,1776739139999,18589278.89993900,848,31273780.6,18584485.96767300,0
1776739140000,0.59609,0.59679,0.59104,0.59353,9305023.8,1776739319999,5508236.27571100,645,3991280.4,2361794.45579000,0
1776739320000,0.59353,0.59766,0.59087,0.59102,22461977.5,1776739499999,13341933.94467500,828,6198126.5,3701894.57327800,0
1776739500000,0.59102,0.5948,0.59087,0.59448,152840.5,1776739679999,90330.44101400,455,38746.8,22914.72662800,0
1776739680000,0.59448,0.59491,0.58975,0.59242,11562604.4,1776739859999,6826989.29377300,682,812054.5,480577.37837600,0
1776739860000,0.59242,0.59242,0.58846,0.58846,7830167.3,1776740039999,4612941.78268800,854,72305.0,42704.80458700,0
1776740040000,0.58846,0.5942,0.5859,0.5942,44755019.3,1776740219999,26396315.87362600,1321,23380151.4,13844877.02598200,0
1776740220000,0.5942,0.59751,0.5942,0.59721,15348285.2,1776740399999,9132106.32788700,808,15345144.1,9130233.51059100,0
1776740400000,0.59721,0.59762,0.59465,0.59465,380670.7,1776740579999,227465.82617800,427,375021.7,224098.70977400,0
1776740580000,0.59465,0.59465,0.58743,0.58812,25624458.4,1776740759999,15150410.46418300,1327,259243.2,153160.90974100,0
1776740760000,0.58812,0.58818,0.58609,0.58609,7485178.1,1776740939999,4394979.41405600,811,524376.4,308062.26485500,0
1776740940000,0.58609,0.58725,0.58083,0.58083,33867547.0,1776741119999,19734938.41150500,1085,329568.1,191673.25908400,0
1776741120000,0.58083,0.58205,0.57981,0.57981,1348663.5,1776741299999,784094.72794100,476,879944.8,511786.73064700,0
1776741300000,0.57981,0.58554,0.57965,0.58146,13693632.4,1776741479999,7979772.72380000,718,9945574.1,5797202.43008600,0
1776741480000,0.58146,0.5831,0.58036,0.5831,1691638.3,1776741659999,984034.49511500,560,1044149.6,607926.31658000,0
1776741660000,0.5831,0.58778,0.5831,0.58778,13044660.0,1776741839999,7632314.44022400,828,13043161.8,7631435.74504100,0
1776741840000,0.5878,0.59236,0.58773,0.5923,21323354.2,1776742019999,12573487.63671300,762,21320906.0,12572041.36999700,0
1776742020000,0.59225,0.59238,0.58994,0.59233,384055.7,1776742199999,227499.61818700,379,381280.4,225859.35557200,0
1776742200000,0.59233,0.59308,0.59093,0.59283,2637379.5,1776742379999,1562547.80541800,469,2612801.8,1547990.27462200,0
1776742380000,0.59283,0.59314,0.58618,0.58666,8887444.3,1776742559999,5243032.29934100,656,122127.4,72409.88932900,0
1776742560000,0.58666,0.5884,0.58618,0.58771,17809.0,1776742739999,10451.18895300,418,6966.1,4093.47898500,0
1776742740000,0.58771,0.58843,0.58662,0.58697,3233.2,1776742919999,1899.75156800,363,332.2,195.42861400,0
1776742920000,0.58697,0.58925,0.58618,0.58749,7227.9,1776743099999,4245.61307600,385,1770.0,1042.08690200,0
1776743100000,0.5879,0.59412,0.58754,0.59401,33866736.9,1776743279999,20028948.97984000,902,33865357.2,20028135.74323400,0
1776743280000,0.59401,0.59901,0.5931,0.59901,21727049.5,1776743459999,12960744.13701900,1004,21689921.9,12938628.01490300,0
1776743460000,0.59901,0.60167,0.59871,0.59914,5643887.9,1776743639999,3383059.69488200,727,5636011.0,3378338.03134400,0
1776743640000,0.59914,0.60292,0.59871,0.60292,2572020.3,1776743819999,1549629.95026400,479,2546223.7,1534179.40541600,0
1776743820000,0.60292,0.60451,0.59073,0.59073,56248907.3,1776743999999,33685226.54445200,1200,18634251.1,11249617.23323700,0
1776744000000,0.59094,0.59367,0.59073,0.59315,1171978.5,1776744179999,694778.11820000,516,1138776.9,675162.88005500,0
1776744180000,0.59315,0.59319,0.58315,0.58315,42216920.4,1776744359999,24761846.89944200,1208,4519.6,2674.15250100,0
1776744360000,0.58315,0.58835,0.58273,0.58747,15379689.9,1776744539999,9022222.88905800,744,12513961.1,7351731.64028500,0
1776744540000,0.58747,0.58835,0.58184,0.58184,16409703.0,1776744719999,9579203.29125900,699,9943.3,5844.78559600,0
1776744720000,0.58184,0.58235,0.56992,0.57501,26417593.3,1776744899999,15264468.24345400,791,8074067.1,4626366.57434100,0
1776744900000,0.57501,0.57652,0.57357,0.57548,750320.4,1776745079999,432023.67119100,452,747948.2,430660.52650500,0
1776745080000,0.57548,0.57694,0.57356,0.57573,3358.4,1776745259999,1932.52601700,396,1561.9,899.38387300,0
1776745260000,0.57569,0.57706,0.56799,0.57239,21887458.0,1776745439999,12513743.77250500,886,2051177.7,1179249.64505000,0
1776745440000,0.57239,0.57378,0.57238,0.57275,3194644.5,1776745619999,1831581.80301300,614,3180827.7,1823663.63097800,0
1776745620000,0.57275,0.57947,0.57238,0.57947,21618477.0,1776745799999,12477752.98567600,837,21606137.3,12470676.94207200,0
1776745800000,0.57947,0.58095,0.57947,0.58095,7282352.4,1776745979999,4225331.36710300,717,7226377.4,4192851.11469800,0
1776745980000,0.58095,0.58522,0.57982,0.58502,18518352.8,1776746159999,10820089.39057300,724,18320612.2,10704397.55671000,0
1776746160000,0.58521,0.58753,0.58302,0.58753,11690516.7,1776746339999,6849397.86302400,811,10732905.8,6289928.02899800,0
1776746340000,0.58754,0.58757,0.58552,0.58677,308584.2,1776746519999,181275.03263500,395,134223.5,78865.69996600,0
1776746520000,0.58673,0.58738,0.58475,0.5856,3386.6,1776746699999,1982.88349800,408,0,0,0
1776746700000,0.58667,0.58778,0.58475,0.58475,7522.4,1776746879999,4409.00397000,384,1802.8,1059.59839300,0
1776746880000,0.587,0.58785,0.58156,0.58234,18212337.0,1776747059999,10619998.86247000,742,545.1,318.34642900,0
1776747060000,0.58234,0.58513,0.58234,0.58513,3291.7,1776747239999,1922.53023800,424,2856.3,1668.11387200,0
1776747240000,0.58513,0.5854,0.58156,0.5854,8610.0,1776747419999,5026.07129700,401,3477.5,2034.85925400,0
1776747420000,0.5854,0.58597,0.58421,0.58578,3275310.7,1776747599999,1918545.28250200,501,3273152.3,1917282.58580500,0
1776747600000,0.58578,0.58618,0.58504,0.58549,1214669.5,1776747779999,711961.78422800,461,1212019.6,710410.66014700,0
1776747780000,0.58549,0.58634,0.58528,0.58622,445752.7,1776747959999,261323.32789000,433,443295.2,259883.32180600,0
1776747960000,0.58618,0.58647,0.58477,0.58477,252767.4,1776748139999,148225.52490300,434,250084.3,146654.30256700,0
1776748140000,0.58477,0.58647,0.58444,0.58516,5887.4,1776748319999,3444.54374800,361,18.2,10.67375400,0
1776748320000,0.58516,0.58647,0.58177,0.58177,1602015.8,1776748499999,932934.98717500,453,829.7,486.59415900,0
1776748500000,0.58177,0.58177,0.57601,0.5763,17958230.1,1776748679999,10408518.33552400,910,691.1,399.95436100,0
1776748680000,0.5763,0.5792,0.57601,0.57812,230614.6,1776748859999,133146.81576900,561,215621.7,124488.97854500,0
1776748860000,0.57812,0.57945,0.57739,0.57803,108886.0,1776749039999,63082.01636100,486,96563.9,55947.00034700,0
1776749040000,0.57803,0.5792,0.57723,0.57744,3376.6,1776749219999,1951.59633900,417,0,0,0
1776749220000,0.57732,0.57852,0.57636,0.57672,1237478.9,1776749399999,713376.46965500,516,329.0,189.71299600,0
1776749400000,0.57672,0.57714,0.57634,0.57663,3363.3,1776749579999,1939.73700300,435,1883.7,1086.46040100,0
1776749580000,0.57653,0.57724,0.57469,0.57469,3305.5,1776749759999,1904.00910700,446,941.5,543.23108000,0
1776749760000,0.57469,0.57666,0.57444,0.57549,3479.6,1776749939999,2001.80677100,394,0,0,0
1776749940000,0.57549,0.57629,0.57458,0.5748,3501.5,1776750119999,2014.58029600,433,17.4,10.01491800,0
1776750120000,0.5748,0.57709,0.57424,0.57536,3372.9,1776750299999,1941.15681700,430,382.8,220.67689200,0
1776750300000,0.57536,0.57578,0.57281,0.57321,126405.4,1776750479999,72489.79048600,428,0,0,0
1776750480000,0.57309,0.57724,0.57283,0.57313,4120.1,1776750659999,2365.94670600,389,972.0,560.60657300,0
1776750660000,0.57326,0.57334,0.57253,0.5727,818350.1,1776750839999,468602.13140600,460,726.8,416.22400800,0
1776750840000,0.57253,0.57379,0.57252,0.57315,258218.0,1776751019999,147838.92848500,403,2688.5,1541.19485500,0
1776751020000,0.57306,0.57366,0.57243,0.57245,3007.0,1776751199999,1722.39177400,338,0,0,0
1776751200000,0.57245,0.57299,0.57217,0.57217,3031.9,1776751379999,1735.50608200,273,0,0,0
1776751380000,0.57217,0.57217,0.56994,0.57037,44610.0,1776751559999,25451.08804300,404,0,0,0
1776751560000,0.57037,0.57055,0.56921,0.56921,3054910.1,1776751739999,1739169.64177100,483,0,0,0
1776751740000,0.56921,0.57127,0.56838,0.57127,8232132.7,1776751919999,4684232.30828400,527,793643.2,453078.80280200,0
1776751920000,0.57191,0.57515,0.5709,0.57513,13915746.8,1776752099999,7976676.97196500,622,13809712.3,7915709.90136300,0
1776752100000,0.57513,0.57881,0.57461,0.57881,26602214.2,1776752279999,15347024.69384400,768,26463099.3,15266523.32204900,0
1776752280000,0.57881,0.57881,0.57247,0.57255,16384427.5,1776752459999,9403986.48283600,685,911.9,527.12299600,0
1776752460000,0.57255,0.57612,0.57246,0.57612,982055.9,1776752639999,562690.68102000,377,213170.3,122531.12505700,0
1776752640000,0.57612,0.57629,0.57237,0.57441,6494.6,1776752819999,3732.75056300,252,2534.6,1460.53574300,0
1776752820000,0.57441,0.57676,0.57336,0.57676,457709.6,1776752999999,263841.24120400,358,421026.2,242701.23368100,0
1776753000000,0.57676,0.57959,0.57648,0.57888,14439379.5,1776753179999,8338455.32681900,549,14297959.5,8256657.67896100,0
1776753180000,0.57888,0.57959,0.5765,0.5765,708857.5,1776753359999,410540.55631400,225,707523.0,409770.41974000,0
1776753360000,0.5766,0.5792,0.5761,0.5775,2134.8,1776753539999,1232.97771400,288,0,0,0
1776753540000,0.5775,0.57965,0.577,0.5779,642219.1,1776753719999,372233.30843700,459,637022.9,369232.05242300,0
1776753720000,0.57789,0.579,0.576,0.5774,2189820.0,1776753899999,1261770.23830000,576,106.8,61.64032500,0
1776753900000,0.5774,0.579,0.5758,0.5765,3549.6,1776754079999,2047.94974800,400,9.0,5.21100000,0
1776754080000,0.5765,0.5773,0.5758,0.5762,3484.3,1776754259999,2009.17774000,387,0,0,0
1776754260000,0.5762,0.5788,0.5762,0.5785,3361.0,1776754439999,1940.40583000,439,354.0,204.81062000,0
1776754440000,0.5788,0.58085,0.5776,0.5776,16175083.4,1776754619999,9383806.55922900,704,16170303.7,9381037.59597400,0
1776754620000,0.5776,0.58085,0.5776,0.5801,5310.1,1776754799999,3077.57960400,429,1370.5,796.05492500,0
1776754800000,0.5801,0.5823,0.5792,0.5792,7747297.5,1776754979999,4504155.90540300,694,7744949.4,4502793.08330200,0
1776754980000,0.5792,0.5811,0.5789,0.5809,3482.0,1776755159999,2018.45643300,400,0,0,0
1776755160000,0.5809,0.5809,0.57829,0.5794,3516.9,1776755339999,2038.16803800,404,0,0,0
1776755340000,0.5794,0.5797,0.5759,0.5759,18208963.5,1776755519999,10509058.35175300,890,73232.5,42200.52097500,0
1776755520000,0.5759,0.57675,0.5753,0.5763,2360879.1,1776755699999,1359611.93262300,614,851123.9,490591.32425200,0
1776755700000,0.5763,0.5763,0.5753,0.576,6624.1,1776755879999,3815.78675800,416,4896.6,2821.36233800,0
1776755880000,0.576,0.5767,0.57488,0.5765,7300330.8,1776756059999,4198856.67584900,712,882593.6,508000.13774200,0
1776756060000,0.5765,0.57756,0.57533,0.57736,9009916.8,1776756239999,5198734.62777700,807,9005729.7,5196319.74038500,0
1776756240000,0.57756,0.5799,0.57756,0.5798,11974592.4,1776756419999,6928731.07196500,824,11969707.8,6925899.43489000,0
1776756420000,0.57993,0.58321,0.57993,0.5827,13826084.1,1776756599999,8041731.45926200,1100,13824856.6,8041016.07423200,0
1776756600000,0.5829,0.58362,0.58067,0.5811,692707.9,1776756779999,404025.10022000,508,688995.3,401864.31358900,0
1776756780000,0.5811,0.5823,0.5808,0.5814,3442.8,1776756959999,2001.55222000,382,0,0,0
1776756960000,0.5819,0.5837,0.5805,0.5808,5122.7,1776757139999,2978.86093200,398,125.2,73.07641600,0
1776757140000,0.5808,0.58265,0.5799,0.5799,3573.0,1776757319999,2074.86941600,482,0,0,0
1776757320000,0.5799,0.5811,0.5793,0.5793,3503.7,1776757499999,2032.16100600,434,0,0,0
1776757500000,0.5793,0.581,0.57913,0.57913,3455.0,1776757679999,2003.39150200,440,0,0,0
1776757680000,0.5791,0.5795,0.57727,0.5774,14148625.2,1776757859999,8179781.53862400,836,1386.6,801.72305000,0
1776757860000,0.57727,0.5777,0.57549,0.57549,1772513.0,1776758039999,1023082.47462100,539,886.7,512.02812900,0
1776758040000,0.57549,0.57549,0.5737,0.5737,3452.1,1776758219999,1982.29289200,465,0,0,0
1776758220000,0.5737,0.5755,0.5735,0.5735,2874.8,1776758399999,1650.81209000,370,308.0,176.93016000,0
1776758400000,0.5755,0.57705,0.5735,0.5742,7089.3,1776758579999,4068.81758000,356,220.0,126.64476000,0
1776758580000,0.5742,0.57773,0.57192,0.5734,11760601.8,1776758759999,6736310.03576700,653,1598.6,919.95913500,0
1776758760000,0.5734,0.57601,0.5728,0.576,1052299.6,1776758939999,605976.05713300,517,1051997.3,605802.17156300,0
1776758940000,0.576,0.5763,0.5754,0.5761,3909469.0,1776759119999,2251547.10085400,532,1541041.8,887890.93048800,0
1776759120000,0.5761,0.5782,0.5761,0.5773,10156.5,1776759299999,5858.44527500,421,9616.0,5546.22828500,0
1776759300000,0.5774,0.5778,0.5762,0.5766,3359.8,1776759479999,1938.03619000,372,0,0,0
1776759480000,0.5766,0.5787,0.5766,0.5783,3045.1,1776759659999,1759.64572000,377,899.4,520.31801000,0
1776759660000,0.5783,0.57937,0.5766,0.57937,5229959.8,1776759839999,3029188.98777900,542,5228030.5,3028074.58398900,0
1776759840000,0.57937,0.58197,0.57937,0.5813,6066884.7,1776760019999,3517631.48976200,483,6065869.2,3517041.92106700,0
1776760020000,0.5817,0.5866,0.5816,0.585,17538232.2,1776760199999,10236250.59112200,686,16610429.0,9693029.61030800,0
1776760200000,0.5852,0.5859,0.57997,0.5815,11610942.6,1776760379999,6782226.93066800,541,2419.3,1415.00671600,0
1776760380000,0.5815,0.582,0.5789,0.5789,4694.9,1776760559999,2727.52851800,333,2109.0,1227.43800000,0
1776760560000,0.5789,0.5796,0.5787,0.5787,691305.7,1776760739999,400318.24496900,415,0,0,0
1776760740000,0.5787,0.5798,0.5786,0.5792,2216.3,1776760919999,1283.57153700,254,0,0,0
1776760920000,0.5792,0.582,0.5787,0.5798,4730.6,1776761099999,2748.04349400,274,2521.7,1467.62940000,0
1776761100000,0.5798,0.582,0.57905,0.57905,1974.2,1776761279999,1144.33271500,251,0.1,0.05820000,0
1776761280000,0.57905,0.5796,0.57776,0.5778,11193265.9,1776761459999,6470360.94085100,510,146.4,84.68888900,0
1776761460000,0.57776,0.57776,0.57468,0.57468,29733115.7,1776761639999,17142152.33517900,903,2954.7,1699.81053600,0
1776761640000,0.5746,0.5753,0.5732,0.5732,7564069.9,1776761819999,4341321.31005600,683,752.2,432.34937800,0
1776761820000,0.5732,0.57347,0.56871,0.5695,22862500.0,1776761999999,13049753.46278900,905,619.0,352.68153100,0
1776762000000,0.5695,0.57051,0.5687,0.5687,2490.3,1776762179999,1418.24216400,309,894.0,509.44737900,0
1776762180000,0.5688,0.57051,0.567,0.5671,2976366.6,1776762359999,1688882.70482800,706,1192.2,678.99108200,0
1776762360000,0.5672,0.5676,0.56593,0.567,8995923.4,1776762539999,5095714.91200000,628,3028.1,1715.56369700,0
1776762540000,0.567,0.56781,0.5669,0.5676,59059.3,1776762719999,33531.52472600,310,46667.7,26498.12128600,0
1776762720000,0.5676,0.5681,0.5676,0.5676,318999.5,1776762899999,181190.60617500,372,316427.2,179730.49778500,0
1776762900000,0.5676,0.5676,0.5676,0.5676,3041.2,1776763079999,1726.18512000,326,0,0,0
1776763080000,0.5676,0.5678,0.56219,0.5626,17650716.2,1776763259999,9949295.02193600,518,298.2,167.73377100,0
1776763260000,0.56261,0.56281,0.55935,0.55935,11010498.9,1776763439999,6170734.42700100,630,151.1,84.97020200,0
1776763440000,0.55935,0.562,0.55922,0.5599,3056.6,1776763619999,1713.50266000,330,84.2,47.32040000,0
1776763620000,0.5599,0.5599,0.5562,0.5562,18160995.6,1776763799999,10122683.25298400,929,25220.0,14078.54259600,0
1776763800000,0.5562,0.5562,0.54905,0.55162,39200696.3,1776763979999,21674476.02089700,1237,9847.9,5455.54663200,0
1776763980000,0.5517,0.55193,0.54905,0.54951,11837.6,1776764159999,6515.52841000,316,5990.1,3303.05676600,0
1776764160000,0.54951,0.5512,0.5493,0.5511,6619.4,1776764339999,3641.15180600,366,6120.0,3366.46001600,0
1776764340000,0.5512,0.55399,0.5508,0.55399,19732011.2,1776764519999,10903323.67170500,587,19728222.2,10901230.07233000,0
1776764520000,0.55399,0.55403,0.55298,0.5531,491410.4,1776764699999,272246.78139500,310,483126.1,267658.87031000,0
1776764700000,0.55298,0.55403,0.55298,0.55298,5926.3,1776764879999,3279.53420600,304,2242.8,1242.57848400,0
1776764880000,0.55298,0.55403,0.5501,0.5508,3843.2,1776765059999,2124.71055900,334,670.9,371.69872700,0
1776765060000,0.5504,0.55403,0.5504,0.5515,16476.9,1776765239999,9125.03438700,260,14016.9,7765.78310700,0
1776765240000,0.551,0.55403,0.5501,0.5516,40505.2,1776765419999,22323.12159500,275,9836.6,5449.50880500,0
1776765420000,0.5511,0.5511,0.54812,0.5493,15261915.9,1776765599999,8379307.10060200,573,1188.3,652.19153800,0
1776765600000,0.5493,0.55,0.54812,0.54812,2042.9,1776765779999,1121.35890800,257,1047.4,575.21085000,0
1776765780000,0.54812,0.5484,0.5475,0.5484,920903.2,1776765959999,504731.46891400,279,495.1,271.37454700,0
1776765960000,0.5484,0.5508,0.5484,0.5504,3029.0,1776766139999,1665.43653200,368,2800.3,1539.59747200,0
1776766140000,0.5504,0.5509,0.549,0.5509,2213.7,1776766319999,1217.95649200,281,1036.8,570.88347200,0
1776766320000,0.5507,0.5513,0.5497,0.5513,2762.1,1776766499999,1520.50601900,307,640.2,352.80585900,0
1776766500000,0.5513,0.55292,0.5505,0.55292,10718843.4,1776766679999,5921368.69355500,685,10718277.8,5921057.10528500,0
1776766680000,0.55292,0.5547,0.5529,0.5547,6429425.6,1776766859999,3559286.91167300,436,6427987.4,3558490.63111500,0
1776766860000,0.5542,0.55474,0.5522,0.5532,9332.1,1776767039999,5162.01605200,303,1622.4,900.01017600,0
1776767040000,0.5532,0.5532,0.552,0.552,3148.4,1776767219999,1738.88674400,356,0,0,0
1776767220000,0.552,0.5525,0.55136,0.55136,3140.9,1776767399999,1733.55030400,367,0,0,0
1776767400000,0.55136,0.5515,0.54971,0.54971,7959917.3,1776767579999,4379059.96131900,540,227.9,125.32275000,0
1776767580000,0.54971,0.5506,0.54949,0.5506,1575552.3,1776767759999,865917.78443700,444,1943.9,1069.47402400,0
1776767760000,0.5506,0.5507,0.5495,0.5497,3072.5,1776767939999,1690.64246700,331,780.6,429.75401700,0
1776767940000,0.5497,0.55003,0.5479,0.5479,3214.6,1776768119999,1765.82285000,361,669.7,368.29823100,0
1776768120000,0.5479,0.5479,0.5466,0.5467,3124.3,1776768299999,1709.97335600,299,0,0,0
1776768300000,0.5467,0.548,0.5461,0.5461,207156.2,1776768479999,113140.93488600,288,0,0,0
1776768480000,0.5461,0.5471,0.54568,0.546,3427.0,1776768659999,1871.53013600,317,0,0,0
1776768660000,0.546,0.55003,0.54465,0.545,9421622.3,1776768839999,5135757.98800500,431,318874.0,173749.19888400,0
1776768840000,0.545,0.5456,0.54432,0.5456,3743576.5,1776769019999,2038334.45208200,370,4941.5,2694.44725100,0
1776769020000,0.5456,0.5459,0.5449,0.5457,2667.6,1776769199999,1455.48872000,285,1561.9,852.36957000,0
1776769200000,0.5457,0.5459,0.5444,0.5451,2227.2,1776769379999,1214.91062000,250,465.9,254.33481000,0
1776769380000,0.5451,0.546,0.54432,0.5459,2837.8,1776769559999,1547.08656400,312,637.0,347.78492400,0
1776769560000,0.5459,0.54594,0.5445,0.5448,3466.9,1776769739999,1890.67383100,362,1824.0,994.83942100,0
1776769740000,0.5448,0.546,0.5448,0.546,2346.0,1776769919999,1279.62350200,285,1640.1,894.63590200,0
1776769920000,0.546,0.55111,0.546,0.5503,18169471.9,1776770099999,9938734.91124800,626,18164875.1,9936203.49325800,0
1776770100000,0.5505,0.55111,0.54946,0.5501,4062.8,1776770279999,2233.96298100,350,221.0,121.79531000,0
1776770280000,0.5501,0.55111,0.5487,0.55111,2253.8,1776770459999,1238.54432500,270,525.8,289.62365300,0
1776770460000,0.5508,0.55201,0.5501,0.55201,2003.4,1776770639999,1104.56552000,220,1377.1,759.59343000,0
1776770640000,0.55201,0.5533,0.55154,0.5532,1812096.8,1776770819999,1002028.59127800,347,1811513.9,1001706.39849800,0
1776770820000,0.5532,0.5533,0.5496,0.5506,2441.9,1776770999999,1344.59784400,219,10.9,6.03097000,0
1776771000000,0.5502,0.5509,0.54792,0.54792,10507401.6,1776771179999,5764072.29175600,476,348.6,191.14763900,0
1776771180000,0.54792,0.54792,0.5471,0.5471,5193130.9,1776771359999,2844036.77491800,656,156.0,85.37880000,0
1776771360000,0.5471,0.5485,0.5471,0.5484,81643.6,1776771539999,44668.73112200,194,983.2,538.89792200,0
1776771540000,0.5484,0.5485,0.5471,0.5472,2218.7,1776771719999,1215.86347600,276,1271.8,697.26657600,0
1776771720000,0.5471,0.5476,0.54614,0.5462,6081.5,1776771899999,3325.45795800,407,0,0,0
1776771900000,0.5462,0.54823,0.5461,0.5474,4297.1,1776772079999,2350.70086900,359,874.1,479.20784300,0
1776772080000,0.5474,0.5477,0.5459,0.5459,3435.8,1776772259999,1878.35070500,403,0,0,0
1776772260000,0.5459,0.546,0.5451,0.5453,3416.1,1776772439999,1863.59825600,442,55.2,30.10608000,0
1776772440000,0.5453,0.54823,0.54449,0.54449,12645.7,1776772619999,6890.41427100,442,242.5,132.34483100,0
1776772620000,0.5444,0.54823,0.54351,0.5452,6273540.1,1776772799999,3411575.90680700,570,1544.2,844.22593500,0
1776772800000,0.5452,0.54823,0.5442,0.5476,5479.3,1776772979999,2994.95321200,380,2201.0,1206.65423000,0
1776772980000,0.5476,0.54847,0.547,0.5476,533030.8,1776773159999,292272.30479700,425,529945.2,290582.70394300,0
1776773160000,0.5476,0.5479,0.5466,0.5466,4207.2,1776773339999,2301.23377700,371,0,0,0
1776773340000,0.5466,0.54853,0.5461,0.5461,3656.4,1776773519999,1999.66434300,404,261.6,143.48828800,0
1776773520000,0.5461,0.5474,0.5454,0.5454,3670.1,1776773699999,2003.84476900,421,0,0,0
1776773700000,0.5454,0.54853,0.5453,0.5462,4944.3,1776773879999,2701.29158500,374,911.5,499.98509500,0
1776773880000,0.5462,0.5481,0.5452,0.5481,3784.5,1776774059999,2067.28747200,397,0,0,0
1776774060000,0.5481,0.5503,0.5481,0.55,12378828.2,1776774239999,6807332.97639100,707,12377357.0,6806524.53960500,0
1776774240000,0.55,0.55031,0.549,0.5496,3697.6,1776774419999,2032.55459300,447,381.7,210.03672400,0
1776774420000,0.5497,0.5498,0.54838,0.5495,3818.1,1776774599999,2095.71896600,443,0,0,0
1776774600000,0.5495,0.55171,0.5495,0.55171,16167.9,1776774779999,8914.96362600,431,14990.2,8267.22607600,0
1776774780000,0.55171,0.55327,0.5508,0.5528,11083320.6,1776774959999,6127429.16899900,619,11081263.0,6126293.30235500,0
1776774960000,0.5528,0.55327,0.5499,0.5499,5299.1,1776775139999,2925.41487900,459,1800.8,996.32861600,0
1776775140000,0.5499,0.5519,0.5498,0.5503,3198.0,1776775319999,1761.53441800,354,0,0,0
1776775320000,0.5503,0.552,0.5498,0.5518,13378.4,1776775499999,7358.44682000,347,0,0,0
1776775500000,0.552,0.55327,0.5505,0.5505,4202.9,1776775679999,2321.22888600,316,1264.8,699.77589600,0
1776775680000,0.5506,0.55327,0.5498,0.5509,34638.2,1776775859999,19153.82820900,312,30868.7,17078.72564900,0
1776775860000,0.5507,0.5508,0.5462,0.5466,19369923.0,1776776039999,10616643.47216100,839,436.1,238.33861400,0
1776776040000,0.5466,0.5474,0.5462,0.5462,3280.3,1776776219999,1793.08803100,380,1517.5,829.93770100,0
1776776220000,0.5462,0.5462,0.54441,0.5446,3710.8,1776776399999,2023.47462800,404,0,0,0
1776776400000,0.5445,0.5469,0.5445,0.5461,3495.2,1776776579999,1905.21381800,381,0,0,0
1776776580000,0.5461,0.547,0.5445,0.5453,3266.5,1776776759999,1781.61569000,369,0,0,0
1776776760000,0.5453,0.5474,0.5445,0.5474,3943.1,1776776939999,2150.68066000,377,95.8,52.44092000,0
1776776940000,0.5474,0.54974,0.5473,0.5497,7188198.4,1776777119999,3948059.94674100,684,7187390.4,3947616.43384000,0
1776777120000,0.5497,0.54991,0.549,0.54991,2274366.0,1776777299999,1250487.65397800,491,2271157.3,1248724.88034600,0
1776777300000,0.54991,0.56689,0.54991,0.5646,79285454.3,1776777479999,44103313.74593600,1449,79280346.4,44100425.16177800,0
1776777480000,0.5646,0.5657,0.55482,0.5554,33631925.5,1776777659999,18837957.50869600,953,644.4,357.92592900,0
1776777660000,0.5554,0.5554,0.5524,0.5524,13911891.4,1776777839999,7701039.15843700,952,1779.9,984.99733700,0
1776777840000,0.5524,0.55372,0.552,0.5528,116024.9,1776778019999,64093.89966200,390,1837.5,1016.49895100,0
1776778020000,0.5528,0.55382,0.55169,0.5533,239162.0,1776778199999,132429.06438600,413,218448.8,120975.93309400,0
1776778200000,0.5536,0.5543,0.5531,0.5543,4825996.5,1776778379999,2673367.27560100,595,4823636.9,2672060.93302000,0
1776778380000,0.5543,0.55571,0.5531,0.5554,9227696.7,1776778559999,5122972.51889500,627,9224776.3,5121354.06913500,0
1776778560000,0.5554,0.5575,0.55301,0.5575,13183602.7,1776778739999,7335415.00001600,704,12785000.4,7114957.43589600,0
1776778740000,0.5575,0.563,0.5575,0.563,23718243.3,1776778919999,13285814.13133100,1158,23717738.3,13285530.54091900,0
1776778920000,0.563,0.56759,0.563,0.56759,22859630.3,1776779099999,12904218.03237200,1309,22855757.0,12902034.76369000,0
1776779100000,0.56759,0.56759,0.5655,0.5663,3271.1,1776779279999,1853.05659500,396,526.2,298.55389700,0
1776779280000,0.5663,0.5679,0.56516,0.5674,3188.0,1776779459999,1807.13502700,391,586.6,333.00665500,0
1776779460000,0.5674,0.5676,0.56469,0.5657,3173.8,1776779639999,1796.36320900,350,0,0,0
1776779640000,0.5657,0.5666,0.564,0.5643,2785.4,1776779819999,1574.20054700,321,0,0,0
1776779820000,0.5643,0.5643,0.56062,0.56062,14052042.8,1776779999999,7906015.64875200,655,3479.2,1952.52926600,0
1776780000000,0.5607,0.5636,0.5607,0.5627,2301012.0,1776780179999,1295076.81152500,530,2292745.3,1290420.27998100,0
1776780180000,0.5625,0.5631,0.5605,0.5631,73850.1,1776780359999,41406.56429500,617,1694.3,952.55503800,0
1776780360000,0.5631,0.5632,0.5592,0.5592,4541380.7,1776780539999,2542072.18663800,808,989.3,554.12049300,0
1776780540000,0.5592,0.5593,0.5575,0.558,11165807.3,1776780719999,6235409.12086700,842,1490.8,832.72054700,0
1776780720000,0.558,0.55922,0.5578,0.5592,3658.5,1776780899999,2043.96236000,389,1393.5,778.50140000,0
1776780900000,0.5592,0.56291,0.5588,0.5609,14124412.3,1776781079999,7909333.22133900,738,14121556.6,7907728.58547300,0
1776781080000,0.5609,0.56335,0.5605,0.56335,3503.6,1776781259999,1967.10229600,461,764.2,430.31099500,0
1776781260000,0.56335,0.56516,0.56079,0.5628,7352285.4,1776781439999,4153074.86253700,686,7348738.5,4151079.79905700,0
1776781440000,0.5628,0.5653,0.5628,0.5634,2255255.1,1776781619999,1274757.50794100,434,2252688.2,1273309.67227400,0
1776781620000,0.5633,0.56623,0.5626,0.56623,4108771.3,1776781799999,2325978.99241100,526,4104198.5,2323403.45237800,0
1776781800000,0.56623,0.5683,0.56623,0.5683,7499032.3,1776781979999,4251377.10285600,687,7497445.9,4250476.65603600,0
1776781980000,0.5683,0.5689,0.56749,0.5682,697389.3,1776782159999,396428.08077400,458,695318.7,395251.87985400,0
1776782160000,0.5682,0.5682,0.56296,0.5645,14752432.5,1776782339999,8323938.80479100,631,331.1,186.64375600,0
1776782340000,0.5645,0.5697,0.5645,0.5697,4870072.4,1776782519999,2769733.75030800,546,4869745.6,2769548.12612600,0
1776782520000,0.5697,0.57262,0.56896,0.57262,14407804.6,1776782699999,8236162.17810100,1024,14231954.8,8135800.75858300,0
1776782700000,0.57262,0.5755,0.57262,0.5739,12314991.6,1776782879999,7074498.32925500,622,12313837.0,7073835.27526200,0
1776782880000,0.5738,0.5757,0.5726,0.574,3831.7,1776783059999,2200.00960800,377,1003.6,577.58414000,0
1776783060000,0.5736,0.5757,0.57256,0.57256,13574.7,1776783239999,7797.23225000,322,6409.8,3690.12186000,0
1776783240000,0.57256,0.57256,0.57058,0.57058,3675030.0,1776783419999,2097888.15574000,521,0,0,0
1776783420000,0.57058,0.5714,0.5701,0.5701,373307.6,1776783599999,212952.58476300,325,451.3,257.66945000,0
1776783600000,0.57,0.57,0.56479,0.56479,1673741.9,1776783779999,948934.29163400,636,234072.3,132313.32261800,0
1776783780000,0.56479,0.56521,0.56366,0.5642,1903133.9,1776783959999,1074478.48180200,561,1628141.4,919330.31005400,0
1776783960000,0.5642,0.5721,0.5641,0.57157,6555888.9,1776784139999,3728875.86997900,251,4852279.2,2754811.16524500,0
1776784140000,0.57157,0.5724,0.5696,0.57109,11304079.6,1776784319999,6452860.13691700,799,3881845.4,2215071.46239600,0
1776784320000,0.57109,0.5747,0.5708,0.5742,13789489.1,1776784499999,7901681.42399400,808,13787443.5,7900508.65449900,0
1776784500000,0.5742,0.5747,0.5715,0.5717,25248.5,1776784679999,14503.41406000,452,21770.9,12511.73623000,0
1776784680000,0.5717,0.573,0.5707,0.5723,3060.6,1776784859999,1749.70910800,364,0,0,0
1776784860000,0.5724,0.5781,0.5711,0.5781,22389560.6,1776785039999,12899322.48009000,923,22386240.2,12897411.98559300,0
1776785040000,0.5781,0.5781,0.5745,0.5745,3386.3,1776785219999,1951.20373000,430,27.0,15.60870000,0
1776785220000,0.5745,0.5745,0.5701,0.5709,16274116.7,1776785399999,9322163.94483600,1001,1824.9,1042.14879900,0
1776785400000,0.5709,0.571,0.5688,0.569,5969.8,1776785579999,3401.17672000,409,0,0,0
1776785580000,0.569,0.5695,0.56683,0.5674,13723294.0,1776785759999,7789858.80611800,818,820.1,465.35682800,0
1776785760000,0.5669,0.568,0.56675,0.568,429037.7,1776785939999,243176.92445100,461,2306.3,1309.07991600,0
1776785940000,0.56801,0.57079,0.56801,0.5688,4204166.1,1776786119999,2395785.26997600,701,4203080.6,2395166.73037700,0
1776786120000,0.5688,0.5709,0.5686,0.5698,492790.4,1776786299999,281326.54817000,487,420679.5,240165.91560100,0
1776786300000,0.5698,0.5701,0.5672,0.5672,3569.4,1776786479999,2030.65508800,443,0,0,0
1776786480000,0.56712,0.56712,0.5643,0.5653,18714866.7,1776786659999,10585377.53023800,968,522565.4,295115.49938000,0
1776786660000,0.5653,0.56534,0.5641,0.5641,17734.8,1776786839999,10023.06430500,419,14121.0,7983.10405600,0
1776786840000,0.5641,0.565,0.5641,0.5641,3451.1,1776787019999,1947.27019100,369,0,0,0
1776787020000,0.5641,0.56505,0.5641,0.5641,3398.3,1776787199999,1917.01754400,362,0,0,0
1776787200000,0.5641,0.5656,0.5641,0.5656,2801.3,1776787379999,1581.17303200,315,400.3,226.34920100,0
1776787380000,0.5651,0.5656,0.5636,0.5636,2714631.5,1776787559999,1530647.03131500,486,4259.2,2409.00352000,0
1776787560000,0.5636,0.56381,0.55995,0.55998,16876774.0,1776787739999,9473315.08412400,770,28.3,15.84743400,0
1776787740000,0.55998,0.5618,0.55995,0.5612,3522.4,1776787919999,1975.62908600,369,1593.8,894.12955600,0
1776787920000,0.5609,0.56299,0.5607,0.56299,2167056.2,1776788099999,1219457.19007600,495,2166014.0,1218872.41149600,0
1776788100000,0.56299,0.56526,0.56299,0.5638,13947601.0,1776788279999,7872198.85179700,713,13935783.0,7865531.62712500,0
1776788280000,0.5638,0.5639,0.5613,0.5626,3502.2,1776788459999,1969.91548000,421,0,0,0
1776788460000,0.5625,0.5655,0.5613,0.5651,12409.9,1776788639999,6976.84281300,399,803.3,454.18776300,0
1776788640000,0.5651,0.5703,0.5651,0.57008,15216152.5,1776788819999,8622517.64551400,1027,15110774.8,8562447.80587800,0
1776788820000,0.57008,0.57542,0.5691,0.57542,20990779.2,1776788999999,12015402.54688700,1002,19810950.8,11340754.87868300,0
1776789000000,0.57542,0.5757,0.57345,0.5754,69900.4,1776789179999,40223.51833600,421,66863.9,38478.29578400,0
1776789180000,0.5754,0.5762,0.5733,0.57362,45597.3,1776789359999,26145.96611400,428,959.7,552.28616300,0
1776789360000,0.5735,0.5788,0.5733,0.57379,17474205.0,1776789539999,10077337.24084000,840,14380829.9,8300991.46323500,0
1776789540000,0.57379,0.5757,0.57376,0.5755,3527.9,1776789719999,2027.37996800,378,2541.0,1460.19789600,0
1776789720000,0.5755,0.5757,0.56726,0.56726,34519170.6,1776789899999,19674822.45850900,1071,55.3,31.83621000,0
1776789900000,0.56726,0.5744,0.5666,0.5744,21313602.3,1776790079999,12168759.29717100,843,20894136.2,11930994.14373800,0
1776790080000,0.5744,0.5768,0.5744,0.5748,10892894.3,1776790259999,6271295.66890600,873,10889693.5,6269454.14508600,0
1776790260000,0.5748,0.5748,0.57091,0.5719,16833731.9,1776790439999,9633573.69410600,782,878.1,501.99177500,0
1776790440000,0.5719,0.5725,0.57091,0.5715,3652.0,1776790619999,2088.34422400,438,1763.1,1008.54081600,0
1776790620000,0.5715,0.5716,0.57048,0.5716,4334867.8,1776790799999,2474004.89313800,610,1357.4,775.27423400,0
1776790800000,0.5716,0.5724,0.5701,0.5714,3563.7,1776790979999,2035.56428800,423,1321.6,755.83097200,0
1776790980000,0.5714,0.5724,0.57,0.5701,4491.9,1776791159999,2566.19576000,369,1275.7,730.21068000,0
1776791160000,0.5705,0.5717,0.5697,0.5698,3447.5,1776791339999,1966.99491800,397,0,0,0
1776791340000,0.5698,0.5711,0.56924,0.5709,1085781.2,1776791519999,618124.33107100,479,2904.1,1657.92768900,0
1776791520000,0.5709,0.5724,0.5666,0.56746,13186621.0,1776791699999,7493717.63714600,721,1483.1,845.27680600,0
1776791700000,0.56746,0.56978,0.5674,0.56928,570641.7,1776791879999,325071.81970600,462,569456.0,324397.01697700,0
1776791880000,0.5692,0.56978,0.5681,0.5681,3082.6,1776792059999,1753.54963200,398,47.7,27.17850600,0
1776792060000,0.56809,0.57303,0.56776,0.57303,16994010.3,1776792239999,9716590.96211600,706,16545523.2,9461847.76505100,0
1776792240000,0.57303,0.57798,0.57301,0.5735,25608074.0,1776792419999,14743002.98258100,1151,25607028.1,14742400.55994500,0
1776792420000,0.5736,0.5745,0.5721,0.5724,12171103.8,1776792599999,6970162.19437500,737,1109.9,635.42724000,0
1776792600000,0.5721,0.5721,0.5711,0.572,9790577.6,1776792779999,5597380.49591500,717,1995.2,1140.58651400,0
1776792780000,0.572,0.5723,0.5711,0.5711,3572.0,1776792959999,2042.64382400,396,1174.1,671.69365400,0
1776792960000,0.5711,0.5712,0.5699,0.5699,4746777.5,1776793139999,2709829.01348500,598,811.7,463.39043400,0
1776793140000,0.5699,0.5701,0.56519,0.56519,17007525.1,1776793319999,9636214.89747900,684,535.1,302.61389200,0
1776793320000,0.56519,0.56561,0.5637,0.5637,3093.8,1776793499999,1747.46374000,366,756.4,427.63227700,0
1776793500000,0.5637,0.565,0.5633,0.564,3088.0,1776793679999,1741.36325900,389,0,0,0
1776793680000,0.564,0.5641,0.5627,0.5627,4485.2,1776793859999,2526.66692700,365,0,0,0
1776793860000,0.5627,0.56561,0.5622,0.5622,4371.9,1776794039999,2462.89613900,455,1265.8,714.91931900,0
1776794040000,0.5622,0.56895,0.5622,0.56816,17563322.4,1776794219999,9957175.35644700,724,17560812.7,9955755.03052200,0
1776794220000,0.56816,0.56816,0.56678,0.5678,4393.6,1776794399999,2492.70903800,423,0,0,0
1776794400000,0.5675,0.5687,0.5665,0.5673,3420.6,1776794579999,1941.68656700,375,0,0,0
1776794580000,0.567,0.5675,0.566,0.5663,3615.8,1776794759999,2048.80917600,402,0,0,0
1776794760000,0.5663,0.5681,0.5658,0.5662,4611.1,1776794939999,2612.04935700,413,0,0,0
1776794940000,0.5659,0.5666,0.5658,0.5658,3666.8,1776795119999,2075.39364300,405,0,0,0
1776795120000,0.5658,0.5668,0.5637,0.5647,10234381.1,1776795299999,5778236.98642900,734,599.1,338.06210300,0
1776795300000,0.5647,0.5656,0.5643,0.5656,3346.9,1776795479999,1890.89489900,454,1450.6,819.75433900,0
1776795480000,0.5656,0.5656,0.56305,0.56334,5916299.7,1776795659999,3333226.27475500,675,1923.3,1084.99383800,0
1776795660000,0.5635,0.5648,0.5628,0.564,3748.9,1776795839999,2114.22581800,434,1951.5,1100.95054300,0
1776795840000,0.564,0.5649,0.5638,0.5644,4945.3,1776796019999,2791.64967000,401,1920.6,1084.78179000,0
1776796020000,0.5644,0.5649,0.5635,0.56422,3466.2,1776796199999,1955.88892600,397,684.0,386.08916600,0
1776796200000,0.5643,0.56453,0.563,0.5639,3450.5,1776796379999,1945.79375300,378,594.8,335.68376300,0
1776796380000,0.5639,0.56453,0.562,0.562,8229.1,1776796559999,4632.18777500,392,829.7,468.39054100,0
1776796560000,0.562,0.5626,0.562,0.562,3554.7,1776796739999,1998.12052700,410,0,0,0
1776796740000,0.562,0.5623,0.56088,0.56088,5105.2,1776796919999,2868.33176000,439,0,0,0
1776796920000,0.56088,0.5622,0.5605,0.5622,3635.4,1776797099999,2040.65136200,398,0,0,0
1776797100000,0.5622,0.5651,0.5622,0.5649,1052264.0,1776797279999,594401.96323200,511,1050291.9,593289.96054200,0
1776797280000,0.5649,0.5652,0.56408,0.5652,9007.1,1776797459999,5085.28322300,385,3384.7,1912.72564500,0
1776797460000,0.5652,0.5653,0.5636,0.5636,3287.2,1776797639999,1856.36372400,456,1154.0,652.23447100,0
1776797640000,0.5636,0.5647,0.5626,0.5629,3424.5,1776797819999,1929.40506700,404,0,0,0
1776797820000,0.5629,0.5644,0.5628,0.5641,3449.4,1776797999999,1943.91471000,375,0,0,0
1776798000000,0.5641,0.565,0.5626,0.5645,3433.9,1776798179999,1937.58333000,360,0,0,0
1776798180000,0.5645,0.56927,0.564,0.56615,37650884.9,1776798359999,21363500.91214400,1018,36641964.1,20791963.98336500,0
1776798360000,0.56927,0.57069,0.56485,0.5692,21147149.4,1776798539999,12021991.16522300,628,15795237.2,8976923.61169800,0
1776798540000,0.5692,0.57069,0.5691,0.5706,3019.8,1776798719999,1720.74744100,400,736.3,419.66760400,0
1776798720000,0.5706,0.57093,0.5693,0.56986,2225165.8,1776798899999,1270149.68312700,509,2222556.7,1268662.62258800,0
1776798900000,0.56986,0.5699,0.5682,0.5683,5459.2,1776799079999,3105.53944800,407,0,0,0
1776799080000,0.5683,0.5697,0.5682,0.5688,3154.0,1776799259999,1793.07885100,381,0,0,0
1776799260000,0.5685,0.5714,0.5685,0.5714,3010915.1,1776799439999,1719535.10232600,500,3009365.0,1718651.23031500,0
1776799440000,0.5714,0.573,0.5713,0.573,6919356.5,1776799619999,3958170.03177700,680,6918809.7,3957857.43821700,0
1776799620000,0.573,0.573,0.57207,0.5725,137878.8,1776799799999,79002.89495800,390,134777.3,77227.39290000,0
1776799800000,0.5725,0.5739,0.5724,0.5739,3191.2,1776799979999,1829.42427000,390,2014.8,1155.38718000,0
1776799980000,0.5739,0.57404,0.5724,0.5725,3059.5,1776800159999,1754.18323300,351,642.9,369.01024300,0
1776800160000,0.5728,0.5785,0.5728,0.5781,25588373.1,1776800339999,14727584.35139300,675,25586878.9,14726722.25531200,0
1776800340000,0.5781,0.5791,0.5778,0.5791,3547447.5,1776800519999,2053411.57605900,522,3546244.4,2052715.96663200,0
1776800520000,0.5791,0.5796,0.5764,0.5766,772928.6,1776800699999,447777.45420800,401,769099.6,445565.19363700,0
1776800700000,0.5766,0.578,0.5761,0.577,2920.2,1776800879999,1683.89805600,337,0,0,0
1776800880000,0.577,0.5783,0.5762,0.5765,2861.4,1776801059999,1651.61879000,318,0,0,0
1776801060000,0.5763,0.5796,0.5753,0.5769,3891.3,1776801239999,2244.42019400,367,829.7,480.89412000,0
1776801240000,0.5769,0.578,0.5753,0.5769,3066.8,1776801419999,1769.68935000,331,0,0,0
1776801420000,0.5769,0.5774,0.5758,0.5758,2848.4,1776801599999,1642.56882000,317,0,0,0
1776801600000,0.5764,0.5766,0.57402,0.5758,10157312.4,1776801779999,5836216.18927900,579,700.9,403.16070500,0
1776801780000,0.5758,0.5771,0.5751,0.5771,2730.9,1776801959999,1573.46119400,336,1246.5,718.79210400,0
1776801960000,0.5771,0.5793,0.5771,0.5793,5995895.4,1776802139999,3470005.32039200,611,5994247.3,3469052.14764000,0
1776802140000,0.5793,0.5812,0.5793,0.5806,4914467.7,1776802319999,2850178.65576100,675,4913393.5,2849555.46822600,0
1776802320000,0.5806,0.5806,0.57877,0.5794,3104.5,1776802499999,1799.27193000,395,0,0,0
1776802500000,0.5794,0.5799,0.5786,0.5791,2804.2,1776802679999,1624.11659700,325,0,0,0
1776802680000,0.5791,0.5842,0.5787,0.5842,14813452.4,1776802859999,8640560.09449200,699,14809739.5,8638396.38021200,0
1776802860000,0.5842,0.5844,0.5812,0.5812,570105.6,1776803039999,333130.17267500,522,565502.7,330445.04107200,0
1776803040000,0.5812,0.5817,0.5808,0.5811,3380.1,1776803219999,1964.60449600,406,0,0,0
1776803220000,0.5811,0.5836,0.57937,0.57937,8820732.6,1776803399999,5118447.91377000,562,0,0,0
1776803400000,0.57937,0.57937,0.57827,0.5788,3355187.4,1776803579999,1942160.01357000,581,1371.4,793.66512500,0
1776803580000,0.5788,0.5808,0.57827,0.5799,3351.2,1776803759999,1943.58909800,410,2396.9,1390.07933800,0
1776803760000,0.5799,0.5808,0.5777,0.5803,3990.6,1776803939999,2311.19934800,387,829.7,481.88976000,0
1776803940000,0.5803,0.58472,0.5792,0.5808,16343716.1,1776804119999,9517857.04994200,651,16340802.2,9516161.94011700,0
1776804120000,0.5808,0.5816,0.57926,0.57926,11497810.7,1776804299999,6667533.41300400,742,209199.1,121210.76766100,0
1776804300000,0.57926,0.57926,0.5765,0.5775,7922149.5,1776804479999,4579325.57250600,1034,119848.6,69134.95104200,0
1776804480000,0.5772,0.5774,0.57629,0.5763,3539.4,1776804659999,2041.15593900,410,0,0,0
1776804660000,0.5763,0.5763,0.5733,0.574,2089030.5,1776804839999,1198010.18250400,580,267.1,153.24865300,0
1776804840000,0.574,0.5747,0.57228,0.5732,10454955.9,1776805019999,5988673.23508100,757,494289.1,283162.14953000,0
1776805020000,0.5732,0.5737,0.57228,0.5729,3795.8,1776805199999,2175.88465400,433,2551.0,1462.76560000,0
1776805200000,0.5726,0.5738,0.5722,0.57253,3400.1,1776805379999,1948.47836800,404,396.6,227.53270800,0
1776805380000,0.57253,0.5738,0.571,0.5713,26205.9,1776805559999,15028.65328200,500,22527.8,12926.45164000,0
1776805560000,0.5712,0.573,0.5711,0.5716,3621.1,1776805739999,2070.84932000,395,0,0,0
1776805740000,0.5718,0.5743,0.5715,0.5743,3374.8,1776805919999,1933.88249800,406,1144.3,656.86626800,0
1776805920000,0.5743,0.57645,0.5736,0.57645,15113200.8,1776806099999,8703170.28620800,754,14938813.4,8602661.37251300,0
1776806100000,0.57645,0.5775,0.57645,0.5775,1621897.7,1776806279999,935382.80363100,630,1620870.4,934790.19005900,0
1776806280000,0.5776,0.5782,0.5776,0.5779,1283990.2,1776806459999,742048.47800600,524,1282557.5,741220.62742100,0
1776806460000,0.5779,0.5785,0.5774,0.5774,1562532.5,1776806639999,903664.22517000,555,1559352.4,901827.19788100,0
1776806640000,0.5774,0.5785,0.577,0.5778,3440.7,1776806819999,1987.13707100,396,118.8,68.72580000,0
1776806820000,0.5778,0.5785,0.5768,0.5768,4407.8,1776806999999,2544.89634100,442,37.2,21.52020000,0
1776807000000,0.5768,0.5785,0.5768,0.5768,3618.5,1776807179999,2090.62878000,396,240.0,138.84000000,0
1776807180000,0.5767,0.5775,0.57574,0.57574,3319.2,1776807359999,1913.46093000,393,0,0,0
1776807360000,0.57574,0.5778,0.5753,0.5774,3077.4,1776807539999,1773.63417100,361,0,0,0
1776807540000,0.5774,0.5784,0.5753,0.5772,5122.3,1776807719999,2954.90594000,438,417.3,241.27219000,0
1776807720000,0.5777,0.5782,0.5744,0.5744,3573.0,1776807899999,2059.98163900,440,0,0,0
1776807900000,0.5744,0.576,0.5743,0.5754,3527.3,1776808079999,2028.57495000,395,0,0,0
1776808080000,0.5752,0.5772,0.5749,0.5762,3545.6,1776808259999,2042.98742000,438,123.0,70.84976000,0
1776808260000,0.5762,0.5792,0.5762,0.5791,6638807.9,1776808439999,3842638.42958700,731,6636547.3,3841330.07618900,0
1776808440000,0.5791,0.5804,0.5787,0.5798,6474599.1,1776808619999,3752476.95875500,702,6472912.7,3751499.10609700,0
1776808620000,0.5798,0.5804,0.5796,0.5796,5270.5,1776808799999,3055.85037300,422,136.9,79.45676000,0
1776808800000,0.5799,0.5816,0.5799,0.5809,7978530.8,1776808979999,4633472.77611300,725,7977246.7,4632726.84749200,0
1776808980000,0.5809,0.5821,0.5805,0.58177,1314962.2,1776809159999,765081.45641800,445,1312907.1,763887.55922500,0
1776809160000,0.58177,0.5818,0.58032,0.5812,3574.6,1776809339999,2076.30456100,396,0,0,0
1776809340000,0.5812,0.5817,0.5796,0.58153,4416.6,1776809519999,2562.47687600,453,0,0,0
1776809520000,0.5811,0.5818,0.5797,0.5797,3556.7,1776809699999,2064.96457500,433,0,0,0
1776809700000,0.5797,0.5798,0.5774,0.5774,3641.6,1776809879999,2107.84146000,504,72.3,41.91141000,0
1776809880000,0.5774,0.5774,0.57448,0.57448,11430311.6,1776810059999,6589232.10037400,732,163.0,93.88428300,0
1776810060000,0.57441,0.57441,0.5682,0.5682,24599338.9,1776810239999,14084015.92145900,798,288.5,164.26965800,0
1776810240000,0.5682,0.5682,0.566,0.5662,179386.9,1776810419999,101711.41176300,452,0,0,0
1776810420000,0.5661,0.5669,0.56557,0.5668,6242.2,1776810599999,3533.01071700,439,0,0,0
1776810600000,0.5668,0.57114,0.5667,0.56956,10633946.3,1776810779999,6066167.58624700,579,8505642.3,4853136.26297700,0
1776810780000,0.5695,0.57102,0.5675,0.5705,1994941.4,1776810959999,1137622.77651000,562,1992414.0,1136185.86103800,0
1776810960000,0.57038,0.57347,0.57012,0.5733,12885469.7,1776811139999,7372067.95516300,813,12883677.7,7371042.29413100,0
1776811140000,0.5733,0.5734,0.5716,0.5716,25474.5,1776811319999,14579.96893800,451,0,0,0
1776811320000,0.5717,0.5738,0.5716,0.5731,536179.9,1776811499999,307572.51173400,479,533490.7,306031.98172500,0
1776811500000,0.5731,0.5741,0.5727,0.5741,3554.8,1776811679999,2039.02132300,440,1062.4,609.76301000,0
1776811680000,0.5741,0.5744,0.5732,0.5734,3600.5,1776811859999,2066.24844000,400,736.7,423.02674000,0
1776811860000,0.5734,0.5744,0.5731,0.5731,3960.7,1776812039999,2271.83345500,430,313.8,180.24672000,0
1776812040000,0.5731,0.5731,0.5705,0.5713,4333.2,1776812219999,2477.66881300,450,0,0,0
1776812220000,0.5715,0.5721,0.5712,0.5716,3213.1,1776812399999,1836.12855000,352,0,0,0
1776812400000,0.572,0.5724,0.5712,0.5721,3189.9,1776812579999,1823.75299200,359,0,0,0
1776812580000,0.5721,0.5752,0.5721,0.5752,519549.8,1776812759999,298818.96138900,430,517012.7,297365.26484900,0
1776812760000,0.5752,0.5773,0.5752,0.5773,8138057.1,1776812939999,4688799.99625000,895,8138048.1,4688794.80145000,0
1776812940000,0.5773,0.5775,0.5769,0.5771,1037008.6,1776813119999,598363.52778600,513,51459.9,29712.93320500,0
1776813120000,0.5771,0.57738,0.57439,0.5753,15904836.3,1776813299999,9157812.41754200,1177,655715.8,378450.77875000,0
1776813300000,0.5753,0.5773,0.57439,0.5773,3666.7,1776813479999,2111.72399200,435,2428.7,1399.07473900,0
1776813480000,0.5774,0.57893,0.5771,0.5787,6242592.3,1776813659999,3611087.22222600,668,6241247.7,3610310.42199400,0
1776813660000,0.5787,0.5799,0.5787,0.5796,6043005.3,1776813839999,3501519.23180900,710,5765603.6,3340743.47750800,0
1776813840000,0.5796,0.58063,0.5794,0.58063,9809942.1,1776814019999,5693363.23102500,719,9783789.2,5678200.81838700,0
1776814020000,0.58063,0.58227,0.58063,0.58227,5100450.6,1776814199999,2965344.93623700,731,4679971.0,2720887.22966300,0
1776814200000,0.58227,0.5849,0.582,0.5849,21275857.4,1776814379999,12409030.88375900,995,20764711.7,12110836.37728500,0
1776814380000,0.5849,0.5851,0.58369,0.5843,152226.5,1776814559999,89037.07815500,522,150262.0,87889.48167000,0
1776814560000,0.5843,0.5852,0.58357,0.5852,693588.4,1776814739999,404792.95113300,444,2360.0,1380.28167400,0
1776814740000,0.5851,0.5852,0.57922,0.5799,13436164.4,1776814919999,7799565.07344500,700,43977.9,25499.36324900,0
1776814920000,0.5799,0.5801,0.57909,0.5801,3553.1,1776815099999,2059.21249900,413,1152.4,668.33446800,0
1776815100000,0.5801,0.5803,0.57872,0.5803,3215.7,1776815279999,1863.72242900,402,1009.9,585.98936400,0
1776815280000,0.5803,0.5808,0.5774,0.5774,3940.5,1776815459999,2281.94765100,454,1252.0,726.62252900,0
1776815460000,0.5774,0.5784,0.5773,0.5777,4845.0,1776815639999,2799.99444600,431,1953.6,1129.61660000,0
1776815640000,0.5774,0.5782,0.57724,0.5782,1075884.2,1776815819999,621093.33197100,522,3446.0,1992.14018800,0
1776815820000,0.5778,0.5782,0.5776,0.5782,3633.8,1776815999999,2100.99435300,397,3552.1,2053.79802300,0
1776816000000,0.5782,0.5782,0.5777,0.5782,2751.4,1776816179999,1590.81403700,301,2669.0,1543.18428700,0
1776816180000,0.578,0.5782,0.5767,0.5767,3477987.3,1776816359999,2006860.88472900,589,2241.4,1295.63198000,0
1776816360000,0.5767,0.5767,0.57574,0.5763,1796090.0,1776816539999,1034949.31554200,523,1205.8,694.65526100,0
1776816540000,0.5763,0.5782,0.5763,0.5782,3486.1,1776816719999,2012.83736100,419,2653.7,1531.95272100,0
1776816720000,0.5782,0.58063,0.57574,0.5786,7577648.1,1776816899999,4397381.59283300,643,7575209.7,4395969.93622200,0
1776816900000,0.5786,0.5799,0.57574,0.5795,3589.6,1776817079999,2077.30031200,383,0,0,0
1776817080000,0.5795,0.58245,0.5791,0.58245,8864129.4,1776817259999,5152549.45605400,888,8863241.0,5152034.22370800,0
1776817260000,0.5825,0.58366,0.5825,0.5836,11009757.8,1776817439999,6419647.97007500,771,11007483.7,6418322.10166400,0
1776817440000,0.5832,0.596,0.5825,0.59345,40433820.1,1776817619999,23819684.47337600,859,40430012.4,23817441.91433100,0
1776817620000,0.596,0.596,0.59102,0.5949,1755746.3,1776817799999,1040283.66981000,598,1425127.3,844274.31149600,0
1776817800000,0.5949,0.5979,0.59373,0.5979,11813815.8,1776817979999,7049038.98337800,623,11778728.5,7028100.95063100,0
1776817980000,0.5979,0.5986,0.59768,0.5981,231215.0,1776818159999,138250.69925900,444,129044.3,77183.55974200,0
1776818160000,0.5981,0.6001,0.59803,0.5994,6015438.4,1776818339999,3602721.78226700,701,5812600.1,3481354.58394500,0
1776818340000,0.5994,0.6002,0.5982,0.6002,482981.7,1776818519999,289579.01982300,468,313591.9,188126.87041300,0
1776818520000,0.6002,0.60314,0.5997,0.6019,15651607.9,1776818699999,9428136.69824600,721,15650175.5,9427275.29391000,0
1776818700000,0.6019,0.6038,0.6015,0.6038,6522685.3,1776818879999,3936587.16547800,472,6520073.7,3935013.20788600,0
1776818880000,0.6038,0.60382,0.5993,0.5993,3620.1,1776819059999,2179.09469300,411,35.6,21.49580800,0
1776819060000,0.5993,0.60187,0.59896,0.5996,1398335.9,1776819239999,837694.86349000,530,874.8,525.00598200,0
1776819240000,0.5996,0.6011,0.59755,0.5982,10461564.5,1776819419999,6258560.63546400,626,929.8,556.20856800,0
1776819420000,0.5982,0.60401,0.59755,0.6036,15188204.0,1776819599999,9151281.07275700,845,15183989.4,9148740.24648300,0
1776819600000,0.6036,0.6108,0.6024,0.6089,33995591.0,1776819779999,20663429.75832000,863,33892866.0,20600770.29079900,0
1776819780000,0.6096,0.6108,0.6062,0.6068,4465.4,1776819959999,2718.33484100,431,820.8,501.34464000,0
1776819960000,0.6069,0.6112,0.6064,0.6112,3188512.9,1776820139999,1948442.89630600,490,3054702.5,1866736.53058300,0
1776820140000,0.6112,0.61713,0.60557,0.6168,45190027.3,1776820319999,27588990.03211800,1260,27860984.6,17063642.77705200,0
1776820320000,0.6168,0.61713,0.6127,0.6138,32731.1,1776820499999,20172.12303000,467,25290.8,15607.71140400,0
1776820500000,0.6142,0.61713,0.61127,0.61127,6510253.5,1776820679999,3982084.38254000,643,1008704.3,616988.54958800,0
1776820680000,0.61127,0.61128,0.60753,0.60753,14573454.1,1776820859999,8886393.32863000,940,1729.2,1053.33617400,0
1776820860000,0.60753,0.6096,0.6055,0.6096,4141272.2,1776821039999,2510035.77495500,595,5878.4,3566.78270900,0
1776821040000,0.6096,0.6127,0.6094,0.6127,17981215.5,1776821219999,10986696.97173600,851,17980583.6,10986310.87228400,0
1776821220000,0.6127,0.6129,0.60705,0.60705,11327694.5,1776821399999,6891329.18324700,605,167367.0,101656.57229400,0
1776821400000,0.60705,0.61122,0.6057,0.6109,18283524.9,1776821579999,11122737.73033600,818,10193497.2,6216557.81285900,0
1776821580000,0.6109,0.61494,0.6092,0.61494,25658678.5,1776821759999,15726093.63795600,1049,25657300.0,15725251.97171300,0
1776821760000,0.61494,0.6181,0.61494,0.61679,12688829.2,1776821939999,7820855.13313400,994,12683912.9,7817823.75055300,0
1776821940000,0.61679,0.6181,0.6148,0.6163,3511.6,1776822119999,2162.95460200,465,97.4,60.20294000,0
1776822120000,0.6163,0.6163,0.6139,0.6149,3816.2,1776822299999,2346.33863900,424,0,0,0
1776822300000,0.6149,0.6181,0.61008,0.6149,12733461.3,1776822479999,7794970.34209800,774,265497.4,163142.70793200,0
1776822480000,0.6149,0.6208,0.6149,0.6197,18290687.8,1776822659999,11320308.60044700,966,18287536.3,11318357.33430600,0
1776822660000,0.6194,0.6233,0.6194,0.62222,9543010.7,1776822839999,5935581.33459000,859,9508396.3,5914066.37942100,0
1776822840000,0.62222,0.62375,0.6206,0.62375,3193.5,1776823019999,1986.73136000,375,1137.7,709.01594200,0
1776823020000,0.62375,0.62953,0.6206,0.62953,21752863.8,1776823199999,13613243.64616400,973,21291350.7,13323798.19532400,0
1776823200000,0.6296,0.6311,0.62914,0.6311,4200036.9,1776823379999,2646168.97931900,750,3686113.9,2322383.78224800,0
1776823380000,0.6311,0.6356,0.62948,0.6316,21247311.1,1776823559999,13453482.68761500,793,19033778.7,12051947.53598900,0
1776823560000,0.6316,0.64426,0.63142,0.6435,33294600.0,1776823739999,21302694.88147100,1080,32860884.3,21027862.05969900,0
1776823740000,0.64426,0.64426,0.63706,0.6395,6371204.2,1776823919999,4078334.56203700,592,6953.8,4447.05704500,0
1776823920000,0.6378,0.6378,0.6339,0.6362,3135858.7,1776824099999,1996074.41328500,644,323787.5,206158.77876000,0
1776824100000,0.6365,0.6372,0.6335,0.6356,2991.0,1776824279999,1901.72077900,349,652.2,415.47304600,0
1776824280000,0.6352,0.63768,0.6288,0.62925,15807529.3,1776824459999,9990750.84154800,1102,878034.6,559595.74828700,0
1776824460000,0.62925,0.6303,0.6282,0.6303,565677.5,1776824639999,355574.78692200,530,56858.1,35736.91087300,0
1776824640000,0.6303,0.6303,0.6272,0.6272,4951.6,1776824819999,3110.01539400,417,19.0,11.97570000,0
1776824820000,0.6272,0.62773,0.6226,0.6253,25266506.8,1776824999999,15799342.28214600,1297,359038.9,224129.57452600,0
1776825000000,0.6253,0.63787,0.6253,0.6352,63998261.5,1776825179999,40490185.75216300,1210,63987270.6,40483190.46284300,0
1776825180000,0.63506,0.63506,0.6268,0.6268,9856164.5,1776825359999,6199176.07956700,916,161155.9,101739.66530200,0
1776825360000,0.6268,0.6268,0.6231,0.6231,6449605.1,1776825539999,4034200.45216200,781,924.8,577.84973300,0
1776825540000,0.62308,0.6231,0.61889,0.6217,21561440.7,1776825719999,13395219.76090800,779,1378.7,854.81706900,0
1776825720000,0.6217,0.62449,0.6217,0.62277,13141218.7,1776825899999,8188809.46515700,634,13138793.3,8187298.78453800,0
1776825900000,0.62277,0.62449,0.6208,0.6225,2987.3,1776826079999,1859.22332100,398,10.5,6.55714500,0
1776826080000,0.6225,0.62517,0.621,0.6217,274762.7,1776826259999,171736.79053200,462,271359.7,169617.62682400,0
1776826260000,0.6221,0.62595,0.6221,0.6255,1339519.4,1776826439999,837907.39590800,483,1337194.5,836454.91596800,0
1776826440000,0.6255,0.62645,0.6243,0.6243,2325124.0,1776826619999,1456033.29842300,559,2322986.2,1454696.79733600,0
1776826620000,0.6243,0.62645,0.6162,0.6162,33059460.6,1776826799999,20473737.38883100,1070,15412.5,9566.54736800,0
1776826800000,0.6164,0.61722,0.6066,0.6084,44003733.1,1776826979999,26934406.05591800,998,2735605.8,1678938.00902500,0
1776826980000,0.6084,0.61,0.60419,0.6056,12396401.2,1776827159999,7506523.90528200,540,1768.1,1073.62249400,0
1776827160000,0.6056,0.61001,0.6054,0.60841,18948714.3,1776827339999,11536062.93428500,839,18947098.4,11535079.10441800,0
1776827340000,0.6084,0.6084,0.60409,0.60434,9361341.4,1776827519999,5661630.20246400,758,313.6,189.48430600,0
1776827520000,0.60434,0.6051,0.60252,0.60252,10582559.2,1776827699999,6388308.31661700,864,777347.3,469252.41492300,0
1776827700000,0.6025,0.6026,0.59541,0.59821,24276974.5,1776827879999,14554712.95974700,734,4315.8,2577.51013800,0
1776827880000,0.59821,0.59846,0.5952,0.596,606836.8,1776828059999,361288.05399800,417,788.5,471.44497900,0
1776828060000,0.5961,0.59672,0.59409,0.59409,199215.4,1776828239999,118571.41235900,449,766.0,456.81861900,0
1776828240000,0.59409,0.5954,0.5935,0.5942,3889153.8,1776828419999,2309060.68708800,640,1116.2,663.34399400,0
1776828420000,0.5937,0.596,0.5932,0.5959,4207.0,1776828599999,2501.40225100,427,1149.9,684.85019100,0
1776828600000,0.5959,0.60193,0.5959,0.60193,26517501.7,1776828779999,15866158.88230700,1035,26516368.7,15865481.97001300,0
1776828780000,0.60193,0.60361,0.5989,0.60361,8862986.0,1776828959999,5345478.83828200,668,8852201.0,5338994.83846300,0
1776828960000,0.60361,0.6099,0.60361,0.60955,43604507.0,1776829139999,26453721.05161900,1183,43603301.1,26452985.98994900,0
1776829140000,0.60955,0.6116,0.60955,0.6116,4222201.5,1776829319999,2578912.70149800,623,4216883.4,2575669.95862900,0
1776829320000,0.6116,0.61543,0.60964,0.6138,17755374.0,1776829499999,10896942.57408000,839,17747591.3,10892192.26266600,0
1776829500000,0.6138,0.6167,0.6134,0.61515,5919896.4,1776829679999,3646924.15745700,689,5918000.5,3645757.83569500,0
1776829680000,0.6153,0.61696,0.6146,0.61696,3217.3,1776829859999,1982.44966500,376,1015.6,626.46841600,0
1776829860000,0.6169,0.6172,0.6134,0.6134,3585.5,1776830039999,2206.64387000,394,530.0,327.04373400,0
1776830040000,0.6134,0.6141,0.61056,0.6124,19073144.3,1776830219999,11668396.16626800,826,1838.4,1125.51169900,0
1776830220000,0.6124,0.6143,0.6099,0.6099,4886572.6,1776830399999,2981892.72139000,576,943.9,577.80578600,0
1776830400000,0.60992,0.61251,0.6099,0.61251,98715.8,1776830579999,60210.02291400,413,2261.6,1382.40158400,0
1776830580000,0.61251,0.61355,0.60979,0.61355,3163.1,1776830759999,1935.84493900,406,996.5,610.86930300,0
1776830760000,0.61355,0.6165,0.6129,0.61445,12432026.9,1776830939999,7643089.91284000,817,12430870.1,7642378.69054300,0
1776830940000,0.61431,0.61431,0.6097,0.6097,5382298.6,1776831119999,3287401.64600500,640,5054.6,3083.07369600,0
1776831120000,0.6097,0.6097,0.6027,0.6031,41098377.3,1776831299999,24866339.51378000,1176,1062.8,642.91561300,0
1776831300000,0.60313,0.6044,0.60216,0.60216,1932470.6,1776831479999,1164366.91137100,636,1094.3,660.25874400,0
1776831480000,0.60216,0.6029,0.60216,0.6028,307444.5,1776831659999,185245.22061500,492,172751.2,104138.23537500,0
1776831660000,0.6028,0.60343,0.60216,0.60216,1332916.7,1776831839999,803996.28616600,475,1329752.4,802090.74189500,0
1776831840000,0.60216,0.60216,0.59663,0.5994,12370961.3,1776832019999,7400630.60045400,842,1570.6,939.95328400,0
1776832020000,0.5994,0.6001,0.59663,0.5975,4048.4,1776832199999,2423.87607900,457,2052.2,1229.24695200,0
1776832200000,0.5975,0.59932,0.59663,0.5971,3349.6,1776832379999,2001.42341700,396,1069.7,639.49620000,0
1776832380000,0.5971,0.5971,0.5932,0.5942,4608062.8,1776832559999,2736036.27667800,706,1213.3,720.52275500,0
1776832560000,0.5942,0.5967,0.5939,0.5958,3532.9,1776832739999,2103.65355400,439,1937.0,1153.78956400,0
1776832740000,0.5958,0.5958,0.5927,0.5927,2894.2,1776832919999,1717.80302900,362,0,0,0
1776832920000,0.5928,0.5946,0.5926,0.5933,3343.3,1776833099999,1984.11723600,380,0,0,0
1776833100000,0.5933,0.59702,0.5926,0.59702,4676.3,1776833279999,2780.84088900,413,750.3,447.86931900,0
1776833280000,0.59702,0.59713,0.5935,0.5942,4255.8,1776833459999,2534.69812100,389,847.2,505.88661100,0
1776833460000,0.5942,0.5944,0.5923,0.5923,2466752.0,1776833639999,1461161.77113800,515,0,0,0
1776833640000,0.5923,0.5925,0.59099,0.5925,12483093.5,1776833819999,7386775.88840800,670,2067.3,1222.96906800,0
1776833820000,0.5925,0.59282,0.59099,0.5916,3969.9,1776833999999,2349.02809000,417,543.8,322.29718500,0
1776834000000,0.5917,0.59282,0.58759,0.5884,11243688.6,1776834179999,6631126.45842900,750,173810.3,102131.96328200,0
1776834180000,0.5884,0.5913,0.5879,0.5884,5846.4,1776834359999,3449.20180700,459,3845.2,2271.10953700,0
1776834360000,0.5884,0.58929,0.5876,0.5888,3537.4,1776834539999,2082.30640000,472,1853.5,1091.21756000,0
1776834540000,0.5881,0.5889,0.5874,0.588,472521.8,1776834719999,277565.29055500,440,1706.2,1003.22390300,0
1776834720000,0.588,0.5889,0.5861,0.5861,3537.7,1776834899999,2078.23985800,447,63.6,37.45404000,0
1776834900000,0.5861,0.5889,0.58593,0.5888,3565.4,1776835079999,2091.99317900,393,462.6,272.13300000,0
1776835080000,0.5888,0.5899,0.5871,0.5871,3052.9,1776835259999,1797.04658900,388,949.6,559.53986900,0
1776835260000,0.5871,0.5882,0.586,0.5878,2826.6,1776835439999,1659.74698000,366,0,0,0
1776835440000,0.5876,0.5884,0.58402,0.58402,17117785.4,1776835619999,10012728.07137700,774,321.3,188.24338500,0
1776835620000,0.58402,0.58534,0.5831,0.5837,8656092.9,1776835799999,5052103.30548200,570,2555.1,1491.37329300,0
1776835800000,0.5837,0.5853,0.5832,0.5847,3118.7,1776835979999,1821.90924000,347,0,0,0
1776835980000,0.5844,0.5854,0.5832,0.5842,3198.8,1776836159999,1869.13151300,358,117.6,68.84108300,0
1776836160000,0.5842,0.5854,0.5831,0.5831,3445.1,1776836339999,2013.37523000,366,117.5,68.78450000,0
1776836340000,0.5841,0.585,0.5829,0.5829,3220.2,1776836519999,1879.34877500,378,0,0,0
1776836520000,0.5829,0.5854,0.5793,0.5793,13007474.9,1776836699999,7548668.62839000,766,8501.4,4966.89503000,0
1776836700000,0.5793,0.58027,0.5791,0.5793,358925.0,1776836879999,207911.01171000,441,1789.4,1037.79915500,0
1776836880000,0.5791,0.5796,0.5767,0.5794,4325.8,1776837059999,2501.84531600,431,0,0,0
1776837060000,0.5784,0.58027,0.57333,0.57333,24697494.6,1776837239999,14195227.14554300,821,80509.7,46717.23966900,0
1776837240000,0.57333,0.5746,0.57239,0.57239,1116700.2,1776837419999,640146.65603600,568,5165.4,2963.01909400,0
1776837420000,0.5723,0.57386,0.57164,0.5731,1037927.6,1776837599999,593447.14320300,535,2212.8,1266.72009000,0
1776837600000,0.5735,0.5743,0.56839,0.5697,20475173.9,1776837779999,11669381.81961600,895,6113.9,3500.79703500,0
1776837780000,0.5697,0.5701,0.56667,0.5669,13749640.4,1776837959999,7802898.61311400,833,2666.4,1515.57749200,0
1776837960000,0.5669,0.5672,0.56569,0.56569,7295209.0,1776838139999,4130139.74587200,799,1516.3,858.77493300,0
1776838140000,0.56569,0.56578,0.5614,0.5637,28194854.8,1776838319999,15899486.27603800,803,4078.8,2302.30605100,0
1776838320000,0.5637,0.5646,0.5614,0.5626,4587.6,1776838499999,2584.60049200,412,1834.7,1035.48446200,0
1776838500000,0.5626,0.56465,0.5606,0.5611,841719.9,1776838679999,471948.82899100,504,1014.7,571.88624900,0
1776838680000,0.5611,0.5617,0.5589,0.5589,16030160.3,1776838859999,8973863.92003800,953,2156.7,1208.01860100,0
1776838860000,0.5589,0.56353,0.55794,0.56353,27615973.9,1776839039999,15489378.31096300,950,18984376.8,10669349.23228400,0
1776839040000,0.56353,0.5644,0.5607,0.56245,4333060.5,1776839219999,2442676.67477300,541,4105812.5,2314445.92861800,0
1776839220000,0.56245,0.57406,0.561,0.5711,54700719.9,1776839399999,31037249.22019800,990,54441127.2,30889181.29289200,0
1776839400000,0.57102,0.5722,0.56479,0.5659,8344555.4,1776839579999,4746793.88914200,652,1567.7,887.15262900,0
1776839580000,0.5659,0.57106,0.56469,0.56718,16742211.9,1776839759999,9525211.83952900,906,11470257.2,6527332.57394100,0
1776839760000,0.5671,0.5671,0.5647,0.5659,10008011.8,1776839939999,5666193.10585000,806,1121.0,634.01287900,0
1776839940000,0.5659,0.57006,0.5651,0.57006,16274535.2,1776840119999,9266644.52261400,673,16274030.8,9266358.28458300,0
1776840120000,0.5698,0.5702,0.568,0.5702,1283512.5,1776840299999,731818.43153900,477,1280606.0,730164.29000800,0
1776840300000,0.5702,0.57261,0.5702,0.57261,7571509.0,1776840479999,4322868.70432500,767,7570352.8,4322207.53484300,0
1776840480000,0.57268,0.57718,0.57163,0.57672,23198809.2,1776840659999,13353706.77105900,796,23197184.0,13352775.32647000,0
1776840660000,0.5766,0.57718,0.5741,0.5743,10938.4,1776840839999,6292.82737100,452,868.9,501.51170200,0
1776840840000,0.5743,0.58395,0.5741,0.58395,26826587.1,1776841019999,15562979.73451500,654,26823729.0,15561332.85791300,0
1776841020000,0.58395,0.58395,0.57645,0.58395,25792707.6,1776841199999,14935438.87554200,820,13724214.3,7933594.31854100,0
1776841200000,0.58395,0.5875,0.5833,0.5836,17503461.4,1776841379999,10258752.68369000,935,17490932.1,10251414.74943300,0
1776841380000,0.5836,0.5875,0.5833,0.5866,12867.0,1776841559999,7549.25701000,380,9490.6,5575.72750000,0
1776841560000,0.5867,0.5867,0.5805,0.5815,10498530.8,1776841739999,6112028.33270500,756,651303.9,378647.58774200,0
1776841740000,0.5815,0.582,0.5802,0.582,3506.4,1776841919999,2036.92424900,425,364.9,212.23200300,0
1776841920000,0.58201,0.5836,0.58082,0.58261,10006537.8,1776842099999,5825528.46561800,766,1235628.2,720699.99851600,0
1776842100000,0.58261,0.5828,0.57847,0.5785,3975162.1,1776842279999,2301726.81887200,616,92.0,53.25981200,0
1776842280000,0.5785,0.57854,0.57719,0.578,10108699.9,1776842459999,5839708.50021600,699,1627.1,940.68061400,0
1776842460000,0.578,0.5783,0.57424,0.5762,20289912.4,1776842639999,11682830.72140700,947,820.9,472.42994800,0
1776842640000,0.5761,0.57754,0.5755,0.5775,3549.0,1776842819999,2047.60370000,433,2516.6,1451.89710000,0
1776842820000,0.5775,0.58005,0.57424,0.58005,12019242.6,1776842999999,6953424.40864900,751,11845626.2,6852806.28920400,0
1776843000000,0.58005,0.58006,0.5776,0.5778,1627470.7,1776843179999,942353.77912100,534,411582.0,238738.26999500,0
1776843180000,0.5777,0.5779,0.5764,0.5764,5992504.5,1776843359999,3457097.76089300,804,1106.9,639.15053800,0
1776843360000,0.5764,0.57687,0.5755,0.5767,4360777.7,1776843539999,2511215.16112500,636,1299.5,749.00680700,0
1776843540000,0.5767,0.5782,0.5755,0.5779,3766.2,1776843719999,2175.11724800,422,2678.6,1547.09761800,0
1776843720000,0.5779,0.57807,0.5752,0.5759,2944304.6,1776843899999,1693934.67299200,570,1686.4,972.41474600,0
1776843900000,0.5759,0.5761,0.5752,0.5753,3320.5,1776844079999,1911.76211600,376,1390.9,801.15603600,0
1776844080000,0.5753,0.5761,0.5742,0.5747,3531.3,1776844259999,2030.44161200,427,44.9,25.86689000,0
1776844260000,0.5747,0.575,0.57145,0.57145,4515684.1,1776844439999,2581789.49677000,677,0,0,0
1776844440000,0.57145,0.57187,0.5708,0.5708,8270958.4,1776844619999,4723985.01563100,782,399927.1,228577.59690200,0
1776844620000,0.5708,0.5715,0.57006,0.5715,1885526.7,1776844799999,1075386.90803800,642,6207.2,3540.50544100,0
1776844800000,0.5715,0.57603,0.56984,0.5717,16822049.1,1776844979999,9634977.03231900,771,14049729.5,8049261.44584600,0
1776844980000,0.5709,0.574,0.5708,0.574,1564630.8,1776845159999,896685.44357800,618,1559691.1,893854.48448100,0
1776845160000,0.574,0.57454,0.5706,0.5706,8046518.6,1776845339999,4619999.08684200,779,7967266.5,4574765.56819700,0
1776845340000,0.5706,0.57197,0.56984,0.5714,422045.8,1776845519999,240746.34100500,533,2649.6,1513.04827900,0
1776845520000,0.5714,0.572,0.5704,0.5711,3527.8,1776845699999,2015.09250000,409,1877.2,1071.98839000,0
1776845700000,0.5711,0.5729,0.56984,0.56984,12974.7,1776845879999,7399.81297200,438,2914.4,1666.61348600,0
1776845880000,0.56984,0.5706,0.5698,0.5699,8776.4,1776846059999,5001.72833300,407,0,0,0
1776846060000,0.5699,0.5734,0.56977,0.5734,3583.8,1776846239999,2049.71271900,464,2947.2,1686.39704000,0
1776846240000,0.5734,0.5755,0.5728,0.5754,16233264.3,1776846419999,9323172.74228400,696,16231283.2,9322035.28632300,0
1776846420000,0.5754,0.5754,0.5712,0.5724,3530.7,1776846599999,2023.16239600,455,0,0,0
1776846600000,0.5724,0.5755,0.571,0.5712,4212.1,1776846779999,2410.24710600,403,544.4,313.30220000,0
1776846780000,0.5715,0.5719,0.57009,0.5715,5233181.6,1776846959999,2986435.33480100,732,1542.4,880.36018300,0
1776846960000,0.5715,0.57163,0.56911,0.5697,6123775.1,1776847139999,3488664.57859300,690,1319.0,752.65614500,0
1776847140000,0.5697,0.57313,0.5697,0.5723,3994.4,1776847319999,2283.50254300,472,3670.8,2098.25795300,0
1776847320000,0.5723,0.5733,0.5716,0.5726,4051.4,1776847499999,2319.89554600,358,1088.2,623.84210600,0
1776847500000,0.5726,0.5744,0.5724,0.5738,11803821.2,1776847679999,6771683.91849800,704,11800981.1,6770055.98007100,0
1776847680000,0.5736,0.5744,0.5723,0.5735,4335.1,1776847859999,2485.66355500,399,791.1,454.40784000,0
1776847860000,0.5735,0.5747,0.5723,0.5747,428587.5,1776848039999,246249.12356000,465,425871.0,244690.95415000,0
1776848040000,0.5747,0.5747,0.5723,0.5723,28705.4,1776848219999,16489.35046500,434,24570.3,14120.55141000,0
1776848220000,0.5723,0.5723,0.57028,0.57028,3483.6,1776848399999,1989.00443700,428,0,0,0
1776848400000,0.5702,0.5747,0.5701,0.5716,4072.8,1776848579999,2324.38726900,402,17.2,9.88484000,0
1776848580000,0.5716,0.572,0.56901,0.56901,7513409.2,1776848759999,4279311.18656700,653,37.3,21.23414400,0
1776848760000,0.56901,0.5693,0.56824,0.5691,3177598.3,1776848939999,1807308.83045500,749,1239.2,704.98092600,0
1776848940000,0.5691,0.5706,0.569,0.5706,3088.4,1776849119999,1760.21518000,420,2715.4,1547.54731000,0
1776849120000,0.5706,0.5725,0.5704,0.5705,3512.9,1776849299999,2005.79029300,418,2372.8,1354.81018300,0
1776849300000,0.5705,0.5749,0.5705,0.5749,31866047.1,1776849479999,18274996.82422800,824,31865126.7,18274468.43125000,0
1776849480000,0.57481,0.58131,0.57391,0.581,38753793.5,1776849659999,22420750.59572700,854,38400169.0,22217664.49743500,0
1776849660000,0.581,0.5812,0.5742,0.5755,13635981.4,1776849839999,7875424.55629100,809,2186.5,1259.60927400,0
1776849840000,0.5755,0.579,0.5746,0.579,11870511.1,1776850019999,6851185.75708000,953,11869291.6,6850484.07275300,0
1776850020000,0.579,0.58157,0.5779,0.58157,5690609.6,1776850199999,3305482.09563200,697,5689543.7,3304865.27897600,0
1776850200000,0.58157,0.58274,0.58157,0.58274,11680231.9,1776850379999,6799707.11212200,778,11160129.1,6497097.44323500,0
1776850380000,0.58274,0.58328,0.5817,0.5826,2742115.5,1776850559999,1598355.90096600,593,2053058.6,1196979.59059800,0
1776850560000,0.5826,0.5827,0.5782,0.5782,19564607.0,1776850739999,11357517.25911600,1245,77674.8,45199.59774700,0
1776850740000,0.5782,0.5804,0.5777,0.57777,3359853.6,1776850919999,1941955.74740500,609,1666.8,965.85903400,0
1776850920000,0.57777,0.5781,0.57534,0.57534,23081539.5,1776851099999,13306987.48504400,1247,914.3,528.03994800,0
1776851100000,0.57534,0.5772,0.5751,0.5772,68118.3,1776851279999,39198.90092600,420,4809.7,2773.64368300,0
1776851280000,0.5772,0.57881,0.5751,0.57881,48275.3,1776851459999,27774.74117500,449,2005.6,1159.47412500,0
1776851460000,0.57881,0.5789,0.575,0.575,4348.0,1776851639999,2507.08604500,387,313.0,181.19403500,0
1776851640000,0.575,0.5754,0.57253,0.5729,20692928.6,1776851819999,11870656.45834700,871,1128.7,646.85320600,0
1776851820000,0.5729,0.57291,0.57146,0.5715,3111703.6,1776851999999,1779685.64728800,586,2283.2,1305.37553100,0
1776852000000,0.5715,0.5717,0.5706,0.57099,7873345.6,1776852179999,4497359.90635800,741,28112.8,16045.87435300,0
1776852180000,0.5706,0.5717,0.5703,0.5706,3462.5,1776852359999,1977.36913600,361,1439.3,822.56824800,0
1776852360000,0.5706,0.5706,0.56617,0.56617,20224761.4,1776852539999,11478378.81367600,900,1081.8,613.18197400,0
1776852540000,0.56617,0.56734,0.5655,0.56734,9444589.4,1776852719999,5349553.83132300,926,8044721.6,4557603.59316200,0
1776852720000,0.56734,0.56861,0.56686,0.56861,8039304.3,1776852899999,4566106.97653300,853,8037950.8,4565339.23428500,0
1776852900000,0.56861,0.5707,0.56848,0.5707,3135787.8,1776853079999,1784844.01764200,626,3134282.2,1783987.35649400,0
1776853080000,0.5707,0.5754,0.5707,0.5754,23061267.8,1776853259999,13215086.81297700,747,23060156.6,13214452.25765700,0
1776853260000,0.57538,0.5758,0.5741,0.5745,126465.1,1776853439999,72765.49756300,396,123345.7,70973.16148300,0
1776853440000,0.5745,0.5758,0.5724,0.5743,8724.0,1776853619999,5007.41639800,369,456.2,262.67996000,0
1776853620000,0.5743,0.5744,0.572,0.5731,3585.5,1776853799999,2052.78290800,414,0,0,0
1776853800000,0.5731,0.5732,0.57118,0.57118,5619493.8,1776853979999,3210895.89037000,617,0,0,0
1776853980000,0.57118,0.57181,0.5707,0.5718,3816452.8,1776854159999,2178737.07638100,523,1474.0,842.08076700,0
1776854160000,0.5718,0.5718,0.57055,0.5709,760798.7,1776854339999,434105.75200300,389,1820.3,1039.39668300,0
1776854340000,0.5709,0.5725,0.5704,0.5725,3391.0,1776854519999,1936.84403300,366,1118.5,639.83898300,0
1776854520000,0.5725,0.5753,0.5696,0.5696,19343650.4,1776854699999,11092813.21406500,778,14139268.2,8123355.64055600,0
1776854700000,0.5696,0.5701,0.56755,0.56755,16066012.0,1776854879999,9134030.15531400,955,2689.4,1530.69191000,0
1776854880000,0.56755,0.5683,0.567,0.5683,3105615.6,1776855059999,1761887.59073500,523,1437.0,816.14846000,0
1776855060000,0.5683,0.57017,0.5683,0.57017,4151.6,1776855239999,2363.28552000,415,3559.7,2026.52129000,0
1776855240000,0.57017,0.5706,0.5692,0.5692,3309.6,1776855419999,1886.79350400,385,1456.4,830.76144400,0
1776855420000,0.5692,0.5741,0.5688,0.5741,12972502.7,1776855599999,7413042.62269700,801,12971722.7,7412597.70499700,0
1776855600000,0.5741,0.57466,0.5724,0.5728,56640.0,1776855779999,32522.84935600,464,53144.8,30520.18556200,0
1776855780000,0.5728,0.5739,0.57232,0.5728,3218.6,1776855959999,1843.86497400,349,0,0,0
1776855960000,0.5728,0.5728,0.56901,0.56915,11049888.1,1776856139999,6294257.66808500,779,1046.9,596.10774000,0
1776856140000,0.56915,0.5706,0.5687,0.5687,2748332.0,1776856319999,1563473.79617300,529,1625.4,926.33030100,0
1776856320000,0.5687,0.5687,0.5678,0.56781,4806569.4,1776856499999,2730906.98089300,686,901.0,511.89645200,0
1776856500000,0.56781,0.56834,0.56735,0.5679,517549.1,1776856679999,293858.46974200,483,917.3,521.16501400,0
1776856680000,0.5676,0.5677,0.5665,0.5665,3366.2,1776856859999,1908.67470800,404,0,0,0
1776856860000,0.5665,0.56834,0.566,0.5664,4742.3,1776857039999,2688.15755000,379,1058.3,601.47422200,0
1776857040000,0.5664,0.5696,0.566,0.5679,550927.8,1776857219999,313436.18219800,425,549379.1,312558.34116100,0
1776857220000,0.5679,0.5679,0.56619,0.5662,3215.5,1776857399999,1822.01415200,407,0,0,0
1776857400000,0.5664,0.5696,0.5664,0.5686,20675.7,1776857579999,11751.03174500,366,37.7,21.47392000,0
1776857580000,0.5686,0.5696,0.5657,0.5657,4383.8,1776857759999,2488.21466200,351,829.7,472.59712000,0
1776857760000,0.5657,0.5657,0.56229,0.56229,22177450.1,1776857939999,12516507.85941600,934,2345.4,1320.98534200,0
1776857940000,0.56229,0.56229,0.5606,0.5606,1196727.3,1776858119999,671252.82053800,491,581.9,326.50157800,0
1776858120000,0.5605,0.5605,0.5572,0.5572,15825876.1,1776858299999,8850646.89801700,672,6360.9,3547.88332100,0
1776858300000,0.5572,0.5601,0.55709,0.5597,126059.1,1776858479999,70384.95313700,330,118149.5,65973.74044400,0
1776858480000,0.5597,0.5599,0.557,0.5575,2919.1,1776858659999,1628.52819000,318,0,0,0
1776858660000,0.5575,0.5601,0.5567,0.5567,2918.2,1776858839999,1628.40962900,242,897.0,502.40970000,0
1776858840000,0.5569,0.5591,0.5569,0.5582,2918.6,1776859019999,1629.99758000,311,0,0,0
1776859020000,0.5582,0.5582,0.5554,0.5556,10081956.6,1776859199999,5606772.53071200,782,6443.5,3582.40428700,0
1776859200000,0.5556,0.55778,0.55498,0.55778,4070760.6,1776859379999,2259901.76864600,655,2343.0,1303.71140800,0
1776859380000,0.55778,0.56115,0.5577,0.56027,11195420.2,1776859559999,6267932.72512500,637,11193397.3,6266801.23025800,0
1776859560000,0.56027,0.56115,0.5577,0.5577,5501.0,1776859739999,3077.59497700,492,1209.8,678.87927000,0
1776859740000,0.5582,0.5583,0.55642,0.55642,3429638.0,1776859919999,1908805.07084600,509,0,0,0
1776859920000,0.55642,0.55642,0.5549,0.5553,11616340.4,1776860099999,6457453.42909300,700,1617.5,898.80527200,0
1776860100000,0.5553,0.55539,0.5548,0.555,953045.3,1776860279999,528768.40790400,497,1962.6,1089.51301500,0
1776860280000,0.555,0.5554,0.55428,0.55428,3549.1,1776860459999,1968.81733500,393,66.9,37.15626000,0
1776860460000,0.55425,0.5554,0.5534,0.5534,3634.8,1776860639999,2014.05766100,428,38.0,21.10520000,0
1776860640000,0.5534,0.5548,0.5532,0.55374,3525.2,1776860819999,1952.08400500,388,0,0,0
1776860820000,0.5536,0.5537,0.55061,0.55087,7708477.9,1776860999999,4247726.55064700,644,198.9,109.54886500,0
1776861000000,0.55087,0.55345,0.55087,0.5529,20505.9,1776861179999,11345.08873900,462,19506.9,10793.03471900,0
1776861180000,0.5534,0.5542,0.5534,0.5537,3537.9,1776861359999,1959.48091100,400,1519.3,841.51588100,0
1776861360000,0.5537,0.55564,0.553,0.55564,13575107.3,1776861539999,7532159.86488500,636,13574229.3,7531673.87065500,0
1776861540000,0.55564,0.5562,0.5541,0.5541,2980949.3,1776861719999,1656951.94233800,514,2970101.7,1650926.91856900,0
1776861720000,0.5541,0.55651,0.55379,0.5564,864391.2,1776861899999,480928.64669600,486,862479.9,479868.63006200,0
1776861900000,0.5564,0.5568,0.5551,0.5551,960232.1,1776862079999,534609.78924300,473,957620.2,533157.82230500,0
1776862080000,0.5551,0.556,0.5547,0.5547,3956.9,1776862259999,2196.83124200,349,0,0,0
1776862260000,0.5547,0.5547,0.5508,0.5509,11080291.7,1776862439999,6114906.20692500,690,127.0,69.96231800,0
1776862440000,0.5509,0.5529,0.5508,0.5509,115644.0,1776862619999,63699.33093000,392,2322.0,1280.89287000,0
1776862620000,0.5509,0.5523,0.5508,0.5518,3583.1,1776862799999,1975.56653600,423,1290.5,711.53891600,0
1776862800000,0.552,0.5523,0.55,0.5519,4680.4,1776862979999,2579.04323700,385,914.5,505.07835000,0
1776862980000,0.5519,0.5524,0.5501,0.5508,3562.2,1776863159999,1963.89382400,375,264.4,146.03235400,0
1776863160000,0.5508,0.5513,0.5495,0.5497,3384.9,1776863339999,1862.40413300,372,0,0,0
1776863340000,0.5497,0.5502,0.5479,0.5479,2081321.7,1776863519999,1142265.34863200,465,0,0,0
1776863520000,0.5479,0.54918,0.54745,0.5489,1567421.6,1776863699999,858317.81023800,545,1161.1,636.67126700,0
1776863700000,0.5489,0.55015,0.5473,0.5473,831502.2,1776863879999,455127.13298700,455,1284.5,705.27142900,0
1776863880000,0.5473,0.5474,0.54384,0.54384,14172503.1,1776864059999,7730906.85798700,829,185540.7,100953.40899800,0
1776864060000,0.54385,0.544,0.5429,0.543,5629523.6,1776864239999,3059494.94122800,765,2289.3,1244.70733700,0
1776864240000,0.543,0.5438,0.5428,0.5438,91145.3,1776864419999,49487.12187200,367,6095.7,3313.86455900,0
1776864420000,0.5438,0.5438,0.5428,0.5434,4849.5,1776864599999,2634.14261000,340,213.3,115.99254000,0
1776864600000,0.5434,0.5438,0.53769,0.5396,22588920.6,1776864779999,12205347.44705600,645,21000.5,11414.18507500,0
1776864780000,0.5396,0.54469,0.5391,0.54469,13267429.8,1776864959999,7203194.77127100,736,13266865.3,7202890.23170100,0
1776864960000,0.54469,0.54979,0.54469,0.54701,38281075.7,1776865139999,20936925.06460500,872,38278461.2,20935491.70128800,0
1776865140000,0.54696,0.5471,0.54497,0.546,6962498.9,1776865319999,3799842.44519700,637,1458.0,795.13732500,0
1776865320000,0.546,0.54886,0.5456,0.5485,2715926.4,1776865499999,1488400.03249900,655,2714682.5,1487719.51827100,0
1776865500000,0.5489,0.5491,0.54516,0.54516,661130.8,1776865679999,361303.78183100,512,132107.0,72519.59159000,0
1776865680000,0.54502,0.5451,0.544,0.54476,6554214.9,1776865859999,3569403.38426800,771,1265.3,689.00808400,0
1776865860000,0.54478,0.54704,0.5442,0.54704,3654.5,1776866039999,1993.24782400,425,2507.9,1368.88127400,0
1776866040000,0.54709,0.55791,0.54709,0.5521,75845514.6,1776866219999,41839661.37842900,1498,75170087.6,41466243.92578100,0
1776866220000,0.5521,0.55231,0.55012,0.55231,13059.1,1776866399999,7201.75093800,404,543.3,300.05324400,0
1776866400000,0.55231,0.5528,0.5507,0.5509,3743.3,1776866579999,2065.37693200,404,2358.8,1301.96319200,0
1776866580000,0.5509,0.5523,0.5496,0.5521,4345.5,1776866759999,2395.11515200,425,1933.5,1067.13888200,0
1776866760000,0.5516,0.5516,0.5493,0.5493,4044.2,1776866939999,2225.20464400,350,0,0,0
1776866940000,0.5493,0.5523,0.5485,0.5485,9960.4,1776867119999,5491.68891000,338,6924.2,3824.23566000,0
1776867120000,0.5485,0.5496,0.54676,0.5496,9854522.6,1776867299999,5399483.02088800,598,2489.0,1365.89601500,0
1776867300000,0.5496,0.55013,0.54676,0.5486,3425.6,1776867479999,1881.02895100,336,707.9,389.21729900,0
1776867480000,0.5486,0.5486,0.54676,0.5471,3236.7,1776867659999,1771.54373600,336,0,0,0
1776867660000,0.5471,0.5471,0.543,0.543,16582206.1,1776867839999,9043836.62753700,805,5028.5,2733.03659000,0
1776867840000,0.543,0.5435,0.5422,0.5435,123146.6,1776868019999,66845.83749300,413,596.4,323.82933000,0
1776868020000,0.5435,0.5455,0.5435,0.5455,2879.6,1776868199999,1568.26806600,332,2241.8,1221.00713600,0
1776868200000,0.5455,0.5465,0.5448,0.5453,4605.1,1776868379999,2514.56264100,274,3008.4,1643.79658100,0
1776868380000,0.5453,0.5456,0.5422,0.5436,39578.7,1776868559999,21464.56862000,299,0,0,0
1776868560000,0.5436,0.5445,0.53948,0.53948,12391221.2,1776868739999,6709066.42319900,533,877.4,475.79983200,0
1776868740000,0.5394,0.5394,0.536,0.5379,2061.4,1776868919999,1108.39727700,242,0,0,0
1776868920000,0.5379,0.53961,0.53538,0.5382,4165812.6,1776869099999,2232230.10059000,402,335.3,180.93123300,0
1776869100000,0.5382,0.53972,0.5382,0.5383,625054.7,1776869279999,337301.35416000,182,623459.1,336441.12483800,0
1776869280000,0.5383,0.54541,0.5375,0.54541,23383468.6,1776869459999,12675738.03218600,704,23381260.7,12674549.46956600,0
1776869460000,0.54541,0.55056,0.54541,0.5494,16346685.1,1776869639999,8957881.44839000,637,16339138.1,8953745.49198400,0
1776869640000,0.5494,0.55056,0.5481,0.549,54154.4,1776869819999,29757.52540800,287,29362.5,16165.81800000,0
1776869820000,0.549,0.55056,0.5469,0.5469,23095.8,1776869999999,12649.78013800,390,366.6,201.83529600,0
1776870000000,0.5469,0.5469,0.5449,0.5461,5843968.4,1776870179999,3191135.58850300,510,796.3,434.52588600,0
1776870180000,0.5461,0.5472,0.5449,0.54572,22533.1,1776870359999,12281.65295700,309,1244.6,680.27266700,0
1776870360000,0.54573,0.5461,0.5449,0.5453,3084.3,1776870539999,1682.52042500,369,1758.9,959.65279500,0
1776870540000,0.5453,0.5466,0.5449,0.5466,2977.5,1776870719999,1624.29921700,326,887.9,484.93456700,0
1776870720000,0.5466,0.5585,0.5466,0.5585,65732202.7,1776870899999,36316291.88397000,1001,65731660.7,36315990.28121600,0
1776870900000,0.5585,0.56482,0.5559,0.5559,57237753.9,1776871079999,32133560.22149000,1183,48258494.2,27091047.35548400,0
1776871080000,0.5559,0.55795,0.55265,0.5527,10212048.1,1776871259999,5650936.98605800,828,505198.2,279317.69432900,0
1776871260000,0.5527,0.55275,0.5482,0.5482,23126942.2,1776871439999,12727726.87666100,891,16064.9,8878.42772400,0
1776871440000,0.5482,0.54875,0.54705,0.54705,12694819.5,1776871619999,6951729.19471100,836,1079.5,591.61146800,0
1776871620000,0.54705,0.5474,0.54629,0.5474,4671895.0,1776871799999,2554109.09160700,545,992.4,542.78944400,0
1776871800000,0.5474,0.5487,0.547,0.5487,9436.1,1776871979999,5169.85414200,297,8723.5,4779.56178200,0
1776871980000,0.5487,0.55203,0.5468,0.55051,23293686.8,1776872159999,12824832.94630900,781,23292019.9,12823914.33914800,0
1776872160000,0.55051,0.55314,0.55028,0.55314,7378653.3,1776872339999,4075116.94855500,624,6882416.3,3801276.17724100,0
1776872340000,0.55314,0.55917,0.55314,0.557,66063481.6,1776872519999,36738155.28112600,827,66062426.0,36737566.46623300,0
1776872520000,0.557,0.5575,0.5559,0.5559,3676.8,1776872699999,2046.69911000,304,0,0,0
1776872700000,0.5559,0.55917,0.5559,0.5559,3484.8,1776872879999,1940.79139500,302,179.5,100.37101500,0
1776872880000,0.5559,0.5566,0.5553,0.5553,1635.0,1776873059999,908.64719400,181,0,0,0
1776873060000,0.5561,0.5561,0.55429,0.5543,10245927.3,1776873239999,5684969.93907800,582,1366.4,758.21129300,0
1776873240000,0.5543,0.5543,0.553,0.553,4697518.0,1776873419999,2601849.86088600,438,399.6,221.25041200,0
1776873420000,0.553,0.5538,0.5518,0.553,2683.7,1776873599999,1483.59010000,220,829.7,459.48786000,0
1776873600000,0.5518,0.5545,0.55169,0.5545,2527.1,1776873779999,1396.99301500,281,767.8,425.41136600,0
1776873780000,0.5545,0.55456,0.5523,0.5533,2439.2,1776873959999,1349.40408700,259,56.8,31.49663700,0
1776873960000,0.553,0.5545,0.5519,0.5533,1359.9,1776874139999,752.05968000,145,0,0,0
1776874140000,0.5533,0.5542,0.5525,0.5527,2669.9,1776874319999,1476.96012000,284,0,0,0
1776874320000,0.5527,0.56152,0.55169,0.56152,20596756.5,1776874499999,11504181.80512900,924,20596062.8,11503797.39833900,0
1776874500000,0.56152,0.5621,0.5605,0.5605,4595.7,1776874679999,2579.50769300,476,478.3,268.77515000,0
1776874680000,0.5605,0.5614,0.5593,0.5601,3480.6,1776874859999,1950.25265600,436,0,0,0
1776874860000,0.56,0.5607,0.5577,0.5577,1165116.8,1776875039999,650909.19732300,452,0,0,0
1776875040000,0.5577,0.5604,0.5577,0.5577,3428.2,1776875219999,1915.24866000,375,0,0,0
1776875220000,0.5577,0.5589,0.55657,0.5589,12259542.7,1776875399999,6830082.58461300,758,724438.5,403714.46423400,0
1776875400000,0.5589,0.55911,0.55654,0.55654,686743.3,1776875579999,382210.14788200,412,853.1,476.11928400,0
1776875580000,0.55654,0.5578,0.55577,0.5578,4545757.8,1776875759999,2527553.85934100,671,2123.9,1181.86396400,0
1776875760000,0.5578,0.558,0.5557,0.5557,3530.7,1776875939999,1965.08139800,379,168.5,93.99783200,0
1776875940000,0.5557,0.5581,0.5557,0.5577,3633.2,1776876119999,2023.70644300,420,311.2,173.66801200,0
1776876120000,0.5577,0.5581,0.557,0.557,10402.2,1776876299999,5797.65518300,424,9.0,5.02290000,0
1776876300000,0.5581,0.55812,0.5563,0.5563,3565.0,1776876479999,1986.80273900,415,28.5,15.90622800,0
1776876480000,0.5563,0.55812,0.5545,0.5548,2720912.4,1776876659999,1509291.42201600,554,1038.2,578.74256800,0
1776876660000,0.5548,0.5564,0.5548,0.5553,3552.1,1776876839999,1973.14138400,479,1616.5,898.23575400,0
1776876840000,0.5547,0.5555,0.55396,0.55396,4623032.0,1776877019999,2562234.10903300,636,918.0,509.00419300,0
1776877020000,0.55398,0.5541,0.5529,0.5531,6047943.9,1776877199999,3347174.80390900,787,8485.4,4695.14171700,0
1776877200000,0.5531,0.5554,0.5531,0.5554,3244.2,1776877379999,1797.06561100,394,2787.3,1544.25426100,0
1776877380000,0.5554,0.55656,0.5544,0.55656,634174.9,1776877559999,352687.14928200,415,632838.8,351945.70398200,0
1776877560000,0.5565,0.5592,0.5564,0.55858,20092758.0,1776877739999,11207626.05747100,870,20091818.8,11207101.36215000,0
1776877740000,0.55858,0.5599,0.5584,0.5599,3170.1,1776877919999,1772.18871400,388,1183.4,662.03149900,0
1776877920000,0.5599,0.5602,0.5583,0.5596,3090.6,1776878099999,1729.40304900,324,1060.0,593.69110200,0
1776878100000,0.5596,0.5599,0.55691,0.557,2808.8,1776878279999,1569.20431000,312,0,0,0
1776878280000,0.557,0.5581,0.5561,0.5577,2683.7,1776878459999,1494.45480200,290,0,0,0
1776878460000,0.5577,0.56167,0.5576,0.56167,10734074.3,1776878639999,6020834.50372800,534,10733026.0,6020247.51929900,0
1776878640000,0.56167,0.5699,0.56167,0.5699,38511320.7,1776878819999,21778285.07152400,1124,38453317.1,21745238.54726000,0
1776878820000,0.5699,0.57004,0.56912,0.56976,405276.0,1776878999999,231000.75905800,359,403594.7,230042.98632200,0
1776879000000,0.5697,0.57081,0.5692,0.56976,5886514.4,1776879179999,3357126.26231900,407,5868727.5,3346977.46673500,0
1776879180000,0.56976,0.57081,0.5615,0.5615,12853400.2,1776879359999,7272738.98842700,913,1083.4,616.89830500,0
1776879360000,0.5615,0.56261,0.5609,0.5614,1328803.7,1776879539999,745636.59412400,496,1237.4,695.35457000,0
1776879540000,0.5614,0.5631,0.561,0.5618,2596.8,1776879719999,1458.80371100,300,959.6,539.19784100,0
1776879720000,0.5618,0.5631,0.5608,0.56122,3406.2,1776879899999,1914.01515500,279,854.0,480.88740000,0
1776879900000,0.56122,0.5613,0.55987,0.55987,8060578.5,1776880079999,4518684.66738500,741,2120.3,1187.97102000,0
1776880080000,0.55987,0.55987,0.5588,0.5589,8449217.5,1776880259999,4725253.46964600,670,352.1,196.84226200,0
1776880260000,0.5589,0.5589,0.55744,0.55744,2298143.2,1776880439999,1283818.18413200,416,580.6,324.46911900,0
1776880440000,0.5574,0.5589,0.557,0.557,3655.8,1776880619999,2037.80078500,374,416.2,232.61418000,0
1776880620000,0.557,0.5589,0.55501,0.55501,3071.9,1776880799999,1708.82452800,292,179.5,100.32255000,0
1776880800000,0.55501,0.5577,0.5549,0.5549,2895.4,1776880979999,1608.90898400,283,0,0,0
1776880980000,0.5549,0.5567,0.5549,0.5567,2940.2,1776881159999,1633.22949400,310,0,0,0
1776881160000,0.5567,0.5589,0.555,0.5553,3674.1,1776881339999,2045.00191000,306,840.4,469.69956000,0
1776881340000,0.5553,0.5576,0.5549,0.5571,2327.9,1776881519999,1295.23022500,263,0,0,0
1776881520000,0.5571,0.5583,0.55602,0.558,2630.4,1776881699999,1464.36287000,295,0,0,0
1776881700000,0.558,0.558,0.55571,0.55571,2727.2,1776881879999,1518.29951000,334,36.9,20.59020000,0
1776881880000,0.55571,0.5589,0.5556,0.5581,1555561.3,1776882059999,868547.96321400,382,14001.4,7814.22532900,0
1776882060000,0.5581,0.5603,0.5578,0.5603,444638.9,1776882239999,248070.71493300,436,2668.9,1492.71049100,0
1776882240000,0.5603,0.5603,0.5587,0.5597,3402.8,1776882419999,1904.20920000,382,149.1,83.54073000,0
1776882420000,0.5597,0.5597,0.55742,0.5576,4242.9,1776882599999,2368.32964100,382,0,0,0
1776882600000,0.5586,0.5607,0.5583,0.5607,14484.8,1776882779999,8112.55410800,379,11751.7,6584.83361800,0
1776882780000,0.5607,0.5609,0.55742,0.5602,3560.4,1776882959999,1994.22901600,383,228.9,128.36446600,0
1776882960000,0.5602,0.5609,0.5574,0.5574,8998.9,1776883139999,5028.79336000,390,2686.9,1507.08221000,0
1776883140000,0.5576,0.5609,0.5572,0.558,4688.9,1776883319999,2618.29716900,397,896.1,502.62249000,0
1776883320000,0.558,0.5609,0.5572,0.5574,5217.6,1776883499999,2915.38648900,364,1753.9,983.76251000,0
1776883500000,0.5574,0.5585,0.5574,0.558,3351.9,1776883679999,1870.40933200,366,0,0,0
1776883680000,0.558,0.56111,0.558,0.5608,1525006.7,1776883859999,855548.31923400,487,1522149.9,853949.93643000,0
1776883860000,0.5608,0.56282,0.5608,0.56282,11027999.0,1776884039999,6195095.97387400,772,11026613.6,6194317.45313500,0
1776884040000,0.56282,0.5632,0.56247,0.56247,2024973.2,1776884219999,1140217.44213600,489,2022592.5,1138877.53339800,0
1776884220000,0.56244,0.56422,0.562,0.56422,7236462.3,1776884399999,4078019.37315900,753,7234843.8,4077109.22583200,0
1776884400000,0.56422,0.56511,0.5634,0.5638,3322301.4,1776884579999,1876033.60039100,577,3320514.6,1875025.71948700,0
1776884580000,0.5638,0.56511,0.5633,0.5644,4502.9,1776884759999,2541.58071600,368,1148.4,648.97232400,0
1776884760000,0.5643,0.56748,0.56399,0.56748,13068284.9,1776884939999,7402137.95464700,943,13067421.3,7401649.99862700,0
1776884940000,0.56748,0.569,0.5674,0.56869,10107591.1,1776885119999,5743344.25238600,935,10106506.9,5742728.49850800,0
1776885120000,0.569,0.57069,0.56869,0.56957,4153575.4,1776885299999,2365704.59743400,622,4150626.3,2364023.80442400,0
1776885300000,0.56957,0.57,0.5686,0.56909,3646.4,1776885479999,2074.82070600,437,59.2,33.71031000,0
1776885480000,0.56909,0.5711,0.5689,0.5711,3534.1,1776885659999,2013.35854100,424,732.6,418.10135800,0
1776885660000,0.5711,0.57586,0.5711,0.5756,28046185.9,1776885839999,16087573.07853900,894,28044185.4,16086423.74514700,0
1776885840000,0.5756,0.5756,0.5721,0.5721,2126416.0,1776886019999,1216757.61847900,564,342.2,195.84312100,0
1776886020000,0.5721,0.5721,0.57097,0.572,9279393.1,1776886199999,5303986.54703400,813,1756.6,1003.96227400,0
1776886200000,0.572,0.574,0.57091,0.57101,525342.1,1776886379999,299948.61589900,415,1867.2,1069.35015400,0
1776886380000,0.571,0.57127,0.5704,0.5712,3598485.7,1776886559999,2053396.43681400,576,1563.3,892.63956700,0
1776886560000,0.5711,0.57172,0.57007,0.57172,3141.3,1776886739999,1793.80502400,428,1699.7,971.11529000,0
1776886740000,0.57172,0.5754,0.5711,0.57532,13814311.7,1776886919999,7936494.19352400,754,13813196.9,7935855.34383200,0
1776886920000,0.5754,0.57587,0.5711,0.57204,7182264.2,1776887099999,4134882.67035300,562,7179978.0,4133568.19933700,0
1776887100000,0.574,0.57736,0.5711,0.57242,50640172.4,1776887279999,29081278.59139400,1041,38035168.0,21824389.12689300,0
1776887280000,0.5769,0.57767,0.5711,0.57767,60610389.7,1776887459999,34808335.32246000,1115,30803665.1,17645616.61072600,0
1776887460000,0.57767,0.5813,0.5711,0.5813,91120568.8,1776887639999,52525805.06253700,1371,65022758.9,37461963.19474200,0
1776887640000,0.5813,0.5824,0.5711,0.5824,80270068.5,1776887819999,46473518.23361200,1327,24951108.7,14366972.16298100,0
1776887820000,0.5824,0.58246,0.5711,0.582,47925527.9,1776887999999,27804610.72141400,943,6427748.6,3698075.18710500,0
1776888000000,0.58197,0.58341,0.5711,0.5826,35093491.7,1776888179999,20355152.24598200,805,15865107.8,9192458.66490700,0
1776888180000,0.583,0.58341,0.5821,0.5821,14559.4,1776888359999,8492.02387300,354,11792.3,6879.74574300,0
1776888360000,0.5821,0.5849,0.5815,0.5835,634354.9,1776888539999,370422.44661600,432,630351.5,368088.55398400,0
1776888540000,0.5837,0.5842,0.57733,0.5777,14720741.4,1776888719999,8524286.20521700,800,384.1,222.03301700,0
1776888720000,0.5777,0.5791,0.5771,0.5782,199826.1,1776888899999,115334.35548600,393,1890.0,1092.50886100,0
1776888900000,0.5782,0.57834,0.577,0.577,7850.7,1776889079999,4534.83312000,396,2837.9,1640.62360600,0
1776889080000,0.577,0.5787,0.5769,0.5787,3410.1,1776889259999,1970.56922300,400,934.1,540.41347100,0
1776889260000,0.5787,0.5787,0.5767,0.5776,3310.4,1776889439999,1912.82446400,382,9.1,5.26617000,0
1776889440000,0.5776,0.5789,0.5765,0.5787,3432.0,1776889619999,1983.08580800,407,460.1,266.31594000,0
1776889620000,0.5787,0.5816,0.5783,0.5816,7940930.2,1776889799999,4609958.64291400,838,7940627.6,4609783.36528400,0
1776889800000,0.5816,0.5819,0.5805,0.5814,764953.3,1776889979999,445058.03320000,492,762713.4,443755.95194500,0
1776889980000,0.5814,0.5814,0.5793,0.5805,3525.6,1776890159999,2045.72234800,424,0,0,0
1776890160000,0.5799,0.5819,0.5792,0.5798,4374.4,1776890339999,2538.25906000,458,829.7,482.80243000,0
1776890340000,0.5794,0.5804,0.5784,0.58,3486.3,1776890519999,2019.77278500,434,0,0,0
1776890520000,0.5798,0.5799,0.57763,0.5786,6213506.2,1776890699999,3591663.13684600,625,274.0,158.46066800,0
1776890700000,0.5786,0.5788,0.5773,0.5777,3228.9,1776890879999,1865.95471300,399,732.8,424.07144700,0
1776890880000,0.5777,0.579,0.5771,0.5779,3255.4,1776891059999,1881.51099700,366,830.4,480.71471300,0
1776891060000,0.5772,0.5774,0.5764,0.5764,3563.3,1776891239999,2055.92814400,456,0,0,0
1776891240000,0.5764,0.5764,0.5722,0.5722,12200765.9,1776891419999,7003864.11330400,970,82.2,47.12717100,0
1776891420000,0.5722,0.5741,0.57218,0.573,164804.6,1776891599999,94302.94591200,537,3446.4,1974.60867200,0
1776891600000,0.573,0.57414,0.57218,0.57414,3571.8,1776891779999,2047.44012900,493,2833.0,1624.31285900,0
1776891780000,0.57414,0.57446,0.5727,0.5741,3226.5,1776891959999,1850.75098800,357,461.1,264.81196800,0
1776891960000,0.5736,0.57718,0.57218,0.57718,16388489.2,1776892139999,9443225.17235700,604,16379756.3,9438226.63751700,0
1776892140000,0.57718,0.57718,0.5753,0.5757,13267.1,1776892319999,7654.21873500,370,10192.2,5882.73399600,0
1776892320000,0.5757,0.577,0.5749,0.5766,3555.5,1776892499999,2047.90822000,438,0,0,0
1776892500000,0.5766,0.5766,0.5755,0.5762,3602.5,1776892679999,2075.58649100,466,325.5,187.51970000,0
1776892680000,0.5762,0.5779,0.5756,0.5773,4933.7,1776892859999,2847.45577400,417,3028.8,1749.21083400,0
1776892860000,0.5773,0.5779,0.5755,0.5771,4191.5,1776893039999,2418.24987000,392,91.5,52.87785000,0
1776893040000,0.5771,0.5779,0.57127,0.57127,12390968.1,1776893219999,7099485.94487800,714,246.3,141.01025300,0
1776893220000,0.57127,0.57243,0.57127,0.5724,11337.9,1776893399999,6485.59003700,437,9774.9,5592.02979800,0
1776893400000,0.5724,0.5735,0.5723,0.5735,9958.6,1776893579999,5705.34182400,410,9876.3,5658.23421400,0
1776893580000,0.5735,0.5742,0.5732,0.574,3326.2,1776893759999,1908.72222100,422,2585.4,1483.66084100,0
1776893760000,0.574,0.5786,0.5739,0.5786,23102034.6,1776893939999,13307136.56630700,1046,23101867.3,13307040.53231700,0
1776893940000,0.5786,0.5797,0.5783,0.5783,2379966.8,1776894119999,1377910.14775300,639,2377815.0,1376664.06798400,0
1776894120000,0.5783,0.579,0.57659,0.5768,3718.1,1776894299999,2149.10979700,504,0,0,0
1776894300000,0.5768,0.5768,0.5756,0.5756,3703.3,1776894479999,2134.40743300,493,80.1,46.18299000,0
1776894480000,0.5756,0.5756,0.5741,0.5741,8364090.4,1776894659999,4806530.88816900,994,230.1,132.18927500,0
1776894660000,0.5741,0.57444,0.5734,0.5738,5687778.0,1776894839999,3264113.07410600,734,1678.6,963.34848200,0
1776894840000,0.5738,0.5746,0.5737,0.5746,3620.7,1776895019999,2078.41923900,410,704.4,404.72472900,0
1776895020000,0.5746,0.5746,0.5746,0.5746,4612.7,1776895199999,2650.45742000,415,4612.7,2650.45742000,0
1776895200000,0.5746,0.5746,0.5739,0.5742,9346.4,1776895379999,5368.49000100,449,8249.0,4738.40151100,0
1776895380000,0.5742,0.5749,0.5732,0.5732,68840.1,1776895559999,39541.32678200,416,44989.9,25864.23375200,0
1776895560000,0.5732,0.5749,0.57319,0.5741,3496.8,1776895739999,2007.95552800,381,27.0,15.52230000,0
1776895740000,0.5741,0.5754,0.5733,0.5754,3512.0,1776895919999,2018.65165800,440,2203.6,1267.39603800,0
1776895920000,0.5754,0.57854,0.57319,0.57854,10901694.5,1776896099999,6296184.69075700,684,10900416.2,6295447.04802100,0
1776896100000,0.57854,0.57868,0.57488,0.57488,1185115.5,1776896279999,685671.13807600,461,1181929.4,683834.09114000,0
1776896280000,0.57488,0.5755,0.57379,0.5748,3378.8,1776896459999,1941.53540300,393,0,0,0
1776896460000,0.5748,0.5761,0.5746,0.5751,3426.8,1776896639999,1971.51648000,379,0,0,0
1776896640000,0.5751,0.5761,0.5751,0.5757,3395.4,1776896819999,1953.83997000,376,0,0,0
1776896820000,0.5756,0.57868,0.575,0.5772,3134.6,1776896999999,1805.66249000,347,19.0,10.99492000,0
1776897000000,0.5772,0.5795,0.5772,0.5795,6083821.7,1776897179999,3522266.25851900,677,6082920.4,3521745.04403500,0
1776897180000,0.5795,0.5803,0.5795,0.5798,2476979.6,1776897359999,1436335.61148300,564,1613414.3,935600.41511300,0
1776897360000,0.5798,0.5814,0.57977,0.5808,4062.8,1776897539999,2359.91087700,390,2599.0,1509.96245300,0
1776897540000,0.5808,0.581,0.5794,0.5801,3077.4,1776897719999,1784.68263700,365,0,0,0
1776897720000,0.5801,0.5806,0.579,0.5793,3273.7,1776897899999,1898.26846200,374,0,0,0
1776897900000,0.5794,0.5798,0.5784,0.579,2803.0,1776898079999,1622.78012600,362,199.7,115.78606000,0
1776898080000,0.579,0.5806,0.579,0.58,3154.9,1776898259999,1829.55101000,428,1989.4,1153.95222000,0
1776898260000,0.58,0.58,0.58,0.58,2824.6,1776898439999,1638.26800000,312,2824.6,1638.26800000,0
1776898440000,0.58,0.58,0.58,0.58,2491.7,1776898619999,1445.18600000,276,2491.7,1445.18600000,0
1776898620000,0.58,0.58,0.58,0.58,2578.3,1776898799999,1495.41400000,284,2578.3,1495.41400000,0
1776898800000,0.58,0.58,0.5796,0.5799,2226.9,1776898979999,1291.54454000,216,2107.7,1222.43409000,0
1776898980000,0.5799,0.58,0.5784,0.58,4021.4,1776899159999,2330.37165300,322,2567.0,1488.69030300,0
1776899160000,0.58,0.58,0.5784,0.5798,2715.4,1776899339999,1574.75893700,298,2430.1,1409.41376700,0
1776899340000,0.5798,0.58,0.5792,0.5792,2137.1,1776899519999,1239.23571100,259,1608.8,932.99884100,0
1776899520000,0.5792,0.57921,0.5769,0.5769,11761598.7,1776899699999,6794469.87306600,884,437.3,252.85498000,0
1776899700000,0.5769,0.57792,0.5769,0.5778,4364803.2,1776899879999,2520970.16024800,522,4225569.1,2440624.84239900,0
1776899880000,0.5778,0.57801,0.5771,0.57801,77322.2,1776900059999,44691.28668100,265,75282.8,43513.45106400,0
1776900060000,0.57801,0.57815,0.5757,0.5757,2678.8,1776900239999,1545.08133800,363,395.0,228.34555500,0
1776900240000,0.57562,0.57562,0.5708,0.57193,12488071.3,1776900419999,7171798.47463500,560,1119.3,639.84886900,0
1776900420000,0.5721,0.573,0.5711,0.5713,18884.9,1776900599999,10810.83695200,261,17753.5,10164.00476200,0
1776900600000,0.5718,0.5732,0.5716,0.5726,3105.4,1776900779999,1777.76810400,363,858.9,492.11303400,0
1776900780000,0.5726,0.5733,0.5721,0.5724,4188.9,1776900959999,2400.01075100,389,2086.8,1195.94830100,0
1776900960000,0.5724,0.57663,0.5715,0.5758,13947685.5,1776901139999,8005390.24577100,726,13945166.8,8003941.70198500,0
1776901140000,0.5758,0.5774,0.5758,0.5774,5416919.1,1776901319999,3125492.59484100,591,5380279.3,3104342.21389100,0
1776901320000,0.5774,0.5785,0.57733,0.5785,4583424.6,1776901499999,2649001.09886600,756,4201476.6,2428402.44623900,0
1776901500000,0.57857,0.5804,0.5783,0.5804,11921064.9,1776901679999,6901282.87207100,876,11129699.3,6443580.99731300,0
1776901680000,0.5804,0.5804,0.57848,0.5786,4464.4,1776901859999,2584.74822600,437,45.2,26.23408000,0
1776901860000,0.5786,0.5786,0.57283,0.57283,23868489.4,1776902039999,13722059.71273100,933,232.1,133.44650500,0
1776902040000,0.57283,0.57294,0.5718,0.5719,1524109.2,1776902219999,872415.88190100,563,504.2,288.68387000,0
1776902220000,0.5719,0.5723,0.5717,0.5722,1250482.9,1776902399999,715023.99646000,482,1117.4,639.33602000,0
1776902400000,0.5719,0.572,0.5707,0.5714,4987411.2,1776902579999,2848440.46624300,562,1125.9,643.27208800,0
1776902580000,0.5714,0.5716,0.5677,0.5678,4342.5,1776902759999,2472.48229500,409,0,0,0
1776902760000,0.5678,0.5718,0.5678,0.5705,5319.2,1776902939999,3034.89555000,316,2431.0,1390.04580000,0
1776902940000,0.5705,0.5713,0.5677,0.5685,4896.4,1776903119999,2786.64696000,310,0,0,0
1776903120000,0.5685,0.5688,0.5677,0.568,2534.4,1776903299999,1440.06797800,279,0,0,0
1776903300000,0.568,0.5702,0.568,0.57,5595.9,1776903479999,3179.34667600,166,0,0,0
1776903480000,0.5703,0.5703,0.56523,0.56523,16802514.0,1776903659999,9520924.77810200,968,258.9,146.67043800,0
1776903660000,0.56523,0.5656,0.56462,0.5647,2571493.2,1776903839999,1452283.57551700,381,11552.2,6531.15118000,0
1776903840000,0.5647,0.56564,0.56462,0.56564,109162.4,1776904019999,61637.45242100,324,2351.5,1329.70679700,0
1776904020000,0.56564,0.56957,0.56564,0.56957,9029779.6,1776904199999,5139305.11864200,515,9029779.6,5139305.11864200,0
1776904200000,0.56957,0.57112,0.5694,0.5694,5175758.5,1776904379999,2951469.11630700,315,5174466.5,2950732.32961800,0
1776904380000,0.5694,0.5698,0.5673,0.5673,3420.1,1776904559999,1945.13983800,305,0,0,0
1776904560000,0.5673,0.5673,0.56484,0.56484,12967035.2,1776904739999,7337853.13341000,709,845.4,478.50414200,0
1776904740000,0.56484,0.5652,0.5645,0.5649,584480.4,1776904919999,330037.01373600,407,1009.8,570.44805400,0
1776904920000,0.5649,0.5658,0.5645,0.5658,3056.5,1776905099999,1727.81622200,366,2505.0,1416.30956200,0
1776905100000,0.56583,0.5671,0.5657,0.5667,2932.6,1776905279999,1660.88995600,353,1629.3,922.89614600,0
1776905280000,0.5669,0.5674,0.5658,0.5667,2506.5,1776905459999,1420.88981500,281,803.6,455.84532500,0
1776905460000,0.5666,0.56742,0.5645,0.5658,46213.7,1776905639999,26217.62038800,293,43240.1,24535.29695800,0
1776905640000,0.5658,0.5679,0.5657,0.5679,3254.6,1776905819999,1845.88284700,377,1681.3,954.50075700,0
1776905820000,0.5679,0.5691,0.5679,0.569,2565.5,1776905999999,1458.92509100,367,1994.7,1134.17839100,0
1776906000000,0.569,0.5693,0.5683,0.569,167484.2,1776906179999,95348.19089200,384,165958.5,94480.08848300,0
1776906180000,0.569,0.56958,0.569,0.56958,4969890.8,1776906359999,2830356.72802700,678,4969335.3,2830040.54772200,0
1776906360000,0.56958,0.5701,0.5686,0.56878,822950.9,1776906539999,468898.18187300,371,820758.8,467650.56362800,0
1776906540000,0.5687,0.5694,0.5686,0.5686,2829.0,1776906719999,1608.99690200,349,0,0,0
1776906720000,0.5686,0.569,0.5661,0.5661,727303.4,1776906899999,411792.52167600,480,0,0,0
1776906900000,0.5661,0.5673,0.5661,0.5663,2268.3,1776907079999,1285.28990000,333,1468.0,832.03365000,0
1776907080000,0.5661,0.5664,0.56468,0.5654,11940386.7,1776907259999,6751083.22462100,587,1126.8,636.84310000,0
1776907260000,0.5654,0.5659,0.5647,0.5652,2880.5,1776907439999,1628.82928800,332,763.5,431.92815800,0
1776907440000,0.5652,0.56695,0.56468,0.5669,119612.2,1776907619999,67556.28244300,382,9978.2,5647.32553100,0
1776907620000,0.5669,0.5677,0.5669,0.5677,2462.0,1776907799999,1396.99742700,304,1904.1,1080.43576700,0
1776907800000,0.5677,0.56799,0.5667,0.56799,2437740.4,1776907979999,1384494.00134000,443,2435844.8,1383418.68195000,0
1776907980000,0.56799,0.5709,0.56799,0.5708,16902472.9,1776908159999,9617953.27684500,588,16901820.5,9617580.87990500,0
1776908160000,0.5706,0.5719,0.5703,0.5714,28712.0,1776908339999,16400.12497100,234,27788.6,15873.14186000,0
1776908340000,0.5714,0.57196,0.5703,0.5711,4123.5,1776908519999,2353.31889500,266,562.6,321.64545500,0
1776908520000,0.5711,0.572,0.5701,0.5702,5894.0,1776908699999,3365.57067800,272,1749.2,1000.54240000,0
1776908700000,0.5702,0.572,0.5696,0.56964,3266.8,1776908879999,1862.91535000,247,522.6,298.92720000,0
1776908880000,0.572,0.5727,0.56964,0.5727,4208.6,1776909059999,2405.73236400,374,2111.8,1208.41303800,0
1776909060000,0.5727,0.57619,0.56964,0.57619,22090545.8,1776909239999,12694386.36625500,747,22089499.6,12693789.35149300,0
1776909240000,0.57619,0.57746,0.576,0.576,2012316.7,1776909419999,1160397.69851800,455,2010272.5,1159219.44585600,0
1776909420000,0.5758,0.57746,0.5752,0.576,14330.7,1776909599999,8255.99550200,394,3710.2,2142.49209200,0
1776909600000,0.576,0.5789,0.576,0.5789,2872602.7,1776909779999,1660518.89151000,655,2870777.7,1659466.13603000,0
1776909780000,0.5789,0.57951,0.5789,0.5791,2510762.0,1776909959999,1454512.81672400,627,2508304.2,1453089.58459600,0
1776909960000,0.5791,0.57951,0.57539,0.57539,2913072.6,1776910139999,1676504.54944500,616,26.0,15.06726000,0
1776910140000,0.57539,0.57539,0.5747,0.57539,15303.9,1776910319999,8805.23588600,427,2635.6,1516.45527200,0
1776910320000,0.57539,0.58181,0.57539,0.5809,21023910.4,1776910499999,12182807.75273300,927,21014472.0,12177329.62546900,0
1776910500000,0.5809,0.5818,0.57799,0.57799,1958190.3,1776910679999,1134635.82680000,579,432.5,250.76428000,0
1776910680000,0.57799,0.57845,0.57707,0.57845,1133509.6,1776910859999,654404.85723600,521,1773.0,1024.61585400,0
1776910860000,0.57851,0.5804,0.57851,0.5803,3222.3,1776911039999,1868.45126100,401,2249.3,1304.01434100,0
1776911040000,0.5803,0.58088,0.577,0.5802,43000.2,1776911219999,24949.06350800,401,35939.2,20869.20694400,0
1776911220000,0.5802,0.58156,0.5802,0.5815,2717930.1,1776911399999,1579923.40042500,536,2537395.7,1475011.31237500,0
1776911400000,0.5815,0.58703,0.58122,0.58703,28073758.5,1776911579999,16387295.47421100,1269,27458997.4,16027848.30585800,0
1776911580000,0.58703,0.58742,0.5858,0.5869,1112753.8,1776911759999,653344.78636100,441,803744.5,471971.13379100,0
1776911760000,0.5868,0.5875,0.58536,0.5856,4182.1,1776911939999,2451.58649300,366,612.5,359.45885000,0
1776911940000,0.5856,0.58754,0.5856,0.58754,392508.5,1776912119999,230606.81811800,326,392355.5,230516.98969800,0
1776912120000,0.58754,0.58892,0.58536,0.58892,7379503.2,1776912299999,4340125.77799700,453,7379330.7,4340024.80339700,0
1776912300000,0.58892,0.59172,0.58886,0.59172,16447613.4,1776912479999,9707589.52507200,848,16447525.3,9707537.64650600,0
1776912480000,0.59172,0.5929,0.5916,0.5929,3954090.7,1776912659999,2342864.28288900,643,3952582.4,2341971.10058100,0
1776912660000,0.5929,0.5959,0.59288,0.5959,10858246.2,1776912839999,6448227.90000500,683,10849523.2,6443052.60430900,0
1776912840000,0.5959,0.5963,0.59367,0.5952,3863.9,1776913019999,2299.02636500,431,880.4,524.83934200,0
1776913020000,0.5953,0.5963,0.5934,0.5935,3512.7,1776913199999,2088.84306700,398,172.4,102.80212000,0
1776913200000,0.5934,0.5963,0.59216,0.5924,3831978.3,1776913379999,2269653.26810700,474,752.1,447.26731600,0
1776913380000,0.5924,0.5926,0.5822,0.58767,35224779.8,1776913559999,20731730.10808400,985,1287835.2,755022.71677800,0
1776913560000,0.58767,0.59292,0.5868,0.5917,18695586.4,1776913739999,11036565.15892100,802,18692582.2,11034794.43920000,0
1776913740000,0.5917,0.5917,0.5862,0.5876,22113414.3,1776913919999,13011635.68178500,1014,1289.7,756.99369000,0
1776913920000,0.5876,0.58935,0.5822,0.5822,25165894.2,1776914099999,14700506.47140100,954,664.7,390.31825000,0
1776914100000,0.5822,0.5855,0.58219,0.5824,42591.1,1776914279999,24804.33300100,424,1437.9,840.26565700,0
1776914280000,0.5824,0.5832,0.5821,0.5832,103578.0,1776914459999,60303.74753100,379,3097.4,1804.68708400,0
1776914460000,0.5832,0.58864,0.5832,0.5884,22717056.7,1776914639999,13330734.67956000,1048,22716712.6,13330532.35794200,0
1776914640000,0.5884,0.5889,0.5868,0.5877,71122.2,1776914819999,41862.47210500,461,67144.5,39524.01655800,0
1776914820000,0.5878,0.5891,0.5868,0.5875,4103.4,1776914999999,2413.83274700,430,1315.3,774.39906700,0
1776915000000,0.5875,0.59203,0.5875,0.59203,10290676.6,1776915179999,6079713.84348800,715,10255934.2,6059172.23080400,0
1776915180000,0.59203,0.5921,0.58763,0.5921,255932.0,1776915359999,151475.42672800,437,76067.9,45036.94830400,0
1776915360000,0.58763,0.58763,0.58581,0.5862,11596738.4,1776915539999,6804829.08398600,717,1540.8,903.15534200,0
1776915540000,0.5862,0.59092,0.58581,0.59092,12354013.4,1776915719999,7289032.16341700,784,12252411.0,7229010.59187200,0
1776915720000,0.59092,0.59215,0.59075,0.5917,7005435.7,1776915899999,4141294.00077800,657,6760271.5,3996423.97046500,0
1776915900000,0.5917,0.5919,0.5895,0.5895,3317.9,1776916079999,1959.98803100,449,0,0,0
1776916080000,0.5895,0.5898,0.5861,0.5861,6672972.8,1776916259999,3915629.87685200,772,680.0,398.82494100,0
1776916260000,0.5861,0.58962,0.5861,0.58962,3223.0,1776916439999,1893.04267200,436,2813.3,1652.81486200,0
1776916440000,0.58962,0.59207,0.5886,0.59207,17395673.9,1776916619999,10286318.97369000,841,17394763.9,10285782.58331000,0
1776916620000,0.59207,0.5921,0.5861,0.5861,15345939.2,1776916799999,9019296.45187300,798,675411.4,399899.88366200,0
1776916800000,0.5861,0.5866,0.5854,0.5866,1018428.2,1776916979999,596749.72629300,586,1024.0,600.33487900,0
1776916980000,0.5866,0.588,0.5854,0.5865,3526.9,1776917159999,2069.37413300,438,1869.9,1097.93773300,0
1776917160000,0.5863,0.5876,0.58529,0.5867,3411.8,1776917339999,1999.53302400,397,0,0,0
1776917340000,0.5867,0.5881,0.5853,0.5881,3375.5,1776917519999,1979.92023800,377,116.8,68.68751800,0
1776917520000,0.5881,0.5884,0.58529,0.5878,3660.0,1776917699999,2150.01234400,404,430.3,253.13414900,0
1776917700000,0.5878,0.59081,0.5878,0.59081,9978664.3,1776917879999,5887915.77809100,834,9978394.3,5887757.00107100,0
1776917880000,0.59081,0.5912,0.5876,0.5876,1270331.2,1776918059999,750698.38874700,466,1267215.7,748860.56105700,0
1776918060000,0.5876,0.5907,0.5876,0.5891,3035.0,1776918239999,1787.40347200,381,0,0,0
1776918240000,0.5891,0.5903,0.5885,0.5885,3415.6,1776918419999,2013.29952300,461,467.5,275.91085000,0
1776918420000,0.5885,0.59,0.5881,0.589,3645.8,1776918599999,2146.23249300,439,0,0,0
1776918600000,0.589,0.5918,0.589,0.5918,3209.5,1776918779999,1895.93739900,420,1627.4,962.56397900,0
1776918780000,0.5918,0.59513,0.5907,0.59513,15118204.8,1776918959999,8966305.26181800,713,15115890.8,8964937.22976800,0
1776918960000,0.59513,0.59549,0.5931,0.59368,604168.7,1776919139999,359674.49714800,434,599887.7,357131.64043900,0
1776919140000,0.59368,0.59549,0.5909,0.5913,11739020.4,1776919319999,6950835.08566100,722,605.6,358.13816300,0
1776919320000,0.5913,0.5928,0.5912,0.5928,3376.5,1776919499999,1999.78326100,436,2080.7,1232.41670100,0
1776919500000,0.5928,0.5946,0.5928,0.5935,30787.0,1776919679999,18263.58910200,419,29658.8,17593.89228200,0
1776919680000,0.5935,0.5945,0.5913,0.5931,3363.8,1776919859999,1993.72040200,378,0,0,0
1776919860000,0.5936,0.59658,0.5936,0.59658,13644923.5,1776920039999,8125781.91814600,811,13643978.1,8125219.16752600,0
1776920040000,0.59658,0.5975,0.5961,0.5964,3356023.6,1776920219999,2003178.49809600,655,3353973.6,2001954.78152800,0
1776920220000,0.5965,0.597,0.5957,0.596,3380.8,1776920399999,2016.15728700,394,0,0,0
1776920400000,0.596,0.5982,0.5955,0.5982,3261.9,1776920579999,1946.07067000,409,875.1,523.08855500,0
1776920580000,0.5981,0.60112,0.5955,0.60112,14123348.0,1776920759999,8473030.07208000,697,14119099.0,8470488.89894600,0
1776920760000,0.60112,0.6067,0.60112,0.6061,24014748.5,1776920939999,14523355.84059500,1246,24012055.1,14521723.98661600,0
1776920940000,0.6061,0.6071,0.60565,0.6065,624786.5,1776921119999,379195.48816300,457,621921.1,377457.71397800,0
1776921120000,0.6065,0.6065,0.6036,0.6036,4243.4,1776921299999,2567.40645700,465,0,0,0
1776921300000,0.6036,0.6039,0.60021,0.60021,13586574.0,1776921479999,8173109.12584800,671,134.7,80.87780500,0
1776921480000,0.60021,0.60146,0.5975,0.5975,694624.6,1776921659999,416866.96137400,450,455.7,273.78202500,0
1776921660000,0.5974,0.602,0.5967,0.601,5039800.6,1776921839999,3029930.06567600,592,4670977.8,2808436.44191400,0
1776921840000,0.601,0.601,0.5982,0.5982,1125092.5,1776922019999,674656.65123000,568,167889.6,100817.74496600,0
1776922020000,0.5982,0.5982,0.59502,0.59502,16923874.0,1776922199999,10097421.53409900,883,1262.6,752.16818700,0
1776922200000,0.595,0.5962,0.59427,0.5961,235087.4,1776922379999,140125.00664600,434,231890.3,138222.79409500,0
1776922380000,0.5961,0.59621,0.5934,0.59621,4668.6,1776922559999,2778.39234100,407,1332.8,794.62789500,0
1776922560000,0.59621,0.59648,0.5934,0.5934,3327.2,1776922739999,1981.57122900,491,567.4,338.34692900,0
1776922740000,0.5934,0.596,0.5932,0.5951,3308.8,1776922919999,1966.70217000,391,0,0,0
1776922920000,0.5951,0.59913,0.5949,0.5979,12580250.4,1776923099999,7520475.21586300,849,12579257.1,7519881.71841500,0
1776923100000,0.5979,0.59992,0.5964,0.59992,3770.0,1776923279999,2253.65196400,434,987.7,591.65605900,0
1776923280000,0.59992,0.59992,0.5959,0.596,3395.4,1776923459999,2027.65341300,428,17.6,10.55859200,0
1776923460000,0.596,0.60086,0.596,0.60086,8930277.4,1776923639999,5363652.77259900,567,8928092.4,5362345.21574900,0
1776923640000,0.60086,0.6011,0.599,0.6004,3142.7,1776923819999,1885.91644500,401,717.7,431.30512200,0
1776923820000,0.6004,0.60183,0.5987,0.5987,2146024.6,1776923999999,1290554.26992200,564,2143886.9,1289271.10780800,0
1776924000000,0.5987,0.602,0.5987,0.602,5775.8,1776924179999,3471.91082000,362,3011.8,1812.82142000,0
1776924180000,0.60213,0.6058,0.6011,0.60473,15561164.9,1776924359999,9393534.09424400,755,15560204.1,9392954.59990700,0
1776924360000,0.60473,0.60617,0.6031,0.6058,2266266.8,1776924539999,1373377.09632300,549,2263498.4,1371703.29126200,0
1776924540000,0.606,0.6065,0.6046,0.6063,788421.1,1776924719999,478050.24367300,464,785844.7,476490.11500500,0
1776924720000,0.6063,0.60861,0.60582,0.60861,7004239.8,1776924899999,4256146.94050700,822,6992759.7,4249165.65093800,0
1776924900000,0.60861,0.6113,0.60861,0.6113,11169221.1,1776925079999,6813251.09120100,946,11164921.2,6810632.12000700,0
1776925080000,0.6113,0.6123,0.6093,0.6093,3769974.7,1776925259999,2306177.12508300,552,3767308.7,2304550.46674400,0
1776925260000,0.6093,0.6126,0.6093,0.6113,617153.4,1776925439999,377954.82826900,435,614311.1,376217.86917300,0
1776925440000,0.6113,0.6129,0.6109,0.6117,3215.3,1776925619999,1968.48544700,384,1110.4,680.37218500,0
1776925620000,0.6111,0.61514,0.6108,0.61514,7072284.2,1776925799999,4346721.40290100,580,7069941.8,4345288.89612300,0
1776925800000,0.61514,0.61782,0.61473,0.61753,15979963.5,1776925979999,9847539.97045900,907,15976980.2,9845703.16111600,0
1776925980000,0.6175,0.6175,0.6135,0.6136,3783.7,1776926159999,2327.03222000,441,0,0,0
1776926160000,0.6136,0.6146,0.6107,0.614,12499276.9,1776926339999,7654198.76274400,723,1783.1,1090.79552900,0
1776926340000,0.614,0.61711,0.6107,0.6164,6424985.5,1776926519999,3954457.47991400,588,6423836.5,3953749.52369500,0
1776926520000,0.6168,0.6174,0.61604,0.61604,195497.5,1776926699999,120675.60774500,379,193001.7,119136.46543700,0
1776926700000,0.61604,0.6174,0.61347,0.6142,172517.2,1776926879999,105972.56435300,450,353.2,218.06568000,0
1776926880000,0.6141,0.6174,0.6136,0.617,3171.8,1776927059999,1951.93367000,369,138.5,85.50990000,0
1776927060000,0.617,0.6193,0.6158,0.6192,14552628.1,1776927239999,8997154.32539200,894,14551249.1,8996303.20291000,0
1776927240000,0.6192,0.6195,0.61568,0.6163,3351.5,1776927419999,2069.94013500,456,256.6,158.93144300,0
1776927420000,0.6165,0.6194,0.6162,0.6176,3312.1,1776927599999,2047.18505000,391,0,0,0
1776927600000,0.6176,0.6187,0.6162,0.6181,3251.6,1776927779999,2007.40763000,385,0,0,0
1776927780000,0.6182,0.6224,0.6182,0.6224,30628252.0,1776927959999,19020821.24925900,999,30626321.1,19019623.14772700,0
1776927960000,0.6224,0.6226,0.6208,0.6209,119733.7,1776928139999,74532.63591100,400,116003.8,72213.52094000,0
1776928140000,0.6209,0.622,0.61546,0.61547,16839239.6,1776928319999,10394533.59133700,768,762.6,469.47111000,0
1776928320000,0.6155,0.61555,0.614,0.6149,282737.6,1776928499999,173920.26115100,588,971.9,597.66744600,0
1776928500000,0.6149,0.61903,0.61238,0.6183,34536444.1,1776928679999,21283237.31174200,966,27027620.9,16679020.55606100,0
1776928680000,0.6183,0.6186,0.6166,0.6166,3391.2,1776928859999,2093.71383300,471,0,0,0
1776928860000,0.6166,0.617,0.6124,0.6125,10444603.2,1776929039999,6416013.00058200,662,482.9,295.76812200,0
1776929040000,0.6125,0.6182,0.6125,0.61799,1268446.9,1776929219999,782329.29473000,616,1267833.0,781950.10510600,0
1776929220000,0.61799,0.61977,0.61338,0.61338,31551909.4,1776929399999,19448002.24749100,955,9134040.0,5657770.19026600,0
1776929400000,0.61338,0.6147,0.61293,0.61447,2870035.5,1776929579999,1759729.19294600,528,2233.5,1371.39492400,0
1776929580000,0.6145,0.6154,0.6115,0.6118,8683833.6,1776929759999,5318171.65852700,750,1575.9,968.76458000,0
1776929760000,0.6118,0.6178,0.6118,0.6172,15628758.1,1776929939999,9628002.33736200,686,15498086.3,9547276.10667400,0
1776929940000,0.6171,0.61861,0.617,0.61861,21574.9,1776930119999,13332.01481600,436,20231.6,12502.74329600,0
1776930120000,0.6187,0.6244,0.6187,0.62412,19037540.8,1776930299999,11826778.95969800,730,19018809.2,11815093.79000400,0
1776930300000,0.62412,0.625,0.62338,0.62354,90404.2,1776930479999,56368.26359200,499,16330.3,10191.35110800,0
1776930480000,0.62354,0.6259,0.62338,0.6254,14119.4,1776930659999,8807.61375400,461,2712.5,1695.00419800,0
1776930660000,0.6254,0.6256,0.6215,0.6231,12243.5,1776930839999,7621.45061000,384,0,0,0
1776930840000,0.6231,0.626,0.6225,0.6242,228774.4,1776931019999,143186.03784800,427,225757.7,141304.27346900,0
1776931020000,0.6242,0.62622,0.6236,0.6241,1004627.3,1776931199999,628814.04092800,479,874342.7,547319.32075700,0
1776931200000,0.6243,0.6317,0.62389,0.62959,33338724.7,1776931379999,20945824.83062800,957,33019265.4,20745375.39024400,0
1776931380000,0.62959,0.6318,0.62868,0.6289,26928.7,1776931559999,16974.73656700,380,13790.6,8712.79477000,0
1776931560000,0.62875,0.6318,0.62699,0.6283,5411559.7,1776931739999,3396969.92397600,523,10060.6,6356.28708000,0
1776931740000,0.6283,0.6318,0.62699,0.6295,5357.6,1776931919999,3367.30423300,352,638.8,403.22496000,0
1776931920000,0.6295,0.6305,0.628,0.6293,2749.7,1776932099999,1729.73504000,330,8.1,5.10300000,0
1776932100000,0.6293,0.6295,0.62582,0.6268,8068533.6,1776932279999,5053702.99028600,517,1066.3,667.83713600,0
1776932280000,0.6268,0.63272,0.62582,0.6324,12312845.1,1776932459999,7770286.43665100,568,12311867.7,7769669.67827800,0
1776932460000,0.6323,0.63373,0.63191,0.63191,1473913.1,1776932639999,933198.10528800,526,1464331.4,927141.05810900,0
1776932640000,0.63191,0.6338,0.62945,0.6325,5072449.4,1776932819999,3195746.70245900,406,7753.0,4913.85140000,0
1776932820000,0.6325,0.6338,0.62945,0.62945,11112.0,1776932999999,7036.03987500,295,8600.0,5450.68000000,0
1776933000000,0.62945,0.6313,0.6279,0.6304,7917405.9,1776933179999,4976062.01694800,509,809.7,509.66759900,0
1776933180000,0.6304,0.6327,0.62789,0.6305,3310.9,1776933359999,2085.71414100,345,786.4,496.74202600,0
1776933360000,0.6307,0.6341,0.6307,0.6334,869035.6,1776933539999,550740.68785900,386,867537.1,549791.34858000,0
1776933540000,0.6334,0.6341,0.63185,0.6337,2408.2,1776933719999,1524.54743500,337,99.9,63.33681000,0
1776933720000,0.6337,0.6349,0.632,0.6349,3544555.3,1776933899999,2248682.00288900,473,3543427.4,2247967.76934200,0
1776933900000,0.6349,0.63585,0.6338,0.63585,514547.7,1776934079999,326692.20044400,343,513214.3,325846.49840900,0
1776934080000,0.63589,0.6365,0.6336,0.6339,18058.7,1776934259999,11469.93503000,281,8185.5,5210.00233800,0
1776934260000,0.6337,0.637,0.6336,0.6345,10422.7,1776934439999,6609.06627500,345,349.3,222.42280500,0
1776934440000,0.6346,0.6352,0.6324,0.6328,2765.9,1776934619999,1751.38898800,368,0,0,0
1776934620000,0.6328,0.635,0.63181,0.6341,2915720.8,1776934799999,1842596.03408300,549,802.1,507.73479900,0
1776934800000,0.6342,0.6372,0.6342,0.6361,1336491.3,1776934979999,851329.21272300,476,1334826.0,850270.13679100,0
1776934980000,0.6362,0.6372,0.6345,0.6352,62204.9,1776935159999,39630.89093900,391,53022.3,33785.74965900,0
1776935160000,0.6354,0.6373,0.6335,0.6373,3731.8,1776935339999,2372.93318100,382,1045.6,666.28696100,0
1776935340000,0.6373,0.6382,0.6333,0.6333,4240170.9,1776935519999,2703165.24047200,536,3888071.0,2480139.75666200,0
1776935520000,0.6333,0.6341,0.6307,0.6327,10278659.0,1776935699999,6499926.74311700,603,893.7,565.50831100,0
1776935700000,0.6327,0.636,0.6324,0.63573,6490352.3,1776935879999,4122273.26089000,685,6489539.1,4121758.08424500,0
1776935880000,0.63573,0.63858,0.63573,0.63745,6085692.0,1776936059999,3879024.98755600,696,6058091.6,3861406.66000400,0
1776936060000,0.6381,0.63858,0.6347,0.6347,536190.2,1776936239999,340436.02996400,446,41.0,26.18178000,0
1776936240000,0.6347,0.6356,0.63073,0.6356,22084038.2,1776936419999,13993604.94465900,915,5695678.4,3617539.14688200,0
1776936420000,0.6356,0.6363,0.6342,0.6342,3130808.1,1776936599999,1991032.76590400,477,3128430.9,1989522.85229800,0
1776936600000,0.6342,0.64052,0.6341,0.64052,32461768.0,1776936779999,20735445.08098700,944,32459750.0,20734161.89011600,0
1776936780000,0.64052,0.6421,0.64052,0.6421,5109613.6,1776936959999,3274855.96794200,615,5105707.3,3272352.62872900,0
1776936960000,0.6421,0.6433,0.6405,0.6425,41045.9,1776937139999,26340.25828300,447,16612.5,10686.15077400,0
1776937140000,0.6425,0.6433,0.6401,0.6416,4135.9,1776937319999,2652.43011100,377,853.9,549.20792000,0
1776937320000,0.6414,0.6433,0.6396,0.6396,5323.9,1776937499999,3412.15314900,391,829.7,533.74601000,0
1776937500000,0.6396,0.6405,0.6381,0.6382,7510.0,1776937679999,4801.26989700,406,0,0,0
1776937680000,0.6382,0.6392,0.63606,0.6392,9255792.0,1776937859999,5899552.82519500,683,6239.2,3976.50154000,0
1776937860000,0.6392,0.64213,0.63606,0.6418,2850803.7,1776938039999,1829061.10796300,526,2845724.4,1825824.21980400,0
1776938040000,0.6418,0.64214,0.6399,0.64,28097.2,1776938219999,18038.62568500,433,25327.8,16263.72593000,0
1776938220000,0.64,0.64306,0.6399,0.642,4528.6,1776938399999,2904.55460700,363,862.5,554.16833700,0
1776938400000,0.642,0.6431,0.6396,0.641,10391.1,1776938579999,6658.60361100,398,2110.5,1357.24057400,0
1776938580000,0.6396,0.6431,0.62678,0.6279,34925231.3,1776938759999,22164220.67479300,962,161184.8,101155.55187900,0
1776938760000,0.6279,0.6283,0.62191,0.6224,17394860.8,1776938939999,10861255.44053100,578,2398.0,1498.36874100,0
1776938940000,0.6224,0.6244,0.61769,0.6183,23466769.3,1776939119999,14546178.93049000,817,1162.2,722.14470500,0
1776939120000,0.6184,0.6208,0.61769,0.6207,6757.4,1776939299999,4184.95351000,375,2557.0,1586.28133100,0
1776939300000,0.62081,0.62322,0.61746,0.62322,26178324.2,1776939479999,16282247.76562300,953,25065780.8,15595210.31473200,0
1776939480000,0.62322,0.62329,0.61704,0.6178,6361052.4,1776939659999,3934551.51400800,622,1143316.8,712583.07169600,0
1776939660000,0.6178,0.62353,0.6178,0.62353,4212596.8,1776939839999,2621265.99015800,734,4170273.6,2594906.31398400,0
1776939840000,0.62353,0.62373,0.62099,0.62099,1551184.8,1776940019999,967349.95725100,576,1547320.2,964944.66985300,0
1776940020000,0.62099,0.623,0.6195,0.6195,6513.1,1776940199999,4043.27515000,493,0,0,0
1776940200000,0.6201,0.6209,0.61706,0.6209,15293805.6,1776940379999,9455521.81060400,796,2692.7,1669.14803200,0
1776940380000,0.6209,0.6238,0.6208,0.6232,1495414.9,1776940559999,931933.54019900,579,1493662.5,930843.20415600,0
1776940560000,0.6232,0.6283,0.62318,0.6283,21515837.8,1776940739999,13451806.71598800,1085,21490612.4,13436069.93944200,0
1776940740000,0.6283,0.6283,0.6264,0.6274,3130.4,1776940919999,1963.60666400,412,33.6,21.11088000,0
1776940920000,0.6274,0.6298,0.6272,0.6298,2938248.6,1776941099999,1848332.69586200,582,2920770.0,1837335.54300200,0
1776941100000,0.6298,0.6305,0.6289,0.6305,3606818.0,1776941279999,2272433.28764300,625,3604966.2,2271267.90676200,0
1776941280000,0.63045,0.6306,0.62898,0.6293,247576.5,1776941459999,156091.25131100,495,236864.5,149344.22756300,0
1776941460000,0.6293,0.63061,0.62887,0.6289,12819.0,1776941639999,8080.74035800,417,9957.1,6279.04190300,0
1776941640000,0.6289,0.63179,0.6289,0.63179,3644.4,1776941819999,2299.69111900,439,2743.8,1731.78554900,0
1776941820000,0.63179,0.6357,0.63179,0.635,16958106.6,1776941999999,10748938.90569700,688,16955957.5,10747574.42027700,0
1776942000000,0.635,0.6361,0.63223,0.6328,1315764.7,1776942179999,836619.66670000,612,1306269.2,830592.68174600,0
1776942180000,0.6328,0.6361,0.6321,0.633,10350.0,1776942359999,6573.07115000,393,7152.8,4549.89608000,0
1776942360000,0.633,0.6362,0.6326,0.6344,3015.2,1776942539999,1914.05409000,360,155.7,99.04182000,0
1776942540000,0.6341,0.6355,0.6317,0.6354,3713.7,1776942719999,2350.91156000,366,0,0,0
1776942720000,0.6356,0.653,0.6349,0.653,40741498.2,1776942899999,26054964.06524500,911,40721053.6,26041837.88322100,0
1776942900000,0.653,0.661,0.6527,0.661,30422412.2,1776943079999,20001108.39644000,968,30351445.0,19954463.06849000,0
1776943080000,0.661,0.661,0.651,0.65336,28755343.7,1776943259999,18799092.45048500,870,7313.2,4806.60613200,0
1776943260000,0.65336,0.66117,0.6532,0.66117,5386887.4,1776943439999,3529911.59365400,623,5385651.7,3529097.44177600,0
1776943440000,0.66117,0.66265,0.6598,0.66265,2581091.0,1776943619999,1709716.45803200,712,2579174.7,1708449.57667700,0
1776943620000,0.66265,0.66561,0.66265,0.6644,25216232.3,1776943799999,16744121.87172900,957,25172137.8,16714808.06658500,0
1776943800000,0.6644,0.6676,0.6644,0.6676,8816.3,1776943979999,5870.76920200,387,5946.9,3963.09682200,0
1776943980000,0.6676,0.6727,0.6676,0.6727,21568861.6,1776944159999,14451326.65492800,736,21550643.8,14439101.91523900,0
1776944160000,0.6727,0.6775,0.6712,0.6733,29638274.4,1776944339999,20015559.02713700,941,27647521.6,18669625.07405400,0
1776944340000,0.6733,0.6775,0.6725,0.67595,134062.3,1776944519999,90812.30900600,422,129286.6,87591.67150000,0
1776944520000,0.67595,0.6775,0.6595,0.66609,63108175.9,1776944699999,42025797.26939300,1470,11734165.0,7793325.88172800,0
1776944700000,0.66609,0.67456,0.6653,0.67456,17975559.2,1776944879999,12069883.77702700,879,17764420.1,11929238.85102500,0
1776944880000,0.67456,0.6759,0.67308,0.6748,3365972.0,1776945059999,2271797.71536300,600,3363679.8,2270252.59861300,0
1776945060000,0.6748,0.68012,0.67308,0.68012,25883269.1,1776945239999,17551421.95926900,966,25820433.5,17508773.72640300,0
1776945240000,0.68012,0.68385,0.68012,0.68293,13408820.6,1776945419999,9141801.57794600,1020,13360821.1,9109026.51476300,0
1776945420000,0.68293,0.68378,0.6803,0.681,34130.8,1776945599999,23289.63866200,423,6229.0,4259.26562000,0
1776945600000,0.6803,0.68434,0.6793,0.6811,82934.5,1776945779999,56731.47845500,443,77544.1,53065.30680000,0
1776945780000,0.6811,0.68578,0.6811,0.68578,6884540.6,1776945959999,4715955.31264300,697,6881787.8,4714071.69695500,0
1776945960000,0.68578,0.68612,0.6773,0.6843,14751616.4,1776946139999,10047846.94783200,730,163129.6,111401.50357100,0
1776946140000,0.6843,0.68612,0.67641,0.67641,14650405.8,1776946319999,9951581.62412200,703,1911.1,1310.94775400,0
1776946320000,0.67641,0.67852,0.67309,0.6775,19096081.5,1776946499999,12897298.02647800,1047,3545564.1,2402599.95366900,0
1776946500000,0.6775,0.6827,0.6773,0.6827,10980667.1,1776946679999,7469871.18163600,754,10970222.1,7462778.12080900,0
1776946680000,0.6827,0.68434,0.66694,0.6696,60257666.2,1776946859999,40686802.37659000,1292,2559636.0,1747795.80724600,0
1776946860000,0.6698,0.6779,0.6691,0.6732,15410584.4,1776947039999,10385810.33020800,971,8556568.8,5759100.42019900,0
1776947040000,0.6732,0.6732,0.6653,0.67177,35296164.6,1776947219999,23654117.17180800,885,12952963.2,8682807.85880400,0
1776947220000,0.67177,0.6729,0.66656,0.66656,15006837.4,1776947399999,10047496.58766500,961,1209679.6,813135.68446700,0
1776947400000,0.66656,0.66787,0.664,0.6646,4123631.2,1776947579999,2742934.14100800,618,49886.5,33236.16777100,0
1776947580000,0.6648,0.6675,0.66043,0.66293,15885610.7,1776947759999,10518692.70956700,778,23725.7,15680.17530200,0
1776947760000,0.66293,0.6669,0.6611,0.6626,6341944.4,1776947939999,4220236.97426800,645,6340021.4,4218959.46845000,0
1776947940000,0.6626,0.6648,0.66178,0.6627,2931948.1,1776948119999,1941143.85302900,552,533.5,353.60831000,0
1776948120000,0.6627,0.6628,0.6578,0.6578,17720035.7,1776948299999,11699151.64369300,793,837.0,552.05633400,0
1776948300000,0.6578,0.6611,0.6578,0.6611,7614.8,1776948479999,5014.02248500,415,2214.5,1461.20781500,0
1776948480000,0.6611,0.66323,0.65594,0.65596,16253120.9,1776948659999,10725868.64451200,942,8338301.4,5525363.32571100,0
1776948660000,0.65596,0.6624,0.65536,0.6624,14548224.7,1776948839999,9577334.96108700,908,9016537.6,5950402.39245900,0
1776948840000,0.6624,0.66749,0.66237,0.66749,14729836.7,1776949019999,9810282.84881500,949,14607528.3,9728927.02520000,0
1776949020000,0.66749,0.66807,0.66249,0.66249,18577742.9,1776949199999,12364280.77807700,850,6741787.2,4501558.75550800,0
1776949200000,0.66249,0.66393,0.65435,0.66393,35881382.7,1776949379999,23674690.51705700,1205,8612805.9,5702894.89097500,0
1776949380000,0.66393,0.66393,0.6574,0.6601,10109895.7,1776949559999,6662640.14317300,622,91699.1,60874.30041700,0
1776949560000,0.6601,0.66179,0.6574,0.66179,2310333.4,1776949739999,1528649.13644000,503,2306017.4,1525806.07123000,0
1776949740000,0.66179,0.6714,0.66179,0.66441,45784591.3,1776949919999,30453450.13729000,1330,34379512.9,22860732.22312300,0
1776949920000,0.66441,0.66447,0.65774,0.6593,23219041.0,1776950099999,15334509.65480400,1155,35650.7,23594.89010000,0
1776950100000,0.65966,0.661,0.65504,0.6568,14862612.5,1776950279999,9756981.43206100,753,955.0,628.78551500,0
1776950280000,0.6557,0.6563,0.6538,0.6538,6001508.6,1776950459999,3928247.79063800,766,8324.1,5448.40316500,0
1776950460000,0.6538,0.6545,0.64927,0.64967,9258943.6,1776950639999,6020478.87897100,862,767496.0,501286.85895600,0
1776950640000,0.64967,0.65361,0.64681,0.64681,12651461.5,1776950819999,8201819.05758300,768,742685.0,484305.55539400,0
1776950820000,0.64681,0.6505,0.63893,0.65032,24682056.6,1776950999999,15885002.84935900,850,5696786.5,3677955.87002400,0
1776951000000,0.65032,0.6546,0.649,0.6546,21137860.5,1776951179999,13791894.32048700,887,21118250.7,13779138.94340700,0
1776951180000,0.6546,0.65691,0.65441,0.6547,4585791.3,1776951359999,3006833.22283000,623,4582947.4,3004970.66204300,0
1776951360000,0.65691,0.65888,0.6539,0.65888,4846689.5,1776951539999,3189795.64276800,503,4835510.2,3182476.66985100,0
1776951540000,0.65888,0.6629,0.65876,0.6629,23533152.7,1776951719999,15530646.39603400,896,23513687.1,15517813.87568500,0
1776951720000,0.6629,0.66852,0.6618,0.66852,26760602.2,1776951899999,17822515.87055300,904,26732814.3,17803950.13211400,0
1776951900000,0.66852,0.6825,0.66852,0.67702,52756526.4,1776952079999,35543200.06375500,1064,50610995.4,34089552.91170600,0
1776952080000,0.67702,0.6786,0.67467,0.6779,12285255.5,1776952259999,8308449.50156400,695,6698911.2,4531968.57976500,0
1776952260000,0.6779,0.6823,0.67716,0.6807,17111789.5,1776952439999,11646724.34145400,687,17097797.8,11637236.74481700,0
1776952440000,0.6815,0.6823,0.6722,0.6731,24936553.0,1776952619999,16836363.23422600,937,15872.6,10695.24708700,0
1776952620000,0.67309,0.68231,0.6721,0.682,5519448.1,1776952799999,3736895.22899800,506,5185164.3,3512196.75789200,0
1776952800000,0.68231,0.6827,0.67572,0.6768,4443646.1,1776952979999,3009915.89722700,401,1154.1,785.18887500,0
1776952980000,0.6768,0.697,0.67643,0.69673,64322629.3,1776953159999,44227845.92237600,1224,64260491.8,44184883.32353200,0
1776953160000,0.69673,0.69673,0.6849,0.685,10859480.6,1776953339999,7482415.47287000,624,616958.8,425924.10765200,0
1776953340000,0.685,0.69535,0.685,0.69535,9730803.2,1776953519999,6742305.36797000,694,9723129.1,6736974.14136800,0
1776953520000,0.6954,0.70101,0.6946,0.6999,21312541.1,1776953699999,14884522.34477100,669,21298168.4,14874503.28672300,0
1776953700000,0.69979,0.70107,0.6928,0.70104,12045986.8,1776953879999,8373502.50500300,710,747702.3,522195.27993700,0
1776953880000,0.70104,0.70107,0.7009,0.7009,1379357.7,1776954059999,966879.94986300,277,42753.0,29972.84571000,0
1776954060000,0.7009,0.7021,0.7009,0.7013,33625.8,1776954239999,23575.97836000,284,32285.6,22636.42678000,0
1776954240000,0.7021,0.70741,0.7009,0.70688,13004570.9,1776954419999,9180155.62180700,696,12889310.5,9099366.98613800,0
1776954420000,0.70688,0.70779,0.6989,0.6989,15484813.7,1776954599999,10863674.16002200,751,2167915.3,1533871.71734700,0
1776954600000,0.6989,0.6991,0.68673,0.69143,43558994.2,1776954779999,30215072.73077300,926,1722278.0,1193305.87361800,0
1776954780000,0.69143,0.70011,0.68568,0.6975,18362247.9,1776954959999,12687202.68070000,816,10840702.9,7514535.24793800,0
1776954960000,0.6975,0.70713,0.6962,0.707,27820060.9,1776955139999,19560141.97876000,819,27818763.0,19559233.90290300,0
1776955140000,0.707,0.71406,0.707,0.7127,30318285.7,1776955319999,21545956.33123700,731,30306788.5,21537807.92043000,0
1776955320000,0.7124,0.71431,0.7104,0.71431,3390380.3,1776955499999,2421226.86414500,449,3245509.3,2317889.69148000,0
1776955500000,0.71431,0.7151,0.71282,0.71333,5922890.4,1776955679999,4233213.54488900,559,5890106.6,4209800.09598500,0
1776955680000,0.71333,0.7151,0.70789,0.7079,12823078.5,1776955859999,9093380.85030100,676,4371.8,3120.76692200,0
1776955860000,0.70789,0.70789,0.7044,0.7044,8236287.5,1776956039999,5818095.70942600,690,37780.4,26684.14547500,0
1776956040000,0.7044,0.7044,0.69923,0.70142,16751723.4,1776956219999,11755581.00087200,553,1791.5,1256.17447100,0
1776956220000,0.7013,0.70185,0.6992,0.6992,65482.3,1776956399999,45889.93014600,345,42505.5,29822.69955800,0
1776956400000,0.6998,0.70185,0.69241,0.69887,25435368.3,1776956579999,17724241.21976700,727,3167692.7,2208386.39404500,0
1776956580000,0.69887,0.70124,0.69883,0.6996,1760726.3,1776956759999,1232655.35535400,519,1668733.6,1168339.36715200,0
1776956760000,0.69944,0.70124,0.69581,0.70124,7354496.4,1776956939999,5122040.02495200,472,644.4,451.87905600,0
1776956940000,0.70124,0.7013,0.69364,0.69364,8404531.7,1776957119999,5844614.87226400,658,195942.3,137403.61265100,0
1776957120000,0.69364,0.69864,0.69358,0.6977,379988.3,1776957299999,263563.34833900,341,2625.6,1827.89216500,0
1776957300000,0.6978,0.69979,0.6963,0.69979,5575299.9,1776957479999,3899394.22106900,449,5507062.9,3851866.68222600,0
1776957480000,0.69979,0.70084,0.69341,0.6951,14987303.8,1776957659999,10457670.74148300,758,8278661.1,5796728.38185500,0
1776957660000,0.6952,0.70084,0.6949,0.696,1217142.4,1776957839999,848702.90577000,505,1212406.4,845394.89332700,0
1776957840000,0.70084,0.70084,0.6946,0.6975,814013.0,1776958019999,566665.50489600,487,517745.3,360779.16759300,0
1776958020000,0.6975,0.70259,0.69619,0.69931,17187957.5,1776958199999,12057646.38209700,914,15638431.2,10972443.30840100,0
1776958200000,0.6991,0.7054,0.69886,0.7033,8673716.5,1776958379999,6095650.19253300,731,8291288.1,5828264.80774700,0
1776958380000,0.7033,0.7056,0.69991,0.7011,10997785.5,1776958559999,7707618.63518400,708,6679405.7,4679230.88662200,0
1776958560000,0.7011,0.70135,0.69026,0.6909,22211177.3,1776958739999,15478704.78451400,1030,1475056.3,1029819.38158600,0
1776958740000,0.6909,0.69221,0.68281,0.6834,31847657.9,1776958919999,21855455.67677900,785,1685.5,1156.48832700,0
1776958920000,0.6834,0.68391,0.6674,0.67433,55754145.8,1776959099999,37623463.83089300,1183,2297306.4,1540781.66742700,0
1776959100000,0.67433,0.6761,0.66712,0.673,17896644.7,1776959279999,12033889.49501600,772,6892915.7,4632401.89617200,0
1776959280000,0.673,0.67803,0.66459,0.67327,25319404.9,1776959459999,16998187.44064600,973,13164146.6,8900495.05078200,0
1776959460000,0.67327,0.6737,0.6622,0.6629,37740298.2,1776959639999,25187389.31897700,1305,5705.0,3800.71821000,0
1776959640000,0.66296,0.6776,0.66296,0.67187,38634438.9,1776959819999,26011217.81527800,1229,31183705.5,20994909.32544800,0
1776959820000,0.67187,0.6731,0.6697,0.6731,13284496.7,1776959999999,8922709.40551300,801,5262383.4,3539914.41876100,0
1776960000000,0.6731,0.67634,0.6719,0.6721,15005816.2,1776960179999,10127684.05231500,645,15003693.4,10126253.37468700,0
1776960180000,0.6721,0.6728,0.66956,0.66956,1597251.5,1776960359999,1071173.99281200,602,2083.0,1397.48718800,0
1776960360000,0.6705,0.67748,0.66956,0.6705,39867402.5,1776960539999,26889516.81866700,1122,29144765.4,19652307.01453300,0
1776960540000,0.67056,0.6834,0.6705,0.68245,72357728.3,1776960719999,48964258.46283700,1285,60438704.4,40891549.45511600,0
1776960720000,0.68245,0.6834,0.67624,0.68022,23043578.0,1776960899999,15632011.26651500,976,8145028.6,5527501.48687400,0
1776960900000,0.68022,0.6834,0.672,0.6788,41378879.7,1776961079999,28046620.90178100,931,20187206.2,13664501.80793900,0
1776961080000,0.6788,0.6834,0.672,0.6803,48591043.8,1776961259999,32981851.14027600,1151,28234119.9,19175743.11642700,0
1776961260000,0.68069,0.6834,0.672,0.6803,36767252.3,1776961439999,24965066.47694400,993,13906935.2,9453184.58896500,0
1776961440000,0.67934,0.6834,0.672,0.6778,62109139.2,1776961619999,42106465.23546300,1245,22964486.2,15554503.92454900,0
1776961620000,0.67783,0.6834,0.67184,0.672,57480287.1,1776961799999,38955264.86184800,1355,17422917.1,11780232.56732500,0
1776961800000,0.672,0.6834,0.6621,0.6621,116681661.3,1776961979999,78965014.75320900,1534,32254276.5,21796506.77525400,0
1776961980000,0.66284,0.6834,0.6621,0.6663,94469809.8,1776962159999,63717855.97747300,1435,47902988.2,32231704.36530900,0
1776962160000,0.6742,0.6834,0.665,0.66649,63823240.4,1776962339999,42765155.12786900,1160,33321390.4,22240870.10952700,0
1776962340000,0.66649,0.6706,0.6659,0.67,14185737.2,1776962519999,9464067.78558800,850,8206393.3,5468881.86688400,0
1776962520000,0.6693,0.6708,0.6689,0.6704,4103.1,1776962699999,2749.70694500,403,966.9,648.55176000,0
1776962700000,0.6704,0.6708,0.6689,0.66892,81785.3,1776962879999,54728.08385200,379,200.5,134.49540000,0
1776962880000,0.6693,0.6708,0.6689,0.6704,46341.5,1776963059999,31002.26440400,486,2295.0,1537.51395700,0
1776963060000,0.6693,0.6707,0.6689,0.66957,4755.3,1776963239999,3185.31277600,441,1625.2,1089.80557000,0
1776963240000,0.66957,0.6704,0.6689,0.66894,16947.2,1776963419999,11342.99432800,453,6805.8,4557.52970300,0
1776963420000,0.66894,0.66894,0.6574,0.6689,26438501.9,1776963599999,17632643.69690300,842,799231.9,526121.90585800,0
1776963600000,0.6689,0.66918,0.6574,0.6589,53041873.5,1776963779999,35292247.02947000,841,14250431.5,9417694.19837800,0
1776963780000,0.6576,0.6594,0.65759,0.6594,1615983.7,1776963959999,1064160.42320700,545,815801.1,537347.15230400,0
1776963960000,0.65814,0.6594,0.6576,0.6589,2413223.8,1776964139999,1588035.74102900,431,391369.7,257885.51399400,0
1776964140000,0.6576,0.6594,0.6519,0.65889,21537754.5,1776964319999,14173990.80054300,784,3190093.4,2096301.83703100,0
1776964320000,0.6589,0.6594,0.6519,0.65801,42833970.4,1776964499999,28159583.72072700,1038,10054122.4,6593933.46260900,0
1776964500000,0.65801,0.6594,0.6519,0.65556,50535301.1,1776964679999,33251938.67112200,989,3453153.2,2267771.49296000,0
1776964680000,0.65252,0.6594,0.6519,0.6519,45267640.5,1776964859999,29755751.89887000,974,5688029.1,3729147.26275800,0
1776964860000,0.65192,0.6594,0.6519,0.65864,37601369.2,1776965039999,24744157.80443300,927,7004938.2,4605164.22700800,0
1776965040000,0.65932,0.6649,0.6519,0.6648,72410390.1,1776965219999,47648991.83220300,1441,15197728.9,9954715.23819600,0
1776965220000,0.66345,0.66571,0.6519,0.6619,38610530.3,1776965399999,25430733.20356100,846,18375630.1,12086855.53483700,0
1776965400000,0.66571,0.6668,0.6519,0.6668,37842495.4,1776965579999,25115693.93027500,1059,6678790.7,4448171.84345200,0
1776965580000,0.66619,0.6674,0.6519,0.667,25529817.8,1776965759999,16951707.50751700,731,3507296.5,2317390.64161000,0
1776965760000,0.6661,0.6674,0.6642,0.6674,341541.4,1776965939999,227002.75301400,400,14398.2,9606.11824600,0
1776965940000,0.6661,0.6674,0.6642,0.66727,14089286.8,1776966119999,9380419.14434400,572,10048482.2,6694232.12334700,0
1776966120000,0.66593,0.66727,0.66464,0.6649,6819818.0,1776966299999,4541977.14904600,508,5485338.2,3654802.26589200,0
1776966300000,0.6661,0.66727,0.66463,0.66463,2966680.8,1776966479999,1973841.69697600,506,456724.6,304679.02614800,0
1776966480000,0.6649,0.66727,0.66445,0.66722,1727700.7,1776966659999,1148173.60882800,398,2011.9,1340.43982500,0
1776966660000,0.6668,0.66764,0.66423,0.6666,8529645.5,1776966839999,5688592.28044400,777,8003095.8,5338669.91560200,0
1776966840000,0.666,0.6688,0.666,0.6666,565043.2,1776967019999,377536.13465800,366,559333.7,373732.17548600,0
1776967020000,0.6688,0.6688,0.666,0.666,77172.0,1776967199999,51490.57727500,393,22251.4,14880.67236000,0
1776967200000,0.667,0.667,0.66474,0.6669,5482366.7,1776967379999,3647276.51119400,530,149291.8,99398.60656000,0
1776967380000,0.665,0.66731,0.66472,0.66731,9365387.2,1776967559999,6236951.53162100,738,5778183.7,3850516.37130500,0
1776967560000,0.66659,0.6687,0.66513,0.6666,287069.9,1776967739999,191604.93644000,393,284910.7,190165.25633600,0
1776967740000,0.667,0.6687,0.66491,0.6666,4225.1,1776967919999,2820.73585100,361,2100.4,1404.46693000,0
1776967920000,0.667,0.6687,0.6647,0.667,12733979.7,1776968099999,8492563.43511700,587,12358926.7,8242685.94741000,0
1776968100000,0.66785,0.66881,0.66662,0.66662,3153213.0,1776968279999,2105426.84496400,729,1519084.6,1015797.88761600,0
1776968280000,0.66662,0.66922,0.6626,0.6663,35237871.2,1776968459999,23496472.85064600,960,9323174.6,6207488.87490000,0
1776968460000,0.6686,0.6687,0.6586,0.66,47485633.2,1776968639999,31538030.89957300,1016,11299358.5,7464458.48629400,0
1776968640000,0.66012,0.6687,0.6586,0.66413,29952155.1,1776968819999,19872379.24865500,727,10614989.8,7007180.79188800,0
1776968820000,0.66413,0.6651,0.6586,0.6649,27727136.3,1776968999999,18358740.72362500,969,6987448.6,4613467.41267800,0
1776969000000,0.6649,0.6651,0.6586,0.6651,30606883.3,1776969179999,20321303.00598500,763,496617.9,328571.82740100,0
1776969180000,0.6649,0.6738,0.6586,0.66491,90009723.1,1776969359999,59870095.79720400,1581,72894468.5,48496020.52379900,0
1776969360000,0.6649,0.6738,0.6586,0.6649,90848212.3,1776969539999,60539964.99549900,1577,46797089.0,31134175.28836300,0
1776969540000,0.66491,0.6738,0.6586,0.6651,56701836.8,1776969719999,37694184.79499000,1065,27993237.6,18612918.72727200,0
1776969720000,0.6651,0.6738,0.6586,0.6588,72441474.6,1776969899999,48234198.28216100,1337,38734157.0,25774769.89534300,0
1776969900000,0.6586,0.6738,0.6371,0.66466,112515663.3,1776970079999,74719270.71481900,1768,48434237.4,32168139.11004200,0
1776970080000,0.6651,0.6738,0.6371,0.6602,116849113.7,1776970259999,76979188.72354300,1914,57653341.5,37842775.72695300,0
1776970260000,0.65654,0.6738,0.6371,0.66711,126530254.4,1776970439999,83116947.33695000,1868,57859983.9,37825525.78547800,0
1776970440000,0.67374,0.6738,0.6371,0.66021,138511041.9,1776970619999,91419403.46687100,1788,51768724.4,33933060.32491900,0
1776970620000,0.66004,0.66021,0.6371,0.6602,84164106.4,1776970799999,55310812.49191400,1295,2117375.5,1359441.59077500,0
1776970800000,0.65597,0.6602,0.6371,0.65802,85188826.3,1776970979999,55770262.60698300,1441,12824996.9,8286467.18822800,0
1776970980000,0.65802,0.6602,0.6371,0.6602,81457471.8,1776971159999,53279158.97783500,1397,15360556.1,9928157.39889700,0
1776971160000,0.6602,0.6602,0.6371,0.65578,81801417.7,1776971339999,53623988.49314700,1595,14302950.6,9288195.64640200,0
1776971340000,0.65636,0.6602,0.6371,0.66019,68993412.9,1776971519999,45124761.50007800,1415,13135746.4,8465070.88360600,0
1776971520000,0.6602,0.6602,0.6518,0.6518,54423512.1,1776971699999,35818047.76121600,1038,16555524.0,10879915.63033500,0
1776971700000,0.65188,0.6587,0.62591,0.62623,130300718.7,1776971879999,83265627.86194800,1757,47859946.1,30618081.22766600,0
1776971880000,0.6263,0.6587,0.62498,0.63141,97677140.5,1776972059999,62287263.11720800,1512,63831263.8,40305261.39530700,0
1776972060000,0.6313,0.6587,0.6313,0.63185,44384994.8,1776972239999,28148637.59922800,873,42604870.7,26997967.66395100,0
1776972240000,0.63133,0.6403,0.6313,0.6331,55367734.7,1776972419999,35101351.72836100,1141,37855228.8,23973666.64595600,0
1776972420000,0.6331,0.6512,0.6313,0.6449,136706300.5,1776972599999,87270931.66397200,1937,102846937.4,65418379.40800700,0
1776972600000,0.6449,0.6464,0.6313,0.64353,74536654.9,1776972779999,47397870.30542200,1163,61833166.8,39226170.45532300,0
1776972780000,0.64283,0.64567,0.6313,0.64514,39227778.5,1776972959999,25135823.89500600,1035,17852886.8,11396014.43695700,0
1776972960000,0.6454,0.64838,0.6313,0.64611,99347329.8,1776973139999,63524644.24317400,1502,69624302.3,44360833.49041300,0
1776973140000,0.6466,0.6553,0.6313,0.65103,30540846.6,1776973319999,19568860.86075300,851,25813419.2,16520827.99161500,0
1776973320000,0.65103,0.6511,0.64433,0.64433,9263712.6,1776973499999,6012812.98205500,701,479.6,311.23239400,0
1776973500000,0.64433,0.6466,0.64422,0.6446,550244.2,1776973679999,354528.35421800,444,2341.1,1511.07198300,0
1776973680000,0.6466,0.65103,0.64422,0.6466,25633906.3,1776973859999,16646550.11637500,944,25630126.2,16644102.00047100,0
1776973860000,0.65103,0.6546,0.6446,0.6546,96492863.1,1776974039999,62642169.55329500,1494,66328458.2,42986111.41647800,0
1776974040000,0.6466,0.65695,0.6466,0.6546,88784782.5,1776974219999,57793716.50970800,1449,66055747.1,42934087.19271200,0
1776974220000,0.64664,0.65829,0.6466,0.65829,79440764.8,1776974399999,51620118.70847800,1183,71353666.5,46335696.66772400,0
1776974400000,0.65829,0.66288,0.6466,0.6546,102988279.6,1776974579999,67269555.04182600,1387,83179872.6,54267420.63356500,0
1776974580000,0.65466,0.66489,0.6466,0.64665,114375026.6,1776974759999,74749997.49385500,1514,94494162.0,61717255.07456100,0
1776974760000,0.6466,0.66505,0.6466,0.64685,112235968.6,1776974939999,73147220.69217600,1345,89601789.1,58277626.74453000,0
1776974940000,0.6466,0.6647,0.6466,0.66313,101126487.3,1776975119999,65873552.29401900,1326,91917615.4,59820562.15645400,0
1776975120000,0.66313,0.6647,0.6546,0.66336,71955119.7,1776975299999,47628336.87062100,1120,13806906.3,9099688.90559000,0
1776975300000,0.6633,0.6647,0.6546,0.6598,44569073.7,1776975479999,29511796.46754100,1045,5935331.6,3926539.18054200,0
1776975480000,0.6597,0.6647,0.65894,0.66286,9861418.7,1776975659999,6519209.82212000,716,7903946.6,5222990.40482700,0
1776975660000,0.66274,0.6647,0.65771,0.6647,57804481.7,1776975839999,38281636.77225800,1371,3631792.3,2405811.47486300,0
1776975840000,0.65771,0.6647,0.657,0.6587,24366545.6,1776976019999,16104795.77237600,917,7685769.4,5073349.51594400,0
1776976020000,0.6596,0.6671,0.6587,0.6596,36262145.6,1776976199999,24030123.88969000,1089,17350792.2,11483957.96965000,0
1776976200000,0.6597,0.6663,0.6596,0.6642,44836582.1,1776976379999,29644604.81735500,844,28663386.5,18925517.33699300,0
1776976380000,0.66419,0.6647,0.6587,0.6587,24110942.1,1776976559999,15924589.83736400,1082,7809327.6,5156615.97268200,0
1776976560000,0.6587,0.6647,0.6587,0.66167,5968592.3,1776976739999,3948743.24824600,567,4092709.3,2704262.96813300,0
1776976740000,0.6596,0.6626,0.6596,0.6626,5012717.6,1776976919999,3319369.61303600,526,4967486.4,3289528.59119700,0
1776976920000,0.6619,0.6638,0.66103,0.6627,5899978.7,1776977099999,3911777.16390000,559,5898661.6,3910903.83875000,0
1776977100000,0.6627,0.66577,0.6626,0.66371,3014421.1,1776977279999,2004348.53468200,639,3012847.3,2003303.48933200,0
1776977280000,0.66371,0.6658,0.66258,0.6643,3137.4,1776977459999,2084.01096900,394,33.0,21.97115100,0
1776977460000,0.664,0.6643,0.65979,0.6613,5788815.9,1776977639999,3823420.61325400,628,1537.4,1015.29334000,0
1776977640000,0.6613,0.6628,0.65964,0.6623,982643.2,1776977819999,648277.08482300,465,797.6,527.86093800,0
1776977820000,0.6627,0.66748,0.6623,0.667,9274691.9,1776977999999,6177584.13316100,827,9273272.7,6176639.42666200,0
1776978000000,0.667,0.66771,0.6641,0.6641,293920.2,1776978179999,196218.86848600,515,290197.7,193739.36673900,0
1776978180000,0.6641,0.6729,0.6637,0.6729,13978326.4,1776978359999,9347969.88589300,723,13976006.7,9346426.31706000,0
1776978360000,0.6729,0.6758,0.6641,0.6744,24391219.0,1776978539999,16364698.40000900,848,12380640.8,8302797.64247400,0
1776978540000,0.6743,0.6789,0.6733,0.6789,8604530.9,1776978719999,5828310.66088900,720,8572110.9,5806474.51045000,0
1776978720000,0.6786,0.6824,0.6745,0.6821,38089555.2,1776978899999,25837170.51335000,1004,23325383.2,15804552.30502900,0
1776978900000,0.68203,0.68681,0.6745,0.6824,69362537.8,1776979079999,47196600.39441800,1418,40657956.9,27631628.16943300,0
1776979080000,0.6824,0.68882,0.6745,0.6745,97145220.0,1776979259999,66032355.01444400,1484,77325173.1,52491867.85103800,0
1776979260000,0.67452,0.69394,0.6745,0.69394,79574013.8,1776979439999,54531769.06368300,1564,47270920.1,32441170.55944300,0
1776979440000,0.69394,0.69394,0.6745,0.68248,107485472.3,1776979619999,73356724.57465900,1441,60377417.0,41221850.90234700,0
1776979620000,0.6824,0.69144,0.6745,0.67483,128257926.8,1776979799999,87362414.72461400,1672,103021780.6,70129840.76233600,0
1776979800000,0.6745,0.7207,0.6745,0.68082,184654155.2,1776979979999,128226247.75846900,2198,136103933.2,94295874.18613200,0
1776979980000,0.7207,0.7219,0.6745,0.70848,110604048.6,1776980159999,77414037.18985600,1587,50730736.2,35047688.77497000,0
1776980160000,0.70851,0.7171,0.70633,0.70771,60662375.0,1776980339999,43151666.11433000,1114,31534421.2,22383156.79251500,0
1776980340000,0.70771,0.7171,0.7075,0.717,22011556.4,1776980519999,15697430.97447300,810,13835917.7,9855443.45181100,0
1776980520000,0.71694,0.7171,0.70838,0.7171,38439723.1,1776980699999,27451167.49148100,995,11479122.7,8180699.47458100,0
1776980700000,0.71703,0.7171,0.70561,0.71241,36469546.3,1776980879999,25969737.69105400,1112,6975306.2,4970887.75499300,0
1776980880000,0.71239,0.7171,0.70496,0.7171,63804793.4,1776981059999,45401777.10046900,1261,14282304.3,10139618.85698300,0
1776981060000,0.71641,0.7171,0.7045,0.71148,64004120.3,1776981239999,45592479.04163700,1384,11641503.9,8288826.61353100,0
1776981240000,0.7112,0.7171,0.70169,0.7124,58718525.0,1776981419999,41848429.43101700,1145,6574061.2,4681571.09152700,0
1776981420000,0.7112,0.7171,0.69601,0.6967,69670831.5,1776981599999,49510547.47043100,1245,9169851.2,6514707.44940500,0
1776981600000,0.6967,0.6992,0.6946,0.6966,557377.9,1776981779999,387913.84107300,478,8912.3,6215.18343400,0
1776981780000,0.6966,0.6993,0.6945,0.69785,330998.2,1776981959999,231430.04106500,419,328947.6,229999.50266000,0
1776981960000,0.698,0.69981,0.69544,0.6982,10434455.7,1776982139999,7278677.69787300,705,3508786.2,2454608.25781900,0
1776982140000,0.698,0.69982,0.6974,0.698,237458.7,1776982319999,166172.44413600,519,235009.0,164462.01727000,0
1776982320000,0.698,0.6982,0.69349,0.6944,12351065.4,1776982499999,8593199.53349500,837,3406.2,2366.41222700,0
1776982500000,0.698,0.70457,0.69305,0.6982,19013576.6,1776982679999,13313677.07353900,824,15278358.5,10716263.91435500,0
1776982680000,0.6982,0.71219,0.698,0.71219,69258586.5,1776982859999,48516566.67183200,1252,64538299.0,45200853.63739700,0
1776982860000,0.71219,0.71355,0.698,0.7075,83917895.1,1776983039999,58812937.76871700,1199,79956742.9,56004100.44582000,0
1776983040000,0.70747,0.7076,0.698,0.70367,38174697.2,1776983219999,26730654.66537900,851,32640659.0,22853671.55433300,0
1776983220000,0.70367,0.7076,0.698,0.70713,25839911.0,1776983399999,18137621.64098900,790,9245404.4,6498329.62428800,0
1776983400000,0.70713,0.7076,0.698,0.7056,7374409.2,1776983579999,5184965.15397600,461,1108397.1,774627.56614400,0
1776983580000,0.7056,0.7076,0.70072,0.70758,10693764.3,1776983759999,7515822.28623700,604,375859.2,263715.57734200,0
1776983760000,0.70758,0.7086,0.704,0.7056,9103941.5,1776983939999,6439389.28252200,1003,7793616.9,5514507.99657500,0
1776983940000,0.7056,0.70873,0.7056,0.70873,1020823.2,1776984119999,723399.79794000,480,1018180.9,721531.67496200,0
1776984120000,0.70868,0.70962,0.7076,0.7076,1583270.9,1776984299999,1122688.76406900,562,1581132.9,1121173.57780200,0
1776984300000,0.7078,0.70969,0.70677,0.70918,695236.0,1776984479999,492730.21019100,504,658695.7,466892.58708100,0
1776984480000,0.70918,0.71443,0.7057,0.7136,50394277.3,1776984659999,35810069.23655300,1331,18681391.8,13258688.93119700,0
1776984660000,0.714,0.714,0.7056,0.71273,50381205.0,1776984839999,35779861.59629300,1056,14519551.8,10256242.90392100,0
1776984840000,0.7128,0.71557,0.7056,0.71368,18363174.7,1776985019999,13067720.10598700,981,10135867.7,7208972.71989500,0
1776985020000,0.71368,0.71572,0.71134,0.71134,152233.8,1776985199999,108834.44251500,434,119311.3,85379.86247800,0
1776985200000,0.71572,0.71575,0.7097,0.7144,7488927.9,1776985379999,5324995.79693300,752,1415310.6,1009334.27166100,0
1776985380000,0.7149,0.716,0.7099,0.7149,321951.9,1776985559999,230448.35824300,485,319796.3,228909.53915000,0
1776985560000,0.7148,0.7162,0.7099,0.71323,1908213.7,1776985739999,1362809.42837300,521,574032.8,410502.25357700,0
1776985740000,0.7139,0.722,0.7099,0.72124,41950875.6,1776985919999,30096449.63442200,1148,30512465.6,21887441.07623300,0
1776985920000,0.72164,0.7218,0.7099,0.71877,68659795.8,1776986099999,49016578.63245100,1098,39719916.1,28236409.72236700,0
1776986100000,0.7188,0.7217,0.7099,0.7217,16282530.5,1776986279999,11707049.06322900,878,3276944.1,2360205.04147400,0
1776986280000,0.7217,0.72503,0.7099,0.72503,45440213.1,1776986459999,32738655.49655100,1140,24597447.4,17726513.62259500,0
1776986460000,0.72503,0.7251,0.72149,0.7251,7315179.3,1776986639999,5287545.51361900,623,125783.0,91196.71524400,0
1776986640000,0.72149,0.7252,0.7208,0.7252,5948672.1,1776986819999,4306079.14363700,702,3995931.6,2897663.35335200,0
1776986820000,0.7252,0.7293,0.72499,0.72865,10100844.4,1776986999999,7348894.44250900,943,9533666.9,6935949.47738500,0
1776987000000,0.72865,0.73441,0.72828,0.7342,22234351.8,1776987179999,16260079.39385300,1141,22230032.6,16256923.95058400,0
1776987180000,0.73364,0.73558,0.7276,0.72792,31650769.6,1776987359999,23145894.17389100,1413,10339682.9,7554306.60567000,0
1776987360000,0.72792,0.73605,0.7276,0.73226,48057213.3,1776987539999,35211022.17586500,1089,17013471.6,12423161.29737300,0
1776987540000,0.73226,0.7338,0.7276,0.72795,17432484.0,1776987719999,12737648.57234700,666,2771191.0,2022498.32326800,0
1776987720000,0.7276,0.73432,0.7276,0.72762,33751972.1,1776987899999,24690314.40009900,865,29487861.4,21572744.98244100,0
1776987900000,0.7276,0.73447,0.7276,0.73306,38078582.1,1776988079999,27771790.09267300,1035,25557077.2,18623154.30371800,0
1776988080000,0.73306,0.7331,0.7276,0.73304,24946732.6,1776988259999,18196584.07726200,787,17807521.9,12979414.22698900,0
1776988260000,0.7318,0.73594,0.7276,0.7357,22211310.7,1776988439999,16217518.61194100,947,15046486.4,10978024.39128400,0
1776988440000,0.73514,0.73601,0.7331,0.7331,504427.1,1776988619999,371240.89810600,460,501658.2,369207.89690200,0
1776988620000,0.7331,0.73601,0.7331,0.73569,8438.1,1776988799999,6205.56402200,451,5812.6,4278.01385400,0
1776988800000,0.73366,0.73602,0.7331,0.7331,377274.6,1776988979999,277675.25640700,370,367911.7,270789.52856900,0
1776988980000,0.7331,0.73754,0.7331,0.73754,11375995.0,1776989159999,8382404.79980700,648,11373681.2,8380704.84119400,0
1776989160000,0.73754,0.73796,0.7331,0.7375,3420394.0,1776989339999,2522453.29615300,526,3417460.9,2520299.52593000,0
1776989340000,0.7375,0.73796,0.7331,0.7353,42713.7,1776989519999,31509.97145200,404,39165.1,28902.11451200,0
1776989520000,0.7357,0.7428,0.734,0.73572,38703925.7,1776989699999,28631822.41731800,909,37572313.4,27794547.38072800,0
1776989700000,0.73572,0.74149,0.73388,0.7412,20206872.1,1776989879999,14919652.23130400,1040,16109489.5,11909556.03603200,0
1776989880000,0.7414,0.7431,0.7409,0.7431,6384504.8,1776990059999,4740080.33040100,691,6381203.5,4737632.44009400,0
1776990060000,0.7431,0.74372,0.7412,0.7437,867442.3,1776990239999,644910.17142500,490,864935.1,643049.08959400,0
1776990240000,0.7437,0.7448,0.7418,0.743,2153836.0,1776990419999,1603129.43760200,568,2142591.6,1594770.00387000,0
1776990420000,0.7435,0.74621,0.742,0.74621,5374850.1,1776990599999,4006743.02981900,684,5359977.4,3995661.17258500,0
1776990600000,0.74615,0.7482,0.74401,0.74651,7894072.1,1776990779999,5897754.65647100,696,7111233.2,5313661.24718700,0
1776990780000,0.74651,0.7543,0.742,0.752,61093618.3,1776990959999,45670694.72122100,1429,45462172.6,33973340.74696300,0
1776990960000,0.7534,0.7543,0.742,0.74215,48193128.6,1776991139999,36114949.16382200,955,14184160.5,10573877.44993300,0
1776991140000,0.74215,0.76144,0.742,0.76144,67948811.4,1776991319999,51114714.36137600,1274,43890145.9,32944776.47575800,0
1776991320000,0.7605,0.76313,0.742,0.75365,40991754.8,1776991499999,30907785.98057900,891,18823059.0,14086319.64914400,0
1776991500000,0.75365,0.7603,0.74618,0.7575,32829357.8,1776991679999,24740586.80778100,1048,22267996.9,16820604.46508600,0
1776991680000,0.7575,0.7575,0.74678,0.74678,14875585.5,1776991859999,11178574.95471700,876,65997.3,49849.76346100,0
1776991860000,0.74678,0.7504,0.74111,0.74956,27704641.9,1776992039999,20614085.47502200,924,2848044.3,2115824.83377300,0
1776992040000,0.74956,0.74971,0.73931,0.74944,30243401.2,1776992219999,22611060.89071000,803,1693884.6,1259217.07722600,0
1776992220000,0.7496,0.7508,0.74895,0.7508,54073.0,1776992399999,40500.46413700,453,940.7,705.38710800,0
1776992400000,0.7496,0.7611,0.7496,0.7534,57354614.5,1776992579999,43332664.02489300,1151,49849210.8,37647190.87363600,0
1776992580000,0.7534,0.7628,0.7496,0.7628,52061981.9,1776992759999,39323521.52838000,1015,40692032.2,30709102.58642800,0
1776992760000,0.7628,0.76824,0.7496,0.76758,86281578.1,1776992939999,65552934.50992900,1434,62232771.1,47168154.26972200,0
1776992940000,0.76824,0.7692,0.7496,0.76549,63872644.1,1776993119999,48420830.43474500,1259,36918605.9,27789181.24761700,0
1776993120000,0.7659,0.7683,0.7496,0.7669,56067007.4,1776993299999,42522292.13520200,1115,27509819.1,20661010.58892100,0
1776993300000,0.76683,0.76929,0.76621,0.7674,1783146.9,1776993479999,1370745.04805600,760,1753025.1,1347644.94720600,0
1776993480000,0.7674,0.76929,0.7648,0.7675,3455427.3,1776993659999,2647850.23103300,577,409.7,314.73269800,0
1776993660000,0.7674,0.77329,0.7647,0.7731,25479532.5,1776993839999,19642864.49911500,979,25477808.9,19641537.69864300,0
1776993840000,0.77329,0.7734,0.76405,0.7721,13248064.6,1776994019999,10155608.51174300,893,3568167.5,2735795.03550800,0
1776994020000,0.77208,0.78589,0.7674,0.76753,94967330.0,1776994199999,73561084.85145300,1664,67592910.1,52262184.40466100,0
1776994200000,0.76753,0.78618,0.7674,0.7859,52531369.0,1776994379999,40457953.62500100,1287,44515954.8,34226694.79674800,0
1776994380000,0.78581,0.78618,0.76713,0.76769,37283281.2,1776994559999,28943577.34385600,1108,12109038.5,9364362.83802900,0
1776994560000,0.76769,0.78047,0.76713,0.76741,25499680.2,1776994739999,19753835.07203400,1032,15386577.8,11903294.65042700,0
1776994740000,0.76781,0.78248,0.7674,0.7733,50007666.6,1776994919999,38726692.93126600,1162,42613803.9,32970445.46362600,0
1776994920000,0.77326,0.77926,0.7732,0.7758,16467231.8,1776995099999,12785136.27494600,1128,16463466.3,12782210.56696300,0
1776995100000,0.7758,0.7807,0.77244,0.7805,11004062.6,1776995279999,8529506.02472700,815,3084919.0,2405595.44313800,0
1776995280000,0.7805,0.79083,0.77787,0.789,37924559.3,1776995459999,29744462.51296600,1178,31351396.5,24608302.99088500,0
1776995460000,0.7895,0.82053,0.7764,0.77734,70512632.0,1776995639999,56272961.24990400,1289,50540624.4,40263336.04123300,0
1776995640000,0.80949,0.816,0.7764,0.81347,71942958.1,1776995819999,57859921.88187100,1646,32332605.3,25741590.55259100,0
1776995820000,0.81347,0.8187,0.7764,0.81798,90404759.3,1776995999999,72458943.61134900,1711,31126717.5,24350456.42808300,0
1776996000000,0.818,0.82001,0.7764,0.77669,56898071.6,1776996179999,45667214.97984500,1328,19109678.2,14905855.04211400,0
1776996180000,0.77669,0.83159,0.7764,0.8294,69533605.7,1776996359999,56583921.37450200,1328,47089514.7,38256568.78554200,0
1776996360000,0.8294,0.8325,0.819,0.819,34225294.9,1776996539999,28188710.53441200,821,31027771.5,25533175.92979500,0
1776996540000,0.82168,0.8228,0.80809,0.82148,58018385.2,1776996719999,47370247.46514700,1477,10423488.5,8526280.93146000,0
1776996720000,0.82148,0.8216,0.8141,0.81438,26796749.0,1776996899999,21932730.82646600,904,1749612.8,1426888.19001900,0
1776996900000,0.81506,0.82349,0.8141,0.81411,29168207.2,1776997079999,23892936.23043400,1108,26894932.5,22035211.33263000,0
1776997080000,0.8141,0.8451,0.8141,0.84176,95836258.2,1776997259999,78503163.69745800,1636,93813215.0,76826565.80270700,0
1776997260000,0.84176,0.84187,0.8141,0.8141,41173065.3,1776997439999,33812688.10651100,1051,24375084.2,19974979.58757600,0
1776997440000,0.81415,0.84243,0.8141,0.81413,64621129.5,1776997619999,53187781.74903700,1309,56524715.8,46527669.57909300,0
1776997620000,0.81413,0.8446,0.8141,0.84227,83133934.9,1776997799999,68515341.57813500,1711,51324661.2,42017217.20381300,0
1776997800000,0.84227,0.8432,0.81159,0.81429,94323252.9,1776997979999,77431550.78024300,1653,68154865.9,55832702.54693600,0
1776997980000,0.81429,0.8354,0.8131,0.83506,73370704.9,1776998159999,60455778.84376800,1437,32052279.1,26261926.83151900,0
1776998160000,0.83506,0.8354,0.8141,0.83027,49156502.5,1776998339999,40517151.81352400,1132,25029087.6,20592411.78852100,0
1776998340000,0.83027,0.84033,0.8264,0.82669,64889061.5,1776998519999,53925083.21855300,1413,54988317.3,45690747.39257900,0
1776998520000,0.82675,0.85689,0.8264,0.82806,142964167.5,1776998699999,119466759.83386900,2015,130099273.0,108764524.06660100,0
1776998700000,0.82801,0.85232,0.8264,0.8405,94545317.5,1776998879999,78927292.18415400,1550,75983091.3,63405666.25287800,0
1776998880000,0.8404,0.84449,0.8264,0.84341,55479509.5,1776999059999,46316484.41639900,1146,48357731.3,40384138.00562900,0
1776999060000,0.84341,0.84449,0.8264,0.82648,50247913.6,1776999239999,41821821.34063300,1161,31028778.8,25851339.83344100,0
1776999240000,0.82648,0.83871,0.8264,0.83871,55472339.9,1776999419999,45954574.77780100,1201,49050648.8,40621386.91452700,0
1776999420000,0.83868,0.85011,0.8264,0.8264,111980080.2,1776999599999,93373237.51313300,1655,88494762.6,73707896.37957100,0
1776999600000,0.8396,0.85841,0.8264,0.85841,127199839.3,1776999779999,106346197.12435000,1828,111228277.6,92933735.09403300,0
1776999780000,0.856,0.8591,0.8387,0.8559,56564827.5,1776999959999,47876987.24747800,1061,35957640.2,30301181.08451100,0
1776999960000,0.85575,0.85917,0.8387,0.8387,48271057.7,1777000139999,41058279.25139500,1321,20405716.0,17300640.52468400,0
1777000140000,0.84746,0.86029,0.8387,0.8598,58004085.1,1777000319999,49192754.32323400,1313,45004706.9,38132152.62021500,0
1777000320000,0.8596,0.8636,0.83631,0.85954,67164596.3,1777000499999,57149575.17606300,1520,30556829.4,25902521.73425900,0
1777000500000,0.85976,0.86365,0.83826,0.849,84591449.2,1777000679999,72093981.03864500,1679,24682519.6,20763233.10769700,0
1777000680000,0.8507,0.8592,0.84013,0.84026,59485230.6,1777000859999,50588347.86808400,1542,21134807.2,18011785.78624800,0
1777000860000,0.84026,0.85914,0.84026,0.84395,56253697.2,1777001039999,47791928.36527500,1088,14884607.1,12604264.44063200,0
1777001040000,0.84408,0.85255,0.8392,0.8395,28787272.9,1777001219999,24384069.92091800,1319,14792920.7,12554057.86791600,0
1777001220000,0.8395,0.84607,0.8395,0.84607,10451224.6,1777001399999,8823346.12741800,783,10061348.1,8494961.88742100,0
1777001400000,0.84607,0.84667,0.824,0.824,42422603.2,1777001579999,35499001.27122000,1093,2788056.4,2357032.53644800,0
1777001580000,0.824,0.8455,0.8229,0.83547,44982558.6,1777001759999,37423417.80322700,1116,22206376.4,18433000.76626600,0
1777001760000,0.83619,0.85419,0.8361,0.83745,89300491.7,1777001939999,75280872.97204700,1540,74344907.5,62608447.58853700,0
1777001940000,0.83745,0.86874,0.8374,0.83778,92736750.9,1777002119999,78487666.56624300,1569,83764128.2,70910912.85886400,0
1777002120000,0.83778,0.86833,0.8374,0.83747,106047015.3,1777002299999,89425713.17433100,1616,94248504.0,79290456.33781500,0
1777002300000,0.83747,0.8663,0.8374,0.8455,86612630.0,1777002479999,73426170.58576600,1402,63847863.4,54016722.90480200,0
1777002480000,0.8455,0.8659,0.8374,0.8374,69179870.0,1777002659999,58584026.56517800,1373,44908774.2,37914547.01115100,0
1777002660000,0.83768,0.8619,0.8374,0.86112,69546493.2,1777002839999,59002508.16579200,1305,36980841.2,31170074.86985300,0
1777002840000,0.86112,0.8613,0.8374,0.83781,50227778.0,1777003019999,42881163.28229600,1082,15893185.7,13522118.01335700,0
1777003020000,0.83781,0.8613,0.8374,0.86046,78018800.8,1777003199999,66410587.78704300,1429,36697582.2,31120664.00446300,0
1777003200000,0.86046,0.8676,0.8374,0.8613,54412691.9,1777003379999,46715784.26501600,1316,21806717.9,18642456.23270400,0
1777003380000,0.8613,0.8676,0.8516,0.86037,51578198.6,1777003559999,44266800.24979800,1173,19944835.1,17046275.05136900,0
1777003560000,0.86037,0.8676,0.8516,0.86129,65314825.4,1777003739999,56122871.67922200,1300,23997264.9,20613681.51299200,0
1777003740000,0.8613,0.8676,0.8516,0.85162,67753185.2,1777003919999,58123252.20814400,1341,33814050.3,28941179.22935400,0
1777003920000,0.85162,0.8843,0.8516,0.8545,95464052.7,1777004099999,82173255.65331600,1829,68389034.7,58773151.54332500,0
1777004100000,0.85554,0.8843,0.8516,0.85167,108885875.7,1777004279999,94162818.23728000,1663,60724312.0,52303825.17920100,0
1777004280000,0.85167,0.91,0.85167,0.88399,120934661.8,1777004459999,106747921.96549100,1940,89588596.2,79173993.79381500,0
1777004460000,0.88399,0.92131,0.8676,0.88386,139530380.6,1777004639999,123474667.47319900,2242,83176399.6,73281482.77238200,0
1777004640000,0.8843,0.9207,0.8676,0.91505,83797684.5,1777004819999,74670938.23328900,1710,52163732.1,46217632.90085400,0
1777004820000,0.91345,0.9217,0.8843,0.9217,63699977.7,1777004999999,58123433.32753700,1706,22073683.8,20081733.13252600,0
1777005000000,0.91336,0.92332,0.8843,0.92199,52395845.4,1777005179999,48035445.23651400,1412,15600274.7,14255449.31732500,0
1777005180000,0.92332,0.93544,0.8843,0.93383,71367231.2,1777005359999,65736356.49925700,1783,25768899.6,23546669.50424800,0
1777005360000,0.93383,0.9456,0.8843,0.92808,63597441.9,1777005539999,59251472.12575100,1368,26630820.8,24805020.55694000,0
1777005540000,0.9279,0.93,0.91581,0.9298,29034126.8,1777005719999,26840735.21193100,1194,12387170.6,11476963.27948900,0
1777005720000,0.9298,0.9387,0.9207,0.9348,17735451.5,1777005899999,16477296.71269700,1035,7030249.0,6498224.32618400,0
1777005900000,0.9348,0.94742,0.9207,0.94373,36073899.2,1777006079999,33963381.06400800,1114,30326270.1,28602547.71072600,0
1777006080000,0.9431,0.94742,0.92408,0.9348,33113785.8,1777006259999,30888977.33952300,1419,3280062.6,3056775.59657600,0
1777006260000,0.9351,0.9473,0.92213,0.9267,27256530.8,1777006439999,25511204.89266500,1108,9310289.1,8756090.72413300,0
1777006440000,0.9267,0.933,0.92018,0.92866,33346748.0,1777006619999,30896437.30881500,1202,13072391.6,12117029.50455800,0
1777006620000,0.92866,0.93293,0.91962,0.91962,20687629.9,1777006799999,19143298.83320900,1267,4703542.9,4383048.03386400,0
1777006800000,0.91962,0.92457,0.91323,0.92421,15444734.6,1777006979999,14183815.36124100,924,4265473.2,3936373.50909000,0
1777006980000,0.92421,0.92457,0.90436,0.9071,22990619.3,1777007159999,20936554.18767400,846,93345.2,85584.19718300,0
1777007160000,0.90436,0.93061,0.8994,0.89969,93491767.7,1777007339999,84995612.43535500,1798,65895197.2,59868360.22951600,0
1777007340000,0.8994,0.93582,0.8994,0.933,107962909.1,1777007519999,98276126.81540700,1960,91058066.4,82836809.43249600,0
1777007520000,0.93288,0.94663,0.8994,0.89978,122032246.5,1777007699999,111814354.71959800,2047,81536163.2,74417876.15227100,0
1777007700000,0.89941,0.91592,0.89898,0.89992,72141365.2,1777007879999,65410754.33278600,1546,35390675.6,31992964.27297600,0
1777007880000,0.89958,0.919,0.89898,0.91102,68137509.4,1777008059999,61885985.60040300,1491,33387559.0,30287213.62195000,0
1777008060000,0.9116,0.9352,0.89743,0.93386,128376112.2,1777008239999,116990501.36922800,2169,107372662.3,97917070.24541000,0
1777008240000,0.9352,0.9352,0.89901,0.89948,112256015.1,1777008419999,102703521.50401100,1710,39480863.8,35793883.47326900,0
1777008420000,0.91153,0.92134,0.8994,0.90496,51633851.6,1777008599999,46884312.00160400,1160,33712115.7,30589743.89580200,0
1777008600000,0.90389,0.9116,0.88995,0.8964,46997501.7,1777008779999,42270803.53447800,1426,12873547.1,11594312.21971300,0
1777008780000,0.8954,0.8993,0.86782,0.8693,83210963.1,1777008959999,74055492.10748800,1677,9244122.9,8163313.00449700,0
1777008960000,0.86953,0.8726,0.80602,0.80602,109928881.4,1777009139999,93540351.43640100,1970,5350663.2,4572883.18342400,0
1777009140000,0.8726,0.87264,0.77107,0.86924,136979627.2,1777009319999,113688911.61142700,2018,31799552.9,26071520.40294400,0
1777009320000,0.86926,0.8693,0.75044,0.86674,183041576.3,1777009499999,148109408.16466100,2139,98948098.7,79326203.67386400,0
1777009500000,0.867,0.87,0.75679,0.867,148309690.9,1777009679999,122615464.11415800,2079,32910807.1,27071839.79315600,0
1777009680000,0.86608,0.87011,0.77119,0.78,219493981.4,1777009859999,182172245.52614000,2169,47510161.1,39614689.04433700,0
1777009860000,0.79111,0.85879,0.72263,0.7387,212216606.1,1777010039999,168060395.40079700,2371,39326961.8,29780002.24068000,0
1777010040000,0.7387,0.81995,0.69227,0.69416,215381074.5,1777010219999,160296998.38316700,2136,82931101.6,60682672.15592700,0
1777010220000,0.69416,0.7387,0.69081,0.694,119845883.9,1777010399999,84617244.93753100,1567,68048089.5,47858768.86627700,0
1777010400000,0.694,0.7387,0.68805,0.73703,137089376.6,1777010579999,97405081.03681900,1349,90268034.4,64211247.19131500,0
1777010580000,0.7387,0.73871,0.68322,0.70011,184613223.5,1777010759999,129702931.37872700,1868,40636511.6,28677109.77051900,0
1777010760000,0.70011,0.73,0.6787,0.70194,184147993.9,1777010939999,128511715.95602200,2064,106187277.5,74064625.39332700,0
1777010940000,0.70194,0.7387,0.6787,0.73,194327207.2,1777011119999,135922561.28333500,2165,91408783.3,64037184.67246000,0
1777011120000,0.7021,0.7387,0.6787,0.69495,191046461.9,1777011299999,133789186.03955300,1937,112456496.9,78933712.28714200,0
1777011300000,0.6947,0.74025,0.68,0.69478,220384831.0,1777011479999,154971897.91532300,1954,140791453.5,99774501.34392800,0
1777011480000,0.69429,0.74,0.6787,0.70194,232882455.4,1777011659999,163000287.71368200,1960,151749371.8,106590204.21235400,0
1777011660000,0.7021,0.74,0.6787,0.70192,242284429.3,1777011839999,171038341.42803800,1907,139796539.3,99403101.71149200,0
1777011840000,0.7021,0.74,0.6787,0.70132,232686862.8,1777012019999,163980769.57040300,1587,123646396.7,88062839.85096900,0
1777012020000,0.70132,0.74,0.68,0.74,152886946.9,1777012199999,107620389.92423500,1315,117160126.3,82879735.56370600,0
1777012200000,0.73999,0.74,0.6947,0.69488,111147139.9,1777012379999,78063776.38061800,1429,86660162.6,60694678.88082500,0
1777012380000,0.69488,0.7411,0.6947,0.70288,113492969.6,1777012559999,79259197.34120700,1631,105093159.4,73359297.58936900,0
1777012560000,0.69603,0.7411,0.6947,0.69563,113794028.8,1777012739999,79602124.01013900,1611,94683607.3,66114191.38513500,0
1777012740000,0.6947,0.7411,0.6947,0.70261,133157398.4,1777012919999,93134347.94831900,1846,116430906.3,81360529.81979900,0
1777012920000,0.7027,0.73055,0.6947,0.726,106550426.1,1777013099999,74413382.88618900,1487,94754871.4,66177615.57804800,0
1777013100000,0.73047,0.73055,0.6947,0.69527,103281901.4,1777013279999,72109713.53354200,1532,90752306.1,63338224.43018500,0
1777013280000,0.69539,0.7327,0.6947,0.70291,136456757.1,1777013459999,95511261.46919500,1827,118536073.9,82936804.42499000,0
1777013460000,0.70291,0.7327,0.6947,0.71633,94592402.0,1777013639999,66889918.90980300,1472,69550803.3,49090486.24137700,0
1777013640000,0.71633,0.7327,0.71544,0.71692,43993485.6,1777013819999,31555434.40610000,1031,42564091.2,30517669.47746500,0
1777013820000,0.7159,0.7327,0.70071,0.71429,94791057.4,1777013999999,67835411.97897900,1575,46004564.9,32644869.30762300,0
1777014000000,0.71429,0.7327,0.6994,0.70126,126156790.5,1777014179999,89494402.01166900,1757,84302225.4,59526736.36897500,0
1777014180000,0.7011,0.7327,0.6994,0.70119,124874184.4,1777014359999,88664635.09138400,1667,87577408.7,61788676.35334900,0
1777014360000,0.7011,0.71682,0.6994,0.7011,80060658.0,1777014539999,56812759.03194500,1213,37324297.7,26243851.70987900,0
1777014540000,0.70135,0.7167,0.6994,0.7011,56540023.1,1777014719999,40068138.75366100,1026,29887911.6,21009171.19954800,0
1777014720000,0.7065,0.7167,0.6994,0.7011,69614093.6,1777014899999,49155983.42199100,1179,36091974.3,25411152.08167700,0
1777014900000,0.7146,0.7167,0.6994,0.71511,54556499.7,1777015079999,38588023.81760800,1005,35540886.5,25105344.99421800,0
1777015080000,0.71513,0.7161,0.6994,0.7127,11345717.4,1777015259999,8045022.41821500,556,7041526.1,4970815.57440500,0
1777015260000,0.7161,0.71611,0.697,0.697,97039964.0,1777015439999,68617674.07854600,1611,31749099.7,22238493.92851700,0
1777015440000,0.69727,0.7146,0.697,0.7072,91302517.2,1777015619999,64224472.92356600,1294,58728030.7,41177018.79159100,0
1777015620000,0.7072,0.70789,0.6959,0.69641,65454309.1,1777015799999,45778455.30385400,1104,51192326.6,35769465.45456000,0
1777015800000,0.69641,0.7146,0.6959,0.7146,116342444.5,1777015979999,81811009.33288300,1714,82400069.2,57834078.73748500,0
1777015980000,0.71357,0.7146,0.6959,0.69701,117272767.0,1777016159999,82551364.67609000,1705,77032596.4,53980703.39531000,0
1777016160000,0.697,0.7146,0.6959,0.70723,83243666.8,1777016339999,58447214.99666300,1218,55570950.5,38909699.13107200,0
1777016340000,0.696,0.7146,0.69586,0.697,55662545.6,1777016519999,38939520.48450300,1276,50178243.8,35077874.00523800,0
1777016520000,0.69698,0.7072,0.6959,0.6959,40661416.2,1777016699999,28454378.06667900,870,32652906.3,22807294.33561100,0
1777016700000,0.69607,0.7017,0.6959,0.7017,5253547.0,1777016879999,3668526.89641900,569,4571458.0,3191997.82945100,0
1777016880000,0.6992,0.7136,0.6959,0.69921,91362190.5,1777017059999,64029253.12679400,1471,84542698.5,59213470.69709300,0
1777017060000,0.6992,0.7136,0.6992,0.7017,41655812.0,1777017239999,29206095.42171600,923,37658709.0,26376325.62447900,0
1777017240000,0.7017,0.7136,0.6992,0.7017,51770634.9,1777017419999,36402990.56502300,1016,38085989.5,26713395.38788700,0
1777017420000,0.7007,0.7136,0.6992,0.71358,67683594.3,1777017599999,47549702.80925600,1184,55092153.3,38648111.39782300,0
1777017600000,0.71358,0.7136,0.6992,0.71077,58523022.8,1777017779999,41432374.23046100,1056,22312647.6,15656436.17893700,0
1777017780000,0.71077,0.7136,0.6992,0.7136,76607581.1,1777017959999,53921369.34650100,1361,52795296.1,37106569.88682000,0
1777017960000,0.7134,0.7136,0.6993,0.7136,72004273.6,1777018139999,50816159.56398400,1222,42831680.0,30140543.30809800,0
1777018140000,0.71345,0.7136,0.69851,0.6993,81359933.9,1777018319999,57672402.59019000,1368,20773045.9,14579627.99348600,0
1777018320000,0.69948,0.71295,0.6985,0.71235,49366968.4,1777018499999,34848106.36641700,1048,33838038.6,23819898.58684600,0
1777018500000,0.71235,0.7175,0.6985,0.71518,30670287.5,1777018679999,21628444.79591600,911,19400282.8,13617530.53180900,0
1777018680000,0.71518,0.7175,0.6872,0.7124,22284573.9,1777018859999,15838161.47164000,807,2492238.0,1777283.68668000,0
1777018860000,0.7126,0.7175,0.6872,0.7126,33565588.8,1777019039999,23854781.66189000,926,15021792.9,10633985.27517700,0
1777019040000,0.71323,0.7175,0.6894,0.68973,44939730.8,1777019219999,31940263.05279500,1186,8853328.2,6265243.98934400,0
1777019220000,0.68973,0.7175,0.6872,0.71275,52366591.4,1777019399999,37076625.48880900,1077,13043017.9,9235091.99658200,0
1777019400000,0.71275,0.7175,0.6516,0.6516,80828324.5,1777019579999,56200756.93411400,1532,16850335.5,11432137.42969800,0
1777019580000,0.65243,0.71258,0.6516,0.65737,125574270.5,1777019759999,85506377.94700200,1797,61706015.6,40507266.32062600,0
1777019760000,0.6573,0.7126,0.6516,0.65757,175018496.8,1777019939999,117036256.65511200,1923,119975206.3,79618105.55218200,0
1777019940000,0.6516,0.71,0.6516,0.67198,204346082.5,1777020119999,136519765.42152800,1704,169756538.8,113464803.56518300,0
1777020120000,0.67198,0.6744,0.6516,0.6516,72267055.6,1777020299999,47743232.14411100,1238,48417016.0,31868361.10038800,0
1777020300000,0.6666,0.6726,0.6516,0.65213,83025044.8,1777020479999,54761301.55901400,1362,55617843.1,36529047.36136500,0
1777020480000,0.65213,0.6726,0.6516,0.67153,87401068.1,1777020659999,57413030.54736900,1474,72097744.8,47235602.76531600,0
1777020660000,0.6726,0.6726,0.6516,0.66629,77791840.4,1777020839999,51210066.41611100,1165,59892881.5,39295515.35453700,0
1777020840000,0.66629,0.6726,0.6414,0.66653,124770111.6,1777021019999,82407345.81818300,1858,39300064.6,25745400.79199700,0
1777021020000,0.66653,0.6726,0.624,0.64147,172223828.9,1777021199999,112708280.72054700,2161,59981712.3,38747151.33684100,0
1777021200000,0.64139,0.6726,0.624,0.62552,133928682.3,1777021379999,86781724.16873300,1433,49421740.0,31446251.20406000,0
1777021380000,0.62552,0.66684,0.624,0.64154,150320663.6,1777021559999,94640192.34295000,1695,132229479.4,83150881.92679600,0
1777021560000,0.6414,0.6726,0.6149,0.61518,152305119.9,1777021739999,96046467.61343200,2068,72120595.9,45399954.16535500,0
1777021740000,0.61518,0.6414,0.6149,0.6369,132528146.5,1777021919999,82974783.81950000,1797,92429869.6,57770149.27423600,0
1777021920000,0.6369,0.6414,0.62401,0.62402,100511448.6,1777022099999,63125924.29389100,1460,79306183.1,49603965.00192400,0
1777022100000,0.62402,0.64152,0.624,0.64104,128904949.3,1777022279999,80769487.67546900,1681,111299351.3,69593726.98310100,0
1777022280000,0.6414,0.64181,0.624,0.624,132010599.2,1777022459999,83184497.32900900,1620,83968617.5,52641009.41598400,0
1777022460000,0.62516,0.7175,0.624,0.62526,145746769.1,1777022639999,94872281.83828600,1818,117747112.3,75882047.07919500,0
1777022640000,0.62526,0.7261,0.6251,0.63732,142431303.4,1777022819999,93818155.51310800,1713,125489159.2,82215562.01002900,0
1777022820000,0.63689,0.7304,0.63587,0.7152,131753568.8,1777022999999,92089576.96673100,1638,79674511.5,55092356.51541500,0
1777023000000,0.71546,0.74137,0.67183,0.7154,117397015.9,1777023179999,84386453.80510100,1455,72737815.4,52155338.18070600,0
1777023180000,0.72638,0.7992,0.7154,0.79727,105152433.1,1777023359999,76467543.86173900,1615,68842160.6,49877877.16934100,0
1777023360000,0.79727,0.7992,0.7154,0.7261,143531140.4,1777023539999,105978630.93000300,1899,69640535.7,50761006.81287600,0
1777023540000,0.7261,0.7992,0.7154,0.72601,126914351.8,1777023719999,92888271.05462100,1728,52538604.9,38115839.40826600,0
1777023720000,0.7261,0.7992,0.7154,0.71584,119933333.2,1777023899999,88633747.05069400,1681,64780201.1,47450744.54385300,0
1777023900000,0.71584,0.7992,0.7154,0.7161,122971854.5,1777024079999,91699319.22949400,1451,95835472.4,70752467.19023500,0
1777024080000,0.7161,0.7992,0.71513,0.76691,118192470.5,1777024259999,89379345.66320500,1602,73626041.0,55302097.49499400,0
1777024260000,0.76691,0.7992,0.71518,0.7372,138141402.3,1777024439999,106056726.90382800,1762,78597131.6,59681010.19176100,0
1777024440000,0.73728,0.7992,0.7372,0.7673,163291772.0,1777024619999,123458483.71063000,1361,90031750.2,68083176.02726900,0
1777024620000,0.7673,0.79966,0.7372,0.79,122896933.0,1777024799999,95117292.76232900,1524,85877680.2,66398755.21435900,0
1777024800000,0.7634,0.8023,0.7634,0.77,276624043.1,1777024979999,216701164.48551500,1995,135941352.0,106926837.33325600,0
1777024980000,0.79,0.8023,0.7634,0.79,222336973.0,1777025159999,174282331.00581200,1935,92386862.3,72669938.12995800,0
1777025160000,0.79,0.8023,0.76339,0.7916,196252253.4,1777025339999,152958677.09442800,1876,119503805.7,93303661.02209200,0
1777025340000,0.7916,0.8023,0.7634,0.7919,195611112.1,1777025519999,152813373.14319000,1860,106294927.0,82817338.12144800,0
1777025520000,0.80209,0.8023,0.757,0.7919,124098109.0,1777025699999,97187191.32472500,1895,52478083.3,40609353.04459900,0
1777025700000,0.79155,0.8023,0.75591,0.76327,116647072.1,1777025879999,91256674.23615600,1787,47688144.1,36969639.66437300,0
1777025880000,0.76327,0.8023,0.7248,0.7634,204586518.0,1777026059999,156966579.79195200,1939,58432486.9,45347159.87732300,0
1777026060000,0.76227,0.8023,0.73,0.73605,185195066.7,1777026239999,140897504.86327500,1285,80095213.7,62502761.00698300,0
1777026240000,0.73605,0.8023,0.7185,0.74723,174193685.1,1777026419999,129259235.76198300,1969,65507706.6,48823847.62013900,0
1777026420000,0.74735,0.757,0.7185,0.7185,184851683.4,1777026599999,136085674.54998500,2017,109735685.9,80549450.08512400,0
1777026600000,0.71867,0.757,0.7185,0.7189,158101129.1,1777026779999,115990807.77939600,1782,99667283.0,72816231.88371900,0
1777026780000,0.7189,0.74817,0.7185,0.7475,162261433.4,1777026959999,118986100.14491100,1809,97334400.2,71086365.37194100,0
1777026960000,0.74681,0.7919,0.7185,0.7358,156249758.1,1777027139999,114717590.01844900,2094,111116414.2,81422129.56398400,0
1777027140000,0.7475,0.7919,0.7185,0.74751,164905641.7,1777027319999,121106048.22023200,1925,110814207.6,81098072.16250300,0
1777027320000,0.74751,0.7919,0.7185,0.78551,136539800.8,1777027499999,100724237.23242500,1810,96254364.2,70870482.74574100,0
1777027500000,0.78551,0.7859,0.71803,0.7856,152520703.1,1777027679999,113935723.00423600,2083,56330834.0,41487838.04730200,0
1777027680000,0.78499,0.7865,0.7179,0.7865,52385406.8,1777027859999,40212437.54970000,1147,14467146.5,10713184.28122600,0
1777027860000,0.7856,0.78709,0.7829,0.78681,13450709.0,1777028039999,10570113.81418100,773,12996246.0,10213459.79488900,0
1777028040000,0.7868,0.80519,0.7829,0.78572,70006708.7,1777028219999,55652857.31948100,1448,33410236.1,26353905.01624100,0
1777028220000,0.7856,0.8052,0.78446,0.8049,90809900.6,1777028399999,71990003.69978500,1434,51776791.1,40725628.97126900,0
1777028400000,0.78453,0.8052,0.7829,0.78301,83063026.1,1777028579999,65960665.70412000,1515,31517219.3,24749118.17525500,0
1777028580000,0.78301,0.8052,0.7647,0.78134,87992837.0,1777028759999,69948499.00392400,1518,27342291.9,21464361.64958000,0
1777028760000,0.7829,0.8052,0.76417,0.78375,105174853.4,1777028939999,83375321.03847800,1537,30586052.4,23920520.42667800,0
1777028940000,0.8049,0.80509,0.7617,0.80509,114875959.6,1777029119999,90972552.66465200,1579,30971989.3,24261009.03676900,0
1777029120000,0.7829,0.80515,0.7569,0.8,189417533.1,1777029299999,147902459.98817100,1519,111519549.5,87489694.32113400,0
1777029300000,0.77,0.8,0.7541,0.76175,206810288.8,1777029479999,159068278.60315400,1590,142366916.4,109970992.40207000,0
1777029480000,0.76175,0.8,0.7541,0.7575,82513168.6,1777029659999,63140689.87227000,1172,40139536.9,30930761.76744600,0
1777029660000,0.7575,0.7617,0.7541,0.75797,19020751.5,1777029839999,14398930.72219800,810,8961996.7,6774715.69605000,0
1777029840000,0.76151,0.7617,0.7541,0.7541,12139887.5,1777030019999,9196510.74892600,670,1011569.7,766465.43569300,0
1777030020000,0.7541,0.7617,0.7541,0.7583,38570595.6,1777030199999,29154526.14829800,1005,28170280.1,21286810.38732500,0
1777030200000,0.75769,0.7617,0.7541,0.75439,22785626.4,1777030379999,17239632.77003200,920,13199475.0,9989378.84347200,0
1777030380000,0.7541,0.7604,0.7541,0.7583,6177342.7,1777030559999,4678088.23602700,741,4417035.6,3346822.58063100,0
1777030560000,0.7604,0.7604,0.7519,0.75926,16572792.2,1777030739999,12531452.29359000,875,9206367.5,6968569.27988500,0
1777030740000,0.75926,0.7604,0.7368,0.73701,69451316.7,1777030919999,52218313.46756100,1304,23614314.5,17611924.70561600,0
1777030920000,0.73701,0.7604,0.7368,0.7451,89792580.2,1777031099999,67270687.39987200,1333,47833170.1,35641724.70183900,0
1777031100000,0.7451,0.7604,0.7368,0.7399,55398963.7,1777031279999,41187116.27300700,1207,39167985.7,29015246.67284300,0
1777031280000,0.7451,0.7604,0.7368,0.75687,91284291.4,1777031459999,68121199.07311600,1541,61940446.2,46116788.03935800,0
1777031460000,0.75687,0.7604,0.7368,0.74022,74065973.2,1777031639999,54930430.67959400,1357,61774897.6,45687622.47766000,0
1777031640000,0.73946,0.7604,0.7368,0.73911,70849247.4,1777031819999,52491267.28699500,1326,60445630.8,44744571.74911500,0
1777031820000,0.7399,0.7604,0.7368,0.75833,93270998.2,1777031999999,69200222.17138700,1485,75468901.3,55863188.07148100,0
1777032000000,0.7572,0.7589,0.7368,0.73734,101725256.6,1777032179999,75269648.98231300,1522,86958785.9,64237418.38462000,0
1777032180000,0.73681,0.7572,0.73674,0.7389,53721632.9,1777032359999,39737420.75572200,1379,50232288.5,37126809.90695300,0
1777032360000,0.7377,0.7572,0.73672,0.7459,66858284.7,1777032539999,49508764.67462600,1226,62501881.7,46234326.26776500,0
1777032540000,0.7395,0.7459,0.7367,0.737,41977351.6,1777032719999,30986390.13982800,963,32893408.6,24272854.45362000,0
1777032720000,0.737,0.7459,0.7367,0.73687,13783355.6,1777032899999,10164351.85878200,553,13771017.5,10155183.59832600,0
1777032900000,0.737,0.737,0.7266,0.73484,9157853.3,1777033079999,6735622.64347600,638,1377987.6,1007694.14345000,0
1777033080000,0.73484,0.737,0.7266,0.7266,38236642.5,1777033259999,28130577.44895400,851,719525.9,523200.55666600,0
1777033260000,0.72691,0.737,0.7266,0.737,67809410.8,1777033439999,49820827.77697900,1168,8833478.3,6428182.24247300,0
1777033440000,0.7369,0.73775,0.7244,0.737,75914840.9,1777033619999,55632168.14256900,1564,23820819.4,17370693.66409700,0
1777033620000,0.737,0.737,0.7244,0.737,68233818.0,1777033799999,49818039.30804700,1171,39179373.5,28476749.11980300,0
1777033800000,0.7369,0.737,0.69286,0.70378,152402185.7,1777033979999,110281179.81840400,1993,31453690.6,22522022.92732000,0
1777033980000,0.70456,0.737,0.6929,0.72504,129613599.6,1777034159999,93419225.07585700,1556,52607549.1,37643651.26426300,0
1777034160000,0.72504,0.72673,0.681,0.7266,121091182.8,1777034339999,84237132.22954100,1621,43881751.5,30327541.15371600,0
1777034340000,0.72636,0.7266,0.6803,0.69275,94229816.4,1777034519999,65096134.61610700,1619,72466964.3,49686977.42657400,0
1777034520000,0.6929,0.6929,0.68074,0.68074,34872670.8,1777034699999,24001338.26865000,853,11482509.4,7831574.00340800,0
1777034700000,0.6813,0.6929,0.6803,0.68098,43869407.0,1777034879999,29921802.58589300,851,39037738.7,26630518.69093100,0
1777034880000,0.6813,0.6929,0.6803,0.6819,29488002.5,1777035059999,20112760.76802600,800,28569259.2,19481384.31373400,0
1777035060000,0.6813,0.6929,0.6807,0.68185,38043981.3,1777035239999,25959403.00052500,846,36445311.2,24862174.71495900,0
1777035240000,0.68185,0.6929,0.68032,0.68152,21398479.1,1777035419999,14639821.16053000,656,12891239.1,8793090.14576300,0
1777035420000,0.68152,0.68192,0.6803,0.68116,1275518.3,1777035599999,869655.02038600,509,1136482.8,774934.02267700,0
1777035600000,0.6813,0.68229,0.6803,0.6812,5764818.8,1777035779999,3927838.32351300,474,3451790.0,2353182.88972100,0
1777035780000,0.6812,0.6825,0.68039,0.6825,6699569.2,1777035959999,4561696.21811200,624,895393.1,610361.59055100,0
1777035960000,0.6812,0.6825,0.6626,0.6825,42033311.8,1777036139999,28569898.06015300,1568,6285054.9,4231772.19334000,0
1777036140000,0.6825,0.68261,0.66164,0.68132,89382666.1,1777036319999,60563313.05423000,1503,13756769.7,9192458.42153900,0
1777036320000,0.68047,0.68259,0.6538,0.6825,62875520.9,1777036499999,42657433.62900900,1371,8136322.7,5436461.08413500,0
1777036500000,0.6825,0.68261,0.6538,0.6825,84501822.6,1777036679999,57291791.14984100,1443,14443887.9,9610104.11256000,0
1777036680000,0.68255,0.68264,0.6538,0.6812,86790109.3,1777036859999,58693970.09467500,1452,17352562.2,11457308.74595100,0
1777036860000,0.68262,0.6827,0.6538,0.67344,106936450.1,1777037039999,72094192.49330100,1575,35368506.9,23536155.71601500,0
1777037040000,0.67363,0.6827,0.6538,0.66769,123833881.7,1777037219999,83146079.01268900,1529,50934226.5,33991037.86838300,0
1777037220000,0.6684,0.6827,0.6538,0.66714,73838267.9,1777037399999,49056547.50312300,1095,33805541.3,22430368.14564600,0
1777037400000,0.66714,0.6684,0.66158,0.6684,37211621.9,1777037579999,24656881.38603000,856,32238641.7,21344901.98358900,0
1777037580000,0.66289,0.6684,0.6481,0.66748,97951029.8,1777037759999,64212902.86083600,1457,46942512.9,30742199.69276000,0
1777037760000,0.6684,0.6684,0.64807,0.66768,102584250.5,1777037939999,67628376.92556700,1373,24282413.4,15829478.62540500,0
1777037940000,0.66768,0.6684,0.6481,0.66103,63120147.9,1777038119999,41794406.36699400,803,7823123.0,5101296.98395700,0
