open_time,open,high,low,close,volume,close_time,quote_asset_volume,number_of_trades,taker_buy_base_asset_volume,taker_buy_quote_asset_volume,ignore
1775828700000,1.3398,1.3446,1.3397,1.3439,797127147.6,1775829599999,1069905660.60750,5351,621791659.5,834530132.16503,0
1775829600000,1.3439,1.3478,1.3429,1.3464,1106782605.4,1775830499999,1487950543.74914,6787,731544311.5,983602263.27980,0
1775830500000,1.3464,1.3538,1.3464,1.352,847997883.5,1775831399999,1145017983.43324,5353,695215023.7,938595230.97610,0
1775831400000,1.352,1.3556,1.3509,1.353,890685308.9,1775832299999,1205745933.91780,5518,570832608.7,772937486.40477,0
1775832300000,1.3528,1.3575,1.3523,1.3573,795241501.0,1775833199999,1077125594.24490,5422,582768385.9,789606406.46433,0
1775833200000,1.3572,1.3591,1.356,1.3581,809798342.1,1775834099999,1099364510.86300,4930,422189725.0,573328630.07654,0
1775834100000,1.3581,1.3598,1.354,1.354,1051046856.1,1775834999999,1426141313.45050,5899,384941480.8,522425157.85646,0
1775835000000,1.354,1.3547,1.3509,1.3512,652967292.0,1775835899999,883661121.07748,4568,220202423.1,298232900.31744,0
1775835900000,1.3512,1.3526,1.3464,1.3467,712217005.3,1775836799999,961661335.92831,4590,104701604.1,141505898.20799,0
1775836800000,1.3467,1.3512,1.3464,1.3509,847118906.9,1775837699999,1142602662.59216,5560,776248922.4,1047051875.34129,0
1775837700000,1.3509,1.353,1.3496,1.3506,804494545.7,1775838599999,1086843059.55140,5091,323089748.8,436614761.36099,0
1775838600000,1.3507,1.3509,1.3469,1.3471,821361908.2,1775839499999,1108474146.22854,5438,205099322.8,276860277.45262,0
1775839500000,1.3471,1.3521,1.3466,1.3508,634048003.5,1775840399999,855571101.65163,5264,494050909.5,666617050.33315,0
1775840400000,1.3508,1.3522,1.3499,1.3512,387444888.4,1775841299999,523434468.32870,4104,144845914.3,195743854.75045,0
1775841300000,1.3512,1.3522,1.3507,1.3514,191388542.5,1775842199999,258709143.09721,2672,136409317.5,184393359.57025,0
1775842200000,1.3515,1.3515,1.3485,1.3511,617984670.1,1775843099999,834348430.81526,3461,245729004.4,331845121.82364,0
1775843100000,1.3511,1.355,1.351,1.3548,425013065.9,1775843999999,574990474.52004,4143,424350022.4,574094225.07581,0
1775844000000,1.3548,1.3556,1.3526,1.3542,508329933.7,1775844899999,688289926.53469,4692,214021240.4,289812466.71709,0
1775844900000,1.3542,1.3556,1.3527,1.3556,645690939.1,1775845799999,874407523.65994,4457,455174155.3,616518405.02791,0
1775845800000,1.3556,1.3574,1.3552,1.3556,653602532.2,1775846699999,886578738.57843,5270,396984002.1,538476826.83720,0
1775846700000,1.3556,1.3594,1.3554,1.3592,727439764.2,1775847599999,987401585.26271,4744,666625670.0,904835672.39842,0
1775847600000,1.3592,1.3618,1.3592,1.3613,526642027.2,1775848499999,716390407.30239,4405,402328190.4,547347294.76873,0
1775848500000,1.3613,1.3616,1.358,1.3616,859114204.9,1775849399999,1168254817.44882,5594,258948862.4,352253127.00997,0
1775849400000,1.3616,1.3616,1.3589,1.3603,612333052.2,1775850299999,832852762.82093,4546,127050720.3,172827111.71437,0
1775850300000,1.3604,1.3623,1.3595,1.3623,917047589.6,1775851199999,1247884130.06634,6344,465717534.6,633810383.96367,0
1775851200000,1.3623,1.3632,1.3595,1.3632,787077456.1,1775852099999,1071850231.60444,5395,453512803.4,617689938.35597,0
1775852100000,1.3632,1.3654,1.3619,1.362,778230056.7,1775852999999,1061126635.25634,5182,427305958.9,582780479.88405,0
1775853000000,1.362,1.3651,1.3593,1.3605,607051004.9,1775853899999,826884450.63707,4544,159557969.3,217362663.25745,0
1775853900000,1.3605,1.3645,1.3594,1.3638,814342515.0,1775854799999,1109219459.41895,5421,693772232.3,944983749.51314,0
1775854800000,1.3637,1.3638,1.3583,1.3591,612317198.2,1775855699999,833578110.50950,4600,2047642.7,2783341.14791,0
1775855700000,1.3591,1.3599,1.3583,1.359,138795150.6,1775856599999,188656643.36774,2676,115045408.8,156381937.54390,0
1775856600000,1.3589,1.3592,1.3578,1.3581,254981648.3,1775857499999,346357722.85221,2944,7767550.1,10551564.32947,0
1775857500000,1.3581,1.3598,1.3578,1.3598,174871820.4,1775858399999,237659857.80106,2538,174844231.5,237622364.81711,0
1775858400000,1.3598,1.3605,1.3588,1.3588,182245133.2,1775859299999,247796770.90902,2398,98444325.6,133887322.71333,0
1775859300000,1.3588,1.3592,1.357,1.357,229382489.5,1775860199999,311416906.09409,2997,52690648.0,71520554.03952,0
1775860200000,1.357,1.3571,1.355,1.356,447104867.2,1775861099999,606210409.47007,4562,195757683.6,265406019.36775,0
1775861100000,1.356,1.3561,1.3553,1.3556,489571829.5,1775861999999,663724387.76652,4621,219282315.9,297288047.05131,0
1775862000000,1.3556,1.3557,1.3537,1.3543,391415025.1,1775862899999,530139019.94115,4386,137112301.0,185679141.55582,0
1775862900000,1.3543,1.3563,1.354,1.3554,319254617.8,1775863799999,432607084.71704,3664,119040626.1,161271341.85548,0
1775863800000,1.3555,1.3555,1.3545,1.3551,402731297.2,1775864699999,545722081.46908,3984,149791688.5,202974035.33796,0
1775864700000,1.3551,1.3561,1.3546,1.3552,389449167.8,1775865599999,527864360.78420,4512,221413207.6,300125321.42339,0
1775865600000,1.3553,1.3555,1.3538,1.3544,344076507.8,1775866499999,466030226.90062,3688,85767151.8,116186393.21989,0
1775866500000,1.3544,1.355,1.3534,1.3543,369685033.0,1775867399999,500665403.21804,3610,179933433.3,243705336.27380,0
1775867400000,1.3545,1.3545,1.3529,1.3534,340057995.2,1775868299999,460352791.77139,3416,84936039.6,114976476.70961,0
1775868300000,1.3534,1.3542,1.3528,1.3538,194062781.9,1775869199999,262716643.29002,2629,121845669.2,164955810.46809,0
1775869200000,1.3538,1.3539,1.3517,1.3518,359697014.5,1775870099999,486458870.24939,3701,25244908.1,34127472.17448,0
1775870100000,1.3518,1.3519,1.3494,1.3499,417277080.6,1775870999999,563471058.18521,4074,104582944.0,141171153.44144,0
1775871000000,1.3499,1.3521,1.3498,1.3513,507269696.4,1775871899999,685388685.38236,4871,327354129.7,442278829.09425,0
1775871900000,1.3513,1.3528,1.3512,1.3523,446745833.3,1775872799999,604030868.28164,4631,293558675.7,396864498.11145,0
1775872800000,1.3523,1.3538,1.3521,1.3533,432318255.5,1775873699999,584905628.79559,4178,316335658.4,427988837.19933,0
1775873700000,1.3534,1.3553,1.3533,1.3552,384972820.3,1775874599999,521405562.29858,4155,332399187.9,450182073.23163,0
1775874600000,1.3553,1.3559,1.3541,1.3541,336401271.5,1775875499999,455843606.26953,3890,157900193.3,213987291.76139,0
1775875500000,1.3541,1.3542,1.3527,1.354,181205639.0,1775876399999,245282441.11355,3907,68816050.9,93156829.68475,0
1775876400000,1.354,1.3563,1.354,1.3562,449963755.9,1775877299999,609734162.02670,5277,410561422.8,556344465.73724,0
1775877300000,1.3562,1.3564,1.356,1.3561,110712179.5,1775878199999,150134885.42959,3071,12006691.9,16282964.60232,0
1775878200000,1.3561,1.3561,1.3539,1.3539,295452570.6,1775879099999,400446622.01087,3584,55970425.5,75840607.45997,0
1775879100000,1.3539,1.354,1.3499,1.3499,569382119.9,1775879999999,770177783.14117,4846,46835521.0,63390865.16761,0
1775880000000,1.3499,1.3511,1.349,1.3498,486826602.5,1775880899999,657422525.27770,4506,197081748.1,266161011.51017,0
1775880900000,1.3498,1.3498,1.3474,1.3479,251621515.4,1775881799999,339296267.77899,3307,86198757.6,116188793.10052,0
1775881800000,1.3479,1.3496,1.3478,1.3492,374134516.6,1775882699999,504655631.16840,4474,241245109.9,325388926.94156,0
1775882700000,1.3492,1.3503,1.3488,1.3502,276614260.6,1775883599999,373320646.54814,4211,236338264.9,318987184.54457,0
1775883600000,1.3501,1.3505,1.3465,1.3465,439231062.3,1775884499999,592357298.88166,4656,40391153.1,54538309.76711,0
1775884500000,1.3465,1.3486,1.3456,1.3486,588434197.0,1775885399999,792708100.12066,4205,425839166.9,573811804.47045,0
1775885400000,1.3486,1.3498,1.3483,1.3491,453588299.3,1775886299999,611997036.19874,4119,278418217.7,375653522.03431,0
1775886300000,1.3491,1.3492,1.3469,1.3472,267269873.8,1775887199999,360178162.33155,3697,63421759.4,85448344.98396,0
1775887200000,1.347,1.3472,1.3433,1.3436,967433805.0,1775888099999,1300924854.25488,5683,107967565.1,145121655.65453,0
1775888100000,1.3436,1.3442,1.3434,1.3442,98842561.3,1775888999999,132828093.83032,2670,23550542.7,31652801.71296,0
1775889000000,1.3442,1.3457,1.3436,1.3456,173965945.7,1775889899999,233952111.83772,3556,117241937.1,157671609.73875,0
1775889900000,1.3456,1.3458,1.3452,1.3456,7633646.7,1775890799999,10273150.45813,2404,7591358.8,10216249.79220,0
1775890800000,1.3456,1.3462,1.3452,1.346,180530071.9,1775891699999,242984627.23036,3275,113087000.1,152205407.51191,0
1775891700000,1.346,1.3472,1.3458,1.3471,35163116.8,1775892599999,47358054.24174,3581,34282501.0,46171800.70305,0
1775892600000,1.3471,1.3472,1.3457,1.3458,70802644.5,1775893499999,95304188.23553,6152,66258.0,89262.74538,0
1775893500000,1.3457,1.3459,1.3452,1.3457,387390978.2,1775894399999,521232977.81357,3887,144832728.6,194878581.82506,0
1775894400000,1.3456,1.3472,1.3452,1.3468,343001003.7,1775895299999,461631864.05204,3746,303155150.4,408021058.46819,0
1775895300000,1.3468,1.3477,1.3467,1.3469,165970518.3,1775896199999,223620540.22296,2777,156354218.7,210670105.48579,0
1775896200000,1.3469,1.3477,1.3458,1.3464,100968771.2,1775897099999,135963648.36412,2595,36110828.9,48645884.51941,0
1775897100000,1.3464,1.3465,1.3446,1.3446,166868148.7,1775897999999,224459613.20695,2734,31709.0,42656.76704,0
1775898000000,1.3446,1.3447,1.3439,1.3441,415392102.1,1775898899999,558450784.56984,4210,115729166.6,155591559.98924,0
1775898900000,1.3441,1.3481,1.3439,1.3464,707690403.3,1775899799999,953049310.99255,4855,446237702.2,600891243.66437,0
1775899800000,1.3464,1.3465,1.3415,1.3449,770613080.3,1775900699999,1035623670.69575,5292,174745960.7,234784190.31428,0
1775900700000,1.3449,1.3473,1.3448,1.347,202991760.6,1775901599999,273304678.91161,3001,202967248.9,273271684.59371,0
1775901600000,1.3471,1.3473,1.3453,1.3458,131107406.4,1775902499999,176498853.17772,2612,22050808.4,29675332.65722,0
1775902500000,1.3458,1.347,1.3451,1.3467,304811131.1,1775903399999,410193625.10835,3990,212499901.2,285983530.34104,0
1775903400000,1.3467,1.347,1.3456,1.346,35593026.3,1775904299999,47902795.12265,2725,517236.2,696374.53454,0
1775904300000,1.346,1.3467,1.3454,1.3465,247490500.3,1775905199999,333090881.70908,3515,215178032.4,289609811.28400,0
1775905200000,1.3465,1.3473,1.3456,1.3469,184721855.0,1775906099999,248673680.80409,3808,97211410.7,130878124.16509,0
1775906100000,1.3469,1.3486,1.3443,1.3443,583682317.2,1775906999999,786062940.34719,4835,266133717.7,358682004.21589,0
1775907000000,1.3443,1.3448,1.3435,1.3444,162370154.4,1775907899999,218222864.12862,3004,19670403.4,26448688.71929,0
1775907900000,1.3444,1.3453,1.3443,1.3448,85056480.6,1775908799999,114383853.69040,2952,80644768.7,108452741.19426,0
1775908800000,1.3448,1.3453,1.3433,1.3435,125417260.4,1775909699999,168565183.94046,3062,3459336.9,4647598.33466,0
1775909700000,1.3435,1.3441,1.3423,1.3423,357594644.6,1775910599999,480264125.66668,3783,137791411.0,185087980.51325,0
1775910600000,1.3424,1.3448,1.3415,1.3448,406048110.8,1775911499999,545210648.29233,4643,286179369.8,384251030.56004,0
1775911500000,1.3448,1.3453,1.3434,1.3436,288124126.7,1775912399999,387244494.28543,3455,13051156.1,17534234.45179,0
1775912400000,1.3436,1.3436,1.3401,1.3412,653094402.4,1775913299999,876423587.80562,5262,197800123.9,265417786.11237,0
1775913300000,1.3412,1.3432,1.3408,1.3408,564981732.0,1775914199999,758054585.63961,4203,231301519.9,310389812.48054,0
1775914200000,1.3408,1.3434,1.3399,1.3431,458340081.8,1775915099999,614684262.89843,4177,302744213.5,406134666.69071,0
1775915100000,1.3431,1.3442,1.3429,1.3442,279346343.0,1775915999999,375367091.45462,3819,253190365.3,340226643.55320,0
1775916000000,1.3442,1.3457,1.3439,1.3457,311454838.0,1775916899999,418802452.47603,3558,209380060.2,281601833.06896,0
1775916900000,1.3457,1.348,1.3439,1.3442,726186268.8,1775917799999,977400211.67483,4891,456647128.7,614835916.64234,0
1775917800000,1.3442,1.3445,1.341,1.3413,522601845.6,1775918699999,701409354.46746,4813,94189426.3,126356324.80321,0
1775918700000,1.3413,1.3419,1.3413,1.3415,22559867.0,1775919599999,30265263.48062,2519,15734650.8,21108592.22687,0
1775919600000,1.3415,1.3422,1.3415,1.3419,9465883.6,1775920499999,12699464.54609,2223,9405494.1,12618451.55653,0
1775920500000,1.3419,1.3448,1.3389,1.3425,1013622869.5,1775921399999,1359856792.20362,6297,352313556.1,472896757.84630,0
1775921400000,1.3425,1.345,1.3424,1.3444,490447431.9,1775922299999,658944605.68169,4790,410321333.3,551272418.81294,0
1775922300000,1.3444,1.3457,1.3435,1.3453,266647532.3,1775923199999,358640044.08157,3702,208948238.7,281038373.37964,0
1775923200000,1.3453,1.3478,1.345,1.3478,346651023.0,1775924099999,466806826.46059,3471,337236952.5,454134570.46041,0
1775924100000,1.3477,1.3488,1.3469,1.3479,314112568.8,1775924999999,423324855.91828,3183,196464867.0,264797948.80361,0
1775925000000,1.3479,1.3546,1.3475,1.3546,869026312.0,1775925899999,1173503019.44811,4691,856770339.9,1156906741.67978,0
1775925900000,1.3546,1.3559,1.3532,1.3543,540252761.6,1775926799999,731691619.58644,3653,242119633.1,327978327.80044,0
1775926800000,1.3543,1.3545,1.3515,1.3516,522907630.8,1775927699999,707427421.40102,4447,100075.4,135492.31807,0
1775927700000,1.3515,1.353,1.3508,1.3517,482735382.5,1775928599999,652675594.22851,4425,259872881.8,351353729.42338,0
1775928600000,1.3517,1.3538,1.3515,1.3537,93247884.8,1775929499999,126160724.66312,2849,84665137.3,114546441.27151,0
1775929500000,1.3537,1.3538,1.3515,1.352,285806769.8,1775930399999,386635857.77534,4194,98450509.2,133174114.71614,0
1775930400000,1.352,1.3524,1.3507,1.3516,270370041.5,1775931299999,365347406.22538,3223,69042445.6,93327378.59986,0
1775931300000,1.3517,1.3544,1.3507,1.3544,417566825.0,1775932199999,564959565.81357,3548,391465558.5,529616504.59954,0
1775932200000,1.3544,1.3641,1.3542,1.3638,1099578534.0,1775933099999,1493544254.52894,4853,993325686.7,1349083321.46749,0
1775933100000,1.3638,1.3656,1.3624,1.3632,704918350.4,1775933999999,961315866.36979,5300,176278126.8,240523590.53354,0
1775934000000,1.3629,1.3681,1.3627,1.3669,1147582617.4,1775934899999,1566520224.33176,6212,872837014.4,1191456946.19639,0
1775934900000,1.3669,1.3696,1.3651,1.3687,978234703.0,1775935799999,1337466328.20867,6632,476555128.2,651655565.88538,0
1775935800000,1.3686,1.3726,1.3686,1.3714,789779752.2,1775936699999,1082628696.08029,5048,561415695.3,769441957.29808,0
1775936700000,1.3714,1.3714,1.3689,1.3706,350836028.5,1775937599999,480653763.14087,3506,155436072.1,212989358.45155,0
1775937600000,1.3706,1.3723,1.3685,1.3691,539656112.2,1775938499999,739580728.10024,3273,162759867.7,223179673.68546,0
1775938500000,1.3691,1.3694,1.364,1.364,592960768.5,1775939399999,810084007.68372,3923,118839453.5,162261966.97162,0
1775939400000,1.364,1.364,1.358,1.3603,990420545.1,1775940299999,1347128502.33027,5945,312289210.1,424597786.98798,0
1775940300000,1.3603,1.3633,1.3598,1.3613,675280414.1,1775941199999,919578830.90587,5103,422158668.4,574814361.27743,0
1775941200000,1.3613,1.3626,1.3593,1.3622,755465107.3,1775942099999,1028326329.18391,5482,428303868.6,583154970.57391,0
1775942100000,1.3622,1.3633,1.3604,1.3611,685968016.0,1775942999999,934221911.74092,5759,273737178.9,372854457.20071,0
1775943000000,1.3611,1.3637,1.3598,1.3636,512523684.8,1775943899999,697996765.74179,3782,437344723.9,595717324.22855,0
1775943900000,1.3636,1.3645,1.3612,1.3616,285013091.2,1775944799999,388559047.38210,2680,95978511.3,130915335.73945,0
1775944800000,1.3617,1.3663,1.3615,1.3661,707541512.5,1775945699999,965240379.24364,4724,699999577.2,954938497.59576,0
1775945700000,1.3661,1.3688,1.3639,1.3652,686229201.9,1775946599999,937236125.09485,4771,203387230.1,277820201.09858,0
1775946600000,1.3652,1.3654,1.3596,1.3614,843243979.2,1775947499999,1148418246.83011,5103,360349292.9,490688812.90679,0
1775947500000,1.3614,1.3619,1.36,1.3612,446153161.6,1775948399999,607101560.90444,4010,148596877.3,202211782.97734,0
1775948400000,1.3612,1.3613,1.3521,1.3534,890181066.6,1775949299999,1206731656.52890,5343,171096570.4,231573519.27315,0
1775949300000,1.3534,1.3558,1.3534,1.3551,414302666.4,1775950199999,561265225.93263,3512,414242147.2,561183270.54315,0
1775950200000,1.3551,1.356,1.354,1.355,449092738.5,1775951099999,608602064.61202,4096,215112399.8,291518822.48316,0
1775951100000,1.355,1.3554,1.3535,1.3539,293734264.1,1775951999999,397904930.80042,3918,117414564.4,159077887.07741,0
1775952000000,1.3539,1.3539,1.3517,1.352,513460702.6,1775952899999,694602973.28380,4497,199241243.2,269525999.15545,0
1775952900000,1.352,1.3524,1.351,1.3517,356238709.5,1775953799999,481527783.86537,3787,184323422.5,249190803.23911,0
1775953800000,1.3517,1.3531,1.3509,1.3526,422021550.0,1775954699999,570679050.85018,4092,162479781.7,219744284.27237,0
1775954700000,1.3525,1.3528,1.3521,1.3526,282281106.5,1775955599999,381771056.33371,3117,88185363.5,119272720.74014,0
1775955600000,1.3526,1.3551,1.3518,1.3543,907059053.9,1775956499999,1227949487.93754,5132,534094836.3,723095812.67637,0
1775956500000,1.3543,1.3546,1.3537,1.3539,56460431.9,1775957399999,76448305.47800,2370,15908330.3,21546245.57494,0
1775957400000,1.3539,1.3543,1.3318,1.3318,1428437139.5,1775958299999,1922693929.78168,6320,47202072.9,63325806.75033,0
1775958300000,1.3315,1.3323,1.3257,1.3288,917916487.5,1775959199999,1219898888.31692,4869,384858340.1,511561988.29879,0
1775959200000,1.3288,1.3435,1.3248,1.3359,1168728352.5,1775960099999,1551777016.32527,5356,779470577.2,1035238197.90882,0
1775960100000,1.3359,1.3415,1.3318,1.3338,1071529871.8,1775960999999,1429347424.04252,5380,764675779.4,1020151881.15740,0
1775961000000,1.3338,1.3358,1.3336,1.3348,498894623.5,1775961899999,665866434.57076,3946,280502713.6,374406722.77942,0
1775961900000,1.3348,1.3349,1.3325,1.3337,337327150.5,1775962799999,449879187.11345,3570,75207965.5,100300573.88471,0
1775962800000,1.3337,1.3358,1.332,1.3336,676876932.1,1775963699999,902904000.61697,4651,405152219.9,540526046.05057,0
1775963700000,1.3336,1.3346,1.3309,1.3313,658318555.6,1775964599999,877499446.62820,4766,263620932.7,351606629.96437,0
1775964600000,1.3313,1.3322,1.3295,1.3313,814314500.2,1775965499999,1083729556.01184,5702,478930896.3,637442719.19085,0
1775965500000,1.3314,1.3314,1.3293,1.3293,318945597.1,1775966399999,424344427.21707,3160,5683799.5,7559378.78724,0
1775966400000,1.3293,1.3299,1.3278,1.3281,394728083.1,1775967299999,524518635.61049,4034,143356365.0,190535424.92060,0
1775967300000,1.3281,1.3283,1.3263,1.3273,471157469.9,1775968199999,625269995.89164,4135,154763684.1,205388180.83192,0
1775968200000,1.3274,1.3287,1.3266,1.3287,207482269.9,1775969099999,275465719.41699,3692,116430261.6,154636539.91861,0
1775969100000,1.3286,1.3291,1.327,1.3271,222218461.3,1775969999999,295153379.93933,3124,80036817.5,106365595.10296,0
1775970000000,1.327,1.3286,1.3267,1.3271,311758160.8,1775970899999,413965021.23276,3668,215539720.7,286234631.81846,0
1775970900000,1.3271,1.3299,1.326,1.3299,678500514.4,1775971799999,901109492.30993,5206,518889546.8,689360232.91598,0
1775971800000,1.3299,1.3303,1.3284,1.3289,267171924.1,1775972699999,355223932.08878,3334,62377196.5,82963012.39335,0
1775972700000,1.3288,1.3301,1.3284,1.3296,211118648.6,1775973599999,280722956.23466,3210,138032191.0,183532086.10560,0
1775973600000,1.3296,1.3312,1.3293,1.3312,315643462.9,1775974499999,419794929.52213,4207,176370046.4,234609765.77140,0
1775974500000,1.3312,1.3312,1.3295,1.3303,181377548.0,1775975399999,241330392.03015,3226,52475233.7,69778139.67624,0
1775975400000,1.3303,1.3304,1.3284,1.3284,302246090.0,1775976299999,401685953.74517,2936,30508.0,40545.90111,0
1775976300000,1.3284,1.3287,1.328,1.3284,252473806.7,1775977199999,335382350.24212,3341,65788419.4,87400706.46829,0
1775977200000,1.3283,1.3286,1.3266,1.3282,538355639.2,1775978099999,714674711.99610,4585,257472704.5,341803077.66128,0
1775978100000,1.3282,1.3284,1.3269,1.3281,197968758.7,1775978999999,262755058.69089,3750,87261371.3,115813453.68197,0
1775979000000,1.3281,1.3299,1.328,1.3298,229289376.1,1775979899999,304785477.08789,3704,190802457.2,253610976.65340,0
1775979900000,1.3298,1.33,1.3289,1.3289,273517948.1,1775980799999,363658813.21560,3559,107152236.0,142471485.23676,0
1775980800000,1.329,1.329,1.328,1.3282,139436217.3,1775981699999,185215917.97059,2755,25037366.7,33252613.66918,0
1775981700000,1.3282,1.3297,1.3281,1.3297,159042066.1,1775982599999,211394739.69303,3610,152141146.9,202228231.79397,0
1775982600000,1.3297,1.3307,1.3297,1.3304,91589521.5,1775983499999,121831505.68665,3671,81989457.7,109059187.05274,0
1775983500000,1.3304,1.3305,1.327,1.3276,476716165.5,1775984399999,633428654.48054,4626,8978580.8,11945633.24171,0
1775984400000,1.3276,1.3285,1.3257,1.3285,463960861.8,1775985299999,615474578.34301,4032,116024944.5,153974783.10291,0
1775985300000,1.3284,1.3311,1.3284,1.33,511695363.0,1775986199999,680432288.65774,4075,430549445.7,572476697.30253,0
1775986200000,1.33,1.3303,1.3293,1.3293,81067648.5,1775987099999,107797842.21562,2831,109175.3,145230.37145,0
1775987100000,1.3294,1.3295,1.3284,1.3294,198682284.0,1775987999999,264095933.68164,3300,117055316.6,155598409.03899,0
1775988000000,1.3294,1.3312,1.3293,1.3303,323542895.4,1775988899999,430371681.36914,3593,276849907.9,368231924.86435,0
1775988900000,1.3303,1.3312,1.3302,1.3312,148607027.3,1775989799999,197748913.36507,3256,134779824.4,179350211.64783,0
1775989800000,1.3312,1.3322,1.3307,1.3309,27245366.0,1775990699999,36264895.67718,2934,9393202.3,12503445.08041,0
1775990700000,1.3308,1.3314,1.3289,1.3294,300190918.7,1775991599999,399208844.56153,3234,2096143.5,2789690.73830,0
1775991600000,1.3293,1.3326,1.3292,1.3317,710474618.1,1775992499999,945463643.60927,4550,607653108.7,808648570.18873,0
1775992500000,1.3317,1.3321,1.3308,1.3312,116956144.4,1775993399999,155686591.42783,3368,3048498.9,4058881.88726,0
1775993400000,1.3312,1.3321,1.3308,1.3321,168399750.3,1775994299999,224243864.18031,3211,102495729.1,136516633.29421,0
1775994300000,1.3321,1.3325,1.3321,1.3321,145136709.5,1775995199999,193366605.43852,2669,94032313.2,125278516.99986,0
1775995200000,1.3321,1.3322,1.3297,1.3299,420908276.4,1775996099999,560170855.45467,3771,153212828.6,203830426.08876,0
1775996100000,1.3299,1.3307,1.3293,1.3297,45235295.1,1775996999999,60136563.60186,2544,13114.7,17442.39657,0
1775997000000,1.3297,1.3329,1.3271,1.3328,779482987.8,1775997899999,1036715396.27939,5461,531484360.7,707306673.39160,0
1775997900000,1.3328,1.3333,1.3299,1.3303,438696122.7,1775998799999,584238955.77004,4043,125806011.6,167570727.82747,0
1775998800000,1.3303,1.331,1.3269,1.3277,1130487955.5,1775999699999,1502709861.46295,5682,527171849.4,700856687.89416,0
1775999700000,1.3277,1.3318,1.3277,1.3295,733223819.4,1776000599999,975402514.64001,5080,515994647.3,686429934.29850,0
1776000600000,1.3295,1.3313,1.3261,1.3271,905214801.1,1776001499999,1202661205.80472,6235,490295845.2,651576426.78821,0
1776001500000,1.3271,1.3273,1.3225,1.3226,792536236.9,1776002399999,1049829946.98711,5215,104303492.3,138324839.40040,0
1776002400000,1.3226,1.3243,1.3212,1.3233,758896325.0,1776003299999,1004114577.92992,5818,385536779.0,510120811.98935,0
1776003300000,1.3233,1.3258,1.3232,1.3258,341273712.3,1776004199999,452156955.72980,4030,280179068.0,371229837.88573,0
1776004200000,1.3258,1.3259,1.3231,1.3234,574846442.4,1776005099999,761482629.75775,4690,147699510.1,195683149.18148,0
1776005100000,1.3234,1.3267,1.3218,1.3218,820265988.7,1776005999999,1085954397.24169,5092,516434603.8,683870286.74483,0
1776006000000,1.3218,1.3241,1.3215,1.3239,278190517.4,1776006899999,368029822.76333,2664,254563275.1,336801121.89993,0
1776006900000,1.324,1.3241,1.3218,1.3218,391952981.8,1776007799999,518550258.04280,3410,138870516.5,183760832.49943,0
1776007800000,1.3218,1.3233,1.3191,1.3229,515278676.4,1776008699999,680815071.64457,4002,393094586.0,519464438.07343,0
1776008700000,1.3229,1.3239,1.3227,1.323,320841933.8,1776009599999,424558494.87343,3844,206815199.2,273674936.11660,0
1776009600000,1.3231,1.3254,1.3227,1.3251,736843723.5,1776010499999,975648083.83406,5019,459378277.5,608375148.85672,0
1776010500000,1.3254,1.3261,1.3234,1.3255,275436838.2,1776011399999,364928351.27345,3746,214517097.4,284241257.97840,0
1776011400000,1.3255,1.326,1.3242,1.3251,292528388.0,1776012299999,387565573.59229,4101,176958494.0,234469842.89296,0
1776012300000,1.3251,1.3272,1.3251,1.3268,476378756.0,1776013199999,631861271.80224,4510,360129875.0,477633943.05743,0
1776013200000,1.3268,1.3287,1.3264,1.3267,539406564.8,1776014099999,716125136.03018,4091,161714253.4,214753553.67606,0
1776014100000,1.3267,1.3283,1.3264,1.3281,228658217.3,1776014999999,303598695.99450,3395,219414523.2,291322185.35233,0
1776015000000,1.3281,1.3295,1.3281,1.3294,201000992.0,1776015899999,267099594.01736,2962,200829744.1,266871955.44637,0
1776015900000,1.3294,1.333,1.3283,1.3315,767933573.1,1776016799999,1021878678.92125,5355,450506954.5,599516496.22306,0
1776016800000,1.3315,1.333,1.331,1.3315,313329924.6,1776017699999,417300148.01900,3431,58813076.7,78362673.13290,0
1776017700000,1.3315,1.3323,1.3297,1.3297,580682524.9,1776018599999,772920423.84807,4640,86218051.1,114836429.25335,0
1776018600000,1.3297,1.331,1.3296,1.3301,458723783.2,1776019499999,610204408.81821,4335,196206877.5,260996657.00957,0
1776019500000,1.33,1.3302,1.3296,1.3299,94742203.6,1776020399999,125987259.64501,2570,69957163.9,93028442.36357,0
1776020400000,1.3299,1.3299,1.3296,1.3296,82799944.9,1776021299999,110096975.32699,2426,15113227.4,20096711.88266,0
1776021300000,1.3296,1.3303,1.3289,1.3302,126253141.2,1776022199999,167874221.65848,3557,49389847.3,65692108.55888,0
1776022200000,1.3302,1.3311,1.3299,1.3308,215515810.9,1776023099999,286720035.63022,3678,87875485.3,116911359.29280,0
1776023100000,1.3308,1.331,1.3292,1.3303,209785124.1,1776023999999,279071556.51949,3256,33916698.2,45100394.54368,0
1776024000000,1.3302,1.3314,1.3292,1.3293,444439755.4,1776024899999,591281214.73367,4566,78642001.9,104637105.86585,0
1776024900000,1.3292,1.3317,1.3289,1.3315,486162347.9,1776025799999,646762546.67194,4678,253636331.2,337461911.70639,0
1776025800000,1.3315,1.3381,1.3314,1.3381,875333290.8,1776026699999,1167627535.35518,5776,654050810.6,872688176.43645,0
1776026700000,1.3374,1.3387,1.335,1.3359,843233906.8,1776027599999,1126698508.88579,5391,372929139.6,498407628.60576,0
1776027600000,1.336,1.338,1.3343,1.3352,648269401.7,1776028499999,866287610.11901,4806,289673368.0,387238261.46254,0
1776028500000,1.3352,1.3363,1.3351,1.3354,214252217.2,1776029399999,286193327.52673,3570,161197546.3,215343137.99191,0
1776029400000,1.3355,1.3366,1.333,1.3355,563384702.7,1776030299999,751898869.95336,5017,260032241.4,347094186.13299,0
1776030300000,1.3355,1.336,1.3349,1.3353,87805747.0,1776031199999,117241210.59285,2643,23042685.1,30767574.21715,0
1776031200000,1.3353,1.3353,1.3256,1.3301,1548617509.4,1776032099999,2057506499.16687,6450,775263453.5,1029476909.84024,0
1776032100000,1.3301,1.3301,1.3248,1.3251,877728503.2,1776032999999,1164888479.15698,5431,206087104.0,273591015.75504,0
1776033000000,1.3251,1.3292,1.3227,1.3272,1031853426.6,1776033899999,1367967347.91903,5358,799121946.3,1059602100.76590,0
1776033900000,1.3272,1.3276,1.3256,1.3273,757904121.5,1776034799999,1005374551.63590,5285,455337076.3,604059664.56772,0
1776034800000,1.3274,1.3274,1.3227,1.3232,947994377.9,1776035699999,1255825880.95544,5894,264755625.2,350697506.78181,0
1776035700000,1.3232,1.3255,1.3225,1.3252,469498976.7,1776036599999,621752154.62677,4053,374904113.9,496568538.98737,0
1776036600000,1.3252,1.3255,1.322,1.3243,602106116.9,1776037499999,796910542.64213,4237,270417692.3,357916376.73063,0
1776037500000,1.3243,1.3256,1.3225,1.3239,622972352.5,1776038399999,824781077.99538,5103,309780244.6,410159293.38261,0
1776038400000,1.324,1.3282,1.3226,1.3273,1138600888.8,1776039299999,1509707610.54892,6010,973103121.5,1290331886.94922,0
1776039300000,1.3273,1.3301,1.3259,1.3293,826319717.7,1776040199999,1097138464.19700,5933,430933812.2,572325932.30165,0
1776040200000,1.3293,1.3304,1.3279,1.3281,544192287.2,1776041099999,723250038.92025,4533,189318975.8,251646959.20894,0
1776041100000,1.3281,1.3318,1.3277,1.331,491700294.4,1776041999999,653977827.81699,3720,395536261.8,526087016.84889,0
1776042000000,1.331,1.3311,1.3282,1.3283,493468373.6,1776042899999,656150299.72314,4504,154217095.9,205102029.56671,0
1776042900000,1.3283,1.3283,1.3275,1.3279,59849753.2,1776043799999,79458640.00065,2475,30039.8,39891.40926,0
1776043800000,1.3279,1.3298,1.326,1.3297,1058481289.6,1776044699999,1405803275.33447,5782,771459244.3,1024843897.42378,0
1776044700000,1.3297,1.3324,1.3296,1.3317,576374709.7,1776045599999,767246157.27111,4476,429322915.3,571497560.24785,0
1776045600000,1.3317,1.3326,1.3265,1.3265,929603331.9,1776046499999,1235837938.36722,5279,106722078.4,141947294.44673,0
1776046500000,1.3265,1.3307,1.3259,1.3287,664468850.4,1776047399999,882496289.85765,4728,363225332.0,482380355.31388,0
1776047400000,1.3287,1.3297,1.3244,1.3244,509473748.0,1776048299999,676512421.24812,4378,74372371.5,98857085.47891,0
1776048300000,1.3244,1.3249,1.3238,1.3245,90618532.2,1776049199999,119981720.23712,2829,11780.6,15604.23140,0
1776049200000,1.3245,1.3264,1.3236,1.3264,372351526.2,1776050099999,493330224.75034,3731,277373324.2,367538736.79703,0
1776050100000,1.3264,1.3278,1.3257,1.3261,537400953.5,1776050999999,713078227.42236,4077,294021769.0,390186829.77443,0
1776051000000,1.3261,1.3262,1.3241,1.3248,424667214.9,1776051899999,562710014.69424,3552,225227601.4,298456749.15618,0
1776051900000,1.3249,1.3249,1.3244,1.3245,70405785.2,1776052799999,93264052.98263,1733,35764.9,47375.26259,0
1776052800000,1.3246,1.3261,1.3234,1.3241,178386990.8,1776053699999,236241993.72959,2686,50424756.8,66776982.69351,0
1776053700000,1.3241,1.3261,1.3234,1.3245,255561014.0,1776054599999,338525513.38085,3385,182547988.9,241784706.88085,0
1776054600000,1.3245,1.3265,1.3243,1.3251,297654792.4,1776055499999,394550273.77011,3099,181541160.0,240662982.14629,0
1776055500000,1.3251,1.3252,1.3189,1.3221,1083893037.1,1776056399999,1432971048.11542,5875,207665111.1,274292764.74518,0
1776056400000,1.3221,1.3224,1.3211,1.3222,404863162.9,1776057299999,535172022.62311,4502,133775761.5,176857711.34676,0
1776057300000,1.3222,1.3239,1.3221,1.3237,327037645.2,1776058199999,432744238.67225,3884,252440315.8,334044352.83316,0
1776058200000,1.3237,1.3248,1.3227,1.3242,385027298.3,1776059099999,509615345.34730,4442,251916437.8,333475259.43274,0
1776059100000,1.3241,1.3313,1.3241,1.3311,1006242753.1,1776059999999,1336219060.11806,5861,859211858.1,1140705976.18721,0
1776060000000,1.3309,1.3335,1.3306,1.3319,459046890.8,1776060899999,611581645.85288,4144,342845173.9,456753966.36018,0
1776060900000,1.3319,1.3363,1.3319,1.3355,690243314.8,1776061799999,921062322.51946,4725,588120622.5,784700614.45062,0
1776061800000,1.3356,1.3363,1.332,1.3336,761797445.0,1776062699999,1016105982.05267,5039,362872814.2,483989827.49698,0
1776062700000,1.3336,1.3347,1.3335,1.334,446584132.2,1776063599999,595798875.28879,3959,245867373.0,328010783.14885,0
1776063600000,1.334,1.3347,1.3317,1.3318,284034871.9,1776064499999,378687448.98361,3548,83622740.8,111574913.79983,0
1776064500000,1.3318,1.3318,1.3277,1.3281,538614800.4,1776065399999,716309061.62916,4044,10616950.7,14108785.16300,0
1776065400000,1.3281,1.329,1.3264,1.3265,726042706.8,1776066299999,963991188.43900,5191,293316348.9,389597047.51560,0
1776066300000,1.3265,1.3274,1.3246,1.3247,305138179.9,1776067199999,404573308.18730,3695,91104550.6,120783380.78279,0
1776067200000,1.3247,1.3273,1.3225,1.3268,818427838.1,1776068099999,1084433125.33487,5233,387587819.4,513821325.38143,0
1776068100000,1.3268,1.327,1.3247,1.3253,417740249.3,1776068999999,553822644.95713,3845,116633766.4,154622120.11948,0
1776069000000,1.3254,1.3254,1.3227,1.3233,591828140.8,1776069899999,783579886.70586,4706,92349522.2,122237880.83036,0
1776069900000,1.3233,1.3248,1.3224,1.3248,467025732.0,1776070799999,618244301.92376,4882,403702862.0,534474506.12529,0
1776070800000,1.3248,1.3296,1.3248,1.3268,789832768.5,1776071699999,1048725958.08932,4746,609810831.2,809642669.22128,0
1776071700000,1.3268,1.3273,1.3251,1.3262,529209427.7,1776072599999,701858243.75682,4202,263761938.8,349810973.40181,0
1776072600000,1.3263,1.3275,1.3246,1.3265,502537879.3,1776073499999,666558308.75257,3440,327363976.0,434204840.16763,0
1776073500000,1.3265,1.3267,1.326,1.326,123689018.9,1776074399999,164069277.67338,3122,43909517.1,58248667.23572,0
1776074400000,1.326,1.3267,1.3247,1.3259,210631394.7,1776075299999,279207517.10885,3221,131129544.4,173817503.48314,0
1776075300000,1.3259,1.3259,1.3242,1.3247,477706813.6,1776076199999,632930439.80394,4613,209313547.7,277337392.97223,0
1776076200000,1.3247,1.3256,1.3229,1.3241,724806342.3,1776077099999,959829527.44710,4982,396610928.0,525264941.46321,0
1776077100000,1.3241,1.3251,1.3235,1.3237,298011911.3,1776077999999,394548311.05400,3763,144495287.1,191312416.76169,0
1776078000000,1.3237,1.326,1.3235,1.3255,320009982.5,1776078899999,424053433.74498,3431,243747543.7,323024581.57783,0
1776078900000,1.3255,1.3261,1.325,1.3257,19739742.9,1776079799999,26175048.68187,2100,19703559.9,26127094.70105,0
1776079800000,1.3257,1.3268,1.3248,1.3268,512834058.1,1776080699999,679767693.72006,4552,326610346.1,432987708.63543,0
1776080700000,1.3268,1.3271,1.325,1.325,266731210.6,1776081599999,353638322.17719,3218,10628830.2,14102880.82811,0
1776081600000,1.3251,1.327,1.3237,1.3258,751789782.9,1776082499999,996369413.93104,4575,551395370.0,730939966.94109,0
1776082500000,1.3258,1.327,1.3233,1.3234,318620489.5,1776083399999,422172703.80310,4264,58808700.0,77965779.89538,0
1776083400000,1.3233,1.3256,1.3229,1.325,603948247.1,1776084299999,799820805.06667,5038,431114355.2,570955901.31373,0
1776084300000,1.3251,1.3333,1.325,1.3313,958196245.3,1776085199999,1273325440.87867,5194,902034443.8,1198551018.29008,0
1776085200000,1.3313,1.3332,1.3299,1.333,669341325.1,1776086099999,891213829.47316,5049,443984991.3,591210356.53425,0
1776086100000,1.333,1.3333,1.3299,1.3315,766088330.2,1776086999999,1020169393.85328,4592,284022063.2,378201539.82200,0
1776087000000,1.3315,1.3316,1.3275,1.3289,937033922.7,1776087899999,1245521295.98358,4899,309796277.6,411817829.02730,0
1776087900000,1.3289,1.3372,1.3275,1.3366,1181270434.1,1776088799999,1575343963.38051,5651,783024844.7,1044337632.43938,0
1776088800000,1.3366,1.3399,1.3349,1.3368,1077589567.9,1776089699999,1441242287.91795,5697,591859768.5,791607277.32125,0
1776089700000,1.3368,1.3377,1.3329,1.3347,943420208.5,1776090599999,1259979374.54083,6675,512726699.5,684871311.04834,0
1776090600000,1.3347,1.3411,1.3346,1.3408,998722482.8,1776091499999,1335950084.42530,5399,753279185.0,1007668707.58072,0
1776091500000,1.3408,1.3459,1.3388,1.3455,1230843298.1,1776092399999,1651014061.38172,5714,765474511.1,1027390733.79687,0
1776092400000,1.3455,1.3459,1.3378,1.3382,881921280.6,1776093299999,1181687417.66541,5528,278811327.2,373375053.24144,0
1776093300000,1.3382,1.3386,1.3351,1.3361,679844956.1,1776094199999,908724113.37217,5067,264854285.3,354027968.62241,0
1776094200000,1.3361,1.3367,1.3311,1.332,924111622.5,1776095099999,1231875082.03071,4669,117032051.7,155935937.43896,0
1776095100000,1.3319,1.3334,1.3314,1.3334,218322189.7,1776095999999,290951159.82066,3341,180067850.7,239995892.70153,0
1776096000000,1.3332,1.3351,1.3293,1.3351,1116366328.3,1776096899999,1487556958.43366,5729,582295570.2,776336558.15295,0
1776096900000,1.3351,1.3391,1.3336,1.339,884116535.8,1776097799999,1181604722.93775,5939,646347324.7,864006120.76432,0
1776097800000,1.339,1.3405,1.3385,1.3401,901270822.9,1776098699999,1207177162.04346,5143,523306458.7,700901653.07770,0
1776098700000,1.3401,1.3409,1.3371,1.3392,965810834.0,1776099599999,1293160506.91198,5930,501738985.3,671823193.57727,0
1776099600000,1.3392,1.3393,1.3366,1.3379,714983506.7,1776100499999,956641876.14802,4676,325206913.3,435178462.81774,0
1776100500000,1.3379,1.3407,1.3378,1.3407,761358694.0,1776101399999,1019509806.71543,5092,519955191.9,696321561.55569,0
1776101400000,1.3407,1.3439,1.3406,1.3428,746470919.9,1776102299999,1002042519.56586,4972,433181453.0,581416529.58664,0
1776102300000,1.3428,1.344,1.3373,1.3373,962829947.5,1776103199999,1290548136.75130,5808,147357908.6,197875169.45843,0
1776103200000,1.3374,1.3381,1.3357,1.337,663272457.7,1776104099999,886764368.28490,5505,249556186.3,333677037.54456,0
1776104100000,1.337,1.338,1.3337,1.334,908766880.3,1776104999999,1214186712.13367,5470,335519266.3,448365859.92112,0
1776105000000,1.334,1.3394,1.3337,1.3392,637895440.3,1776105899999,852990054.08921,5012,555514201.1,742776066.95069,0
1776105900000,1.3393,1.3398,1.3374,1.3398,436014900.6,1776106799999,583577299.02082,3690,181898376.0,243514497.73522,0
1776106800000,1.3398,1.3399,1.3388,1.3388,154198866.5,1776107699999,206506332.19260,2192,42103360.9,56400361.11592,0
1776107700000,1.3388,1.3461,1.3387,1.3451,1057875742.2,1776108599999,1419812433.23532,5164,747816769.8,1003424700.51294,0
1776108600000,1.3451,1.3484,1.3445,1.3473,996078418.1,1776109499999,1341812559.26380,5215,574400512.3,773758930.89099,0
1776109500000,1.3472,1.355,1.3472,1.353,816635284.6,1776110399999,1103834872.09550,4812,641334350.5,866628371.15908,0
1776110400000,1.353,1.3546,1.3508,1.3508,581162906.2,1776111299999,786395300.18420,3514,218323080.6,295520592.43709,0
1776111300000,1.3508,1.3511,1.3493,1.3495,417092454.8,1776112199999,563084259.81743,4163,140269712.2,189358891.12217,0
1776112200000,1.3495,1.3506,1.3476,1.349,845579198.4,1776113099999,1140662166.75378,5067,397532834.9,536237483.86269,0
1776113100000,1.349,1.3492,1.3465,1.3465,413353865.8,1776113999999,557072614.09432,4523,101629653.1,136957394.96599,0
1776114000000,1.3465,1.3496,1.3433,1.3492,1012505348.0,1776114899999,1363135748.61538,6364,699719978.7,942247259.02064,0
1776114900000,1.3492,1.351,1.3489,1.3504,393748013.4,1776115799999,531524516.79014,4172,218300031.3,294716010.60905,0
1776115800000,1.3505,1.3527,1.3495,1.3516,680569705.1,1776116699999,919568804.01360,4628,372536622.2,503475569.04905,0
1776116700000,1.3516,1.3518,1.3502,1.3503,586110361.3,1776117599999,791885725.00194,4378,246434080.4,332935959.20744,0
1776117600000,1.3503,1.3575,1.35,1.3575,1091654627.0,1776118499999,1476763883.06399,5740,835076920.2,1129735008.57433,0
1776118500000,1.3575,1.3724,1.357,1.371,884098479.9,1776119399999,1208338921.60899,4281,560813272.5,765869774.14509,0
1776119400000,1.371,1.3733,1.3676,1.3693,1218553444.8,1776120299999,1669854094.77302,5813,585527421.2,802623873.19530,0
1776120300000,1.3693,1.3749,1.3685,1.3742,955188121.2,1776121199999,1310383679.31488,4348,779751803.5,1069840893.86356,0
1776121200000,1.3743,1.3757,1.3707,1.3752,1033868689.5,1776122099999,1419581728.90031,4849,606766448.6,833338834.83566,0
1776122100000,1.3752,1.3801,1.3734,1.3798,1151336444.9,1776122999999,1585071637.02324,5601,865736095.2,1191934981.23977,0
1776123000000,1.3798,1.3803,1.3762,1.3766,730809087.3,1776123899999,1007086542.62154,4917,71976337.2,99283166.24002,0
1776123900000,1.3766,1.3771,1.3751,1.3755,496783803.7,1776124799999,683685741.44840,5067,282991499.7,389507808.65487,0
1776124800000,1.3756,1.3761,1.367,1.3678,1186891243.9,1776125699999,1627506475.39214,6236,61787917.5,84888871.41090,0
1776125700000,1.3678,1.3678,1.363,1.3636,781695499.3,1776126599999,1067176805.43069,4981,61184135.3,83643119.41348,0
1776126600000,1.3636,1.3666,1.3631,1.3639,733717237.7,1776127499999,1001419614.65720,5015,484738968.7,661684211.50577,0
1776127500000,1.3639,1.3648,1.3607,1.3615,830155477.7,1776128399999,1131752842.92539,4842,314688210.8,429102202.72598,0
1776128400000,1.3615,1.3652,1.3597,1.3652,1014122618.8,1776129299999,1381464781.71211,5905,784189358.6,1068638505.10904,0
1776129300000,1.3652,1.3666,1.3633,1.3634,495036687.2,1776130199999,675619127.37930,4515,227055827.7,309901017.75877,0
1776130200000,1.3634,1.3666,1.3628,1.3662,345171664.7,1776131099999,470961587.12838,3580,243936658.6,332922299.83574,0
1776131100000,1.3662,1.3674,1.3651,1.366,478531744.7,1776131999999,653896393.84559,5177,199219137.9,272289120.90907,0
1776132000000,1.366,1.3675,1.3656,1.3659,497031468.8,1776132899999,679212727.06711,4296,175640479.0,240071524.89052,0
1776132900000,1.3659,1.3685,1.3656,1.368,388506581.9,1776133799999,531369978.08488,4177,202303002.9,276693445.05851,0
1776133800000,1.368,1.3701,1.3646,1.3698,909529471.0,1776134699999,1243494370.51519,5690,511397835.5,699502736.57204,0
1776134700000,1.3698,1.3701,1.367,1.3671,251211854.1,1776135599999,343689649.62568,3252,77571.5,106182.12728,0
1776135600000,1.3671,1.3672,1.3654,1.3658,399497587.9,1776136499999,545821991.65765,3750,107159669.5,146371928.85596,0
1776136500000,1.3658,1.3667,1.3651,1.3653,136356399.8,1776137399999,186259032.58236,2874,75254939.7,102817102.10848,0
1776137400000,1.3653,1.3668,1.3651,1.3667,292565425.0,1776138299999,399629459.70395,3426,205150985.1,280235722.56949,0
1776138300000,1.3667,1.3668,1.3658,1.3665,165029341.3,1776139199999,225464697.72436,3195,80962154.2,110612461.31039,0
1776139200000,1.3665,1.3674,1.3661,1.3672,218163620.4,1776140099999,298241897.96714,2899,214228138.9,292861076.18210,0
1776140100000,1.3671,1.3674,1.3641,1.3641,456796160.8,1776140999999,623789233.17334,4740,96085288.3,131226272.28468,0
1776141000000,1.3641,1.3642,1.3628,1.3634,97774746.2,1776141899999,133344531.54519,3439,57839595.5,78879244.88800,0
1776141900000,1.3634,1.3647,1.36,1.3629,1063307397.5,1776142799999,1449033084.98231,5574,422725308.8,576121783.85970,0
1776142800000,1.3629,1.364,1.3628,1.3629,225522701.4,1776143699999,307456700.38088,3601,73705646.9,100482416.30208,0
1776143700000,1.3629,1.3647,1.3615,1.3641,457601307.4,1776144599999,623531969.73669,3894,242257673.6,330141754.43373,0
1776144600000,1.3641,1.3647,1.3636,1.3644,7206952.3,1776145499999,9828386.99769,2902,998777.9,1362132.75329,0
1776145500000,1.3644,1.3647,1.3609,1.3615,545571632.9,1776146399999,743236385.11251,4409,92970315.8,126565375.45532,0
1776146400000,1.3615,1.3655,1.3614,1.3651,403679231.1,1776147299999,550501505.80133,4351,356758274.4,486438000.22862,0
1776147300000,1.365,1.3685,1.3645,1.3682,443912694.8,1776148199999,606655049.91980,4803,417114316.1,570055827.71274,0
1776148200000,1.3682,1.3723,1.3672,1.3672,921203296.3,1776149099999,1261838843.72818,5676,470779856.8,645230580.33540,0
1776149100000,1.3672,1.3709,1.3672,1.3708,465164729.0,1776149999999,637148038.01400,4728,453746655.8,621497270.90028,0
1776150000000,1.3708,1.3763,1.3705,1.3736,897253660.6,1776150899999,1232401864.06513,5525,670571099.6,921085123.25356,0
1776150900000,1.3736,1.3738,1.368,1.3726,649814186.9,1776151799999,890640877.01456,4674,197764769.5,270943215.94397,0
1776151800000,1.3726,1.3728,1.3699,1.3699,420717701.0,1776152699999,576996430.17426,3906,4450097.3,6100700.56307,0
1776152700000,1.3699,1.37,1.3674,1.3677,468974578.0,1776153599999,642019612.07199,4227,232967462.2,318939979.10626,0
1776153600000,1.3674,1.3681,1.3661,1.3668,479830258.4,1776154499999,655896353.84241,4089,86372235.4,118086732.00413,0
1776154500000,1.3668,1.3696,1.3667,1.3691,493102633.2,1776155399999,674474077.00492,4305,329128907.8,450278953.39302,0
1776155400000,1.3691,1.3736,1.3689,1.3724,846775369.5,1776156299999,1161490589.35572,5205,606355970.2,831563698.77305,0
1776156300000,1.3724,1.3749,1.372,1.3728,493954930.4,1776157199999,678346887.44274,5159,313673369.9,430850758.67181,0
1776157200000,1.3727,1.375,1.3727,1.375,220912838.8,1776158099999,303544660.03413,3454,207287154.9,284828412.44159,0
1776158100000,1.375,1.3751,1.3712,1.3727,739957516.4,1776158999999,1015859936.09168,4587,280942688.8,385618981.02223,0
1776159000000,1.3727,1.3742,1.3712,1.3715,557339150.6,1776159899999,765214177.30656,4830,269586162.3,370181484.85117,0
1776159900000,1.3715,1.3729,1.3707,1.3728,490722122.5,1776160799999,673091189.93311,3870,398142170.6,546171836.93870,0
1776160800000,1.3728,1.3729,1.3709,1.3714,342800649.1,1776161699999,470259549.70293,4236,78585962.5,107814268.54274,0
1776161700000,1.3713,1.3714,1.3697,1.3705,361287397.1,1776162599999,495178879.65085,3804,57891415.7,79355357.83267,0
1776162600000,1.3705,1.371,1.3687,1.3688,273437388.7,1776163499999,374527880.66311,3426,16768845.1,22982520.32320,0
1776163500000,1.3688,1.3702,1.3687,1.3699,213444573.6,1776164399999,292338648.15530,2944,172753052.5,236595874.58059,0
1776164400000,1.3699,1.3729,1.3694,1.3723,601088496.0,1776165299999,824047980.88231,4101,346825692.5,475425965.47408,0
1776165300000,1.3723,1.3726,1.3685,1.3685,499211524.3,1776166199999,684623808.86112,3764,37484068.8,51399755.06449,0
1776166200000,1.3685,1.3689,1.3674,1.3686,474929524.7,1776167099999,649816890.53074,4442,191000748.9,261335346.53219,0
1776167100000,1.3686,1.3705,1.3685,1.3685,603470607.5,1776167999999,826416652.73047,5306,435548007.4,596516752.82623,0
1776168000000,1.3685,1.3701,1.3684,1.3686,324266170.7,1776168899999,444019683.29102,3181,187995924.8,257476317.28958,0
1776168900000,1.3686,1.3703,1.3655,1.3655,740284041.1,1776169799999,1012692649.50663,4744,245636613.4,336293405.12725,0
1776169800000,1.3655,1.3664,1.3642,1.3647,230885423.6,1776170699999,315271600.17325,4002,68778392.2,93935653.72262,0
1776170700000,1.3647,1.3664,1.3642,1.3663,390272162.3,1776171599999,532926137.57221,4230,291303238.4,397799217.69884,0
1776171600000,1.3663,1.3703,1.3663,1.3703,718306685.2,1776172499999,983034691.40258,5284,685463076.1,938083976.16018,0
1776172500000,1.3703,1.375,1.3699,1.3735,606383412.4,1776173399999,832446063.81687,4390,495749767.9,680467183.31185,0
1776173400000,1.3735,1.3829,1.3735,1.3823,1076313249.7,1776174299999,1483404281.60861,5916,871184660.9,1200818938.64168,0
1776174300000,1.3822,1.3918,1.3809,1.391,935128865.0,1776175199999,1297098690.53576,4549,788016043.6,1093129444.15221,0
1776175200000,1.3909,1.3923,1.3845,1.3884,1179684154.3,1776176099999,1639088688.20271,5696,649283422.5,901761285.37092,0
1776176100000,1.3884,1.3887,1.3857,1.387,947716855.0,1776176999999,1314436884.60398,5061,497064196.2,689486658.74598,0
1776177000000,1.387,1.3941,1.3773,1.3773,1134971335.0,1776177899999,1574119855.05697,6091,549974505.7,763441030.49789,0
1776177900000,1.3773,1.3881,1.3723,1.3723,1050819675.5,1776178799999,1444973017.09481,5246,474850472.9,653212005.46935,0
1776178800000,1.3723,1.3748,1.3683,1.3705,1020321742.6,1776179699999,1399656150.57049,5196,454549172.0,623719775.48694,0
1776179700000,1.3705,1.372,1.3693,1.3694,587024171.5,1776180599999,804945292.59963,4477,304882238.6,418138805.05588,0
1776180600000,1.3693,1.3764,1.3693,1.3759,772687737.9,1776181499999,1061337192.82511,4837,603369848.4,828602653.42196,0
1776181500000,1.3759,1.3779,1.3739,1.3739,1171953321.3,1776182399999,1612765563.70914,4888,418717611.8,576320468.61713,0
1776182400000,1.3739,1.3795,1.3739,1.3774,957321364.9,1776183299999,1318624020.97804,4513,723739962.7,996836943.06516,0
1776183300000,1.3773,1.378,1.3727,1.3734,778551748.1,1776184199999,1070165184.56151,4438,228643202.2,314173558.63909,0
1776184200000,1.3734,1.3746,1.3717,1.3744,855705825.9,1776185099999,1175118078.46577,4978,478615135.8,657327604.99815,0
1776185100000,1.3744,1.3745,1.3663,1.3687,885861991.2,1776185999999,1213229713.24837,4317,247567348.3,338650309.64313,0
1776186000000,1.3678,1.3707,1.3673,1.3705,538787683.1,1776186899999,737595655.60712,3541,376113959.9,515019298.47167,0
1776186900000,1.3706,1.3734,1.3696,1.3711,881243146.4,1776187799999,1208473641.71859,4496,441535272.5,605553787.93191,0
1776187800000,1.3711,1.3716,1.3654,1.3691,1129301370.9,1776188699999,1545386895.81086,4977,585969831.4,801972237.59210,0
1776188700000,1.3692,1.3694,1.3678,1.3682,381299387.8,1776189599999,521840561.03725,3043,67024233.7,91744188.07877,0
1776189600000,1.3682,1.3696,1.3658,1.3663,457370605.7,1776190499999,625735802.50768,3709,118528309.5,162248789.94552,0
1776190500000,1.3663,1.3668,1.3614,1.3622,854414705.6,1776191399999,1165307644.69845,4720,163128258.6,222594911.25818,0
1776191400000,1.3622,1.3635,1.3571,1.3579,684778969.0,1776192299999,931613627.77679,4751,92550521.7,125903118.33830,0
1776192300000,1.358,1.3589,1.352,1.354,1131636026.2,1776193199999,1533314230.15830,6469,387563688.1,525152632.71592,0
1776193200000,1.354,1.3578,1.3535,1.3561,624098429.4,1776194099999,846305090.23981,4966,465621730.1,631387360.06590,0
1776194100000,1.3561,1.358,1.3516,1.358,1089578553.5,1776194999999,1476473894.15631,5548,490652359.4,665285750.37103,0
1776195000000,1.358,1.36,1.3565,1.3577,869350028.1,1776195899999,1180442468.07719,4732,306853914.2,416747232.01329,0
1776195900000,1.3577,1.3603,1.3577,1.3601,354769248.7,1776196799999,482121250.47994,3883,284581638.9,386755607.80335,0
1776196800000,1.3601,1.3606,1.3567,1.3595,825571399.6,1776197699999,1121784699.86752,5502,398561267.7,541593909.13577,0
1776197700000,1.3595,1.3597,1.3547,1.3554,671982152.6,1776198599999,911907739.27383,5053,121935031.0,165541296.62788,0
1776198600000,1.3554,1.3579,1.3553,1.3571,671761517.4,1776199499999,911225513.06463,4762,547617420.9,742845999.87375,0
1776199500000,1.3571,1.3574,1.3551,1.3558,535155667.4,1776200399999,725752523.63093,4270,149573116.6,202843074.62780,0
1776200400000,1.3558,1.3595,1.3558,1.3578,699415141.2,1776201299999,949417096.11740,4371,496884487.4,674443280.93889,0
1776201300000,1.3578,1.3585,1.3568,1.3583,335567156.1,1776202199999,455581908.71655,3527,182952001.6,248410934.50818,0
1776202200000,1.3583,1.3596,1.3574,1.3582,458231109.9,1776203099999,622506188.45942,3716,213618881.3,290205392.79614,0
1776203100000,1.3582,1.3609,1.3574,1.3593,628553420.2,1776203999999,854232624.32294,4482,317067536.7,430916348.45409,0
1776204000000,1.3593,1.3635,1.3588,1.363,887349333.2,1776204899999,1207679908.88499,5123,587138283.4,799283326.19062,0
1776204900000,1.363,1.363,1.3599,1.3609,717628982.6,1776205799999,976784506.73358,4712,241579014.7,328785363.18552,0
1776205800000,1.3608,1.362,1.3567,1.3567,903907979.2,1776206699999,1228954194.07053,5360,288099417.5,391765224.65987,0
1776206700000,1.3567,1.3591,1.3554,1.3576,573325517.3,1776207599999,777984232.10931,4205,294089301.1,399095338.30113,0
1776207600000,1.3576,1.3593,1.3568,1.3575,443230236.4,1776208499999,601903505.56086,3449,133900909.2,181883466.26526,0
1776208500000,1.3575,1.3601,1.3568,1.3596,345530040.8,1776209399999,469585601.60488,3457,250486329.4,340393118.94695,0
1776209400000,1.3596,1.3636,1.3589,1.3634,421942177.3,1776210299999,574385728.32660,3647,387663404.9,527749175.81054,0
1776210300000,1.3634,1.3642,1.3601,1.3609,435617906.4,1776211199999,593878265.66897,4221,114189995.8,155729296.33753,0
1776211200000,1.3609,1.3648,1.3606,1.3608,926684685.2,1776212099999,1262684521.52347,5269,476775609.5,649747025.97960,0
1776212100000,1.3608,1.3616,1.3573,1.3606,1195865834.1,1776212999999,1625259421.89671,6215,545789975.1,741794021.63042,0
1776213000000,1.3605,1.3633,1.3601,1.3633,427040987.1,1776213899999,581574401.82669,3841,295775037.6,402945921.49188,0
1776213900000,1.3633,1.3652,1.3608,1.3614,974749874.6,1776214799999,1328936405.17551,5370,435369969.6,593814930.03895,0
1776214800000,1.3614,1.3637,1.3586,1.3636,752189339.5,1776215699999,1023415137.97532,5188,298363379.0,406214577.30576,0
1776215700000,1.3636,1.3637,1.3595,1.361,562242113.1,1776216599999,765309055.91503,4509,122946605.6,167259676.56683,0
1776216600000,1.361,1.3618,1.3588,1.3618,562817120.1,1776217499999,765454076.91326,3983,227273919.6,309204088.27791,0
1776217500000,1.3618,1.3643,1.3609,1.362,796000135.4,1776218399999,1084698329.25861,4600,439815114.6,599326216.56633,0
1776218400000,1.362,1.3632,1.3603,1.3611,483706830.7,1776219299999,658699780.63464,3595,165016561.2,224849013.63438,0
1776219300000,1.3611,1.3618,1.3591,1.3591,478217529.8,1776220199999,650515461.95219,3941,149937303.3,204053683.82219,0
1776220200000,1.3592,1.3592,1.355,1.3557,543707136.7,1776221099999,737572332.20151,4475,85413500.2,115783480.95798,0
1776221100000,1.3557,1.3566,1.3549,1.3566,218263056.0,1776221999999,296004769.79029,2834,218191701.5,295908015.33165,0
1776222000000,1.3566,1.3566,1.3556,1.3563,296044740.3,1776222899999,401459538.82172,3331,128986189.9,174906749.27175,0
1776222900000,1.3562,1.3576,1.3557,1.3565,299702317.1,1776223799999,406701183.79844,3068,288686120.4,391757311.55119,0
1776223800000,1.3565,1.3571,1.3555,1.3559,299338931.6,1776224699999,405945480.12077,3616,85714772.1,116261067.74339,0
1776224700000,1.356,1.3575,1.3559,1.3571,221741162.4,1776225599999,300861214.68117,2743,221694459.0,300797845.63336,0
1776225600000,1.357,1.3589,1.3569,1.3573,446776164.2,1776226499999,606753194.34815,3347,324734937.5,441045445.24807,0
1776226500000,1.3573,1.3589,1.3573,1.3575,240994509.2,1776227399999,327351412.29248,3069,158349790.3,215132924.78466,0
1776227400000,1.3576,1.3589,1.3573,1.3585,257015154.2,1776228299999,348998780.49326,2864,217248187.0,295020304.99184,0
1776228300000,1.3586,1.3589,1.3571,1.3583,228960679.9,1776229199999,310913255.66565,2996,110868610.4,150595033.87888,0
1776229200000,1.3583,1.3606,1.3571,1.3573,422150308.3,1776230099999,573722871.30801,3867,175145992.1,238074664.85381,0
1776230100000,1.3573,1.3576,1.356,1.3562,205217826.0,1776230999999,278409048.16680,2907,22316950.2,30271639.53333,0
1776231000000,1.3562,1.3566,1.3554,1.3565,252728145.7,1776231899999,342730412.09027,3328,212154168.7,287731826.25123,0
1776231900000,1.3565,1.358,1.356,1.3579,344065515.2,1776232799999,466873053.42843,3227,269166253.8,365273264.82050,0
1776232800000,1.3579,1.358,1.3549,1.3556,305547523.7,1776233699999,414415307.73685,3435,87824783.6,119053750.56200,0
1776233700000,1.3556,1.3564,1.3536,1.3544,402919811.4,1776234599999,545674833.76298,3578,228742881.6,309764472.56539,0
1776234600000,1.3547,1.3557,1.3544,1.3557,262401752.6,1776235499999,355600234.29029,2765,262086178.4,355172478.60638,0
1776235500000,1.3557,1.356,1.3544,1.3547,157423833.1,1776236399999,213286541.65511,2809,47926197.5,64951044.50426,0
1776236400000,1.3547,1.3555,1.3539,1.3544,419230159.0,1776237299999,567943604.62921,3153,244968887.5,331931867.88938,0
1776237300000,1.3544,1.3544,1.3504,1.3518,728982322.8,1776238199999,985706723.68018,4352,293338065.8,396372110.74836,0
1776238200000,1.3518,1.3526,1.3509,1.3522,534649677.9,1776239099999,722662754.24376,4313,184311201.8,249130559.06706,0
1776239100000,1.3523,1.3541,1.3509,1.3512,474464298.1,1776239999999,641596904.91588,4072,217928132.0,294684453.45928,0
1776240000000,1.351,1.3544,1.3507,1.3543,457950136.0,1776240899999,619346848.68271,3525,400373048.6,541546731.32148,0
1776240900000,1.3543,1.3547,1.3534,1.3544,295056926.3,1776241799999,399590460.03963,3047,103777536.6,140543743.85267,0
1776241800000,1.3544,1.3563,1.3539,1.355,203657197.7,1776242699999,275976345.16326,2832,153757437.7,208355595.91627,0
1776242700000,1.355,1.3562,1.3542,1.3549,350339477.4,1776243599999,474651407.22893,3327,184288737.4,249683903.87362,0
1776243600000,1.3549,1.3552,1.3522,1.3531,322586192.6,1776244499999,436552696.65011,2826,45305555.9,61302869.61953,0
1776244500000,1.3531,1.3534,1.3501,1.3504,610039671.0,1776245399999,824589446.71094,4148,151168731.1,204301910.05276,0
1776245400000,1.3504,1.3528,1.3503,1.352,238633981.4,1776246299999,322515700.42680,3551,215537757.4,291288187.58966,0
1776246300000,1.352,1.3521,1.3511,1.3518,148392985.4,1776247199999,200577072.74905,2627,59145145.2,79933377.23688,0
1776247200000,1.3518,1.3545,1.3514,1.3539,476906696.6,1776248099999,645051363.17112,4066,383216756.0,518383827.14195,0
1776248100000,1.3539,1.3545,1.3524,1.3533,840432700.5,1776248999999,1137204022.98551,5355,381306398.5,515941958.23139,0
1776249000000,1.3532,1.3546,1.3515,1.3546,328640914.8,1776249899999,444584006.79513,3774,228566611.3,309276313.61043,0
1776249900000,1.3546,1.3579,1.3545,1.3555,740586541.4,1776250799999,1004689621.46899,4905,416115886.7,564463616.45169,0
1776250800000,1.3555,1.3593,1.3553,1.359,487567805.8,1776251699999,661713399.04412,4245,426108796.1,578288327.83747,0
1776251700000,1.359,1.3592,1.3584,1.3584,63921151.6,1776252599999,86853221.15503,2803,23449742.2,31862157.52689,0
1776252600000,1.3584,1.3598,1.3574,1.3595,490732048.7,1776253499999,666793632.98017,4814,206402404.6,280466811.71226,0
1776253500000,1.3595,1.3632,1.3593,1.3625,631381270.9,1776254399999,859532148.31361,5644,463727393.7,631221379.03840,0
1776254400000,1.3625,1.3638,1.361,1.3619,419844206.2,1776255299999,571783119.49763,4709,159316028.0,216952649.28095,0
1776255300000,1.3619,1.3621,1.3604,1.3608,234998583.1,1776256199999,319886992.62231,3820,74325633.1,101163765.94445,0
1776256200000,1.3608,1.3654,1.3608,1.3651,492294321.9,1776257099999,670933952.23517,4616,459137884.0,625784852.12675,0
1776257100000,1.3651,1.3682,1.3648,1.3649,593460910.9,1776257999999,810962443.03363,4489,381669303.2,521568609.65521,0
1776258000000,1.3649,1.3652,1.3636,1.3641,426070457.9,1776258899999,581283045.65627,3750,55804838.7,76156597.79915,0
1776258900000,1.364,1.3674,1.3636,1.3668,159467689.1,1776259799999,217736432.30249,2587,155848005.9,212799344.65533,0
1776259800000,1.3673,1.3674,1.3613,1.3621,1350374623.9,1776260699999,1842279371.67280,6256,401337154.8,547503385.61538,0
1776260700000,1.3621,1.366,1.3617,1.366,590075279.8,1776261599999,804871198.03079,4361,432942296.2,590623546.96224,0
1776261600000,1.366,1.3674,1.3631,1.3651,574915731.4,1776262499999,784768017.22515,4974,210455173.6,287272749.06465,0
1776262500000,1.3651,1.3737,1.3647,1.3736,1677426303.8,1776263399999,2296152139.34434,6724,1127582593.9,1542936624.62141,0
1776263400000,1.3737,1.3738,1.3694,1.3718,881132655.3,1776264299999,1208106643.09892,3084,368088309.9,504453448.31404,0
1776264300000,1.3718,1.3767,1.3716,1.3753,589276172.1,1776265199999,809979089.99741,3589,475597206.6,653616172.81064,0
1776265200000,1.3753,1.3812,1.3752,1.3811,1232409767.2,1776266099999,1699609335.66188,5757,991804268.3,1367800791.29277,0
1776266100000,1.3805,1.3823,1.378,1.3789,734960279.7,1776266999999,1014162373.60768,3861,333923169.0,461027330.93021,0
1776267000000,1.379,1.379,1.3733,1.3761,935449474.6,1776267899999,1287530486.27122,4575,548599811.5,755045959.29980,0
1776267900000,1.376,1.3798,1.3725,1.3728,1277490481.5,1776268799999,1758287186.55253,5792,422852951.3,582399413.94572,0
1776268800000,1.3729,1.3787,1.3712,1.3787,1013665252.7,1776269699999,1392925695.24322,5119,629623032.4,865744739.20413,0
1776269700000,1.3787,1.38,1.378,1.3796,682224362.3,1776270599999,940708041.93418,4240,365329419.7,503777025.25567,0
1776270600000,1.3796,1.3808,1.3763,1.3763,866558636.7,1776271499999,1195117844.78183,4826,363841919.0,501955783.18132,0
1776271500000,1.3763,1.3781,1.3745,1.378,866867900.2,1776272399999,1192998085.15643,4879,424103997.4,583913876.02040,0
1776272400000,1.378,1.3811,1.3777,1.379,765742934.0,1776273299999,1056285518.25509,5178,381789762.8,526673932.75631,0
1776273300000,1.379,1.3817,1.3781,1.3806,665191624.6,1776274199999,917733579.15314,3419,422483818.2,583071847.13216,0
1776274200000,1.3806,1.3818,1.3755,1.3759,900271147.1,1776275099999,1241652051.20521,4867,229471894.7,316831716.99343,0
1776275100000,1.3759,1.3797,1.3758,1.3794,792338537.0,1776275999999,1091809101.15083,4636,608256339.6,837975805.65804,0
1776276000000,1.3794,1.3848,1.3785,1.3835,921155786.1,1776276899999,1273041347.51881,5018,840912992.2,1162161050.75735,0
1776276900000,1.3835,1.3846,1.3811,1.3813,401435948.1,1776277799999,555260506.78095,3153,149895635.8,207436763.69815,0
1776277800000,1.3813,1.3839,1.3811,1.3839,465797367.7,1776278699999,644153313.48845,3417,290799452.3,402207059.74903,0
1776278700000,1.3838,1.3866,1.3835,1.3863,458118265.2,1776279599999,634435244.51221,3257,375047497.4,519423443.34422,0
1776279600000,1.3863,1.3868,1.3849,1.3856,501273838.7,1776280499999,694600293.87965,3870,290605084.7,402675717.23666,0
1776280500000,1.3857,1.3885,1.3849,1.3882,408039058.9,1776281399999,565677026.33044,3904,242893506.8,336894706.89154,0
1776281400000,1.3882,1.4041,1.3882,1.401,1034332840.2,1776282299999,1442393891.43899,5410,987668740.6,1377003949.15135,0
1776282300000,1.4012,1.4012,1.3975,1.3993,966770719.4,1776283199999,1352767219.33459,4883,388945700.3,544236417.25150,0
1776283200000,1.3993,1.3994,1.3907,1.3916,824331614.4,1776284099999,1149858968.99455,3879,79719106.9,111129766.47191,0
1776284100000,1.3919,1.3919,1.3849,1.3875,1089212462.4,1776284999999,1511135706.04600,5256,374616472.6,519370560.35500,0
1776285000000,1.3876,1.3896,1.3855,1.3875,941128018.3,1776285899999,1305911937.85724,4609,453617234.7,629464410.65672,0
1776285900000,1.3875,1.3885,1.3872,1.3876,392776470.9,1776286799999,545074283.48487,3439,168618234.6,234012486.85540,0
1776286800000,1.3876,1.3878,1.3832,1.3832,579128629.4,1776287699999,802239042.72940,3812,83646269.8,115991974.91141,0
1776287700000,1.3832,1.3839,1.3803,1.3836,733274566.7,1776288599999,1013542539.45465,3653,356244019.4,492556469.79076,0
1776288600000,1.3836,1.3866,1.3827,1.3864,448177326.6,1776289499999,620448017.26874,2627,244622559.2,338628952.35248,0
1776289500000,1.3864,1.3882,1.3855,1.3879,367187848.7,1776290399999,509424971.48892,2463,367173821.3,509405522.18975,0
1776290400000,1.3879,1.3977,1.3879,1.3969,892344252.9,1776291299999,1243147272.01770,3942,888488871.1,1237774450.83766,0
1776291300000,1.3975,1.3978,1.3947,1.3952,526013490.4,1776292199999,734361593.03185,3871,91209839.5,127329377.48041,0
1776292200000,1.3952,1.4003,1.3945,1.3967,725193534.1,1776293099999,1012966983.37677,4664,338696376.7,473217999.59424,0
1776293100000,1.3967,1.3975,1.393,1.3935,748777280.1,1776293999999,1045118330.31858,4164,147455077.4,205918493.95162,0
1776294000000,1.3936,1.3937,1.3892,1.3893,467279804.3,1776294899999,650166934.94848,3328,918422.2,1277094.97465,0
1776294900000,1.3893,1.3893,1.3855,1.3877,744180833.8,1776295799999,1032290034.19595,4371,217808271.4,302097453.14624,0
1776295800000,1.3877,1.3889,1.3857,1.3876,573052632.0,1776296699999,795080127.77958,3763,366857394.9,509085832.14754,0
1776296700000,1.3876,1.3915,1.3875,1.3915,445530940.2,1776297599999,619179183.53769,3173,388258889.9,539566655.21870,0
1776297600000,1.3915,1.3923,1.3891,1.3891,535689532.7,1776298499999,744822832.62447,3592,191415761.0,266226681.43950,0
1776298500000,1.3892,1.3895,1.3871,1.3875,450784194.6,1776299399999,625698382.65467,3330,82105876.8,113952042.97113,0
1776299400000,1.3876,1.3961,1.3875,1.3961,1221896954.3,1776300299999,1701100052.56479,5734,1127716826.1,1569906208.26399,0
1776300300000,1.3961,1.3975,1.394,1.3964,692391144.2,1776301199999,966470631.69073,4790,384982164.7,537411030.88888,0
1776301200000,1.3964,1.3964,1.3902,1.3939,1050538014.5,1776302099999,1463430593.44594,4956,498470505.7,694136358.04677,0
1776302100000,1.3939,1.4001,1.3931,1.3974,995843223.9,1776302999999,1391496993.05610,5675,695050138.9,971004311.59544,0
1776303000000,1.3974,1.4009,1.3972,1.3997,1250365706.0,1776303899999,1749125248.18602,5559,800374638.4,1119737906.10064,0
1776303900000,1.3997,1.4015,1.3975,1.3989,935685301.0,1776304799999,1309376052.89112,4768,453520543.5,634876528.48100,0
1776304800000,1.3989,1.4038,1.398,1.3981,792863807.3,1776305699999,1110568603.32843,4263,484507149.6,678796993.17930,0
1776305700000,1.3981,1.4005,1.396,1.4005,899240433.3,1776306599999,1256827547.08110,5004,576588843.5,806098473.09041,0
1776306600000,1.4005,1.4088,1.4004,1.4087,1090857479.0,1776307499999,1531465679.98125,5445,844603864.2,1185969355.29706,0
1776307500000,1.4088,1.4089,1.4041,1.407,810380578.4,1776308399999,1139561584.41872,4524,446644440.5,627826266.66706,0
1776308400000,1.4067,1.4118,1.4054,1.41,981973974.0,1776309299999,1383751793.07717,4502,530946277.3,748261602.06014,0
1776309300000,1.41,1.4145,1.4093,1.4115,897723396.8,1776310199999,1267604201.38697,5428,419870550.0,592812838.34493,0
1776310200000,1.4115,1.4116,1.4061,1.4063,804931525.9,1776311099999,1133767090.29187,4805,212079646.0,298432954.22827,0
1776311100000,1.4063,1.4079,1.4048,1.4055,693184921.2,1776311999999,974705995.40780,4763,294598628.2,414274822.48794,0
1776312000000,1.4055,1.4089,1.4042,1.4065,1050101362.8,1776312899999,1476811069.95702,5435,464915250.5,653826352.60609,0
1776312900000,1.4065,1.4089,1.4055,1.4058,647798898.8,1776313799999,911417594.91110,4429,270923057.4,381219698.55984,0
1776313800000,1.4058,1.4099,1.4054,1.4083,676676909.5,1776314699999,952528139.20032,3929,420139328.3,591401557.74957,0
1776314700000,1.4084,1.4085,1.4013,1.4031,807397522.2,1776315599999,1133870488.46386,3950,164448520.2,230787867.34963,0
1776315600000,1.4031,1.4043,1.4015,1.4025,614417959.6,1776316499999,861851287.29711,4547,262448329.1,368138617.08493,0
1776316500000,1.4026,1.4046,1.4003,1.4029,568698810.4,1776317399999,797606803.85770,4187,337088230.5,472815019.45821,0
1776317400000,1.4029,1.4061,1.4028,1.4054,444355836.6,1776318299999,624156507.54323,3574,333962051.4,469114514.67956,0
1776318300000,1.4054,1.4063,1.4044,1.4045,213113043.6,1776319199999,299565303.10254,2640,160319476.0,225376495.55125,0
1776319200000,1.4045,1.408,1.4044,1.4073,435148696.8,1776320099999,611991614.59612,3146,374699359.1,526940717.79938,0
1776320100000,1.4073,1.4087,1.406,1.4062,257034350.3,1776320999999,361766078.72957,3102,62368191.9,87826573.88500,0
1776321000000,1.4062,1.4073,1.4049,1.406,388612657.1,1776321899999,546286157.21512,3547,268521913.7,377481214.28995,0
1776321900000,1.406,1.4089,1.4059,1.4081,381306887.5,1776322799999,536653677.35866,3853,293479353.8,413087168.94557,0
1776322800000,1.4081,1.4118,1.4078,1.4097,851655920.2,1776323699999,1200828060.13468,5306,520076293.0,733212716.33577,0
1776323700000,1.4097,1.4108,1.4073,1.4075,488940112.8,1776324599999,688948975.15486,4781,97562596.2,137504053.75570,0
1776324600000,1.4076,1.4088,1.4073,1.4087,424380844.1,1776325499999,597569325.27418,3125,298700768.8,420654110.62032,0
1776325500000,1.4087,1.4088,1.4042,1.4051,476312367.2,1776326399999,670102787.11326,3275,135353464.9,190501145.69765,0
1776326400000,1.4051,1.406,1.4025,1.4025,538329558.0,1776327299999,756195013.04425,3369,272979877.1,383581509.78214,0
1776327300000,1.403,1.4059,1.4025,1.4048,478976881.5,1776328199999,672836323.72736,3523,369137433.6,518555181.81955,0
1776328200000,1.4049,1.405,1.4032,1.4041,305340853.0,1776329099999,428649883.85965,3434,135051549.0,189603595.56035,0
1776329100000,1.4041,1.4086,1.4039,1.4045,908005472.9,1776329999999,1276690368.27874,4376,712815154.9,1002365099.29830,0
1776330000000,1.4045,1.4113,1.4039,1.4113,620001039.9,1776330899999,872466708.85949,2978,571098633.7,803799245.50727,0
1776330900000,1.4108,1.4185,1.4108,1.4157,1129371707.8,1776331799999,1599257870.49224,5197,460116427.5,651457693.34462,0
1776331800000,1.4157,1.4168,1.4105,1.4105,691988023.2,1776332699999,978407230.70212,4259,175228274.3,248079018.96404,0
1776332700000,1.4105,1.4187,1.4087,1.4167,1042549926.4,1776333599999,1474838572.30340,4573,413075719.8,584311859.42104,0
1776333600000,1.4167,1.4168,1.4103,1.4105,797504897.3,1776334499999,1126687654.61225,3629,13052780.7,18415528.62735,0
1776334500000,1.4105,1.4132,1.4103,1.4126,1108565416.5,1776335399999,1565227080.55999,5355,541721661.9,764832913.34271,0
1776335400000,1.4126,1.4135,1.4114,1.4118,513695626.4,1776336299999,725472493.66106,3020,222725105.1,314557162.87389,0
1776336300000,1.4118,1.4122,1.4071,1.408,794112169.5,1776337199999,1118943575.82523,5396,196513691.2,276842401.44128,0
1776337200000,1.4079,1.4083,1.4013,1.4023,673268096.3,1776338099999,945703791.10523,5045,55583901.1,78038989.82715,0
1776338100000,1.4023,1.4046,1.4011,1.4044,574952597.0,1776338999999,806634575.76239,4849,508080577.8,712916932.84619,0
1776339000000,1.4044,1.4069,1.4041,1.4065,836511460.7,1776339899999,1175681570.52571,5339,523753489.2,736174641.74289,0
1776339900000,1.4065,1.4079,1.4056,1.4079,412966746.8,1776340799999,580932569.28172,4247,260132767.6,365964014.40190,0
1776340800000,1.4076,1.4214,1.4076,1.4185,1487280579.2,1776341699999,2104430687.77762,7186,1202093803.4,1699727253.19986,0
1776341700000,1.4185,1.4186,1.4153,1.4163,445276559.1,1776342599999,630684865.61471,4402,108027747.2,152962087.57493,0
1776342600000,1.4164,1.4164,1.4094,1.4128,914385341.8,1776343499999,1291140348.55338,5228,329840280.1,465483910.24186,0
1776343500000,1.4128,1.4134,1.411,1.4132,409861934.7,1776344399999,578751440.49818,3400,184470847.5,260547029.31955,0
1776344400000,1.4131,1.4185,1.4111,1.4185,996137384.8,1776345299999,1409128580.32167,5622,728303845.4,1030700832.61512,0
1776345300000,1.4185,1.4283,1.4178,1.4283,1275574448.0,1776346199999,1814170654.69155,5672,945351833.1,1344748218.01559,0
1776346200000,1.4283,1.4298,1.4254,1.4267,708451380.0,1776347099999,1011233252.88273,3732,400228791.8,571395438.57646,0
1776347100000,1.4267,1.4284,1.4055,1.4063,1393623017.8,1776347999999,1977319388.79463,6876,456731740.1,646854983.15767,0
1776348000000,1.4063,1.4082,1.4021,1.4057,1093070700.1,1776348899999,1536207359.61454,5183,356018623.5,500665987.81863,0
1776348900000,1.4057,1.4059,1.3942,1.3998,899664919.8,1776349799999,1258152864.76698,4324,205657281.2,287460436.02862,0
1776349800000,1.3996,1.403,1.3994,1.4029,706643587.1,1776350699999,990115374.71834,4038,576656770.3,808060915.70720,0
1776350700000,1.4029,1.4119,1.4027,1.407,1291860420.1,1776351599999,1817060877.41249,6318,957494170.1,1346797229.64575,0
1776351600000,1.407,1.4228,1.406,1.4218,1130378485.8,1776352499999,1599251207.52188,4604,1038430444.6,1468472634.28352,0
1776352500000,1.4218,1.4251,1.4188,1.4188,838922652.5,1776353399999,1193702730.96319,5109,354354281.5,504345614.50229,0
1776353400000,1.4188,1.4268,1.4169,1.4268,1075505040.5,1776354299999,1528894860.64904,5679,693060291.2,985332210.29145,0
1776354300000,1.4268,1.4303,1.426,1.4286,964773793.2,1776355199999,1377849374.30113,5006,617214314.5,881527715.47531,0
1776355200000,1.4285,1.4372,1.4277,1.4326,1319451919.1,1776356099999,1891164619.30183,6308,752956799.5,1078499763.91442,0
1776356100000,1.4326,1.4374,1.4309,1.4315,673806434.6,1776356999999,966210254.53022,2997,89883482.7,128846947.48431,0
1776357000000,1.4315,1.4328,1.4228,1.423,1253045612.9,1776357899999,1788994134.22523,4870,238235153.2,340156188.22586,0
1776357900000,1.423,1.425,1.416,1.4192,739814185.8,1776358799999,1049866886.08854,3681,212987206.5,302272526.71510,0
1776358800000,1.4192,1.4211,1.4164,1.4164,902873616.6,1776359699999,1280869701.55636,4375,298195633.2,423280121.61810,0
1776359700000,1.4164,1.4203,1.414,1.4199,1125113801.7,1776360599999,1595017874.93152,4149,617202178.6,875037014.34995,0
1776360600000,1.4199,1.4265,1.4192,1.4256,904829652.4,1776361499999,1285951256.20257,4195,472858303.2,672264275.85267,0
1776361500000,1.4256,1.4288,1.4237,1.4262,965493981.6,1776362399999,1377091722.65334,4873,439434399.0,626858996.41586,0
1776362400000,1.4262,1.4306,1.4249,1.4294,1180398906.0,1776363299999,1685930146.55197,5058,703428025.4,1004722547.01102,0
1776363300000,1.4294,1.4341,1.4293,1.4322,836734858.1,1776364199999,1198213296.78779,4608,668192879.2,956826218.45560,0
1776364200000,1.4322,1.4374,1.4315,1.4356,1084575757.4,1776365099999,1555441489.10907,4620,473752678.9,679218869.35403,0
1776365100000,1.4356,1.4458,1.4356,1.4458,817837578.8,1776365999999,1179592293.72240,4903,560017090.9,807657636.54341,0
1776366000000,1.4458,1.4472,1.4413,1.4429,1039223916.1,1776366899999,1501208415.03553,5159,439080560.7,634559638.44352,0
1776366900000,1.4429,1.4531,1.4428,1.4524,1090948121.5,1776367799999,1579501855.67087,6217,942008988.5,1363853001.95210,0
1776367800000,1.4524,1.4636,1.4514,1.4615,929010694.7,1776368699999,1354759870.27787,4892,873478718.7,1273647773.76055,0
1776368700000,1.4615,1.465,1.4596,1.4639,1025232867.5,1776369599999,1499429630.87065,5121,518065745.1,757711793.34497,0
1776369600000,1.4641,1.4651,1.458,1.4582,707411771.2,1776370499999,1032936850.06924,4136,364330828.5,532172583.18001,0
1776370500000,1.4582,1.4606,1.454,1.4552,927356707.4,1776371399999,1350869073.77515,5303,300235297.7,437810032.88539,0
1776371400000,1.4552,1.4552,1.4443,1.4459,956090598.9,1776372299999,1385219001.11541,5432,219488016.5,317836512.56489,0
1776372300000,1.4456,1.4515,1.4444,1.4515,634547581.6,1776373199999,918676926.57286,4446,596263425.4,863247551.89119,0
1776373200000,1.4515,1.4578,1.4514,1.4536,1148078772.2,1776374099999,1670225032.27974,6557,774448627.8,1126627162.79437,0
1776374100000,1.4536,1.454,1.4459,1.4477,960099995.7,1776374999999,1392209708.36426,4797,240228264.3,348356271.86639,0
1776375000000,1.4477,1.4499,1.4467,1.449,560162252.2,1776375899999,811221236.98423,4270,470333132.8,681155923.81604,0
1776375900000,1.449,1.4494,1.4454,1.4459,657174020.2,1776376799999,951364887.92935,5613,127890746.5,185208950.08497,0
1776376800000,1.4459,1.451,1.4458,1.4487,871815407.4,1776377699999,1262861062.27191,4541,639684319.9,926562284.57562,0
1776377700000,1.4488,1.4526,1.4468,1.4515,1112554603.9,1776378599999,1612094776.10235,6505,825495617.0,1196472026.55350,0
1776378600000,1.4516,1.4517,1.4472,1.4495,818599487.6,1776379499999,1186443547.71886,5167,388551375.7,562903221.11891,0
1776379500000,1.4496,1.4521,1.4493,1.4509,767227508.0,1776380399999,1113043979.47324,5742,396090748.9,574696545.40757,0
1776380400000,1.4509,1.4511,1.4488,1.4492,353905825.6,1776381299999,513158884.14031,3967,101241604.6,146775343.82846,0
1776381300000,1.4492,1.4511,1.4472,1.4499,790176005.5,1776382199999,1145090562.43767,4672,521688073.5,755960792.26492,0
1776382200000,1.45,1.4569,1.4496,1.4549,839063374.9,1776383099999,1220505297.97249,4949,521813500.3,758887430.08212,0
1776383100000,1.4549,1.4549,1.451,1.4524,753952561.2,1776383999999,1095174798.02073,5341,226322614.3,328725844.42351,0
1776384000000,1.4524,1.4545,1.4464,1.4464,959621663.8,1776384899999,1392441288.88632,5684,344761211.1,500869514.84557,0
1776384900000,1.4464,1.4477,1.4429,1.444,870694373.4,1776385799999,1258752133.74409,6534,303998539.4,439676237.71654,0
1776385800000,1.444,1.446,1.4427,1.4427,308858613.8,1776386699999,446096412.52483,3864,151979586.2,219595485.64884,0
1776386700000,1.4427,1.443,1.4408,1.441,350570618.8,1776387599999,505455037.25950,4210,44282084.8,63866708.62595,0
1776387600000,1.4408,1.4411,1.4362,1.4374,1047976650.3,1776388499999,1507467341.03108,5598,392510661.5,564703692.91914,0
1776388500000,1.4374,1.4399,1.4319,1.4336,1040252253.6,1776389399999,1493636201.22443,5638,539901503.0,775567223.66774,0
1776389400000,1.4336,1.4363,1.4308,1.4314,818747091.5,1776390299999,1174283463.57538,4992,413373970.8,593181658.66857,0
1776390300000,1.4314,1.4317,1.4274,1.4299,924203331.3,1776391199999,1321108099.35856,5616,390170917.7,557693440.81637,0
1776391200000,1.4299,1.4306,1.4267,1.428,758265517.2,1776392099999,1083354284.90980,5015,320666737.8,458261795.55200,0
1776392100000,1.428,1.4283,1.4228,1.4232,868154649.5,1776392999999,1237150232.82279,5009,152222365.2,216787678.00996,0
1776393000000,1.4232,1.4287,1.4232,1.4271,676080421.4,1776393899999,964225651.78993,4720,482240454.1,687593939.11318,0
1776393900000,1.4271,1.4289,1.427,1.4289,227123451.3,1776394799999,324424595.79148,3996,141172413.3,201646744.97818,0
1776394800000,1.4289,1.4305,1.4268,1.4298,577771537.2,1776395699999,825223723.74163,5029,352951330.0,504210264.95968,0
1776395700000,1.4298,1.4304,1.4288,1.4291,329758435.6,1776396599999,471468393.05279,4276,162730163.8,232692406.41210,0
1776396600000,1.4292,1.4371,1.4289,1.4358,1277295051.8,1776397499999,1830381629.25332,6445,1156957874.4,1657880813.11218,0
1776397500000,1.4358,1.4359,1.4301,1.4302,501601884.9,1776398399999,718885207.05739,4651,67300942.8,96522701.25765,0
1776398400000,1.4302,1.4333,1.4301,1.4308,541774416.4,1776399299999,775741722.25309,4576,399978251.4,572743558.96559,0
1776399300000,1.4308,1.4326,1.4285,1.4292,798844703.2,1776400199999,1143039769.27813,5472,517591654.3,740745063.04721,0
1776400200000,1.4292,1.4321,1.4263,1.4319,766412880.2,1776401099999,1095180291.48433,5403,416417645.6,595544668.40653,0
1776401100000,1.4321,1.4328,1.4294,1.4312,871866127.9,1776401999999,1247774695.07113,5499,436539371.6,624805119.13845,0
1776402000000,1.4311,1.4314,1.4261,1.4283,882206383.6,1776402899999,1260449803.09981,5274,227034839.5,324294812.68737,0
1776402900000,1.4283,1.4353,1.428,1.4302,1009434364.8,1776403799999,1445575814.23343,5461,760735735.8,1089284686.01534,0
1776403800000,1.4301,1.4315,1.4254,1.4258,1014436249.9,1776404699999,1447616763.33183,6306,193871250.7,276627449.32001,0
1776404700000,1.4258,1.427,1.4243,1.4244,386419923.0,1776405599999,550901120.81298,4272,102966729.2,146846306.22478,0
1776405600000,1.4245,1.4279,1.4238,1.4268,690318645.9,1776406499999,984352502.33118,5533,418184358.9,596325774.12798,0
1776406500000,1.4268,1.429,1.4267,1.4289,200931827.2,1776407399999,286962263.36638,3605,200343903.7,286122875.08770,0
1776407400000,1.4289,1.4328,1.4279,1.4324,503708692.6,1776408299999,720496478.09771,3937,484225439.6,692662860.15117,0
1776408300000,1.4324,1.4326,1.4308,1.4316,544735286.0,1776409199999,779822378.37904,4305,299872831.5,429285401.35201,0
1776409200000,1.4316,1.4352,1.4315,1.4351,487685419.0,1776410099999,699129399.35108,4061,432186170.4,619593671.86222,0
1776410100000,1.4351,1.4352,1.4317,1.4334,467135138.5,1776410999999,669393620.63021,4344,193297899.0,276956416.83612,0
1776411000000,1.4333,1.4389,1.4332,1.4386,866327414.5,1776411899999,1244565623.61027,5317,699617699.7,1004932317.55186,0
1776411900000,1.4386,1.4386,1.4365,1.4366,368967109.0,1776412799999,530477728.99163,4336,53772532.1,77335261.03093,0
1776412800000,1.4366,1.4381,1.4348,1.4361,700057983.1,1776413699999,1005589653.81171,5073,417310141.1,599552758.83627,0
1776413700000,1.4361,1.4399,1.4352,1.4391,893647950.0,1776414599999,1284518710.41358,5651,571472740.0,821679862.55110,0
1776414600000,1.4391,1.4428,1.4389,1.4409,993341127.9,1776415499999,1430975063.24904,5395,793413060.5,1143119417.88956,0
1776415500000,1.4409,1.4464,1.4407,1.4458,908840199.1,1776416399999,1312121731.93402,5678,696893987.2,1005970747.06549,0
1776416400000,1.4458,1.4477,1.4421,1.4475,900145404.1,1776417299999,1299989642.45266,5964,479601859.9,692748314.68505,0
1776417300000,1.4475,1.4583,1.4459,1.457,1191429965.5,1776418199999,1728188462.93919,6513,898837156.9,1304347356.87835,0
1776418200000,1.457,1.4571,1.4458,1.4491,820640773.7,1776419099999,1189126872.61139,5393,346986399.7,502765516.83892,0
1776419100000,1.4491,1.4519,1.4474,1.4514,924288854.5,1776419999999,1339975130.91460,5932,490363938.3,711104499.41827,0
1776420000000,1.4514,1.4521,1.4425,1.443,1001632415.7,1776420899999,1450842303.88969,5900,241849185.4,350934921.05934,0
1776420900000,1.443,1.444,1.437,1.4382,820174000.8,1776421799999,1182103979.19089,4648,343029024.2,494382411.34898,0
1776421800000,1.4382,1.4385,1.4343,1.4345,682067554.5,1776422699999,979340373.36345,4844,154232225.4,221425881.47016,0
1776422700000,1.4345,1.4369,1.4336,1.4363,387779763.3,1776423599999,556810393.22096,4000,365954667.2,525492178.94760,0
1776423600000,1.4363,1.4392,1.4362,1.4387,300144263.2,1776424499999,431715446.78376,3957,260437184.5,374591260.15029,0
1776424500000,1.4387,1.4432,1.4372,1.4428,815282514.7,1776425399999,1174369395.40898,5338,649305631.1,935271631.20132,0
1776425400000,1.4428,1.4457,1.4423,1.4435,733156342.1,1776426299999,1058803346.70796,5005,427352778.5,617262979.21471,0
1776426300000,1.4435,1.4475,1.4435,1.4467,458813644.3,1776427199999,663295511.84601,4149,359401759.7,519576721.86714,0
1776427200000,1.4467,1.4475,1.4438,1.4469,779429579.1,1776428099999,1126788702.59531,6451,278870051.0,403251179.41959,0
1776428100000,1.4469,1.448,1.4438,1.4476,1007984473.6,1776428999999,1457600153.77288,6879,480448381.4,694942538.47851,0
1776429000000,1.4473,1.4492,1.445,1.446,543835409.4,1776429899999,786808561.73929,3866,225999923.0,327098376.79743,0
1776429900000,1.446,1.4612,1.4458,1.4585,1414462306.4,1776430799999,2054600742.73740,5994,1296280369.4,1882958185.38543,0
1776430800000,1.4585,1.4642,1.4556,1.462,876841991.9,1776431699999,1280211149.35899,3757,700349297.0,1022927614.17726,0
1776431700000,1.463,1.4766,1.462,1.4716,1042280070.7,1776432599999,1532137235.65465,4519,824825481.8,1212598480.81207,0
1776432600000,1.4716,1.4781,1.4674,1.4764,818026121.0,1776433499999,1205120263.21999,4360,391066235.0,576442666.20145,0
1776433500000,1.4767,1.4865,1.4764,1.4864,691662683.6,1776434399999,1024585060.38104,3748,628889978.9,931613247.19134,0
1776434400000,1.4864,1.4922,1.4858,1.4858,1162446246.7,1776435299999,1729903956.09263,5935,617898513.2,919977150.16537,0
1776435300000,1.4858,1.4898,1.4834,1.4882,961250290.9,1776436199999,1429084547.82922,4413,589079048.2,875535094.25434,0
1776436200000,1.4883,1.4987,1.4881,1.4987,738001167.8,1776437099999,1103034574.98593,3425,735462029.4,1099248812.72138,0
1776437100000,1.4987,1.5037,1.4978,1.4979,1045354973.4,1776437999999,1568811020.23890,5025,682909276.2,1025282799.87989,0
1776438000000,1.4979,1.4999,1.4902,1.4999,981351480.2,1776438899999,1468134377.10957,4788,697111853.4,1042813244.61056,0
1776438900000,1.4967,1.4999,1.4907,1.4922,658642222.9,1776439799999,983375779.29649,3788,320460142.0,478471865.96017,0
1776439800000,1.4923,1.4928,1.4799,1.4801,1108181664.1,1776440699999,1647830311.77066,6265,225490418.7,335851202.36385,0
1776440700000,1.4799,1.4893,1.4758,1.4853,825957081.5,1776441599999,1221878623.57096,4513,454485507.1,672676973.75874,0
1776441600000,1.4853,1.4938,1.4853,1.4897,1066564720.2,1776442499999,1587995096.84554,6198,726722286.3,1081782914.56434,0
1776442500000,1.4907,1.496,1.4878,1.4959,790516088.7,1776443399999,1178748714.49661,5237,523017018.2,780355319.64009,0
1776443400000,1.4959,1.499,1.4914,1.4929,1132313070.2,1776444299999,1694157011.57754,6296,533021904.8,798047080.47433,0
1776444300000,1.493,1.497,1.4927,1.4968,1037243781.1,1776445199999,1550826955.19258,5298,727762123.6,1088106720.79262,0
1776445200000,1.4969,1.497,1.4877,1.49,904573967.5,1776446099999,1349295953.41875,4952,391675827.8,583968548.22574,0
1776446100000,1.49,1.4912,1.4773,1.481,962038424.9,1776446999999,1428910329.51167,5409,490521786.3,728299082.97160,0
1776447000000,1.4813,1.4912,1.4813,1.4825,930589251.9,1776447899999,1381626531.57902,4863,515378900.6,765436521.67949,0
1776447900000,1.4825,1.4868,1.4817,1.4833,882188472.0,1776448799999,1309076900.89946,5206,593286391.6,880512467.14889,0
1776448800000,1.4833,1.4836,1.4732,1.474,781183043.5,1776449699999,1154014077.09061,4771,133224791.2,196594490.07822,0
1776449700000,1.474,1.4798,1.4739,1.4776,1222595243.8,1776450599999,1805237844.53045,5659,844097396.1,1246014966.32531,0
1776450600000,1.4779,1.4805,1.477,1.4802,544340629.8,1776451499999,804879704.23238,4067,399845007.3,591325921.31520,0
1776451500000,1.4803,1.4808,1.4746,1.4772,746897661.7,1776452399999,1103332318.63092,4175,232697611.5,343810977.31154,0
1776452400000,1.4771,1.4818,1.4763,1.4818,1025766002.1,1776453299999,1516740210.06505,4976,696779110.4,1030592959.42881,0
1776453300000,1.4818,1.4868,1.4817,1.4851,814920114.8,1776454199999,1209587517.83429,5852,571338744.1,847894386.60693,0
1776454200000,1.4851,1.4905,1.4851,1.4898,904417661.9,1776455099999,1345803130.52988,6026,712820860.1,1060663086.75883,0
1776455100000,1.4895,1.4913,1.4872,1.4872,844517010.4,1776455999999,1257490396.82612,5532,238134847.7,354762910.61543,0
1776456000000,1.4873,1.488,1.4846,1.4859,854987884.6,1776456899999,1270970297.40296,5037,273756881.5,406914385.86490,0
1776456900000,1.486,1.486,1.4803,1.4815,886677947.9,1776457799999,1314908149.69280,5444,131768737.6,195359922.39471,0
1776457800000,1.4815,1.4818,1.4753,1.478,801536398.1,1776458699999,1184555724.66690,4233,516081051.0,762512389.40323,0
1776458700000,1.478,1.4812,1.4771,1.4807,596084125.9,1776459599999,881839006.14481,4615,485365814.4,718075646.98053,0
1776459600000,1.4807,1.4838,1.4795,1.48,678999488.0,1776460499999,1005970448.26734,5359,255334007.4,378319770.92691,0
1776460500000,1.48,1.4835,1.4793,1.482,878871944.2,1776461399999,1302399446.39258,5824,564006692.8,835780660.07890,0
1776461400000,1.4819,1.4821,1.4779,1.4817,1269766629.6,1776462299999,1879525062.40337,5951,594703672.2,879913991.02249,0
1776462300000,1.4817,1.482,1.4791,1.482,727166197.9,1776463199999,1076520972.88167,4361,363190141.6,537614362.02269,0
1776463200000,1.4818,1.4833,1.4773,1.4824,938657734.3,1776464099999,1389594195.61317,5282,588451974.0,870904192.44129,0
1776464100000,1.4824,1.4834,1.4785,1.4806,1049614453.2,1776464999999,1554252433.43204,6149,487997860.6,722750878.87588,0
1776465000000,1.4806,1.4871,1.4804,1.485,1075323731.7,1776465899999,1595842943.94256,6889,671221773.7,995968484.02128,0
1776465900000,1.485,1.4863,1.4832,1.4833,508442929.3,1776466799999,754888220.35887,4876,118127036.9,175456491.02465,0
1776466800000,1.4833,1.4833,1.479,1.4793,513454297.0,1776467699999,760770937.73170,4349,103910307.9,153984997.67884,0
1776467700000,1.4793,1.4793,1.4723,1.4764,1152934630.0,1776468599999,1701107017.08612,6229,507291706.4,748261432.03005,0
1776468600000,1.4764,1.478,1.4743,1.4746,768809095.5,1776469499999,1135249323.38563,5086,450270969.4,665043590.49573,0
1776469500000,1.4746,1.4772,1.4743,1.476,800191592.6,1776470399999,1180873807.47621,5728,424398885.6,626267387.69868,0
1776470400000,1.4762,1.4788,1.4735,1.4752,1135544604.8,1776471299999,1675529218.90902,6318,761276049.6,1123538018.04971,0
1776471300000,1.4752,1.4783,1.475,1.4782,708860744.2,1776472199999,1046887952.82921,5275,512270528.7,756582895.80536,0
1776472200000,1.4782,1.4789,1.4723,1.4723,831567731.9,1776473099999,1226621183.04823,5578,275874346.5,406805451.07210,0
1776473100000,1.4729,1.4757,1.4721,1.4741,509895515.5,1776473999999,751613313.98082,4222,222049991.2,327392922.13590,0
1776474000000,1.4741,1.481,1.474,1.4808,816819630.2,1776474899999,1206453463.80625,5744,722387932.1,1067108192.94857,0
1776474900000,1.4808,1.481,1.4768,1.4768,675606483.3,1776475799999,998953525.33169,5308,125796776.9,186025255.83773,0
1776475800000,1.4768,1.4769,1.4729,1.4756,834341953.1,1776476699999,1230626483.12322,5840,273103139.2,402676185.23522,0
1776476700000,1.4756,1.4774,1.4737,1.4774,730649443.6,1776477599999,1078244536.23671,5616,477047528.5,704056834.85798,0
1776477600000,1.4774,1.4774,1.4704,1.471,684361132.4,1776478499999,1008360828.48849,5501,74644144.0,109976555.05961,0
1776478500000,1.471,1.4765,1.4704,1.4753,856256221.2,1776479399999,1262285931.87247,5618,632037339.8,931648681.85315,0
1776479400000,1.4753,1.4765,1.473,1.4745,754344075.0,1776480299999,1112547320.83922,5193,257842108.8,380404403.48092,0
1776480300000,1.4745,1.4754,1.473,1.4749,374568432.7,1776481199999,552284711.16818,4337,261822829.5,386042565.31567,0
1776481200000,1.4748,1.4749,1.4718,1.4721,788391992.8,1776482099999,1161321421.53143,5367,239000029.0,352142325.64777,0
1776482100000,1.4721,1.4729,1.4706,1.4706,624388610.8,1776482999999,918875966.20408,5304,251746469.3,370532602.76942,0
1776483000000,1.4706,1.4719,1.4694,1.4713,444196576.2,1776483899999,653264871.00184,4233,247931405.3,364721005.39866,0
1776483900000,1.4713,1.4727,1.4664,1.4673,866129418.3,1776484799999,1272759033.36869,5986,142899675.3,210076899.59855,0
1776484800000,1.4673,1.4673,1.4646,1.4671,262643010.0,1776485699999,385036549.44672,3864,88218523.3,129339131.53613,0
1776485700000,1.4672,1.4673,1.4638,1.4644,410492188.5,1776486599999,601407700.41372,4076,46966017.0,68798340.54909,0
1776486600000,1.4638,1.4674,1.4632,1.467,388444466.5,1776487499999,569066643.06865,4120,308058976.2,451411404.45679,0
1776487500000,1.467,1.4684,1.4657,1.4679,440834399.2,1776488399999,646755521.03569,3616,392177499.7,575409058.06010,0
1776488400000,1.4679,1.4719,1.4679,1.4716,358507738.1,1776489299999,527154939.07400,3618,243215156.4,357533090.27469,0
1776489300000,1.4716,1.4736,1.4715,1.4736,151693333.9,1776490199999,223445613.01022,3181,146248542.1,215430315.75104,0
1776490200000,1.4736,1.4763,1.469,1.4701,642309421.0,1776491099999,945801802.68079,5311,277768084.0,409261562.99089,0
1776491100000,1.4701,1.4702,1.4681,1.4685,293107608.1,1776491999999,430528111.18734,3626,126213263.0,185375004.79414,0
1776492000000,1.4685,1.4689,1.4658,1.4669,491326138.0,1776492899999,720828804.39357,4345,154508364.0,226684997.11647,0
1776492900000,1.4669,1.467,1.4635,1.4657,798246767.6,1776493799999,1169506922.25441,5443,352320439.4,516070391.88810,0
1776493800000,1.4657,1.4716,1.4647,1.4713,701482596.7,1776494699999,1030005734.38800,5535,416677250.3,611777035.40979,0
1776494700000,1.4713,1.4719,1.4699,1.4699,347206373.6,1776495599999,510646920.41078,4654,195210026.0,287137084.92215,0
1776495600000,1.47,1.4724,1.4674,1.4692,702452999.0,1776496499999,1032512166.12325,5724,332003777.3,488091252.38349,0
1776496500000,1.4692,1.4724,1.4689,1.4723,317614593.0,1776497399999,467157694.31223,3918,251335533.3,369662465.58110,0
1776497400000,1.4724,1.4748,1.4711,1.472,814496204.5,1776498299999,1199679309.76038,5759,407765663.6,600768073.89748,0
1776498300000,1.472,1.4745,1.4717,1.473,551910302.1,1776499199999,812895199.72816,4890,306038108.6,450835540.21834,0
1776499200000,1.473,1.4746,1.4644,1.4644,804117729.5,1776500099999,1181776850.83712,5897,225139260.0,331419467.44431,0
1776500100000,1.4644,1.4645,1.4549,1.4559,1112508152.0,1776500999999,1623511005.83665,5836,177403634.2,258954683.42942,0
1776501000000,1.4558,1.4566,1.4458,1.4477,685267385.5,1776501899999,993352626.35319,4838,169418225.0,245807805.51145,0
1776501900000,1.4481,1.4541,1.4466,1.4532,1012036416.6,1776502799999,1467173771.56690,5445,724662003.2,1050921972.59190,0
1776502800000,1.4532,1.4534,1.4474,1.4497,1065002989.8,1776503699999,1544985753.75699,5824,351033165.4,509408727.82425,0
1776503700000,1.4497,1.4512,1.4457,1.451,835508533.2,1776504599999,1209951487.93165,5915,512148140.2,741906122.47608,0
1776504600000,1.4509,1.4517,1.4496,1.4515,644851062.7,1776505499999,935527008.75202,5811,388183920.8,563197006.27508,0
1776505500000,1.4515,1.453,1.4471,1.4497,850448213.8,1776506399999,1233442382.74074,5805,544830959.1,790317446.46773,0
1776506400000,1.4497,1.4497,1.439,1.4398,980441307.2,1776507299999,1415738998.47029,5468,259809907.8,374770543.73962,0
1776507300000,1.4398,1.4422,1.4379,1.4391,845480831.9,1776508199999,1217613040.48600,5114,655584062.1,944138054.21347,0
1776508200000,1.4391,1.4411,1.4369,1.4389,723029811.6,1776509099999,1040653818.46650,5577,381366755.2,549060262.75375,0
1776509100000,1.4389,1.4392,1.4353,1.4391,687169521.4,1776509999999,987657119.81323,5709,319462986.1,459115632.87492,0
1776510000000,1.4391,1.4392,1.4311,1.4311,1062141570.9,1776510899999,1523529933.51786,6459,232805476.4,334127898.23012,0
1776510900000,1.4311,1.4334,1.4294,1.433,1035755554.1,1776511799999,1482907936.90460,6390,674745845.2,966189859.51853,0
1776511800000,1.433,1.4371,1.4243,1.4268,1138396998.4,1776512699999,1628849002.78752,6215,378091916.0,541814810.90094,0
1776512700000,1.427,1.4317,1.4254,1.4307,933699626.9,1776513599999,1334292985.08154,6069,643950173.7,920488837.29823,0
1776513600000,1.4305,1.4363,1.4302,1.436,893050918.6,1776514499999,1281200278.03518,6787,665388588.6,954433659.04493,0
1776514500000,1.436,1.4363,1.4328,1.4328,781135478.7,1776515399999,1120508038.69069,5744,196296555.4,281765058.91763,0
1776515400000,1.4328,1.4349,1.431,1.4349,955813538.3,1776516299999,1369512977.26188,6404,443387183.2,635456064.69368,0
1776516300000,1.4349,1.4368,1.4338,1.4352,990364133.0,1776517199999,1421385960.55350,6682,498395759.7,715341197.12659,0
1776517200000,1.4352,1.4365,1.4339,1.4345,561457037.8,1776518099999,805939189.00491,5263,227925964.6,327198778.78203,0
1776518100000,1.4346,1.436,1.431,1.4344,1061267294.2,1776518999999,1521929467.66629,6898,467763105.9,670872677.77495,0
1776519000000,1.4344,1.4345,1.4294,1.4326,1094674344.4,1776519899999,1567958934.76331,6767,502674459.5,719850599.22245,0
1776519900000,1.4326,1.4374,1.4318,1.4364,381595487.7,1776520799999,547630545.51291,4340,327954165.4,470643457.25444,0
1776520800000,1.4364,1.4374,1.4336,1.436,676552924.4,1776521699999,970872758.65252,5377,287292397.9,412243372.97493,0
1776521700000,1.436,1.437,1.4318,1.4367,817051045.9,1776522599999,1172266878.94108,5902,398560586.9,571948568.94830,0
1776522600000,1.4367,1.4371,1.4347,1.4347,285793594.7,1776523499999,410284772.45772,3622,4832821.4,6941156.93681,0
1776523500000,1.4347,1.435,1.4327,1.4339,296786043.6,1776524399999,425568849.36464,3039,102823281.3,147456909.75805,0
1776524400000,1.4337,1.4359,1.4305,1.4351,1068891806.9,1776525299999,1531826876.58331,5621,523665339.4,750663914.27411,0
1776525300000,1.4351,1.4392,1.4336,1.4378,725333079.6,1776526199999,1042027312.73068,5629,419570913.6,602876888.10759,0
1776526200000,1.4378,1.4392,1.4338,1.4338,692066539.7,1776527099999,994095031.92179,6518,150602310.4,216522411.24558,0
1776527100000,1.4338,1.436,1.4332,1.4353,423772736.5,1776527999999,608067933.04292,4604,219524468.2,315063306.42738,0
1776528000000,1.4353,1.437,1.4325,1.437,745338732.9,1776528899999,1069467815.27198,4783,443571737.3,636637610.52530,0
1776528900000,1.437,1.4378,1.4321,1.4357,1227874217.9,1776529799999,1762228547.01025,6165,411040903.7,589948266.62731,0
1776529800000,1.4357,1.4361,1.4331,1.4335,388218506.0,1776530699999,556817507.30400,4462,99396839.5,142548593.48712,0
1776530700000,1.4335,1.4347,1.431,1.4328,697695259.6,1776531599999,999492771.05838,5201,354570191.5,507997814.73520,0
1776531600000,1.4328,1.4329,1.4276,1.4291,720033450.6,1776532499999,1029762785.58440,6427,238800968.5,341514164.14132,0
1776532500000,1.4291,1.4321,1.429,1.4313,845036790.0,1776533399999,1209004996.41268,6040,515506018.3,737616978.40229,0
1776533400000,1.4314,1.433,1.4313,1.4313,232709915.5,1776534299999,333230197.33477,2994,93798900.0,134343607.56266,0
1776534300000,1.4313,1.4326,1.4312,1.4312,299318266.7,1776535199999,428549030.17299,3119,58167830.4,83300692.36037,0
1776535200000,1.4312,1.4334,1.4292,1.4312,674893419.2,1776536099999,966218468.29854,5434,251384989.1,359975424.53728,0
1776536100000,1.4312,1.4312,1.4269,1.4269,815623374.6,1776536999999,1165503303.55938,6009,163900215.3,234174035.41919,0
1776537000000,1.427,1.4273,1.4232,1.426,1198842049.0,1776537899999,1708447731.71593,6911,605031286.6,862044936.63820,0
1776537900000,1.426,1.4284,1.4232,1.4249,653544097.6,1776538799999,931651435.26624,5133,215400801.3,306997389.39397,0
1776538800000,1.4249,1.4295,1.4248,1.4294,767179182.5,1776539699999,1094838042.49356,4311,680181640.3,970647584.13703,0
1776539700000,1.4294,1.4295,1.4258,1.427,443206652.1,1776540599999,632466297.47434,3656,151981190.0,216939558.78997,0
1776540600000,1.427,1.4278,1.4245,1.4248,267290920.2,1776541499999,381041772.88973,3832,149513996.5,213115159.51322,0
1776541500000,1.4248,1.4278,1.4247,1.4266,589921279.8,1776542399999,841631996.99714,4655,320056139.9,456680194.06460,0
1776542400000,1.4266,1.4267,1.4232,1.4252,366279416.0,1776543299999,522001875.16238,4625,111199612.8,158405257.94579,0
1776543300000,1.4253,1.4274,1.4248,1.4254,222766758.2,1776544199999,317663475.61410,3420,92061327.2,131309886.36784,0
1776544200000,1.4254,1.4275,1.425,1.4273,576539339.4,1776545099999,822089274.80116,4646,379768581.1,541588862.91004,0
1776545100000,1.4273,1.4294,1.4272,1.4276,233162721.3,1776545999999,332992437.82648,3676,130222552.7,185962618.16937,0
1776546000000,1.4276,1.4307,1.4274,1.4304,549731165.5,1776546899999,785576241.56873,5034,325544464.6,465296413.74062,0
1776546900000,1.4304,1.4314,1.4289,1.4314,534116519.0,1776547799999,763699687.15706,5179,216173307.9,309153708.67367,0
1776547800000,1.4314,1.4333,1.4307,1.4333,388190677.8,1776548699999,555968475.66213,4357,363788429.3,521055973.44627,0
1776548700000,1.4333,1.4359,1.4332,1.4352,593243168.6,1776549599999,851016863.77273,5470,377979271.9,542234211.59445,0
1776549600000,1.4352,1.4352,1.4296,1.4318,809381220.8,1776550499999,1159163285.25358,6699,262410618.1,375611344.27510,0
1776550500000,1.4317,1.4335,1.4314,1.4329,415438381.9,1776551399999,595148734.57640,5120,331531514.3,474906466.08715,0
1776551400000,1.4329,1.4348,1.4325,1.433,331662915.8,1776552299999,475491328.78809,5063,140654940.5,201683279.75939,0
1776552300000,1.433,1.4344,1.4325,1.4336,340276511.7,1776553199999,487922392.55119,4286,239767152.8,343807215.92154,0
1776553200000,1.4336,1.4363,1.4334,1.4362,124241696.8,1776554099999,178360713.03377,4376,110426212.3,158534479.72320,0
1776554100000,1.4362,1.4372,1.4361,1.4366,381381192.0,1776554999999,547828205.63449,4920,272172617.4,390970245.95197,0
1776555000000,1.4365,1.4372,1.4346,1.4366,464294338.6,1776555899999,666687698.05797,4726,249989335.7,359056291.98913,0
1776555900000,1.4365,1.4367,1.4314,1.4314,776970126.7,1776556799999,1113937041.64070,4806,5292636.1,7602633.24435,0
1776556800000,1.4315,1.4353,1.4314,1.4337,438553615.2,1776557699999,628734004.57439,3880,308941751.2,442817213.55925,0
1776557700000,1.4336,1.4338,1.4296,1.4313,784181751.5,1776558599999,1123015886.13690,4725,304172323.4,435571610.25085,0
1776558600000,1.4313,1.4323,1.4291,1.4303,361985690.4,1776559499999,517781261.48949,4356,150168037.3,214829652.84092,0
1776559500000,1.4303,1.435,1.4303,1.4323,747563971.3,1776560399999,1070925931.66917,5014,573785247.1,821861608.77919,0
1776560400000,1.4323,1.4378,1.4322,1.4359,729116219.4,1776561299999,1046930580.55120,5272,577929478.5,829707096.34396,0
1776561300000,1.4359,1.4364,1.4321,1.4322,389344441.0,1776562199999,558492102.82269,4252,54445925.1,78193877.06299,0
1776562200000,1.4322,1.4326,1.4289,1.4296,823510095.3,1776563099999,1177719151.65371,5693,359487601.5,514064272.34137,0
1776563100000,1.4296,1.4324,1.4292,1.431,265318439.4,1776563999999,379697885.56578,3968,182273505.8,260861185.92436,0
1776564000000,1.431,1.431,1.4291,1.4298,331057759.3,1776564899999,473437468.62799,4220,128384733.3,183624316.79461,0
1776564900000,1.4298,1.4312,1.4237,1.4237,798529441.5,1776565799999,1140244903.37329,6485,187993758.0,268532734.42921,0
1776565800000,1.424,1.4326,1.4233,1.4326,1042793582.1,1776566699999,1488065147.82554,6590,877474989.4,1252558090.69136,0
1776566700000,1.4326,1.434,1.4298,1.4299,526282964.2,1776567599999,753483635.38225,4621,300284266.1,430103583.18522,0
1776567600000,1.4299,1.431,1.4263,1.431,1045912557.3,1776568499999,1494284721.83371,5840,629972332.3,900131171.65799,0
1776568500000,1.431,1.4326,1.4296,1.4306,572723005.5,1776569399999,819793903.66382,4690,304999468.4,436684650.51409,0
1776569400000,1.4303,1.4323,1.4286,1.4322,550060686.1,1776570299999,786813019.45512,4297,373510198.6,534425668.38388,0
1776570300000,1.4322,1.4331,1.429,1.429,481056839.0,1776571199999,688514562.98650,4872,121319318.9,173782905.58814,0
1776571200000,1.429,1.4328,1.4283,1.4326,488003004.7,1776572099999,698215909.82293,5292,390102691.6,558355970.43131,0
1776572100000,1.4326,1.4328,1.4307,1.4311,272029855.3,1776572999999,389471666.69633,3773,133148107.8,190656348.28089,0
1776573000000,1.4311,1.4312,1.4231,1.4269,1216436747.4,1776573899999,1737115585.71632,6347,350107586.5,499778313.37467,0
1776573900000,1.4269,1.4308,1.4265,1.4296,673023917.5,1776574799999,961567430.33769,4446,531269844.6,759000748.75442,0
1776574800000,1.4296,1.4315,1.4287,1.4311,292711364.1,1776575699999,418714144.32207,3904,195368005.9,279483019.79683,0
1776575700000,1.431,1.4339,1.43,1.4338,439138827.4,1776576599999,628824293.30419,4245,302530962.0,433417722.33009,0
1776576600000,1.4339,1.4392,1.4329,1.4335,1172910451.5,1776577499999,1683706042.17750,6013,645998492.6,927343396.84580,0
1776577500000,1.4335,1.4343,1.4293,1.4293,845580285.6,1776578399999,1210858650.00300,5389,237301848.6,340044579.58223,0
1776578400000,1.4294,1.4299,1.4194,1.4195,1293622571.5,1776579299999,1844324678.60059,6741,176222144.0,251686153.07262,0
1776579300000,1.4194,1.4245,1.419,1.4231,428932837.6,1776580199999,610007539.28625,3260,276957068.4,394026385.88634,0
1776580200000,1.4231,1.4282,1.4228,1.4282,431255590.0,1776581099999,615188890.52473,3731,431198782.5,615107867.20146,0
1776581100000,1.4282,1.4282,1.4266,1.4279,108698670.7,1776581999999,155154648.73901,2943,171691.4,245123.00054,0
1776582000000,1.428,1.4288,1.4263,1.4271,362380542.8,1776582899999,517301784.12288,3640,117128476.5,167259411.94107,0
1776582900000,1.4271,1.4275,1.4158,1.4158,1037994697.1,1776583799999,1475980069.60622,5527,102518698.0,145296312.74163,0
1776583800000,1.4158,1.4229,1.4158,1.4208,931438622.3,1776584699999,1322091132.80010,5246,739796805.3,1049872385.05038,0
1776584700000,1.4208,1.4218,1.4184,1.4193,852213743.7,1776585599999,1210339372.63645,5444,444390458.3,631263269.39464,0
1776585600000,1.4193,1.4195,1.4158,1.4172,599786843.2,1776586499999,850269261.39054,4629,117840118.4,166970256.44151,0
1776586500000,1.4172,1.4211,1.4156,1.4205,795926621.1,1776587399999,1129079918.01113,4695,471758044.0,669347182.75214,0
1776587400000,1.4205,1.4233,1.4201,1.4231,288278661.9,1776588299999,409915397.31506,2798,229664971.2,326572931.37444,0
1776588300000,1.4231,1.4277,1.4226,1.4233,919835272.9,1776589199999,1311047861.10786,5421,529324028.0,754366162.87743,0
1776589200000,1.4233,1.4249,1.42,1.42,447219843.1,1776590099999,636321290.44776,3433,135251813.2,192542163.32748,0
1776590100000,1.42,1.4202,1.4124,1.418,1166543620.5,1776590999999,1652511978.65638,6354,229428168.4,325028499.50030,0
1776591000000,1.418,1.4215,1.4178,1.4183,414675143.3,1776591899999,588614485.13580,3368,205425381.5,291632059.90096,0
1776591900000,1.4183,1.4208,1.4166,1.4206,454432452.9,1776592799999,644860829.97357,3277,364329127.9,517109557.12383,0
1776592800000,1.4206,1.4261,1.4186,1.42,1312151607.2,1776593699999,1866571723.33413,6031,708970783.3,1009032827.66345,0
1776593700000,1.42,1.4214,1.4154,1.4209,799634696.4,1776594599999,1133943916.30599,4388,314278801.0,446145694.17768,0
1776594600000,1.4212,1.4228,1.4204,1.422,251353587.0,1776595499999,357280634.45011,2842,176733291.4,251261346.44063,0
1776595500000,1.422,1.4244,1.4218,1.4224,657618959.0,1776596399999,936014059.05096,3665,507027233.1,721706326.18089,0
1776596400000,1.4225,1.4272,1.4223,1.4264,975415410.7,1776597299999,1389703168.10661,4971,678590834.9,966912025.89101,0
1776597300000,1.4263,1.4285,1.4263,1.4269,561507588.4,1776598199999,801388938.12921,3716,422711874.5,603300610.89583,0
1776598200000,1.4269,1.43,1.4267,1.4285,651403902.5,1776599099999,930362240.18408,4223,426159130.2,608720293.12109,0
1776599100000,1.4285,1.4296,1.4276,1.4286,456707707.1,1776599999999,652368140.70089,3371,264432388.6,377736921.88892,0
1776600000000,1.4286,1.4322,1.4284,1.4307,826196192.8,1776600899999,1182004266.88416,4442,544995376.3,779632816.73653,0
1776600900000,1.4307,1.4309,1.4284,1.4291,629343796.7,1776601799999,899839519.29421,4240,401913678.0,574682676.23820,0
1776601800000,1.4291,1.4296,1.426,1.4278,631054447.7,1776602699999,900954459.68853,4559,262554195.8,374862832.69964,0
1776602700000,1.4278,1.4322,1.4276,1.4307,459705753.9,1776603599999,657189679.87208,3710,367532292.4,525414501.89579,0
1776603600000,1.4307,1.4352,1.4306,1.4348,773911482.1,1776604499999,1109457940.00854,5080,610317537.7,874815083.40276,0
1776604500000,1.4349,1.4437,1.4337,1.4399,1007243214.4,1776605399999,1449056029.40699,5018,778927904.6,1120326696.63125,0
1776605400000,1.4399,1.4414,1.4368,1.4403,765714446.6,1776606299999,1101758482.38114,4829,365573928.9,526039540.68533,0
1776606300000,1.4403,1.4458,1.4378,1.4379,992084331.3,1776607199999,1429920337.13246,5181,612267425.7,882715292.20453,0
1776607200000,1.4379,1.4392,1.4322,1.4351,833866033.6,1776608099999,1196775476.85644,6287,254903861.2,365843122.49613,0
1776608100000,1.4351,1.4401,1.4336,1.4384,1026991917.3,1776608999999,1475137380.52448,5578,623146018.3,895142400.37930,0
1776609000000,1.4387,1.44,1.4361,1.4383,759152228.0,1776609899999,1091096574.43510,4696,426478884.3,612887180.67453,0
1776609900000,1.4383,1.4414,1.4377,1.4377,851629514.8,1776610799999,1225879671.05300,5079,416039079.9,598935192.74409,0
1776610800000,1.4377,1.438,1.434,1.4341,771147983.4,1776611699999,1106807242.51051,5037,239709681.9,343995543.59506,0
1776611700000,1.4341,1.4377,1.4328,1.4333,878283749.8,1776612599999,1260494828.61570,4489,508873495.6,730445148.32064,0
1776612600000,1.4333,1.4335,1.4245,1.4256,892656800.5,1776613499999,1276181036.01534,4558,463397859.7,662172129.47239,0
1776613500000,1.4256,1.43,1.4249,1.43,643254024.8,1776614399999,918330117.71462,4164,558109891.5,796813955.10385,0
1776614400000,1.43,1.4314,1.4267,1.4278,1153935817.2,1776615299999,1649372167.39650,5891,598624046.6,855724281.71411,0
1776615300000,1.4278,1.4288,1.4234,1.4236,966937737.5,1776616199999,1378311588.04013,5229,209341167.0,298328546.01057,0
1776616200000,1.4236,1.4271,1.4236,1.4252,679958109.0,1776617099999,969396369.70468,3387,524000374.3,747065780.53229,0
1776617100000,1.4252,1.4271,1.4202,1.4214,937114059.6,1776617999999,1333785104.22472,4889,237474161.0,338140500.39339,0
1776618000000,1.4214,1.4215,1.4166,1.4187,831381994.3,1776618899999,1179537072.02071,4224,217733816.7,308875371.41553,0
1776618900000,1.4187,1.4234,1.4172,1.4194,1079442037.0,1776619799999,1532711118.41667,5890,616146604.7,874985235.66458,0
1776619800000,1.4195,1.4208,1.4161,1.4197,850425731.6,1776620699999,1206306010.70706,5169,448860152.9,636807987.20265,0
1776620700000,1.4197,1.4209,1.4116,1.4119,985729075.2,1776621599999,1396512104.06787,4970,176454154.1,250130635.24250,0
1776621600000,1.4119,1.4161,1.411,1.4159,968829108.6,1776622499999,1368847407.16373,4658,679597465.0,960345812.74019,0
1776622500000,1.4159,1.4165,1.4122,1.4144,913996030.5,1776623399999,1292906425.44100,4012,412223485.0,583132847.92759,0
1776623400000,1.4144,1.4154,1.4132,1.4143,428128198.7,1776624299999,605502546.35508,3522,191606075.5,271029045.31611,0
1776624300000,1.4143,1.4161,1.4137,1.4147,560637190.3,1776625199999,793165871.70982,4410,235347117.7,332981118.36049,0
1776625200000,1.4147,1.4185,1.4146,1.4175,944215426.5,1776626099999,1338181563.47240,6216,587458067.9,832533106.20072,0
1776626100000,1.4175,1.4207,1.4166,1.418,928175046.4,1776626999999,1316850254.08973,5461,502196282.8,712651949.68205,0
1776627000000,1.418,1.4202,1.4175,1.4181,465923719.5,1776627899999,661120612.58173,3395,248220896.5,352200258.61747,0
1776627900000,1.4181,1.4193,1.4159,1.4172,359319712.3,1776628799999,509312745.22379,3155,54005185.2,76525168.81086,0
1776628800000,1.4172,1.4173,1.4117,1.4137,1194299603.7,1776629699999,1688294129.76609,6763,588597772.6,831804863.71632,0
1776629700000,1.4137,1.4146,1.4108,1.4141,559023914.8,1776630599999,789466156.15268,5825,228151782.5,322295092.41880,0
1776630600000,1.4141,1.4163,1.4109,1.4109,1041050289.1,1776631499999,1472018991.45791,5863,439111886.8,621171958.72368,0
1776631500000,1.4109,1.4142,1.4098,1.4098,917411456.8,1776632399999,1294997307.18279,6709,347918502.4,491176436.15074,0
1776632400000,1.4098,1.4142,1.4098,1.4139,697691648.2,1776633299999,985121051.65899,4945,486307869.5,686733351.45595,0
1776633300000,1.4139,1.4142,1.4111,1.4137,667909591.7,1776634199999,943125698.41509,4803,255788736.5,361244983.81290,0
1776634200000,1.4137,1.4157,1.4137,1.4153,471550161.9,1776635099999,667233732.46456,3981,392132573.7,554884310.70428,0
1776635100000,1.4153,1.4162,1.4088,1.409,1007344250.6,1776635999999,1422349009.02297,6133,184036203.2,260000608.66880,0
1776636000000,1.409,1.4094,1.4,1.4,1033232280.2,1776636899999,1450131751.51262,5589,549592753.6,770728960.37690,0
1776636900000,1.4,1.4015,1.3939,1.3977,1307294487.8,1776637799999,1827255538.97280,6712,839650878.6,1173729285.33517,0
1776637800000,1.3977,1.4015,1.3967,1.401,702964125.5,1776638699999,984236804.74472,4498,509707912.3,713582758.33713,0
1776638700000,1.4009,1.4015,1.3993,1.3999,621798823.0,1776639599999,870692053.62921,5248,346062535.5,484539222.02408,0
1776639600000,1.3997,1.3999,1.3935,1.3966,1028859621.6,1776640499999,1435864626.82522,5352,426372654.4,595032679.59938,0
1776640500000,1.3967,1.3967,1.3926,1.3943,906099370.7,1776641399999,1263350553.53419,5845,308486226.9,430144472.27269,0
1776641400000,1.3945,1.3967,1.3937,1.3949,771931229.2,1776642299999,1076785898.93875,5917,452295735.4,630929560.94525,0
1776642300000,1.3948,1.3953,1.3922,1.3934,643946475.3,1776643199999,897576385.60665,5374,337702350.6,470698000.71435,0
1776643200000,1.3935,1.4008,1.3934,1.4,1005114820.8,1776644099999,1404341509.39062,6031,766924801.8,1071240890.58298,0
1776644100000,1.4,1.4048,1.3999,1.4046,622637308.5,1776644999999,873089889.48985,4751,514872985.1,722034595.72976,0
1776645000000,1.4046,1.4058,1.4039,1.4043,387412179.2,1776645899999,544222945.05627,3863,197271110.1,277156340.97532,0
1776645900000,1.4043,1.407,1.4043,1.405,304802424.9,1776646799999,428559715.31631,3504,241879930.5,340090354.41886,0
1776646800000,1.405,1.4071,1.4048,1.4071,365630410.8,1776647699999,514078223.08398,3871,270872895.3,380897157.98091,0
1776647700000,1.4071,1.4072,1.4044,1.4048,285539491.0,1776648599999,401375326.96162,3500,23548463.9,33121949.11330,0
1776648600000,1.4046,1.4109,1.4045,1.4097,742440620.8,1776649499999,1045850724.22994,5776,463496820.8,652721763.06830,0
1776649500000,1.4097,1.4097,1.4072,1.4075,383344324.3,1776650399999,539849030.39063,3876,192683658.3,271315086.53039,0
1776650400000,1.4075,1.4086,1.4042,1.4043,807436287.4,1776651299999,1135379529.29628,5517,260925412.2,366877913.64712,0
1776651300000,1.4044,1.4072,1.4041,1.4042,401700494.3,1776652199999,564703415.80001,4530,258052337.7,362779386.55023,0
1776652200000,1.4042,1.4066,1.4037,1.4058,637498989.5,1776653099999,895912427.30930,4675,420967458.8,591681935.89472,0
1776653100000,1.4058,1.4075,1.4057,1.4072,277395474.9,1776653999999,390083554.49656,3679,188035798.8,264415958.95302,0
1776654000000,1.4072,1.4117,1.4071,1.4107,529761154.8,1776654899999,746710071.39690,4404,505167155.2,712016612.19627,0
1776654900000,1.4107,1.412,1.4096,1.4103,440343848.5,1776655799999,621137930.07683,4415,190652971.0,268985129.07973,0
1776655800000,1.4103,1.4108,1.4087,1.4087,377630055.7,1776656699999,532399290.46277,3530,123801669.0,174621015.32401,0
1776656700000,1.4087,1.41,1.4082,1.4098,224846726.0,1776657599999,316812862.34494,2460,117941129.5,166208540.90027,0
1776657600000,1.4098,1.4099,1.4079,1.4079,207136151.8,1776658499999,291810112.48314,2949,10523181.6,14835568.70900,0
1776658500000,1.4079,1.4081,1.4055,1.4068,194315728.9,1776659399999,273357817.04171,2638,52038910.2,73203321.74255,0
1776659400000,1.4068,1.4077,1.4061,1.4071,266389587.6,1776660299999,374894494.87420,2951,194617902.0,273879487.82345,0
1776660300000,1.4077,1.4096,1.407,1.4086,371660928.9,1776661199999,523463899.65477,3589,236536367.1,333146009.80672,0
1776661200000,1.4085,1.4087,1.3995,1.4004,913910522.6,1776662099999,1282887561.88418,5013,30798685.4,43127152.63765,0
1776662100000,1.4004,1.4009,1.3986,1.3994,354351144.5,1776662999999,495989488.39874,3076,210608331.5,294882126.21745,0
1776663000000,1.3994,1.4015,1.3964,1.3964,726293429.7,1776663899999,1016349227.44058,4605,364365900.5,510088594.20192,0
1776663900000,1.3966,1.3993,1.3947,1.3982,694517522.9,1776664799999,970335592.26173,4758,465927256.7,651173192.53774,0
1776664800000,1.3982,1.4029,1.3982,1.4011,725563036.1,1776665699999,1016155366.38701,4967,566803712.7,793664226.93567,0
1776665700000,1.4011,1.4056,1.4,1.4036,865850514.2,1776666599999,1214209169.63363,4622,585920478.7,821551893.75592,0
1776666600000,1.4036,1.414,1.4036,1.4127,1159275696.0,1776667499999,1633298750.50329,5604,970654701.9,1367407063.31159,0
1776667500000,1.4127,1.4139,1.4106,1.4134,659507971.3,1776668399999,931272745.24028,4308,400450703.2,565632178.62520,0
1776668400000,1.4139,1.4154,1.4116,1.4149,975136087.7,1776669299999,1378328469.68113,5525,544497205.1,769777514.24798,0
1776669300000,1.4149,1.4304,1.4131,1.4246,1229441836.5,1776670199999,1747368992.83633,6414,911273646.2,1294705254.10917,0
1776670200000,1.4242,1.4249,1.4143,1.4155,694601126.2,1776671099999,984984502.35555,3707,101241749.3,143618233.49694,0
1776671100000,1.4154,1.4169,1.4115,1.4136,887830460.9,1776671999999,1255898296.23682,4901,516173143.2,730245314.42853,0
1776672000000,1.4136,1.4137,1.411,1.4128,690546666.9,1776672899999,975227587.61079,4584,291245710.5,411374356.97895,0
1776672900000,1.4128,1.4168,1.4109,1.4129,1177917934.2,1776673799999,1665620216.86618,6411,545582630.2,771785504.35809,0
1776673800000,1.4132,1.4138,1.4101,1.4108,631819528.7,1776674699999,892134967.88098,4749,181709032.6,256687944.00295,0
1776674700000,1.4108,1.4109,1.407,1.4091,804660466.6,1776675599999,1133681020.68862,5013,378458793.2,533122680.95826,0
1776675600000,1.409,1.4141,1.4073,1.414,857193582.1,1776676499999,1208622518.11120,5045,625877511.3,882629491.95122,0
1776676500000,1.414,1.4185,1.414,1.4149,711915013.7,1776677399999,1008171025.35171,4814,360410765.5,510488564.38706,0
1776677400000,1.4149,1.4185,1.4145,1.4185,669967368.2,1776678299999,948818486.99927,4365,516290082.4,731304137.24663,0
1776678300000,1.4185,1.42,1.4162,1.417,817340959.2,1776679199999,1159175681.26723,5264,405739443.9,575556881.87814,0
1776679200000,1.417,1.4236,1.4162,1.4236,592955785.1,1776680099999,842382551.98018,4289,589637550.9,837662587.08724,0
1776680100000,1.4236,1.4257,1.4222,1.4227,1069942161.6,1776680999999,1523750578.51946,4894,514716604.5,733058848.36193,0
1776681000000,1.4227,1.4227,1.4195,1.4208,516331347.1,1776681899999,733745917.38334,3785,68272378.3,96989352.58982,0
1776681900000,1.4208,1.4208,1.413,1.413,650466272.7,1776682799999,921924088.58730,4431,42468.2,60209.08507,0
1776682800000,1.4135,1.4152,1.4115,1.4152,869781137.8,1776683699999,1229789973.94560,5401,622530177.9,880259351.46220,0
1776683700000,1.4152,1.4164,1.413,1.4154,625649391.5,1776684599999,885016289.41890,5036,274116440.1,387805414.28030,0
1776684600000,1.4154,1.4165,1.413,1.4146,753863801.4,1776685499999,1066818736.69524,4931,241240582.0,341376895.70155,0
1776685500000,1.4146,1.4162,1.413,1.4145,632943805.6,1776686399999,895494637.16049,5479,276180246.0,390797315.98290,0
1776686400000,1.4145,1.4184,1.4122,1.4174,920535958.7,1776687299999,1302904145.16879,5715,617917328.3,874941396.60825,0
1776687300000,1.4174,1.4227,1.4168,1.4187,856421604.0,1776688199999,1215326681.46951,5269,485545835.8,689159431.17772,0
1776688200000,1.4187,1.42,1.4166,1.4195,734740702.1,1776689099999,1042302206.10687,5142,361186469.8,512545999.98294,0
1776689100000,1.4195,1.4225,1.4195,1.4215,746699758.7,1776689999999,1061040011.14671,5309,403034001.4,572698293.82314,0
1776690000000,1.4215,1.4252,1.4186,1.4241,1146578548.0,1776690899999,1630339607.52925,6261,705690223.3,1003582605.31451,0
1776690900000,1.4241,1.4241,1.42,1.4234,848853242.4,1776691799999,1206666636.19080,5137,414030081.2,588551546.07960,0
1776691800000,1.4234,1.4247,1.4186,1.4225,971363833.0,1776692699999,1380470706.02309,4948,641851008.2,912103902.21770,0
1776692700000,1.4225,1.4238,1.4186,1.4232,1055458268.8,1776693599999,1500206178.16709,5346,654348659.8,930217104.49712,0
1776693600000,1.4232,1.4242,1.42,1.421,918589325.0,1776694499999,1306567829.28402,5063,433118028.9,616133972.40873,0
1776694500000,1.421,1.4303,1.4204,1.4266,1082601180.9,1776695399999,1543522123.84648,5626,923777395.2,1316826770.80204,0
1776695400000,1.4266,1.4309,1.4227,1.4251,1132992786.9,1776696299999,1616852098.04427,6394,472584600.8,674736703.37297,0
1776696300000,1.4251,1.4262,1.4135,1.4151,1248002775.8,1776697199999,1771718838.69090,5999,272421624.9,386869081.12957,0
1776697200000,1.4158,1.4166,1.4085,1.4135,851479382.7,1776698099999,1201941256.45834,3716,257982130.5,364427404.80928,0
1776698100000,1.4135,1.4319,1.413,1.4299,1267673735.7,1776698999999,1803550527.02483,5793,1106146576.9,1572683373.58114,0
1776699000000,1.4305,1.4322,1.4286,1.4303,718037741.3,1776699899999,1027192494.76017,4358,372412543.3,532770983.02555,0
1776699900000,1.4303,1.4324,1.429,1.4316,1022747268.3,1776700799999,1463320294.48956,6452,508913117.0,728213129.34451,0
1776700800000,1.4316,1.4326,1.4262,1.4268,834746507.5,1776701699999,1192576577.44041,4836,307890930.6,440128379.68488,0
1776701700000,1.4268,1.4286,1.4244,1.4253,878426079.2,1776702599999,1253323794.72252,4926,377988602.3,539388969.73351,0
1776702600000,1.4253,1.4262,1.4218,1.4257,940155957.7,1776703499999,1339132359.00984,5116,495133526.0,705544529.09259,0
1776703500000,1.4257,1.4267,1.4218,1.4221,680963424.5,1776704399999,969646824.39464,4930,212757897.5,303037680.23395,0
1776704400000,1.4221,1.4289,1.4218,1.4285,746097746.0,1776705299999,1063520306.78173,4970,667764069.6,951979429.44429,0
1776705300000,1.4283,1.4316,1.4276,1.4283,975280039.1,1776706199999,1394443154.41593,5297,601967503.2,860870566.60732,0
1776706200000,1.4283,1.4284,1.4235,1.4235,951741686.8,1776707099999,1356197083.26230,5512,367782263.5,523999417.73692,0
1776707100000,1.4236,1.4283,1.4233,1.4265,923306657.2,1776707999999,1316209309.34152,5354,659065009.1,939666527.71715,0
1776708000000,1.4265,1.4327,1.4265,1.4312,938652840.2,1776708899999,1341782047.58989,4642,753329765.1,1076688993.88896,0
1776708900000,1.4312,1.4362,1.4301,1.4315,1111712922.0,1776709799999,1593502175.86982,5963,570097168.1,817281523.72290,0
1776709800000,1.4315,1.4321,1.4271,1.43,854637507.7,1776710699999,1221624591.76401,4706,481601553.4,688533786.74921,0
1776710700000,1.4301,1.4328,1.4276,1.4316,879979676.5,1776711599999,1258622566.44729,5051,560590074.0,802045526.35147,0
1776711600000,1.4316,1.4323,1.4301,1.4307,782117644.0,1776712499999,1119423255.42930,4880,316210886.9,452718360.34867,0
1776712500000,1.4307,1.4309,1.4273,1.4287,469882580.0,1776713399999,671224263.05056,4321,112305147.2,160380591.48459,0
1776713400000,1.4287,1.4309,1.4284,1.4288,529981426.0,1776714299999,757786822.59790,4403,373304866.3,533740406.50552,0
1776714300000,1.4288,1.4305,1.4284,1.4297,361233033.0,1776715199999,516374810.22788,3516,232936555.8,333005913.65086,0
1776715200000,1.4303,1.4303,1.4242,1.426,906107947.0,1776716099999,1292887146.66625,5529,277639030.3,395939948.75326,0
1776716100000,1.426,1.4318,1.4258,1.4287,696104371.6,1776716999999,994730396.58065,4974,367898011.5,525537477.87235,0
1776717000000,1.4288,1.4308,1.4281,1.4301,709842421.0,1776717899999,1014820433.71852,5008,403626418.5,577129748.52338,0
1776717900000,1.4301,1.4326,1.4299,1.4308,382924605.1,1776718799999,548092199.70742,3656,283272321.5,405462190.05317,0
1776718800000,1.4308,1.4317,1.4252,1.4266,880297013.6,1776719699999,1257661769.30249,5126,393023193.4,561452177.18054,0
1776719700000,1.4266,1.4271,1.4242,1.4267,613484991.3,1776720599999,874844148.38379,4681,366970824.1,523332159.82211,0
1776720600000,1.4267,1.4279,1.4254,1.427,470386756.0,1776721499999,671081354.25286,4704,251849208.6,359361031.27138,0
1776721500000,1.427,1.4302,1.4268,1.4294,373899847.8,1776722399999,534319748.89841,4354,241271347.7,344772754.29082,0
1776722400000,1.4292,1.4311,1.4288,1.429,416681672.5,1776723299999,595886146.45031,3634,219450148.6,313901135.75686,0
1776723300000,1.429,1.4302,1.4254,1.4271,717178590.4,1776724199999,1023618089.54411,4714,183979465.6,262537578.60943,0
1776724200000,1.427,1.4293,1.4262,1.4263,504378337.9,1776725099999,720037216.88155,4597,303147973.0,432835585.94439,0
1776725100000,1.4263,1.4263,1.4244,1.4251,367537666.6,1776725999999,523854285.10979,3561,118274172.6,168533516.98858,0
1776726000000,1.4251,1.4253,1.4214,1.4218,519987189.8,1776726899999,739706186.69613,3503,194157962.9,276102597.90820,0
1776726900000,1.4218,1.4235,1.421,1.4217,180268582.4,1776727799999,256301114.10059,2295,58937894.2,83816262.09091,0
1776727800000,1.4217,1.4237,1.4209,1.4228,385793196.3,1776728699999,548867606.31520,4053,270313655.4,384592697.74181,0
1776728700000,1.4228,1.4239,1.4221,1.4236,301352236.6,1776729599999,428840883.50059,3757,190568614.6,271189932.69081,0
1776729600000,1.4237,1.4271,1.4236,1.4265,764217687.7,1776730499999,1089492974.61614,4907,482992676.1,688564287.29806,0
1776730500000,1.4265,1.427,1.4244,1.4256,342783608.7,1776731399999,488671929.54611,3985,161388264.4,230118653.44624,0
1776731400000,1.4256,1.4271,1.4248,1.4258,484726275.2,1776732299999,691248641.03059,3167,253793527.5,361909955.97703,0
1776732300000,1.4258,1.4278,1.4248,1.4265,495250771.4,1776733199999,706137725.26160,3891,261002300.3,372154480.57571,0
1776733200000,1.4265,1.4309,1.4262,1.4301,918100073.1,1776734099999,1311676264.23669,5127,627655296.5,896637315.36999,0
1776734100000,1.4301,1.4302,1.4289,1.4291,374453293.6,1776734999999,535294540.11313,3361,122899441.3,175703034.18616,0
1776735000000,1.4291,1.4296,1.4272,1.4296,582567414.0,1776735899999,832123055.48212,4079,330665974.2,472411023.96128,0
1776735900000,1.4295,1.4295,1.4247,1.425,476842181.7,1776736799999,680335935.37953,4599,64142499.1,91428237.88718,0
1776736800000,1.425,1.4257,1.4235,1.4236,214488650.9,1776737699999,305599998.03209,2888,82644817.0,117798825.47859,0
1776737700000,1.4236,1.4252,1.4233,1.4247,253126889.6,1776738599999,360528962.21184,3305,146750861.7,209036403.24799,0
1776738600000,1.4247,1.4252,1.4226,1.4226,264511671.6,1776739499999,376531879.47718,3286,15712112.3,22375593.33702,0
1776739500000,1.4226,1.423,1.4209,1.4213,226917236.2,1776740399999,322712762.88499,3495,103895051.9,147742079.86148,0
1776740400000,1.4213,1.4216,1.4202,1.4203,279201612.0,1776741299999,396692816.23286,3221,84088204.0,119505571.71531,0
1776741300000,1.4203,1.4222,1.4188,1.4216,566986183.4,1776742199999,805382265.33348,4968,419117220.6,595359883.58685,0
1776742200000,1.4217,1.4236,1.4213,1.4219,283119414.9,1776743099999,402723197.03802,4076,149896223.4,213284127.13077,0
1776743100000,1.4219,1.4247,1.4213,1.4234,454198078.7,1776743999999,646572361.96005,3793,284341329.3,404744746.57768,0
1776744000000,1.4236,1.4258,1.4233,1.4241,371009439.6,1776744899999,528566427.87399,4250,272953637.3,388855903.87003,0
1776744900000,1.4241,1.4258,1.4238,1.4251,97413208.8,1776745799999,138758065.90192,2717,78220637.7,111428625.79826,0
1776745800000,1.4253,1.4258,1.424,1.4242,315795057.1,1776746699999,449895412.54767,3933,197618305.8,281530779.02822,0
1776746700000,1.4244,1.4258,1.4242,1.4258,68961.8,1776747599999,98269.05056,96,45071.5,64242.90590,0
1776747600000,1.4258,1.4258,1.4242,1.4243,216545.9,1776748499999,308645.94675,252,150301.0,214296.62653,0
1776748500000,1.4242,1.4258,1.4242,1.4242,123607.6,1776749399999,176150.58518,177,67819.8,96694.83545,0
1776749400000,1.4242,1.4259,1.4242,1.4242,373958.1,1776750299999,533204.55656,190,363860.0,518821.74511,0
1776750300000,1.4259,1.4259,1.4242,1.4252,110477.1,1776751199999,157428.44911,154,50860.5,72520.01769,0
1776751200000,1.4258,1.4259,1.4242,1.4259,113251.0,1776752099999,161396.98999,210,62111.5,88560.75926,0
1776752100000,1.4258,1.4259,1.4242,1.4258,86330.4,1776752999999,123026.03186,158,40782.7,58149.01425,0
1776753000000,1.4242,1.4262,1.4242,1.4262,62491283.5,1776753899999,89112257.89349,766,62165568.4,88648364.39788,0
1776753900000,1.4262,1.4262,1.4242,1.4262,66810.7,1776754799999,95214.07514,233,30357.0,43291.30296,0
1776754800000,1.4261,1.4262,1.4242,1.4242,122141.4,1776755699999,174081.84742,248,60343.5,86049.29939,0
1776755700000,1.4242,1.4311,1.4242,1.4307,15212477.6,1776756599999,21757644.45539,522,15094327.9,21589343.75021,0
1776756600000,1.4311,1.4312,1.4242,1.4312,27311580.9,1776757499999,39085361.47821,575,27222830.5,38958896.24113,0
1776757500000,1.4266,1.4399,1.4242,1.4387,443403280.0,1776758399999,637141605.41180,2808,384103532.0,551817259.32341,0
1776758400000,1.4387,1.4392,1.4371,1.4373,546055286.8,1776759299999,785328987.05654,4362,99433874.5,143024936.78791,0
1776759300000,1.4373,1.4418,1.4371,1.4413,491970344.4,1776760199999,708447750.00177,4256,436067968.9,627901897.63484,0
1776760200000,1.4413,1.4436,1.4388,1.4434,694015206.2,1776761099999,1000018327.08186,4282,450078735.2,648803843.71939,0
1776761100000,1.4434,1.4475,1.4417,1.4419,641563123.1,1776761999999,926641202.24023,3920,274897055.7,397273461.76851,0
1776762000000,1.4419,1.442,1.4387,1.4403,568598556.3,1776762899999,818732722.29275,3973,241435515.1,347636381.48844,0
1776762900000,1.4403,1.4438,1.4387,1.4387,560289227.6,1776763799999,807523006.84181,4248,309602818.6,446342646.46344,0
1776763800000,1.4387,1.4388,1.4371,1.4386,160581300.2,1776764699999,230931447.47644,2757,90730402.9,130501384.12841,0
1776764700000,1.4386,1.4405,1.4383,1.4405,116091008.0,1776765599999,167115200.35441,2513,116050024.5,167056216.41480,0
1776765600000,1.4405,1.4422,1.4404,1.4404,473161474.2,1776766499999,681896317.08818,3000,323490619.1,466241728.89546,0
1776766500000,1.4404,1.4405,1.4378,1.4387,841721949.6,1776767399999,1211475180.87002,5312,380575520.0,547784086.45206,0
1776767400000,1.4388,1.4409,1.4378,1.4409,455380576.0,1776768299999,655461142.55961,3689,323913418.9,466340793.80856,0
1776768300000,1.4409,1.4422,1.4404,1.4421,206282987.9,1776769199999,297389521.03344,1075,206187640.3,297252045.54876,0
1776769200000,1.4421,1.4427,1.4384,1.4384,49314855.2,1776770099999,71063605.98674,1893,3048114.3,4396493.88605,0
1776770100000,1.4384,1.4388,1.4383,1.4387,875524.5,1776770999999,1259488.78044,318,433807.7,624158.94689,0
1776771000000,1.4387,1.4388,1.4383,1.4384,291502.0,1776771899999,419340.65913,157,146196.2,210346.81923,0
1776771900000,1.4384,1.4388,1.4376,1.4381,3342456.6,1776772799999,4806389.31973,1001,183898.0,264564.66744,0
1776772800000,1.4381,1.4382,1.4348,1.4348,513591970.4,1776773699999,737615410.90292,3795,84405984.2,121235623.99834,0
1776773700000,1.4348,1.4372,1.4347,1.4372,176043434.1,1776774599999,252833195.81684,3154,166118639.4,238593069.04360,0
1776774600000,1.4372,1.4427,1.4288,1.43,384900232.5,1776775499999,552500885.89837,3329,115698123.6,166108760.52421,0
1776775500000,1.4299,1.4327,1.4277,1.4316,189486065.2,1776776399999,271305856.58767,2091,188668170.4,270137610.53332,0
1776776400000,1.4317,1.434,1.4313,1.4323,596685039.5,1776777299999,854822152.66263,4484,426064136.1,610425491.85802,0
1776777300000,1.4323,1.4335,1.4316,1.4318,203715549.7,1776778199999,291833810.15310,3464,51608715.9,73933798.50610,0
1776778200000,1.4318,1.4319,1.43,1.4311,46211792.9,1776779099999,66135738.60529,2406,2016767.1,2885547.10181,0
1776779100000,1.4311,1.4335,1.4301,1.4323,76577667.4,1776779999999,109683333.12870,2154,15455101.4,22135854.60415,0
1776780000000,1.4323,1.4331,1.43,1.4301,796024523.7,1776780899999,1139341950.98875,5677,260832423.6,373350819.35355,0
1776780900000,1.4301,1.4383,1.43,1.4372,779246676.8,1776781799999,1118841715.07360,4435,628250418.1,901956974.18497,0
1776781800000,1.4367,1.4439,1.4366,1.4418,165337966.0,1776782699999,238094613.46854,1253,165169986.2,237852970.91043,0
1776782700000,1.4418,1.4439,1.4366,1.4366,2571954.8,1776783599999,3697050.39825,666,302642.9,436672.73742,0
1776783600000,1.4372,1.4372,1.4284,1.4298,624616072.7,1776784499999,893328149.10335,3782,296121036.1,423407747.13398,0
1776784500000,1.4298,1.4353,1.4264,1.4278,760776024.3,1776785399999,1088595567.64621,4016,406923274.7,582168538.05865,0
1776785400000,1.4278,1.4301,1.4257,1.4293,1016525580.1,1776786299999,1451619045.09740,5657,644807371.2,921035283.49817,0
1776786300000,1.4293,1.4322,1.4289,1.4314,735112299.5,1776787199999,1051496383.90265,5215,358448580.7,512849387.44600,0
1776787200000,1.431,1.4341,1.4304,1.4328,873603856.0,1776788099999,1251410292.89496,5777,584298154.2,837026478.55399,0
1776788100000,1.4328,1.434,1.429,1.43,880271107.3,1776788999999,1261086765.76843,6178,365448864.9,523666062.92399,0
1776789000000,1.43,1.4348,1.429,1.4302,989032247.8,1776789899999,1416773286.91541,5984,525037010.8,752119760.96989,0
1776789900000,1.4302,1.4321,1.427,1.4277,950792403.0,1776790799999,1359756323.67426,6063,413101358.9,591120602.50188,0
1776790800000,1.427,1.4279,1.4222,1.4224,721916185.7,1776791699999,1028725541.14278,5468,203888918.9,290550442.38537,0
1776791700000,1.4224,1.4224,1.4138,1.4188,1236819727.4,1776792599999,1755240544.54025,6028,455379122.3,646320427.03972,0
1776792600000,1.4188,1.4276,1.4177,1.4272,893243370.4,1776793499999,1270853418.02581,5070,713937748.6,1015965668.31881,0
1776793500000,1.4273,1.4276,1.4231,1.4235,717368291.2,1776794399999,1022767988.89742,4992,221699270.0,316155440.58720,0
1776794400000,1.4236,1.4257,1.4231,1.4248,508490006.9,1776795299999,724218654.91258,4962,289671401.1,412579282.43182,0
1776795300000,1.4249,1.4257,1.4194,1.4197,854137548.6,1776796199999,1214272386.65902,5688,318313401.2,452530269.54193,0
1776796200000,1.4196,1.4223,1.4194,1.4218,287344306.3,1776797099999,408497531.61124,3621,237261801.2,337290562.46126,0
1776797100000,1.4218,1.4245,1.4195,1.4245,820026434.5,1776797999999,1165876197.22843,4988,457218293.8,650120159.97747,0
1776798000000,1.4241,1.4303,1.4238,1.4258,931131295.5,1776798899999,1329545734.57615,5607,553668509.0,790589405.28850,0
1776798900000,1.4257,1.4307,1.4248,1.4281,879724700.4,1776799799999,1256223625.02522,5070,730106071.1,1042726375.95876,0
1776799800000,1.4284,1.4285,1.417,1.417,1173639545.1,1776800699999,1669826549.69623,6048,93353468.2,132781190.25932,0
1776800700000,1.417,1.4173,1.4119,1.4127,908335143.8,1776801599999,1284448544.29004,4580,531468280.6,751593009.59668,0
1776801600000,1.4127,1.4242,1.4119,1.4222,1160633473.4,1776802499999,1643312809.20889,5614,765512901.3,1084142720.58052,0
1776802500000,1.4222,1.4262,1.4219,1.4243,768531753.7,1776803399999,1094214595.08227,5472,407875827.3,580943603.80591,0
1776803400000,1.4243,1.4279,1.4243,1.4251,696067436.7,1776804299999,992699733.16887,4689,350650649.4,500102652.29964,0
1776804300000,1.425,1.4254,1.4237,1.4237,350305370.7,1776805199999,498918889.09710,4051,79697120.2,113516252.88484,0
1776805200000,1.4237,1.424,1.4207,1.4223,564997602.8,1776806099999,803637263.61553,4404,125319240.7,178230348.54270,0
1776806100000,1.4222,1.4239,1.4213,1.4218,321495692.0,1776806999999,457446496.29976,3691,179682205.4,255726224.41339,0
1776807000000,1.4218,1.4234,1.42,1.42,624808686.3,1776807899999,888301855.55453,4936,202099699.2,287521530.39387,0
1776807900000,1.42,1.4223,1.42,1.4216,407990594.9,1776808799999,579934177.29771,4278,250530055.3,356113932.06217,0
1776808800000,1.4216,1.4227,1.42,1.4225,693000078.8,1776809699999,985011174.81783,5250,418172194.0,594426494.06302,0
1776809700000,1.4225,1.4225,1.4164,1.4176,773245348.5,1776810599999,1097000852.08608,5197,122694947.8,174026538.38127,0
1776810600000,1.4176,1.4202,1.4158,1.4202,616307115.3,1776811499999,873960577.97388,5083,384334533.7,545088076.64665,0
1776811500000,1.4202,1.4214,1.419,1.4214,395454126.3,1776812399999,561656334.00431,4069,290234532.8,412265757.30212,0
1776812400000,1.4214,1.4251,1.4213,1.423,844135821.5,1776813299999,1201652218.78332,5810,417038619.0,593530061.91030,0
1776813300000,1.423,1.424,1.4224,1.4226,370343392.5,1776814199999,527103901.90644,4008,239454072.6,340820684.62742,0
1776814200000,1.4228,1.4276,1.4226,1.4276,584599749.7,1776815099999,832888911.08041,4591,547720835.6,780385617.55984,0
1776815100000,1.4275,1.4326,1.4275,1.4325,894650005.9,1776815999999,1279407954.58032,5175,860226224.3,1230156961.82577,0
1776816000000,1.4325,1.4329,1.4308,1.4316,589870884.6,1776816899999,844590435.63434,4942,264007031.3,378052285.95530,0
1776816900000,1.4316,1.4334,1.4306,1.4315,600504036.0,1776817799999,859919819.74496,4851,297330359.5,425875199.44244,0
1776817800000,1.4316,1.432,1.4296,1.4298,441319817.4,1776818699999,631427861.73514,5011,181613597.5,259904603.60990,0
1776818700000,1.4298,1.4316,1.4297,1.4316,137151215.7,1776819599999,196249862.94704,1745,135149549.8,193385955.15799,0
1776819600000,1.4316,1.4316,1.4296,1.4315,765479.3,1776820499999,1094630.10079,487,28154.4,40301.66143,0
1776820500000,1.4314,1.4316,1.4277,1.4277,86296352.2,1776821399999,123309856.02141,1155,38591.3,55196.49665,0
1776821400000,1.4277,1.4283,1.4264,1.4274,298293221.7,1776822299999,425805578.67101,3393,181261401.1,258823799.45847,0
1776822300000,1.4274,1.4296,1.4271,1.4286,62863035.7,1776823199999,89733472.36395,2648,6356131.2,9072798.74662,0
1776823200000,1.4287,1.4335,1.4266,1.4335,675620172.2,1776824099999,965207451.34522,4446,478708623.1,684113420.78002,0
1776824100000,1.4335,1.4439,1.4335,1.4433,1267705241.8,1776824999999,1823004729.38089,6337,1044086750.1,1501543451.40655,0
1776825000000,1.4434,1.4468,1.4414,1.4468,707645030.5,1776825899999,1022050338.95783,4826,612885603.5,885254962.67847,0
1776825900000,1.4467,1.4485,1.4437,1.4481,852556453.2,1776826799999,1232847627.28599,5476,497644076.8,719902302.57256,0
1776826800000,1.4481,1.4498,1.4468,1.4474,888098282.8,1776827699999,1286194044.18893,5523,472691954.7,684574536.28258,0
1776827700000,1.4474,1.4476,1.4439,1.4458,668609656.9,1776828599999,966304920.06704,5098,196863608.0,284469549.28901,0
1776828600000,1.4459,1.4464,1.4426,1.4438,389740000.1,1776829499999,562649210.44426,4251,98989602.6,142907815.70488,0
1776829500000,1.4437,1.4444,1.4405,1.4427,714143988.1,1776830399999,1030046490.09773,5128,302225050.6,435968080.66822,0
1776830400000,1.4428,1.4448,1.4426,1.4431,469348747.1,1776831299999,677536038.80785,4550,282564185.9,407875432.78173,0
1776831300000,1.4431,1.4441,1.4412,1.444,490577680.1,1776832199999,707586472.25383,5111,305267557.8,440344469.37307,0
1776832200000,1.444,1.4463,1.4431,1.4445,555916254.8,1776833099999,803179180.68898,4546,314504119.1,454427639.44350,0
1776833100000,1.4445,1.4446,1.443,1.4434,254525105.4,1776833999999,367439250.14222,3658,21311025.9,30773118.21852,0
1776834000000,1.4434,1.4465,1.4425,1.4459,504251015.7,1776834899999,728553058.57768,4832,366866715.3,529954251.95059,0
1776834900000,1.4459,1.4584,1.4458,1.4584,1435508121.2,1776835799999,2085683823.91811,6005,1153897780.4,1676251037.01189,0
1776835800000,1.4584,1.4591,1.4556,1.4567,717988019.3,1776836699999,1046145233.53057,4119,289295453.4,421551429.47387,0
1776836700000,1.4567,1.4585,1.4541,1.4541,881767284.6,1776837599999,1284339489.54635,5038,357257974.6,520584736.69990,0
1776837600000,1.4541,1.4543,1.4523,1.4531,860245798.0,1776838499999,1250201257.89679,5919,356278211.2,517794490.29773,0
1776838500000,1.4531,1.4538,1.4515,1.4535,376599875.0,1776839399999,547096350.04962,4898,111576698.3,162118384.74216,0
1776839400000,1.4535,1.4544,1.4528,1.454,353763582.0,1776840299999,514289784.64687,3985,263965381.1,383768150.28575,0
1776840300000,1.454,1.4558,1.4539,1.4558,292730073.5,1776841199999,425900447.22996,4088,191058057.6,277999302.92339,0
1776841200000,1.4557,1.457,1.4556,1.4567,263168312.7,1776842099999,383262304.66104,3152,263084507.6,383140275.24755,0
1776842100000,1.4567,1.457,1.4513,1.4514,474034301.0,1776842999999,689293165.70299,5052,64561787.4,93823090.10525,0
1776843000000,1.4514,1.4534,1.451,1.4533,378377514.7,1776843899999,549447869.01420,3897,299178278.1,434501945.95995,0
1776843900000,1.4534,1.4548,1.4529,1.4547,369301378.5,1776844799999,536961044.51171,3720,239468120.4,348215404.47545,0
1776844800000,1.4547,1.4548,1.4524,1.4535,406500507.8,1776845699999,590813236.15316,4367,193869637.0,281851842.84757,0
1776845700000,1.4535,1.4537,1.4512,1.4513,242593620.9,1776846599999,352378109.54904,3669,72751023.1,105630593.02638,0
1776846600000,1.4513,1.4516,1.4494,1.4507,365999500.7,1776847499999,530870646.83191,4167,132779534.6,192624886.25311,0
1776847500000,1.4507,1.4533,1.45,1.4525,430479547.0,1776848399999,624696782.93298,4606,317412229.6,460693569.45663,0
1776848400000,1.4525,1.4534,1.4502,1.4522,505897219.5,1776849299999,734452785.27287,4421,167579249.9,243304580.03948,0
1776849300000,1.4522,1.4533,1.4507,1.4533,426841468.8,1776850199999,619638551.21678,4159,300455571.2,436194298.88349,0
1776850200000,1.453,1.4533,1.45,1.4518,505949847.5,1776851099999,734442281.54259,4734,275033954.6,399206106.01398,0
1776851100000,1.4518,1.4521,1.4498,1.4508,256048648.0,1776851999999,371627196.47266,4019,73616134.2,106864673.90009,0
1776852000000,1.4505,1.4517,1.4484,1.4489,405703152.1,1776852899999,588214320.76264,3794,113865536.9,165159123.82036,0
1776852900000,1.4489,1.4494,1.4482,1.4494,171810095.2,1776853799999,248942036.30229,3313,146304998.2,211997559.65504,0
1776853800000,1.4494,1.4516,1.4492,1.451,399017175.1,1776854699999,578824214.02763,3916,328475572.8,476450016.57362,0
1776854700000,1.451,1.4513,1.4495,1.4497,174841178.8,1776855599999,253569551.68592,2815,245328.4,355770.14873,0
1776855600000,1.4497,1.4514,1.4485,1.4498,666638857.3,1776856499999,966499839.28438,5018,245625897.7,356175244.80168,0
1776856500000,1.4498,1.451,1.4494,1.4499,573132176.8,1776857399999,831032032.27230,4917,301747958.3,437530752.73239,0
1776857400000,1.4499,1.4528,1.4498,1.4514,453218146.7,1776858299999,657784854.12776,4218,305036855.1,442706016.63202,0
1776858300000,1.4513,1.4536,1.4505,1.4536,564227606.3,1776859199999,819181326.41690,4034,354260697.1,514444087.15622,0
1776859200000,1.4536,1.4544,1.4523,1.4541,331947424.3,1776860099999,482480733.03871,4182,180367021.8,262251064.24426,0
1776860100000,1.454,1.4544,1.4501,1.4501,456900974.9,1776860999999,663249017.56557,4479,7433019.3,10802426.06999,0
1776861000000,1.4501,1.4508,1.4466,1.4476,647024041.0,1776861899999,937337200.65491,5168,248926951.9,360717172.85511,0
1776861900000,1.4476,1.4514,1.4476,1.4499,778686151.3,1776862799999,1128957430.55782,5255,558638387.1,809889510.80976,0
1776862800000,1.4499,1.4527,1.4472,1.4526,891519644.9,1776863699999,1292489147.40191,6372,513058111.6,744000293.40344,0
1776863700000,1.4526,1.4542,1.4524,1.4525,370106472.2,1776864599999,537890311.76007,3824,222639670.4,323587488.81836,0
1776864600000,1.4526,1.4567,1.4508,1.4567,1194931838.1,1776865499999,1736786585.41541,6211,768828075.8,1117762631.75945,0
1776865500000,1.4567,1.4598,1.4561,1.4579,612037162.3,1776866399999,892432489.72575,4944,398796582.5,581542670.97144,0
1776866400000,1.4579,1.4618,1.4544,1.4598,834357960.8,1776867299999,1215480603.06733,5430,446047116.4,649799628.31336,0
1776867300000,1.4598,1.46,1.4562,1.4578,821322763.7,1776868199999,1197541779.18630,4987,445239755.5,649211562.78124,0
1776868200000,1.4578,1.458,1.452,1.452,752352813.1,1776869099999,1094442669.46997,4427,243652128.0,354361928.92999,0
1776869100000,1.452,1.4575,1.4518,1.4571,895811621.5,1776869999999,1303053763.41554,4723,655453111.6,953497579.37870,0
1776870000000,1.4571,1.4575,1.4524,1.4535,956746219.8,1776870899999,1391117207.57404,5586,284814929.0,414045263.75917,0
1776870900000,1.4535,1.4561,1.4521,1.4536,903983230.7,1776871799999,1314245031.71949,5722,444012337.7,645589683.22852,0
1776871800000,1.4536,1.4562,1.4517,1.4556,669973631.7,1776872699999,974151604.48720,4460,426381910.3,620075455.43361,0
1776872700000,1.4556,1.4596,1.4555,1.4567,819461400.6,1776873599999,1194903617.61181,4331,445671052.2,649744765.45183,0
1776873600000,1.4567,1.4576,1.4531,1.4536,591504343.1,1776874499999,861105211.27593,3888,111331749.2,162205659.55972,0
1776874500000,1.4537,1.4539,1.4462,1.448,789483511.3,1776875399999,1144457366.64647,5479,103303949.7,149578532.08177,0
1776875400000,1.448,1.4488,1.4458,1.4474,680896276.3,1776876299999,985621614.58165,4761,312566993.9,452475302.41001,0
1776876300000,1.4474,1.4484,1.4458,1.4462,456744480.5,1776877199999,661032456.68379,4943,239257722.3,346362127.28052,0
1776877200000,1.4467,1.451,1.446,1.45,1063971143.5,1776878099999,1541472899.07400,6300,714127277.8,1034449541.22092,0
1776878100000,1.45,1.4502,1.4462,1.4467,734343466.2,1776878999999,1063172063.97079,4266,228380368.5,330599877.67655,0
1776879000000,1.4467,1.4482,1.4457,1.4467,686180863.6,1776879899999,992827527.51631,5013,394872387.7,571332415.68985,0
1776879900000,1.4466,1.4504,1.4466,1.4487,626646797.5,1776880799999,907974896.84060,4667,368092379.3,533312825.45808,0
1776880800000,1.4487,1.4519,1.4487,1.4519,375182214.2,1776881699999,544114274.25840,3747,262716861.9,381053119.76743,0
1776881700000,1.4519,1.452,1.4503,1.4506,185587394.9,1776882599999,269297085.38351,2850,32230755.1,46792919.65488,0
1776882600000,1.4506,1.4507,1.4482,1.4482,451236396.7,1776883499999,653999691.27173,4287,119038892.0,172582105.15020,0
1776883500000,1.4482,1.4504,1.447,1.4471,512256606.3,1776884399999,741997590.74496,4257,68178335.9,98812801.05338,0
1776884400000,1.4471,1.4471,1.442,1.4438,819868660.4,1776885299999,1184057260.35328,4838,434288525.0,626974502.59956,0
1776885300000,1.4438,1.4467,1.4436,1.4452,387647700.7,1776886199999,560235837.13200,4098,258471687.2,373587765.31943,0
1776886200000,1.4452,1.4453,1.4381,1.4403,1288381049.5,1776887099999,1856256419.63369,5548,394826222.3,568146911.54464,0
1776887100000,1.4403,1.4419,1.4384,1.4418,785653377.3,1776887999999,1131135164.23628,3671,541879147.4,780114674.13219,0
1776888000000,1.4418,1.4419,1.4383,1.4383,374610596.2,1776888899999,539495729.04413,3964,215040053.2,309763934.87239,0
1776888900000,1.4383,1.4384,1.4339,1.4371,669527736.8,1776889799999,961549861.01777,5443,321176649.7,461099684.02085,0
1776889800000,1.4371,1.4377,1.4368,1.4371,260930647.7,1776890699999,375028399.80074,3523,229916606.8,330462785.01262,0
1776890700000,1.437,1.4377,1.4358,1.436,359318141.6,1776891599999,516088828.67734,3863,107642263.7,154605522.16575,0
1776891600000,1.436,1.4381,1.4359,1.4379,212972516.2,1776892499999,306211034.54961,3620,154338959.2,221903361.17506,0
1776892500000,1.4379,1.4389,1.4376,1.4387,321492181.6,1776893399999,462415744.47872,3713,243716182.8,350562924.67958,0
1776893400000,1.4388,1.4403,1.4387,1.44,81999916.3,1776894299999,118054726.59115,2656,81890189.1,117896818.07826,0
1776894300000,1.44,1.4408,1.4396,1.4408,196457095.7,1776895199999,282974825.13947,3185,179595512.6,258687541.68284,0
1776895200000,1.4408,1.4408,1.4387,1.4398,547016819.6,1776896099999,787769369.48988,4560,276683142.5,398450720.21267,0
1776896100000,1.4398,1.4398,1.4359,1.4361,310225164.9,1776896999999,445974436.90192,4088,15592250.4,22405777.98408,0
1776897000000,1.4361,1.4369,1.4354,1.4367,241495705.9,1776897899999,346828677.08829,3251,157969333.5,226902470.01941,0
1776897900000,1.4367,1.4368,1.4346,1.4368,442875552.9,1776898799999,635900461.89083,3785,218944034.8,314394308.05008,0
1776898800000,1.4367,1.4372,1.4349,1.4356,377145104.2,1776899699999,541461029.89503,2917,182499246.8,262007905.79484,0
1776899700000,1.4356,1.4358,1.43,1.4318,541570837.6,1776900599999,776193429.04646,4579,55491271.9,79564554.50984,0
1776900600000,1.4318,1.4319,1.4287,1.4292,662143899.6,1776901499999,946848239.51026,4724,224263186.0,320722312.34504,0
1776901500000,1.4293,1.4302,1.4285,1.4285,242301024.1,1776902399999,346271116.34532,3645,60435737.0,86381114.86723,0
1776902400000,1.4288,1.4293,1.4231,1.4234,765849607.6,1776903299999,1091960172.52916,4376,73818.2,105304.38676,0
1776903300000,1.4234,1.4297,1.4216,1.4276,1077368121.6,1776904199999,1537039504.19740,4993,852270349.3,1216084302.41879,0
1776904200000,1.4276,1.4297,1.4266,1.4278,825753805.3,1776905099999,1179163937.05257,4932,463496304.1,661872970.11963,0
1776905100000,1.4278,1.429,1.4261,1.4277,757313018.4,1776905999999,1081226019.47407,5106,433998715.1,619715674.81113,0
1776906000000,1.4277,1.4287,1.425,1.4253,497587821.3,1776906899999,710177495.52587,3834,133294914.5,190348920.51270,0
1776906900000,1.4253,1.4255,1.4218,1.4218,725861558.4,1776907799999,1033154886.09782,4486,211363170.8,300833254.14584,0
1776907800000,1.4219,1.4261,1.4207,1.425,553752707.5,1776908699999,788270706.46478,4314,401531387.9,571684800.26961,0
1776908700000,1.425,1.4266,1.4244,1.4252,499690971.6,1776909599999,712219419.06538,3574,308179037.0,439282854.16735,0
1776909600000,1.4252,1.4253,1.4224,1.4224,442144228.6,1776910499999,629412227.17238,4330,74228267.8,105682488.72920,0
1776910500000,1.4224,1.4238,1.4178,1.4186,898425862.1,1776911399999,1276892269.90557,5286,266543573.4,379091832.59206,0
1776911400000,1.4186,1.4189,1.4148,1.4167,877763074.5,1776912299999,1243308028.09385,5055,313793423.9,444559415.07021,0
1776912300000,1.4167,1.4189,1.4157,1.418,478831162.5,1776913199999,678722577.05507,4405,256162969.0,363117825.22939,0
1776913200000,1.4181,1.4198,1.4151,1.4151,592092078.9,1776914099999,839587130.16251,4910,123117833.4,174656086.52687,0
1776914100000,1.4151,1.4154,1.4136,1.4144,297799344.5,1776914999999,421283107.37240,3495,106708097.3,150950728.81836,0
1776915000000,1.4144,1.4146,1.4109,1.413,772173241.3,1776915899999,1090624249.16225,5443,280148522.1,395728885.06877,0
1776915900000,1.413,1.4149,1.4124,1.4149,685940729.7,1776916799999,969732923.80756,5233,474186515.9,670426810.81556,0
1776916800000,1.4149,1.4181,1.4147,1.4175,459092724.6,1776917699999,650262565.12345,4274,459045408.2,650195593.97534,0
1776917700000,1.4175,1.4181,1.4155,1.4158,356162445.3,1776918599999,504386707.32675,3805,95093973.3,134651254.11307,0
1776918600000,1.4158,1.4181,1.4158,1.4166,255018345.2,1776919499999,361282620.39551,3757,146603092.1,207687632.37075,0
1776919500000,1.4166,1.4168,1.4157,1.4164,105036291.2,1776920399999,148757329.53244,3067,40381457.4,57192274.71038,0
1776920400000,1.4164,1.4181,1.4161,1.4181,60514903.4,1776921299999,85745549.70962,2421,60327349.4,85479650.95963,0
1776921300000,1.4181,1.4181,1.4161,1.4165,159893991.3,1776922199999,226580262.04376,3220,26203625.2,37132331.33761,0
1776922200000,1.4165,1.4166,1.4143,1.4166,666806032.7,1776923099999,943810080.54325,5563,256966683.6,363707751.98676,0
1776923100000,1.4166,1.4195,1.4164,1.4184,323445266.5,1776923999999,458725671.07553,4000,276188549.7,391682908.37765,0
1776924000000,1.4184,1.4228,1.4183,1.4221,646227733.2,1776924899999,918430601.53221,4869,560147611.9,795994874.14062,0
1776924900000,1.422,1.4238,1.4217,1.4234,425643284.4,1776925799999,605545811.35897,4402,288369411.1,410309178.16277,0
1776925800000,1.4233,1.4244,1.4218,1.4221,424761273.7,1776926699999,604584158.59727,4689,131663880.7,187442486.67347,0
1776926700000,1.422,1.4231,1.4206,1.4229,302712159.5,1776927599999,430432517.07394,4776,203352413.9,289202590.55586,0
1776927600000,1.4229,1.4231,1.4206,1.4209,338087372.1,1776928499999,480847459.30930,3990,136542698.3,194217224.85741,0
1776928500000,1.4209,1.4223,1.4204,1.4217,315986008.2,1776929399999,449213805.03063,3458,228732522.5,325203656.23117,0
1776929400000,1.4218,1.4223,1.4204,1.4219,139225313.8,1776930299999,197913417.44610,3159,95818481.9,136225900.68285,0
1776930300000,1.4219,1.4222,1.4194,1.4198,355125975.7,1776931199999,504483684.98180,3879,89637591.8,127414242.85018,0
1776931200000,1.4196,1.4202,1.4179,1.4192,293426992.4,1776932099999,416234000.49451,3362,95723878.9,135815696.86417,0
1776932100000,1.4192,1.4195,1.4169,1.4169,488153960.8,1776932999999,692177019.20678,3744,49348372.7,70019850.47107,0
1776933000000,1.4169,1.417,1.4143,1.4147,310469367.8,1776933899999,439562431.94264,3253,95340243.7,134940588.17488,0
1776933900000,1.4147,1.418,1.4147,1.4175,304737614.6,1776934799999,431662695.78341,3905,269342679.5,381551910.14293,0
1776934800000,1.4176,1.418,1.4116,1.4127,554628163.5,1776935699999,784332875.74966,4335,40997399.9,57908162.68910,0
1776935700000,1.4127,1.4158,1.4127,1.4145,560182338.6,1776936599999,792072880.49506,4402,351335498.0,496710852.63722,0
1776936600000,1.4145,1.4155,1.4141,1.4152,414027799.9,1776937499999,585775145.59756,4064,326568260.3,462059374.00056,0
1776937500000,1.4152,1.4155,1.4122,1.4142,389878242.1,1776938399999,551137923.53819,3621,156808570.2,221673493.16895,0
1776938400000,1.4142,1.4152,1.4088,1.4088,815301648.7,1776939299999,1151477819.17512,4991,252017792.6,356237111.19955,0
1776939300000,1.4088,1.4103,1.4085,1.4102,417337324.6,1776940199999,588352505.55401,4675,291909598.4,411519215.26734,0
1776940200000,1.4101,1.4104,1.4096,1.4097,231344354.3,1776941099999,326164336.02178,3340,85202512.1,120130356.47571,0
1776941100000,1.4097,1.4107,1.4087,1.4099,605225919.8,1776941999999,853209194.46788,5473,325525011.4,458967876.65902,0
1776942000000,1.41,1.4117,1.4099,1.4114,275735251.0,1776942899999,389050028.07611,4104,230980945.5,325894897.01607,0
1776942900000,1.4114,1.4126,1.4109,1.4124,309004555.2,1776943799999,436274752.53407,3678,242764704.6,342786854.65909,0
1776943800000,1.4126,1.4138,1.4117,1.4137,235534379.9,1776944699999,332867414.50523,3280,226256850.3,319766750.61979,0
1776944700000,1.4137,1.4167,1.4137,1.4155,538442152.4,1776945599999,762255816.59485,5119,307654201.9,435527952.24992,0
1776945600000,1.4153,1.418,1.4152,1.4173,497177492.3,1776946499999,704289404.56272,4530,288278861.3,408406366.68366,0
1776946500000,1.4173,1.4174,1.4147,1.4158,535028373.2,1776947399999,757544330.03223,4544,161466506.0,228636237.96023,0
1776947400000,1.4158,1.4198,1.4157,1.4188,416781490.2,1776948299999,591038059.72722,4034,360011772.4,510477975.46804,0
1776948300000,1.4188,1.4198,1.4156,1.4174,443652597.1,1776949199999,628716821.88572,4144,170058897.7,240974925.44393,0
1776949200000,1.4174,1.4191,1.4157,1.4158,632443093.7,1776950099999,896740416.64735,4771,431397831.0,611806831.24069,0
1776950100000,1.4158,1.4167,1.4139,1.4147,331861806.4,1776950999999,469600345.61676,3764,5799571.2,8209454.86024,0
1776951000000,1.4144,1.4162,1.4139,1.4156,419645463.6,1776951899999,593878920.14127,4003,206217799.8,291871333.16107,0
1776951900000,1.4156,1.4177,1.4135,1.4153,800888183.6,1776952799999,1133476271.18133,4720,363279864.8,514348818.31358,0
1776952800000,1.4153,1.417,1.4142,1.4153,710954492.0,1776953699999,1006460093.33695,4373,331447251.1,469287744.36226,0
1776953700000,1.4153,1.4193,1.4152,1.4176,928727523.2,1776954599999,1316178425.39650,4941,624614894.9,885408044.58603,0
1776954600000,1.4176,1.4254,1.4175,1.423,820687101.3,1776955499999,1166795078.95298,4343,715569816.2,1017213976.74104,0
1776955500000,1.423,1.4291,1.4219,1.4288,697159646.4,1776956399999,994505682.45688,4541,618689719.6,882507162.00981,0
1776956400000,1.4288,1.4302,1.4257,1.4257,389096652.9,1776957299999,555635297.47068,3629,112555731.9,160898318.38949,0
1776957300000,1.4257,1.4342,1.425,1.4316,1083808509.9,1776958199999,1549656960.22374,5148,790188739.3,1129547303.50954,0
1776958200000,1.4316,1.4329,1.4306,1.4313,797643980.6,1776959099999,1142124389.04491,4284,335223575.5,480043014.72012,0
1776959100000,1.4313,1.4314,1.4291,1.4309,505692240.1,1776959999999,723208202.03511,4373,173225130.2,247718028.29200,0
1776960000000,1.4308,1.4319,1.4287,1.4287,1185624393.6,1776960899999,1696415583.69753,5981,346237123.9,495309739.48433,0
1776960900000,1.4291,1.4302,1.4286,1.4301,1130250276.3,1776961799999,1615708688.17578,5484,382573617.8,546650103.74720,0
1776961800000,1.4302,1.4316,1.4298,1.4308,735847989.4,1776962699999,1052930203.39890,4548,259255098.9,370975993.25444,0
1776962700000,1.4309,1.4317,1.4284,1.4302,1261790503.2,1776963599999,1805217070.62146,6710,612685906.1,876523027.19166,0
1776963600000,1.4301,1.4317,1.4254,1.4311,1038689820.3,1776964499999,1483919344.82171,4114,584769214.0,834932703.16222,0
1776964500000,1.4312,1.4347,1.4253,1.4338,1188471107.0,1776965399999,1699073117.16706,4559,719899802.5,1028455803.61612,0
1776965400000,1.4341,1.4347,1.4271,1.434,979052031.8,1776966299999,1402170533.21865,4168,397857469.3,569126415.48822,0
1776966300000,1.434,1.4345,1.4288,1.4344,1004986534.1,1776967199999,1439257693.41040,4238,462756724.7,662076279.48041,0
1776967200000,1.4344,1.4347,1.4324,1.4324,1025581303.0,1776968099999,1470541824.88249,4261,348158384.7,498953907.58649,0
1776968100000,1.4324,1.4391,1.4324,1.4351,689123847.9,1776968999999,989473952.98314,3510,387570357.3,556360150.08623,0
1776969000000,1.4351,1.436,1.4337,1.4351,183066707.2,1776969899999,262708484.69133,3510,55322491.6,79407071.09851,0
1776969900000,1.435,1.4379,1.4346,1.4355,1142805748.7,1776970799999,1641087645.21862,5678,715704976.2,1027672880.57620,0
1776970800000,1.4347,1.4379,1.4346,1.4362,1008025516.3,1776971699999,1447920358.33100,4997,539062643.7,774182802.41860,0
1776971700000,1.4362,1.4364,1.4287,1.4318,697788112.8,1776972599999,999371500.27813,4759,270673143.9,387384836.57926,0
1776972600000,1.4318,1.432,1.4268,1.4281,1211021391.8,1776973499999,1732105135.37203,5009,316002440.0,451820908.05804,0
1776973500000,1.4281,1.4318,1.428,1.4318,1366026730.1,1776974399999,1953672028.64751,6303,1163964210.6,1664476681.43233,0
1776974400000,1.4301,1.4338,1.4298,1.4312,736169165.1,1776975299999,1054199647.15892,3590,376331301.6,538833045.23539,0
1776975300000,1.4309,1.4315,1.4274,1.4311,1005868744.2,1776976199999,1438004322.59941,4655,474924262.1,678784896.43242,0
1776976200000,1.4311,1.4351,1.4297,1.4351,1014283419.3,1776977099999,1452011219.55280,4568,763116441.8,1092609043.12990,0
1776977100000,1.4351,1.4361,1.4316,1.432,512067240.5,1776977999999,734063789.63152,4844,55938633.4,80205750.14588,0
1776978000000,1.432,1.4335,1.4304,1.4309,624241084.4,1776978899999,893840131.89832,4375,237357914.9,339959073.33684,0
1776978900000,1.431,1.4323,1.4305,1.4321,950070007.1,1776979799999,1360052782.51356,5087,313164081.7,448246594.11702,0
1776979800000,1.4321,1.4353,1.432,1.4353,752770256.1,1776980699999,1078956551.12055,3497,509853316.7,730578024.48128,0
1776980700000,1.4351,1.437,1.4335,1.4335,1057651730.1,1776981599999,1517983693.07864,5910,748447154.9,1074439306.88695,0
1776981600000,1.4335,1.4354,1.433,1.4348,1059363073.0,1776982499999,1518987496.54025,5233,536540016.2,769345217.02446,0
1776982500000,1.4346,1.4371,1.433,1.4333,1258243289.3,1776983399999,1804850800.87831,5040,801022579.3,1148787278.80188,0
1776983400000,1.4333,1.4379,1.4332,1.4373,200057511.6,1776984299999,287479182.47002,3741,109991833.4,158059394.51728,0
1776984300000,1.4373,1.4385,1.4356,1.4356,851198301.0,1776985199999,1223696755.60219,5345,315059172.6,452965142.69469,0
1776985200000,1.4356,1.4361,1.4328,1.433,1081368549.0,1776986099999,1551284541.91092,6040,438335617.7,628536454.14152,0
1776986100000,1.433,1.4359,1.432,1.434,141063260.8,1776986999999,202219835.33163,2401,74014108.9,106079747.83063,0
1776987000000,1.4341,1.4368,1.4338,1.4346,1184574536.4,1776987899999,1700446729.18488,5803,816773468.9,1172129057.33232,0
1776987900000,1.4346,1.4386,1.4346,1.4367,614932272.5,1776988799999,883605513.53697,2319,442836210.8,636215864.85517,0
1776988800000,1.4368,1.4386,1.4367,1.4385,1113119378.8,1776989699999,1600298822.79374,4113,572635000.7,822938369.98348,0
1776989700000,1.4385,1.4393,1.4378,1.4382,442732713.8,1776990599999,636880360.71092,4297,255074812.9,366998625.08408,0
1776990600000,1.4382,1.4391,1.4382,1.4384,112762582.7,1776991499999,162240954.86253,2748,112747711.6,162219561.61786,0
1776991500000,1.4384,1.4396,1.4384,1.4395,120726534.8,1776992399999,173763176.22686,2731,120696714.9,173720260.94050,0
1776992400000,1.4395,1.4397,1.4353,1.439,1730315158.3,1776993299999,2487930538.53722,7341,836200522.6,1201762806.65360,0
1776993300000,1.4393,1.4393,1.4339,1.435,764914964.7,1776994199999,1097497376.61704,5061,454449686.0,651930392.73342,0
1776994200000,1.435,1.4362,1.4318,1.4357,872916701.0,1776995099999,1251787793.79561,4292,712470691.4,1021769431.39573,0
1776995100000,1.4356,1.4436,1.4354,1.4356,1157545365.8,1776995999999,1664987611.78365,4866,913718849.6,1313293575.51171,0
1776996000000,1.4356,1.444,1.4355,1.4408,1134237854.6,1776996899999,1635562165.59467,5614,471244047.8,678704897.46324,0
1776996900000,1.4408,1.444,1.439,1.4404,868283956.6,1776997799999,1250864496.79497,5508,501220448.2,722029798.96416,0
1776997800000,1.4404,1.4404,1.4375,1.4391,1005920970.5,1776998699999,1447462437.56209,5313,332804105.2,478715438.47546,0
1776998700000,1.4391,1.4392,1.4359,1.436,1129165158.7,1776999599999,1623800293.16983,4302,418718488.1,601941563.54843,0
1776999600000,1.436,1.4378,1.4359,1.4362,385744828.7,1777000499999,554123052.59757,3118,310063887.1,445402053.67796,0
1777000500000,1.4362,1.4362,1.4297,1.4314,1008194660.4,1777001399999,1444642455.01615,5970,341008741.9,488290510.03329,0
1777001400000,1.4316,1.4317,1.428,1.4283,875118469.5,1777002299999,1251064666.39886,4749,462257379.3,660481307.62348,0
1777002300000,1.4281,1.4316,1.4281,1.4301,1230591017.3,1777003199999,1758932374.77153,4742,762671432.4,1089735860.15583,0
1777003200000,1.43,1.4301,1.4292,1.4299,720079250.4,1777004099999,1029519418.26744,4193,122906188.2,175743246.22572,0
1777004100000,1.4298,1.4302,1.4268,1.4268,1306487938.4,1777004999999,1867156790.74799,6851,325138041.6,464590943.25068,0
1777005000000,1.4268,1.4302,1.4265,1.4276,572866168.4,1777005899999,818097433.41776,4341,307322761.6,438862871.78560,0
1777005900000,1.4276,1.4301,1.4275,1.4284,476688896.8,1777006799999,681113764.99492,4097,319376691.9,456249777.31148,0
1777006800000,1.4284,1.4285,1.4261,1.4262,347621780.1,1777007699999,496152738.53601,4099,44186166.8,63045166.06079,0
1777007700000,1.4261,1.4276,1.425,1.4262,1037395789.9,1777008599999,1479910184.26694,6292,244742100.0,349118977.55748,0
1777008600000,1.4261,1.4295,1.4261,1.4281,318265219.2,1777009499999,454464477.30541,3390,255270914.9,364484970.69112,0
1777009500000,1.4281,1.4325,1.4279,1.4322,1310125529.8,1777010399999,1873181124.05280,5392,894511777.4,1278409889.10832,0
1777010400000,1.4322,1.4325,1.4293,1.4307,937443453.8,1777011299999,1341122327.72200,4982,214756881.0,307190710.60195,0
1777011300000,1.4305,1.4308,1.4293,1.4306,783702641.6,1777012199999,1120957132.80402,4240,184635076.3,264048065.02814,0
1777012200000,1.4306,1.4309,1.4304,1.4306,475491001.9,1777013099999,680262168.22215,4393,321920799.4,460575369.22295,0
1777013100000,1.4306,1.4311,1.4296,1.43,699411439.7,1777013999999,1000599728.25799,4934,287374929.5,411103670.05684,0
1777014000000,1.4299,1.4312,1.4296,1.4303,1083057442.0,1777014899999,1549180617.72837,5469,660001159.5,943927293.92965,0
1777014900000,1.43,1.431,1.4282,1.4305,1110771654.0,1777015799999,1588040630.96419,5947,598979045.4,856210255.10363,0
1777015800000,1.4293,1.4306,1.428,1.4283,877381197.8,1777016699999,1253973725.08293,4653,590372252.7,843633065.24367,0
1777016700000,1.4282,1.4305,1.4281,1.4302,1185735966.6,1777017599999,1694912601.87972,5227,431376937.8,616426241.67602,0
1777017600000,1.4302,1.4311,1.4289,1.431,845038506.5,1777018499999,1208622674.06444,4867,362290681.3,518166222.33676,0
1777018500000,1.431,1.435,1.4306,1.4312,1312329610.7,1777019399999,1878918058.54031,6528,912035244.2,1305685103.42971,0
1777019400000,1.4312,1.435,1.4304,1.4304,768040093.7,1777020299999,1100229445.97413,3967,260439916.9,372890699.23562,0
1777020300000,1.4305,1.434,1.4304,1.4315,770362673.3,1777021199999,1103111486.27716,3892,458513971.7,656134870.96113,0
1777021200000,1.4304,1.4316,1.4281,1.4314,1164000931.2,1777022099999,1664753953.05042,5003,474254529.8,677805936.54382,0
1777022100000,1.4314,1.4315,1.4249,1.425,1331473158.1,1777022999999,1901573580.25136,5143,598622713.5,854614407.78861,0
1777023000000,1.425,1.4267,1.4247,1.4267,211091765.1,1777023899999,300818261.70797,2553,125846365.6,179357795.88347,0
1777023900000,1.4268,1.4268,1.4247,1.4249,573718095.4,1777024799999,817838902.91636,3777,334238909.2,476379006.55875,0
1777024800000,1.4249,1.4258,1.4245,1.4249,120531039.3,1777025699999,171742845.49921,3244,41363290.4,58948529.16973,0
1777025700000,1.4251,1.4287,1.4241,1.4268,844253840.5,1777026599999,1203561443.56085,5138,485028436.2,691376071.82335,0
1777026600000,1.4268,1.4287,1.4242,1.4254,825372847.1,1777027499999,1177313165.62286,3873,365850669.8,521654139.93293,0
1777027500000,1.4254,1.4315,1.4253,1.4281,1270092683.0,1777028399999,1813463322.71159,4597,649509808.3,927042490.91125,0
1777028400000,1.429,1.4319,1.4281,1.4302,687906559.5,1777029299999,984090840.50883,3587,515417164.8,737259976.83039,0
1777029300000,1.4302,1.4381,1.4295,1.4359,1330724529.2,1777030199999,1910592946.04043,5906,886749715.0,1272917681.64512,0
1777030200000,1.4353,1.438,1.4352,1.4353,695432138.4,1777031099999,998910542.96552,3021,544350542.8,781868081.68852,0
1777031100000,1.4353,1.439,1.4353,1.4371,444677118.9,1777031999999,639154960.50103,3829,310849447.5,446698840.00074,0
1777032000000,1.4372,1.4393,1.437,1.4392,971083108.7,1777032899999,1395994065.03366,5297,842116360.6,1210590810.45778,0
1777032900000,1.4392,1.4395,1.4351,1.4395,1291107129.7,1777033799999,1857117002.07802,6641,376912465.5,541867529.29943,0
1777033800000,1.4394,1.4395,1.4342,1.4352,690903812.9,1777034699999,992384269.20277,4803,285728191.6,410244870.21843,0
1777034700000,1.4353,1.4355,1.4323,1.4343,360250134.9,1777035599999,516760473.31891,3821,135118476.8,193827748.01400,0
1777035600000,1.4342,1.4396,1.4324,1.4347,1464315868.8,1777036499999,2101106446.67784,5768,538169498.4,772065805.95305,0
1777036500000,1.4346,1.4397,1.4324,1.4382,945745089.3,1777037399999,1357793105.69740,3658,419641741.7,602332195.68903,0
1777037400000,1.4383,1.4383,1.4357,1.4374,184387120.6,1777038299999,265078541.46694,2686,25034151.6,35979570.74789,0
